site_no,station_nm,y,x,name,agency_cd,site_tp_cd,lev_va,sl_lev_va,sl_datum_cd,lev_status_cd,lev_agency_cd,lev_dt_acy_cd,lev_acy_cd,lev_src_cd,lev_meth_cd,lev_age_cd,parameter_cd,lev_timestamp,federal,ObjectId
3.12207E+14,D-24-22 04CBA3 [PAL-US],31.3689111,-110.1192944,PAL-US,USGS,GW,14.9,null,null,1,null,m,2,null,O,A,72019,1/28/2008,no,2
3.12207E+14,D-24-22 04CBA3 [PAL-US],31.3689111,-110.1192944,PAL-US,USGS,GW,14.94,null,null,1,null,m,2,null,O,A,72019,2/22/2008,no,4
3.12207E+14,D-24-22 04CBA3 [PAL-US],31.3689111,-110.1192944,PAL-US,USGS,GW,14.91,null,null,1,null,m,2,null,O,A,72019,3/12/2008,no,6
3.12207E+14,D-24-22 04CBA3 [PAL-US],31.3689111,-110.1192944,PAL-US,USGS,GW,14.97,null,null,1,null,m,2,null,O,A,72019,4/22/2008,no,8
3.12207E+14,D-24-22 04CBA3 [PAL-US],31.3689111,-110.1192944,PAL-US,USGS,GW,14.68,null,null,1,null,m,2,null,O,A,72019,12/17/2008,no,10
3.12207E+14,D-24-22 04CBA3 [PAL-US],31.3689111,-110.1192944,PAL-US,USGS,GW,14.88,null,null,1,null,m,2,null,O,A,72019,3/26/2009,no,12
3.12207E+14,D-24-22 04CBA3 [PAL-US],31.3689111,-110.1192944,PAL-US,USGS,GW,16.56,null,null,1,null,m,2,null,O,A,72019,6/22/2009,no,14
3.12207E+14,D-24-22 04CBA3 [PAL-US],31.3689111,-110.1192944,PAL-US,USGS,GW,16.82,null,null,1,null,m,2,null,O,A,72019,7/31/2009,no,16
3.12207E+14,D-24-22 04CBA3 [PAL-US],31.3689111,-110.1192944,PAL-US,USGS,GW,16.7,null,null,1,null,m,2,null,O,A,72019,9/24/2009,no,18
3.12207E+14,D-24-22 04CBA3 [PAL-US],31.3689111,-110.1192944,PAL-US,USGS,GW,15.49,null,null,1,null,m,2,null,O,A,72019,1/26/2010,no,20
3.12207E+14,D-24-22 04CBA3 [PAL-US],31.3689111,-110.1192944,PAL-US,USGS,GW,15.18,null,null,1,null,m,2,null,O,A,72019,2/16/2010,no,22
3.12207E+14,D-24-22 04CBA3 [PAL-US],31.3689111,-110.1192944,PAL-US,USGS,GW,15.02,null,null,1,null,m,2,null,O,A,72019,3/15/2010,no,24
3.12207E+14,D-24-22 04CBA3 [PAL-US],31.3689111,-110.1192944,PAL-US,USGS,GW,17.26,null,null,1,null,m,2,null,O,A,72019,6/24/2010,no,26
3.12207E+14,D-24-22 04CBA3 [PAL-US],31.3689111,-110.1192944,PAL-US,USGS,GW,17.31,null,null,1,null,m,2,null,O,A,72019,7/15/2010,no,28
3.12207E+14,D-24-22 04CBA3 [PAL-US],31.3689111,-110.1192944,PAL-US,USGS,GW,14.95,null,null,1,null,m,2,null,O,A,72019,9/8/2010,no,30
3.12207E+14,D-24-22 04CBA3 [PAL-US],31.3689111,-110.1192944,PAL-US,USGS,GW,15.28,null,null,1,null,m,2,null,O,A,72019,11/30/2010,no,32
3.12207E+14,D-24-22 04CBA3 [PAL-US],31.3689111,-110.1192944,PAL-US,USGS,GW,14.93,null,null,1,null,m,2,null,O,A,72019,12/29/2010,no,34
3.12207E+14,D-24-22 04CBA3 [PAL-US],31.3689111,-110.1192944,PAL-US,USGS,GW,14.92,null,null,1,null,m,2,null,O,A,72019,1/20/2011,no,36
3.12207E+14,D-24-22 04CBA3 [PAL-US],31.3689111,-110.1192944,PAL-US,USGS,GW,17.06,null,null,1,USGS,m,2,S,V,A,72019,7/20/2011,no,37
3.12207E+14,D-24-22 04CBA3 [PAL-US],31.3689111,-110.1192944,PAL-US,USGS,GW,15.85,null,null,1,USGS,m,2,S,V,A,72019,7/28/2011,no,39
3.12207E+14,D-24-22 04CBA3 [PAL-US],31.3689111,-110.1192944,PAL-US,USGS,GW,16.18,null,null,1,USGS,m,2,S,V,A,72019,9/21/2011,no,40
3.12207E+14,D-24-22 04CBA3 [PAL-US],31.3689111,-110.1192944,PAL-US,USGS,GW,17.42,null,null,1,USGS,m,2,S,V,A,72019,7/9/2021,no,41
3.12207E+14,D-24-22 04CBA3 [PAL-US],31.3689111,-110.1192944,PAL-US,USGS,GW,16.34,null,null,1,USGS,m,2,S,V,A,72019,12/14/2021,no,42
3.12207E+14,D-24-22 04CBA3 [PAL-US],31.3689111,-110.1192944,PAL-US,USGS,GW,15.99,null,null,1,USGS,m,2,S,S,A,72019,2/2/2022,no,43
3.12207E+14,D-24-22 04CBA3 [PAL-US],31.3689111,-110.1192944,PAL-US,USGS,GW,15.81,null,null,1,USGS,m,2,S,V,A,72019,4/4/2022,no,44
3.12207E+14,D-24-22 04CBA3 [PAL-US],31.3689111,-110.1192944,PAL-US,USGS,GW,17.94,null,null,1,USGS,m,2,S,V,A,72019,6/27/2022,no,45
3.12207E+14,D-24-22 04CBA3 [PAL-US],31.3689111,-110.1192944,PAL-US,USGS,GW,14.6,null,null,1,USGS,m,2,S,V,A,72019,10/3/2022,no,46
3.12207E+14,D-24-22 04CBA3 [PAL-US],31.3689111,-110.1192944,PAL-US,USGS,GW,14.67,null,null,1,USGS,m,2,S,V,A,72019,1/24/2023,no,47
3.12207E+14,D-24-22 04CBA3 [PAL-US],31.3689111,-110.1192944,PAL-US,USGS,GW,14.93,null,null,1,USGS,m,2,S,S,A,72019,4/17/2023,no,48
3.12207E+14,D-24-22 04CBA3 [PAL-US],31.3689111,-110.1192944,PAL-US,USGS,GW,15.58,null,null,1,USGS,m,2,S,S,A,72019,5/18/2023,no,49
3.12207E+14,D-24-22 04CBA3 [PAL-US],31.3689111,-110.1192944,PAL-US,USGS,GW,17.15,null,null,1,USGS,m,2,S,S,A,72019,6/26/2023,no,50
3.12207E+14,D-24-22 04CBA3 [PAL-US],31.3689111,-110.1192944,PAL-US,USGS,GW,18.09,null,null,1,USGS,m,2,S,V,A,72019,11/1/2023,no,51
3.12207E+14,D-24-22 04CBA3 [PAL-US],31.3689111,-110.1192944,PAL-US,USGS,GW,17.04,null,null,1,USGS,m,U,S,V,A,72019,2/13/2024,no,52
3.12207E+14,D-24-22 04CBA3 [PAL-US],31.3689111,-110.1192944,PAL-US,USGS,GW,17.38,null,null,1,USGS,m,2,S,V,A,72019,4/18/2024,no,53
3.12207E+14,D-24-22 04CBA3 [PAL-US],31.3689111,-110.1192944,PAL-US,USGS,GW,17.61,null,null,1,USGS,m,2,S,V,A,72019,7/9/2024,no,54
3.12207E+14,D-24-22 04CBA3 [PAL-US],31.3689111,-110.1192944,PAL-US,USGS,GW,18.51,null,null,1,USGS,m,2,S,V,A,72019,10/29/2024,no,55
3.12207E+14,D-24-22 04CBA3 [PAL-US],31.3689111,-110.1192944,PAL-US,USGS,GW,17.34,null,null,1,USGS,m,2,S,S,P,72019,2/25/2025,no,56
3.12207E+14,D-24-22 04CBA4 [PAL-UD],31.36890556,-110.1192944,PAL-UD,USGS,GW,14.47,null,null,1,null,m,2,null,O,A,72019,9/25/2006,no,75
3.12207E+14,D-24-22 04CBA4 [PAL-UD],31.36890556,-110.1192944,PAL-UD,USGS,GW,14.86,null,null,1,null,m,2,null,O,A,72019,11/6/2006,no,76
3.12207E+14,D-24-22 04CBA4 [PAL-UD],31.36890556,-110.1192944,PAL-UD,USGS,GW,14.85,null,null,1,null,m,2,null,O,A,72019,12/12/2006,no,77
3.12207E+14,D-24-22 04CBA4 [PAL-UD],31.36890556,-110.1192944,PAL-UD,USGS,GW,14.85,null,null,1,null,m,2,null,O,A,72019,12/19/2006,no,78
3.12207E+14,D-24-22 04CBA4 [PAL-UD],31.36890556,-110.1192944,PAL-UD,USGS,GW,14.85,null,null,1,null,m,2,null,O,A,72019,1/23/2007,no,79
3.12207E+14,D-24-22 04CBA4 [PAL-UD],31.36890556,-110.1192944,PAL-UD,USGS,GW,14.83,null,null,1,null,m,2,null,O,A,72019,2/23/2007,no,80
3.12207E+14,D-24-22 04CBA4 [PAL-UD],31.36890556,-110.1192944,PAL-UD,USGS,GW,14.91,null,null,1,null,m,2,null,O,A,72019,3/21/2007,no,81
3.12207E+14,D-24-22 04CBA4 [PAL-UD],31.36890556,-110.1192944,PAL-UD,USGS,GW,15,null,null,1,null,m,2,null,O,A,72019,4/11/2007,no,82
3.12207E+14,D-24-22 04CBA4 [PAL-UD],31.36890556,-110.1192944,PAL-UD,USGS,GW,15.13,null,null,1,null,m,2,null,O,A,72019,5/10/2007,no,83
3.12207E+14,D-24-22 04CBA4 [PAL-UD],31.36890556,-110.1192944,PAL-UD,USGS,GW,16.01,null,null,1,null,m,2,null,O,A,72019,6/13/2007,no,84
3.12207E+14,D-24-22 04CBA4 [PAL-UD],31.36890556,-110.1192944,PAL-UD,USGS,GW,16.33,null,null,1,null,m,2,null,O,A,72019,7/18/2007,no,85
3.12207E+14,D-24-22 04CBA4 [PAL-UD],31.36890556,-110.1192944,PAL-UD,USGS,GW,13.02,null,null,1,null,m,2,null,O,A,72019,8/10/2007,no,86
3.12207E+14,D-24-22 04CBA4 [PAL-UD],31.36890556,-110.1192944,PAL-UD,USGS,GW,14.18,null,null,1,null,m,2,null,O,A,72019,9/10/2007,no,87
3.12207E+14,D-24-22 04CBA4 [PAL-UD],31.36890556,-110.1192944,PAL-UD,USGS,GW,15.31,null,null,1,null,m,2,null,O,A,72019,10/22/2007,no,88
3.12207E+14,D-24-22 04CBA4 [PAL-UD],31.36890556,-110.1192944,PAL-UD,USGS,GW,15.08,null,null,1,null,m,2,null,O,A,72019,11/14/2007,no,89
3.12207E+14,D-24-22 04CBA4 [PAL-UD],31.36890556,-110.1192944,PAL-UD,USGS,GW,14.88,null,null,1,null,m,2,null,O,A,72019,12/17/2007,no,90
3.12207E+14,D-24-22 04CBA4 [PAL-UD],31.36890556,-110.1192944,PAL-UD,USGS,GW,14.81,null,null,1,null,m,2,null,O,A,72019,1/28/2008,no,91
3.12207E+14,D-24-22 04CBA4 [PAL-UD],31.36890556,-110.1192944,PAL-UD,USGS,GW,14.85,null,null,1,null,m,2,null,O,A,72019,2/22/2008,no,92
3.12207E+14,D-24-22 04CBA4 [PAL-UD],31.36890556,-110.1192944,PAL-UD,USGS,GW,14.83,null,null,1,null,m,2,null,O,A,72019,3/12/2008,no,93
3.12207E+14,D-24-22 04CBA4 [PAL-UD],31.36890556,-110.1192944,PAL-UD,USGS,GW,14.88,null,null,1,null,m,2,null,O,A,72019,4/22/2008,no,94
3.12207E+14,D-24-22 04CBA4 [PAL-UD],31.36890556,-110.1192944,PAL-UD,USGS,GW,14.59,null,null,1,null,m,2,null,O,A,72019,12/17/2008,no,95
3.12207E+14,D-24-22 04CBA4 [PAL-UD],31.36890556,-110.1192944,PAL-UD,USGS,GW,14.78,null,null,1,null,m,2,null,O,A,72019,3/26/2009,no,96
3.12207E+14,D-24-22 04CBA4 [PAL-UD],31.36890556,-110.1192944,PAL-UD,USGS,GW,16.48,null,null,1,null,m,2,null,O,A,72019,6/22/2009,no,97
3.12207E+14,D-24-22 04CBA4 [PAL-UD],31.36890556,-110.1192944,PAL-UD,USGS,GW,16.73,null,null,1,null,m,2,null,O,A,72019,7/3/2009,no,98
3.12207E+14,D-24-22 04CBA4 [PAL-UD],31.36890556,-110.1192944,PAL-UD,USGS,GW,16.63,null,null,1,null,m,2,null,O,A,72019,9/24/2009,no,99
3.12207E+14,D-24-22 04CBA4 [PAL-UD],31.36890556,-110.1192944,PAL-UD,USGS,GW,15.41,null,null,1,null,m,2,null,O,A,72019,1/26/2010,no,100
3.12207E+14,D-24-22 04CBA4 [PAL-UD],31.36890556,-110.1192944,PAL-UD,USGS,GW,15.1,null,null,1,null,m,2,null,O,A,72019,2/16/2010,no,101
3.12207E+14,D-24-22 04CBA4 [PAL-UD],31.36890556,-110.1192944,PAL-UD,USGS,GW,14.57,null,null,1,null,m,2,null,O,A,72019,3/15/2010,no,102
3.12207E+14,D-24-22 04CBA4 [PAL-UD],31.36890556,-110.1192944,PAL-UD,USGS,GW,16.92,null,null,1,null,m,2,null,O,A,72019,6/24/2010,no,103
3.12207E+14,D-24-22 04CBA4 [PAL-UD],31.36890556,-110.1192944,PAL-UD,USGS,GW,17.23,null,null,1,null,m,2,null,O,A,72019,7/15/2010,no,104
3.12207E+14,D-24-22 04CBA4 [PAL-UD],31.36890556,-110.1192944,PAL-UD,USGS,GW,14.82,null,null,1,null,m,2,null,O,A,72019,9/8/2010,no,105
3.12207E+14,D-24-22 04CBA4 [PAL-UD],31.36890556,-110.1192944,PAL-UD,USGS,GW,15.18,null,null,1,null,m,2,null,O,A,72019,11/30/2010,no,106
3.12207E+14,D-24-22 04CBA4 [PAL-UD],31.36890556,-110.1192944,PAL-UD,USGS,GW,14.85,null,null,1,null,m,2,null,O,A,72019,12/29/2010,no,107
3.12207E+14,D-24-22 04CBA4 [PAL-UD],31.36890556,-110.1192944,PAL-UD,USGS,GW,14.8,null,null,1,null,m,2,null,O,A,72019,1/20/2011,no,108
3.12207E+14,D-24-22 04CBA4 [PAL-UD],31.36890556,-110.1192944,PAL-UD,USGS,GW,14.6,null,null,1,null,m,2,null,O,A,72019,3/15/2011,no,109
3.12207E+14,D-24-22 04CBA4 [PAL-UD],31.36890556,-110.1192944,PAL-UD,USGS,GW,16.96,null,null,1,USGS,m,2,S,V,A,72019,7/20/2011,no,110
3.12207E+14,D-24-22 04CBA4 [PAL-UD],31.36890556,-110.1192944,PAL-UD,USGS,GW,16.14,null,null,1,USGS,m,2,S,V,A,72019,9/21/2011,no,111
3.12207E+14,D-24-22 04CBA4 [PAL-UD],31.36890556,-110.1192944,PAL-UD,USGS,GW,15.3,null,null,1,USGS,m,2,S,V,A,72019,3/19/2012,no,112
3.12207E+14,D-24-22 04CBA4 [PAL-UD],31.36890556,-110.1192944,PAL-UD,USGS,GW,17.17,null,null,1,USGS,m,2,S,V,A,72019,6/18/2012,no,113
3.12127E+14,D-24-22 08DBA2 [PLS-LO],31.35772778,-110.126375,PLS-LO,USGS,GW,11.36,null,null,1,null,m,2,null,O,A,72019,7/15/2010,no,115
3.12207E+14,D-24-22 04CBA4 [PAL-UD],31.36890556,-110.1192944,PAL-UD,USGS,GW,17.16,null,null,1,USGS,m,2,S,V,A,72019,6/25/2014,no,117
3.12207E+14,D-24-22 04CBA4 [PAL-UD],31.36890556,-110.1192944,PAL-UD,USGS,GW,14.14,null,null,1,USGS,m,2,S,V,A,72019,9/11/2012,no,118
3.12207E+14,D-24-22 04CBA4 [PAL-UD],31.36890556,-110.1192944,PAL-UD,USGS,GW,16.69,null,null,1,USGS,m,2,S,V,A,72019,5/29/2013,no,120
3.12207E+14,D-24-22 04CBA4 [PAL-UD],31.36890556,-110.1192944,PAL-UD,USGS,GW,17.23,null,null,1,USGS,m,2,S,V,A,72019,7/1/2013,no,121
3.12207E+14,D-24-22 04CBA4 [PAL-UD],31.36890556,-110.1192944,PAL-UD,USGS,GW,15.76,null,null,1,USGS,m,2,S,V,A,72019,10/29/2013,no,122
3.12207E+14,D-24-22 04CBA4 [PAL-UD],31.36890556,-110.1192944,PAL-UD,USGS,GW,14.98,null,null,1,USGS,m,2,S,V,A,72019,1/7/2014,no,123
3.12207E+14,D-24-22 04CBA4 [PAL-UD],31.36890556,-110.1192944,PAL-UD,USGS,GW,15.32,null,null,1,USGS,m,2,S,V,A,72019,4/2/2014,no,124
3.12214E+14,D-24-22 04CBC1 [PALUWS],31.3707,-110.1221389,PALUWS,USGS,GW,17.33,null,null,1,USGS,m,2,S,T,A,72019,5/4/2007,no,126
3.12127E+14,D-24-22 08DBA1 [PLS-LI],31.3575222,-110.1260028,PLS-LI,USGS,GW,5.16,null,null,1,null,m,2,null,O,A,72019,1/26/2010,no,127
3.12207E+14,D-24-22 04CBA4 [PAL-UD],31.36890556,-110.1192944,PAL-UD,USGS,GW,14.44,null,null,1,USGS,m,2,S,V,A,72019,10/7/2014,no,129
3.12214E+14,D-24-22 04CBC1 [PALUWS],31.3707,-110.1221389,PALUWS,USGS,GW,17.4,null,null,1,null,m,2,null,O,A,72019,5/10/2007,no,131
3.12127E+14,D-24-22 08DBA2 [PLS-LO],31.35772778,-110.126375,PLS-LO,USGS,GW,8.72,null,null,1,null,m,2,null,O,A,72019,9/8/2010,no,136
3.12127E+14,D-24-22 08DBA1 [PLS-LI],31.3575222,-110.1260028,PLS-LI,USGS,GW,5.04,null,null,1,null,m,2,null,O,A,72019,2/16/2010,no,137
3.12207E+14,D-24-22 04CBA4 [PAL-UD],31.36890556,-110.1192944,PAL-UD,USGS,GW,14.74,null,null,1,USGS,m,2,S,V,A,72019,1/14/2015,no,138
3.12214E+14,D-24-22 04CBC1 [PALUWS],31.3707,-110.1221389,PALUWS,USGS,GW,17.68,null,null,1,null,m,2,null,O,A,72019,6/13/2007,no,140
3.12127E+14,D-24-22 08DBA2 [PLS-LO],31.35772778,-110.126375,PLS-LO,USGS,GW,8.82,null,null,1,null,m,2,null,O,A,72019,11/30/2010,no,145
3.12127E+14,D-24-22 08DBA1 [PLS-LI],31.3575222,-110.1260028,PLS-LI,USGS,GW,4.9,null,null,1,null,m,2,null,O,A,72019,3/15/2010,no,146
3.12207E+14,D-24-22 04CBA4 [PAL-UD],31.36890556,-110.1192944,PAL-UD,USGS,GW,14.9,null,null,1,USGS,m,2,S,V,A,72019,4/15/2015,no,147
3.12214E+14,D-24-22 04CBC1 [PALUWS],31.3707,-110.1221389,PALUWS,USGS,GW,17.97,null,null,1,null,m,2,null,O,A,72019,7/18/2007,no,149
3.12127E+14,D-24-22 08DBA2 [PLS-LO],31.35772778,-110.126375,PLS-LO,USGS,GW,8.76,null,null,1,null,m,2,null,O,A,72019,12/29/2010,no,154
3.12127E+14,D-24-22 08DBA1 [PLS-LI],31.3575222,-110.1260028,PLS-LI,USGS,GW,6.74,null,null,1,null,m,2,null,O,A,72019,6/24/2010,no,155
3.12207E+14,D-24-22 04CBA4 [PAL-UD],31.36890556,-110.1192944,PAL-UD,USGS,GW,16.22,null,null,1,USGS,m,2,S,V,A,72019,7/14/2015,no,156
3.12214E+14,D-24-22 04CBC1 [PALUWS],31.3707,-110.1221389,PALUWS,USGS,GW,17.61,null,null,1,null,m,2,null,O,A,72019,8/10/2007,no,158
3.12226E+14,D-24-22 04ADD [PAL-SA],31.3739361,-110.1064861,PAL-SA,USGS,GW,31.25,null,null,1,null,m,2,null,O,A,72019,10/2/2006,no,159
3.12226E+14,D-24-22 04ADD [PAL-SA],31.3739361,-110.1064861,PAL-SA,USGS,GW,31.75,null,null,1,null,m,2,null,O,A,72019,11/22/2006,no,160
3.12226E+14,D-24-22 04ADD [PAL-SA],31.3739361,-110.1064861,PAL-SA,USGS,GW,31.77,null,null,1,null,m,2,null,O,A,72019,12/19/2006,no,161
3.12226E+14,D-24-22 04ADD [PAL-SA],31.3739361,-110.1064861,PAL-SA,USGS,GW,31.84,null,null,1,null,m,2,null,V,A,72019,1/23/2007,no,162
3.12226E+14,D-24-22 04ADD [PAL-SA],31.3739361,-110.1064861,PAL-SA,USGS,GW,31.77,null,null,1,null,m,2,null,O,A,72019,1/23/2007,no,163
3.12226E+14,D-24-22 04ADD [PAL-SA],31.3739361,-110.1064861,PAL-SA,USGS,GW,31.77,null,null,1,null,m,2,null,O,A,72019,1/30/2007,no,164
3.12226E+14,D-24-22 04ADD [PAL-SA],31.3739361,-110.1064861,PAL-SA,USGS,GW,31.76,null,null,1,null,m,2,null,O,A,72019,2/23/2007,no,165
3.12226E+14,D-24-22 04ADD [PAL-SA],31.3739361,-110.1064861,PAL-SA,USGS,GW,31.79,null,null,1,null,m,2,null,O,A,72019,3/21/2007,no,166
3.12226E+14,D-24-22 04ADD [PAL-SA],31.3739361,-110.1064861,PAL-SA,USGS,GW,31.82,null,null,1,null,m,2,null,O,A,72019,4/11/2007,no,167
3.12226E+14,D-24-22 04ADD [PAL-SA],31.3739361,-110.1064861,PAL-SA,USGS,GW,31.96,null,null,1,null,m,2,null,O,A,72019,5/10/2007,no,168
3.12226E+14,D-24-22 04ADD [PAL-SA],31.3739361,-110.1064861,PAL-SA,USGS,GW,32.49,null,null,1,null,m,2,null,O,A,72019,6/13/2007,no,169
3.12226E+14,D-24-22 04ADD [PAL-SA],31.3739361,-110.1064861,PAL-SA,USGS,GW,33.08,null,null,1,null,m,2,null,O,A,72019,7/18/2007,no,170
3.12226E+14,D-24-22 04ADD [PAL-SA],31.3739361,-110.1064861,PAL-SA,USGS,GW,31.72,null,null,1,null,m,2,null,O,A,72019,8/16/2007,no,171
3.12226E+14,D-24-22 04ADD [PAL-SA],31.3739361,-110.1064861,PAL-SA,USGS,GW,31.95,null,null,1,null,m,2,null,O,A,72019,9/10/2007,no,172
3.12226E+14,D-24-22 04ADD [PAL-SA],31.3739361,-110.1064861,PAL-SA,USGS,GW,32.25,null,null,1,null,m,2,null,O,A,72019,10/22/2007,no,173
3.12226E+14,D-24-22 04ADD [PAL-SA],31.3739361,-110.1064861,PAL-SA,USGS,GW,32.45,null,null,1,null,m,2,null,O,A,72019,11/14/2007,no,174
3.12226E+14,D-24-22 04ADD [PAL-SA],31.3739361,-110.1064861,PAL-SA,USGS,GW,32.2,null,null,1,null,m,2,null,O,A,72019,12/17/2007,no,175
3.12226E+14,D-24-22 04ADD [PAL-SA],31.3739361,-110.1064861,PAL-SA,USGS,GW,32.01,null,null,1,null,m,2,null,O,A,72019,1/28/2008,no,176
3.12226E+14,D-24-22 04ADD [PAL-SA],31.3739361,-110.1064861,PAL-SA,USGS,GW,31.97,null,null,1,null,m,2,null,O,A,72019,2/22/2008,no,177
3.12226E+14,D-24-22 04ADD [PAL-SA],31.3739361,-110.1064861,PAL-SA,USGS,GW,31.89,null,null,1,null,m,2,null,O,A,72019,3/12/2008,no,178
3.12226E+14,D-24-22 04ADD [PAL-SA],31.3739361,-110.1064861,PAL-SA,USGS,GW,31.93,null,null,1,null,m,2,null,O,A,72019,4/22/2008,no,179
3.12226E+14,D-24-22 04ADD [PAL-SA],31.3739361,-110.1064861,PAL-SA,USGS,GW,32.82,null,null,1,null,m,2,null,O,A,72019,7/31/2009,no,180
3.12226E+14,D-24-22 04ADD [PAL-SA],31.3739361,-110.1064861,PAL-SA,USGS,GW,33.28,null,null,1,null,m,2,null,O,A,72019,9/24/2009,no,181
3.12226E+14,D-24-22 04ADD [PAL-SA],31.3739361,-110.1064861,PAL-SA,USGS,GW,33.13,null,null,1,null,m,2,null,O,A,72019,1/26/2010,no,182
3.12226E+14,D-24-22 04ADD [PAL-SA],31.3739361,-110.1064861,PAL-SA,USGS,GW,32.91,null,null,1,null,m,2,null,O,A,72019,2/16/2010,no,183
3.12226E+14,D-24-22 04ADD [PAL-SA],31.3739361,-110.1064861,PAL-SA,USGS,GW,32.63,null,null,1,null,m,2,null,O,A,72019,3/15/2010,no,184
3.12226E+14,D-24-22 04ADD [PAL-SA],31.3739361,-110.1064861,PAL-SA,USGS,GW,33.19,null,null,1,null,m,2,null,O,A,72019,6/24/2010,no,185
3.12226E+14,D-24-22 04ADD [PAL-SA],31.3739361,-110.1064861,PAL-SA,USGS,GW,33.51,null,null,1,null,m,2,null,O,A,72019,7/15/2010,no,186
3.12226E+14,D-24-22 04ADD [PAL-SA],31.3739361,-110.1064861,PAL-SA,USGS,GW,32.66,null,null,1,null,m,2,null,O,A,72019,11/30/2010,no,187
3.12226E+14,D-24-22 04ADD [PAL-SA],31.3739361,-110.1064861,PAL-SA,USGS,GW,32.42,null,null,1,null,m,2,null,O,A,72019,12/29/2010,no,188
3.12226E+14,D-24-22 04ADD [PAL-SA],31.3739361,-110.1064861,PAL-SA,USGS,GW,33.44,null,null,1,USGS,m,2,S,V,A,72019,7/29/2011,no,189
3.12226E+14,D-24-22 04ADD [PAL-SA],31.3739361,-110.1064861,PAL-SA,USGS,GW,32.87,null,null,1,USGS,m,2,S,V,A,72019,9/21/2011,no,190
3.12226E+14,D-24-22 04ADD [PAL-SA],31.3739361,-110.1064861,PAL-SA,USGS,GW,32.92,null,null,1,USGS,m,2,S,V,A,72019,3/19/2012,no,191
3.12226E+14,D-24-22 04ADD [PAL-SA],31.3739361,-110.1064861,PAL-SA,USGS,GW,33.55,null,null,1,USGS,m,2,S,V,A,72019,6/18/2012,no,192
3.12226E+14,D-24-22 04ADD [PAL-SA],31.3739361,-110.1064861,PAL-SA,USGS,GW,32.95,null,null,1,USGS,m,2,S,V,A,72019,9/11/2012,no,193
3.12226E+14,D-24-22 04ADD [PAL-SA],31.3739361,-110.1064861,PAL-SA,USGS,GW,33.05,null,null,1,USGS,m,2,S,V,A,72019,5/29/2013,no,194
3.12226E+14,D-24-22 04ADD [PAL-SA],31.3739361,-110.1064861,PAL-SA,USGS,GW,33.58,null,null,1,USGS,m,2,S,V,A,72019,7/1/2013,no,195
3.12226E+14,D-24-22 04ADD [PAL-SA],31.3739361,-110.1064861,PAL-SA,USGS,GW,32.34,null,null,1,USGS,m,2,S,V,A,72019,10/29/2013,no,196
3.12226E+14,D-24-22 04ADD [PAL-SA],31.3739361,-110.1064861,PAL-SA,USGS,GW,32.16,null,null,1,USGS,m,2,S,V,A,72019,1/7/2014,no,197
3.12226E+14,D-24-22 04ADD [PAL-SA],31.3739361,-110.1064861,PAL-SA,USGS,GW,32.04,null,null,1,USGS,m,2,S,V,A,72019,4/2/2014,no,198
3.12226E+14,D-24-22 04ADD [PAL-SA],31.3739361,-110.1064861,PAL-SA,USGS,GW,33.21,null,null,1,USGS,m,2,S,V,A,72019,6/25/2014,no,199
3.12226E+14,D-24-22 04ADD [PAL-SA],31.3739361,-110.1064861,PAL-SA,USGS,GW,30.66,null,null,1,USGS,m,2,S,V,A,72019,10/7/2014,no,200
3.12226E+14,D-24-22 04ADD [PAL-SA],31.3739361,-110.1064861,PAL-SA,USGS,GW,31.46,null,null,1,USGS,m,2,S,V,A,72019,1/14/2015,no,201
3.12226E+14,D-24-22 04ADD [PAL-SA],31.3739361,-110.1064861,PAL-SA,USGS,GW,31.61,null,null,1,USGS,m,2,S,V,A,72019,4/15/2015,no,202
3.12226E+14,D-24-22 04ADD [PAL-SA],31.3739361,-110.1064861,PAL-SA,USGS,GW,32.74,null,null,1,USGS,m,2,S,V,A,72019,7/14/2015,no,203
3.12226E+14,D-24-22 04ADD [PAL-SA],31.3739361,-110.1064861,PAL-SA,USGS,GW,32.16,null,null,1,USGS,m,2,S,V,A,72019,10/7/2015,no,204
3.12226E+14,D-24-22 04ADD [PAL-SA],31.3739361,-110.1064861,PAL-SA,USGS,GW,31.85,null,null,1,USGS,m,2,S,V,A,72019,1/20/2016,no,205
3.12226E+14,D-24-22 04ADD [PAL-SA],31.3739361,-110.1064861,PAL-SA,USGS,GW,32.01,null,null,1,USGS,m,2,S,V,A,72019,4/19/2016,no,206
3.12226E+14,D-24-22 04ADD [PAL-SA],31.3739361,-110.1064861,PAL-SA,USGS,GW,32.98,null,null,1,USGS,m,2,S,V,A,72019,6/27/2016,no,207
3.12226E+14,D-24-22 04ADD [PAL-SA],31.3739361,-110.1064861,PAL-SA,USGS,GW,33.15,null,null,1,USGS,m,2,S,V,A,72019,10/19/2016,no,208
3.12226E+14,D-24-22 04ADD [PAL-SA],31.3739361,-110.1064861,PAL-SA,USGS,GW,32.98,null,null,1,USGS,m,2,S,V,A,72019,1/18/2017,no,209
3.12226E+14,D-24-22 04ADD [PAL-SA],31.3739361,-110.1064861,PAL-SA,USGS,GW,32.78,null,null,1,USGS,m,2,S,V,A,72019,4/25/2017,no,210
3.12226E+14,D-24-22 04ADD [PAL-SA],31.3739361,-110.1064861,PAL-SA,USGS,GW,33.62,null,null,1,USGS,m,2,S,V,A,72019,6/28/2017,no,211
3.12226E+14,D-24-22 04ADD [PAL-SA],31.3739361,-110.1064861,PAL-SA,USGS,GW,33.22,null,null,1,USGS,m,2,S,V,A,72019,10/17/2017,no,212
3.12226E+14,D-24-22 04ADD [PAL-SA],31.3739361,-110.1064861,PAL-SA,USGS,GW,33.34,null,null,1,USGS,m,2,S,V,A,72019,1/10/2018,no,213
3.12226E+14,D-24-22 04ADD [PAL-SA],31.3739361,-110.1064861,PAL-SA,USGS,GW,33.17,null,null,1,USGS,m,2,S,V,A,72019,4/17/2018,no,214
3.12226E+14,D-24-22 04ADD [PAL-SA],31.3739361,-110.1064861,PAL-SA,USGS,GW,33.9,null,null,1,USGS,m,2,S,V,A,72019,6/21/2018,no,215
3.12226E+14,D-24-22 04ADD [PAL-SA],31.3739361,-110.1064861,PAL-SA,USGS,GW,33.67,null,null,1,USGS,m,2,S,V,A,72019,10/25/2018,no,216
3.12226E+14,D-24-22 04ADD [PAL-SA],31.3739361,-110.1064861,PAL-SA,USGS,GW,33.07,null,null,1,USGS,m,2,S,V,A,72019,2/6/2019,no,217
3.12226E+14,D-24-22 04ADD [PAL-SA],31.3739361,-110.1064861,PAL-SA,USGS,GW,32.63,null,null,1,USGS,m,2,S,V,A,72019,4/17/2019,no,218
3.12226E+14,D-24-22 04ADD [PAL-SA],31.3739361,-110.1064861,PAL-SA,USGS,GW,33.34,null,null,1,USGS,m,2,S,V,A,72019,6/26/2019,no,219
3.12226E+14,D-24-22 04ADD [PAL-SA],31.3739361,-110.1064861,PAL-SA,USGS,GW,33.73,null,null,1,USGS,m,2,S,V,A,72019,10/23/2019,no,220
3.12226E+14,D-24-22 04ADD [PAL-SA],31.3739361,-110.1064861,PAL-SA,USGS,GW,32,null,null,1,USGS,m,2,S,V,A,72019,1/8/2020,no,221
3.12226E+14,D-24-22 04ADD [PAL-SA],31.3739361,-110.1064861,PAL-SA,USGS,GW,31.58,null,null,1,USGS,m,2,S,V,A,72019,4/7/2020,no,222
3.12226E+14,D-24-22 04ADD [PAL-SA],31.3739361,-110.1064861,PAL-SA,USGS,GW,32.74,null,null,1,USGS,m,2,S,V,A,72019,6/24/2020,no,223
3.12226E+14,D-24-22 04ADD [PAL-SA],31.3739361,-110.1064861,PAL-SA,USGS,GW,33.8,null,null,1,USGS,m,2,S,V,A,72019,10/6/2020,no,224
3.12226E+14,D-24-22 04ADD [PAL-SA],31.3739361,-110.1064861,PAL-SA,USGS,GW,33.71,null,null,1,USGS,m,2,S,V,A,72019,2/9/2021,no,225
3.12226E+14,D-24-22 04ADD [PAL-SA],31.3739361,-110.1064861,PAL-SA,USGS,GW,33.46,null,null,1,USGS,m,2,S,V,A,72019,4/7/2021,no,226
3.12226E+14,D-24-22 04ADD [PAL-SA],31.3739361,-110.1064861,PAL-SA,USGS,GW,34.4,null,null,1,USGS,m,2,S,V,A,72019,6/28/2021,no,227
3.12226E+14,D-24-22 04ADD [PAL-SA],31.3739361,-110.1064861,PAL-SA,USGS,GW,32.63,null,null,1,USGS,m,2,S,V,A,72019,10/19/2021,no,228
3.12226E+14,D-24-22 04ADD [PAL-SA],31.3739361,-110.1064861,PAL-SA,USGS,GW,32.92,null,null,1,USGS,m,2,S,V,A,72019,2/1/2022,no,229
3.12226E+14,D-24-22 04ADD [PAL-SA],31.3739361,-110.1064861,PAL-SA,USGS,GW,32.79,null,null,1,USGS,m,2,S,V,A,72019,4/4/2022,no,230
3.12226E+14,D-24-22 04ADD [PAL-SA],31.3739361,-110.1064861,PAL-SA,USGS,GW,33.96,null,null,1,USGS,m,2,S,V,A,72019,6/27/2022,no,231
3.12226E+14,D-24-22 04ADD [PAL-SA],31.3739361,-110.1064861,PAL-SA,USGS,GW,31.36,null,null,1,USGS,m,2,S,V,A,72019,10/3/2022,no,232
3.12226E+14,D-24-22 04ADD [PAL-SA],31.3739361,-110.1064861,PAL-SA,USGS,GW,31.05,null,null,1,USGS,m,2,S,V,A,72019,1/24/2023,no,233
3.12226E+14,D-24-22 04ADD [PAL-SA],31.3739361,-110.1064861,PAL-SA,USGS,GW,31.15,null,null,1,USGS,m,2,S,V,A,72019,4/17/2023,no,234
3.12226E+14,D-24-22 04ADD [PAL-SA],31.3739361,-110.1064861,PAL-SA,USGS,GW,31.38,null,null,1,USGS,m,2,S,V,A,72019,5/4/2023,no,235
3.12226E+14,D-24-22 04ADD [PAL-SA],31.3739361,-110.1064861,PAL-SA,USGS,GW,31.46,null,null,1,USGS,m,2,S,V,A,72019,5/5/2023,no,236
3.12226E+14,D-24-22 04ADD [PAL-SA],31.3739361,-110.1064861,PAL-SA,USGS,GW,32.64,null,null,1,USGS,m,2,S,V,A,72019,6/26/2023,no,237
3.12226E+14,D-24-22 04ADD [PAL-SA],31.3739361,-110.1064861,PAL-SA,USGS,GW,34.07,null,null,1,USGS,m,2,S,V,A,72019,11/1/2023,no,238
3.12226E+14,D-24-22 04ADD [PAL-SA],31.3739361,-110.1064861,PAL-SA,USGS,GW,33.88,null,null,1,USGS,m,2,S,V,A,72019,2/13/2024,no,239
3.12226E+14,D-24-22 04ADD [PAL-SA],31.3739361,-110.1064861,PAL-SA,USGS,GW,33.76,null,null,1,USGS,m,2,S,V,A,72019,4/18/2024,no,240
3.12226E+14,D-24-22 04ADD [PAL-SA],31.3739361,-110.1064861,PAL-SA,USGS,GW,34.44,null,null,1,USGS,m,2,S,V,A,72019,7/9/2024,no,241
3.12226E+14,D-24-22 04ADD [PAL-SA],31.3739361,-110.1064861,PAL-SA,USGS,GW,34.55,null,null,1,USGS,m,2,S,V,A,72019,10/28/2024,no,242
3.12226E+14,D-24-22 04ADD [PAL-SA],31.3739361,-110.1064861,PAL-SA,USGS,GW,34.24,null,null,1,USGS,m,2,S,V,P,72019,2/25/2025,no,243
3.12214E+14,D-24-22 04CBC2 [PALUWD],31.37070278,-110.1221194,PALUWD,USGS,GW,17.1,null,null,1,USGS,m,2,S,T,A,72019,2/21/2006,no,256
3.12207E+14,D-24-22 04CBA4 [PAL-UD],31.36890556,-110.1192944,PAL-UD,USGS,GW,15.14,null,null,1,USGS,m,2,S,V,A,72019,10/7/2015,no,258
3.12127E+14,D-24-22 08DBA2 [PLS-LO],31.35772778,-110.126375,PLS-LO,USGS,GW,8.76,null,null,1,null,m,2,null,O,A,72019,1/20/2011,no,260
3.12127E+14,D-24-22 08DBA2 [PLS-LO],31.35772778,-110.126375,PLS-LO,USGS,GW,10.69,null,null,1,USGS,m,2,S,V,A,72019,7/20/2011,no,261
3.12127E+14,D-24-22 08DBA2 [PLS-LO],31.35772778,-110.126375,PLS-LO,USGS,GW,10.21,null,null,1,USGS,m,2,S,V,A,72019,9/21/2011,no,263
3.12127E+14,D-24-22 08DBA1 [PLS-LI],31.3575222,-110.1260028,PLS-LI,USGS,GW,7.12,null,null,1,null,m,2,null,O,A,72019,7/15/2010,no,264
3.12207E+14,D-24-22 04CBA4 [PAL-UD],31.36890556,-110.1192944,PAL-UD,USGS,GW,14.93,null,null,1,USGS,m,2,S,V,A,72019,1/15/2016,no,268
3.12214E+14,D-24-22 04CBC2 [PALUWD],31.37070278,-110.1221194,PALUWD,USGS,GW,17.65,null,null,1,USGS,m,2,S,T,A,72019,6/14/2006,no,269
3.12207E+14,D-24-22 04CBA4 [PAL-UD],31.36890556,-110.1192944,PAL-UD,USGS,GW,15.16,null,null,1,USGS,m,2,S,V,A,72019,4/19/2016,no,270
3.12214E+14,D-24-22 04CBC1 [PALUWS],31.3707,-110.1221389,PALUWS,USGS,GW,17.62,null,null,1,null,m,2,null,O,A,72019,9/10/2007,no,271
3.12214E+14,D-24-22 04CBC2 [PALUWD],31.37070278,-110.1221194,PALUWD,USGS,GW,16.77,null,null,1,null,m,2,null,O,A,72019,9/25/2006,no,273
3.12127E+14,D-24-22 08DBA1 [PLS-LI],31.3575222,-110.1260028,PLS-LI,USGS,GW,4.54,null,null,1,null,m,2,null,O,A,72019,9/8/2010,no,274
3.12207E+14,D-24-22 04CBA4 [PAL-UD],31.36890556,-110.1192944,PAL-UD,USGS,GW,16.86,null,null,1,USGS,m,2,S,V,A,72019,6/27/2016,no,275
3.12127E+14,D-24-22 08DBA2 [PLS-LO],31.35772778,-110.126375,PLS-LO,USGS,GW,8.97,null,null,1,USGS,m,2,S,V,A,72019,3/19/2012,no,276
3.12214E+14,D-24-22 04CBC1 [PALUWS],31.3707,-110.1221389,PALUWS,USGS,GW,17.58,null,null,1,USGS,m,2,S,T,A,72019,10/6/2007,no,277
3.12207E+14,D-24-22 04CBA4 [PAL-UD],31.36890556,-110.1192944,PAL-UD,USGS,GW,16.57,null,null,1,USGS,m,2,S,V,A,72019,10/19/2016,no,280
3.12214E+14,D-24-22 04CBC2 [PALUWD],31.37070278,-110.1221194,PALUWD,USGS,GW,16.72,null,null,1,null,m,2,null,O,A,72019,11/6/2006,no,281
3.12127E+14,D-24-22 08DBA1 [PLS-LI],31.3575222,-110.1260028,PLS-LI,USGS,GW,4.64,null,null,1,null,m,2,null,O,A,72019,11/30/2010,no,282
3.12214E+14,D-24-22 04CBC1 [PALUWS],31.3707,-110.1221389,PALUWS,USGS,GW,17.68,null,null,1,null,m,2,null,O,A,72019,10/22/2007,no,283
3.12207E+14,D-24-22 04CBA4 [PAL-UD],31.36890556,-110.1192944,PAL-UD,USGS,GW,15.33,null,null,1,USGS,m,2,S,V,A,72019,1/18/2017,no,285
3.12127E+14,D-24-22 08DBA2 [PLS-LO],31.35772778,-110.126375,PLS-LO,USGS,GW,11.2,null,null,1,USGS,m,2,S,V,A,72019,6/18/2012,no,286
3.12214E+14,D-24-22 04CBC2 [PALUWD],31.37070278,-110.1221194,PALUWD,USGS,GW,16.66,null,null,1,USGS,m,2,S,T,A,72019,12/7/2006,no,288
3.12214E+14,D-24-22 04CBC1 [PALUWS],31.3707,-110.1221389,PALUWS,USGS,GW,17.67,null,null,1,USGS,m,2,S,T,A,72019,11/6/2007,no,290
3.12207E+14,D-24-22 04CBA4 [PAL-UD],31.36890556,-110.1192944,PAL-UD,USGS,GW,16.09,null,null,1,USGS,m,2,S,V,A,72019,4/25/2017,no,291
3.12127E+14,D-24-22 08DBA1 [PLS-LI],31.3575222,-110.1260028,PLS-LI,USGS,GW,4.56,null,null,1,null,m,2,null,O,A,72019,1/20/2011,no,293
3.12214E+14,D-24-22 04CBC2 [PALUWD],31.37070278,-110.1221194,PALUWD,USGS,GW,16.67,null,null,1,null,m,2,null,O,A,72019,12/12/2006,no,294
3.12127E+14,D-24-22 08DBA2 [PLS-LO],31.35772778,-110.126375,PLS-LO,USGS,GW,8.18,null,null,1,USGS,m,2,S,V,A,72019,9/11/2012,no,296
3.12214E+14,D-24-22 04CBC1 [PALUWS],31.3707,-110.1221389,PALUWS,USGS,GW,17.7,null,null,1,null,m,2,null,O,A,72019,11/14/2007,no,297
3.12207E+14,D-24-22 04CBA4 [PAL-UD],31.36890556,-110.1192944,PAL-UD,USGS,GW,17.3,null,null,1,USGS,m,2,S,V,A,72019,6/28/2017,no,298
3.12214E+14,D-24-22 04CBC2 [PALUWD],31.37070278,-110.1221194,PALUWD,USGS,GW,16.67,null,null,1,null,m,2,null,O,A,72019,12/19/2006,no,300
3.12127E+14,D-24-22 08DBA2 [PLS-LO],31.35772778,-110.126375,PLS-LO,USGS,GW,10.66,null,null,1,USGS,m,2,S,V,A,72019,5/29/2013,no,301
3.12214E+14,D-24-22 04CBC1 [PALUWS],31.3707,-110.1221389,PALUWS,USGS,GW,17.62,null,null,1,null,m,2,null,O,A,72019,12/17/2007,no,303
3.12127E+14,D-24-22 08DBA1 [PLS-LI],31.3575222,-110.1260028,PLS-LI,USGS,GW,6.51,null,null,1,USGS,m,2,S,V,A,72019,7/20/2011,no,304
3.12127E+14,D-24-22 08DBA2 [PLS-LO],31.35772778,-110.126375,PLS-LO,USGS,GW,11.44,null,null,1,USGS,m,2,S,V,A,72019,7/1/2013,no,306
3.12214E+14,D-24-22 04CBC1 [PALUWS],31.3707,-110.1221389,PALUWS,USGS,GW,17.53,null,null,1,null,m,2,null,O,A,72019,1/28/2008,no,307
3.12207E+14,D-24-22 04CBA4 [PAL-UD],31.36890556,-110.1192944,PAL-UD,USGS,GW,16.83,null,null,1,USGS,m,2,S,V,A,72019,10/17/2017,no,308
3.12127E+14,D-24-22 08DBA1 [PLS-LI],31.3575222,-110.1260028,PLS-LI,USGS,GW,6.04,null,null,1,USGS,m,2,S,V,A,72019,9/21/2011,no,309
3.12214E+14,D-24-22 04CBC2 [PALUWD],31.37070278,-110.1221194,PALUWD,USGS,GW,16.66,null,null,1,null,m,2,null,O,A,72019,1/23/2007,no,311
3.12127E+14,D-24-22 08DBA2 [PLS-LO],31.35772778,-110.126375,PLS-LO,USGS,GW,10.04,null,null,1,USGS,m,2,S,V,A,72019,10/29/2013,no,314
3.12214E+14,D-24-22 04CBC1 [PALUWS],31.3707,-110.1221389,PALUWS,USGS,GW,17.48,null,null,1,USGS,m,2,S,T,A,72019,2/20/2008,no,316
3.12207E+14,D-24-22 04CBA4 [PAL-UD],31.36890556,-110.1192944,PAL-UD,USGS,GW,16.3,null,null,1,USGS,m,2,S,V,A,72019,1/10/2018,no,317
3.12127E+14,D-24-22 08DBA1 [PLS-LI],31.3575222,-110.1260028,PLS-LI,USGS,GW,4.69,null,null,1,USGS,m,2,S,V,A,72019,3/19/2012,no,318
3.12214E+14,D-24-22 04CBC2 [PALUWD],31.37070278,-110.1221194,PALUWD,USGS,GW,16.62,null,null,1,null,m,2,null,O,A,72019,2/23/2007,no,319
3.12214E+14,D-24-22 04CBC2 [PALUWD],31.37070278,-110.1221194,PALUWD,USGS,GW,16.66,null,null,1,null,m,2,null,O,A,72019,3/21/2007,no,321
3.12127E+14,D-24-22 08DBA1 [PLS-LI],31.3575222,-110.1260028,PLS-LI,USGS,GW,7,null,null,1,USGS,m,2,S,V,A,72019,6/18/2012,no,323
3.12214E+14,D-24-22 04CBC1 [PALUWS],31.3707,-110.1221389,PALUWS,USGS,GW,17.5,null,null,1,null,m,2,null,O,A,72019,2/22/2008,no,325
3.12207E+14,D-24-22 04CBA4 [PAL-UD],31.36890556,-110.1192944,PAL-UD,USGS,GW,16.54,null,null,1,USGS,m,2,S,V,A,72019,4/17/2018,no,326
3.12127E+14,D-24-22 08DBA2 [PLS-LO],31.35772778,-110.126375,PLS-LO,USGS,GW,8.71,null,null,1,USGS,m,2,S,V,A,72019,1/7/2014,no,328
3.12214E+14,D-24-22 04CBC2 [PALUWD],31.37070278,-110.1221194,PALUWD,USGS,GW,16.69,null,null,1,null,m,2,null,O,A,72019,4/11/2007,no,329
3.12208E+14,D-24-22 04CBA2 [PAL-LD],31.36905833,-110.1187861,PAL-LD,USGS,GW,5.44,null,null,1,null,m,2,null,O,A,72019,9/25/2006,no,331
3.12127E+14,D-24-22 08DBA1 [PLS-LI],31.3575222,-110.1260028,PLS-LI,USGS,GW,3.87,null,null,1,USGS,m,2,S,V,A,72019,9/11/2012,no,332
3.12208E+14,D-24-22 04CBA2 [PAL-LD],31.36905833,-110.1187861,PAL-LD,USGS,GW,5.79,null,null,1,null,m,2,null,O,A,72019,11/6/2006,no,333
3.12214E+14,D-24-22 04CBC1 [PALUWS],31.3707,-110.1221389,PALUWS,USGS,GW,17.45,null,null,1,null,m,2,null,O,A,72019,3/12/2008,no,334
3.12207E+14,D-24-22 04CBA4 [PAL-UD],31.36890556,-110.1192944,PAL-UD,USGS,GW,17.58,null,null,1,USGS,m,2,S,V,A,72019,6/21/2018,no,335
3.12127E+14,D-24-22 08DBA2 [PLS-LO],31.35772778,-110.126375,PLS-LO,USGS,GW,9.19,null,null,1,USGS,m,2,S,V,A,72019,4/2/2014,no,338
3.12208E+14,D-24-22 04CBA2 [PAL-LD],31.36905833,-110.1187861,PAL-LD,USGS,GW,5.79,null,null,1,null,m,2,null,O,A,72019,12/12/2006,no,339
3.12207E+14,D-24-22 04CBA4 [PAL-UD],31.36890556,-110.1192944,PAL-UD,USGS,GW,15.79,null,null,1,USGS,m,2,S,V,A,72019,10/25/2018,no,340
3.12214E+14,D-24-22 04CBC1 [PALUWS],31.3707,-110.1221389,PALUWS,USGS,GW,17.45,null,null,1,null,m,2,null,O,A,72019,4/22/2008,no,341
3.12127E+14,D-24-22 08DBA1 [PLS-LI],31.3575222,-110.1260028,PLS-LI,USGS,GW,6.46,null,null,1,USGS,m,2,S,V,A,72019,5/29/2013,no,344
3.12214E+14,D-24-22 04CBC2 [PALUWD],31.37070278,-110.1221194,PALUWD,USGS,GW,16.67,null,null,1,USGS,m,2,S,T,A,72019,5/4/2007,no,345
3.12127E+14,D-24-22 08DBA2 [PLS-LO],31.35772778,-110.126375,PLS-LO,USGS,GW,11.37,null,null,1,USGS,m,2,S,V,A,72019,6/25/2014,no,346
3.12208E+14,D-24-22 04CBA2 [PAL-LD],31.36905833,-110.1187861,PAL-LD,USGS,GW,5.76,null,null,1,null,m,2,null,O,A,72019,12/19/2006,no,347
3.12207E+14,D-24-22 04CBA4 [PAL-UD],31.36890556,-110.1192944,PAL-UD,USGS,GW,15.32,null,null,1,USGS,m,2,S,V,A,72019,2/6/2019,no,349
3.12214E+14,D-24-22 04CBC1 [PALUWS],31.3707,-110.1221389,PALUWS,USGS,GW,17.75,null,null,1,USGS,m,2,S,T,A,72019,6/12/2008,no,350
3.12214E+14,D-24-22 04CBC2 [PALUWD],31.37070278,-110.1221194,PALUWD,USGS,GW,16.71,null,null,1,null,m,2,null,O,A,72019,5/10/2007,no,352
3.12127E+14,D-24-22 08DBA1 [PLS-LI],31.3575222,-110.1260028,PLS-LI,USGS,GW,7.21,null,null,1,USGS,m,2,S,V,A,72019,7/1/2013,no,353
3.12127E+14,D-24-22 08DBA2 [PLS-LO],31.35772778,-110.126375,PLS-LO,USGS,GW,8.26,null,null,1,USGS,m,2,S,V,A,72019,10/7/2014,no,354
3.12208E+14,D-24-22 04CBA2 [PAL-LD],31.36905833,-110.1187861,PAL-LD,USGS,GW,5.79,null,null,1,null,m,2,null,O,A,72019,1/23/2007,no,355
3.12207E+14,D-24-22 04CBA4 [PAL-UD],31.36890556,-110.1192944,PAL-UD,USGS,GW,15.08,null,null,1,USGS,m,2,S,V,A,72019,4/17/2019,no,357
3.12214E+14,D-24-22 04CBC1 [PALUWS],31.3707,-110.1221389,PALUWS,USGS,GW,17.58,null,null,1,USGS,m,2,S,T,A,72019,8/20/2008,no,358
3.12214E+14,D-24-22 04CBC2 [PALUWD],31.37070278,-110.1221194,PALUWD,USGS,GW,17.03,null,null,1,null,m,2,null,O,A,72019,6/13/2007,no,360
3.12127E+14,D-24-22 08DBA1 [PLS-LI],31.3575222,-110.1260028,PLS-LI,USGS,GW,5.83,null,null,1,USGS,m,2,S,V,A,72019,10/29/2013,no,361
3.12127E+14,D-24-22 08DBA2 [PLS-LO],31.35772778,-110.126375,PLS-LO,USGS,GW,8.75,null,null,1,USGS,m,2,S,V,A,72019,1/14/2015,no,362
3.12208E+14,D-24-22 04CBA2 [PAL-LD],31.36905833,-110.1187861,PAL-LD,USGS,GW,5.78,null,null,1,null,m,2,null,O,A,72019,2/23/2007,no,363
3.12207E+14,D-24-22 04CBA4 [PAL-UD],31.36890556,-110.1192944,PAL-UD,USGS,GW,17.12,null,null,1,USGS,m,2,S,V,A,72019,6/26/2019,no,365
3.12214E+14,D-24-22 04CBC1 [PALUWS],31.3707,-110.1221389,PALUWS,USGS,GW,17.43,null,null,1,USGS,m,2,S,T,A,72019,11/19/2008,no,366
3.12214E+14,D-24-22 04CBC2 [PALUWD],31.37070278,-110.1221194,PALUWD,USGS,GW,17.33,null,null,1,null,m,2,null,O,A,72019,7/18/2007,no,368
3.12127E+14,D-24-22 08DBA2 [PLS-LO],31.35772778,-110.126375,PLS-LO,USGS,GW,8.85,null,null,1,USGS,m,2,S,V,A,72019,4/15/2015,no,369
3.12127E+14,D-24-22 08DBA1 [PLS-LI],31.3575222,-110.1260028,PLS-LI,USGS,GW,4.4,null,null,1,USGS,m,2,S,V,A,72019,1/7/2014,no,370
3.12214E+14,D-24-22 04CBC2 [PALUWD],31.37070278,-110.1221194,PALUWD,USGS,GW,16.7,null,null,1,null,m,2,null,O,A,72019,8/10/2007,no,373
3.12207E+14,D-24-22 04CBA4 [PAL-UD],31.36890556,-110.1192944,PAL-UD,USGS,GW,16.91,null,null,1,USGS,m,2,S,V,A,72019,10/23/2019,no,374
3.12208E+14,D-24-22 04CBA2 [PAL-LD],31.36905833,-110.1187861,PAL-LD,USGS,GW,5.86,null,null,1,null,m,2,null,O,A,72019,3/21/2007,no,375
3.12214E+14,D-24-22 04CBC1 [PALUWS],31.3707,-110.1221389,PALUWS,USGS,GW,17.33,null,null,1,USGS,m,2,S,T,A,72019,2/25/2009,no,376
3.12127E+14,D-24-22 08DBA1 [PLS-LI],31.3575222,-110.1260028,PLS-LI,USGS,GW,5.03,null,null,1,USGS,m,2,S,V,A,72019,4/2/2014,no,377
3.12207E+14,D-24-22 04CBA4 [PAL-UD],31.36890556,-110.1192944,PAL-UD,USGS,GW,14.59,null,null,1,USGS,m,2,S,V,A,72019,1/8/2020,no,379
3.12127E+14,D-24-22 08DBA2 [PLS-LO],31.35772778,-110.126375,PLS-LO,USGS,GW,10.05,null,null,1,USGS,m,2,S,V,A,72019,7/14/2015,no,380
3.12214E+14,D-24-22 04CBC1 [PALUWS],31.3707,-110.1221389,PALUWS,USGS,GW,17.76,null,null,1,USGS,m,2,S,T,A,72019,6/11/2009,no,382
3.12208E+14,D-24-22 04CBA2 [PAL-LD],31.36905833,-110.1187861,PAL-LD,USGS,GW,5.94,null,null,1,null,m,2,null,O,A,72019,4/11/2007,no,383
3.12127E+14,D-24-22 08DBA1 [PLS-LI],31.3575222,-110.1260028,PLS-LI,USGS,GW,7.16,null,null,1,USGS,m,2,S,V,A,72019,6/25/2014,no,384
3.12214E+14,D-24-22 04CBC2 [PALUWD],31.37070278,-110.1221194,PALUWD,USGS,GW,16.81,null,null,1,null,m,2,null,O,A,72019,9/10/2007,no,385
3.12207E+14,D-24-22 04CBA4 [PAL-UD],31.36890556,-110.1192944,PAL-UD,USGS,GW,14.77,null,null,1,USGS,m,2,S,V,A,72019,4/7/2020,no,387
3.12127E+14,D-24-22 08DBA2 [PLS-LO],31.35772778,-110.126375,PLS-LO,USGS,GW,9.14,null,null,1,USGS,m,2,S,V,A,72019,10/7/2015,no,388
3.12214E+14,D-24-22 04CBC1 [PALUWS],31.3707,-110.1221389,PALUWS,USGS,GW,17.9,null,null,1,null,m,2,null,O,A,72019,6/22/2009,no,390
3.12208E+14,D-24-22 04CBA2 [PAL-LD],31.36905833,-110.1187861,PAL-LD,USGS,GW,6.08,null,null,1,null,m,2,null,O,A,72019,5/10/2007,no,391
3.12127E+14,D-24-22 08DBA1 [PLS-LI],31.3575222,-110.1260028,PLS-LI,USGS,GW,4.16,null,null,1,USGS,m,2,S,V,A,72019,10/7/2014,no,392
3.12214E+14,D-24-22 04CBC2 [PALUWD],31.37070278,-110.1221194,PALUWD,USGS,GW,16.86,null,null,1,USGS,m,2,S,T,A,72019,10/6/2007,no,393
3.12207E+14,D-24-22 04CBA4 [PAL-UD],31.36890556,-110.1192944,PAL-UD,USGS,GW,16.9,null,null,1,USGS,m,2,S,V,A,72019,6/24/2020,no,395
3.12127E+14,D-24-22 08DBA2 [PLS-LO],31.35772778,-110.126375,PLS-LO,USGS,GW,9.03,null,null,1,USGS,m,2,S,V,A,72019,1/15/2016,no,396
3.12214E+14,D-24-22 04CBC1 [PALUWS],31.3707,-110.1221389,PALUWS,USGS,GW,18.29,null,null,1,USGS,m,2,S,T,A,72019,9/4/2009,no,398
3.12208E+14,D-24-22 04CBA2 [PAL-LD],31.36905833,-110.1187861,PAL-LD,USGS,GW,6.96,null,null,1,null,m,2,null,O,A,72019,6/13/2007,no,399
3.12127E+14,D-24-22 08DBA1 [PLS-LI],31.3575222,-110.1260028,PLS-LI,USGS,GW,4.45,null,null,1,USGS,m,2,S,V,A,72019,1/14/2015,no,400
3.12214E+14,D-24-22 04CBC2 [PALUWD],31.37070278,-110.1221194,PALUWD,USGS,GW,16.98,null,null,1,null,m,2,null,O,A,72019,10/22/2007,no,401
3.12207E+14,D-24-22 04CBA4 [PAL-UD],31.36890556,-110.1192944,PAL-UD,USGS,GW,17.5,null,null,1,USGS,m,2,S,V,A,72019,10/6/2020,no,403
3.12207E+14,D-24-22 04CBA4 [PAL-UD],31.36890556,-110.1192944,PAL-UD,USGS,GW,16.62,null,null,1,USGS,m,2,S,V,A,72019,2/10/2021,no,404
3.12207E+14,D-24-22 04CBA4 [PAL-UD],31.36890556,-110.1192944,PAL-UD,USGS,GW,16.73,null,null,1,USGS,m,2,S,V,A,72019,4/7/2021,no,405
3.12207E+14,D-24-22 04CBA4 [PAL-UD],31.36890556,-110.1192944,PAL-UD,USGS,GW,18.29,null,null,1,USGS,m,2,S,V,A,72019,6/28/2021,no,406
3.12207E+14,D-24-22 04CBA4 [PAL-UD],31.36890556,-110.1192944,PAL-UD,USGS,GW,16.08,null,null,1,USGS,m,2,S,V,A,72019,10/19/2021,no,407
3.12207E+14,D-24-22 04CBA4 [PAL-UD],31.36890556,-110.1192944,PAL-UD,USGS,GW,15.83,null,null,1,USGS,m,2,S,V,A,72019,2/1/2022,no,408
3.12207E+14,D-24-22 04CBA4 [PAL-UD],31.36890556,-110.1192944,PAL-UD,USGS,GW,15.84,null,null,1,USGS,m,2,S,V,A,72019,4/4/2022,no,409
3.12207E+14,D-24-22 04CBA4 [PAL-UD],31.36890556,-110.1192944,PAL-UD,USGS,GW,17.78,null,null,1,USGS,m,2,S,V,A,72019,6/27/2022,no,410
3.12207E+14,D-24-22 04CBA4 [PAL-UD],31.36890556,-110.1192944,PAL-UD,USGS,GW,14.64,null,null,1,USGS,m,2,S,V,A,72019,10/3/2022,no,411
3.12207E+14,D-24-22 04CBA4 [PAL-UD],31.36890556,-110.1192944,PAL-UD,USGS,GW,14.52,null,null,1,USGS,m,2,S,V,A,72019,1/24/2023,no,412
3.12207E+14,D-24-22 04CBA4 [PAL-UD],31.36890556,-110.1192944,PAL-UD,USGS,GW,14.74,null,null,1,USGS,m,2,S,V,A,72019,4/17/2023,no,413
3.12207E+14,D-24-22 04CBA4 [PAL-UD],31.36890556,-110.1192944,PAL-UD,USGS,GW,15.38,null,null,1,USGS,m,2,S,V,A,72019,5/18/2023,no,414
3.12207E+14,D-24-22 04CBA4 [PAL-UD],31.36890556,-110.1192944,PAL-UD,USGS,GW,16.83,null,null,1,USGS,m,2,S,S,A,72019,6/26/2023,no,415
3.12207E+14,D-24-22 04CBA4 [PAL-UD],31.36890556,-110.1192944,PAL-UD,USGS,GW,17.91,null,null,1,USGS,m,2,S,V,A,72019,11/1/2023,no,416
3.12207E+14,D-24-22 04CBA4 [PAL-UD],31.36890556,-110.1192944,PAL-UD,USGS,GW,16.88,null,null,1,USGS,m,2,S,V,A,72019,2/13/2024,no,417
3.12207E+14,D-24-22 04CBA4 [PAL-UD],31.36890556,-110.1192944,PAL-UD,USGS,GW,17.15,null,null,1,USGS,m,2,S,V,A,72019,4/18/2024,no,418
3.12207E+14,D-24-22 04CBA4 [PAL-UD],31.36890556,-110.1192944,PAL-UD,USGS,GW,17.38,null,null,1,USGS,m,2,S,V,A,72019,7/9/2024,no,419
3.12207E+14,D-24-22 04CBA4 [PAL-UD],31.36890556,-110.1192944,PAL-UD,USGS,GW,18.32,null,null,1,USGS,m,2,S,V,P,72019,10/29/2024,no,420
3.12207E+14,D-24-22 04CBA4 [PAL-UD],31.36890556,-110.1192944,PAL-UD,USGS,GW,17.18,null,null,1,USGS,m,2,S,V,P,72019,2/25/2025,no,421
3.12208E+14,D-24-22 04CBA1 [PAL-LS],31.36905556,-110.1187806,PAL-LS,USGS,GW,7.34,null,null,1,USGS,m,2,S,V,A,72019,7/20/2011,no,453
3.12208E+14,D-24-22 04CBA1 [PAL-LS],31.36905556,-110.1187806,PAL-LS,USGS,GW,6.88,null,null,1,USGS,m,2,S,V,A,72019,7/28/2011,no,454
3.12208E+14,D-24-22 04CBA1 [PAL-LS],31.36905556,-110.1187806,PAL-LS,USGS,GW,6.13,null,null,1,USGS,m,2,S,V,A,72019,9/21/2011,no,455
3.12208E+14,D-24-22 04CBA1 [PAL-LS],31.36905556,-110.1187806,PAL-LS,USGS,GW,4.84,null,null,1,USGS,m,2,S,S,A,72019,1/15/2016,no,456
3.12208E+14,D-24-22 04CBA1 [PAL-LS],31.36905556,-110.1187806,PAL-LS,USGS,GW,7.82,null,null,1,USGS,m,2,S,V,A,72019,7/9/2021,no,457
3.12208E+14,D-24-22 04CBA1 [PAL-LS],31.36905556,-110.1187806,PAL-LS,USGS,GW,6.65,null,null,1,USGS,m,2,S,V,A,72019,4/4/2022,no,458
3.12208E+14,D-24-22 04CBA1 [PAL-LS],31.36905556,-110.1187806,PAL-LS,USGS,GW,9.22,null,null,1,USGS,m,2,S,V,A,72019,6/27/2022,no,459
3.12208E+14,D-24-22 04CBA1 [PAL-LS],31.36905556,-110.1187806,PAL-LS,USGS,GW,5.69,null,null,1,USGS,m,2,S,V,A,72019,10/3/2022,no,460
3.12208E+14,D-24-22 04CBA1 [PAL-LS],31.36905556,-110.1187806,PAL-LS,USGS,GW,5.74,null,null,1,USGS,m,2,S,S,A,72019,4/17/2023,no,461
3.12208E+14,D-24-22 04CBA1 [PAL-LS],31.36905556,-110.1187806,PAL-LS,USGS,GW,6.4,null,null,1,USGS,m,2,S,S,A,72019,5/18/2023,no,462
3.12208E+14,D-24-22 04CBA1 [PAL-LS],31.36905556,-110.1187806,PAL-LS,USGS,GW,7.91,null,null,1,USGS,m,2,S,S,A,72019,6/26/2023,no,463
3.12208E+14,D-24-22 04CBA1 [PAL-LS],31.36905556,-110.1187806,PAL-LS,USGS,GW,8.91,null,null,1,USGS,m,2,S,S,A,72019,11/1/2023,no,464
3.12208E+14,D-24-22 04CBA1 [PAL-LS],31.36905556,-110.1187806,PAL-LS,USGS,GW,7.83,null,null,1,USGS,m,2,S,V,A,72019,2/13/2024,no,465
3.12208E+14,D-24-22 04CBA1 [PAL-LS],31.36905556,-110.1187806,PAL-LS,USGS,GW,8.2,null,null,1,USGS,m,2,S,V,A,72019,4/18/2024,no,466
3.12208E+14,D-24-22 04CBA1 [PAL-LS],31.36905556,-110.1187806,PAL-LS,USGS,GW,8.43,null,null,1,USGS,m,2,S,V,A,72019,7/9/2024,no,467
3.12208E+14,D-24-22 04CBA1 [PAL-LS],31.36905556,-110.1187806,PAL-LS,USGS,GW,9.32,null,null,1,USGS,m,2,S,V,A,72019,10/29/2024,no,468
3.12208E+14,D-24-22 04CBA1 [PAL-LS],31.36905556,-110.1187806,PAL-LS,USGS,GW,8.13,null,null,1,USGS,m,2,S,V,P,72019,2/25/2025,no,469
3.12208E+14,D-24-22 04CBA2 [PAL-LD],31.36905833,-110.1187861,PAL-LD,USGS,GW,7.59,null,null,1,null,m,2,null,O,A,72019,6/28/2007,no,478
3.12127E+14,D-24-22 08DBA2 [PLS-LO],31.35772778,-110.126375,PLS-LO,USGS,GW,9.22,null,null,1,USGS,m,2,S,V,A,72019,4/19/2016,no,480
3.12127E+14,D-24-22 08DBA1 [PLS-LI],31.3575222,-110.1260028,PLS-LI,USGS,GW,4.56,null,null,1,USGS,m,2,S,V,A,72019,4/15/2015,no,481
3.12214E+14,D-24-22 04CBC2 [PALUWD],31.37070278,-110.1221194,PALUWD,USGS,GW,16.95,null,null,1,USGS,m,2,S,T,A,72019,11/6/2007,no,482
3.12208E+14,D-24-22 04CBA2 [PAL-LD],31.36905833,-110.1187861,PAL-LD,USGS,GW,7.27,null,null,1,null,m,2,null,O,A,72019,7/18/2007,no,484
3.12127E+14,D-24-22 08DBA1 [PLS-LI],31.3575222,-110.1260028,PLS-LI,USGS,GW,5.87,null,null,1,USGS,m,2,S,V,A,72019,7/14/2015,no,485
3.12214E+14,D-24-22 04CBC2 [PALUWD],31.37070278,-110.1221194,PALUWD,USGS,GW,16.96,null,null,1,null,m,2,null,O,A,72019,11/14/2007,no,486
3.12127E+14,D-24-22 08DBA2 [PLS-LO],31.35772778,-110.126375,PLS-LO,USGS,GW,10.99,null,null,1,USGS,m,2,S,V,A,72019,6/27/2016,no,487
3.12208E+14,D-24-22 04CBA2 [PAL-LD],31.36905833,-110.1187861,PAL-LD,USGS,GW,4.04,null,null,1,null,m,2,null,O,A,72019,8/10/2007,no,490
3.12214E+14,D-24-22 04CBC1 [PALUWS],31.3707,-110.1221389,PALUWS,USGS,GW,18.56,null,null,1,USGS,m,2,S,T,A,72019,11/19/2009,no,491
3.12127E+14,D-24-22 08DBA2 [PLS-LO],31.35772778,-110.126375,PLS-LO,USGS,GW,10.89,null,null,1,USGS,m,2,S,V,A,72019,10/19/2016,no,492
3.12127E+14,D-24-22 08DBA1 [PLS-LI],31.3575222,-110.1260028,PLS-LI,USGS,GW,4.95,null,null,1,USGS,m,2,S,V,A,72019,10/7/2015,no,493
3.12127E+14,D-24-22 08DBA2 [PLS-LO],31.35772778,-110.126375,PLS-LO,USGS,GW,9.14,null,null,1,USGS,m,2,S,V,A,72019,1/18/2017,no,495
3.12214E+14,D-24-22 04CBC1 [PALUWS],31.3707,-110.1221389,PALUWS,USGS,GW,18.15,null,null,1,USGS,m,2,S,T,A,72019,3/17/2010,no,497
3.12208E+14,D-24-22 04CBA2 [PAL-LD],31.36905833,-110.1187861,PAL-LD,USGS,GW,4.9,null,null,1,null,m,2,null,O,A,72019,9/10/2007,no,498
3.12127E+14,D-24-22 08DBA1 [PLS-LI],31.3575222,-110.1260028,PLS-LI,USGS,GW,4.85,null,null,1,USGS,m,2,S,V,A,72019,1/15/2016,no,499
3.12214E+14,D-24-22 04CBC2 [PALUWD],31.37070278,-110.1221194,PALUWD,USGS,GW,16.86,null,null,1,null,m,2,null,O,A,72019,12/17/2007,no,500
3.12127E+14,D-24-22 08DBA2 [PLS-LO],31.35772778,-110.126375,PLS-LO,USGS,GW,9.92,null,null,1,USGS,m,2,S,V,A,72019,4/25/2017,no,502
3.12214E+14,D-24-22 04CBC1 [PALUWS],31.3707,-110.1221389,PALUWS,USGS,GW,18.01,null,null,1,USGS,m,2,S,T,A,72019,5/13/2010,no,504
3.12208E+14,D-24-22 04CBA2 [PAL-LD],31.36905833,-110.1187861,PAL-LD,USGS,GW,6.22,null,null,1,null,m,2,null,O,A,72019,10/22/2007,no,505
3.12127E+14,D-24-22 08DBA1 [PLS-LI],31.3575222,-110.1260028,PLS-LI,USGS,GW,5.04,null,null,1,USGS,m,2,S,V,A,72019,4/19/2016,no,506
3.12214E+14,D-24-22 04CBC2 [PALUWD],31.37070278,-110.1221194,PALUWD,USGS,GW,16.77,null,null,1,null,m,2,null,O,A,72019,1/28/2008,no,507
3.12127E+14,D-24-22 08DBA2 [PLS-LO],31.35772778,-110.126375,PLS-LO,USGS,GW,11.63,null,null,1,USGS,m,2,S,V,A,72019,6/28/2017,no,509
3.12214E+14,D-24-22 04CBC1 [PALUWS],31.3707,-110.1221389,PALUWS,USGS,GW,17.27,null,null,1,USGS,m,2,S,T,A,72019,9/1/2010,no,511
3.12208E+14,D-24-22 04CBA2 [PAL-LD],31.36905833,-110.1187861,PAL-LD,USGS,GW,5.97,null,null,1,null,m,2,null,O,A,72019,11/14/2007,no,512
3.12127E+14,D-24-22 08DBA1 [PLS-LI],31.3575222,-110.1260028,PLS-LI,USGS,GW,6.8,null,null,1,USGS,m,2,S,V,A,72019,6/27/2016,no,513
3.12214E+14,D-24-22 04CBC2 [PALUWD],31.37070278,-110.1221194,PALUWD,USGS,GW,16.75,null,null,1,USGS,m,2,S,T,A,72019,2/20/2008,no,514
3.12127E+14,D-24-22 08DBA2 [PLS-LO],31.35772778,-110.126375,PLS-LO,USGS,GW,11.35,null,null,1,USGS,m,2,S,V,A,72019,10/17/2017,no,516
3.12208E+14,D-24-22 04CBA2 [PAL-LD],31.36905833,-110.1187861,PAL-LD,USGS,GW,5.79,null,null,1,null,m,2,null,O,A,72019,12/17/2007,no,590
3.12208E+14,D-24-22 04CBA2 [PAL-LD],31.36905833,-110.1187861,PAL-LD,USGS,GW,5.71,null,null,1,null,m,2,null,O,A,72019,1/28/2008,no,592
3.12208E+14,D-24-22 04CBA2 [PAL-LD],31.36905833,-110.1187861,PAL-LD,USGS,GW,5.77,null,null,1,null,m,2,null,O,A,72019,2/22/2008,no,593
3.12208E+14,D-24-22 04CBA2 [PAL-LD],31.36905833,-110.1187861,PAL-LD,USGS,GW,5.74,null,null,1,null,m,2,null,O,A,72019,3/12/2008,no,595
3.12214E+14,D-24-22 04CBC2 [PALUWD],31.37070278,-110.1221194,PALUWD,USGS,GW,16.76,null,null,1,null,m,2,null,O,A,72019,2/22/2008,no,597
3.12208E+14,D-24-22 04CBA2 [PAL-LD],31.36905833,-110.1187861,PAL-LD,USGS,GW,5.79,null,null,1,null,m,2,null,O,A,72019,4/22/2008,no,598
3.12127E+14,D-24-22 08DBA2 [PLS-LO],31.35772778,-110.126375,PLS-LO,USGS,GW,11.33,null,null,1,USGS,m,2,S,V,A,72019,1/10/2018,no,599
3.12214E+14,D-24-22 04CBC1 [PALUWS],31.3707,-110.1221389,PALUWS,USGS,GW,18.11,null,null,1,USGS,m,2,S,T,A,72019,11/23/2010,no,600
3.12214E+14,D-24-22 04CBC2 [PALUWD],31.37070278,-110.1221194,PALUWD,USGS,GW,16.71,null,null,1,null,m,2,null,O,A,72019,3/12/2008,no,601
3.12208E+14,D-24-22 04CBA2 [PAL-LD],31.36905833,-110.1187861,PAL-LD,USGS,GW,3.6,null,null,1,null,m,2,null,O,A,72019,12/17/2008,no,603
3.12208E+14,D-24-22 04CBA2 [PAL-LD],31.36905833,-110.1187861,PAL-LD,USGS,GW,5.04,null,null,1,null,m,2,null,O,A,72019,5/21/2009,no,605
3.12127E+14,D-24-22 08DBA1 [PLS-LI],31.3575222,-110.1260028,PLS-LI,USGS,GW,6.7,null,null,1,USGS,m,2,S,V,A,72019,10/19/2016,no,606
3.12127E+14,D-24-22 08DBA2 [PLS-LO],31.35772778,-110.126375,PLS-LO,USGS,GW,11.16,null,null,1,USGS,m,2,S,V,A,72019,4/17/2018,no,607
3.12208E+14,D-24-22 04CBA2 [PAL-LD],31.36905833,-110.1187861,PAL-LD,USGS,GW,5.43,null,null,1,null,m,2,null,O,A,72019,6/22/2009,no,608
3.12214E+14,D-24-22 04CBC1 [PALUWS],31.3707,-110.1221389,PALUWS,USGS,GW,18.43,null,null,1,USGS,m,2,S,V,A,72019,7/20/2011,no,609
3.12127E+14,D-24-22 08DBA1 [PLS-LI],31.3575222,-110.1260028,PLS-LI,USGS,GW,4.83,null,null,1,USGS,m,2,S,V,A,72019,1/18/2017,no,611
3.12214E+14,D-24-22 04CBC2 [PALUWD],31.37070278,-110.1221194,PALUWD,USGS,GW,16.74,null,null,1,null,m,2,null,O,A,72019,4/22/2008,no,612
3.12127E+14,D-24-22 08DBA2 [PLS-LO],31.35772778,-110.126375,PLS-LO,USGS,GW,12.13,null,null,1,USGS,m,2,S,V,A,72019,6/21/2018,no,613
3.12208E+14,D-24-22 04CBA2 [PAL-LD],31.36905833,-110.1187861,PAL-LD,USGS,GW,7.88,null,null,1,USGS,m,2,S,V,A,72019,7/20/2011,no,614
3.12214E+14,D-24-22 04CBC1 [PALUWS],31.3707,-110.1221389,PALUWS,USGS,GW,18.41,null,null,1,USGS,m,2,S,V,A,72019,7/27/2011,no,615
3.12127E+14,D-24-22 08DBA1 [PLS-LI],31.3575222,-110.1260028,PLS-LI,USGS,GW,5.75,null,null,1,USGS,m,2,S,V,A,72019,4/25/2017,no,617
3.12214E+14,D-24-22 04CBC2 [PALUWD],31.37070278,-110.1221194,PALUWD,USGS,GW,17.1,null,null,1,USGS,m,2,S,T,A,72019,6/12/2008,no,618
3.12127E+14,D-24-22 08DBA2 [PLS-LO],31.35772778,-110.126375,PLS-LO,USGS,GW,10.02,null,null,1,USGS,m,2,S,V,A,72019,10/25/2018,no,619
3.12208E+14,D-24-22 04CBA2 [PAL-LD],31.36905833,-110.1187861,PAL-LD,USGS,GW,6.97,null,null,1,USGS,m,2,S,V,A,72019,9/21/2011,no,620
3.12214E+14,D-24-22 04CBC1 [PALUWS],31.3707,-110.1221389,PALUWS,USGS,GW,18.39,null,null,1,USGS,m,2,S,V,A,72019,9/21/2011,no,621
3.12039E+14,D-24-22 17BDC [PAL-05],31.3446111,-110.1343056,PAL-05,USGS,GW,18.44,null,null,1,USGS,m,2,S,V,A,72019,8/24/2011,yes,622
3.12127E+14,D-24-22 08DBA1 [PLS-LI],31.3575222,-110.1260028,PLS-LI,USGS,GW,7.4,null,null,1,USGS,m,2,S,V,A,72019,6/28/2017,no,623
3.12214E+14,D-24-22 04CBC2 [PALUWD],31.37070278,-110.1221194,PALUWD,USGS,GW,16.74,null,null,1,USGS,m,2,S,T,A,72019,8/20/2008,no,624
3.12127E+14,D-24-22 08DBA2 [PLS-LO],31.35772778,-110.126375,PLS-LO,USGS,GW,9.23,null,null,1,USGS,m,2,S,V,A,72019,2/6/2019,no,625
3.12208E+14,D-24-22 04CBA2 [PAL-LD],31.36905833,-110.1187861,PAL-LD,USGS,GW,6.23,null,null,1,USGS,m,2,S,V,A,72019,3/19/2012,no,626
3.12214E+14,D-24-22 04CBC1 [PALUWS],31.3707,-110.1221389,PALUWS,USGS,GW,18.37,null,null,1,USGS,m,2,S,V,A,72019,3/19/2012,no,627
3.12039E+14,D-24-22 17BDC [PAL-05],31.3446111,-110.1343056,PAL-05,USGS,GW,18.88,null,null,1,USGS,m,2,S,V,A,72019,9/21/2011,yes,628
3.12127E+14,D-24-22 08DBA1 [PLS-LI],31.3575222,-110.1260028,PLS-LI,USGS,GW,7.13,null,null,1,USGS,m,2,S,V,A,72019,10/17/2017,no,629
3.12214E+14,D-24-22 04CBC2 [PALUWD],31.37070278,-110.1221194,PALUWD,USGS,GW,16.7,null,null,1,USGS,m,2,S,T,A,72019,11/19/2008,no,630
3.12208E+14,D-24-22 04CBA2 [PAL-LD],31.36905833,-110.1187861,PAL-LD,USGS,GW,8.01,null,null,1,USGS,m,2,S,V,A,72019,6/18/2012,no,631
3.12214E+14,D-24-22 04CBC1 [PALUWS],31.3707,-110.1221389,PALUWS,USGS,GW,18.68,null,null,1,USGS,m,2,S,V,A,72019,6/18/2012,no,632
3.12127E+14,D-24-22 08DBA2 [PLS-LO],31.35772778,-110.126375,PLS-LO,USGS,GW,9.01,null,null,1,USGS,m,2,S,V,A,72019,4/17/2019,no,633
3.12208E+14,D-24-22 04CBA2 [PAL-LD],31.36905833,-110.1187861,PAL-LD,USGS,GW,4.78,null,null,1,USGS,m,2,S,V,A,72019,9/11/2012,no,634
3.12039E+14,D-24-22 17BDC [PAL-05],31.3446111,-110.1343056,PAL-05,USGS,GW,20.94,null,null,1,USGS,m,2,S,V,P,72019,1/31/2024,yes,635
3.12127E+14,D-24-22 08DBA1 [PLS-LI],31.3575222,-110.1260028,PLS-LI,USGS,GW,7.1,null,null,1,USGS,m,2,S,V,A,72019,1/10/2018,no,636
3.12214E+14,D-24-22 04CBC2 [PALUWD],31.37070278,-110.1221194,PALUWD,USGS,GW,16.59,null,null,1,USGS,m,2,S,T,A,72019,2/25/2009,no,637
3.12127E+14,D-24-22 08DBA2 [PLS-LO],31.35772778,-110.126375,PLS-LO,USGS,GW,11.36,null,null,1,USGS,m,2,S,V,A,72019,6/26/2019,no,638
3.12039E+14,D-24-22 17BDC [PAL-05],31.3446111,-110.1343056,PAL-05,USGS,GW,20.9,null,null,1,USGS,m,2,S,V,P,72019,2/13/2024,yes,639
3.12208E+14,D-24-22 04CBA2 [PAL-LD],31.36905833,-110.1187861,PAL-LD,USGS,GW,7.16,null,null,1,USGS,m,2,S,V,A,72019,5/29/2013,no,640
3.12214E+14,D-24-22 04CBC1 [PALUWS],31.3707,-110.1221389,PALUWS,USGS,GW,18.53,null,null,1,USGS,m,2,S,V,A,72019,9/11/2012,no,641
3.12214E+14,D-24-22 04CBC2 [PALUWD],31.37070278,-110.1221194,PALUWD,USGS,GW,17.11,null,null,1,USGS,m,2,S,T,A,72019,6/11/2009,no,642
3.12127E+14,D-24-22 08DBA1 [PLS-LI],31.3575222,-110.1260028,PLS-LI,USGS,GW,6.95,null,null,1,USGS,m,2,S,V,A,72019,4/17/2018,no,643
3.12127E+14,D-24-22 08DBA2 [PLS-LO],31.35772778,-110.126375,PLS-LO,USGS,GW,11.4,null,null,1,USGS,m,2,S,V,A,72019,10/23/2019,no,644
3.12039E+14,D-24-22 17BDC [PAL-05],31.3446111,-110.1343056,PAL-05,USGS,GW,20.86,null,null,1,USGS,m,2,S,V,P,72019,4/18/2024,yes,645
3.12208E+14,D-24-22 04CBA2 [PAL-LD],31.36905833,-110.1187861,PAL-LD,USGS,GW,7.92,null,null,1,USGS,m,2,S,V,A,72019,7/1/2013,no,646
3.12214E+14,D-24-22 04CBC1 [PALUWS],31.3707,-110.1221389,PALUWS,USGS,GW,18.33,null,null,1,USGS,m,2,S,V,A,72019,5/29/2013,no,647
3.12214E+14,D-24-22 04CBC2 [PALUWD],31.37070278,-110.1221194,PALUWD,USGS,GW,17.29,null,null,1,USGS,m,2,S,T,A,72019,6/22/2009,no,648
3.12127E+14,D-24-22 08DBA1 [PLS-LI],31.3575222,-110.1260028,PLS-LI,USGS,GW,7.9,null,null,1,USGS,m,2,S,V,A,72019,6/21/2018,no,649
3.12127E+14,D-24-22 08DBA2 [PLS-LO],31.35772778,-110.126375,PLS-LO,USGS,GW,8.79,null,null,1,USGS,m,2,S,V,A,72019,1/8/2020,no,650
3.12039E+14,D-24-22 17BDC [PAL-05],31.3446111,-110.1343056,PAL-05,USGS,GW,21.48,null,null,1,USGS,m,2,S,V,P,72019,6/14/2024,yes,651
3.12208E+14,D-24-22 04CBA2 [PAL-LD],31.36905833,-110.1187861,PAL-LD,USGS,GW,6.92,null,null,1,USGS,m,2,S,V,A,72019,10/29/2013,no,652
3.12214E+14,D-24-22 04CBC1 [PALUWS],31.3707,-110.1221389,PALUWS,USGS,GW,18.66,null,null,1,USGS,m,2,S,V,A,72019,7/1/2013,no,653
3.12214E+14,D-24-22 04CBC2 [PALUWD],31.37070278,-110.1221194,PALUWD,USGS,GW,17.62,null,null,1,USGS,m,2,S,T,A,72019,9/4/2009,no,654
3.12127E+14,D-24-22 08DBA1 [PLS-LI],31.3575222,-110.1260028,PLS-LI,USGS,GW,5.45,null,null,1,USGS,m,2,S,V,A,72019,10/25/2018,no,655
3.12127E+14,D-24-22 08DBA2 [PLS-LO],31.35772778,-110.126375,PLS-LO,USGS,GW,8.79,null,null,1,USGS,m,2,S,V,A,72019,4/7/2020,no,656
3.12039E+14,D-24-22 17BDC [PAL-05],31.3446111,-110.1343056,PAL-05,USGS,GW,21.47,null,null,1,USGS,m,2,S,V,P,72019,10/28/2024,yes,657
3.12208E+14,D-24-22 04CBA2 [PAL-LD],31.36905833,-110.1187861,PAL-LD,USGS,GW,6.17,null,null,1,USGS,m,2,S,V,A,72019,1/7/2014,no,658
3.12214E+14,D-24-22 04CBC1 [PALUWS],31.3707,-110.1221389,PALUWS,USGS,GW,17.67,null,null,1,USGS,m,2,S,V,A,72019,10/29/2013,no,659
3.12214E+14,D-24-22 04CBC2 [PALUWD],31.37070278,-110.1221194,PALUWD,USGS,GW,17.88,null,null,1,USGS,m,2,S,T,A,72019,11/19/2009,no,660
3.12127E+14,D-24-22 08DBA1 [PLS-LI],31.3575222,-110.1260028,PLS-LI,USGS,GW,4.95,null,null,1,USGS,m,2,S,V,A,72019,2/6/2019,no,661
3.12127E+14,D-24-22 08DBA2 [PLS-LO],31.35772778,-110.126375,PLS-LO,USGS,GW,11.12,null,null,1,USGS,m,2,S,V,A,72019,6/24/2020,no,662
3.12039E+14,D-24-22 17BDC [PAL-05],31.3446111,-110.1343056,PAL-05,USGS,GW,21.27,null,null,1,USGS,m,2,S,V,P,72019,2/25/2025,yes,663
3.12208E+14,D-24-22 04CBA2 [PAL-LD],31.36905833,-110.1187861,PAL-LD,USGS,GW,6.36,null,null,1,USGS,m,2,S,V,A,72019,4/2/2014,no,664
3.12214E+14,D-24-22 04CBC1 [PALUWS],31.3707,-110.1221389,PALUWS,USGS,GW,17.74,null,null,1,USGS,m,2,S,V,A,72019,1/7/2014,no,665
3.12214E+14,D-24-22 04CBC2 [PALUWD],31.37070278,-110.1221194,PALUWD,USGS,GW,17.37,null,null,1,USGS,m,2,S,T,A,72019,3/17/2010,no,666
3.12127E+14,D-24-22 08DBA2 [PLS-LO],31.35772778,-110.126375,PLS-LO,USGS,GW,12.15,null,null,1,USGS,m,2,S,V,A,72019,10/6/2020,no,667
3.12127E+14,D-24-22 08DBA1 [PLS-LI],31.3575222,-110.1260028,PLS-LI,USGS,GW,4.75,null,null,1,USGS,m,2,S,V,A,72019,4/17/2019,no,668
3.12214E+14,D-24-22 04CBC2 [PALUWD],31.37070278,-110.1221194,PALUWD,USGS,GW,17.3,null,null,1,USGS,m,2,S,T,A,72019,5/13/2010,no,670
3.12208E+14,D-24-22 04CBA2 [PAL-LD],31.36905833,-110.1187861,PAL-LD,USGS,GW,8.3,null,null,1,USGS,m,2,S,V,A,72019,6/25/2014,no,671
3.12214E+14,D-24-22 04CBC1 [PALUWS],31.3707,-110.1221389,PALUWS,USGS,GW,17.64,null,null,1,USGS,m,2,S,V,A,72019,4/2/2014,no,672
3.12127E+14,D-24-22 08DBA1 [PLS-LI],31.3575222,-110.1260028,PLS-LI,USGS,GW,7.18,null,null,1,USGS,m,2,S,V,A,72019,6/26/2019,no,673
3.12214E+14,D-24-22 04CBC2 [PALUWD],31.37070278,-110.1221194,PALUWD,USGS,GW,17.34,null,null,1,USGS,m,2,S,T,A,72019,9/1/2010,no,675
3.12127E+14,D-24-22 08DBA2 [PLS-LO],31.35772778,-110.126375,PLS-LO,USGS,GW,11.85,null,null,1,USGS,m,2,S,V,A,72019,2/10/2021,no,676
3.12214E+14,D-24-22 04CBC1 [PALUWS],31.3707,-110.1221389,PALUWS,USGS,GW,18.25,null,null,1,USGS,m,2,S,V,A,72019,6/25/2014,no,677
3.12208E+14,D-24-22 04CBA2 [PAL-LD],31.36905833,-110.1187861,PAL-LD,USGS,GW,8.85,null,null,1,USGS,m,2,S,V,A,72019,6/21/2018,no,678
3.12127E+14,D-24-22 08DBA1 [PLS-LI],31.3575222,-110.1260028,PLS-LI,USGS,GW,7.23,null,null,1,USGS,m,2,S,V,A,72019,10/23/2019,no,679
3.12214E+14,D-24-22 04CBC2 [PALUWD],31.37070278,-110.1221194,PALUWD,USGS,GW,17.36,null,null,1,USGS,m,2,S,T,A,72019,11/23/2010,no,681
3.12127E+14,D-24-22 08DBA2 [PLS-LO],31.35772778,-110.126375,PLS-LO,USGS,GW,11.91,null,null,1,USGS,m,2,S,V,A,72019,4/7/2021,no,682
3.12214E+14,D-24-22 04CBC1 [PALUWS],31.3707,-110.1221389,PALUWS,USGS,GW,17.5,null,null,1,USGS,m,2,S,V,A,72019,10/7/2014,no,683
3.12208E+14,D-24-22 04CBA2 [PAL-LD],31.36905833,-110.1187861,PAL-LD,USGS,GW,7.66,null,null,1,USGS,m,2,S,V,A,72019,10/25/2018,no,684
3.12127E+14,D-24-22 08DBA1 [PLS-LI],31.3575222,-110.1260028,PLS-LI,USGS,GW,4.59,null,null,1,USGS,m,2,S,V,A,72019,1/8/2020,no,685
3.12214E+14,D-24-22 04CBC2 [PALUWD],31.37070278,-110.1221194,PALUWD,USGS,GW,17.78,null,null,1,USGS,m,2,S,V,A,72019,7/20/2011,no,687
3.12127E+14,D-24-22 08DBA2 [PLS-LO],31.35772778,-110.126375,PLS-LO,USGS,GW,13.03,null,null,1,USGS,m,2,S,V,A,72019,6/28/2021,no,688
3.12214E+14,D-24-22 04CBC1 [PALUWS],31.3707,-110.1221389,PALUWS,USGS,GW,17.35,null,null,1,USGS,m,2,S,V,A,72019,1/14/2015,no,689
3.12208E+14,D-24-22 04CBA2 [PAL-LD],31.36905833,-110.1187861,PAL-LD,USGS,GW,7.02,null,null,1,USGS,m,2,S,V,A,72019,2/6/2019,no,690
3.12127E+14,D-24-22 08DBA1 [PLS-LI],31.3575222,-110.1260028,PLS-LI,USGS,GW,4.6,null,null,1,USGS,m,2,S,V,A,72019,4/7/2020,no,691
3.12214E+14,D-24-22 04CBC2 [PALUWD],31.37070278,-110.1221194,PALUWD,USGS,GW,17.66,null,null,1,USGS,m,2,S,V,A,72019,7/27/2011,no,693
3.12127E+14,D-24-22 08DBA2 [PLS-LO],31.35772778,-110.126375,PLS-LO,USGS,GW,11.03,null,null,1,USGS,m,2,S,V,A,72019,10/19/2021,no,694
3.12214E+14,D-24-22 04CBC1 [PALUWS],31.3707,-110.1221389,PALUWS,USGS,GW,17.38,null,null,1,USGS,m,2,S,V,A,72019,4/15/2015,no,695
3.12208E+14,D-24-22 04CBA2 [PAL-LD],31.36905833,-110.1187861,PAL-LD,USGS,GW,6.45,null,null,1,USGS,m,2,S,V,A,72019,4/17/2019,no,696
3.12127E+14,D-24-22 08DBA1 [PLS-LI],31.3575222,-110.1260028,PLS-LI,USGS,GW,6.97,null,null,1,USGS,m,2,S,V,A,72019,6/24/2020,no,697
3.12214E+14,D-24-22 04CBC2 [PALUWD],31.37070278,-110.1221194,PALUWD,USGS,GW,17.68,null,null,1,USGS,m,2,S,V,A,72019,9/21/2011,no,699
3.12127E+14,D-24-22 08DBA2 [PLS-LO],31.35772778,-110.126375,PLS-LO,USGS,GW,11.1,null,null,1,USGS,m,2,S,V,A,72019,2/1/2022,no,700
3.12214E+14,D-24-22 04CBC1 [PALUWS],31.3707,-110.1221389,PALUWS,USGS,GW,17.89,null,null,1,USGS,m,2,S,V,A,72019,7/14/2015,no,701
3.12208E+14,D-24-22 04CBA2 [PAL-LD],31.36905833,-110.1187861,PAL-LD,USGS,GW,7.52,null,null,1,USGS,m,2,S,V,A,72019,6/26/2019,no,702
3.12127E+14,D-24-22 08DBA1 [PLS-LI],31.3575222,-110.1260028,PLS-LI,USGS,GW,7.93,null,null,1,USGS,m,2,S,V,A,72019,10/6/2020,no,704
3.12214E+14,D-24-22 04CBC1 [PALUWS],31.3707,-110.1221389,PALUWS,USGS,GW,17.78,null,null,1,USGS,m,2,S,V,A,72019,10/7/2015,no,705
3.12214E+14,D-24-22 04CBC2 [PALUWD],31.37070278,-110.1221194,PALUWD,USGS,GW,17.61,null,null,1,USGS,m,2,S,V,A,72019,3/19/2012,no,706
3.12208E+14,D-24-22 04CBA2 [PAL-LD],31.36905833,-110.1187861,PAL-LD,USGS,GW,7.91,null,null,1,USGS,m,2,S,V,A,72019,10/23/2019,no,707
3.12127E+14,D-24-22 08DBA2 [PLS-LO],31.35772778,-110.126375,PLS-LO,USGS,GW,10.54,null,null,1,USGS,m,2,S,V,A,72019,4/4/2022,no,708
3.12208E+14,D-24-22 04CBA2 [PAL-LD],31.36905833,-110.1187861,PAL-LD,USGS,GW,9.44,null,null,1,USGS,m,2,S,V,A,72019,6/28/2021,no,709
3.12127E+14,D-24-22 08DBA1 [PLS-LI],31.3575222,-110.1260028,PLS-LI,USGS,GW,7.64,null,null,1,USGS,m,2,S,V,A,72019,2/10/2021,no,710
3.12214E+14,D-24-22 04CBC2 [PALUWD],31.37070278,-110.1221194,PALUWD,USGS,GW,18.03,null,null,1,USGS,m,2,S,V,A,72019,6/18/2012,no,712
3.12214E+14,D-24-22 04CBC1 [PALUWS],31.3707,-110.1221389,PALUWS,USGS,GW,17.63,null,null,1,USGS,m,2,S,V,A,72019,1/15/2016,no,713
3.12127E+14,D-24-22 08DBA2 [PLS-LO],31.35772778,-110.126375,PLS-LO,USGS,GW,12.25,null,null,1,USGS,m,2,S,V,A,72019,6/27/2022,no,714
3.12208E+14,D-24-22 04CBA2 [PAL-LD],31.36905833,-110.1187861,PAL-LD,USGS,GW,7.2,null,null,1,USGS,m,2,S,V,A,72019,10/19/2021,no,715
3.12127E+14,D-24-22 08DBA1 [PLS-LI],31.3575222,-110.1260028,PLS-LI,USGS,GW,7.7,null,null,1,USGS,m,2,S,V,A,72019,4/7/2021,no,716
3.12214E+14,D-24-22 04CBC2 [PALUWD],31.37070278,-110.1221194,PALUWD,USGS,GW,17.61,null,null,1,USGS,m,2,S,V,A,72019,9/11/2012,no,718
3.12214E+14,D-24-22 04CBC1 [PALUWS],31.3707,-110.1221389,PALUWS,USGS,GW,17.61,null,null,1,USGS,m,2,S,V,A,72019,4/19/2016,no,719
3.12127E+14,D-24-22 08DBA2 [PLS-LO],31.35772778,-110.126375,PLS-LO,USGS,GW,8.86,null,null,1,USGS,m,2,S,V,A,72019,10/3/2022,no,720
3.12208E+14,D-24-22 04CBA2 [PAL-LD],31.36905833,-110.1187861,PAL-LD,USGS,GW,6.96,null,null,1,USGS,m,2,S,V,A,72019,2/1/2022,no,721
3.12127E+14,D-24-22 08DBA1 [PLS-LI],31.3575222,-110.1260028,PLS-LI,USGS,GW,8.8,null,null,1,USGS,m,2,S,V,A,72019,6/28/2021,no,722
3.12127E+14,D-24-22 08DBA1 [PLS-LI],31.3575222,-110.1260028,PLS-LI,USGS,GW,4.36,null,null,1,null,m,2,null,O,A,72019,10/2/2006,no,723
3.12214E+14,D-24-22 04CBC2 [PALUWD],31.37070278,-110.1221194,PALUWD,USGS,GW,17.68,null,null,1,USGS,m,2,S,V,A,72019,5/29/2013,no,724
3.12214E+14,D-24-22 04CBC1 [PALUWS],31.3707,-110.1221389,PALUWS,USGS,GW,18.13,null,null,1,USGS,m,2,S,V,A,72019,6/27/2016,no,725
3.12127E+14,D-24-22 08DBA2 [PLS-LO],31.35772778,-110.126375,PLS-LO,USGS,GW,8.88,null,null,1,USGS,m,2,S,V,A,72019,1/24/2023,no,726
3.12208E+14,D-24-22 04CBA2 [PAL-LD],31.36905833,-110.1187861,PAL-LD,USGS,GW,7.02,null,null,1,USGS,m,2,S,V,A,72019,4/4/2022,no,727
3.12127E+14,D-24-22 08DBA1 [PLS-LI],31.3575222,-110.1260028,PLS-LI,USGS,GW,6.83,null,null,1,USGS,m,2,S,V,A,72019,10/19/2021,no,728
3.12127E+14,D-24-22 08DBA1 [PLS-LI],31.3575222,-110.1260028,PLS-LI,USGS,GW,4.51,null,null,1,null,m,2,null,O,A,72019,11/6/2006,no,729
3.12214E+14,D-24-22 04CBC2 [PALUWD],31.37070278,-110.1221194,PALUWD,USGS,GW,18.03,null,null,1,USGS,m,2,S,V,A,72019,7/1/2013,no,730
3.12214E+14,D-24-22 04CBC1 [PALUWS],31.3707,-110.1221389,PALUWS,USGS,GW,18.43,null,null,1,USGS,m,2,S,V,A,72019,10/19/2016,no,731
3.12127E+14,D-24-22 08DBA2 [PLS-LO],31.35772778,-110.126375,PLS-LO,USGS,GW,8.91,null,null,1,USGS,m,2,S,V,A,72019,4/17/2023,no,732
3.12208E+14,D-24-22 04CBA2 [PAL-LD],31.36905833,-110.1187861,PAL-LD,USGS,GW,8.92,null,null,1,USGS,m,2,S,V,A,72019,6/27/2022,no,733
3.12127E+14,D-24-22 08DBA1 [PLS-LI],31.3575222,-110.1260028,PLS-LI,USGS,GW,6.91,null,null,1,USGS,m,2,S,V,A,72019,2/1/2022,no,734
3.12127E+14,D-24-22 08DBA1 [PLS-LI],31.3575222,-110.1260028,PLS-LI,USGS,GW,4.49,null,null,1,null,m,2,null,O,A,72019,12/12/2006,no,735
3.12214E+14,D-24-22 04CBC2 [PALUWD],31.37070278,-110.1221194,PALUWD,USGS,GW,16.99,null,null,1,USGS,m,2,S,V,A,72019,10/29/2013,no,736
3.12214E+14,D-24-22 04CBC1 [PALUWS],31.3707,-110.1221389,PALUWS,USGS,GW,18.36,null,null,1,USGS,m,2,S,V,A,72019,1/18/2017,no,737
3.12127E+14,D-24-22 08DBA2 [PLS-LO],31.35772778,-110.126375,PLS-LO,USGS,GW,11.32,null,null,1,USGS,m,2,S,V,A,72019,6/26/2023,no,738
3.12214E+14,D-24-22 04CBC2 [PALUWD],31.37070278,-110.1221194,PALUWD,USGS,GW,16.98,null,null,1,USGS,m,2,S,V,A,72019,1/7/2014,no,739
3.12127E+14,D-24-22 08DBA1 [PLS-LI],31.3575222,-110.1260028,PLS-LI,USGS,GW,6.38,null,null,1,USGS,m,2,S,V,A,72019,4/4/2022,no,740
3.12208E+14,D-24-22 04CBA2 [PAL-LD],31.36905833,-110.1187861,PAL-LD,USGS,GW,5.74,null,null,1,USGS,m,2,S,V,A,72019,10/3/2022,no,741
3.12214E+14,D-24-22 04CBC2 [PALUWD],31.37070278,-110.1221194,PALUWD,USGS,GW,16.93,null,null,1,USGS,m,2,S,V,A,72019,4/2/2014,no,742
3.12127E+14,D-24-22 08DBA1 [PLS-LI],31.3575222,-110.1260028,PLS-LI,USGS,GW,4.49,null,null,1,null,m,2,null,O,A,72019,12/19/2006,no,743
3.12214E+14,D-24-22 04CBC1 [PALUWS],31.3707,-110.1221389,PALUWS,USGS,GW,18.19,null,null,1,USGS,m,2,S,V,A,72019,4/25/2017,no,744
3.12127E+14,D-24-22 08DBA2 [PLS-LO],31.35772778,-110.126375,PLS-LO,USGS,GW,12.71,null,null,1,USGS,m,2,S,V,A,72019,11/1/2023,no,745
3.12127E+14,D-24-22 08DBA1 [PLS-LI],31.3575222,-110.1260028,PLS-LI,USGS,GW,4.51,null,null,1,null,m,2,null,O,A,72019,1/23/2007,no,746
3.12208E+14,D-24-22 04CBA2 [PAL-LD],31.36905833,-110.1187861,PAL-LD,USGS,GW,5.64,null,null,1,USGS,m,2,S,V,A,72019,1/24/2023,no,747
3.12214E+14,D-24-22 04CBC2 [PALUWD],31.37070278,-110.1221194,PALUWD,USGS,GW,17.66,null,null,1,USGS,m,2,S,V,A,72019,6/25/2014,no,748
3.12214E+14,D-24-22 04CBC1 [PALUWS],31.3707,-110.1221389,PALUWS,USGS,GW,18.68,null,null,1,USGS,m,2,S,V,A,72019,6/28/2017,no,749
3.12127E+14,D-24-22 08DBA1 [PLS-LI],31.3575222,-110.1260028,PLS-LI,USGS,GW,8.03,null,null,1,USGS,m,2,S,V,A,72019,6/27/2022,no,750
3.12127E+14,D-24-22 08DBA2 [PLS-LO],31.35772778,-110.126375,PLS-LO,USGS,GW,12.19,null,null,1,USGS,m,2,S,T,A,72019,2/13/2024,no,751
3.12127E+14,D-24-22 08DBA1 [PLS-LI],31.3575222,-110.1260028,PLS-LI,USGS,GW,4.51,null,null,1,null,m,2,null,O,A,72019,2/23/2007,no,752
3.12208E+14,D-24-22 04CBA2 [PAL-LD],31.36905833,-110.1187861,PAL-LD,USGS,GW,5.9,null,null,1,USGS,m,2,S,S,A,72019,4/17/2023,no,753
3.12214E+14,D-24-22 04CBC2 [PALUWD],31.37070278,-110.1221194,PALUWD,USGS,GW,16.69,null,null,1,USGS,m,2,S,V,A,72019,10/7/2014,no,754
3.12214E+14,D-24-22 04CBC1 [PALUWS],31.3707,-110.1221389,PALUWS,USGS,GW,18.68,null,null,1,USGS,m,2,S,V,A,72019,10/17/2017,no,755
3.12127E+14,D-24-22 08DBA1 [PLS-LI],31.3575222,-110.1260028,PLS-LI,USGS,GW,4.64,null,null,1,USGS,m,2,S,V,A,72019,10/3/2022,no,756
3.12127E+14,D-24-22 08DBA2 [PLS-LO],31.35772778,-110.126375,PLS-LO,USGS,GW,12.3,null,null,1,USGS,m,2,S,V,A,72019,4/18/2024,no,757
3.12127E+14,D-24-22 08DBA1 [PLS-LI],31.3575222,-110.1260028,PLS-LI,USGS,GW,4.52,null,null,1,null,m,2,null,O,A,72019,3/21/2007,no,758
3.12208E+14,D-24-22 04CBA2 [PAL-LD],31.36905833,-110.1187861,PAL-LD,USGS,GW,6.61,null,null,1,USGS,m,2,S,S,A,72019,5/18/2023,no,759
3.12214E+14,D-24-22 04CBC2 [PALUWD],31.37070278,-110.1221194,PALUWD,USGS,GW,16.61,null,null,1,USGS,m,2,S,V,A,72019,1/14/2015,no,760
3.12214E+14,D-24-22 04CBC1 [PALUWS],31.3707,-110.1221389,PALUWS,USGS,GW,18.82,null,null,1,USGS,m,2,S,V,A,72019,1/10/2018,no,761
3.12127E+14,D-24-22 08DBA1 [PLS-LI],31.3575222,-110.1260028,PLS-LI,USGS,GW,4.65,null,null,1,USGS,m,2,S,V,A,72019,1/24/2023,no,762
3.12127E+14,D-24-22 08DBA2 [PLS-LO],31.35772778,-110.126375,PLS-LO,USGS,GW,12.13,null,null,1,USGS,m,2,S,V,A,72019,7/9/2024,no,763
3.12127E+14,D-24-22 08DBA1 [PLS-LI],31.3575222,-110.1260028,PLS-LI,USGS,GW,4.58,null,null,1,null,m,2,null,O,A,72019,4/11/2007,no,764
3.12208E+14,D-24-22 04CBA2 [PAL-LD],31.36905833,-110.1187861,PAL-LD,USGS,GW,8.06,null,null,1,USGS,m,2,S,S,A,72019,6/26/2023,no,765
3.12214E+14,D-24-22 04CBC2 [PALUWD],31.37070278,-110.1221194,PALUWD,USGS,GW,16.66,null,null,1,USGS,m,2,S,V,A,72019,4/15/2015,no,766
3.12214E+14,D-24-22 04CBC1 [PALUWS],31.3707,-110.1221389,PALUWS,USGS,GW,18.71,null,null,1,USGS,m,2,S,V,A,72019,4/17/2018,no,767
3.12127E+14,D-24-22 08DBA1 [PLS-LI],31.3575222,-110.1260028,PLS-LI,USGS,GW,4.72,null,null,1,USGS,m,2,S,V,A,72019,4/17/2023,no,768
3.12127E+14,D-24-22 08DBA2 [PLS-LO],31.35772778,-110.126375,PLS-LO,USGS,GW,13.18,null,null,1,USGS,m,2,S,V,A,72019,10/29/2024,no,769
3.12127E+14,D-24-22 08DBA1 [PLS-LI],31.3575222,-110.1260028,PLS-LI,USGS,GW,4.57,null,null,1,null,m,2,null,O,A,72019,5/10/2007,no,770
3.12208E+14,D-24-22 04CBA2 [PAL-LD],31.36905833,-110.1187861,PAL-LD,USGS,GW,9.06,null,null,1,USGS,m,2,S,S,A,72019,11/1/2023,no,771
3.12214E+14,D-24-22 04CBC2 [PALUWD],31.37070278,-110.1221194,PALUWD,USGS,GW,17.23,null,null,1,USGS,m,2,S,V,A,72019,7/14/2015,no,772
3.12214E+14,D-24-22 04CBC1 [PALUWS],31.3707,-110.1221389,PALUWS,USGS,GW,19.08,null,null,1,USGS,m,2,S,V,A,72019,6/21/2018,no,773
3.12127E+14,D-24-22 08DBA1 [PLS-LI],31.3575222,-110.1260028,PLS-LI,USGS,GW,7.14,null,null,1,USGS,m,2,S,V,A,72019,6/26/2023,no,774
3.12127E+14,D-24-22 08DBA1 [PLS-LI],31.3575222,-110.1260028,PLS-LI,USGS,GW,4.69,null,null,1,null,m,2,null,O,A,72019,5/18/2007,no,775
3.12127E+14,D-24-22 08DBA2 [PLS-LO],31.35772778,-110.126375,PLS-LO,USGS,GW,12.5,null,null,1,USGS,m,2,S,V,P,72019,2/25/2025,no,776
3.12208E+14,D-24-22 04CBA2 [PAL-LD],31.36905833,-110.1187861,PAL-LD,USGS,GW,7.99,null,null,1,USGS,m,2,S,V,A,72019,2/13/2024,no,777
3.12214E+14,D-24-22 04CBC1 [PALUWS],31.3707,-110.1221389,PALUWS,USGS,GW,19.06,null,null,1,USGS,m,2,S,V,A,72019,10/25/2018,no,778
3.12214E+14,D-24-22 04CBC2 [PALUWD],31.37070278,-110.1221194,PALUWD,USGS,GW,17.04,null,null,1,USGS,m,2,S,V,A,72019,10/7/2015,no,779
3.12127E+14,D-24-22 08DBA1 [PLS-LI],31.3575222,-110.1260028,PLS-LI,USGS,GW,8.5,null,null,1,USGS,m,2,S,V,A,72019,11/1/2023,no,780
3.12127E+14,D-24-22 08DBA1 [PLS-LI],31.3575222,-110.1260028,PLS-LI,USGS,GW,5.6,null,null,1,null,m,2,null,O,A,72019,6/13/2007,no,782
3.12214E+14,D-24-22 04CBC1 [PALUWS],31.3707,-110.1221389,PALUWS,USGS,GW,18.69,null,null,1,USGS,m,2,S,V,A,72019,2/6/2019,no,783
3.12208E+14,D-24-22 04CBA2 [PAL-LD],31.36905833,-110.1187861,PAL-LD,USGS,GW,8.34,null,null,1,USGS,m,2,S,V,A,72019,4/18/2024,no,784
3.12127E+14,D-24-22 08DBA1 [PLS-LI],31.3575222,-110.1260028,PLS-LI,USGS,GW,7.97,null,null,1,USGS,m,2,S,V,A,72019,2/13/2024,no,785
3.12214E+14,D-24-22 04CBC2 [PALUWD],31.37070278,-110.1221194,PALUWD,USGS,GW,16.87,null,null,1,USGS,m,2,S,V,A,72019,1/15/2016,no,786
3.12127E+14,D-24-22 08DBA1 [PLS-LI],31.3575222,-110.1260028,PLS-LI,USGS,GW,5.92,null,null,1,null,m,2,null,O,A,72019,7/18/2007,no,788
3.12214E+14,D-24-22 04CBC1 [PALUWS],31.3707,-110.1221389,PALUWS,USGS,GW,18.32,null,null,1,USGS,m,2,S,V,A,72019,4/17/2019,no,789
3.12208E+14,D-24-22 04CBA2 [PAL-LD],31.36905833,-110.1187861,PAL-LD,USGS,GW,8.58,null,null,1,USGS,m,2,S,V,A,72019,7/9/2024,no,790
3.12127E+14,D-24-22 08DBA1 [PLS-LI],31.3575222,-110.1260028,PLS-LI,USGS,GW,8.1,null,null,1,USGS,m,2,S,V,A,72019,4/18/2024,no,791
3.12214E+14,D-24-22 04CBC2 [PALUWD],31.37070278,-110.1221194,PALUWD,USGS,GW,16.9,null,null,1,USGS,m,2,S,V,A,72019,4/19/2016,no,792
3.12127E+14,D-24-22 08DBA1 [PLS-LI],31.3575222,-110.1260028,PLS-LI,USGS,GW,3.26,null,null,1,null,m,2,null,O,A,72019,8/10/2007,no,794
3.12214E+14,D-24-22 04CBC1 [PALUWS],31.3707,-110.1221389,PALUWS,USGS,GW,18.64,null,null,1,USGS,m,2,S,V,A,72019,6/26/2019,no,795
3.12208E+14,D-24-22 04CBA2 [PAL-LD],31.36905833,-110.1187861,PAL-LD,USGS,GW,9.48,null,null,1,USGS,m,2,S,V,A,72019,10/29/2024,no,796
3.12127E+14,D-24-22 08DBA1 [PLS-LI],31.3575222,-110.1260028,PLS-LI,USGS,GW,8.02,null,null,1,USGS,m,2,S,V,A,72019,7/9/2024,no,797
3.12214E+14,D-24-22 04CBC2 [PALUWD],31.37070278,-110.1221194,PALUWD,USGS,GW,17.5,null,null,1,USGS,m,2,S,V,A,72019,6/27/2016,no,798
3.12127E+14,D-24-22 08DBA1 [PLS-LI],31.3575222,-110.1260028,PLS-LI,USGS,GW,3.58,null,null,1,null,m,2,null,O,A,72019,9/10/2007,no,800
3.12214E+14,D-24-22 04CBC1 [PALUWS],31.3707,-110.1221389,PALUWS,USGS,GW,19.06,null,null,1,USGS,m,2,S,V,A,72019,10/23/2019,no,801
3.12208E+14,D-24-22 04CBA2 [PAL-LD],31.36905833,-110.1187861,PAL-LD,USGS,GW,8.3,null,null,1,USGS,m,2,S,V,P,72019,2/25/2025,no,802
3.12127E+14,D-24-22 08DBA1 [PLS-LI],31.3575222,-110.1260028,PLS-LI,USGS,GW,8.96,null,null,1,USGS,m,2,S,V,A,72019,10/29/2024,no,803
3.12214E+14,D-24-22 04CBC2 [PALUWD],31.37070278,-110.1221194,PALUWD,USGS,GW,17.76,null,null,1,USGS,m,2,S,V,A,72019,10/19/2016,no,804
3.12127E+14,D-24-22 08DBA1 [PLS-LI],31.3575222,-110.1260028,PLS-LI,USGS,GW,4.67,null,null,1,null,m,2,null,O,A,72019,10/1/2007,no,806
3.12214E+14,D-24-22 04CBC1 [PALUWS],31.3707,-110.1221389,PALUWS,USGS,GW,18.45,null,null,1,USGS,m,2,S,V,A,72019,1/8/2020,no,807
3.12127E+14,D-24-22 08DBA1 [PLS-LI],31.3575222,-110.1260028,PLS-LI,USGS,GW,8.31,null,null,1,USGS,m,2,S,V,P,72019,2/25/2025,no,809
3.12214E+14,D-24-22 04CBC2 [PALUWD],31.37070278,-110.1221194,PALUWD,USGS,GW,17.57,null,null,1,USGS,m,2,S,V,A,72019,1/18/2017,no,810
3.12127E+14,D-24-22 08DBA1 [PLS-LI],31.3575222,-110.1260028,PLS-LI,USGS,GW,4.76,null,null,1,null,m,2,null,O,A,72019,10/11/2007,no,811
3.12214E+14,D-24-22 04CBC1 [PALUWS],31.3707,-110.1221389,PALUWS,USGS,GW,17.95,null,null,1,USGS,m,2,S,V,A,72019,4/7/2020,no,812
3.12214E+14,D-24-22 04CBC2 [PALUWD],31.37070278,-110.1221194,PALUWD,USGS,GW,17.48,null,null,1,USGS,m,2,S,V,A,72019,4/25/2017,no,816
3.12214E+14,D-24-22 04CBC1 [PALUWS],31.3707,-110.1221389,PALUWS,USGS,GW,18.36,null,null,1,USGS,m,2,S,V,A,72019,6/24/2020,no,817
3.12214E+14,D-24-22 04CBC2 [PALUWD],31.37070278,-110.1221194,PALUWD,USGS,GW,18.09,null,null,1,USGS,m,2,S,V,A,72019,6/28/2017,no,820
3.12214E+14,D-24-22 04CBC1 [PALUWS],31.3707,-110.1221389,PALUWS,USGS,GW,19.13,null,null,1,USGS,m,2,S,V,A,72019,10/6/2020,no,822
3.12214E+14,D-24-22 04CBC2 [PALUWD],31.37070278,-110.1221194,PALUWD,USGS,GW,18,null,null,1,USGS,m,2,S,V,A,72019,10/17/2017,no,825
3.12214E+14,D-24-22 04CBC1 [PALUWS],31.3707,-110.1221389,PALUWS,USGS,GW,19.3,null,null,1,USGS,m,2,S,V,A,72019,2/10/2021,no,827
3.12214E+14,D-24-22 04CBC2 [PALUWD],31.37070278,-110.1221194,PALUWD,USGS,GW,18.1,null,null,1,USGS,m,2,S,V,A,72019,1/10/2018,no,830
3.12214E+14,D-24-22 04CBC1 [PALUWS],31.3707,-110.1221389,PALUWS,USGS,GW,19.24,null,null,1,USGS,m,2,S,V,A,72019,4/7/2021,no,832
3.12214E+14,D-24-22 04CBC2 [PALUWD],31.37070278,-110.1221194,PALUWD,USGS,GW,18.02,null,null,1,USGS,m,2,S,V,A,72019,4/17/2018,no,835
3.12214E+14,D-24-22 04CBC1 [PALUWS],31.3707,-110.1221389,PALUWS,USGS,GW,19.76,null,null,1,USGS,m,2,S,V,A,72019,6/28/2021,no,837
3.12214E+14,D-24-22 04CBC2 [PALUWD],31.37070278,-110.1221194,PALUWD,USGS,GW,18.44,null,null,1,USGS,m,2,S,V,A,72019,6/21/2018,no,840
3.12214E+14,D-24-22 04CBC1 [PALUWS],31.3707,-110.1221389,PALUWS,USGS,GW,19.09,null,null,1,USGS,m,2,S,V,A,72019,10/19/2021,no,842
3.12214E+14,D-24-22 04CBC2 [PALUWD],31.37070278,-110.1221194,PALUWD,USGS,GW,18.26,null,null,1,USGS,m,2,S,V,A,72019,10/25/2018,no,845
3.12214E+14,D-24-22 04CBC1 [PALUWS],31.3707,-110.1221389,PALUWS,USGS,GW,18.97,null,null,1,USGS,m,2,S,V,A,72019,2/1/2022,no,847
3.12214E+14,D-24-22 04CBC1 [PALUWS],31.3707,-110.1221389,PALUWS,USGS,GW,18.82,null,null,1,USGS,m,2,S,V,A,72019,4/4/2022,no,848
3.12214E+14,D-24-22 04CBC1 [PALUWS],31.3707,-110.1221389,PALUWS,USGS,GW,19.37,null,null,1,USGS,m,2,S,V,A,72019,6/27/2022,no,849
3.12214E+14,D-24-22 04CBC1 [PALUWS],31.3707,-110.1221389,PALUWS,USGS,GW,18.4,null,null,1,USGS,m,2,S,V,A,72019,10/3/2022,no,850
3.12214E+14,D-24-22 04CBC1 [PALUWS],31.3707,-110.1221389,PALUWS,USGS,GW,17.86,null,null,1,USGS,m,2,S,V,A,72019,1/24/2023,no,851
3.12214E+14,D-24-22 04CBC1 [PALUWS],31.3707,-110.1221389,PALUWS,USGS,GW,17.66,null,null,1,USGS,m,2,S,V,A,72019,4/17/2023,no,852
3.12214E+14,D-24-22 04CBC1 [PALUWS],31.3707,-110.1221389,PALUWS,USGS,GW,17.75,null,null,1,USGS,m,2,S,V,A,72019,5/4/2023,no,853
3.12214E+14,D-24-22 04CBC1 [PALUWS],31.3707,-110.1221389,PALUWS,USGS,GW,17.75,null,null,1,USGS,m,2,S,V,A,72019,5/4/2023,no,854
3.12214E+14,D-24-22 04CBC1 [PALUWS],31.3707,-110.1221389,PALUWS,USGS,GW,17.86,null,null,1,USGS,m,2,S,V,A,72019,5/18/2023,no,855
3.12214E+14,D-24-22 04CBC1 [PALUWS],31.3707,-110.1221389,PALUWS,USGS,GW,18.33,null,null,1,USGS,m,2,S,V,A,72019,6/26/2023,no,856
3.12214E+14,D-24-22 04CBC1 [PALUWS],31.3707,-110.1221389,PALUWS,USGS,GW,19.46,null,null,1,USGS,m,2,S,V,A,72019,11/1/2023,no,857
3.12214E+14,D-24-22 04CBC1 [PALUWS],31.3707,-110.1221389,PALUWS,USGS,GW,19.52,null,null,1,USGS,m,2,S,V,A,72019,2/13/2024,no,858
3.12214E+14,D-24-22 04CBC1 [PALUWS],31.3707,-110.1221389,PALUWS,USGS,GW,19.49,null,null,1,USGS,m,2,S,V,A,72019,4/18/2024,no,859
3.12214E+14,D-24-22 04CBC1 [PALUWS],31.3707,-110.1221389,PALUWS,USGS,GW,19.9,null,null,1,USGS,m,2,S,V,A,72019,7/9/2024,no,860
3.12214E+14,D-24-22 04CBC1 [PALUWS],31.3707,-110.1221389,PALUWS,USGS,GW,20.14,null,null,1,USGS,m,2,S,V,A,72019,10/29/2024,no,861
3.12214E+14,D-24-22 04CBC1 [PALUWS],31.3707,-110.1221389,PALUWS,USGS,GW,19.94,null,null,1,USGS,m,2,S,V,P,72019,2/25/2025,no,862
3.12127E+14,D-24-22 08DBA1 [PLS-LI],31.3575222,-110.1260028,PLS-LI,USGS,GW,4.79,null,null,1,null,m,2,null,O,A,72019,10/22/2007,no,878
3.12127E+14,D-24-22 08DBA1 [PLS-LI],31.3575222,-110.1260028,PLS-LI,USGS,GW,4.73,null,null,1,null,m,2,null,O,A,72019,11/8/2007,no,881
3.12127E+14,D-24-22 08DBA2 [PLS-LO],31.35772778,-110.126375,PLS-LO,USGS,GW,8.52,null,null,1,null,m,2,null,O,A,72019,10/2/2006,no,883
3.12127E+14,D-24-22 08DBA1 [PLS-LI],31.3575222,-110.1260028,PLS-LI,USGS,GW,4.68,null,null,1,null,m,2,null,O,A,72019,11/14/2007,no,885
3.12127E+14,D-24-22 08DBA2 [PLS-LO],31.35772778,-110.126375,PLS-LO,USGS,GW,8.71,null,null,1,null,m,2,null,O,A,72019,11/6/2006,no,887
3.12127E+14,D-24-22 08DBA1 [PLS-LI],31.3575222,-110.1260028,PLS-LI,USGS,GW,4.63,null,null,1,null,m,2,null,O,A,72019,12/17/2007,no,888
3.12214E+14,D-24-22 04CBC2 [PALUWD],31.37070278,-110.1221194,PALUWD,USGS,GW,17.87,null,null,1,USGS,m,2,S,V,A,72019,2/6/2019,no,889
3.12127E+14,D-24-22 08DBA2 [PLS-LO],31.35772778,-110.126375,PLS-LO,USGS,GW,8.68,null,null,1,null,m,2,null,O,A,72019,12/12/2006,no,891
3.12214E+14,D-24-22 04CBC2 [PALUWD],31.37070278,-110.1221194,PALUWD,USGS,GW,17.48,null,null,1,USGS,m,2,S,V,A,72019,4/17/2019,no,893
3.12127E+14,D-24-22 08DBA1 [PLS-LI],31.3575222,-110.1260028,PLS-LI,USGS,GW,4.57,null,null,1,null,m,2,null,O,A,72019,1/28/2008,no,895
3.12214E+14,D-24-22 04CBC2 [PALUWD],31.37070278,-110.1221194,PALUWD,USGS,GW,18.04,null,null,1,USGS,m,2,S,V,A,72019,6/26/2019,no,896
3.12127E+14,D-24-22 08DBA2 [PLS-LO],31.35772778,-110.126375,PLS-LO,USGS,GW,8.69,null,null,1,null,m,2,null,O,A,72019,12/19/2006,no,898
3.12127E+14,D-24-22 08DBA1 [PLS-LI],31.3575222,-110.1260028,PLS-LI,USGS,GW,4.6,null,null,1,null,m,2,null,O,A,72019,2/22/2008,no,900
3.12214E+14,D-24-22 04CBC2 [PALUWD],31.37070278,-110.1221194,PALUWD,USGS,GW,18.34,null,null,1,USGS,m,2,S,V,A,72019,10/23/2019,no,901
3.12127E+14,D-24-22 08DBA2 [PLS-LO],31.35772778,-110.126375,PLS-LO,USGS,GW,8.72,null,null,1,null,m,2,null,O,A,72019,1/23/2007,no,903
3.12127E+14,D-24-22 08DBA1 [PLS-LI],31.3575222,-110.1260028,PLS-LI,USGS,GW,4.57,null,null,1,null,m,2,null,O,A,72019,3/12/2008,no,905
3.12214E+14,D-24-22 04CBC2 [PALUWD],31.37070278,-110.1221194,PALUWD,USGS,GW,17.57,null,null,1,USGS,m,2,S,V,A,72019,1/8/2020,no,906
3.12127E+14,D-24-22 08DBA2 [PLS-LO],31.35772778,-110.126375,PLS-LO,USGS,GW,8.72,null,null,1,null,m,2,null,O,A,72019,2/23/2007,no,908
3.12127E+14,D-24-22 08DBA1 [PLS-LI],31.3575222,-110.1260028,PLS-LI,USGS,GW,4.57,null,null,1,null,m,2,null,O,A,72019,4/22/2008,no,910
3.12214E+14,D-24-22 04CBC2 [PALUWD],31.37070278,-110.1221194,PALUWD,USGS,GW,17.16,null,null,1,USGS,m,2,S,V,A,72019,4/7/2020,no,911
3.12127E+14,D-24-22 08DBA2 [PLS-LO],31.35772778,-110.126375,PLS-LO,USGS,GW,8.76,null,null,1,null,m,2,null,O,A,72019,3/21/2007,no,913
3.12127E+14,D-24-22 08DBA1 [PLS-LI],31.3575222,-110.1260028,PLS-LI,USGS,GW,6.27,null,null,1,null,m,2,null,O,A,72019,6/22/2009,no,915
3.12214E+14,D-24-22 04CBC2 [PALUWD],31.37070278,-110.1221194,PALUWD,USGS,GW,17.8,null,null,1,USGS,m,2,S,V,A,72019,6/24/2020,no,916
3.12127E+14,D-24-22 08DBA2 [PLS-LO],31.35772778,-110.126375,PLS-LO,USGS,GW,8.77,null,null,1,null,m,2,null,O,A,72019,4/11/2007,no,918
3.12127E+14,D-24-22 08DBA1 [PLS-LI],31.3575222,-110.1260028,PLS-LI,USGS,GW,6.59,null,null,1,null,m,2,null,O,A,72019,7/31/2009,no,920
3.12214E+14,D-24-22 04CBC2 [PALUWD],31.37070278,-110.1221194,PALUWD,USGS,GW,18.48,null,null,1,USGS,m,2,S,V,A,72019,10/6/2020,no,921
3.12127E+14,D-24-22 08DBA2 [PLS-LO],31.35772778,-110.126375,PLS-LO,USGS,GW,8.79,null,null,1,null,m,2,null,O,A,72019,5/11/2007,no,922
3.12127E+14,D-24-22 08DBA1 [PLS-LI],31.3575222,-110.1260028,PLS-LI,USGS,GW,6.89,null,null,1,null,m,2,null,O,A,72019,9/24/2009,no,924
3.12214E+14,D-24-22 04CBC2 [PALUWD],31.37070278,-110.1221194,PALUWD,USGS,GW,18.56,null,null,1,USGS,m,2,S,V,A,72019,2/10/2021,no,925
3.12127E+14,D-24-22 08DBA1 [PLS-LI],31.3575222,-110.1260028,PLS-LI,USGS,GW,4.54,null,null,1,null,m,2,null,O,A,72019,12/29/2009,no,928
3.12214E+14,D-24-22 04CBC2 [PALUWD],31.37070278,-110.1221194,PALUWD,USGS,GW,18.67,null,null,1,USGS,m,2,S,V,A,72019,4/7/2021,no,929
3.12127E+14,D-24-22 08DBA2 [PLS-LO],31.35772778,-110.126375,PLS-LO,USGS,GW,8.89,null,null,1,null,m,2,null,O,A,72019,5/18/2007,no,930
3.12214E+14,D-24-22 04CBC2 [PALUWD],31.37070278,-110.1221194,PALUWD,USGS,GW,19.14,null,null,1,USGS,m,2,S,V,A,72019,6/28/2021,no,933
3.12127E+14,D-24-22 08DBA2 [PLS-LO],31.35772778,-110.126375,PLS-LO,USGS,GW,9.79,null,null,1,null,m,2,null,O,A,72019,6/13/2007,no,934
3.12207E+14,D-24-22 04CBA3 [PAL-US],31.3689111,-110.1192944,PAL-US,USGS,GW,14.58,null,null,1,null,m,2,null,O,A,72019,9/25/2006,no,935
3.12214E+14,D-24-22 04CBC1 [PALUWS],31.3707,-110.1221389,PALUWS,USGS,GW,17.84,null,null,1,USGS,m,2,S,T,A,72019,2/21/2006,no,936
3.12214E+14,D-24-22 04CBC2 [PALUWD],31.37070278,-110.1221194,PALUWD,USGS,GW,18.31,null,null,1,USGS,m,2,S,V,A,72019,10/19/2021,no,937
3.12127E+14,D-24-22 08DBA2 [PLS-LO],31.35772778,-110.126375,PLS-LO,USGS,GW,10.1,null,null,1,null,m,2,null,O,A,72019,7/18/2007,no,938
3.12207E+14,D-24-22 04CBA3 [PAL-US],31.3689111,-110.1192944,PAL-US,USGS,GW,14.93,null,null,1,null,m,2,null,O,A,72019,11/6/2006,no,939
3.12214E+14,D-24-22 04CBC1 [PALUWS],31.3707,-110.1221389,PALUWS,USGS,GW,17.25,null,null,1,null,m,2,null,O,A,72019,4/22/2006,no,940
3.12214E+14,D-24-22 04CBC2 [PALUWD],31.37070278,-110.1221194,PALUWD,USGS,GW,18.18,null,null,1,USGS,m,2,S,V,A,72019,2/1/2022,no,941
3.12127E+14,D-24-22 08DBA2 [PLS-LO],31.35772778,-110.126375,PLS-LO,USGS,GW,7.43,null,null,1,null,m,2,null,O,A,72019,8/10/2007,no,942
3.12207E+14,D-24-22 04CBA3 [PAL-US],31.3689111,-110.1192944,PAL-US,USGS,GW,14.95,null,null,1,null,m,2,null,O,A,72019,12/12/2006,no,943
3.12214E+14,D-24-22 04CBC1 [PALUWS],31.3707,-110.1221389,PALUWS,USGS,GW,18.19,null,null,1,USGS,m,2,S,T,A,72019,6/14/2006,no,944
3.12214E+14,D-24-22 04CBC2 [PALUWD],31.37070278,-110.1221194,PALUWD,USGS,GW,18.03,null,null,1,USGS,m,2,S,V,A,72019,4/4/2022,no,945
3.12127E+14,D-24-22 08DBA2 [PLS-LO],31.35772778,-110.126375,PLS-LO,USGS,GW,8.13,null,null,1,null,m,2,null,O,A,72019,9/10/2007,no,946
3.12207E+14,D-24-22 04CBA3 [PAL-US],31.3689111,-110.1192944,PAL-US,USGS,GW,14.94,null,null,1,null,m,2,null,O,A,72019,12/19/2006,no,947
3.12214E+14,D-24-22 04CBC1 [PALUWS],31.3707,-110.1221389,PALUWS,USGS,GW,17.53,null,null,1,null,m,2,null,O,A,72019,9/25/2006,no,948
3.12214E+14,D-24-22 04CBC2 [PALUWD],31.37070278,-110.1221194,PALUWD,USGS,GW,18.7,null,null,1,USGS,m,2,S,V,A,72019,6/27/2022,no,949
3.12127E+14,D-24-22 08DBA2 [PLS-LO],31.35772778,-110.126375,PLS-LO,USGS,GW,8.91,null,null,1,null,m,2,null,O,A,72019,10/1/2007,no,950
3.12207E+14,D-24-22 04CBA3 [PAL-US],31.3689111,-110.1192944,PAL-US,USGS,GW,15.02,null,null,1,null,m,2,null,V,A,72019,1/23/2007,no,951
3.12214E+14,D-24-22 04CBC1 [PALUWS],31.3707,-110.1221389,PALUWS,USGS,GW,17.47,null,null,1,null,m,2,null,O,A,72019,11/6/2006,no,952
3.12214E+14,D-24-22 04CBC2 [PALUWD],31.37070278,-110.1221194,PALUWD,USGS,GW,17.51,null,null,1,USGS,m,2,S,V,A,72019,10/3/2022,no,953
3.12127E+14,D-24-22 08DBA2 [PLS-LO],31.35772778,-110.126375,PLS-LO,USGS,GW,8.98,null,null,1,null,m,2,null,O,A,72019,10/11/2007,no,954
3.12207E+14,D-24-22 04CBA3 [PAL-US],31.3689111,-110.1192944,PAL-US,USGS,GW,14.95,null,null,1,null,m,2,null,O,A,72019,1/23/2007,no,955
3.12214E+14,D-24-22 04CBC1 [PALUWS],31.3707,-110.1221389,PALUWS,USGS,GW,17.42,null,null,1,USGS,m,2,S,T,A,72019,12/7/2006,no,956
3.12214E+14,D-24-22 04CBC2 [PALUWD],31.37070278,-110.1221194,PALUWD,USGS,GW,17.05,null,null,1,USGS,m,2,S,V,A,72019,1/24/2023,no,957
3.12207E+14,D-24-22 04CBA3 [PAL-US],31.3689111,-110.1192944,PAL-US,USGS,GW,14.93,null,null,1,null,m,2,null,O,A,72019,2/23/2007,no,958
3.12127E+14,D-24-22 08DBA2 [PLS-LO],31.35772778,-110.126375,PLS-LO,USGS,GW,9.03,null,null,1,null,m,2,null,O,A,72019,10/22/2007,no,959
3.12214E+14,D-24-22 04CBC2 [PALUWD],31.37070278,-110.1221194,PALUWD,USGS,GW,16.89,null,null,1,USGS,m,2,S,V,A,72019,4/17/2023,no,960
3.12214E+14,D-24-22 04CBC1 [PALUWS],31.3707,-110.1221389,PALUWS,USGS,GW,17.43,null,null,1,null,m,2,null,O,A,72019,12/12/2006,no,961
3.12207E+14,D-24-22 04CBA3 [PAL-US],31.3689111,-110.1192944,PAL-US,USGS,GW,15.02,null,null,1,null,m,2,null,O,A,72019,3/21/2007,no,962
3.12214E+14,D-24-22 04CBC2 [PALUWD],31.37070278,-110.1221194,PALUWD,USGS,GW,17.71,null,null,1,USGS,m,2,S,V,A,72019,6/26/2023,no,963
3.12127E+14,D-24-22 08DBA2 [PLS-LO],31.35772778,-110.126375,PLS-LO,USGS,GW,8.96,null,null,1,null,m,2,null,O,A,72019,11/8/2007,no,964
3.12214E+14,D-24-22 04CBC1 [PALUWS],31.3707,-110.1221389,PALUWS,USGS,GW,17.42,null,null,1,null,m,2,null,O,A,72019,12/19/2006,no,965
3.12207E+14,D-24-22 04CBA3 [PAL-US],31.3689111,-110.1192944,PAL-US,USGS,GW,15.09,null,null,1,null,m,2,null,O,A,72019,4/11/2007,no,966
3.12214E+14,D-24-22 04CBC2 [PALUWD],31.37070278,-110.1221194,PALUWD,USGS,GW,18.98,null,null,1,USGS,m,2,S,V,A,72019,11/1/2023,no,967
3.12127E+14,D-24-22 08DBA2 [PLS-LO],31.35772778,-110.126375,PLS-LO,USGS,GW,8.91,null,null,1,null,m,2,null,O,A,72019,11/14/2007,no,968
3.12214E+14,D-24-22 04CBC1 [PALUWS],31.3707,-110.1221389,PALUWS,USGS,GW,17.39,null,null,1,null,m,2,null,O,A,72019,1/23/2007,no,969
3.12207E+14,D-24-22 04CBA3 [PAL-US],31.3689111,-110.1192944,PAL-US,USGS,GW,15.23,null,null,1,null,m,2,null,O,A,72019,5/10/2007,no,970
3.12214E+14,D-24-22 04CBC2 [PALUWD],31.37070278,-110.1221194,PALUWD,USGS,GW,18.8,null,null,1,USGS,m,2,S,V,A,72019,2/13/2024,no,971
3.12127E+14,D-24-22 08DBA2 [PLS-LO],31.35772778,-110.126375,PLS-LO,USGS,GW,8.86,null,null,1,null,m,2,null,O,A,72019,12/17/2007,no,972
3.12214E+14,D-24-22 04CBC1 [PALUWS],31.3707,-110.1221389,PALUWS,USGS,GW,17.36,null,null,1,null,m,2,null,O,A,72019,2/23/2007,no,973
3.12207E+14,D-24-22 04CBA3 [PAL-US],31.3689111,-110.1192944,PAL-US,USGS,GW,16.12,null,null,1,null,m,2,null,O,A,72019,6/13/2007,no,974
3.12214E+14,D-24-22 04CBC2 [PALUWD],31.37070278,-110.1221194,PALUWD,USGS,GW,19.19,null,null,1,USGS,m,2,S,V,A,72019,7/9/2024,no,975
3.12127E+14,D-24-22 08DBA2 [PLS-LO],31.35772778,-110.126375,PLS-LO,USGS,GW,8.8,null,null,1,null,m,2,null,O,A,72019,1/28/2008,no,976
3.12214E+14,D-24-22 04CBC1 [PALUWS],31.3707,-110.1221389,PALUWS,USGS,GW,17.37,null,null,1,null,m,2,null,O,A,72019,3/21/2007,no,977
3.12207E+14,D-24-22 04CBA3 [PAL-US],31.3689111,-110.1192944,PAL-US,USGS,GW,16.42,null,null,1,null,m,2,null,O,A,72019,7/18/2007,no,978
3.12214E+14,D-24-22 04CBC2 [PALUWD],31.37070278,-110.1221194,PALUWD,USGS,GW,19.46,null,null,1,USGS,m,2,S,V,A,72019,10/29/2024,no,979
3.12127E+14,D-24-22 08DBA2 [PLS-LO],31.35772778,-110.126375,PLS-LO,USGS,GW,8.83,null,null,1,null,m,2,null,O,A,72019,2/22/2008,no,980
3.12214E+14,D-24-22 04CBC1 [PALUWS],31.3707,-110.1221389,PALUWS,USGS,GW,17.38,null,null,1,null,m,2,null,O,A,72019,4/11/2007,no,981
3.12207E+14,D-24-22 04CBA3 [PAL-US],31.3689111,-110.1192944,PAL-US,USGS,GW,13.13,null,null,1,null,m,2,null,O,A,72019,8/10/2007,no,982
3.12214E+14,D-24-22 04CBC2 [PALUWD],31.37070278,-110.1221194,PALUWD,USGS,GW,19.2,null,null,1,USGS,m,2,S,V,A,72019,2/25/2025,no,983
3.12127E+14,D-24-22 08DBA2 [PLS-LO],31.35772778,-110.126375,PLS-LO,USGS,GW,8.8,null,null,1,null,m,2,null,O,A,72019,3/12/2008,no,984
3.12207E+14,D-24-22 04CBA3 [PAL-US],31.3689111,-110.1192944,PAL-US,USGS,GW,14.28,null,null,1,null,m,2,null,O,A,72019,9/10/2007,no,985
3.12127E+14,D-24-22 08DBA2 [PLS-LO],31.35772778,-110.126375,PLS-LO,USGS,GW,8.81,null,null,1,null,m,2,null,O,A,72019,4/22/2008,no,987
3.12207E+14,D-24-22 04CBA3 [PAL-US],31.3689111,-110.1192944,PAL-US,USGS,GW,15.4,null,null,1,null,m,2,null,O,A,72019,10/22/2007,no,988
3.12127E+14,D-24-22 08DBA2 [PLS-LO],31.35772778,-110.126375,PLS-LO,USGS,GW,10.48,null,null,1,null,m,2,null,O,A,72019,6/22/2009,no,990
3.12207E+14,D-24-22 04CBA3 [PAL-US],31.3689111,-110.1192944,PAL-US,USGS,GW,15.16,null,null,1,null,m,2,null,O,A,72019,11/14/2007,no,991
3.12127E+14,D-24-22 08DBA2 [PLS-LO],31.35772778,-110.126375,PLS-LO,USGS,GW,10.8,null,null,1,null,m,2,null,O,A,72019,7/31/2009,no,993
3.12207E+14,D-24-22 04CBA3 [PAL-US],31.3689111,-110.1192944,PAL-US,USGS,GW,14.97,null,null,1,null,m,2,null,O,A,72019,12/17/2007,no,994
3.12127E+14,D-24-22 08DBA2 [PLS-LO],31.35772778,-110.126375,PLS-LO,USGS,GW,11.12,null,null,1,null,m,2,null,O,A,72019,9/24/2009,no,996
3.12127E+14,D-24-22 08DBA2 [PLS-LO],31.35772778,-110.126375,PLS-LO,USGS,GW,9.43,null,null,1,null,m,2,null,O,A,72019,1/26/2010,no,997
3.12127E+14,D-24-22 08DBA2 [PLS-LO],31.35772778,-110.126375,PLS-LO,USGS,GW,9.33,null,null,1,null,m,2,null,O,A,72019,2/16/2010,no,998
3.12127E+14,D-24-22 08DBA2 [PLS-LO],31.35772778,-110.126375,PLS-LO,USGS,GW,9.17,null,null,1,null,m,2,null,O,A,72019,3/15/2010,no,999
3.12127E+14,D-24-22 08DBA2 [PLS-LO],31.35772778,-110.126375,PLS-LO,USGS,GW,10.95,null,null,1,null,m,2,null,O,A,72019,6/24/2010,no,1000
3.1225E+14,D-23-22 33DCD2 [PALO DEEP],31.38010095,-110.1103549,PALO DEEP,USGS,GW,15.03,null,null,1,USGS,m,2,S,V,A,72019,11/6/2007,no,1001
3.1225E+14,D-23-22 33DCD2 [PALO DEEP],31.38010095,-110.1103549,PALO DEEP,USGS,GW,14.55,null,null,1,USGS,m,2,S,V,A,72019,2/20/2008,no,1002
3.1225E+14,D-23-22 33DCD2 [PALO DEEP],31.38010095,-110.1103549,PALO DEEP,USGS,GW,15.03,null,null,1,USGS,m,2,S,V,A,72019,5/29/2008,no,1003
3.1225E+14,D-23-22 33DCD2 [PALO DEEP],31.38010095,-110.1103549,PALO DEEP,USGS,GW,14.35,null,null,1,USGS,m,2,S,V,A,72019,8/20/2008,no,1004
3.1225E+14,D-23-22 33DCD2 [PALO DEEP],31.38010095,-110.1103549,PALO DEEP,USGS,GW,14.47,null,null,1,USGS,m,2,S,V,A,72019,11/19/2008,no,1005
3.1225E+14,D-23-22 33DCD2 [PALO DEEP],31.38010095,-110.1103549,PALO DEEP,USGS,GW,14.35,null,null,1,USGS,m,2,S,V,A,72019,2/25/2009,no,1006
3.1225E+14,D-23-22 33DCD2 [PALO DEEP],31.38010095,-110.1103549,PALO DEEP,USGS,GW,15.19,null,null,1,USGS,m,2,S,V,A,72019,6/11/2009,no,1007
3.1225E+14,D-23-22 33DCD2 [PALO DEEP],31.38010095,-110.1103549,PALO DEEP,USGS,GW,15.63,null,null,1,USGS,m,2,S,V,A,72019,9/4/2009,no,1008
3.1225E+14,D-23-22 33DCD2 [PALO DEEP],31.38010095,-110.1103549,PALO DEEP,USGS,GW,15.66,null,null,1,USGS,m,2,S,V,A,72019,11/19/2009,no,1009
3.1225E+14,D-23-22 33DCD2 [PALO DEEP],31.38010095,-110.1103549,PALO DEEP,USGS,GW,15.09,null,null,1,USGS,m,2,S,T,A,72019,3/17/2010,no,1010
3.1225E+14,D-23-22 33DCD2 [PALO DEEP],31.38010095,-110.1103549,PALO DEEP,USGS,GW,15.26,null,null,1,USGS,m,2,S,T,A,72019,5/13/2010,no,1011
3.1225E+14,D-23-22 33DCD2 [PALO DEEP],31.38010095,-110.1103549,PALO DEEP,USGS,GW,14.44,null,null,1,USGS,m,2,S,V,A,72019,9/1/2010,no,1012
3.1225E+14,D-23-22 33DCD2 [PALO DEEP],31.38010095,-110.1103549,PALO DEEP,USGS,GW,15.3,null,null,1,USGS,m,2,S,T,A,72019,11/23/2010,no,1013
3.1225E+14,D-23-22 33DCD2 [PALO DEEP],31.38010095,-110.1103549,PALO DEEP,USGS,GW,14.78,null,null,1,USDA,m,1,A,T,A,72019,3/17/2011,no,1014
3.1225E+14,D-23-22 33DCD2 [PALO DEEP],31.38010095,-110.1103549,PALO DEEP,USGS,GW,15.97,null,null,1,USDA,m,1,A,T,A,72019,6/28/2011,no,1015
3.1225E+14,D-23-22 33DCD2 [PALO DEEP],31.38010095,-110.1103549,PALO DEEP,USGS,GW,15.8,null,null,1,USDA,m,1,A,T,A,72019,9/26/2011,no,1016
3.1225E+14,D-23-22 33DCD2 [PALO DEEP],31.38010095,-110.1103549,PALO DEEP,USGS,GW,15.56,null,null,1,USDA,m,1,A,T,A,72019,1/6/2012,no,1017
3.1225E+14,D-23-22 33DCD2 [PALO DEEP],31.38010095,-110.1103549,PALO DEEP,USGS,GW,15.52,null,null,1,USDA,m,1,A,T,A,72019,4/11/2012,no,1018
3.1225E+14,D-23-22 33DCD2 [PALO DEEP],31.38010095,-110.1103549,PALO DEEP,USGS,GW,16.33,null,null,1,USDA,m,1,A,T,A,72019,6/19/2012,no,1019
3.1225E+14,D-23-22 33DCD2 [PALO DEEP],31.38010095,-110.1103549,PALO DEEP,USGS,GW,15.32,null,null,1,USDA,m,1,A,T,A,72019,9/25/2012,no,1020
3.1225E+14,D-23-22 33DCD2 [PALO DEEP],31.38010095,-110.1103549,PALO DEEP,USGS,GW,15.39,null,null,1,USDA,m,1,A,T,A,72019,1/15/2013,no,1021
3.1225E+14,D-23-22 33DCD2 [PALO DEEP],31.38010095,-110.1103549,PALO DEEP,USGS,GW,15.01,null,null,1,USDA,m,1,A,T,A,72019,3/19/2013,no,1022
3.1225E+14,D-23-22 33DCD2 [PALO DEEP],31.38010095,-110.1103549,PALO DEEP,USGS,GW,16.06,null,null,1,USDA,m,1,A,T,A,72019,6/6/2013,no,1023
3.1225E+14,D-23-22 33DCD2 [PALO DEEP],31.38010095,-110.1103549,PALO DEEP,USGS,GW,14.47,null,null,1,USDA,m,1,A,T,A,72019,9/5/2013,no,1024
3.1225E+14,D-23-22 33DCD2 [PALO DEEP],31.38010095,-110.1103549,PALO DEEP,USGS,GW,14.73,null,null,1,USDA,m,1,A,T,A,72019,12/10/2013,no,1025
3.1225E+14,D-23-22 33DCD2 [PALO DEEP],31.38010095,-110.1103549,PALO DEEP,USGS,GW,14.48,null,null,1,USDA,m,1,A,T,A,72019,3/11/2014,no,1026
3.1225E+14,D-23-22 33DCD2 [PALO DEEP],31.38010095,-110.1103549,PALO DEEP,USGS,GW,15.6,null,null,1,USDA,m,1,A,T,A,72019,6/3/2014,no,1027
3.1225E+14,D-23-22 33DCD2 [PALO DEEP],31.38010095,-110.1103549,PALO DEEP,USGS,GW,14.67,null,null,1,USDA,m,1,A,T,A,72019,9/15/2014,no,1028
3.1225E+14,D-23-22 33DCD2 [PALO DEEP],31.38010095,-110.1103549,PALO DEEP,USGS,GW,13.46,null,null,1,USGS,m,2,S,V,A,72019,10/8/2014,no,1029
3.1225E+14,D-23-22 33DCD2 [PALO DEEP],31.38010095,-110.1103549,PALO DEEP,USGS,GW,14.1,null,null,1,USDA,m,1,A,T,A,72019,12/15/2014,no,1030
3.1225E+14,D-23-22 33DCD2 [PALO DEEP],31.38010095,-110.1103549,PALO DEEP,USGS,GW,14.27,null,null,1,USDA,m,1,A,T,A,72019,4/2/2015,no,1031
3.1225E+14,D-23-22 33DCD2 [PALO DEEP],31.38010095,-110.1103549,PALO DEEP,USGS,GW,15.21,null,null,1,USDA,m,1,A,T,A,72019,6/30/2015,no,1032
3.1225E+14,D-23-22 33DCD2 [PALO DEEP],31.38010095,-110.1103549,PALO DEEP,USGS,GW,14.73,null,null,1,USDA,m,1,A,T,A,72019,9/29/2015,no,1033
3.1225E+14,D-23-22 33DCD2 [PALO DEEP],31.38010095,-110.1103549,PALO DEEP,USGS,GW,14.45,null,null,1,USDA,m,1,A,T,A,72019,1/4/2016,no,1034
3.1225E+14,D-23-22 33DCD2 [PALO DEEP],31.38010095,-110.1103549,PALO DEEP,USGS,GW,14.63,null,null,1,USDA,m,1,A,T,A,72019,4/11/2016,no,1035
3.1225E+14,D-23-22 33DCD2 [PALO DEEP],31.38010095,-110.1103549,PALO DEEP,USGS,GW,15.62,null,null,1,USDA,m,1,A,T,A,72019,6/29/2016,no,1036
3.1225E+14,D-23-22 33DCD2 [PALO DEEP],31.38010095,-110.1103549,PALO DEEP,USGS,GW,15.6,null,null,1,USDA,m,1,A,T,A,72019,10/17/2016,no,1037
3.1225E+14,D-23-22 33DCD2 [PALO DEEP],31.38010095,-110.1103549,PALO DEEP,USGS,GW,15.21,null,null,1,USDA,m,1,A,T,A,72019,1/18/2017,no,1038
3.1225E+14,D-23-22 33DCD2 [PALO DEEP],31.38010095,-110.1103549,PALO DEEP,USGS,GW,15.14,null,null,1,USDA,m,1,A,T,A,72019,4/5/2017,no,1039
3.1225E+14,D-23-22 33DCD2 [PALO DEEP],31.38010095,-110.1103549,PALO DEEP,USGS,GW,16.09,null,null,1,USDA,m,1,A,T,A,72019,7/14/2017,no,1040
3.1225E+14,D-23-22 33DCD2 [PALO DEEP],31.38010095,-110.1103549,PALO DEEP,USGS,GW,15.88,null,null,1,USDA,m,1,A,T,A,72019,10/3/2017,no,1041
3.1225E+14,D-23-22 33DCD2 [PALO DEEP],31.38010095,-110.1103549,PALO DEEP,USGS,GW,15.75,null,null,1,USDA,m,1,A,T,A,72019,1/16/2018,no,1042
3.1225E+14,D-23-22 33DCD2 [PALO DEEP],31.38010095,-110.1103549,PALO DEEP,USGS,GW,15.66,null,null,1,USDA,m,1,A,T,A,72019,4/11/2018,no,1043
3.1225E+14,D-23-22 33DCD2 [PALO DEEP],31.38010095,-110.1103549,PALO DEEP,USGS,GW,16.56,null,null,1,USDA,m,1,A,T,A,72019,7/12/2018,no,1044
3.1225E+14,D-23-22 33DCD2 [PALO DEEP],31.38010095,-110.1103549,PALO DEEP,USGS,GW,16.23,null,null,1,USDA,m,1,A,T,A,72019,10/4/2018,no,1045
3.1225E+14,D-23-22 33DCD2 [PALO DEEP],31.38010095,-110.1103549,PALO DEEP,USGS,GW,15.58,null,null,1,USDA,m,1,A,T,A,72019,1/30/2019,no,1046
3.1225E+14,D-23-22 33DCD2 [PALO DEEP],31.38010095,-110.1103549,PALO DEEP,USGS,GW,15.3,null,null,1,USDA,m,1,A,T,A,72019,3/28/2019,no,1047
3.1225E+14,D-23-22 33DCD2 [PALO DEEP],31.38010095,-110.1103549,PALO DEEP,USGS,GW,16.48,null,null,1,USDA,m,1,A,T,A,72019,7/18/2019,no,1048
3.1225E+14,D-23-22 33DCD2 [PALO DEEP],31.38010095,-110.1103549,PALO DEEP,USGS,GW,14.58,null,null,1,USGS,m,2,S,V,A,72019,4/10/2020,no,1049
3.1225E+14,D-23-22 33DCD2 [PALO DEEP],31.38010095,-110.1103549,PALO DEEP,USGS,GW,15.91,null,null,1,USGS,m,2,S,V,A,72019,6/24/2020,no,1050
3.1225E+14,D-23-22 33DCD2 [PALO DEEP],31.38010095,-110.1103549,PALO DEEP,USGS,GW,16.57,null,null,1,USGS,m,2,S,V,A,72019,10/6/2020,no,1051
3.1225E+14,D-23-22 33DCD2 [PALO DEEP],31.38010095,-110.1103549,PALO DEEP,USGS,GW,16.21,null,null,1,USGS,m,2,S,V,A,72019,2/9/2021,no,1052
3.1225E+14,D-23-22 33DCD2 [PALO DEEP],31.38010095,-110.1103549,PALO DEEP,USGS,GW,16.31,null,null,1,USGS,m,2,S,V,A,72019,4/6/2021,no,1053
3.1225E+14,D-23-22 33DCD2 [PALO DEEP],31.38010095,-110.1103549,PALO DEEP,USGS,GW,17.31,null,null,1,USGS,m,2,S,V,A,72019,6/28/2021,no,1054
3.1225E+14,D-23-22 33DCD2 [PALO DEEP],31.38010095,-110.1103549,PALO DEEP,USGS,GW,15.91,null,null,1,USGS,m,2,S,V,A,72019,10/22/2021,no,1055
3.1225E+14,D-23-22 33DCD2 [PALO DEEP],31.38010095,-110.1103549,PALO DEEP,USGS,GW,15.8,null,null,1,USGS,m,2,S,V,A,72019,2/1/2022,no,1056
3.1225E+14,D-23-22 33DCD2 [PALO DEEP],31.38010095,-110.1103549,PALO DEEP,USGS,GW,15.73,null,null,1,USGS,m,2,S,V,A,72019,4/4/2022,no,1057
3.1225E+14,D-23-22 33DCD2 [PALO DEEP],31.38010095,-110.1103549,PALO DEEP,USGS,GW,16.49,null,null,1,USGS,m,2,S,V,A,72019,6/27/2022,no,1058
3.1225E+14,D-23-22 33DCD2 [PALO DEEP],31.38010095,-110.1103549,PALO DEEP,USGS,GW,14.62,null,null,1,USGS,m,2,S,V,A,72019,10/3/2022,no,1059
3.1225E+14,D-23-22 33DCD2 [PALO DEEP],31.38010095,-110.1103549,PALO DEEP,USGS,GW,14.08,null,null,1,USGS,m,2,S,V,A,72019,1/24/2023,no,1060
3.1225E+14,D-23-22 33DCD2 [PALO DEEP],31.38010095,-110.1103549,PALO DEEP,USGS,GW,14.28,null,null,1,USGS,m,2,S,V,A,72019,4/17/2023,no,1061
3.1225E+14,D-23-22 33DCD2 [PALO DEEP],31.38010095,-110.1103549,PALO DEEP,USGS,GW,15.86,null,null,1,USGS,m,2,S,V,A,72019,6/26/2023,no,1062
3.1225E+14,D-23-22 33DCD2 [PALO DEEP],31.38010095,-110.1103549,PALO DEEP,USGS,GW,16.72,null,null,1,USGS,m,2,S,V,A,72019,11/1/2023,no,1063
3.1225E+14,D-23-22 33DCD2 [PALO DEEP],31.38010095,-110.1103549,PALO DEEP,USGS,GW,16.26,null,null,1,USGS,m,2,S,V,A,72019,2/13/2024,no,1064
3.1225E+14,D-23-22 33DCD2 [PALO DEEP],31.38010095,-110.1103549,PALO DEEP,USGS,GW,16.56,null,null,1,USGS,m,2,S,V,A,72019,4/18/2024,no,1065
3.1225E+14,D-23-22 33DCD2 [PALO DEEP],31.38010095,-110.1103549,PALO DEEP,USGS,GW,16.96,null,null,1,USGS,m,2,S,V,A,72019,7/9/2024,no,1066
3.1225E+14,D-23-22 33DCD2 [PALO DEEP],31.38010095,-110.1103549,PALO DEEP,USGS,GW,17.51,null,null,1,USGS,m,2,S,V,A,72019,10/28/2024,no,1067
3.1225E+14,D-23-22 33DCD2 [PALO DEEP],31.38010095,-110.1103549,PALO DEEP,USGS,GW,16.95,null,null,1,USGS,m,2,S,V,P,72019,2/26/2025,no,1068
3.12453E+14,D-23-22 22CBB1 [KOL-LI],31.4147611,-110.1044444,KOL-LI,USGS,GW,8.62,null,null,1,USGS,m,2,S,V,A,72019,3/19/2012,no,1093
3.12332E+14,D-23-22 33ABD02 [ULLRICH],31.39218056,-110.110575,ULLRICH,USGS,GW,16.24,null,null,1,null,m,1,null,O,A,72019,8/29/2009,no,1103
3.12332E+14,D-23-22 33ABD02 [ULLRICH],31.39218056,-110.110575,ULLRICH,USGS,GW,14.72,null,null,1,null,m,1,null,O,A,72019,11/3/2014,no,1104
3.12453E+14,D-23-22 22CBB3 [KOL-UP],31.4149361,-110.1035833,KOL-UP,USGS,GW,8.85,null,null,1,null,m,2,null,O,A,72019,4/18/2008,no,1106
3.12453E+14,D-23-22 22CBB2 [KOL-LO],31.41485833,-110.1041667,KOL-LO,USGS,GW,8.62,null,null,1,null,m,2,null,O,A,72019,3/29/2010,no,1108
3.12453E+14,D-23-22 22CBB1 [KOL-LI],31.4147611,-110.1044444,KOL-LI,USGS,GW,9.05,null,null,1,USGS,m,2,S,V,A,72019,6/18/2012,no,1110
3.12332E+14,D-23-22 33ABD02 [ULLRICH],31.39218056,-110.110575,ULLRICH,USGS,GW,14.43,null,null,1,null,m,1,null,O,A,72019,12/21/2014,no,1112
3.12453E+14,D-23-22 22CBB3 [KOL-UP],31.4149361,-110.1035833,KOL-UP,USGS,GW,9.28,null,null,1,null,m,2,null,O,A,72019,10/16/2008,no,1113
3.12453E+14,D-23-22 22CBB2 [KOL-LO],31.41485833,-110.1041667,KOL-LO,USGS,GW,9.06,null,null,1,null,m,2,null,O,A,72019,6/24/2010,no,1115
3.12332E+14,D-23-22 33ABD02 [ULLRICH],31.39218056,-110.110575,ULLRICH,USGS,GW,14.47,null,null,1,null,m,1,null,O,A,72019,1/9/2015,no,1116
3.12453E+14,D-23-22 22CBB3 [KOL-UP],31.4149361,-110.1035833,KOL-UP,USGS,GW,8.96,null,null,1,null,m,2,null,O,A,72019,12/11/2008,no,1119
3.12453E+14,D-23-22 22CBB2 [KOL-LO],31.41485833,-110.1041667,KOL-LO,USGS,GW,9.05,null,null,1,null,m,2,null,O,A,72019,7/15/2010,no,1120
3.12453E+14,D-23-22 22CBB1 [KOL-LI],31.4147611,-110.1044444,KOL-LI,USGS,GW,6.99,null,null,1,USGS,m,2,S,V,A,72019,9/12/2012,no,1122
3.12332E+14,D-23-22 33ABD02 [ULLRICH],31.39218056,-110.110575,ULLRICH,USGS,GW,14.49,null,null,1,null,m,1,null,O,A,72019,1/24/2015,no,1123
3.12453E+14,D-23-22 22CBB3 [KOL-UP],31.4149361,-110.1035833,KOL-UP,USGS,GW,8.91,null,null,1,null,m,2,null,O,A,72019,3/26/2009,no,1126
3.12453E+14,D-23-22 22CBB2 [KOL-LO],31.41485833,-110.1041667,KOL-LO,USGS,GW,8.52,null,null,1,null,m,2,null,O,A,72019,11/29/2010,no,1127
3.12453E+14,D-23-22 22CBB1 [KOL-LI],31.4147611,-110.1044444,KOL-LI,USGS,GW,8.07,null,null,1,USGS,m,2,S,V,A,72019,5/29/2013,no,1129
3.12332E+14,D-23-22 33ABD02 [ULLRICH],31.39218056,-110.110575,ULLRICH,USGS,GW,14.49,null,null,1,null,m,1,null,O,A,72019,2/6/2015,no,1130
3.12453E+14,D-23-22 22CBB3 [KOL-UP],31.4149361,-110.1035833,KOL-UP,USGS,GW,9.9,null,null,1,null,m,2,null,O,A,72019,6/24/2009,no,1133
3.12453E+14,D-23-22 22CBB2 [KOL-LO],31.41485833,-110.1041667,KOL-LO,USGS,GW,8.44,null,null,1,null,m,2,null,O,A,72019,12/29/2010,no,1135
3.12453E+14,D-23-22 22CBB1 [KOL-LI],31.4147611,-110.1044444,KOL-LI,USGS,GW,8.24,null,null,1,USGS,m,2,S,V,A,72019,7/1/2013,no,1137
3.12332E+14,D-23-22 33ABD02 [ULLRICH],31.39218056,-110.110575,ULLRICH,USGS,GW,14.37,null,null,1,null,m,1,null,O,A,72019,2/20/2015,no,1138
3.12332E+14,D-23-22 33ABD02 [ULLRICH],31.39218056,-110.110575,ULLRICH,USGS,GW,15.78,null,null,1,null,m,1,null,O,A,72019,9/4/2009,no,1140
3.12453E+14,D-23-22 22CBB3 [KOL-UP],31.4149361,-110.1035833,KOL-UP,USGS,GW,10.13,null,null,1,null,m,2,null,O,A,72019,7/27/2009,no,1142
3.12453E+14,D-23-22 22CBB2 [KOL-LO],31.41485833,-110.1041667,KOL-LO,USGS,GW,8.73,null,null,1,USGS,m,1,S,V,A,72019,7/20/2011,no,1143
3.12453E+14,D-23-22 22CBB1 [KOL-LI],31.4147611,-110.1044444,KOL-LI,USGS,GW,8.21,null,null,1,USGS,m,2,S,V,A,72019,10/29/2013,no,1146
3.12332E+14,D-23-22 33ABD02 [ULLRICH],31.39218056,-110.110575,ULLRICH,USGS,GW,15.89,null,null,1,null,m,1,null,O,A,72019,5/16/2015,no,1147
3.12453E+14,D-23-22 22CBB3 [KOL-UP],31.4149361,-110.1035833,KOL-UP,USGS,GW,10.04,null,null,1,null,m,2,null,O,A,72019,8/25/2009,no,1150
3.12453E+14,D-23-22 22CBB2 [KOL-LO],31.41485833,-110.1041667,KOL-LO,USGS,GW,8.64,null,null,1,USGS,m,1,S,V,A,72019,9/21/2011,no,1151
3.12332E+14,D-23-22 33ABD02 [ULLRICH],31.39218056,-110.110575,ULLRICH,USGS,GW,16.3,null,null,1,null,m,1,null,O,A,72019,6/6/2015,no,1156
3.12453E+14,D-23-22 22CBB1 [KOL-LI],31.4147611,-110.1044444,KOL-LI,USGS,GW,7.92,null,null,1,USGS,m,2,S,V,A,72019,1/7/2014,no,1157
3.12332E+14,D-23-22 33ABD02 [ULLRICH],31.39218056,-110.110575,ULLRICH,USGS,GW,16.23,null,null,1,null,m,1,null,O,A,72019,9/13/2009,no,1158
3.12332E+14,D-23-22 33ABD02 [ULLRICH],31.39218056,-110.110575,ULLRICH,USGS,GW,17.8,null,null,1,null,m,1,null,O,A,72019,7/3/2015,no,1160
3.12453E+14,D-23-22 22CBB2 [KOL-LO],31.41485833,-110.1041667,KOL-LO,USGS,GW,8.23,null,null,1,USGS,m,1,S,V,A,72019,3/19/2012,no,1161
3.12453E+14,D-23-22 22CBB1 [KOL-LI],31.4147611,-110.1044444,KOL-LI,USGS,GW,8.09,null,null,1,USGS,m,2,S,V,A,72019,4/2/2014,no,1163
3.12453E+14,D-23-22 22CBB3 [KOL-UP],31.4149361,-110.1035833,KOL-UP,USGS,GW,9.33,null,null,1,null,m,2,null,O,A,72019,1/19/2010,no,1164
3.12332E+14,D-23-22 33ABD02 [ULLRICH],31.39218056,-110.110575,ULLRICH,USGS,GW,16.36,null,null,1,null,m,1,null,O,A,72019,9/28/2009,no,1166
3.12332E+14,D-23-22 33ABD02 [ULLRICH],31.39218056,-110.110575,ULLRICH,USGS,GW,16.82,null,null,1,null,m,1,null,O,A,72019,7/18/2015,no,1169
3.12453E+14,D-23-22 22CBB2 [KOL-LO],31.41485833,-110.1041667,KOL-LO,USGS,GW,8.25,null,null,1,USGS,m,1,S,V,A,72019,3/27/2012,no,1170
3.12453E+14,D-23-22 22CBB1 [KOL-LI],31.4147611,-110.1044444,KOL-LI,USGS,GW,8.44,null,null,1,USGS,m,2,S,V,A,72019,6/25/2014,no,1172
3.12453E+14,D-23-22 22CBB3 [KOL-UP],31.4149361,-110.1035833,KOL-UP,USGS,GW,9.3,null,null,1,null,m,2,null,O,A,72019,2/16/2010,no,1173
3.12332E+14,D-23-22 33ABD02 [ULLRICH],31.39218056,-110.110575,ULLRICH,USGS,GW,15.81,null,null,1,null,m,1,null,O,A,72019,10/19/2009,no,1175
3.12332E+14,D-23-22 33ABD02 [ULLRICH],31.39218056,-110.110575,ULLRICH,USGS,GW,15.34,null,null,1,null,m,1,null,O,A,72019,8/15/2015,no,1178
3.12453E+14,D-23-22 22CBB2 [KOL-LO],31.41485833,-110.1041667,KOL-LO,USGS,GW,8.25,null,null,1,USGS,m,2,S,V,A,72019,3/27/2012,no,1179
3.12453E+14,D-23-22 22CBB2 [KOL-LO],31.41485833,-110.1041667,KOL-LO,USGS,GW,8.73,null,null,1,USGS,m,2,S,V,A,72019,6/18/2012,no,1180
3.12453E+14,D-23-22 22CBB2 [KOL-LO],31.41485833,-110.1041667,KOL-LO,USGS,GW,6.61,null,null,1,USGS,m,2,S,V,A,72019,9/12/2012,no,1181
3.12453E+14,D-23-22 22CBB2 [KOL-LO],31.41485833,-110.1041667,KOL-LO,USGS,GW,7.8,null,null,1,USGS,m,2,S,V,A,72019,5/29/2013,no,1182
3.12453E+14,D-23-22 22CBB2 [KOL-LO],31.41485833,-110.1041667,KOL-LO,USGS,GW,7.99,null,null,1,USGS,m,2,S,V,A,72019,7/1/2013,no,1183
3.12453E+14,D-23-22 22CBB2 [KOL-LO],31.41485833,-110.1041667,KOL-LO,USGS,GW,7.88,null,null,1,USGS,m,2,S,V,A,72019,10/29/2013,no,1184
3.12453E+14,D-23-22 22CBB2 [KOL-LO],31.41485833,-110.1041667,KOL-LO,USGS,GW,7.55,null,null,1,USGS,m,2,S,V,A,72019,1/7/2014,no,1185
3.12453E+14,D-23-22 22CBB2 [KOL-LO],31.41485833,-110.1041667,KOL-LO,USGS,GW,7.72,null,null,1,USGS,m,2,S,V,A,72019,4/2/2014,no,1186
3.12453E+14,D-23-22 22CBB2 [KOL-LO],31.41485833,-110.1041667,KOL-LO,USGS,GW,8.16,null,null,1,USGS,m,2,S,V,A,72019,6/25/2014,no,1187
3.12453E+14,D-23-22 22CBB2 [KOL-LO],31.41485833,-110.1041667,KOL-LO,USGS,GW,7.93,null,null,1,USGS,m,2,S,V,A,72019,10/7/2014,no,1188
3.12453E+14,D-23-22 22CBB2 [KOL-LO],31.41485833,-110.1041667,KOL-LO,USGS,GW,8.24,null,null,1,USGS,m,2,S,V,A,72019,1/14/2015,no,1189
3.12453E+14,D-23-22 22CBB2 [KOL-LO],31.41485833,-110.1041667,KOL-LO,USGS,GW,8.35,null,null,1,USGS,m,2,S,V,A,72019,4/15/2015,no,1190
3.12453E+14,D-23-22 22CBB2 [KOL-LO],31.41485833,-110.1041667,KOL-LO,USGS,GW,8.89,null,null,1,USGS,m,2,S,V,A,72019,7/14/2015,no,1191
3.12453E+14,D-23-22 22CBB2 [KOL-LO],31.41485833,-110.1041667,KOL-LO,USGS,GW,8.79,null,null,1,USGS,m,2,S,V,A,72019,10/7/2015,no,1192
3.12453E+14,D-23-22 22CBB2 [KOL-LO],31.41485833,-110.1041667,KOL-LO,USGS,GW,8.56,null,null,1,USGS,m,2,S,V,A,72019,1/20/2016,no,1193
3.12453E+14,D-23-22 22CBB2 [KOL-LO],31.41485833,-110.1041667,KOL-LO,USGS,GW,8.74,null,null,1,USGS,m,2,S,V,A,72019,4/19/2016,no,1194
3.12453E+14,D-23-22 22CBB2 [KOL-LO],31.41485833,-110.1041667,KOL-LO,USGS,GW,9.08,null,null,1,USGS,m,2,S,V,A,72019,6/27/2016,no,1195
3.12453E+14,D-23-22 22CBB2 [KOL-LO],31.41485833,-110.1041667,KOL-LO,USGS,GW,9.14,null,null,1,USGS,m,2,S,V,A,72019,10/19/2016,no,1196
3.12453E+14,D-23-22 22CBB2 [KOL-LO],31.41485833,-110.1041667,KOL-LO,USGS,GW,8.74,null,null,1,USGS,m,2,S,V,A,72019,1/18/2017,no,1197
3.12453E+14,D-23-22 22CBB2 [KOL-LO],31.41485833,-110.1041667,KOL-LO,USGS,GW,9.09,null,null,1,USGS,m,2,S,V,A,72019,4/25/2017,no,1198
3.12453E+14,D-23-22 22CBB2 [KOL-LO],31.41485833,-110.1041667,KOL-LO,USGS,GW,9.3,null,null,1,USGS,m,2,S,V,A,72019,6/28/2017,no,1199
3.12453E+14,D-23-22 22CBB2 [KOL-LO],31.41485833,-110.1041667,KOL-LO,USGS,GW,8.82,null,null,1,USGS,m,2,S,V,A,72019,10/17/2017,no,1200
3.12453E+14,D-23-22 22CBB2 [KOL-LO],31.41485833,-110.1041667,KOL-LO,USGS,GW,8.55,null,null,1,USGS,m,2,S,V,A,72019,1/10/2018,no,1201
3.12453E+14,D-23-22 22CBB2 [KOL-LO],31.41485833,-110.1041667,KOL-LO,USGS,GW,8.64,null,null,1,USGS,m,2,S,V,A,72019,4/18/2018,no,1202
3.12453E+14,D-23-22 22CBB2 [KOL-LO],31.41485833,-110.1041667,KOL-LO,USGS,GW,9.05,null,null,1,USGS,m,2,S,V,A,72019,6/21/2018,no,1203
3.12453E+14,D-23-22 22CBB2 [KOL-LO],31.41485833,-110.1041667,KOL-LO,USGS,GW,7.8,null,null,1,USGS,m,2,S,V,A,72019,10/25/2018,no,1204
3.12453E+14,D-23-22 22CBB2 [KOL-LO],31.41485833,-110.1041667,KOL-LO,USGS,GW,8.35,null,null,1,USGS,m,2,S,V,A,72019,2/6/2019,no,1205
3.12453E+14,D-23-22 22CBB2 [KOL-LO],31.41485833,-110.1041667,KOL-LO,USGS,GW,8.53,null,null,1,USGS,m,2,S,V,A,72019,4/17/2019,no,1206
3.12453E+14,D-23-22 22CBB2 [KOL-LO],31.41485833,-110.1041667,KOL-LO,USGS,GW,9.06,null,null,1,USGS,m,2,S,V,A,72019,6/26/2019,no,1207
3.12453E+14,D-23-22 22CBB2 [KOL-LO],31.41485833,-110.1041667,KOL-LO,USGS,GW,8.91,null,null,1,USGS,m,2,S,V,A,72019,10/23/2019,no,1208
3.12453E+14,D-23-22 22CBB2 [KOL-LO],31.41485833,-110.1041667,KOL-LO,USGS,GW,8.57,null,null,1,USGS,m,2,S,V,A,72019,1/8/2020,no,1209
3.12453E+14,D-23-22 22CBB2 [KOL-LO],31.41485833,-110.1041667,KOL-LO,USGS,GW,8.68,null,null,1,USGS,m,2,S,V,A,72019,4/7/2020,no,1210
3.12453E+14,D-23-22 22CBB2 [KOL-LO],31.41485833,-110.1041667,KOL-LO,USGS,GW,9.25,null,null,1,USGS,m,2,S,V,A,72019,6/24/2020,no,1211
3.12453E+14,D-23-22 22CBB2 [KOL-LO],31.41485833,-110.1041667,KOL-LO,USGS,GW,9.53,null,null,1,USGS,m,2,S,V,A,72019,10/6/2020,no,1212
3.12453E+14,D-23-22 22CBB2 [KOL-LO],31.41485833,-110.1041667,KOL-LO,USGS,GW,9.01,null,null,1,USGS,m,2,S,V,A,72019,2/10/2021,no,1213
3.12453E+14,D-23-22 22CBB2 [KOL-LO],31.41485833,-110.1041667,KOL-LO,USGS,GW,9.03,null,null,1,USGS,m,2,S,V,A,72019,4/7/2021,no,1214
3.12453E+14,D-23-22 22CBB2 [KOL-LO],31.41485833,-110.1041667,KOL-LO,USGS,GW,9.56,null,null,1,USGS,m,2,S,V,A,72019,6/29/2021,no,1215
3.12453E+14,D-23-22 22CBB2 [KOL-LO],31.41485833,-110.1041667,KOL-LO,USGS,GW,8.56,null,null,1,USGS,m,2,S,V,A,72019,10/19/2021,no,1216
3.12453E+14,D-23-22 22CBB2 [KOL-LO],31.41485833,-110.1041667,KOL-LO,USGS,GW,8.4,null,null,1,USGS,m,2,S,V,A,72019,2/3/2022,no,1217
3.12453E+14,D-23-22 22CBB2 [KOL-LO],31.41485833,-110.1041667,KOL-LO,USGS,GW,8.39,null,null,1,USGS,m,2,S,V,A,72019,4/5/2022,no,1218
3.12453E+14,D-23-22 22CBB2 [KOL-LO],31.41485833,-110.1041667,KOL-LO,USGS,GW,8.8,null,null,1,USGS,m,2,S,V,A,72019,6/28/2022,no,1219
3.12453E+14,D-23-22 22CBB2 [KOL-LO],31.41485833,-110.1041667,KOL-LO,USGS,GW,8.27,null,null,1,USGS,m,2,S,V,A,72019,10/19/2022,no,1220
3.12453E+14,D-23-22 22CBB2 [KOL-LO],31.41485833,-110.1041667,KOL-LO,USGS,GW,8.2,null,null,1,USGS,m,2,S,V,A,72019,1/25/2023,no,1221
3.12453E+14,D-23-22 22CBB2 [KOL-LO],31.41485833,-110.1041667,KOL-LO,USGS,GW,8.16,null,null,1,USGS,m,2,S,V,P,72019,4/18/2023,no,1222
3.12453E+14,D-23-22 22CBB2 [KOL-LO],31.41485833,-110.1041667,KOL-LO,USGS,GW,8.63,null,null,1,USGS,m,2,S,S,P,72019,6/27/2023,no,1223
3.12453E+14,D-23-22 22CBB2 [KOL-LO],31.41485833,-110.1041667,KOL-LO,USGS,GW,8.92,null,null,1,USGS,m,2,S,V,P,72019,11/2/2023,no,1224
3.12453E+14,D-23-22 22CBB2 [KOL-LO],31.41485833,-110.1041667,KOL-LO,USGS,GW,8.57,null,null,1,USGS,m,2,S,V,P,72019,2/14/2024,no,1225
3.12453E+14,D-23-22 22CBB2 [KOL-LO],31.41485833,-110.1041667,KOL-LO,USGS,GW,8.39,null,null,1,USGS,m,2,S,V,P,72019,4/18/2024,no,1226
3.12453E+14,D-23-22 22CBB2 [KOL-LO],31.41485833,-110.1041667,KOL-LO,USGS,GW,8.78,null,null,1,USGS,m,2,S,V,P,72019,6/25/2024,no,1227
3.12453E+14,D-23-22 22CBB2 [KOL-LO],31.41485833,-110.1041667,KOL-LO,USGS,GW,8.99,null,null,1,USGS,m,2,S,V,P,72019,10/29/2024,no,1228
3.12453E+14,D-23-22 22CBB2 [KOL-LO],31.41485833,-110.1041667,KOL-LO,USGS,GW,8.58,null,null,1,USGS,m,2,S,S,P,72019,2/26/2025,no,1229
3.12453E+14,D-23-22 22CBB1 [KOL-LI],31.4147611,-110.1044444,KOL-LI,USGS,GW,8.27,null,null,1,null,m,2,null,O,A,72019,10/16/2006,no,1236
3.12453E+14,D-23-22 22CBB1 [KOL-LI],31.4147611,-110.1044444,KOL-LI,USGS,GW,7.53,null,null,1,null,m,2,null,O,A,72019,11/22/2006,no,1237
3.12453E+14,D-23-22 22CBB1 [KOL-LI],31.4147611,-110.1044444,KOL-LI,USGS,GW,7.26,null,null,1,null,m,2,null,O,A,72019,12/19/2006,no,1238
3.12453E+14,D-23-22 22CBB1 [KOL-LI],31.4147611,-110.1044444,KOL-LI,USGS,GW,7.17,null,null,1,null,m,2,null,O,A,72019,1/23/2007,no,1239
3.12453E+14,D-23-22 22CBB1 [KOL-LI],31.4147611,-110.1044444,KOL-LI,USGS,GW,7.17,null,null,1,null,m,2,null,O,A,72019,2/23/2007,no,1240
3.12453E+14,D-23-22 22CBB1 [KOL-LI],31.4147611,-110.1044444,KOL-LI,USGS,GW,7.25,null,null,1,null,m,2,null,O,A,72019,3/21/2007,no,1241
3.12453E+14,D-23-22 22CBB1 [KOL-LI],31.4147611,-110.1044444,KOL-LI,USGS,GW,7.12,null,null,1,null,m,2,null,O,A,72019,4/13/2007,no,1242
3.12453E+14,D-23-22 22CBB1 [KOL-LI],31.4147611,-110.1044444,KOL-LI,USGS,GW,6.91,null,null,1,null,m,2,null,O,A,72019,5/11/2007,no,1243
3.12453E+14,D-23-22 22CBB1 [KOL-LI],31.4147611,-110.1044444,KOL-LI,USGS,GW,6.98,null,null,1,null,m,2,null,O,A,72019,6/19/2007,no,1244
3.12453E+14,D-23-22 22CBB1 [KOL-LI],31.4147611,-110.1044444,KOL-LI,USGS,GW,7.91,null,null,1,null,m,2,null,O,A,72019,7/20/2007,no,1245
3.12453E+14,D-23-22 22CBB1 [KOL-LI],31.4147611,-110.1044444,KOL-LI,USGS,GW,7.92,null,null,1,null,m,2,null,O,A,72019,8/16/2007,no,1246
3.12453E+14,D-23-22 22CBB1 [KOL-LI],31.4147611,-110.1044444,KOL-LI,USGS,GW,8.4,null,null,1,null,m,2,null,O,A,72019,9/17/2007,no,1247
3.12453E+14,D-23-22 22CBB1 [KOL-LI],31.4147611,-110.1044444,KOL-LI,USGS,GW,7.85,null,null,1,null,m,2,null,O,A,72019,10/26/2007,no,1248
3.12453E+14,D-23-22 22CBB1 [KOL-LI],31.4147611,-110.1044444,KOL-LI,USGS,GW,7.73,null,null,1,null,m,2,null,O,A,72019,11/20/2007,no,1249
3.12453E+14,D-23-22 22CBB1 [KOL-LI],31.4147611,-110.1044444,KOL-LI,USGS,GW,8.51,null,null,1,null,m,2,null,O,A,72019,12/10/2007,no,1250
3.12453E+14,D-23-22 22CBB1 [KOL-LI],31.4147611,-110.1044444,KOL-LI,USGS,GW,8.42,null,null,1,null,m,2,null,O,A,72019,1/28/2008,no,1251
3.12453E+14,D-23-22 22CBB1 [KOL-LI],31.4147611,-110.1044444,KOL-LI,USGS,GW,8.4,null,null,1,null,m,2,null,O,A,72019,2/27/2008,no,1252
3.12453E+14,D-23-22 22CBB1 [KOL-LI],31.4147611,-110.1044444,KOL-LI,USGS,GW,7.97,null,null,1,null,m,2,null,O,A,72019,3/26/2008,no,1253
3.12453E+14,D-23-22 22CBB1 [KOL-LI],31.4147611,-110.1044444,KOL-LI,USGS,GW,7.95,null,null,1,null,m,2,null,O,A,72019,4/18/2008,no,1254
3.12453E+14,D-23-22 22CBB1 [KOL-LI],31.4147611,-110.1044444,KOL-LI,USGS,GW,8.63,null,null,1,null,m,2,null,O,A,72019,10/16/2008,no,1255
3.12453E+14,D-23-22 22CBB1 [KOL-LI],31.4147611,-110.1044444,KOL-LI,USGS,GW,8.48,null,null,1,null,m,2,null,O,A,72019,12/11/2008,no,1256
3.12453E+14,D-23-22 22CBB1 [KOL-LI],31.4147611,-110.1044444,KOL-LI,USGS,GW,8.48,null,null,1,null,m,2,null,O,A,72019,3/26/2009,no,1257
3.12453E+14,D-23-22 22CBB1 [KOL-LI],31.4147611,-110.1044444,KOL-LI,USGS,GW,8.91,null,null,1,null,m,2,null,O,A,72019,6/24/2009,no,1258
3.12453E+14,D-23-22 22CBB1 [KOL-LI],31.4147611,-110.1044444,KOL-LI,USGS,GW,9.03,null,null,1,null,m,2,null,O,A,72019,7/27/2009,no,1259
3.12453E+14,D-23-22 22CBB1 [KOL-LI],31.4147611,-110.1044444,KOL-LI,USGS,GW,8.89,null,null,1,null,m,2,null,O,A,72019,8/25/2009,no,1260
3.12453E+14,D-23-22 22CBB1 [KOL-LI],31.4147611,-110.1044444,KOL-LI,USGS,GW,8.59,null,null,1,null,m,2,null,O,A,72019,1/19/2010,no,1261
3.12453E+14,D-23-22 22CBB1 [KOL-LI],31.4147611,-110.1044444,KOL-LI,USGS,GW,9.2,null,null,1,null,m,2,null,O,A,72019,2/16/2010,no,1262
3.12453E+14,D-23-22 22CBB1 [KOL-LI],31.4147611,-110.1044444,KOL-LI,USGS,GW,8.97,null,null,1,null,m,2,null,O,A,72019,3/29/2010,no,1263
3.12453E+14,D-23-22 22CBB1 [KOL-LI],31.4147611,-110.1044444,KOL-LI,USGS,GW,9.34,null,null,1,null,m,2,null,O,A,72019,6/24/2010,no,1264
3.12453E+14,D-23-22 22CBB1 [KOL-LI],31.4147611,-110.1044444,KOL-LI,USGS,GW,9.29,null,null,1,null,m,2,null,O,A,72019,7/15/2010,no,1265
3.12453E+14,D-23-22 22CBB1 [KOL-LI],31.4147611,-110.1044444,KOL-LI,USGS,GW,8.83,null,null,1,null,m,2,null,O,A,72019,11/29/2010,no,1266
3.12453E+14,D-23-22 22CBB1 [KOL-LI],31.4147611,-110.1044444,KOL-LI,USGS,GW,8.77,null,null,1,null,m,2,null,O,A,72019,12/29/2010,no,1267
3.12453E+14,D-23-22 22CBB1 [KOL-LI],31.4147611,-110.1044444,KOL-LI,USGS,GW,9.03,null,null,1,USGS,m,2,S,V,A,72019,7/20/2011,no,1268
3.12453E+14,D-23-22 22CBB1 [KOL-LI],31.4147611,-110.1044444,KOL-LI,USGS,GW,8.99,null,null,1,USGS,m,2,S,V,A,72019,9/21/2011,no,1269
3.12332E+14,D-23-22 33ABD02 [ULLRICH],31.39218056,-110.110575,ULLRICH,USGS,GW,15.44,null,null,1,null,m,1,null,O,A,72019,9/5/2015,no,1274
3.12453E+14,D-23-22 22CBB3 [KOL-UP],31.4149361,-110.1035833,KOL-UP,USGS,GW,9.29,null,null,1,null,m,2,null,O,A,72019,3/29/2010,no,1276
3.12332E+14,D-23-22 33ABD02 [ULLRICH],31.39218056,-110.110575,ULLRICH,USGS,GW,15.01,null,null,1,null,m,1,null,O,A,72019,9/28/2015,no,1278
3.12453E+14,D-23-22 22CBB3 [KOL-UP],31.4149361,-110.1035833,KOL-UP,USGS,GW,10.29,null,null,1,null,m,2,null,O,A,72019,6/24/2010,no,1282
3.12453E+14,D-23-22 22CBB1 [KOL-LI],31.4147611,-110.1044444,KOL-LI,USGS,GW,8.37,null,null,1,USGS,m,2,S,V,A,72019,10/7/2014,no,1283
3.12332E+14,D-23-22 33ABD02 [ULLRICH],31.39218056,-110.110575,ULLRICH,USGS,GW,15.17,null,null,1,null,m,1,null,O,A,72019,10/18/2015,no,1286
3.12453E+14,D-23-22 22CBB1 [KOL-LI],31.4147611,-110.1044444,KOL-LI,USGS,GW,8.64,null,null,1,USGS,m,2,S,V,A,72019,1/14/2015,no,1287
3.12332E+14,D-23-22 33ABD02 [ULLRICH],31.39218056,-110.110575,ULLRICH,USGS,GW,16.16,null,null,1,null,m,1,null,O,A,72019,11/14/2009,no,1288
3.12332E+14,D-23-22 33ABD02 [ULLRICH],31.39218056,-110.110575,ULLRICH,USGS,GW,14.89,null,null,1,null,m,1,null,O,A,72019,11/11/2015,no,1290
3.12453E+14,D-23-22 22CBB3 [KOL-UP],31.4149361,-110.1035833,KOL-UP,USGS,GW,10.49,null,null,1,null,m,2,null,O,A,72019,7/15/2010,no,1292
3.12453E+14,D-23-22 22CBB1 [KOL-LI],31.4147611,-110.1044444,KOL-LI,USGS,GW,8.74,null,null,1,USGS,m,2,S,V,A,72019,4/15/2015,no,1294
3.12332E+14,D-23-22 33ABD02 [ULLRICH],31.39218056,-110.110575,ULLRICH,USGS,GW,15.73,null,null,1,null,m,1,null,O,A,72019,11/22/2009,no,1295
3.12453E+14,D-23-22 22CBB1 [KOL-LI],31.4147611,-110.1044444,KOL-LI,USGS,GW,9.21,null,null,1,USGS,m,2,S,V,A,72019,7/14/2015,no,1298
3.12332E+14,D-23-22 33ABD02 [ULLRICH],31.39218056,-110.110575,ULLRICH,USGS,GW,14.91,null,null,1,null,m,1,null,O,A,72019,12/4/2015,no,1299
3.12453E+14,D-23-22 22CBB3 [KOL-UP],31.4149361,-110.1035833,KOL-UP,USGS,GW,9.29,null,null,1,null,m,2,null,O,A,72019,11/29/2010,no,1302
3.12453E+14,D-23-22 22CBB1 [KOL-LI],31.4147611,-110.1044444,KOL-LI,USGS,GW,9.15,null,null,1,USGS,m,2,S,V,A,72019,10/7/2015,no,1305
3.12332E+14,D-23-22 33ABD02 [ULLRICH],31.39218056,-110.110575,ULLRICH,USGS,GW,14.39,null,null,1,null,m,1,null,O,A,72019,12/22/2015,no,1307
3.12332E+14,D-23-22 33ABD02 [ULLRICH],31.39218056,-110.110575,ULLRICH,USGS,GW,15.58,null,null,1,null,m,1,null,O,A,72019,12/6/2009,no,1309
3.12332E+14,D-23-22 33ABD02 [ULLRICH],31.39218056,-110.110575,ULLRICH,USGS,GW,14.69,null,null,1,null,m,1,null,O,A,72019,1/6/2016,no,1310
3.12453E+14,D-23-22 22CBB3 [KOL-UP],31.4149361,-110.1035833,KOL-UP,USGS,GW,9.12,null,null,1,null,m,2,null,O,A,72019,12/29/2010,no,1312
3.12453E+14,D-23-22 22CBB1 [KOL-LI],31.4147611,-110.1044444,KOL-LI,USGS,GW,8.94,null,null,1,USGS,m,2,S,V,A,72019,1/20/2016,no,1315
3.12332E+14,D-23-22 33ABD02 [ULLRICH],31.39218056,-110.110575,ULLRICH,USGS,GW,16.12,null,null,1,null,m,1,null,O,A,72019,12/18/2009,no,1316
3.12332E+14,D-23-22 33ABD02 [ULLRICH],31.39218056,-110.110575,ULLRICH,USGS,GW,14.71,null,null,1,null,m,1,null,O,A,72019,1/28/2016,no,1318
3.12453E+14,D-23-22 22CBB3 [KOL-UP],31.4149361,-110.1035833,KOL-UP,USGS,GW,10.02,null,null,1,USGS,m,2,S,V,A,72019,7/20/2011,no,1320
3.12332E+14,D-23-22 33ABD02 [ULLRICH],31.39218056,-110.110575,ULLRICH,USGS,GW,15.37,null,null,1,null,m,1,null,O,A,72019,1/6/2010,no,1325
3.12453E+14,D-23-22 22CBB3 [KOL-UP],31.4149361,-110.1035833,KOL-UP,USGS,GW,9.93,null,null,1,USGS,m,2,S,V,A,72019,9/21/2011,no,1326
3.12332E+14,D-23-22 33ABD02 [ULLRICH],31.39218056,-110.110575,ULLRICH,USGS,GW,15.11,null,null,1,null,m,1,null,O,A,72019,3/17/2016,no,1327
3.12332E+14,D-23-22 33ABD02 [ULLRICH],31.39218056,-110.110575,ULLRICH,USGS,GW,15.23,null,null,1,null,m,1,null,O,A,72019,1/28/2010,no,1332
3.12453E+14,D-23-22 22CBB3 [KOL-UP],31.4149361,-110.1035833,KOL-UP,USGS,GW,9.04,null,null,1,USGS,m,2,S,V,A,72019,3/19/2012,no,1333
3.12332E+14,D-23-22 33ABD02 [ULLRICH],31.39218056,-110.110575,ULLRICH,USGS,GW,15.27,null,null,1,null,m,1,null,O,A,72019,4/7/2016,no,1334
3.12332E+14,D-23-22 33ABD02 [ULLRICH],31.39218056,-110.110575,ULLRICH,USGS,GW,15.25,null,null,1,null,m,1,null,O,A,72019,2/12/2010,no,1339
3.12453E+14,D-23-22 22CBB3 [KOL-UP],31.4149361,-110.1035833,KOL-UP,USGS,GW,10.09,null,null,1,USGS,m,2,S,V,A,72019,6/18/2012,no,1340
3.12332E+14,D-23-22 33ABD02 [ULLRICH],31.39218056,-110.110575,ULLRICH,USGS,GW,16.71,null,null,1,null,m,1,null,O,A,72019,5/11/2016,no,1341
3.12332E+14,D-23-22 33ABD02 [ULLRICH],31.39218056,-110.110575,ULLRICH,USGS,GW,15.23,null,null,1,null,m,1,null,O,A,72019,3/13/2010,no,1346
3.12453E+14,D-23-22 22CBB3 [KOL-UP],31.4149361,-110.1035833,KOL-UP,USGS,GW,8.16,null,null,1,USGS,m,2,S,V,A,72019,9/12/2012,no,1347
3.12332E+14,D-23-22 33ABD02 [ULLRICH],31.39218056,-110.110575,ULLRICH,USGS,GW,17.12,null,null,1,null,m,1,null,O,A,72019,5/27/2016,no,1348
3.12453E+14,D-23-22 22CBB1 [KOL-LI],31.4147611,-110.1044444,KOL-LI,USGS,GW,9.1,null,null,1,USGS,m,2,S,V,A,72019,4/19/2016,no,1387
3.12332E+14,D-23-22 33ABD02 [ULLRICH],31.39218056,-110.110575,ULLRICH,USGS,GW,15.46,null,null,1,null,m,1,null,O,A,72019,4/17/2010,no,1429
3.12332E+14,D-23-22 33ABD02 [ULLRICH],31.39218056,-110.110575,ULLRICH,USGS,GW,16.47,null,null,1,null,m,1,null,O,A,72019,6/17/2016,no,1430
3.12332E+14,D-23-22 33ABD02 [ULLRICH],31.39218056,-110.110575,ULLRICH,USGS,GW,17.11,null,null,1,null,m,1,null,O,A,72019,7/17/2016,no,1433
3.12332E+14,D-23-22 33ABD02 [ULLRICH],31.39218056,-110.110575,ULLRICH,USGS,GW,16.54,null,null,1,null,m,1,null,O,A,72019,5/13/2010,no,1434
3.12453E+14,D-23-22 22CBB3 [KOL-UP],31.4149361,-110.1035833,KOL-UP,USGS,GW,9.12,null,null,1,USGS,m,2,S,V,A,72019,5/29/2013,no,1435
3.12332E+14,D-23-22 33ABD02 [ULLRICH],31.39218056,-110.110575,ULLRICH,USGS,GW,16.3,null,null,1,null,m,1,null,O,A,72019,8/5/2016,no,1436
3.12332E+14,D-23-22 33ABD02 [ULLRICH],31.39218056,-110.110575,ULLRICH,USGS,GW,16.25,null,null,1,null,m,1,null,O,A,72019,6/4/2010,no,1440
3.12453E+14,D-23-22 22CBB1 [KOL-LI],31.4147611,-110.1044444,KOL-LI,USGS,GW,9.39,null,null,1,USGS,m,2,S,V,A,72019,6/27/2016,no,1442
3.12332E+14,D-23-22 33ABD02 [ULLRICH],31.39218056,-110.110575,ULLRICH,USGS,GW,16.32,null,null,1,null,m,1,null,O,A,72019,7/2/2010,no,1443
3.12332E+14,D-23-22 33ABD02 [ULLRICH],31.39218056,-110.110575,ULLRICH,USGS,GW,16.73,null,null,1,null,m,1,null,O,A,72019,8/26/2016,no,1444
3.12332E+14,D-23-22 33ABD02 [ULLRICH],31.39218056,-110.110575,ULLRICH,USGS,GW,16.29,null,null,1,null,m,1,null,O,A,72019,7/19/2010,no,1447
3.12453E+14,D-23-22 22CBB1 [KOL-LI],31.4147611,-110.1044444,KOL-LI,USGS,GW,9.49,null,null,1,USGS,m,2,S,V,A,72019,10/19/2016,no,1449
3.12453E+14,D-23-22 22CBB3 [KOL-UP],31.4149361,-110.1035833,KOL-UP,USGS,GW,9.7,null,null,1,USGS,m,2,S,V,A,72019,7/1/2013,no,1450
3.12332E+14,D-23-22 33ABD02 [ULLRICH],31.39218056,-110.110575,ULLRICH,USGS,GW,15.58,null,null,1,null,m,1,null,O,A,72019,10/3/2016,no,1451
3.12332E+14,D-23-22 33ABD02 [ULLRICH],31.39218056,-110.110575,ULLRICH,USGS,GW,15.79,null,null,1,null,m,1,null,O,A,72019,8/2/2010,no,1454
3.12453E+14,D-23-22 22CBB1 [KOL-LI],31.4147611,-110.1044444,KOL-LI,USGS,GW,9.12,null,null,1,USGS,m,2,S,V,A,72019,1/18/2017,no,1456
3.12453E+14,D-23-22 22CBB3 [KOL-UP],31.4149361,-110.1035833,KOL-UP,USGS,GW,8.79,null,null,1,USGS,m,2,S,V,A,72019,10/29/2013,no,1457
3.12332E+14,D-23-22 33ABD02 [ULLRICH],31.39218056,-110.110575,ULLRICH,USGS,GW,15.64,null,null,1,null,m,1,null,O,A,72019,11/13/2016,no,1458
3.12332E+14,D-23-22 33ABD02 [ULLRICH],31.39218056,-110.110575,ULLRICH,USGS,GW,16.54,null,null,1,null,m,1,null,O,A,72019,8/15/2010,no,1461
3.12453E+14,D-23-22 22CBB1 [KOL-LI],31.4147611,-110.1044444,KOL-LI,USGS,GW,9.45,null,null,1,USGS,m,2,S,V,A,72019,4/25/2017,no,1463
3.12453E+14,D-23-22 22CBB3 [KOL-UP],31.4149361,-110.1035833,KOL-UP,USGS,GW,8.34,null,null,1,USGS,m,2,S,V,A,72019,1/7/2014,no,1464
3.12332E+14,D-23-22 33ABD02 [ULLRICH],31.39218056,-110.110575,ULLRICH,USGS,GW,15.37,null,null,1,null,m,1,null,O,A,72019,12/31/2016,no,1465
3.1263E+14,D-23-22 09DDC [HER-02],31.43975,-110.1082806,HER-02,USGS,GW,-1.97,null,null,1,USGS,m,2,S,S,P,72019,4/18/2024,yes,1529
3.1263E+14,D-23-22 09DDC [HER-02],31.43975,-110.1082806,HER-02,USGS,GW,0.36,null,null,1,USGS,m,2,S,V,P,72019,6/13/2024,yes,1530
3.1263E+14,D-23-22 09DDC [HER-02],31.43975,-110.1082806,HER-02,USGS,GW,-2.76,null,null,1,USGS,m,2,S,S,P,72019,2/26/2025,yes,1531
3.12332E+14,D-23-22 33ABD02 [ULLRICH],31.39218056,-110.110575,ULLRICH,USGS,GW,15.46,null,null,1,null,m,1,null,O,A,72019,9/5/2010,no,1541
3.12332E+14,D-23-22 33ABD02 [ULLRICH],31.39218056,-110.110575,ULLRICH,USGS,GW,15.51,null,null,1,null,m,1,null,O,A,72019,2/12/2017,no,1542
3.12453E+14,D-23-22 22CBB1 [KOL-LI],31.4147611,-110.1044444,KOL-LI,USGS,GW,9.63,null,null,1,USGS,m,2,S,V,A,72019,6/28/2017,no,1543
3.12453E+14,D-23-22 22CBB1 [KOL-LI],31.4147611,-110.1044444,KOL-LI,USGS,GW,9.14,null,null,1,USGS,m,2,S,V,A,72019,10/17/2017,no,1545
3.12332E+14,D-23-22 33ABD02 [ULLRICH],31.39218056,-110.110575,ULLRICH,USGS,GW,16.87,null,null,1,null,m,1,null,O,A,72019,3/18/2017,no,1546
3.12453E+14,D-23-22 22CBB3 [KOL-UP],31.4149361,-110.1035833,KOL-UP,USGS,GW,8.46,null,null,1,USGS,m,2,S,V,A,72019,4/2/2014,no,1547
3.12332E+14,D-23-22 33ABD02 [ULLRICH],31.39218056,-110.110575,ULLRICH,USGS,GW,15.68,null,null,1,null,m,1,null,O,A,72019,9/11/2010,no,1548
3.12453E+14,D-23-22 22CBB1 [KOL-LI],31.4147611,-110.1044444,KOL-LI,USGS,GW,8.91,null,null,1,USGS,m,2,S,V,A,72019,1/10/2018,no,1552
3.12332E+14,D-23-22 33ABD02 [ULLRICH],31.39218056,-110.110575,ULLRICH,USGS,GW,15.64,null,null,1,null,m,1,null,O,A,72019,4/10/2017,no,1553
3.12332E+14,D-23-22 33ABD02 [ULLRICH],31.39218056,-110.110575,ULLRICH,USGS,GW,15.91,null,null,1,null,m,1,null,O,A,72019,9/23/2010,no,1555
3.12453E+14,D-23-22 22CBB3 [KOL-UP],31.4149361,-110.1035833,KOL-UP,USGS,GW,9.57,null,null,1,USGS,m,2,S,V,A,72019,6/25/2014,no,1557
3.12453E+14,D-23-22 22CBB1 [KOL-LI],31.4147611,-110.1044444,KOL-LI,USGS,GW,8.99,null,null,1,USGS,m,2,S,V,A,72019,4/18/2018,no,1558
3.12332E+14,D-23-22 33ABD02 [ULLRICH],31.39218056,-110.110575,ULLRICH,USGS,GW,15.73,null,null,1,null,m,1,null,O,A,72019,4/19/2017,no,1559
3.12332E+14,D-23-22 33ABD02 [ULLRICH],31.39218056,-110.110575,ULLRICH,USGS,GW,16.08,null,null,1,null,m,1,null,O,A,72019,10/11/2010,no,1561
3.12453E+14,D-23-22 22CBB3 [KOL-UP],31.4149361,-110.1035833,KOL-UP,USGS,GW,8.15,null,null,1,USGS,m,2,S,V,A,72019,10/7/2014,no,1563
3.12453E+14,D-23-22 22CBB1 [KOL-LI],31.4147611,-110.1044444,KOL-LI,USGS,GW,9.35,null,null,1,USGS,m,2,S,V,A,72019,6/21/2018,no,1564
3.12332E+14,D-23-22 33ABD02 [ULLRICH],31.39218056,-110.110575,ULLRICH,USGS,GW,18.87,null,null,1,null,m,1,null,O,A,72019,5/20/2017,no,1565
3.12332E+14,D-23-22 33ABD02 [ULLRICH],31.39218056,-110.110575,ULLRICH,USGS,GW,15.83,null,null,1,null,m,1,null,O,A,72019,11/13/2010,no,1567
3.12453E+14,D-23-22 22CBB3 [KOL-UP],31.4149361,-110.1035833,KOL-UP,USGS,GW,8.59,null,null,1,USGS,m,2,S,V,A,72019,1/14/2015,no,1569
3.12453E+14,D-23-22 22CBB1 [KOL-LI],31.4147611,-110.1044444,KOL-LI,USGS,GW,8.16,null,null,1,USGS,m,2,S,V,A,72019,10/25/2018,no,1570
3.12332E+14,D-23-22 33ABD02 [ULLRICH],31.39218056,-110.110575,ULLRICH,USGS,GW,20.02,null,null,1,null,m,1,null,O,A,72019,6/30/2017,no,1571
3.12332E+14,D-23-22 33ABD02 [ULLRICH],31.39218056,-110.110575,ULLRICH,USGS,GW,15.39,null,null,1,null,m,1,null,O,A,72019,12/3/2010,no,1573
3.12453E+14,D-23-22 22CBB3 [KOL-UP],31.4149361,-110.1035833,KOL-UP,USGS,GW,8.64,null,null,1,USGS,m,2,S,V,A,72019,4/15/2015,no,1575
3.12453E+14,D-23-22 22CBB1 [KOL-LI],31.4147611,-110.1044444,KOL-LI,USGS,GW,8.71,null,null,1,USGS,m,2,S,V,A,72019,2/6/2019,no,1576
3.12332E+14,D-23-22 33ABD02 [ULLRICH],31.39218056,-110.110575,ULLRICH,USGS,GW,15.94,null,null,1,null,m,1,null,O,A,72019,8/6/2017,no,1577
3.12332E+14,D-23-22 33ABD02 [ULLRICH],31.39218056,-110.110575,ULLRICH,USGS,GW,15.29,null,null,1,null,m,1,null,O,A,72019,1/14/2011,no,1579
3.1225E+14,D-23-22 33DCD2 [PALO DEEP],31.38010095,-110.1103549,PALO DEEP,USGS,GW,14.96,null,null,1,USGS,m,2,S,V,A,72019,2/17/2006,no,1640
3.1225E+14,D-23-22 33DCD2 [PALO DEEP],31.38010095,-110.1103549,PALO DEEP,USGS,GW,14.18,null,null,1,USGS,m,2,S,V,A,72019,8/10/2006,no,1641
3.1225E+14,D-23-22 33DCD2 [PALO DEEP],31.38010095,-110.1103549,PALO DEEP,USGS,GW,14.48,null,null,1,USGS,m,2,S,V,A,72019,12/21/2006,no,1642
3.1225E+14,D-23-22 33DCD2 [PALO DEEP],31.38010095,-110.1103549,PALO DEEP,USGS,GW,14.49,null,null,1,USGS,m,2,S,V,A,72019,2/16/2007,no,1643
3.1225E+14,D-23-22 33DCD2 [PALO DEEP],31.38010095,-110.1103549,PALO DEEP,USGS,GW,14.74,null,null,1,USGS,m,2,S,V,A,72019,5/4/2007,no,1644
3.1225E+14,D-23-22 33DCD2 [PALO DEEP],31.38010095,-110.1103549,PALO DEEP,USGS,GW,14.37,null,null,1,USGS,m,2,S,V,A,72019,8/13/2007,no,1645
3.12453E+14,D-23-22 22CBB1 [KOL-LI],31.4147611,-110.1044444,KOL-LI,USGS,GW,8.91,null,null,1,USGS,m,2,S,V,A,72019,4/17/2019,no,1646
3.12332E+14,D-23-22 33ABD02 [ULLRICH],31.39218056,-110.110575,ULLRICH,USGS,GW,15.96,null,null,1,null,m,1,null,O,A,72019,8/18/2017,no,1647
3.12453E+14,D-23-22 22CBB1 [KOL-LI],31.4147611,-110.1044444,KOL-LI,USGS,GW,9.37,null,null,1,USGS,m,2,S,V,A,72019,6/26/2019,no,1649
3.12453E+14,D-23-22 22CBB1 [KOL-LI],31.4147611,-110.1044444,KOL-LI,USGS,GW,9.25,null,null,1,USGS,m,2,S,V,A,72019,10/23/2019,no,1650
3.12332E+14,D-23-22 33ABD02 [ULLRICH],31.39218056,-110.110575,ULLRICH,USGS,GW,15.09,null,null,1,null,m,1,null,O,A,72019,2/2/2011,no,1651
3.12332E+14,D-23-22 33ABD02 [ULLRICH],31.39218056,-110.110575,ULLRICH,USGS,GW,16.19,null,null,1,null,m,1,null,O,A,72019,9/30/2017,no,1652
3.12332E+14,D-23-22 33ABD02 [ULLRICH],31.39218056,-110.110575,ULLRICH,USGS,GW,16.29,null,null,1,null,m,1,null,O,A,72019,11/26/2017,no,1653
3.12453E+14,D-23-22 22CBB3 [KOL-UP],31.4149361,-110.1035833,KOL-UP,USGS,GW,9.91,null,null,1,USGS,m,2,S,V,A,72019,7/14/2015,no,1654
3.12332E+14,D-23-22 33ABD02 [ULLRICH],31.39218056,-110.110575,ULLRICH,USGS,GW,15.18,null,null,1,null,m,1,null,O,A,72019,2/16/2011,no,1655
3.12453E+14,D-23-22 22CBB1 [KOL-LI],31.4147611,-110.1044444,KOL-LI,USGS,GW,8.97,null,null,1,USGS,m,2,S,V,A,72019,1/8/2020,no,1656
3.12332E+14,D-23-22 33ABD02 [ULLRICH],31.39218056,-110.110575,ULLRICH,USGS,GW,14.7,null,null,1,null,m,1,null,O,A,72019,11/27/2017,no,1658
3.12453E+14,D-23-22 22CBB1 [KOL-LI],31.4147611,-110.1044444,KOL-LI,USGS,GW,9.07,null,null,1,USGS,m,2,S,V,A,72019,4/7/2020,no,1659
3.12332E+14,D-23-22 33ABD02 [ULLRICH],31.39218056,-110.110575,ULLRICH,USGS,GW,15.32,null,null,1,null,m,1,null,O,A,72019,3/4/2011,no,1661
3.12332E+14,D-23-22 33ABD02 [ULLRICH],31.39218056,-110.110575,ULLRICH,USGS,GW,15.94,null,null,1,null,m,1,null,O,A,72019,12/29/2017,no,1662
3.12453E+14,D-23-22 22CBB1 [KOL-LI],31.4147611,-110.1044444,KOL-LI,USGS,GW,9.56,null,null,1,USGS,m,2,S,V,A,72019,6/24/2020,no,1663
3.12332E+14,D-23-22 33ABD02 [ULLRICH],31.39218056,-110.110575,ULLRICH,USGS,GW,15.27,null,null,1,null,m,1,null,O,A,72019,3/11/2011,no,1665
3.12453E+14,D-23-22 22CBB3 [KOL-UP],31.4149361,-110.1035833,KOL-UP,USGS,GW,9.58,null,null,1,USGS,m,2,S,V,A,72019,10/7/2015,no,1666
3.12332E+14,D-23-22 33ABD02 [ULLRICH],31.39218056,-110.110575,ULLRICH,USGS,GW,15.74,null,null,1,null,m,1,null,O,A,72019,2/17/2018,no,1667
3.12453E+14,D-23-22 22CBB1 [KOL-LI],31.4147611,-110.1044444,KOL-LI,USGS,GW,9.82,null,null,1,USGS,m,2,S,V,A,72019,10/6/2020,no,1668
3.12332E+14,D-23-22 33ABD02 [ULLRICH],31.39218056,-110.110575,ULLRICH,USGS,GW,15.75,null,null,1,null,m,1,null,O,A,72019,3/20/2011,no,1670
3.12453E+14,D-23-22 22CBB3 [KOL-UP],31.4149361,-110.1035833,KOL-UP,USGS,GW,8.92,null,null,1,USGS,m,2,S,V,A,72019,1/20/2016,no,1671
3.12332E+14,D-23-22 33ABD02 [ULLRICH],31.39218056,-110.110575,ULLRICH,USGS,GW,16.18,null,null,1,null,m,1,null,O,A,72019,4/1/2018,no,1672
3.12453E+14,D-23-22 22CBB1 [KOL-LI],31.4147611,-110.1044444,KOL-LI,USGS,GW,9.37,null,null,1,USGS,m,2,S,V,A,72019,2/10/2021,no,1673
3.12332E+14,D-23-22 33ABD02 [ULLRICH],31.39218056,-110.110575,ULLRICH,USGS,GW,15.85,null,null,1,null,m,1,null,O,A,72019,4/8/2011,no,1675
3.12453E+14,D-23-22 22CBB3 [KOL-UP],31.4149361,-110.1035833,KOL-UP,USGS,GW,9.08,null,null,1,USGS,m,2,S,V,A,72019,4/19/2016,no,1676
3.12332E+14,D-23-22 33ABD02 [ULLRICH],31.39218056,-110.110575,ULLRICH,USGS,GW,16.44,null,null,1,null,m,1,null,O,A,72019,4/7/2018,no,1677
3.12453E+14,D-23-22 22CBB1 [KOL-LI],31.4147611,-110.1044444,KOL-LI,USGS,GW,9.4,null,null,1,USGS,m,2,S,V,A,72019,4/7/2021,no,1678
3.12332E+14,D-23-22 33ABD02 [ULLRICH],31.39218056,-110.110575,ULLRICH,USGS,GW,15.99,null,null,1,null,m,1,null,O,A,72019,4/17/2011,no,1680
3.12453E+14,D-23-22 22CBB3 [KOL-UP],31.4149361,-110.1035833,KOL-UP,USGS,GW,10.09,null,null,1,USGS,m,2,S,V,A,72019,6/27/2016,no,1681
3.12332E+14,D-23-22 33ABD02 [ULLRICH],31.39218056,-110.110575,ULLRICH,USGS,GW,19.72,null,null,1,null,m,1,null,O,A,72019,6/14/2018,no,1682
3.12453E+14,D-23-22 22CBB1 [KOL-LI],31.4147611,-110.1044444,KOL-LI,USGS,GW,9.85,null,null,1,USGS,m,2,S,V,A,72019,6/29/2021,no,1683
3.12332E+14,D-23-22 33ABD02 [ULLRICH],31.39218056,-110.110575,ULLRICH,USGS,GW,15.62,null,null,1,null,m,1,null,O,A,72019,4/30/2011,no,1685
3.12453E+14,D-23-22 22CBB3 [KOL-UP],31.4149361,-110.1035833,KOL-UP,USGS,GW,9.91,null,null,1,USGS,m,2,S,V,A,72019,10/19/2016,no,1686
3.12332E+14,D-23-22 33ABD02 [ULLRICH],31.39218056,-110.110575,ULLRICH,USGS,GW,19.14,null,null,1,null,m,1,null,O,A,72019,6/15/2018,no,1687
3.12453E+14,D-23-22 22CBB1 [KOL-LI],31.4147611,-110.1044444,KOL-LI,USGS,GW,8.92,null,null,1,USGS,m,2,S,V,A,72019,10/19/2021,no,1689
3.12453E+14,D-23-22 22CBB3 [KOL-UP],31.4149361,-110.1035833,KOL-UP,USGS,GW,9.23,null,null,1,USGS,m,2,S,V,A,72019,1/18/2017,no,1690
3.12332E+14,D-23-22 33ABD02 [ULLRICH],31.39218056,-110.110575,ULLRICH,USGS,GW,17.14,null,null,1,null,m,1,null,O,A,72019,7/15/2018,no,1691
3.12332E+14,D-23-22 33ABD02 [ULLRICH],31.39218056,-110.110575,ULLRICH,USGS,GW,15.59,null,null,1,null,m,1,null,O,A,72019,5/7/2011,no,1692
3.12453E+14,D-23-22 22CBB1 [KOL-LI],31.4147611,-110.1044444,KOL-LI,USGS,GW,8.79,null,null,1,USGS,m,2,S,V,P,72019,2/3/2022,no,1693
3.12453E+14,D-23-22 22CBB3 [KOL-UP],31.4149361,-110.1035833,KOL-UP,USGS,GW,9.54,null,null,1,USGS,m,2,S,V,A,72019,4/25/2017,no,1694
3.12332E+14,D-23-22 33ABD02 [ULLRICH],31.39218056,-110.110575,ULLRICH,USGS,GW,17.04,null,null,1,null,m,1,null,O,A,72019,8/4/2018,no,1695
3.12332E+14,D-23-22 33ABD02 [ULLRICH],31.39218056,-110.110575,ULLRICH,USGS,GW,17.77,null,null,1,null,m,1,null,O,A,72019,5/29/2011,no,1696
3.12453E+14,D-23-22 22CBB1 [KOL-LI],31.4147611,-110.1044444,KOL-LI,USGS,GW,8.77,null,null,1,USGS,m,2,S,V,P,72019,4/5/2022,no,1698
3.12453E+14,D-23-22 22CBB3 [KOL-UP],31.4149361,-110.1035833,KOL-UP,USGS,GW,10.49,null,null,1,USGS,m,2,S,V,A,72019,6/28/2017,no,1699
3.12332E+14,D-23-22 33ABD02 [ULLRICH],31.39218056,-110.110575,ULLRICH,USGS,GW,16.7,null,null,1,null,m,1,null,O,A,72019,8/17/2018,no,1700
3.12332E+14,D-23-22 33ABD02 [ULLRICH],31.39218056,-110.110575,ULLRICH,USGS,GW,16.29,null,null,1,null,m,1,null,O,A,72019,6/19/2011,no,1701
3.12453E+14,D-23-22 22CBB1 [KOL-LI],31.4147611,-110.1044444,KOL-LI,USGS,GW,9.13,null,null,1,USGS,m,2,S,V,P,72019,6/28/2022,no,1703
3.12453E+14,D-23-22 22CBB3 [KOL-UP],31.4149361,-110.1035833,KOL-UP,USGS,GW,9.83,null,null,1,USGS,m,2,S,V,A,72019,10/17/2017,no,1704
3.12332E+14,D-23-22 33ABD02 [ULLRICH],31.39218056,-110.110575,ULLRICH,USGS,GW,16.79,null,null,1,null,m,1,null,O,A,72019,9/2/2018,no,1705
3.12332E+14,D-23-22 33ABD02 [ULLRICH],31.39218056,-110.110575,ULLRICH,USGS,GW,17.72,null,null,1,null,m,1,null,O,A,72019,7/4/2011,no,1706
3.12453E+14,D-23-22 22CBB1 [KOL-LI],31.4147611,-110.1044444,KOL-LI,USGS,GW,8.64,null,null,1,USGS,m,2,S,V,P,72019,10/19/2022,no,1708
3.12453E+14,D-23-22 22CBB3 [KOL-UP],31.4149361,-110.1035833,KOL-UP,USGS,GW,9.25,null,null,1,USGS,m,2,S,V,A,72019,1/10/2018,no,1709
3.12332E+14,D-23-22 33ABD02 [ULLRICH],31.39218056,-110.110575,ULLRICH,USGS,GW,16.46,null,null,1,null,m,1,null,O,A,72019,9/12/2018,no,1710
3.12332E+14,D-23-22 33ABD02 [ULLRICH],31.39218056,-110.110575,ULLRICH,USGS,GW,16.44,null,null,1,null,m,1,null,O,A,72019,7/10/2011,no,1711
3.12453E+14,D-23-22 22CBB1 [KOL-LI],31.4147611,-110.1044444,KOL-LI,USGS,GW,8.58,null,null,1,USGS,m,2,S,V,P,72019,1/25/2023,no,1713
3.12453E+14,D-23-22 22CBB3 [KOL-UP],31.4149361,-110.1035833,KOL-UP,USGS,GW,9.21,null,null,1,USGS,m,2,S,V,A,72019,4/18/2018,no,1714
3.12332E+14,D-23-22 33ABD02 [ULLRICH],31.39218056,-110.110575,ULLRICH,USGS,GW,17.66,null,null,1,null,m,1,null,O,A,72019,9/28/2018,no,1715
3.12332E+14,D-23-22 33ABD02 [ULLRICH],31.39218056,-110.110575,ULLRICH,USGS,GW,16.47,null,null,1,null,m,1,null,O,A,72019,7/22/2011,no,1716
3.12453E+14,D-23-22 22CBB1 [KOL-LI],31.4147611,-110.1044444,KOL-LI,USGS,GW,8.54,null,null,1,USGS,m,2,S,V,P,72019,4/18/2023,no,1718
3.12453E+14,D-23-22 22CBB3 [KOL-UP],31.4149361,-110.1035833,KOL-UP,USGS,GW,10.2,null,null,1,USGS,m,2,S,V,A,72019,6/21/2018,no,1719
3.12332E+14,D-23-22 33ABD02 [ULLRICH],31.39218056,-110.110575,ULLRICH,USGS,GW,16.39,null,null,1,null,m,1,null,O,A,72019,11/11/2018,no,1720
3.12332E+14,D-23-22 33ABD02 [ULLRICH],31.39218056,-110.110575,ULLRICH,USGS,GW,16.07,null,null,1,null,m,1,null,O,A,72019,8/5/2011,no,1721
3.12453E+14,D-23-22 22CBB1 [KOL-LI],31.4147611,-110.1044444,KOL-LI,USGS,GW,8.96,null,null,1,USGS,m,2,S,S,P,72019,6/27/2023,no,1723
3.12453E+14,D-23-22 22CBB3 [KOL-UP],31.4149361,-110.1035833,KOL-UP,USGS,GW,9.35,null,null,1,USGS,m,2,S,V,A,72019,10/25/2018,no,1724
3.12332E+14,D-23-22 33ABD02 [ULLRICH],31.39218056,-110.110575,ULLRICH,USGS,GW,18.52,null,null,1,USGS,m,2,S,V,A,72019,10/23/2019,no,1725
3.12332E+14,D-23-22 33ABD02 [ULLRICH],31.39218056,-110.110575,ULLRICH,USGS,GW,16.24,null,null,1,null,m,1,null,O,A,72019,8/19/2011,no,1726
3.12453E+14,D-23-22 22CBB1 [KOL-LI],31.4147611,-110.1044444,KOL-LI,USGS,GW,9.26,null,null,1,USGS,m,2,S,V,P,72019,11/2/2023,no,1727
3.12453E+14,D-23-22 22CBB3 [KOL-UP],31.4149361,-110.1035833,KOL-UP,USGS,GW,8.93,null,null,1,USGS,m,2,S,V,A,72019,2/6/2019,no,1728
3.12332E+14,D-23-22 33ABD02 [ULLRICH],31.39218056,-110.110575,ULLRICH,USGS,GW,16.67,null,null,1,USGS,m,2,S,V,A,72019,1/8/2020,no,1730
3.12453E+14,D-23-22 22CBB1 [KOL-LI],31.4147611,-110.1044444,KOL-LI,USGS,GW,8.96,null,null,1,USGS,m,2,S,V,P,72019,2/14/2024,no,1731
3.12453E+14,D-23-22 22CBB3 [KOL-UP],31.4149361,-110.1035833,KOL-UP,USGS,GW,8.99,null,null,1,USGS,m,2,S,V,A,72019,4/17/2019,no,1732
3.12332E+14,D-23-22 33ABD02 [ULLRICH],31.39218056,-110.110575,ULLRICH,USGS,GW,18.43,null,null,1,null,m,1,null,O,A,72019,9/3/2011,no,1734
3.12332E+14,D-23-22 33ABD02 [ULLRICH],31.39218056,-110.110575,ULLRICH,USGS,GW,17.38,null,null,1,USGS,m,2,S,V,A,72019,4/7/2020,no,1735
3.12453E+14,D-23-22 22CBB1 [KOL-LI],31.4147611,-110.1044444,KOL-LI,USGS,GW,8.74,null,null,1,USGS,m,2,S,V,P,72019,4/18/2024,no,1736
3.12453E+14,D-23-22 22CBB3 [KOL-UP],31.4149361,-110.1035833,KOL-UP,USGS,GW,10.09,null,null,1,USGS,m,2,S,V,A,72019,6/26/2019,no,1737
3.12332E+14,D-23-22 33ABD02 [ULLRICH],31.39218056,-110.110575,ULLRICH,USGS,GW,16.99,null,null,1,null,m,1,null,O,A,72019,10/9/2011,no,1739
3.12332E+14,D-23-22 33ABD02 [ULLRICH],31.39218056,-110.110575,ULLRICH,USGS,GW,19.1,null,null,1,USGS,m,2,S,V,A,72019,6/24/2020,no,1740
3.12453E+14,D-23-22 22CBB1 [KOL-LI],31.4147611,-110.1044444,KOL-LI,USGS,GW,9.07,null,null,1,USGS,m,2,S,V,P,72019,6/25/2024,no,1741
3.12453E+14,D-23-22 22CBB3 [KOL-UP],31.4149361,-110.1035833,KOL-UP,USGS,GW,9.97,null,null,1,USGS,m,2,S,V,A,72019,10/23/2019,no,1742
3.12332E+14,D-23-22 33ABD02 [ULLRICH],31.39218056,-110.110575,ULLRICH,USGS,GW,15.89,null,null,1,null,m,1,null,O,A,72019,1/3/2006,no,1743
3.12332E+14,D-23-22 33ABD02 [ULLRICH],31.39218056,-110.110575,ULLRICH,USGS,GW,16.32,null,null,1,null,m,1,null,O,A,72019,10/23/2011,no,1744
3.12332E+14,D-23-22 33ABD02 [ULLRICH],31.39218056,-110.110575,ULLRICH,USGS,GW,19.38,null,null,1,USGS,m,2,S,V,A,72019,10/6/2020,no,1745
3.12453E+14,D-23-22 22CBB1 [KOL-LI],31.4147611,-110.1044444,KOL-LI,USGS,GW,9.32,null,null,1,USGS,m,2,S,V,P,72019,10/29/2024,no,1746
3.12453E+14,D-23-22 22CBB3 [KOL-UP],31.4149361,-110.1035833,KOL-UP,USGS,GW,8.96,null,null,1,USGS,m,2,S,V,A,72019,1/8/2020,no,1747
3.12332E+14,D-23-22 33ABD02 [ULLRICH],31.39218056,-110.110575,ULLRICH,USGS,GW,15.98,null,null,1,null,m,1,null,O,A,72019,1/29/2006,no,1748
3.12332E+14,D-23-22 33ABD02 [ULLRICH],31.39218056,-110.110575,ULLRICH,USGS,GW,16.19,null,null,1,null,m,1,null,O,A,72019,11/12/2011,no,1749
3.12332E+14,D-23-22 33ABD02 [ULLRICH],31.39218056,-110.110575,ULLRICH,USGS,GW,16.8,null,null,1,USGS,m,2,S,V,A,72019,2/9/2021,no,1750
3.12453E+14,D-23-22 22CBB1 [KOL-LI],31.4147611,-110.1044444,KOL-LI,USGS,GW,8.99,null,null,1,USGS,m,2,S,S,P,72019,2/26/2025,no,1751
3.12453E+14,D-23-22 22CBB3 [KOL-UP],31.4149361,-110.1035833,KOL-UP,USGS,GW,8.93,null,null,1,USGS,m,2,S,V,A,72019,4/7/2020,no,1752
3.12332E+14,D-23-22 33ABD02 [ULLRICH],31.39218056,-110.110575,ULLRICH,USGS,GW,15.69,null,null,1,null,m,1,null,O,A,72019,4/9/2006,no,1753
3.12332E+14,D-23-22 33ABD02 [ULLRICH],31.39218056,-110.110575,ULLRICH,USGS,GW,15.9,null,null,1,null,m,1,null,O,A,72019,12/13/2011,no,1754
3.12332E+14,D-23-22 33ABD02 [ULLRICH],31.39218056,-110.110575,ULLRICH,USGS,GW,19.96,null,null,1,USGS,m,2,S,V,A,72019,4/6/2021,no,1755
3.12453E+14,D-23-22 22CBB3 [KOL-UP],31.4149361,-110.1035833,KOL-UP,USGS,GW,10.23,null,null,1,USGS,m,2,S,V,A,72019,6/24/2020,no,1757
3.12332E+14,D-23-22 33ABD02 [ULLRICH],31.39218056,-110.110575,ULLRICH,USGS,GW,17.13,null,null,1,null,m,1,null,O,A,72019,6/4/2006,no,1758
3.12332E+14,D-23-22 33ABD02 [ULLRICH],31.39218056,-110.110575,ULLRICH,USGS,GW,15.87,null,null,1,null,m,1,null,O,A,72019,1/1/2012,no,1759
3.12332E+14,D-23-22 33ABD02 [ULLRICH],31.39218056,-110.110575,ULLRICH,USGS,GW,21.39,null,null,1,USGS,m,2,S,V,A,72019,6/28/2021,no,1760
3.12453E+14,D-23-22 22CBB3 [KOL-UP],31.4149361,-110.1035833,KOL-UP,USGS,GW,10.96,null,null,1,USGS,m,2,S,V,A,72019,10/6/2020,no,1761
3.12332E+14,D-23-22 33ABD02 [ULLRICH],31.39218056,-110.110575,ULLRICH,USGS,GW,17.78,null,null,1,null,m,1,null,O,A,72019,7/5/2006,no,1763
3.12332E+14,D-23-22 33ABD02 [ULLRICH],31.39218056,-110.110575,ULLRICH,USGS,GW,18.73,null,null,1,USGS,m,2,S,V,A,72019,10/22/2021,no,1764
3.12332E+14,D-23-22 33ABD02 [ULLRICH],31.39218056,-110.110575,ULLRICH,USGS,GW,16.06,null,null,1,null,m,1,null,O,A,72019,1/26/2012,no,1765
3.12332E+14,D-23-22 33ABD02 [ULLRICH],31.39218056,-110.110575,ULLRICH,USGS,GW,17.79,null,null,1,USGS,m,2,S,V,A,72019,2/1/2022,no,1767
3.12453E+14,D-23-22 22CBB3 [KOL-UP],31.4149361,-110.1035833,KOL-UP,USGS,GW,9.82,null,null,1,USGS,m,2,S,V,A,72019,2/10/2021,no,1768
3.12332E+14,D-23-22 33ABD02 [ULLRICH],31.39218056,-110.110575,ULLRICH,USGS,GW,16.02,null,null,1,null,m,1,null,O,A,72019,2/19/2012,no,1769
3.12332E+14,D-23-22 33ABD02 [ULLRICH],31.39218056,-110.110575,ULLRICH,USGS,GW,16.92,null,null,1,null,m,1,null,O,A,72019,7/29/2006,no,1770
3.12332E+14,D-23-22 33ABD02 [ULLRICH],31.39218056,-110.110575,ULLRICH,USGS,GW,17.05,null,null,1,USGS,m,2,S,V,A,72019,4/4/2022,no,1772
3.12453E+14,D-23-22 22CBB3 [KOL-UP],31.4149361,-110.1035833,KOL-UP,USGS,GW,9.85,null,null,1,USGS,m,2,S,V,A,72019,4/7/2021,no,1773
3.12332E+14,D-23-22 33ABD02 [ULLRICH],31.39218056,-110.110575,ULLRICH,USGS,GW,15.82,null,null,1,null,m,1,null,O,A,72019,3/15/2012,no,1774
3.12332E+14,D-23-22 33ABD02 [ULLRICH],31.39218056,-110.110575,ULLRICH,USGS,GW,15.99,null,null,1,null,m,1,null,O,A,72019,8/12/2006,no,1775
3.12332E+14,D-23-22 33ABD02 [ULLRICH],31.39218056,-110.110575,ULLRICH,USGS,GW,18.62,null,null,1,USGS,m,2,S,V,A,72019,6/27/2022,no,1777
3.12453E+14,D-23-22 22CBB3 [KOL-UP],31.4149361,-110.1035833,KOL-UP,USGS,GW,10.84,null,null,1,USGS,m,2,S,V,A,72019,6/29/2021,no,1778
3.12332E+14,D-23-22 33ABD02 [ULLRICH],31.39218056,-110.110575,ULLRICH,USGS,GW,17.48,null,null,1,null,m,1,null,O,A,72019,4/28/2012,no,1779
3.12332E+14,D-23-22 33ABD02 [ULLRICH],31.39218056,-110.110575,ULLRICH,USGS,GW,15.68,null,null,1,null,m,1,null,O,A,72019,8/12/2006,no,1780
3.12332E+14,D-23-22 33ABD02 [ULLRICH],31.39218056,-110.110575,ULLRICH,USGS,GW,17.47,null,null,1,USGS,m,2,S,V,A,72019,10/3/2022,no,1782
3.12453E+14,D-23-22 22CBB3 [KOL-UP],31.4149361,-110.1035833,KOL-UP,USGS,GW,9.43,null,null,1,USGS,m,2,S,V,A,72019,10/19/2021,no,1783
3.12332E+14,D-23-22 33ABD02 [ULLRICH],31.39218056,-110.110575,ULLRICH,USGS,GW,17.54,null,null,1,null,m,1,null,O,A,72019,5/25/2012,no,1784
3.12332E+14,D-23-22 33ABD02 [ULLRICH],31.39218056,-110.110575,ULLRICH,USGS,GW,15.95,null,null,1,null,m,1,null,O,A,72019,8/13/2006,no,1785
3.12332E+14,D-23-22 33ABD02 [ULLRICH],31.39218056,-110.110575,ULLRICH,USGS,GW,15.72,null,null,1,USGS,m,2,S,V,A,72019,1/24/2023,no,1787
3.12453E+14,D-23-22 22CBB3 [KOL-UP],31.4149361,-110.1035833,KOL-UP,USGS,GW,9.03,null,null,1,USGS,m,2,S,V,A,72019,2/3/2022,no,1788
3.12332E+14,D-23-22 33ABD02 [ULLRICH],31.39218056,-110.110575,ULLRICH,USGS,GW,17.74,null,null,1,null,m,1,null,O,A,72019,6/1/2012,no,1789
3.12332E+14,D-23-22 33ABD02 [ULLRICH],31.39218056,-110.110575,ULLRICH,USGS,GW,15.58,null,null,1,null,m,1,null,O,A,72019,9/1/2006,no,1790
3.12332E+14,D-23-22 33ABD02 [ULLRICH],31.39218056,-110.110575,ULLRICH,USGS,GW,19,null,null,1,USGS,m,2,S,V,A,72019,4/17/2023,no,1792
3.12453E+14,D-23-22 22CBB3 [KOL-UP],31.4149361,-110.1035833,KOL-UP,USGS,GW,9,null,null,1,USGS,m,2,S,V,A,72019,4/5/2022,no,1793
3.12332E+14,D-23-22 33ABD02 [ULLRICH],31.39218056,-110.110575,ULLRICH,USGS,GW,17.49,null,null,1,null,m,1,null,O,A,72019,6/23/2012,no,1794
3.12332E+14,D-23-22 33ABD02 [ULLRICH],31.39218056,-110.110575,ULLRICH,USGS,GW,16.34,null,null,1,null,m,1,null,O,A,72019,9/3/2006,no,1795
3.12453E+14,D-23-22 22CBB3 [KOL-UP],31.4149361,-110.1035833,KOL-UP,USGS,GW,9.84,null,null,1,USGS,m,2,S,V,A,72019,6/28/2022,no,1797
3.12332E+14,D-23-22 33ABD02 [ULLRICH],31.39218056,-110.110575,ULLRICH,USGS,GW,17.4,null,null,1,null,m,1,null,O,A,72019,7/21/2012,no,1798
3.12332E+14,D-23-22 33ABD02 [ULLRICH],31.39218056,-110.110575,ULLRICH,USGS,GW,15.16,null,null,1,null,m,1,null,O,A,72019,9/23/2006,no,1799
3.12332E+14,D-23-22 33ABD02 [ULLRICH],31.39218056,-110.110575,ULLRICH,USGS,GW,21.4,null,null,1,USGS,m,2,S,V,A,72019,6/26/2023,no,1800
3.12453E+14,D-23-22 22CBB3 [KOL-UP],31.4149361,-110.1035833,KOL-UP,USGS,GW,8.91,null,null,1,USGS,m,2,S,V,A,72019,10/19/2022,no,1801
3.12332E+14,D-23-22 33ABD02 [ULLRICH],31.39218056,-110.110575,ULLRICH,USGS,GW,16.32,null,null,1,null,m,1,null,O,A,72019,8/4/2012,no,1802
3.12332E+14,D-23-22 33ABD02 [ULLRICH],31.39218056,-110.110575,ULLRICH,USGS,GW,17.87,null,null,1,null,m,1,null,O,A,72019,8/15/2012,no,1804
3.12332E+14,D-23-22 33ABD02 [ULLRICH],31.39218056,-110.110575,ULLRICH,USGS,GW,16.96,null,null,1,null,m,1,null,O,A,72019,10/14/2006,no,1805
3.12332E+14,D-23-22 33ABD02 [ULLRICH],31.39218056,-110.110575,ULLRICH,USGS,GW,19.49,null,null,1,USGS,m,2,S,V,A,72019,11/1/2023,no,1806
3.12453E+14,D-23-22 22CBB3 [KOL-UP],31.4149361,-110.1035833,KOL-UP,USGS,GW,8.67,null,null,1,USGS,m,2,S,V,P,72019,1/25/2023,no,1807
3.12332E+14,D-23-22 33ABD02 [ULLRICH],31.39218056,-110.110575,ULLRICH,USGS,GW,16.08,null,null,1,null,m,1,null,O,A,72019,9/15/2012,no,1809
3.12332E+14,D-23-22 33ABD02 [ULLRICH],31.39218056,-110.110575,ULLRICH,USGS,GW,15.12,null,null,1,null,m,1,null,O,A,72019,11/11/2006,no,1810
3.12332E+14,D-23-22 33ABD02 [ULLRICH],31.39218056,-110.110575,ULLRICH,USGS,GW,16.73,null,null,1,USGS,m,2,S,V,A,72019,2/14/2024,no,1811
3.12453E+14,D-23-22 22CBB3 [KOL-UP],31.4149361,-110.1035833,KOL-UP,USGS,GW,8.7,null,null,1,USGS,m,2,S,V,P,72019,4/18/2023,no,1812
3.12332E+14,D-23-22 33ABD02 [ULLRICH],31.39218056,-110.110575,ULLRICH,USGS,GW,17.32,null,null,1,null,m,1,null,O,A,72019,10/5/2012,no,1814
3.12332E+14,D-23-22 33ABD02 [ULLRICH],31.39218056,-110.110575,ULLRICH,USGS,GW,15.49,null,null,1,null,m,1,null,O,A,72019,12/17/2006,no,1815
3.12332E+14,D-23-22 33ABD02 [ULLRICH],31.39218056,-110.110575,ULLRICH,USGS,GW,20.12,null,null,1,USGS,m,2,S,V,A,72019,4/18/2024,no,1816
3.12453E+14,D-23-22 22CBB3 [KOL-UP],31.4149361,-110.1035833,KOL-UP,USGS,GW,9.66,null,null,1,USGS,m,2,S,S,P,72019,6/27/2023,no,1817
3.12332E+14,D-23-22 33ABD02 [ULLRICH],31.39218056,-110.110575,ULLRICH,USGS,GW,18.16,null,null,1,null,m,1,null,O,A,72019,10/19/2012,no,1819
3.12332E+14,D-23-22 33ABD02 [ULLRICH],31.39218056,-110.110575,ULLRICH,USGS,GW,14.94,null,null,1,null,m,1,null,O,A,72019,12/31/2006,no,1820
3.12332E+14,D-23-22 33ABD02 [ULLRICH],31.39218056,-110.110575,ULLRICH,USGS,GW,21.01,null,null,1,USGS,m,2,S,V,A,72019,7/9/2024,no,1821
3.12453E+14,D-23-22 22CBB3 [KOL-UP],31.4149361,-110.1035833,KOL-UP,USGS,GW,10.24,null,null,1,USGS,m,2,S,V,P,72019,11/2/2023,no,1822
3.12332E+14,D-23-22 33ABD02 [ULLRICH],31.39218056,-110.110575,ULLRICH,USGS,GW,16.35,null,null,1,null,m,1,null,O,A,72019,11/11/2012,no,1824
3.12332E+14,D-23-22 33ABD02 [ULLRICH],31.39218056,-110.110575,ULLRICH,USGS,GW,14.8,null,null,1,null,m,1,null,O,A,72019,2/3/2007,no,1825
3.12332E+14,D-23-22 33ABD02 [ULLRICH],31.39218056,-110.110575,ULLRICH,USGS,GW,20.92,null,null,1,USGS,m,2,S,V,P,72019,10/29/2024,no,1826
3.12453E+14,D-23-22 22CBB3 [KOL-UP],31.4149361,-110.1035833,KOL-UP,USGS,GW,9.36,null,null,1,USGS,m,2,S,V,P,72019,2/14/2024,no,1827
3.12332E+14,D-23-22 33ABD02 [ULLRICH],31.39218056,-110.110575,ULLRICH,USGS,GW,15.84,null,null,1,null,m,1,null,O,A,72019,12/2/2012,no,1829
3.12332E+14,D-23-22 33ABD02 [ULLRICH],31.39218056,-110.110575,ULLRICH,USGS,GW,14.79,null,null,1,null,m,1,null,O,A,72019,4/8/2007,no,1830
3.12332E+14,D-23-22 33ABD02 [ULLRICH],31.39218056,-110.110575,ULLRICH,USGS,GW,18.5,null,null,1,USGS,m,2,S,V,P,72019,2/26/2025,no,1831
3.12453E+14,D-23-22 22CBB3 [KOL-UP],31.4149361,-110.1035833,KOL-UP,USGS,GW,9.37,null,null,1,USGS,m,2,S,V,P,72019,4/18/2024,no,1832
3.12332E+14,D-23-22 33ABD02 [ULLRICH],31.39218056,-110.110575,ULLRICH,USGS,GW,15,null,null,1,null,m,1,null,O,A,72019,4/29/2007,no,1833
3.12332E+14,D-23-22 33ABD02 [ULLRICH],31.39218056,-110.110575,ULLRICH,USGS,GW,15.68,null,null,1,null,m,1,null,O,A,72019,12/30/2012,no,1834
3.12332E+14,D-23-22 33ABD02 [ULLRICH],31.39218056,-110.110575,ULLRICH,USGS,GW,15.95,null,null,1,null,m,1,null,O,A,72019,6/2/2007,no,1836
3.12453E+14,D-23-22 22CBB3 [KOL-UP],31.4149361,-110.1035833,KOL-UP,USGS,GW,10.3,null,null,1,USGS,m,2,S,S,P,72019,6/25/2024,no,1838
3.12332E+14,D-23-22 33ABD02 [ULLRICH],31.39218056,-110.110575,ULLRICH,USGS,GW,17.11,null,null,1,null,m,1,null,O,A,72019,7/5/2007,no,1839
3.12332E+14,D-23-22 33ABD02 [ULLRICH],31.39218056,-110.110575,ULLRICH,USGS,GW,15.75,null,null,1,null,m,1,null,O,A,72019,1/14/2013,no,1840
3.12453E+14,D-23-22 22CBB3 [KOL-UP],31.4149361,-110.1035833,KOL-UP,USGS,GW,10.45,null,null,1,USGS,m,2,S,V,P,72019,10/29/2024,no,1843
3.12332E+14,D-23-22 33ABD02 [ULLRICH],31.39218056,-110.110575,ULLRICH,USGS,GW,16.12,null,null,1,null,m,1,null,O,A,72019,7/28/2007,no,1844
3.12332E+14,D-23-22 33ABD02 [ULLRICH],31.39218056,-110.110575,ULLRICH,USGS,GW,15.63,null,null,1,null,m,1,null,O,A,72019,2/1/2013,no,1845
3.12453E+14,D-23-22 22CBB3 [KOL-UP],31.4149361,-110.1035833,KOL-UP,USGS,GW,9.46,null,null,1,USGS,m,2,S,S,P,72019,2/26/2025,no,1848
3.12332E+14,D-23-22 33ABD02 [ULLRICH],31.39218056,-110.110575,ULLRICH,USGS,GW,15.08,null,null,1,null,m,1,null,O,A,72019,8/15/2007,no,1849
3.12332E+14,D-23-22 33ABD02 [ULLRICH],31.39218056,-110.110575,ULLRICH,USGS,GW,15.43,null,null,1,null,m,1,null,O,A,72019,2/17/2013,no,1850
3.12332E+14,D-23-22 33ABD02 [ULLRICH],31.39218056,-110.110575,ULLRICH,USGS,GW,15.79,null,null,1,null,m,1,null,O,A,72019,9/2/2007,no,1854
3.12332E+14,D-23-22 33ABD02 [ULLRICH],31.39218056,-110.110575,ULLRICH,USGS,GW,15.85,null,null,1,null,m,1,null,O,A,72019,3/9/2013,no,1855
3.12332E+14,D-23-22 33ABD02 [ULLRICH],31.39218056,-110.110575,ULLRICH,USGS,GW,15.43,null,null,1,null,m,1,null,O,A,72019,10/8/2007,no,1859
3.12332E+14,D-23-22 33ABD02 [ULLRICH],31.39218056,-110.110575,ULLRICH,USGS,GW,15.58,null,null,1,null,m,1,null,O,A,72019,3/23/2013,no,1860
3.12332E+14,D-23-22 33ABD02 [ULLRICH],31.39218056,-110.110575,ULLRICH,USGS,GW,15.51,null,null,1,null,m,1,null,O,A,72019,11/3/2007,no,1864
3.12332E+14,D-23-22 33ABD02 [ULLRICH],31.39218056,-110.110575,ULLRICH,USGS,GW,15.88,null,null,1,null,m,1,null,O,A,72019,4/21/2013,no,1865
3.12453E+14,D-23-22 22CBB3 [KOL-UP],31.4149361,-110.1035833,KOL-UP,USGS,GW,8.9,null,null,1,null,m,2,null,O,A,72019,10/16/2006,no,1866
3.12453E+14,D-23-22 22CBB3 [KOL-UP],31.4149361,-110.1035833,KOL-UP,USGS,GW,8.64,null,null,1,null,m,2,null,O,A,72019,11/22/2006,no,1869
3.12332E+14,D-23-22 33ABD02 [ULLRICH],31.39218056,-110.110575,ULLRICH,USGS,GW,14.97,null,null,1,null,m,1,null,O,A,72019,12/1/2007,no,1870
3.12332E+14,D-23-22 33ABD02 [ULLRICH],31.39218056,-110.110575,ULLRICH,USGS,GW,16.84,null,null,1,null,m,1,null,O,A,72019,5/25/2013,no,1872
3.12332E+14,D-23-22 33ABD02 [ULLRICH],31.39218056,-110.110575,ULLRICH,USGS,GW,14.92,null,null,1,null,m,1,null,O,A,72019,12/8/2007,no,1874
3.12332E+14,D-23-22 33ABD02 [ULLRICH],31.39218056,-110.110575,ULLRICH,USGS,GW,18.34,null,null,1,null,m,1,null,O,A,72019,6/1/2013,no,1876
3.12453E+14,D-23-22 22CBB3 [KOL-UP],31.4149361,-110.1035833,KOL-UP,USGS,GW,8.5,null,null,1,null,m,2,null,O,A,72019,12/19/2006,no,1877
3.12332E+14,D-23-22 33ABD02 [ULLRICH],31.39218056,-110.110575,ULLRICH,USGS,GW,15.4,null,null,1,null,m,1,null,O,A,72019,1/3/2008,no,1879
3.12332E+14,D-23-22 33ABD02 [ULLRICH],31.39218056,-110.110575,ULLRICH,USGS,GW,17.23,null,null,1,null,m,1,null,O,A,72019,6/30/2013,no,1881
3.12453E+14,D-23-22 22CBB3 [KOL-UP],31.4149361,-110.1035833,KOL-UP,USGS,GW,8.35,null,null,1,null,m,2,null,O,A,72019,1/23/2007,no,1882
3.12453E+14,D-23-22 22CBB2 [KOL-LO],31.41485833,-110.1041667,KOL-LO,USGS,GW,8.02,null,null,1,null,m,2,null,O,A,72019,10/16/2006,no,1883
3.12332E+14,D-23-22 33ABD02 [ULLRICH],31.39218056,-110.110575,ULLRICH,USGS,GW,15.23,null,null,1,null,m,1,null,O,A,72019,2/9/2008,no,1884
3.12332E+14,D-23-22 33ABD02 [ULLRICH],31.39218056,-110.110575,ULLRICH,USGS,GW,16.2,null,null,1,null,m,1,null,O,A,72019,7/12/2013,no,1886
3.12453E+14,D-23-22 22CBB3 [KOL-UP],31.4149361,-110.1035833,KOL-UP,USGS,GW,8.28,null,null,1,null,m,2,null,O,A,72019,2/23/2007,no,1887
3.12453E+14,D-23-22 22CBB2 [KOL-LO],31.41485833,-110.1041667,KOL-LO,USGS,GW,7.4,null,null,1,null,m,2,null,O,A,72019,11/22/2006,no,1888
3.12332E+14,D-23-22 33ABD02 [ULLRICH],31.39218056,-110.110575,ULLRICH,USGS,GW,15.14,null,null,1,null,m,1,null,O,A,72019,2/29/2008,no,1889
3.12332E+14,D-23-22 33ABD02 [ULLRICH],31.39218056,-110.110575,ULLRICH,USGS,GW,15.53,null,null,1,null,m,1,null,O,A,72019,7/28/2013,no,1891
3.12453E+14,D-23-22 22CBB3 [KOL-UP],31.4149361,-110.1035833,KOL-UP,USGS,GW,8.38,null,null,1,null,m,2,null,O,A,72019,3/21/2007,no,1892
3.12453E+14,D-23-22 22CBB2 [KOL-LO],31.41485833,-110.1041667,KOL-LO,USGS,GW,7.15,null,null,1,null,m,2,null,O,A,72019,12/19/2006,no,1893
3.12332E+14,D-23-22 33ABD02 [ULLRICH],31.39218056,-110.110575,ULLRICH,USGS,GW,14.99,null,null,1,null,m,1,null,O,A,72019,3/27/2008,no,1894
3.12332E+14,D-23-22 33ABD02 [ULLRICH],31.39218056,-110.110575,ULLRICH,USGS,GW,15.39,null,null,1,null,m,1,null,O,A,72019,8/11/2013,no,1896
3.12453E+14,D-23-22 22CBB3 [KOL-UP],31.4149361,-110.1035833,KOL-UP,USGS,GW,8.35,null,null,1,null,m,2,null,O,A,72019,4/13/2007,no,1897
3.12453E+14,D-23-22 22CBB2 [KOL-LO],31.41485833,-110.1041667,KOL-LO,USGS,GW,7.06,null,null,1,null,m,2,null,O,A,72019,1/23/2007,no,1898
3.12332E+14,D-23-22 33ABD02 [ULLRICH],31.39218056,-110.110575,ULLRICH,USGS,GW,15.12,null,null,1,null,m,1,null,O,A,72019,4/26/2008,no,1899
3.12332E+14,D-23-22 33ABD02 [ULLRICH],31.39218056,-110.110575,ULLRICH,USGS,GW,15.57,null,null,1,null,m,1,null,O,A,72019,8/23/2013,no,1901
3.12453E+14,D-23-22 22CBB3 [KOL-UP],31.4149361,-110.1035833,KOL-UP,USGS,GW,8.33,null,null,1,null,m,2,null,O,A,72019,5/11/2007,no,1902
3.12453E+14,D-23-22 22CBB2 [KOL-LO],31.41485833,-110.1041667,KOL-LO,USGS,GW,7.07,null,null,1,null,m,2,null,O,A,72019,2/23/2007,no,1903
3.12332E+14,D-23-22 33ABD02 [ULLRICH],31.39218056,-110.110575,ULLRICH,USGS,GW,15.89,null,null,1,null,m,1,null,O,A,72019,6/13/2008,no,1904
3.12453E+14,D-23-22 22CBB3 [KOL-UP],31.4149361,-110.1035833,KOL-UP,USGS,GW,9.06,null,null,1,null,m,2,null,O,A,72019,6/19/2007,no,1906
3.12332E+14,D-23-22 33ABD02 [ULLRICH],31.39218056,-110.110575,ULLRICH,USGS,GW,15.38,null,null,1,null,m,1,null,O,A,72019,9/14/2013,no,1907
3.12332E+14,D-23-22 33ABD02 [ULLRICH],31.39218056,-110.110575,ULLRICH,USGS,GW,17.19,null,null,1,null,m,1,null,O,A,72019,6/22/2008,no,1908
3.12453E+14,D-23-22 22CBB2 [KOL-LO],31.41485833,-110.1041667,KOL-LO,USGS,GW,7.16,null,null,1,null,m,2,null,O,A,72019,3/21/2007,no,1909
3.12453E+14,D-23-22 22CBB3 [KOL-UP],31.4149361,-110.1035833,KOL-UP,USGS,GW,9.98,null,null,1,null,m,2,null,O,A,72019,7/20/2007,no,1911
3.12332E+14,D-23-22 33ABD02 [ULLRICH],31.39218056,-110.110575,ULLRICH,USGS,GW,16.83,null,null,1,null,m,1,null,O,A,72019,6/23/2008,no,1912
3.12332E+14,D-23-22 33ABD02 [ULLRICH],31.39218056,-110.110575,ULLRICH,USGS,GW,15.9,null,null,1,null,m,1,null,O,A,72019,10/4/2013,no,1913
3.12453E+14,D-23-22 22CBB2 [KOL-LO],31.41485833,-110.1041667,KOL-LO,USGS,GW,7.05,null,null,1,null,m,2,null,O,A,72019,4/13/2007,no,1914
3.12453E+14,D-23-22 22CBB3 [KOL-UP],31.4149361,-110.1035833,KOL-UP,USGS,GW,8.79,null,null,1,null,m,2,null,O,A,72019,8/16/2007,no,1916
3.12332E+14,D-23-22 33ABD02 [ULLRICH],31.39218056,-110.110575,ULLRICH,USGS,GW,16.37,null,null,1,null,m,1,null,O,A,72019,7/5/2008,no,1917
3.12332E+14,D-23-22 33ABD02 [ULLRICH],31.39218056,-110.110575,ULLRICH,USGS,GW,15.34,null,null,1,null,m,1,null,O,A,72019,10/25/2013,no,1918
3.12453E+14,D-23-22 22CBB2 [KOL-LO],31.41485833,-110.1041667,KOL-LO,USGS,GW,6.89,null,null,1,null,m,2,null,O,A,72019,5/11/2007,no,1919
3.12453E+14,D-23-22 22CBB3 [KOL-UP],31.4149361,-110.1035833,KOL-UP,USGS,GW,9.79,null,null,1,null,m,2,null,O,A,72019,9/17/2007,no,1921
3.12332E+14,D-23-22 33ABD02 [ULLRICH],31.39218056,-110.110575,ULLRICH,USGS,GW,15.73,null,null,1,null,m,1,null,O,A,72019,7/18/2008,no,1922
3.12332E+14,D-23-22 33ABD02 [ULLRICH],31.39218056,-110.110575,ULLRICH,USGS,GW,15.37,null,null,1,null,m,1,null,O,A,72019,11/2/2013,no,1923
3.12453E+14,D-23-22 22CBB2 [KOL-LO],31.41485833,-110.1041667,KOL-LO,USGS,GW,6.98,null,null,1,null,m,2,null,O,A,72019,6/19/2007,no,1924
3.12453E+14,D-23-22 22CBB3 [KOL-UP],31.4149361,-110.1035833,KOL-UP,USGS,GW,9.36,null,null,1,null,m,2,null,O,A,72019,10/26/2007,no,1926
3.12332E+14,D-23-22 33ABD02 [ULLRICH],31.39218056,-110.110575,ULLRICH,USGS,GW,15.19,null,null,1,null,m,1,null,O,A,72019,8/2/2008,no,1927
3.12332E+14,D-23-22 33ABD02 [ULLRICH],31.39218056,-110.110575,ULLRICH,USGS,GW,15.39,null,null,1,null,m,1,null,O,A,72019,11/15/2013,no,1928
3.12453E+14,D-23-22 22CBB2 [KOL-LO],31.41485833,-110.1041667,KOL-LO,USGS,GW,7.82,null,null,1,null,m,2,null,O,A,72019,7/20/2007,no,1929
3.12453E+14,D-23-22 22CBB3 [KOL-UP],31.4149361,-110.1035833,KOL-UP,USGS,GW,9.11,null,null,1,null,m,2,null,O,A,72019,11/20/2007,no,1931
3.12332E+14,D-23-22 33ABD02 [ULLRICH],31.39218056,-110.110575,ULLRICH,USGS,GW,15.04,null,null,1,null,m,1,null,O,A,72019,8/23/2008,no,1932
3.12332E+14,D-23-22 33ABD02 [ULLRICH],31.39218056,-110.110575,ULLRICH,USGS,GW,15.08,null,null,1,null,m,1,null,O,A,72019,12/7/2013,no,1933
3.12453E+14,D-23-22 22CBB2 [KOL-LO],31.41485833,-110.1041667,KOL-LO,USGS,GW,7.62,null,null,1,null,m,2,null,O,A,72019,8/16/2007,no,1934
3.12453E+14,D-23-22 22CBB3 [KOL-UP],31.4149361,-110.1035833,KOL-UP,USGS,GW,9.19,null,null,1,null,m,2,null,O,A,72019,12/10/2007,no,1936
3.12332E+14,D-23-22 33ABD02 [ULLRICH],31.39218056,-110.110575,ULLRICH,USGS,GW,15,null,null,1,null,m,1,null,O,A,72019,9/6/2008,no,1937
3.12332E+14,D-23-22 33ABD02 [ULLRICH],31.39218056,-110.110575,ULLRICH,USGS,GW,15.15,null,null,1,null,m,1,null,O,A,72019,12/27/2013,no,1938
3.12453E+14,D-23-22 22CBB2 [KOL-LO],31.41485833,-110.1041667,KOL-LO,USGS,GW,8.21,null,null,1,null,m,2,null,O,A,72019,9/17/2007,no,1939
3.12453E+14,D-23-22 22CBB3 [KOL-UP],31.4149361,-110.1035833,KOL-UP,USGS,GW,9.08,null,null,1,null,m,2,null,O,A,72019,1/28/2008,no,1941
3.12332E+14,D-23-22 33ABD02 [ULLRICH],31.39218056,-110.110575,ULLRICH,USGS,GW,14.88,null,null,1,null,m,1,null,O,A,72019,9/27/2008,no,1942
3.12453E+14,D-23-22 22CBB2 [KOL-LO],31.41485833,-110.1041667,KOL-LO,USGS,GW,7.72,null,null,1,null,m,2,null,O,A,72019,10/26/2007,no,1943
3.12332E+14,D-23-22 33ABD02 [ULLRICH],31.39218056,-110.110575,ULLRICH,USGS,GW,15.12,null,null,1,null,m,1,null,O,A,72019,1/16/2014,no,1945
3.12453E+14,D-23-22 22CBB3 [KOL-UP],31.4149361,-110.1035833,KOL-UP,USGS,GW,9.04,null,null,1,null,m,2,null,O,A,72019,2/27/2008,no,1946
3.12332E+14,D-23-22 33ABD02 [ULLRICH],31.39218056,-110.110575,ULLRICH,USGS,GW,14.82,null,null,1,null,m,1,null,O,A,72019,10/11/2008,no,1947
3.12453E+14,D-23-22 22CBB2 [KOL-LO],31.41485833,-110.1041667,KOL-LO,USGS,GW,7.58,null,null,1,null,m,2,null,O,A,72019,11/20/2007,no,1948
3.12453E+14,D-23-22 22CBB3 [KOL-UP],31.4149361,-110.1035833,KOL-UP,USGS,GW,8.8,null,null,1,null,m,2,null,O,A,72019,3/26/2008,no,1950
3.12332E+14,D-23-22 33ABD02 [ULLRICH],31.39218056,-110.110575,ULLRICH,USGS,GW,15.19,null,null,1,null,m,1,null,O,A,72019,11/1/2008,no,1951
3.12332E+14,D-23-22 33ABD02 [ULLRICH],31.39218056,-110.110575,ULLRICH,USGS,GW,15.04,null,null,1,null,m,1,null,O,A,72019,2/8/2014,no,1952
3.12453E+14,D-23-22 22CBB2 [KOL-LO],31.41485833,-110.1041667,KOL-LO,USGS,GW,8.2,null,null,1,null,m,2,null,O,A,72019,12/10/2007,no,1953
3.12332E+14,D-23-22 33ABD02 [ULLRICH],31.39218056,-110.110575,ULLRICH,USGS,GW,14.68,null,null,1,null,m,1,null,O,A,72019,11/29/2008,no,1955
3.12332E+14,D-23-22 33ABD02 [ULLRICH],31.39218056,-110.110575,ULLRICH,USGS,GW,14.88,null,null,1,null,m,1,null,O,A,72019,2/24/2014,no,1956
3.12453E+14,D-23-22 22CBB2 [KOL-LO],31.41485833,-110.1041667,KOL-LO,USGS,GW,8.12,null,null,1,null,m,2,null,O,A,72019,1/28/2008,no,1957
3.12332E+14,D-23-22 33ABD02 [ULLRICH],31.39218056,-110.110575,ULLRICH,USGS,GW,14.68,null,null,1,null,m,1,null,O,A,72019,11/30/2008,no,1959
3.12332E+14,D-23-22 33ABD02 [ULLRICH],31.39218056,-110.110575,ULLRICH,USGS,GW,14.79,null,null,1,null,m,1,null,O,A,72019,3/3/2014,no,1960
3.12453E+14,D-23-22 22CBB2 [KOL-LO],31.41485833,-110.1041667,KOL-LO,USGS,GW,8.1,null,null,1,null,m,2,null,O,A,72019,2/27/2008,no,1961
3.12332E+14,D-23-22 33ABD02 [ULLRICH],31.39218056,-110.110575,ULLRICH,USGS,GW,14.71,null,null,1,null,m,1,null,O,A,72019,1/1/2009,no,1963
3.12332E+14,D-23-22 33ABD02 [ULLRICH],31.39218056,-110.110575,ULLRICH,USGS,GW,15.5,null,null,1,null,m,1,null,O,A,72019,3/22/2014,no,1964
3.12453E+14,D-23-22 22CBB2 [KOL-LO],31.41485833,-110.1041667,KOL-LO,USGS,GW,7.73,null,null,1,null,m,2,null,O,A,72019,3/26/2008,no,1965
3.12332E+14,D-23-22 33ABD02 [ULLRICH],31.39218056,-110.110575,ULLRICH,USGS,GW,14.86,null,null,1,null,m,1,null,O,A,72019,1/21/2009,no,1967
3.12332E+14,D-23-22 33ABD02 [ULLRICH],31.39218056,-110.110575,ULLRICH,USGS,GW,17.13,null,null,1,null,m,1,null,O,A,72019,4/13/2014,no,1968
3.12453E+14,D-23-22 22CBB2 [KOL-LO],31.41485833,-110.1041667,KOL-LO,USGS,GW,7.73,null,null,1,null,m,2,null,O,A,72019,4/18/2008,no,1969
3.12332E+14,D-23-22 33ABD02 [ULLRICH],31.39218056,-110.110575,ULLRICH,USGS,GW,14.57,null,null,1,null,m,1,null,O,A,72019,2/7/2009,no,1971
3.12332E+14,D-23-22 33ABD02 [ULLRICH],31.39218056,-110.110575,ULLRICH,USGS,GW,16.05,null,null,1,null,m,1,null,O,A,72019,4/19/2014,no,1972
3.12453E+14,D-23-22 22CBB2 [KOL-LO],31.41485833,-110.1041667,KOL-LO,USGS,GW,8.31,null,null,1,null,m,2,null,O,A,72019,10/16/2008,no,1973
3.12332E+14,D-23-22 33ABD02 [ULLRICH],31.39218056,-110.110575,ULLRICH,USGS,GW,14.75,null,null,1,null,m,1,null,O,A,72019,3/27/2009,no,1975
3.12332E+14,D-23-22 33ABD02 [ULLRICH],31.39218056,-110.110575,ULLRICH,USGS,GW,16.64,null,null,1,null,m,1,null,O,A,72019,5/15/2014,no,1976
3.12453E+14,D-23-22 22CBB2 [KOL-LO],31.41485833,-110.1041667,KOL-LO,USGS,GW,8.15,null,null,1,null,m,2,null,O,A,72019,12/11/2008,no,1977
3.12332E+14,D-23-22 33ABD02 [ULLRICH],31.39218056,-110.110575,ULLRICH,USGS,GW,14.99,null,null,1,null,m,1,null,O,A,72019,5/11/2009,no,1979
3.12453E+14,D-23-22 22CBB2 [KOL-LO],31.41485833,-110.1041667,KOL-LO,USGS,GW,8.24,null,null,1,null,m,2,null,O,A,72019,3/26/2009,no,1980
3.12332E+14,D-23-22 33ABD02 [ULLRICH],31.39218056,-110.110575,ULLRICH,USGS,GW,17.14,null,null,1,null,m,1,null,O,A,72019,6/24/2009,no,1982
3.12332E+14,D-23-22 33ABD02 [ULLRICH],31.39218056,-110.110575,ULLRICH,USGS,GW,18.76,null,null,1,null,m,1,null,O,A,72019,6/27/2014,no,1983
3.12453E+14,D-23-22 22CBB2 [KOL-LO],31.41485833,-110.1041667,KOL-LO,USGS,GW,8.62,null,null,1,null,m,2,null,O,A,72019,6/29/2009,no,1984
3.12332E+14,D-23-22 33ABD02 [ULLRICH],31.39218056,-110.110575,ULLRICH,USGS,GW,18.47,null,null,1,null,m,1,null,O,A,72019,7/19/2014,no,1986
3.12332E+14,D-23-22 33ABD02 [ULLRICH],31.39218056,-110.110575,ULLRICH,USGS,GW,16.34,null,null,1,null,m,1,null,O,A,72019,7/25/2009,no,1987
3.12453E+14,D-23-22 22CBB2 [KOL-LO],31.41485833,-110.1041667,KOL-LO,USGS,GW,8.76,null,null,1,null,m,2,null,O,A,72019,7/27/2009,no,1988
3.12332E+14,D-23-22 33ABD02 [ULLRICH],31.39218056,-110.110575,ULLRICH,USGS,GW,17.81,null,null,1,null,m,1,null,O,A,72019,8/2/2014,no,1990
3.12332E+14,D-23-22 33ABD02 [ULLRICH],31.39218056,-110.110575,ULLRICH,USGS,GW,16.35,null,null,1,null,m,1,null,O,A,72019,8/7/2009,no,1991
3.12453E+14,D-23-22 22CBB2 [KOL-LO],31.41485833,-110.1041667,KOL-LO,USGS,GW,8.65,null,null,1,null,m,2,null,O,A,72019,8/25/2009,no,1992
3.12332E+14,D-23-22 33ABD02 [ULLRICH],31.39218056,-110.110575,ULLRICH,USGS,GW,15.96,null,null,1,null,m,1,null,O,A,72019,8/16/2014,no,1993
3.12332E+14,D-23-22 33ABD02 [ULLRICH],31.39218056,-110.110575,ULLRICH,USGS,GW,15.88,null,null,1,null,m,1,null,O,A,72019,8/15/2009,no,1994
3.12453E+14,D-23-22 22CBB2 [KOL-LO],31.41485833,-110.1041667,KOL-LO,USGS,GW,8.31,null,null,1,null,m,2,null,O,A,72019,1/19/2010,no,1995
3.12332E+14,D-23-22 33ABD02 [ULLRICH],31.39218056,-110.110575,ULLRICH,USGS,GW,16.36,null,null,1,null,m,1,null,O,A,72019,9/6/2014,no,1996
3.12332E+14,D-23-22 33ABD02 [ULLRICH],31.39218056,-110.110575,ULLRICH,USGS,GW,15.67,null,null,1,null,m,1,null,O,A,72019,8/23/2009,no,1997
3.12453E+14,D-23-22 22CBB2 [KOL-LO],31.41485833,-110.1041667,KOL-LO,USGS,GW,8.63,null,null,1,null,m,2,null,O,A,72019,2/16/2010,no,1998
3.12332E+14,D-23-22 33ABD02 [ULLRICH],31.39218056,-110.110575,ULLRICH,USGS,GW,14.67,null,null,1,null,m,1,null,O,A,72019,9/19/2014,no,1999
3.12332E+14,D-23-22 33ABD02 [ULLRICH],31.39218056,-110.110575,ULLRICH,USGS,GW,15.11,null,null,1,null,m,1,null,O,A,72019,10/10/2014,no,2000
3.12716E+14,D-23-22 04DCD3 [HERUES],31.454675,-110.1099389,HERUES,USGS,GW,7.03,null,null,1,null,m,2,null,O,A,72019,9/19/2007,no,2001
3.12716E+14,D-23-22 04DCD3 [HERUES],31.454675,-110.1099389,HERUES,USGS,GW,7.11,null,null,1,null,m,2,null,O,A,72019,10/25/2007,no,2002
3.12716E+14,D-23-22 04DCD1 [HER-LS],31.45451944,-110.1097,HER-LS,USGS,GW,8.2,null,null,1,null,m,2,null,O,A,72019,2/16/2010,no,2003
3.12716E+14,D-23-22 04DCD3 [HERUES],31.454675,-110.1099389,HERUES,USGS,GW,6.9,null,null,1,null,m,2,null,O,A,72019,11/19/2007,no,2004
3.12716E+14,D-23-22 04DCD3 [HERUES],31.454675,-110.1099389,HERUES,USGS,GW,6.96,null,null,1,null,m,2,null,O,A,72019,12/18/2007,no,2005
3.12716E+14,D-23-22 04DCD3 [HERUES],31.454675,-110.1099389,HERUES,USGS,GW,6.78,null,null,1,null,m,2,null,O,A,72019,2/21/2008,no,2006
3.12716E+14,D-23-22 04DCD1 [HER-LS],31.45451944,-110.1097,HER-LS,USGS,GW,7.2,null,null,1,null,m,2,null,O,A,72019,6/24/2010,no,2007
3.12716E+14,D-23-22 04DCD3 [HERUES],31.454675,-110.1099389,HERUES,USGS,GW,6.67,null,null,1,null,m,2,null,O,A,72019,3/25/2008,no,2008
3.12716E+14,D-23-22 04DCD1 [HER-LS],31.45451944,-110.1097,HER-LS,USGS,GW,7.56,null,null,1,null,m,2,null,O,A,72019,7/15/2010,no,2009
3.12716E+14,D-23-22 04DCD3 [HERUES],31.454675,-110.1099389,HERUES,USGS,GW,6.78,null,null,1,null,m,2,null,O,A,72019,4/17/2008,no,2010
3.12843E+14,D-22-22 33BBC [HUN-UP],31.47880833,-110.1194139,HUN-UP,USGS,GW,26.36,null,null,1,USGS,m,2,S,V,A,72019,4/17/2019,no,2011
3.12716E+14,D-23-22 04DCD2 [HER-LD],31.45453333,-110.1096972,HER-LD,USGS,GW,7.44,null,null,1,null,m,2,null,O,A,72019,9/23/2009,no,2012
3.12642E+14,D-23-22 09ACD2 [HERSUD],31.4451861,-110.1109278,HERSUD,USGS,GW,13.78,null,null,1,USGS,m,2,S,V,A,72019,10/19/2022,no,2013
3.12642E+14,D-23-22 09ACD1 [HERSUS],31.44523056,-110.1109222,HERSUS,USGS,GW,15.93,null,null,1,USGS,m,2,S,V,A,72019,10/29/2024,no,2014
3.12716E+14,D-23-22 04DCD1 [HER-LS],31.45451944,-110.1097,HER-LS,USGS,GW,5.4,null,null,1,null,m,2,null,O,A,72019,12/30/2010,no,2015
3.12716E+14,D-23-22 04DCD4 [HERUED],31.4546722,-110.1099306,HERUED,USGS,GW,8.75,null,null,1,null,m,2,null,O,A,72019,9/23/2009,no,2016
3.12716E+14,D-23-22 04DCD3 [HERUES],31.454675,-110.1099389,HERUES,USGS,GW,7.79,null,null,1,null,m,2,null,O,A,72019,7/3/2008,no,2018
3.12716E+14,D-23-22 04DCD2 [HER-LD],31.45453333,-110.1096972,HER-LD,USGS,GW,7.07,null,null,1,null,m,2,null,O,A,72019,11/10/2009,no,2019
3.12717E+14,D-23-22 04DCA1 [HERUWS],31.45477778,-110.1105194,HERUWS,USGS,GW,13.38,null,null,1,null,m,2,null,O,A,72019,12/10/2008,no,2020
3.12843E+14,D-22-22 33BBC [HUN-UP],31.47880833,-110.1194139,HUN-UP,USGS,GW,27.91,null,null,1,USGS,m,2,S,S,A,72019,6/26/2019,no,2022
3.12717E+14,D-23-22 04DCA1 [HERUWS],31.45477778,-110.1105194,HERUWS,USGS,GW,13.42,null,null,1,null,m,2,null,O,A,72019,3/26/2009,no,2024
3.12642E+14,D-23-22 09ACD2 [HERSUD],31.4451861,-110.1109278,HERSUD,USGS,GW,13.59,null,null,1,USGS,m,2,S,V,A,72019,1/25/2023,no,2025
3.12642E+14,D-23-22 09ACD1 [HERSUS],31.44523056,-110.1109222,HERSUS,USGS,GW,13.71,null,null,1,USGS,m,2,S,S,P,72019,2/26/2025,no,2026
3.12716E+14,D-23-22 04DCD1 [HER-LS],31.45451944,-110.1097,HER-LS,USGS,GW,6.39,null,null,1,USGS,m,2,S,V,A,72019,7/20/2011,no,2027
3.12716E+14,D-23-22 04DCD4 [HERUED],31.4546722,-110.1099306,HERUED,USGS,GW,8.42,null,null,1,null,m,2,null,O,A,72019,11/10/2009,no,2029
3.12716E+14,D-23-22 04DCD3 [HERUES],31.454675,-110.1099389,HERUES,USGS,GW,8.76,null,null,1,null,m,2,null,O,A,72019,9/25/2008,no,2030
3.12716E+14,D-23-22 04DCD2 [HER-LD],31.45453333,-110.1096972,HER-LD,USGS,GW,6.2,null,null,1,null,m,2,null,O,A,72019,1/19/2010,no,2031
3.12716E+14,D-23-22 04DCD1 [HER-LS],31.45451944,-110.1097,HER-LS,USGS,GW,6.99,null,null,1,USGS,m,2,S,V,A,72019,9/22/2011,no,2033
3.12716E+14,D-23-22 04DCD4 [HERUED],31.4546722,-110.1099306,HERUED,USGS,GW,7.57,null,null,1,null,m,2,null,O,A,72019,1/19/2010,no,2035
3.12716E+14,D-23-22 04DCD3 [HERUES],31.454675,-110.1099389,HERUES,USGS,GW,7.77,null,null,1,null,m,2,null,O,A,72019,12/10/2008,no,2036
3.12843E+14,D-22-22 33BBC [HUN-UP],31.47880833,-110.1194139,HUN-UP,USGS,GW,27.72,null,null,1,USGS,m,2,S,V,A,72019,10/25/2019,no,2037
3.12642E+14,D-23-22 09ACD2 [HERSUD],31.4451861,-110.1109278,HERSUD,USGS,GW,13.74,null,null,1,USGS,m,2,S,V,A,72019,4/18/2023,no,2039
3.12717E+14,D-23-22 04DCA1 [HERUWS],31.45477778,-110.1105194,HERUWS,USGS,GW,14.18,null,null,1,null,m,2,null,O,A,72019,7/14/2009,no,2040
3.12716E+14,D-23-22 04DCD2 [HER-LD],31.45453333,-110.1096972,HER-LD,USGS,GW,6.4,null,null,1,null,m,2,null,O,A,72019,2/16/2010,no,2041
3.12716E+14,D-23-22 04DCD1 [HER-LS],31.45451944,-110.1097,HER-LS,USGS,GW,6.53,null,null,1,USGS,m,2,S,V,A,72019,3/19/2012,no,2043
3.12716E+14,D-23-22 04DCD4 [HERUED],31.4546722,-110.1099306,HERUED,USGS,GW,7.74,null,null,1,null,m,2,null,O,A,72019,2/16/2010,no,2045
3.12716E+14,D-23-22 04DCD3 [HERUES],31.454675,-110.1099389,HERUES,USGS,GW,7.85,null,null,1,null,m,2,null,O,A,72019,3/26/2009,no,2046
3.12843E+14,D-22-22 33BBC [HUN-UP],31.47880833,-110.1194139,HUN-UP,USGS,GW,24.17,null,null,1,USGS,m,2,S,V,A,72019,1/8/2020,no,2047
3.12642E+14,D-23-22 09ACD2 [HERSUD],31.4451861,-110.1109278,HERSUD,USGS,GW,15,null,null,1,USGS,m,2,S,V,A,72019,6/27/2023,no,2049
3.12717E+14,D-23-22 04DCA1 [HERUWS],31.45477778,-110.1105194,HERUWS,USGS,GW,14.42,null,null,1,null,m,2,null,O,A,72019,9/23/2009,no,2050
3.12716E+14,D-23-22 04DCD2 [HER-LD],31.45453333,-110.1096972,HER-LD,USGS,GW,7.41,null,null,1,null,m,2,null,O,A,72019,6/24/2010,no,2051
3.12716E+14,D-23-22 04DCD1 [HER-LS],31.45451944,-110.1097,HER-LS,USGS,GW,7.25,null,null,1,USGS,m,2,S,V,A,72019,6/18/2012,no,2053
3.12716E+14,D-23-22 04DCD4 [HERUED],31.4546722,-110.1099306,HERUED,USGS,GW,7.99,null,null,1,null,m,2,null,O,A,72019,6/24/2010,no,2055
3.12716E+14,D-23-22 04DCD3 [HERUES],31.454675,-110.1099389,HERUES,USGS,GW,8.55,null,null,1,null,m,2,null,O,A,72019,7/14/2009,no,2056
3.12716E+14,D-23-22 04DCD2 [HER-LD],31.45453333,-110.1096972,HER-LD,USGS,GW,8.76,null,null,1,null,m,2,null,O,A,72019,7/15/2010,no,2058
3.12642E+14,D-23-22 09ACD2 [HERSUD],31.4451861,-110.1109278,HERSUD,USGS,GW,16.2,null,null,1,USGS,m,2,S,V,A,72019,11/2/2023,no,2059
3.12642E+14,D-23-22 09ACD1 [HERSUS],31.44523056,-110.1109222,HERSUS,USGS,GW,17.13,null,null,1,null,m,2,null,O,A,72019,2/15/2006,no,2060
3.12716E+14,D-23-22 04DCD1 [HER-LS],31.45451944,-110.1097,HER-LS,USGS,GW,3.69,null,null,1,USGS,m,2,S,V,A,72019,9/12/2012,no,2062
3.12716E+14,D-23-22 04DCD4 [HERUED],31.4546722,-110.1099306,HERUED,USGS,GW,9.04,null,null,1,null,m,2,null,O,A,72019,7/15/2010,no,2063
3.12716E+14,D-23-22 04DCD1 [HER-LS],31.45451944,-110.1097,HER-LS,USGS,GW,6.45,null,null,1,USGS,m,2,S,V,A,72019,5/29/2013,no,2066
3.12843E+14,D-22-22 33BBC [HUN-UP],31.47880833,-110.1194139,HUN-UP,USGS,GW,24.53,null,null,1,USGS,m,2,S,V,A,72019,4/7/2020,no,2067
3.12642E+14,D-23-22 09ACD1 [HERSUS],31.44523056,-110.1109222,HERSUS,USGS,GW,17.12,null,null,1,USGS,m,2,S,T,A,72019,2/16/2006,no,2068
3.12716E+14,D-23-22 04DCD2 [HER-LD],31.45453333,-110.1096972,HER-LD,USGS,GW,5.75,null,null,1,null,m,2,null,O,A,72019,11/29/2010,no,2069
3.12642E+14,D-23-22 09ACD2 [HERSUD],31.4451861,-110.1109278,HERSUD,USGS,GW,13.95,null,null,1,USGS,m,2,S,V,A,72019,2/14/2024,no,2070
3.12716E+14,D-23-22 04DCD3 [HERUES],31.454675,-110.1099389,HERUES,USGS,GW,8.45,null,null,1,null,m,2,null,O,A,72019,8/25/2009,no,2071
3.12717E+14,D-23-22 04DCA1 [HERUWS],31.45477778,-110.1105194,HERUWS,USGS,GW,14.09,null,null,1,null,m,2,null,O,A,72019,11/10/2009,no,2072
3.12716E+14,D-23-22 04DCD2 [HER-LD],31.45453333,-110.1096972,HER-LD,USGS,GW,5.61,null,null,1,null,m,2,null,O,A,72019,12/30/2010,no,2073
3.12642E+14,D-23-22 09ACD2 [HERSUD],31.4451861,-110.1109278,HERSUD,USGS,GW,13.8,null,null,1,USGS,m,2,S,V,A,72019,4/18/2024,no,2074
3.12716E+14,D-23-22 04DCD3 [HERUES],31.454675,-110.1099389,HERUES,USGS,GW,8.8,null,null,1,null,m,2,null,O,A,72019,9/23/2009,no,2075
3.12716E+14,D-23-22 04DCD4 [HERUED],31.4546722,-110.1099306,HERUED,USGS,GW,7.14,null,null,1,null,m,2,null,O,A,72019,11/29/2010,no,2076
3.12642E+14,D-23-22 09ACD1 [HERSUS],31.44523056,-110.1109222,HERSUS,USGS,GW,17.77,null,null,1,USGS,m,2,S,T,A,72019,6/14/2006,no,2077
3.12716E+14,D-23-22 04DCD1 [HER-LS],31.45451944,-110.1097,HER-LS,USGS,GW,7.37,null,null,1,USGS,m,2,S,V,A,72019,7/1/2013,no,2078
3.12717E+14,D-23-22 04DCA1 [HERUWS],31.45477778,-110.1105194,HERUWS,USGS,GW,13.3,null,null,1,null,m,2,null,O,A,72019,1/19/2010,no,2081
3.12843E+14,D-22-22 33BBC [HUN-UP],31.47880833,-110.1194139,HUN-UP,USGS,GW,26.56,null,null,1,USGS,m,2,S,V,A,72019,6/24/2020,no,2082
3.12716E+14,D-23-22 04DCD2 [HER-LD],31.45453333,-110.1096972,HER-LD,USGS,GW,6.64,null,null,1,USGS,m,2,S,V,A,72019,7/20/2011,no,2083
3.12642E+14,D-23-22 09ACD2 [HERSUD],31.4451861,-110.1109278,HERSUD,USGS,GW,15.97,null,null,1,USGS,m,2,S,V,A,72019,6/25/2024,no,2084
3.12716E+14,D-23-22 04DCD3 [HERUES],31.454675,-110.1099389,HERUES,USGS,GW,8.5,null,null,1,null,m,2,null,O,A,72019,11/10/2009,no,2085
3.12716E+14,D-23-22 04DCD4 [HERUED],31.4546722,-110.1099306,HERUED,USGS,GW,7.03,null,null,1,null,m,2,null,O,A,72019,12/30/2010,no,2086
3.12642E+14,D-23-22 09ACD1 [HERSUS],31.44523056,-110.1109222,HERSUS,USGS,GW,15.23,null,null,1,null,m,2,null,O,A,72019,9/15/2006,no,2087
3.12716E+14,D-23-22 04DCD1 [HER-LS],31.45451944,-110.1097,HER-LS,USGS,GW,5.92,null,null,1,USGS,m,2,S,V,A,72019,10/30/2013,no,2088
3.12717E+14,D-23-22 04DCA1 [HERUWS],31.45477778,-110.1105194,HERUWS,USGS,GW,13.43,null,null,1,null,m,2,null,O,A,72019,2/16/2010,no,2091
3.12843E+14,D-22-22 33BBC [HUN-UP],31.47880833,-110.1194139,HUN-UP,USGS,GW,28.49,null,null,1,USGS,m,2,S,S,A,72019,10/6/2020,no,2092
3.12716E+14,D-23-22 04DCD2 [HER-LD],31.45453333,-110.1096972,HER-LD,USGS,GW,6.6,null,null,1,USGS,m,2,S,V,A,72019,7/27/2011,no,2093
3.12642E+14,D-23-22 09ACD2 [HERSUD],31.4451861,-110.1109278,HERSUD,USGS,GW,16.03,null,null,1,USGS,m,2,S,V,A,72019,10/29/2024,no,2094
3.12642E+14,D-23-22 09ACD2 [HERSUD],31.4451861,-110.1109278,HERSUD,USGS,GW,13.81,null,null,1,USGS,m,2,S,S,A,72019,2/26/2025,no,2095
3.12843E+14,D-22-22 33BBC [HUN-UP],31.47880833,-110.1194139,HUN-UP,USGS,GW,26,null,null,1,USGS,m,2,S,V,A,72019,2/10/2021,no,2186
3.12716E+14,D-23-22 04DCD4 [HERUED],31.4546722,-110.1099306,HERUED,USGS,GW,6.97,null,null,1,null,m,2,null,O,A,72019,3/15/2011,no,2187
3.12716E+14,D-23-22 04DCD3 [HERUES],31.454675,-110.1099389,HERUES,USGS,GW,7.61,null,null,1,null,m,2,null,O,A,72019,1/19/2010,no,2188
3.12642E+14,D-23-22 09ACD1 [HERSUS],31.44523056,-110.1109222,HERSUS,USGS,GW,16.89,null,null,1,null,m,2,null,O,A,72019,10/24/2006,no,2189
3.12716E+14,D-23-22 04DCD1 [HER-LS],31.45451944,-110.1097,HER-LS,USGS,GW,5.61,null,null,1,USGS,m,2,S,V,A,72019,1/7/2014,no,2191
3.12843E+14,D-22-22 33BBC [HUN-UP],31.47880833,-110.1194139,HUN-UP,USGS,GW,25.18,null,null,1,USGS,m,2,S,V,A,72019,4/7/2021,no,2193
3.12716E+14,D-23-22 04DCD2 [HER-LD],31.45453333,-110.1096972,HER-LD,USGS,GW,7.19,null,null,1,USGS,m,2,S,V,A,72019,9/22/2011,no,2195
3.12716E+14,D-23-22 04DCD4 [HERUED],31.4546722,-110.1099306,HERUED,USGS,GW,7.99,null,null,1,USGS,m,2,S,V,A,72019,7/20/2011,no,2196
3.12843E+14,D-22-22 33BBC [HUN-UP],31.47880833,-110.1194139,HUN-UP,USGS,GW,25.53,null,null,1,USGS,m,2,S,V,A,72019,10/19/2021,no,2198
3.12716E+14,D-23-22 04DCD3 [HERUES],31.454675,-110.1099389,HERUES,USGS,GW,7.76,null,null,1,null,m,2,null,O,A,72019,2/16/2010,no,2199
3.12716E+14,D-23-22 04DCD1 [HER-LS],31.45451944,-110.1097,HER-LS,USGS,GW,5.67,null,null,1,USGS,m,2,S,V,A,72019,4/2/2014,no,2200
3.12642E+14,D-23-22 09ACD1 [HERSUS],31.44523056,-110.1109222,HERSUS,USGS,GW,16.89,null,null,1,null,m,2,null,O,A,72019,11/29/2006,no,2201
3.12717E+14,D-23-22 04DCA1 [HERUWS],31.45477778,-110.1105194,HERUWS,USGS,GW,14.36,null,null,1,null,m,2,null,O,A,72019,6/24/2010,no,2202
3.12642E+14,D-23-22 09ACD1 [HERSUS],31.44523056,-110.1109222,HERSUS,USGS,GW,16.95,null,null,1,null,m,2,null,O,A,72019,12/4/2006,no,2203
3.12717E+14,D-23-22 04DCA1 [HERUWS],31.45477778,-110.1105194,HERUWS,USGS,GW,14.68,null,null,1,null,m,2,null,O,A,72019,7/15/2010,no,2204
3.12716E+14,D-23-22 04DCD2 [HER-LD],31.45453333,-110.1096972,HER-LD,USGS,GW,6.74,null,null,1,USGS,m,2,S,V,A,72019,3/19/2012,no,2205
3.12642E+14,D-23-22 09ACD1 [HERSUS],31.44523056,-110.1109222,HERSUS,USGS,GW,16.94,null,null,1,USGS,m,2,S,T,A,72019,12/5/2006,no,2207
3.12716E+14,D-23-22 04DCD4 [HERUED],31.4546722,-110.1099306,HERUED,USGS,GW,8.04,null,null,1,USGS,m,2,S,V,A,72019,7/27/2011,no,2208
3.12717E+14,D-23-22 04DCA1 [HERUWS],31.45477778,-110.1105194,HERUWS,USGS,GW,13.03,null,null,1,null,m,2,null,O,A,72019,11/29/2010,no,2209
3.12716E+14,D-23-22 04DCD1 [HER-LS],31.45451944,-110.1097,HER-LS,USGS,GW,6.52,null,null,1,USGS,m,2,S,V,A,72019,6/25/2014,no,2210
3.12717E+14,D-23-22 04DCA1 [HERUWS],31.45477778,-110.1105194,HERUWS,USGS,GW,12.92,null,null,1,null,m,2,null,O,A,72019,12/30/2010,no,2211
3.12843E+14,D-22-22 33BBC [HUN-UP],31.47880833,-110.1194139,HUN-UP,USGS,GW,25.39,null,null,1,USGS,m,2,S,V,A,72019,2/1/2022,no,2212
3.12716E+14,D-23-22 04DCD2 [HER-LD],31.45453333,-110.1096972,HER-LD,USGS,GW,7.48,null,null,1,USGS,m,2,S,V,A,72019,6/18/2012,no,2214
3.12716E+14,D-23-22 04DCD3 [HERUES],31.454675,-110.1099389,HERUES,USGS,GW,8.6,null,null,1,null,m,2,null,O,A,72019,6/24/2010,no,2216
3.12716E+14,D-23-22 04DCD4 [HERUED],31.4546722,-110.1099306,HERUED,USGS,GW,8.54,null,null,1,USGS,m,2,S,V,A,72019,9/23/2011,no,2217
3.12716E+14,D-23-22 04DCD1 [HER-LS],31.45451944,-110.1097,HER-LS,USGS,GW,4.5,null,null,1,USGS,m,2,S,V,A,72019,11/3/2014,no,2219
3.12716E+14,D-23-22 04DCD2 [HER-LD],31.45453333,-110.1096972,HER-LD,USGS,GW,3.94,null,null,1,USGS,m,2,S,V,A,72019,9/12/2012,no,2220
3.12843E+14,D-22-22 33BBC [HUN-UP],31.47880833,-110.1194139,HUN-UP,USGS,GW,25.37,null,null,1,USGS,m,2,S,V,A,72019,4/5/2022,no,2221
3.12717E+14,D-23-22 04DCA1 [HERUWS],31.45477778,-110.1105194,HERUWS,USGS,GW,13.88,null,null,1,USGS,m,2,S,V,A,72019,7/20/2011,no,2223
3.12642E+14,D-23-22 09ACD1 [HERSUS],31.44523056,-110.1109222,HERSUS,USGS,GW,16.93,null,null,1,null,m,2,null,O,A,72019,12/21/2006,no,2224
3.12843E+14,D-22-22 33BBC [HUN-UP],31.47880833,-110.1194139,HUN-UP,USGS,GW,27.38,null,null,1,USGS,m,2,S,V,A,72019,6/28/2022,no,2225
3.12717E+14,D-23-22 04DCA1 [HERUWS],31.45477778,-110.1105194,HERUWS,USGS,GW,14.21,null,null,1,USGS,m,2,S,V,A,72019,9/21/2011,no,2227
3.12716E+14,D-23-22 04DCD3 [HERUES],31.454675,-110.1099389,HERUES,USGS,GW,9.02,null,null,1,null,m,2,null,O,A,72019,7/15/2010,no,2228
3.12716E+14,D-23-22 04DCD4 [HERUED],31.4546722,-110.1099306,HERUED,USGS,GW,8.08,null,null,1,USGS,m,2,S,V,A,72019,3/27/2012,no,2229
3.12716E+14,D-23-22 04DCD2 [HER-LD],31.45453333,-110.1096972,HER-LD,USGS,GW,6.7,null,null,1,USGS,m,2,S,V,A,72019,5/29/2013,no,2231
3.12642E+14,D-23-22 09ACD1 [HERSUS],31.44523056,-110.1109222,HERSUS,USGS,GW,16.9,null,null,1,null,m,2,null,O,A,72019,1/25/2007,no,2232
3.12642E+14,D-23-22 09ACD2 [HERSUD],31.4451861,-110.1109278,HERSUD,USGS,GW,17.56,null,null,1,null,m,2,null,O,A,72019,2/15/2006,no,2233
3.12717E+14,D-23-22 04DCA1 [HERUWS],31.45477778,-110.1105194,HERUWS,USGS,GW,12.38,null,null,1,USGS,m,2,S,V,A,72019,7/9/2021,no,2234
3.12716E+14,D-23-22 04DCD1 [HER-LS],31.45451944,-110.1097,HER-LS,USGS,GW,4.34,null,null,1,USGS,m,2,S,V,A,72019,1/14/2015,no,2235
3.12843E+14,D-22-22 33BBC [HUN-UP],31.47880833,-110.1194139,HUN-UP,USGS,GW,24.77,null,null,1,USGS,m,2,S,V,A,72019,10/19/2022,no,2236
3.12716E+14,D-23-22 04DCD3 [HERUES],31.454675,-110.1099389,HERUES,USGS,GW,7.1,null,null,1,null,m,2,null,O,A,72019,12/30/2010,no,2237
3.12716E+14,D-23-22 04DCD1 [HER-LS],31.45451944,-110.1097,HER-LS,USGS,GW,4.39,null,null,1,USGS,m,2,S,V,A,72019,4/15/2015,no,2238
3.12717E+14,D-23-22 04DCA1 [HERUWS],31.45477778,-110.1105194,HERUWS,USGS,GW,10.69,null,null,1,USGS,m,2,S,V,A,72019,12/14/2021,no,2239
3.12843E+14,D-22-22 33BBC [HUN-UP],31.47880833,-110.1194139,HUN-UP,USGS,GW,25.1,null,null,1,USGS,m,2,S,V,A,72019,1/25/2023,no,2240
3.12716E+14,D-23-22 04DCD4 [HERUED],31.4546722,-110.1099306,HERUED,USGS,GW,8.77,null,null,1,USGS,m,2,S,V,A,72019,6/18/2012,no,2241
3.12716E+14,D-23-22 04DCD2 [HER-LD],31.45453333,-110.1096972,HER-LD,USGS,GW,7.6,null,null,1,USGS,m,2,S,V,A,72019,7/1/2013,no,2242
3.12642E+14,D-23-22 09ACD1 [HERSUS],31.44523056,-110.1109222,HERSUS,USGS,GW,16.89,null,null,1,null,m,2,null,O,A,72019,2/26/2007,no,2244
3.12716E+14,D-23-22 04DCD3 [HERUES],31.454675,-110.1099389,HERUES,USGS,GW,7.89,null,null,1,USGS,m,2,S,V,A,72019,7/20/2011,no,2245
3.12642E+14,D-23-22 09ACD2 [HERSUD],31.4451861,-110.1109278,HERSUD,USGS,GW,17.57,null,null,1,USGS,m,2,S,T,A,72019,2/16/2006,no,2246
3.12716E+14,D-23-22 04DCD1 [HER-LS],31.45451944,-110.1097,HER-LS,USGS,GW,5.04,null,null,1,USGS,m,2,S,V,A,72019,7/14/2015,no,2247
3.12717E+14,D-23-22 04DCA1 [HERUWS],31.45477778,-110.1105194,HERUWS,USGS,GW,10.69,null,null,1,USGS,m,2,S,V,A,72019,12/16/2021,no,2248
3.12843E+14,D-22-22 33BBC [HUN-UP],31.47880833,-110.1194139,HUN-UP,USGS,GW,25.07,null,null,1,USGS,m,2,S,V,P,72019,4/18/2023,no,2249
3.12716E+14,D-23-22 04DCD4 [HERUED],31.4546722,-110.1099306,HERUED,USGS,GW,5.34,null,null,1,USGS,m,2,S,V,A,72019,9/12/2012,no,2250
3.12716E+14,D-23-22 04DCD2 [HER-LD],31.45453333,-110.1096972,HER-LD,USGS,GW,7.13,null,null,1,USGS,m,2,S,V,A,72019,10/30/2013,no,2251
3.12642E+14,D-23-22 09ACD1 [HERSUS],31.44523056,-110.1109222,HERSUS,USGS,GW,17.05,null,null,1,null,m,2,null,O,A,72019,3/22/2007,no,2253
3.12716E+14,D-23-22 04DCD3 [HERUES],31.454675,-110.1099389,HERUES,USGS,GW,8.4,null,null,1,USGS,m,2,S,V,A,72019,9/22/2011,no,2254
3.12642E+14,D-23-22 09ACD2 [HERSUD],31.4451861,-110.1109278,HERSUD,USGS,GW,18.16,null,null,1,USGS,m,2,S,T,A,72019,6/14/2006,no,2255
3.12716E+14,D-23-22 04DCD1 [HER-LS],31.45451944,-110.1097,HER-LS,USGS,GW,4.81,null,null,1,USGS,m,2,S,V,A,72019,10/7/2015,no,2256
3.12717E+14,D-23-22 04DCA1 [HERUWS],31.45477778,-110.1105194,HERUWS,USGS,GW,10.54,null,null,1,USGS,m,2,S,V,A,72019,2/1/2022,no,2257
3.12843E+14,D-22-22 33BBC [HUN-UP],31.47880833,-110.1194139,HUN-UP,USGS,GW,26.74,null,null,1,USGS,m,2,S,V,P,72019,6/27/2023,no,2258
3.12716E+14,D-23-22 04DCD4 [HERUED],31.4546722,-110.1099306,HERUED,USGS,GW,8.09,null,null,1,USGS,m,2,S,V,A,72019,5/29/2013,no,2259
3.12716E+14,D-23-22 04DCD2 [HER-LD],31.45453333,-110.1096972,HER-LD,USGS,GW,6.03,null,null,1,USGS,m,2,S,V,A,72019,1/7/2014,no,2260
3.12642E+14,D-23-22 09ACD1 [HERSUS],31.44523056,-110.1109222,HERSUS,USGS,GW,16.9,null,null,1,null,m,2,null,O,A,72019,3/27/2007,no,2262
3.12716E+14,D-23-22 04DCD3 [HERUES],31.454675,-110.1099389,HERUES,USGS,GW,8.11,null,null,1,USGS,m,2,S,V,A,72019,3/27/2012,no,2263
3.12642E+14,D-23-22 09ACD2 [HERSUD],31.4451861,-110.1109278,HERSUD,USGS,GW,15.57,null,null,1,null,m,2,null,O,A,72019,9/15/2006,no,2264
3.12716E+14,D-23-22 04DCD1 [HER-LS],31.45451944,-110.1097,HER-LS,USGS,GW,4.26,null,null,1,USGS,m,2,S,V,A,72019,1/20/2016,no,2265
3.12642E+14,D-23-22 09ACD1 [HERSUS],31.44523056,-110.1109222,HERSUS,USGS,GW,17.07,null,null,1,null,m,2,null,O,A,72019,4/12/2007,no,2266
3.12717E+14,D-23-22 04DCA1 [HERUWS],31.45477778,-110.1105194,HERUWS,USGS,GW,10.48,null,null,1,USGS,m,2,S,V,A,72019,4/5/2022,no,2267
3.12642E+14,D-23-22 09ACD1 [HERSUS],31.44523056,-110.1109222,HERSUS,USGS,GW,17.19,null,null,1,null,m,2,null,O,A,72019,5/9/2007,no,2268
3.12716E+14,D-23-22 04DCD4 [HERUED],31.4546722,-110.1099306,HERUED,USGS,GW,8.95,null,null,1,USGS,m,2,S,V,A,72019,7/1/2013,no,2269
3.12716E+14,D-23-22 04DCD2 [HER-LD],31.45453333,-110.1096972,HER-LD,USGS,GW,5.89,null,null,1,USGS,m,2,S,V,A,72019,4/2/2014,no,2270
3.12716E+14,D-23-22 04DCD1 [HER-LS],31.45451944,-110.1097,HER-LS,USGS,GW,4.23,null,null,1,USGS,m,2,S,V,A,72019,4/19/2016,no,2272
3.12716E+14,D-23-22 04DCD3 [HERUES],31.454675,-110.1099389,HERUES,USGS,GW,8.63,null,null,1,USGS,m,2,S,V,A,72019,6/18/2012,no,2273
3.12642E+14,D-23-22 09ACD2 [HERSUD],31.4451861,-110.1109278,HERSUD,USGS,GW,17.24,null,null,1,null,m,2,null,O,A,72019,10/24/2006,no,2274
3.12642E+14,D-23-22 09ACD1 [HERSUS],31.44523056,-110.1109222,HERSUS,USGS,GW,17.3,null,null,1,null,m,2,null,O,A,72019,6/15/2007,no,2275
3.12717E+14,D-23-22 04DCA1 [HERUWS],31.45477778,-110.1105194,HERUWS,USGS,GW,11.34,null,null,1,USGS,m,2,S,V,A,72019,6/28/2022,no,2276
3.12716E+14,D-23-22 04DCD4 [HERUED],31.4546722,-110.1099306,HERUED,USGS,GW,7.52,null,null,1,USGS,m,2,S,V,A,72019,10/30/2013,no,2277
3.12716E+14,D-23-22 04DCD1 [HER-LS],31.45451944,-110.1097,HER-LS,USGS,GW,5.52,null,null,1,USGS,m,2,S,V,A,72019,6/27/2016,no,2278
3.12716E+14,D-23-22 04DCD2 [HER-LD],31.45453333,-110.1096972,HER-LD,USGS,GW,6.76,null,null,1,USGS,m,2,S,V,A,72019,6/25/2014,no,2279
3.12843E+14,D-22-22 33BBC [HUN-UP],31.47880833,-110.1194139,HUN-UP,USGS,GW,26.35,null,null,1,USGS,m,2,S,V,P,72019,2/14/2024,no,2281
3.12716E+14,D-23-22 04DCD3 [HERUES],31.454675,-110.1099389,HERUES,USGS,GW,6.32,null,null,1,USGS,m,2,S,V,A,72019,9/12/2012,no,2282
3.12642E+14,D-23-22 09ACD2 [HERSUD],31.4451861,-110.1109278,HERSUD,USGS,GW,17.31,null,null,1,null,m,2,null,O,A,72019,11/29/2006,no,2283
3.12716E+14,D-23-22 04DCD4 [HERUED],31.4546722,-110.1099306,HERUED,USGS,GW,7.2,null,null,1,USGS,m,2,S,V,A,72019,1/7/2014,no,2284
3.12716E+14,D-23-22 04DCD1 [HER-LS],31.45451944,-110.1097,HER-LS,USGS,GW,4.91,null,null,1,USGS,m,2,S,V,A,72019,10/19/2016,no,2285
3.12716E+14,D-23-22 04DCD2 [HER-LD],31.45453333,-110.1096972,HER-LD,USGS,GW,4.73,null,null,1,USGS,m,2,S,V,A,72019,11/3/2014,no,2286
3.12642E+14,D-23-22 09ACD1 [HERSUS],31.44523056,-110.1109222,HERSUS,USGS,GW,17.37,null,null,1,USGS,m,2,S,T,A,72019,6/22/2007,no,2287
3.12843E+14,D-22-22 33BBC [HUN-UP],31.47880833,-110.1194139,HUN-UP,USGS,GW,25.46,null,null,1,USGS,m,2,S,V,P,72019,4/18/2024,no,2289
3.12716E+14,D-23-22 04DCD3 [HERUES],31.454675,-110.1099389,HERUES,USGS,GW,7.68,null,null,1,USGS,m,2,S,V,A,72019,5/29/2013,no,2290
3.12717E+14,D-23-22 04DCA1 [HERUWS],31.45477778,-110.1105194,HERUWS,USGS,GW,10.26,null,null,1,USGS,m,2,S,V,A,72019,10/19/2022,no,2291
3.12642E+14,D-23-22 09ACD2 [HERSUD],31.4451861,-110.1109278,HERSUD,USGS,GW,17.31,null,null,1,USGS,m,2,S,T,A,72019,12/5/2006,no,2292
3.12716E+14,D-23-22 04DCD4 [HERUED],31.4546722,-110.1099306,HERUED,USGS,GW,7.46,null,null,1,USGS,m,2,S,V,A,72019,4/2/2014,no,2293
3.12716E+14,D-23-22 04DCD1 [HER-LS],31.45451944,-110.1097,HER-LS,USGS,GW,4.24,null,null,1,USGS,m,2,S,V,A,72019,1/18/2017,no,2294
3.12716E+14,D-23-22 04DCD2 [HER-LD],31.45453333,-110.1096972,HER-LD,USGS,GW,4.6,null,null,1,USGS,m,2,S,V,A,72019,1/14/2015,no,2295
3.12642E+14,D-23-22 09ACD1 [HERSUS],31.44523056,-110.1109222,HERSUS,USGS,GW,17.64,null,null,1,null,m,2,null,O,A,72019,7/19/2007,no,2296
3.12843E+14,D-22-22 33BBC [HUN-UP],31.47880833,-110.1194139,HUN-UP,USGS,GW,26,null,null,1,USGS,m,2,S,S,P,72019,2/26/2025,no,2298
3.12716E+14,D-23-22 04DCD3 [HERUES],31.454675,-110.1099389,HERUES,USGS,GW,8.27,null,null,1,USGS,m,2,S,V,A,72019,7/1/2013,no,2299
3.12717E+14,D-23-22 04DCA1 [HERUWS],31.45477778,-110.1105194,HERUWS,USGS,GW,10.35,null,null,1,USGS,m,2,S,V,A,72019,1/25/2023,no,2300
3.12642E+14,D-23-22 09ACD2 [HERSUD],31.4451861,-110.1109278,HERSUD,USGS,GW,17.34,null,null,1,null,m,2,null,O,A,72019,12/21/2006,no,2301
3.12642E+14,D-23-22 09ACD2 [HERSUD],31.4451861,-110.1109278,HERSUD,USGS,GW,17.3,null,null,1,null,m,2,null,O,A,72019,1/25/2007,no,2302
3.12642E+14,D-23-22 09ACD2 [HERSUD],31.4451861,-110.1109278,HERSUD,USGS,GW,17.29,null,null,1,null,m,2,null,O,A,72019,2/26/2007,no,2303
3.12642E+14,D-23-22 09ACD2 [HERSUD],31.4451861,-110.1109278,HERSUD,USGS,GW,17.45,null,null,1,null,m,2,null,O,A,72019,3/22/2007,no,2304
3.12642E+14,D-23-22 09ACD2 [HERSUD],31.4451861,-110.1109278,HERSUD,USGS,GW,17.32,null,null,1,null,m,2,null,O,A,72019,3/27/2007,no,2305
3.12642E+14,D-23-22 09ACD2 [HERSUD],31.4451861,-110.1109278,HERSUD,USGS,GW,17.49,null,null,1,null,m,2,null,O,A,72019,4/12/2007,no,2306
3.12642E+14,D-23-22 09ACD2 [HERSUD],31.4451861,-110.1109278,HERSUD,USGS,GW,17.62,null,null,1,null,m,2,null,O,A,72019,5/9/2007,no,2307
3.12642E+14,D-23-22 09ACD2 [HERSUD],31.4451861,-110.1109278,HERSUD,USGS,GW,17.73,null,null,1,null,m,2,null,O,A,72019,6/15/2007,no,2308
3.12642E+14,D-23-22 09ACD2 [HERSUD],31.4451861,-110.1109278,HERSUD,USGS,GW,17.75,null,null,1,USGS,m,2,S,T,A,72019,6/22/2007,no,2309
3.12642E+14,D-23-22 09ACD2 [HERSUD],31.4451861,-110.1109278,HERSUD,USGS,GW,18.03,null,null,1,null,m,2,null,O,A,72019,7/19/2007,no,2310
3.12642E+14,D-23-22 09ACD2 [HERSUD],31.4451861,-110.1109278,HERSUD,USGS,GW,16.6,null,null,1,null,m,2,null,O,A,72019,8/15/2007,no,2311
3.12642E+14,D-23-22 09ACD2 [HERSUD],31.4451861,-110.1109278,HERSUD,USGS,GW,17.56,null,null,1,null,m,2,null,O,A,72019,9/19/2007,no,2312
3.12642E+14,D-23-22 09ACD2 [HERSUD],31.4451861,-110.1109278,HERSUD,USGS,GW,17.6,null,null,1,USGS,m,2,S,T,A,72019,10/6/2007,no,2313
3.12642E+14,D-23-22 09ACD2 [HERSUD],31.4451861,-110.1109278,HERSUD,USGS,GW,17.51,null,null,1,null,m,2,null,O,A,72019,10/25/2007,no,2314
3.12642E+14,D-23-22 09ACD2 [HERSUD],31.4451861,-110.1109278,HERSUD,USGS,GW,17.3,null,null,1,USGS,m,2,S,T,A,72019,11/8/2007,no,2315
3.12642E+14,D-23-22 09ACD2 [HERSUD],31.4451861,-110.1109278,HERSUD,USGS,GW,17.23,null,null,1,null,m,2,null,O,A,72019,11/19/2007,no,2316
3.12642E+14,D-23-22 09ACD2 [HERSUD],31.4451861,-110.1109278,HERSUD,USGS,GW,17.2,null,null,1,null,m,2,null,O,A,72019,12/18/2007,no,2317
3.12642E+14,D-23-22 09ACD2 [HERSUD],31.4451861,-110.1109278,HERSUD,USGS,GW,17.12,null,null,1,null,m,2,null,O,A,72019,1/18/2008,no,2318
3.12642E+14,D-23-22 09ACD2 [HERSUD],31.4451861,-110.1109278,HERSUD,USGS,GW,17.02,null,null,1,USGS,m,2,S,T,A,72019,2/20/2008,no,2319
3.12642E+14,D-23-22 09ACD2 [HERSUD],31.4451861,-110.1109278,HERSUD,USGS,GW,17.06,null,null,1,null,m,2,null,O,A,72019,2/21/2008,no,2320
3.12642E+14,D-23-22 09ACD2 [HERSUD],31.4451861,-110.1109278,HERSUD,USGS,GW,17.11,null,null,1,null,m,2,null,O,A,72019,3/25/2008,no,2321
3.12642E+14,D-23-22 09ACD2 [HERSUD],31.4451861,-110.1109278,HERSUD,USGS,GW,17.29,null,null,1,null,m,2,null,O,A,72019,4/17/2008,no,2322
3.12642E+14,D-23-22 09ACD2 [HERSUD],31.4451861,-110.1109278,HERSUD,USGS,GW,17.67,null,null,1,USGS,m,2,S,T,A,72019,6/12/2008,no,2323
3.12642E+14,D-23-22 09ACD2 [HERSUD],31.4451861,-110.1109278,HERSUD,USGS,GW,17.82,null,null,1,null,m,2,null,O,A,72019,7/3/2008,no,2324
3.12642E+14,D-23-22 09ACD2 [HERSUD],31.4451861,-110.1109278,HERSUD,USGS,GW,16.47,null,null,1,USGS,m,2,S,T,A,72019,8/20/2008,no,2325
3.12642E+14,D-23-22 09ACD2 [HERSUD],31.4451861,-110.1109278,HERSUD,USGS,GW,17.35,null,null,1,USGS,m,2,S,T,A,72019,11/20/2008,no,2326
3.12642E+14,D-23-22 09ACD2 [HERSUD],31.4451861,-110.1109278,HERSUD,USGS,GW,17.19,null,null,1,USGS,m,2,S,T,A,72019,2/25/2009,no,2327
3.12642E+14,D-23-22 09ACD2 [HERSUD],31.4451861,-110.1109278,HERSUD,USGS,GW,17.75,null,null,1,USGS,m,2,S,T,A,72019,6/10/2009,no,2328
3.12642E+14,D-23-22 09ACD2 [HERSUD],31.4451861,-110.1109278,HERSUD,USGS,GW,18.1,null,null,1,USGS,m,2,S,T,A,72019,9/4/2009,no,2329
3.12642E+14,D-23-22 09ACD2 [HERSUD],31.4451861,-110.1109278,HERSUD,USGS,GW,17.75,null,null,1,USGS,m,2,S,T,A,72019,11/18/2009,no,2330
3.12642E+14,D-23-22 09ACD2 [HERSUD],31.4451861,-110.1109278,HERSUD,USGS,GW,17.44,null,null,1,USGS,m,2,S,T,A,72019,3/17/2010,no,2331
3.12642E+14,D-23-22 09ACD2 [HERSUD],31.4451861,-110.1109278,HERSUD,USGS,GW,17.45,null,null,1,USGS,m,2,S,T,A,72019,5/12/2010,no,2332
3.12642E+14,D-23-22 09ACD2 [HERSUD],31.4451861,-110.1109278,HERSUD,USGS,GW,16.4,null,null,1,USGS,m,2,S,T,A,72019,9/1/2010,no,2333
3.12642E+14,D-23-22 09ACD2 [HERSUD],31.4451861,-110.1109278,HERSUD,USGS,GW,17.41,null,null,1,USGS,m,2,S,T,A,72019,11/23/2010,no,2334
3.12642E+14,D-23-22 09ACD2 [HERSUD],31.4451861,-110.1109278,HERSUD,USGS,GW,17.86,null,null,1,USGS,m,2,S,V,A,72019,7/20/2011,no,2335
3.12642E+14,D-23-22 09ACD2 [HERSUD],31.4451861,-110.1109278,HERSUD,USGS,GW,18.07,null,null,1,USGS,m,2,S,V,A,72019,9/21/2011,no,2336
3.12642E+14,D-23-22 09ACD2 [HERSUD],31.4451861,-110.1109278,HERSUD,USGS,GW,17.59,null,null,1,USGS,m,2,S,V,A,72019,3/19/2012,no,2337
3.12642E+14,D-23-22 09ACD2 [HERSUD],31.4451861,-110.1109278,HERSUD,USGS,GW,18.17,null,null,1,USGS,m,2,S,V,A,72019,6/18/2012,no,2338
3.12642E+14,D-23-22 09ACD2 [HERSUD],31.4451861,-110.1109278,HERSUD,USGS,GW,16.76,null,null,1,USGS,m,2,S,V,A,72019,9/12/2012,no,2339
3.12642E+14,D-23-22 09ACD2 [HERSUD],31.4451861,-110.1109278,HERSUD,USGS,GW,17.7,null,null,1,USGS,m,2,S,V,A,72019,5/29/2013,no,2340
3.12642E+14,D-23-22 09ACD2 [HERSUD],31.4451861,-110.1109278,HERSUD,USGS,GW,18.18,null,null,1,USGS,m,2,S,V,A,72019,7/1/2013,no,2341
3.12642E+14,D-23-22 09ACD2 [HERSUD],31.4451861,-110.1109278,HERSUD,USGS,GW,17.46,null,null,1,USGS,m,2,S,V,A,72019,10/29/2013,no,2342
3.12642E+14,D-23-22 09ACD2 [HERSUD],31.4451861,-110.1109278,HERSUD,USGS,GW,17.21,null,null,1,USGS,m,2,S,V,A,72019,1/7/2014,no,2343
3.12642E+14,D-23-22 09ACD2 [HERSUD],31.4451861,-110.1109278,HERSUD,USGS,GW,17.26,null,null,1,USGS,m,2,S,V,A,72019,4/2/2014,no,2344
3.12642E+14,D-23-22 09ACD2 [HERSUD],31.4451861,-110.1109278,HERSUD,USGS,GW,17.92,null,null,1,USGS,m,2,S,V,A,72019,6/25/2014,no,2345
3.12642E+14,D-23-22 09ACD2 [HERSUD],31.4451861,-110.1109278,HERSUD,USGS,GW,16.51,null,null,1,USGS,m,2,S,V,A,72019,11/3/2014,no,2346
3.12642E+14,D-23-22 09ACD2 [HERSUD],31.4451861,-110.1109278,HERSUD,USGS,GW,16.59,null,null,1,USGS,m,2,S,V,A,72019,1/14/2015,no,2347
3.12642E+14,D-23-22 09ACD2 [HERSUD],31.4451861,-110.1109278,HERSUD,USGS,GW,16.68,null,null,1,USGS,m,2,S,V,A,72019,4/15/2015,no,2348
3.12642E+14,D-23-22 09ACD2 [HERSUD],31.4451861,-110.1109278,HERSUD,USGS,GW,17.28,null,null,1,USGS,m,2,S,V,A,72019,7/14/2015,no,2349
3.12642E+14,D-23-22 09ACD2 [HERSUD],31.4451861,-110.1109278,HERSUD,USGS,GW,17.06,null,null,1,USGS,m,2,S,V,A,72019,10/7/2015,no,2350
3.12642E+14,D-23-22 09ACD2 [HERSUD],31.4451861,-110.1109278,HERSUD,USGS,GW,16.59,null,null,1,USGS,m,2,S,V,A,72019,1/20/2016,no,2351
3.12642E+14,D-23-22 09ACD2 [HERSUD],31.4451861,-110.1109278,HERSUD,USGS,GW,16.71,null,null,1,USGS,m,2,S,V,A,72019,4/19/2016,no,2352
3.12642E+14,D-23-22 09ACD2 [HERSUD],31.4451861,-110.1109278,HERSUD,USGS,GW,17.35,null,null,1,USGS,m,2,S,V,A,72019,6/27/2016,no,2353
3.12642E+14,D-23-22 09ACD2 [HERSUD],31.4451861,-110.1109278,HERSUD,USGS,GW,17.25,null,null,1,USGS,m,2,S,V,A,72019,10/19/2016,no,2354
3.12642E+14,D-23-22 09ACD2 [HERSUD],31.4451861,-110.1109278,HERSUD,USGS,GW,16.77,null,null,1,USGS,m,2,S,V,A,72019,1/18/2017,no,2355
3.12642E+14,D-23-22 09ACD2 [HERSUD],31.4451861,-110.1109278,HERSUD,USGS,GW,17.08,null,null,1,USGS,m,2,S,V,A,72019,4/25/2017,no,2356
3.12642E+14,D-23-22 09ACD2 [HERSUD],31.4451861,-110.1109278,HERSUD,USGS,GW,17.7,null,null,1,USGS,m,2,S,V,A,72019,6/28/2017,no,2357
3.12642E+14,D-23-22 09ACD2 [HERSUD],31.4451861,-110.1109278,HERSUD,USGS,GW,17.29,null,null,1,USGS,m,2,S,V,A,72019,10/17/2017,no,2358
3.12642E+14,D-23-22 09ACD2 [HERSUD],31.4451861,-110.1109278,HERSUD,USGS,GW,16.75,null,null,1,USGS,m,2,S,V,A,72019,1/10/2018,no,2359
3.12642E+14,D-23-22 09ACD2 [HERSUD],31.4451861,-110.1109278,HERSUD,USGS,GW,16.77,null,null,1,USGS,m,2,S,V,A,72019,4/18/2018,no,2360
3.12642E+14,D-23-22 09ACD2 [HERSUD],31.4451861,-110.1109278,HERSUD,USGS,GW,17.35,null,null,1,USGS,m,2,S,V,A,72019,6/21/2018,no,2361
3.12642E+14,D-23-22 09ACD2 [HERSUD],31.4451861,-110.1109278,HERSUD,USGS,GW,16.75,null,null,1,USGS,m,2,S,V,A,72019,10/25/2018,no,2362
3.12642E+14,D-23-22 09ACD2 [HERSUD],31.4451861,-110.1109278,HERSUD,USGS,GW,16.62,null,null,1,USGS,m,2,S,V,A,72019,2/6/2019,no,2363
3.12642E+14,D-23-22 09ACD2 [HERSUD],31.4451861,-110.1109278,HERSUD,USGS,GW,16.78,null,null,1,USGS,m,2,S,V,A,72019,4/17/2019,no,2364
3.12642E+14,D-23-22 09ACD2 [HERSUD],31.4451861,-110.1109278,HERSUD,USGS,GW,17.32,null,null,1,USGS,m,2,S,V,A,72019,6/26/2019,no,2365
3.12642E+14,D-23-22 09ACD2 [HERSUD],31.4451861,-110.1109278,HERSUD,USGS,GW,17.07,null,null,1,USGS,m,2,S,V,A,72019,10/25/2019,no,2366
3.12642E+14,D-23-22 09ACD2 [HERSUD],31.4451861,-110.1109278,HERSUD,USGS,GW,15.78,null,null,1,USGS,m,2,S,V,A,72019,1/8/2020,no,2367
3.12642E+14,D-23-22 09ACD2 [HERSUD],31.4451861,-110.1109278,HERSUD,USGS,GW,15.95,null,null,1,USGS,m,2,S,V,A,72019,4/7/2020,no,2368
3.12642E+14,D-23-22 09ACD2 [HERSUD],31.4451861,-110.1109278,HERSUD,USGS,GW,16.94,null,null,1,USGS,m,2,S,V,A,72019,6/24/2020,no,2369
3.12642E+14,D-23-22 09ACD2 [HERSUD],31.4451861,-110.1109278,HERSUD,USGS,GW,17.5,null,null,1,USGS,m,2,S,V,A,72019,10/6/2020,no,2370
3.12642E+14,D-23-22 09ACD2 [HERSUD],31.4451861,-110.1109278,HERSUD,USGS,GW,16.34,null,null,1,USGS,m,2,S,V,A,72019,2/10/2021,no,2371
3.12642E+14,D-23-22 09ACD2 [HERSUD],31.4451861,-110.1109278,HERSUD,USGS,GW,16.28,null,null,1,USGS,m,2,S,V,A,72019,4/7/2021,no,2372
3.12642E+14,D-23-22 09ACD2 [HERSUD],31.4451861,-110.1109278,HERSUD,USGS,GW,17.38,null,null,1,USGS,m,2,S,V,A,72019,6/28/2021,no,2373
3.12642E+14,D-23-22 09ACD2 [HERSUD],31.4451861,-110.1109278,HERSUD,USGS,GW,15.56,null,null,1,USGS,m,2,S,V,A,72019,10/19/2021,no,2374
3.12642E+14,D-23-22 09ACD2 [HERSUD],31.4451861,-110.1109278,HERSUD,USGS,GW,15.05,null,null,1,USGS,m,2,S,V,A,72019,2/1/2022,no,2375
3.12642E+14,D-23-22 09ACD2 [HERSUD],31.4451861,-110.1109278,HERSUD,USGS,GW,15.11,null,null,1,USGS,m,2,S,V,A,72019,4/5/2022,no,2376
3.12642E+14,D-23-22 09ACD2 [HERSUD],31.4451861,-110.1109278,HERSUD,USGS,GW,15.92,null,null,1,USGS,m,2,S,V,A,72019,6/28/2022,no,2377
3.12642E+14,D-23-22 09ACD1 [HERSUS],31.44523056,-110.1109222,HERSUS,USGS,GW,16.36,null,null,1,null,m,2,null,O,A,72019,8/15/2007,no,2378
3.12716E+14,D-23-22 04DCD2 [HER-LD],31.45453333,-110.1096972,HER-LD,USGS,GW,4.65,null,null,1,USGS,m,2,S,V,A,72019,4/15/2015,no,2379
3.12716E+14,D-23-22 04DCD4 [HERUED],31.4546722,-110.1099306,HERUED,USGS,GW,8.14,null,null,1,USGS,m,2,S,V,A,72019,6/25/2014,no,2380
3.12716E+14,D-23-22 04DCD3 [HERUES],31.454675,-110.1099389,HERUES,USGS,GW,6.96,null,null,1,USGS,m,2,S,V,A,72019,10/30/2013,no,2381
3.12717E+14,D-23-22 04DCA1 [HERUWS],31.45477778,-110.1105194,HERUWS,USGS,GW,10.43,null,null,1,USGS,m,2,S,V,A,72019,4/18/2023,no,2382
3.12717E+14,D-23-22 04DCA1 [HERUWS],31.45477778,-110.1105194,HERUWS,USGS,GW,12.34,null,null,1,USGS,m,2,S,V,A,72019,6/27/2023,no,2385
3.12716E+14,D-23-22 04DCD4 [HERUED],31.4546722,-110.1099306,HERUED,USGS,GW,6.14,null,null,1,USGS,m,2,S,V,A,72019,11/3/2014,no,2386
3.12716E+14,D-23-22 04DCD3 [HERUES],31.454675,-110.1099389,HERUES,USGS,GW,7.19,null,null,1,USGS,m,2,S,V,A,72019,1/7/2014,no,2387
3.12642E+14,D-23-22 09ACD1 [HERSUS],31.44523056,-110.1109222,HERSUS,USGS,GW,17.19,null,null,1,null,m,2,null,O,A,72019,9/19/2007,no,2388
3.12716E+14,D-23-22 04DCD2 [HER-LD],31.45453333,-110.1096972,HER-LD,USGS,GW,5.3,null,null,1,USGS,m,2,S,V,A,72019,7/14/2015,no,2389
3.12716E+14,D-23-22 04DCD2 [HER-LD],31.45453333,-110.1096972,HER-LD,USGS,GW,5.05,null,null,1,USGS,m,2,S,V,A,72019,10/7/2015,no,2391
3.12717E+14,D-23-22 04DCA1 [HERUWS],31.45477778,-110.1105194,HERUWS,USGS,GW,13.51,null,null,1,USGS,m,2,S,V,A,72019,11/2/2023,no,2392
3.12716E+14,D-23-22 04DCD1 [HER-LS],31.45451944,-110.1097,HER-LS,USGS,GW,4.64,null,null,1,USGS,m,2,S,V,A,72019,4/25/2017,no,2394
3.12716E+14,D-23-22 04DCD2 [HER-LD],31.45453333,-110.1096972,HER-LD,USGS,GW,4.52,null,null,1,USGS,m,2,S,V,A,72019,1/20/2016,no,2395
3.12716E+14,D-23-22 04DCD4 [HERUED],31.4546722,-110.1099306,HERUED,USGS,GW,6.24,null,null,1,USGS,m,2,S,V,A,72019,1/14/2015,no,2396
3.12717E+14,D-23-22 04DCA1 [HERUWS],31.45477778,-110.1105194,HERUWS,USGS,GW,11.06,null,null,1,USGS,m,2,S,V,A,72019,2/14/2024,no,2397
3.12716E+14,D-23-22 04DCD3 [HERUES],31.454675,-110.1099389,HERUES,USGS,GW,7.18,null,null,1,USGS,m,2,S,V,A,72019,4/2/2014,no,2399
3.12716E+14,D-23-22 04DCD2 [HER-LD],31.45453333,-110.1096972,HER-LD,USGS,GW,4.49,null,null,1,USGS,m,2,S,V,A,72019,4/19/2016,no,2401
3.12716E+14,D-23-22 04DCD1 [HER-LS],31.45451944,-110.1097,HER-LS,USGS,GW,6.19,null,null,1,USGS,m,2,S,V,A,72019,6/28/2017,no,2402
3.12642E+14,D-23-22 09ACD1 [HERSUS],31.44523056,-110.1109222,HERSUS,USGS,GW,17.18,null,null,1,USGS,m,2,S,T,A,72019,10/6/2007,no,2403
3.12716E+14,D-23-22 04DCD4 [HERUED],31.4546722,-110.1099306,HERUED,USGS,GW,6.09,null,null,1,USGS,m,2,S,V,A,72019,4/15/2015,no,2404
3.12717E+14,D-23-22 04DCA1 [HERUWS],31.45477778,-110.1105194,HERUWS,USGS,GW,13.42,null,null,1,USGS,m,2,S,S,A,72019,6/25/2024,no,2405
3.12716E+14,D-23-22 04DCD3 [HERUES],31.454675,-110.1099389,HERUES,USGS,GW,7.41,null,null,1,USGS,m,2,S,V,A,72019,6/25/2014,no,2407
3.12716E+14,D-23-22 04DCD2 [HER-LD],31.45453333,-110.1096972,HER-LD,USGS,GW,5.78,null,null,1,USGS,m,2,S,V,A,72019,6/27/2016,no,2409
3.12716E+14,D-23-22 04DCD1 [HER-LS],31.45451944,-110.1097,HER-LS,USGS,GW,5.13,null,null,1,USGS,m,2,S,V,A,72019,10/17/2017,no,2410
3.12642E+14,D-23-22 09ACD1 [HERSUS],31.44523056,-110.1109222,HERSUS,USGS,GW,17.09,null,null,1,null,m,2,null,O,A,72019,10/25/2007,no,2411
3.12716E+14,D-23-22 04DCD4 [HERUED],31.4546722,-110.1099306,HERUED,USGS,GW,6.76,null,null,1,USGS,m,2,S,V,A,72019,7/14/2015,no,2412
3.12717E+14,D-23-22 04DCA1 [HERUWS],31.45477778,-110.1105194,HERUWS,USGS,GW,13.45,null,null,1,USGS,m,2,S,V,A,72019,10/29/2024,no,2413
3.12716E+14,D-23-22 04DCD3 [HERUES],31.454675,-110.1099389,HERUES,USGS,GW,18.65,null,null,P,USGS,m,2,S,V,A,72019,4/19/2018,no,2415
3.12716E+14,D-23-22 04DCD2 [HER-LD],31.45453333,-110.1096972,HER-LD,USGS,GW,5.16,null,null,1,USGS,m,2,S,V,A,72019,10/19/2016,no,2417
3.12716E+14,D-23-22 04DCD2 [HER-LD],31.45453333,-110.1096972,HER-LD,USGS,GW,4.49,null,null,1,USGS,m,2,S,V,A,72019,1/18/2017,no,2418
3.12716E+14,D-23-22 04DCD2 [HER-LD],31.45453333,-110.1096972,HER-LD,USGS,GW,4.89,null,null,1,USGS,m,2,S,V,A,72019,4/25/2017,no,2419
3.12716E+14,D-23-22 04DCD2 [HER-LD],31.45453333,-110.1096972,HER-LD,USGS,GW,6.48,null,null,1,USGS,m,2,S,V,A,72019,6/28/2017,no,2420
3.12716E+14,D-23-22 04DCD2 [HER-LD],31.45453333,-110.1096972,HER-LD,USGS,GW,5.36,null,null,1,USGS,m,2,S,V,A,72019,10/17/2017,no,2421
3.12716E+14,D-23-22 04DCD2 [HER-LD],31.45453333,-110.1096972,HER-LD,USGS,GW,4.41,null,null,1,USGS,m,2,S,V,A,72019,1/10/2018,no,2422
3.12716E+14,D-23-22 04DCD2 [HER-LD],31.45453333,-110.1096972,HER-LD,USGS,GW,4.55,null,null,1,USGS,m,2,S,V,A,72019,4/18/2018,no,2423
3.12716E+14,D-23-22 04DCD2 [HER-LD],31.45453333,-110.1096972,HER-LD,USGS,GW,5.87,null,null,1,USGS,m,2,S,V,A,72019,6/21/2018,no,2424
3.12716E+14,D-23-22 04DCD2 [HER-LD],31.45453333,-110.1096972,HER-LD,USGS,GW,1.37,null,null,1,USGS,m,2,S,V,A,72019,10/25/2018,no,2425
3.12716E+14,D-23-22 04DCD2 [HER-LD],31.45453333,-110.1096972,HER-LD,USGS,GW,3.69,null,null,1,USGS,m,2,S,V,A,72019,2/6/2019,no,2426
3.12716E+14,D-23-22 04DCD2 [HER-LD],31.45453333,-110.1096972,HER-LD,USGS,GW,3.66,null,null,1,USGS,m,2,S,V,A,72019,4/17/2019,no,2427
3.12716E+14,D-23-22 04DCD2 [HER-LD],31.45453333,-110.1096972,HER-LD,USGS,GW,5.58,null,null,1,USGS,m,2,S,V,A,72019,6/26/2019,no,2428
3.12716E+14,D-23-22 04DCD2 [HER-LD],31.45453333,-110.1096972,HER-LD,USGS,GW,4.07,null,null,1,USGS,m,2,S,V,A,72019,10/25/2019,no,2429
3.12716E+14,D-23-22 04DCD2 [HER-LD],31.45453333,-110.1096972,HER-LD,USGS,GW,0.46,null,null,1,USGS,m,2,S,V,A,72019,1/8/2020,no,2430
3.12716E+14,D-23-22 04DCD2 [HER-LD],31.45453333,-110.1096972,HER-LD,USGS,GW,1.02,null,null,1,USGS,m,2,S,V,A,72019,4/7/2020,no,2431
3.12716E+14,D-23-22 04DCD2 [HER-LD],31.45453333,-110.1096972,HER-LD,USGS,GW,4.27,null,null,1,USGS,m,2,S,V,A,72019,6/24/2020,no,2432
3.12716E+14,D-23-22 04DCD2 [HER-LD],31.45453333,-110.1096972,HER-LD,USGS,GW,6.07,null,null,1,USGS,m,2,S,V,A,72019,10/6/2020,no,2433
3.12716E+14,D-23-22 04DCD2 [HER-LD],31.45453333,-110.1096972,HER-LD,USGS,GW,0.84,null,null,1,USGS,m,2,S,V,A,72019,2/10/2021,no,2434
3.12716E+14,D-23-22 04DCD2 [HER-LD],31.45453333,-110.1096972,HER-LD,USGS,GW,1.01,null,null,1,USGS,m,2,S,V,A,72019,4/7/2021,no,2435
3.12716E+14,D-23-22 04DCD2 [HER-LD],31.45453333,-110.1096972,HER-LD,USGS,GW,5.8,null,null,1,USGS,m,2,S,V,A,72019,6/28/2021,no,2436
3.12716E+14,D-23-22 04DCD2 [HER-LD],31.45453333,-110.1096972,HER-LD,USGS,GW,3.55,null,null,1,USGS,m,2,S,V,A,72019,10/19/2021,no,2437
3.12716E+14,D-23-22 04DCD2 [HER-LD],31.45453333,-110.1096972,HER-LD,USGS,GW,2.81,null,null,1,USGS,m,2,S,V,A,72019,2/1/2022,no,2438
3.12716E+14,D-23-22 04DCD2 [HER-LD],31.45453333,-110.1096972,HER-LD,USGS,GW,2.66,null,null,1,USGS,m,2,S,V,A,72019,4/5/2022,no,2439
3.12716E+14,D-23-22 04DCD2 [HER-LD],31.45453333,-110.1096972,HER-LD,USGS,GW,3.75,null,null,1,USGS,m,2,S,V,A,72019,6/28/2022,no,2440
3.12716E+14,D-23-22 04DCD2 [HER-LD],31.45453333,-110.1096972,HER-LD,USGS,GW,2.44,null,null,1,USGS,m,2,S,V,A,72019,10/19/2022,no,2441
3.12716E+14,D-23-22 04DCD2 [HER-LD],31.45453333,-110.1096972,HER-LD,USGS,GW,2.65,null,null,1,USGS,m,2,S,V,A,72019,1/25/2023,no,2442
3.12716E+14,D-23-22 04DCD2 [HER-LD],31.45453333,-110.1096972,HER-LD,USGS,GW,2.78,null,null,1,USGS,m,2,S,V,P,72019,4/18/2023,no,2443
3.12716E+14,D-23-22 04DCD2 [HER-LD],31.45453333,-110.1096972,HER-LD,USGS,GW,3.16,null,null,1,USGS,m,2,S,V,P,72019,5/10/2023,no,2444
3.12716E+14,D-23-22 04DCD2 [HER-LD],31.45453333,-110.1096972,HER-LD,USGS,GW,5.06,null,null,1,USGS,m,2,S,V,P,72019,6/27/2023,no,2445
3.12716E+14,D-23-22 04DCD2 [HER-LD],31.45453333,-110.1096972,HER-LD,USGS,GW,6.48,null,null,1,USGS,m,2,S,V,P,72019,11/2/2023,no,2446
3.12716E+14,D-23-22 04DCD2 [HER-LD],31.45453333,-110.1096972,HER-LD,USGS,GW,3.99,null,null,1,USGS,m,2,S,V,P,72019,2/14/2024,no,2447
3.12716E+14,D-23-22 04DCD2 [HER-LD],31.45453333,-110.1096972,HER-LD,USGS,GW,3.34,null,null,1,USGS,m,2,S,V,P,72019,4/18/2024,no,2448
3.12716E+14,D-23-22 04DCD2 [HER-LD],31.45453333,-110.1096972,HER-LD,USGS,GW,6,null,null,1,USGS,m,2,S,S,P,72019,6/25/2024,no,2449
3.12716E+14,D-23-22 04DCD2 [HER-LD],31.45453333,-110.1096972,HER-LD,USGS,GW,5.87,null,null,1,USGS,m,2,S,S,P,72019,10/29/2024,no,2450
3.12716E+14,D-23-22 04DCD2 [HER-LD],31.45453333,-110.1096972,HER-LD,USGS,GW,3.97,null,null,1,USGS,m,2,S,S,P,72019,2/26/2025,no,2451
3.12716E+14,D-23-22 04DCD3 [HERUES],31.454675,-110.1099389,HERUES,USGS,GW,5.67,null,null,1,null,m,2,null,O,A,72019,9/18/2006,no,2473
3.12716E+14,D-23-22 04DCD3 [HERUES],31.454675,-110.1099389,HERUES,USGS,GW,7.05,null,null,1,null,m,2,null,O,A,72019,10/23/2006,no,2474
3.12716E+14,D-23-22 04DCD3 [HERUES],31.454675,-110.1099389,HERUES,USGS,GW,7.11,null,null,1,null,m,2,null,O,A,72019,11/8/2006,no,2475
3.12716E+14,D-23-22 04DCD3 [HERUES],31.454675,-110.1099389,HERUES,USGS,GW,7.11,null,null,1,null,m,2,null,O,A,72019,11/29/2006,no,2476
3.12716E+14,D-23-22 04DCD3 [HERUES],31.454675,-110.1099389,HERUES,USGS,GW,7.15,null,null,1,null,m,2,null,O,A,72019,12/21/2006,no,2477
3.12716E+14,D-23-22 04DCD3 [HERUES],31.454675,-110.1099389,HERUES,USGS,GW,6.89,null,null,1,null,m,2,null,O,A,72019,1/18/2007,no,2478
3.12716E+14,D-23-22 04DCD3 [HERUES],31.454675,-110.1099389,HERUES,USGS,GW,7.19,null,null,1,null,m,2,null,O,A,72019,1/25/2007,no,2479
3.12716E+14,D-23-22 04DCD3 [HERUES],31.454675,-110.1099389,HERUES,USGS,GW,7.17,null,null,1,null,m,2,null,O,A,72019,2/26/2007,no,2480
3.12716E+14,D-23-22 04DCD3 [HERUES],31.454675,-110.1099389,HERUES,USGS,GW,7.14,null,null,1,null,m,2,null,O,A,72019,3/27/2007,no,2481
3.12716E+14,D-23-22 04DCD3 [HERUES],31.454675,-110.1099389,HERUES,USGS,GW,7.24,null,null,1,null,m,2,null,O,A,72019,4/12/2007,no,2482
3.12716E+14,D-23-22 04DCD3 [HERUES],31.454675,-110.1099389,HERUES,USGS,GW,6.97,null,null,1,null,m,2,null,O,A,72019,5/9/2007,no,2483
3.12716E+14,D-23-22 04DCD3 [HERUES],31.454675,-110.1099389,HERUES,USGS,GW,6.85,null,null,1,null,m,2,null,O,A,72019,5/18/2007,no,2484
3.12716E+14,D-23-22 04DCD3 [HERUES],31.454675,-110.1099389,HERUES,USGS,GW,6.94,null,null,1,null,m,2,null,O,A,72019,6/15/2007,no,2485
3.12716E+14,D-23-22 04DCD3 [HERUES],31.454675,-110.1099389,HERUES,USGS,GW,7.03,null,null,1,null,m,2,null,O,A,72019,6/20/2007,no,2486
3.12716E+14,D-23-22 04DCD3 [HERUES],31.454675,-110.1099389,HERUES,USGS,GW,7.54,null,null,1,null,m,2,null,O,A,72019,7/19/2007,no,2487
3.12716E+14,D-23-22 04DCD3 [HERUES],31.454675,-110.1099389,HERUES,USGS,GW,5.89,null,null,1,null,m,2,null,O,A,72019,8/15/2007,no,2488
3.12642E+14,D-23-22 09ACD1 [HERSUS],31.44523056,-110.1109222,HERSUS,USGS,GW,16.87,null,null,1,USGS,m,2,S,T,A,72019,11/8/2007,no,2489
3.12716E+14,D-23-22 04DCD3 [HERUES],31.454675,-110.1099389,HERUES,USGS,GW,18.41,null,null,P,USGS,m,2,S,V,A,72019,4/20/2018,no,2490
3.12716E+14,D-23-22 04DCD4 [HERUED],31.4546722,-110.1099306,HERUED,USGS,GW,6.49,null,null,1,USGS,m,2,S,V,A,72019,10/7/2015,no,2491
3.12717E+14,D-23-22 04DCA1 [HERUWS],31.45477778,-110.1105194,HERUWS,USGS,GW,11.05,null,null,1,USGS,m,2,S,S,P,72019,2/26/2025,no,2494
3.12716E+14,D-23-22 04DCD3 [HERUES],31.454675,-110.1099389,HERUES,USGS,GW,4.66,null,null,1,USGS,m,2,S,V,A,72019,1/8/2020,no,2495
3.12716E+14,D-23-22 04DCD3 [HERUES],31.454675,-110.1099389,HERUES,USGS,GW,2.63,null,null,1,USGS,m,2,S,V,A,72019,4/7/2020,no,2496
3.12716E+14,D-23-22 04DCD3 [HERUES],31.454675,-110.1099389,HERUES,USGS,GW,5.89,null,null,1,USGS,m,2,S,V,A,72019,6/24/2020,no,2497
3.12716E+14,D-23-22 04DCD3 [HERUES],31.454675,-110.1099389,HERUES,USGS,GW,7.52,null,null,1,USGS,m,2,S,V,A,72019,10/6/2020,no,2498
3.12716E+14,D-23-22 04DCD3 [HERUES],31.454675,-110.1099389,HERUES,USGS,GW,2.55,null,null,1,USGS,m,2,S,V,A,72019,2/10/2021,no,2499
3.12716E+14,D-23-22 04DCD3 [HERUES],31.454675,-110.1099389,HERUES,USGS,GW,2.66,null,null,1,USGS,m,2,S,V,A,72019,4/7/2021,no,2500
3.12716E+14,D-23-22 04DCD3 [HERUES],31.454675,-110.1099389,HERUES,USGS,GW,7.34,null,null,1,USGS,m,2,S,V,A,72019,6/28/2021,no,2501
3.12716E+14,D-23-22 04DCD3 [HERUES],31.454675,-110.1099389,HERUES,USGS,GW,5.06,null,null,1,USGS,m,2,S,V,A,72019,10/19/2021,no,2502
3.12716E+14,D-23-22 04DCD3 [HERUES],31.454675,-110.1099389,HERUES,USGS,GW,4.31,null,null,1,USGS,m,2,S,V,A,72019,2/1/2022,no,2503
3.12716E+14,D-23-22 04DCD3 [HERUES],31.454675,-110.1099389,HERUES,USGS,GW,4.28,null,null,1,USGS,m,2,S,V,A,72019,4/5/2022,no,2504
3.12716E+14,D-23-22 04DCD3 [HERUES],31.454675,-110.1099389,HERUES,USGS,GW,5.05,null,null,1,USGS,m,2,S,V,A,72019,6/28/2022,no,2505
3.12716E+14,D-23-22 04DCD3 [HERUES],31.454675,-110.1099389,HERUES,USGS,GW,4.14,null,null,1,USGS,m,2,S,V,A,72019,10/19/2022,no,2506
3.12716E+14,D-23-22 04DCD3 [HERUES],31.454675,-110.1099389,HERUES,USGS,GW,4.24,null,null,1,USGS,m,2,S,V,A,72019,1/25/2023,no,2507
3.12716E+14,D-23-22 04DCD3 [HERUES],31.454675,-110.1099389,HERUES,USGS,GW,4.41,null,null,1,USGS,m,2,S,S,A,72019,4/18/2023,no,2508
3.12716E+14,D-23-22 04DCD3 [HERUES],31.454675,-110.1099389,HERUES,USGS,GW,4.75,null,null,1,USGS,m,2,S,S,A,72019,5/11/2023,no,2509
3.12716E+14,D-23-22 04DCD3 [HERUES],31.454675,-110.1099389,HERUES,USGS,GW,6.62,null,null,1,USGS,m,2,S,V,A,72019,6/27/2023,no,2510
3.12716E+14,D-23-22 04DCD3 [HERUES],31.454675,-110.1099389,HERUES,USGS,GW,7.83,null,null,1,USGS,m,2,S,S,A,72019,11/2/2023,no,2511
3.12716E+14,D-23-22 04DCD3 [HERUES],31.454675,-110.1099389,HERUES,USGS,GW,4.9,null,null,1,USGS,m,2,S,V,A,72019,2/14/2024,no,2512
3.12716E+14,D-23-22 04DCD3 [HERUES],31.454675,-110.1099389,HERUES,USGS,GW,4.84,null,null,1,USGS,m,2,S,V,A,72019,4/18/2024,no,2513
3.12716E+14,D-23-22 04DCD3 [HERUES],31.454675,-110.1099389,HERUES,USGS,GW,7.78,null,null,1,USGS,m,2,S,S,A,72019,6/25/2024,no,2514
3.12716E+14,D-23-22 04DCD3 [HERUES],31.454675,-110.1099389,HERUES,USGS,GW,7.74,null,null,1,USGS,m,2,S,S,P,72019,10/29/2024,no,2515
3.12716E+14,D-23-22 04DCD3 [HERUES],31.454675,-110.1099389,HERUES,USGS,GW,4.91,null,null,1,USGS,m,2,S,S,P,72019,2/26/2025,no,2516
3.12716E+14,D-23-22 04DCD1 [HER-LS],31.45451944,-110.1097,HER-LS,USGS,GW,4.15,null,null,1,USGS,m,2,S,V,A,72019,1/10/2018,no,2531
3.12642E+14,D-23-22 09ACD1 [HERSUS],31.44523056,-110.1109222,HERSUS,USGS,GW,16.78,null,null,1,null,m,2,null,O,A,72019,11/19/2007,no,2532
3.12716E+14,D-23-22 04DCD4 [HERUED],31.4546722,-110.1099306,HERUED,USGS,GW,5.62,null,null,1,null,m,2,null,O,A,72019,9/18/2006,no,2538
3.12716E+14,D-23-22 04DCD4 [HERUED],31.4546722,-110.1099306,HERUED,USGS,GW,7.04,null,null,1,null,m,2,null,O,A,72019,10/23/2006,no,2539
3.12716E+14,D-23-22 04DCD4 [HERUED],31.4546722,-110.1099306,HERUED,USGS,GW,7.08,null,null,1,null,m,2,null,O,A,72019,11/8/2006,no,2540
3.12716E+14,D-23-22 04DCD4 [HERUED],31.4546722,-110.1099306,HERUED,USGS,GW,7.08,null,null,1,null,m,2,null,O,A,72019,11/29/2006,no,2541
3.12716E+14,D-23-22 04DCD4 [HERUED],31.4546722,-110.1099306,HERUED,USGS,GW,7.12,null,null,1,null,m,2,null,O,A,72019,12/21/2006,no,2542
3.12716E+14,D-23-22 04DCD4 [HERUED],31.4546722,-110.1099306,HERUED,USGS,GW,7.15,null,null,1,null,m,2,null,O,A,72019,1/25/2007,no,2543
3.12716E+14,D-23-22 04DCD4 [HERUED],31.4546722,-110.1099306,HERUED,USGS,GW,7.14,null,null,1,null,m,2,null,O,A,72019,2/26/2007,no,2544
3.12716E+14,D-23-22 04DCD4 [HERUED],31.4546722,-110.1099306,HERUED,USGS,GW,7.13,null,null,1,null,m,2,null,O,A,72019,3/27/2007,no,2545
3.12716E+14,D-23-22 04DCD4 [HERUED],31.4546722,-110.1099306,HERUED,USGS,GW,7.22,null,null,1,null,m,2,null,O,A,72019,4/12/2007,no,2546
3.12716E+14,D-23-22 04DCD4 [HERUED],31.4546722,-110.1099306,HERUED,USGS,GW,6.93,null,null,1,null,m,2,null,O,A,72019,5/9/2007,no,2547
3.12716E+14,D-23-22 04DCD4 [HERUED],31.4546722,-110.1099306,HERUED,USGS,GW,6.92,null,null,1,null,m,2,null,O,A,72019,6/15/2007,no,2548
3.12716E+14,D-23-22 04DCD4 [HERUED],31.4546722,-110.1099306,HERUED,USGS,GW,7.53,null,null,1,null,m,2,null,O,A,72019,7/19/2007,no,2549
3.12716E+14,D-23-22 04DCD4 [HERUED],31.4546722,-110.1099306,HERUED,USGS,GW,5.89,null,null,1,null,m,2,null,O,A,72019,8/15/2007,no,2550
3.12716E+14,D-23-22 04DCD4 [HERUED],31.4546722,-110.1099306,HERUED,USGS,GW,7.04,null,null,1,null,m,2,null,O,A,72019,9/19/2007,no,2551
3.12716E+14,D-23-22 04DCD4 [HERUED],31.4546722,-110.1099306,HERUED,USGS,GW,7.08,null,null,1,null,m,2,null,O,A,72019,10/25/2007,no,2552
3.12716E+14,D-23-22 04DCD4 [HERUED],31.4546722,-110.1099306,HERUED,USGS,GW,6.88,null,null,1,null,m,2,null,O,A,72019,11/19/2007,no,2553
3.12716E+14,D-23-22 04DCD4 [HERUED],31.4546722,-110.1099306,HERUED,USGS,GW,6.94,null,null,1,null,m,2,null,O,A,72019,12/18/2007,no,2554
3.12716E+14,D-23-22 04DCD4 [HERUED],31.4546722,-110.1099306,HERUED,USGS,GW,6.87,null,null,1,null,m,2,null,O,A,72019,1/18/2008,no,2555
3.12716E+14,D-23-22 04DCD4 [HERUED],31.4546722,-110.1099306,HERUED,USGS,GW,6.78,null,null,1,null,m,2,null,O,A,72019,2/21/2008,no,2556
3.12716E+14,D-23-22 04DCD4 [HERUED],31.4546722,-110.1099306,HERUED,USGS,GW,6.65,null,null,1,null,m,2,null,O,A,72019,3/25/2008,no,2557
3.12716E+14,D-23-22 04DCD4 [HERUED],31.4546722,-110.1099306,HERUED,USGS,GW,6.76,null,null,1,null,m,2,null,O,A,72019,4/17/2008,no,2558
3.12716E+14,D-23-22 04DCD4 [HERUED],31.4546722,-110.1099306,HERUED,USGS,GW,7.76,null,null,1,null,m,2,null,O,A,72019,7/3/2008,no,2559
3.12716E+14,D-23-22 04DCD4 [HERUED],31.4546722,-110.1099306,HERUED,USGS,GW,7.65,null,null,1,null,m,2,null,O,A,72019,9/25/2008,no,2560
3.12716E+14,D-23-22 04DCD4 [HERUED],31.4546722,-110.1099306,HERUED,USGS,GW,7.75,null,null,1,null,m,2,null,O,A,72019,12/10/2008,no,2561
3.12716E+14,D-23-22 04DCD4 [HERUED],31.4546722,-110.1099306,HERUED,USGS,GW,8.54,null,null,1,null,m,2,null,O,A,72019,7/14/2009,no,2562
3.12716E+14,D-23-22 04DCD4 [HERUED],31.4546722,-110.1099306,HERUED,USGS,GW,8.47,null,null,1,null,m,2,null,O,A,72019,8/25/2009,no,2563
3.12716E+14,D-23-22 04DCD4 [HERUED],31.4546722,-110.1099306,HERUED,USGS,GW,5.97,null,null,1,USGS,m,2,S,V,A,72019,1/20/2016,no,2564
3.12642E+14,D-23-22 09ACD1 [HERSUS],31.44523056,-110.1109222,HERSUS,USGS,GW,16.77,null,null,1,null,m,2,null,O,A,72019,12/18/2007,no,2565
3.12716E+14,D-23-22 04DCD1 [HER-LS],31.45451944,-110.1097,HER-LS,USGS,GW,4.28,null,null,1,USGS,m,2,S,V,A,72019,4/18/2018,no,2566
3.12642E+14,D-23-22 09ACD1 [HERSUS],31.44523056,-110.1109222,HERSUS,USGS,GW,16.7,null,null,1,null,m,2,null,O,A,72019,1/18/2008,no,2569
3.12716E+14,D-23-22 04DCD4 [HERUED],31.4546722,-110.1099306,HERUED,USGS,GW,5.94,null,null,1,USGS,m,2,S,V,A,72019,4/19/2016,no,2572
3.12642E+14,D-23-22 09ACD1 [HERSUS],31.44523056,-110.1109222,HERSUS,USGS,GW,16.59,null,null,1,USGS,m,2,S,T,A,72019,2/20/2008,no,2573
3.12653E+14,D-23-22 09DAA [HER-01],31.4439722,-110.1073972,HER-01,USGS,GW,-0.76,null,null,1,USGS,m,2,S,V,A,72019,1/31/2024,yes,2597
3.12653E+14,D-23-22 09DAA [HER-01],31.4439722,-110.1073972,HER-01,USGS,GW,-0.83,null,null,1,USGS,m,2,S,V,A,72019,4/18/2024,yes,2598
3.12653E+14,D-23-22 09DAA [HER-01],31.4439722,-110.1073972,HER-01,USGS,GW,2.54,null,null,1,USGS,m,2,S,V,A,72019,6/13/2024,yes,2599
3.12653E+14,D-23-22 09DAA [HER-01],31.4439722,-110.1073972,HER-01,USGS,GW,-0.6,null,null,1,USGS,m,2,S,S,P,72019,2/26/2025,yes,2600
3.12716E+14,D-23-22 04DCD1 [HER-LS],31.45451944,-110.1097,HER-LS,USGS,GW,5.41,null,null,1,USGS,m,2,S,V,A,72019,6/21/2018,no,2611
3.12716E+14,D-23-22 04DCD1 [HER-LS],31.45451944,-110.1097,HER-LS,USGS,GW,5.47,null,null,1,null,m,2,null,O,A,72019,10/24/2006,no,2621
3.12716E+14,D-23-22 04DCD1 [HER-LS],31.45451944,-110.1097,HER-LS,USGS,GW,5.57,null,null,1,null,m,2,null,O,A,72019,11/13/2006,no,2622
3.12716E+14,D-23-22 04DCD1 [HER-LS],31.45451944,-110.1097,HER-LS,USGS,GW,5.57,null,null,1,null,m,2,null,O,A,72019,11/29/2006,no,2623
3.12716E+14,D-23-22 04DCD1 [HER-LS],31.45451944,-110.1097,HER-LS,USGS,GW,5.6,null,null,1,null,m,2,null,O,A,72019,12/21/2006,no,2624
3.12716E+14,D-23-22 04DCD1 [HER-LS],31.45451944,-110.1097,HER-LS,USGS,GW,5.63,null,null,1,null,m,2,null,O,A,72019,1/25/2007,no,2625
3.12716E+14,D-23-22 04DCD1 [HER-LS],31.45451944,-110.1097,HER-LS,USGS,GW,5.61,null,null,1,null,m,2,null,O,A,72019,2/26/2007,no,2626
3.12716E+14,D-23-22 04DCD1 [HER-LS],31.45451944,-110.1097,HER-LS,USGS,GW,5.58,null,null,1,null,m,2,null,O,A,72019,3/27/2007,no,2627
3.12716E+14,D-23-22 04DCD1 [HER-LS],31.45451944,-110.1097,HER-LS,USGS,GW,5.68,null,null,1,null,m,2,null,O,A,72019,4/12/2007,no,2628
3.12716E+14,D-23-22 04DCD1 [HER-LS],31.45451944,-110.1097,HER-LS,USGS,GW,5.28,null,null,1,null,m,2,null,O,A,72019,5/9/2007,no,2629
3.12716E+14,D-23-22 04DCD1 [HER-LS],31.45451944,-110.1097,HER-LS,USGS,GW,5.16,null,null,1,null,m,2,null,O,A,72019,6/15/2007,no,2630
3.12716E+14,D-23-22 04DCD1 [HER-LS],31.45451944,-110.1097,HER-LS,USGS,GW,5.89,null,null,1,null,m,2,null,O,A,72019,7/19/2007,no,2631
3.12716E+14,D-23-22 04DCD1 [HER-LS],31.45451944,-110.1097,HER-LS,USGS,GW,4.36,null,null,1,null,m,2,null,O,A,72019,8/15/2007,no,2632
3.12716E+14,D-23-22 04DCD1 [HER-LS],31.45451944,-110.1097,HER-LS,USGS,GW,5.42,null,null,1,null,m,2,null,O,A,72019,9/19/2007,no,2633
3.12716E+14,D-23-22 04DCD1 [HER-LS],31.45451944,-110.1097,HER-LS,USGS,GW,5.44,null,null,1,null,m,2,null,O,A,72019,10/25/2007,no,2634
3.12716E+14,D-23-22 04DCD1 [HER-LS],31.45451944,-110.1097,HER-LS,USGS,GW,5.23,null,null,1,null,m,2,null,O,A,72019,11/19/2007,no,2635
3.12716E+14,D-23-22 04DCD1 [HER-LS],31.45451944,-110.1097,HER-LS,USGS,GW,5.28,null,null,1,null,m,2,null,O,A,72019,12/18/2007,no,2636
3.12716E+14,D-23-22 04DCD1 [HER-LS],31.45451944,-110.1097,HER-LS,USGS,GW,5.26,null,null,1,null,m,2,null,O,A,72019,1/18/2008,no,2637
3.12716E+14,D-23-22 04DCD1 [HER-LS],31.45451944,-110.1097,HER-LS,USGS,GW,5.16,null,null,1,null,m,2,null,O,A,72019,2/21/2008,no,2638
3.12716E+14,D-23-22 04DCD1 [HER-LS],31.45451944,-110.1097,HER-LS,USGS,GW,4.99,null,null,1,null,m,2,null,O,A,72019,3/25/2008,no,2639
3.12716E+14,D-23-22 04DCD1 [HER-LS],31.45451944,-110.1097,HER-LS,USGS,GW,5.09,null,null,1,null,m,2,null,O,A,72019,4/17/2008,no,2640
3.12716E+14,D-23-22 04DCD1 [HER-LS],31.45451944,-110.1097,HER-LS,USGS,GW,6.15,null,null,1,null,m,2,null,O,A,72019,7/3/2008,no,2641
3.12716E+14,D-23-22 04DCD1 [HER-LS],31.45451944,-110.1097,HER-LS,USGS,GW,6.16,null,null,1,null,m,2,null,O,A,72019,9/25/2008,no,2642
3.12716E+14,D-23-22 04DCD1 [HER-LS],31.45451944,-110.1097,HER-LS,USGS,GW,6.22,null,null,1,null,m,2,null,O,A,72019,12/10/2008,no,2643
3.12716E+14,D-23-22 04DCD1 [HER-LS],31.45451944,-110.1097,HER-LS,USGS,GW,6.78,null,null,1,null,m,2,null,O,A,72019,6/10/2009,no,2644
3.12716E+14,D-23-22 04DCD1 [HER-LS],31.45451944,-110.1097,HER-LS,USGS,GW,7,null,null,1,null,m,2,null,O,A,72019,7/14/2009,no,2645
3.12716E+14,D-23-22 04DCD1 [HER-LS],31.45451944,-110.1097,HER-LS,USGS,GW,6.92,null,null,1,null,m,2,null,O,A,72019,8/25/2009,no,2646
3.12716E+14,D-23-22 04DCD1 [HER-LS],31.45451944,-110.1097,HER-LS,USGS,GW,7.26,null,null,1,null,m,2,null,O,A,72019,9/23/2009,no,2647
3.12716E+14,D-23-22 04DCD1 [HER-LS],31.45451944,-110.1097,HER-LS,USGS,GW,6.91,null,null,1,null,m,2,null,O,A,72019,11/10/2009,no,2648
3.12716E+14,D-23-22 04DCD1 [HER-LS],31.45451944,-110.1097,HER-LS,USGS,GW,6.26,null,null,1,null,m,2,null,O,A,72019,1/19/2010,no,2649
3.12642E+14,D-23-22 09ACD1 [HERSUS],31.44523056,-110.1109222,HERSUS,USGS,GW,16.63,null,null,1,null,m,2,null,O,A,72019,2/21/2008,no,2651
3.12716E+14,D-23-22 04DCD1 [HER-LS],31.45451944,-110.1097,HER-LS,USGS,GW,0.25,null,null,1,USGS,m,2,S,V,A,72019,10/25/2018,no,2652
3.12642E+14,D-23-22 09ACD1 [HERSUS],31.44523056,-110.1109222,HERSUS,USGS,GW,16.71,null,null,1,null,m,2,null,O,A,72019,3/25/2008,no,2653
3.12716E+14,D-23-22 04DCD4 [HERUED],31.4546722,-110.1099306,HERUED,USGS,GW,7.26,null,null,1,USGS,m,2,S,V,A,72019,6/27/2016,no,2654
3.12853E+14,D-22-22 28CCD [HUN-SO],31.48143889,-110.1186389,HUN-SO,USGS,GW,2.84,null,null,1,null,m,2,null,O,A,72019,9/22/2006,no,2656
3.12642E+14,D-23-22 09ACD1 [HERSUS],31.44523056,-110.1109222,HERSUS,USGS,GW,16.86,null,null,1,null,m,2,null,O,A,72019,4/17/2008,no,2657
3.12716E+14,D-23-22 04DCD4 [HERUED],31.4546722,-110.1099306,HERUED,USGS,GW,6.62,null,null,1,USGS,m,2,S,V,A,72019,10/19/2016,no,2658
3.12853E+14,D-22-22 28CCD [HUN-SO],31.48143889,-110.1186389,HUN-SO,USGS,GW,3.78,null,null,1,null,m,2,null,O,A,72019,10/23/2006,no,2659
3.12642E+14,D-23-22 09ACD1 [HERSUS],31.44523056,-110.1109222,HERSUS,USGS,GW,17.3,null,null,1,USGS,m,2,S,T,A,72019,6/12/2008,no,2661
3.12716E+14,D-23-22 04DCD1 [HER-LS],31.45451944,-110.1097,HER-LS,USGS,GW,3.44,null,null,1,USGS,m,2,S,V,A,72019,2/6/2019,no,2662
3.12716E+14,D-23-22 04DCD4 [HERUED],31.4546722,-110.1099306,HERUED,USGS,GW,5.94,null,null,1,USGS,m,2,S,V,A,72019,1/18/2017,no,2663
3.12853E+14,D-22-22 28CCD [HUN-SO],31.48143889,-110.1186389,HUN-SO,USGS,GW,3.81,null,null,1,null,m,2,null,O,A,72019,11/8/2006,no,2664
3.12642E+14,D-23-22 09ACD1 [HERSUS],31.44523056,-110.1109222,HERSUS,USGS,GW,17.42,null,null,1,USGS,m,2,S,T,A,72019,7/3/2008,no,2666
3.12716E+14,D-23-22 04DCD1 [HER-LS],31.45451944,-110.1097,HER-LS,USGS,GW,3.4,null,null,1,USGS,m,2,S,V,A,72019,4/17/2019,no,2667
3.12716E+14,D-23-22 04DCD4 [HERUED],31.4546722,-110.1099306,HERUED,USGS,GW,6.38,null,null,1,USGS,m,2,S,V,A,72019,4/25/2017,no,2668
3.12853E+14,D-22-22 28CCD [HUN-SO],31.48143889,-110.1186389,HUN-SO,USGS,GW,3.79,null,null,1,null,m,2,null,O,A,72019,12/4/2006,no,2669
3.12642E+14,D-23-22 09ACD1 [HERSUS],31.44523056,-110.1109222,HERSUS,USGS,GW,16.15,null,null,1,USGS,m,2,S,T,A,72019,8/20/2008,no,2671
3.12716E+14,D-23-22 04DCD1 [HER-LS],31.45451944,-110.1097,HER-LS,USGS,GW,5.22,null,null,1,USGS,m,2,S,V,A,72019,6/26/2019,no,2672
3.12716E+14,D-23-22 04DCD4 [HERUED],31.4546722,-110.1099306,HERUED,USGS,GW,7.89,null,null,1,USGS,m,2,S,V,A,72019,6/28/2017,no,2673
3.12853E+14,D-22-22 28CCD [HUN-SO],31.48143889,-110.1186389,HUN-SO,USGS,GW,3.78,null,null,1,null,m,2,null,O,A,72019,12/21/2006,no,2674
3.12642E+14,D-23-22 09ACD1 [HERSUS],31.44523056,-110.1109222,HERSUS,USGS,GW,16.94,null,null,1,USGS,m,2,S,T,A,72019,11/20/2008,no,2676
3.12716E+14,D-23-22 04DCD1 [HER-LS],31.45451944,-110.1097,HER-LS,USGS,GW,3.78,null,null,1,USGS,m,2,S,V,A,72019,10/25/2019,no,2677
3.12716E+14,D-23-22 04DCD4 [HERUED],31.4546722,-110.1099306,HERUED,USGS,GW,6.83,null,null,1,USGS,m,2,S,V,A,72019,10/17/2017,no,2678
3.12853E+14,D-22-22 28CCD [HUN-SO],31.48143889,-110.1186389,HUN-SO,USGS,GW,3.86,null,null,1,null,m,2,null,O,A,72019,1/25/2007,no,2679
3.12642E+14,D-23-22 09ACD1 [HERSUS],31.44523056,-110.1109222,HERSUS,USGS,GW,16.8,null,null,1,USGS,m,2,S,T,A,72019,2/25/2009,no,2681
3.12716E+14,D-23-22 04DCD1 [HER-LS],31.45451944,-110.1097,HER-LS,USGS,GW,0.07,null,null,1,USGS,m,2,S,V,A,72019,1/8/2020,no,2682
3.12716E+14,D-23-22 04DCD4 [HERUED],31.4546722,-110.1099306,HERUED,USGS,GW,5.9,null,null,1,USGS,m,2,S,V,A,72019,1/10/2018,no,2683
3.12853E+14,D-22-22 28CCD [HUN-SO],31.48143889,-110.1186389,HUN-SO,USGS,GW,3.76,null,null,1,null,m,2,null,O,A,72019,2/26/2007,no,2684
3.12843E+14,D-22-22 33BBC [HUN-UP],31.47880833,-110.1194139,HUN-UP,USGS,GW,22.74,null,null,1,null,m,2,null,O,A,72019,9/22/2006,no,2685
3.12642E+14,D-23-22 09ACD1 [HERSUS],31.44523056,-110.1109222,HERSUS,USGS,GW,17.37,null,null,1,USGS,m,2,S,T,A,72019,6/10/2009,no,2686
3.12716E+14,D-23-22 04DCD1 [HER-LS],31.45451944,-110.1097,HER-LS,USGS,GW,0.66,null,null,1,USGS,m,2,S,V,A,72019,4/7/2020,no,2687
3.12716E+14,D-23-22 04DCD4 [HERUED],31.4546722,-110.1099306,HERUED,USGS,GW,6.05,null,null,1,USGS,m,2,S,V,A,72019,4/18/2018,no,2688
3.12853E+14,D-22-22 28CCD [HUN-SO],31.48143889,-110.1186389,HUN-SO,USGS,GW,3.63,null,null,1,null,m,2,null,O,A,72019,3/27/2007,no,2689
3.12642E+14,D-23-22 09ACD1 [HERSUS],31.44523056,-110.1109222,HERSUS,USGS,GW,17.69,null,null,1,USGS,m,2,S,T,A,72019,9/4/2009,no,2690
3.12843E+14,D-22-22 33BBC [HUN-UP],31.47880833,-110.1194139,HUN-UP,USGS,GW,23.85,null,null,1,null,m,2,null,O,A,72019,10/23/2006,no,2691
3.12716E+14,D-23-22 04DCD1 [HER-LS],31.45451944,-110.1097,HER-LS,USGS,GW,3.77,null,null,1,USGS,m,2,S,V,A,72019,6/24/2020,no,2692
3.12853E+14,D-22-22 28CCD [HUN-SO],31.48143889,-110.1186389,HUN-SO,USGS,GW,3.82,null,null,1,null,m,2,null,O,A,72019,4/12/2007,no,2693
3.12716E+14,D-23-22 04DCD4 [HERUED],31.4546722,-110.1099306,HERUED,USGS,GW,7.35,null,null,1,USGS,m,2,S,V,A,72019,6/21/2018,no,2694
3.12716E+14,D-23-22 04DCD1 [HER-LS],31.45451944,-110.1097,HER-LS,USGS,GW,5.76,null,null,1,USGS,m,2,S,V,A,72019,10/6/2020,no,2695
3.12843E+14,D-22-22 33BBC [HUN-UP],31.47880833,-110.1194139,HUN-UP,USGS,GW,23.95,null,null,1,null,m,2,null,O,A,72019,11/8/2006,no,2696
3.12642E+14,D-23-22 09ACD1 [HERSUS],31.44523056,-110.1109222,HERSUS,USGS,GW,17.25,null,null,1,USGS,m,2,S,T,A,72019,11/18/2009,no,2697
3.12853E+14,D-22-22 28CCD [HUN-SO],31.48143889,-110.1186389,HUN-SO,USGS,GW,4.15,null,null,1,null,m,2,null,O,A,72019,5/9/2007,no,2698
3.12716E+14,D-23-22 04DCD4 [HERUED],31.4546722,-110.1099306,HERUED,USGS,GW,3.05,null,null,1,USGS,m,2,S,V,A,72019,10/25/2018,no,2699
3.12716E+14,D-23-22 04DCD1 [HER-LS],31.45451944,-110.1097,HER-LS,USGS,GW,0.53,null,null,1,USGS,m,2,S,V,A,72019,2/10/2021,no,2700
3.12843E+14,D-22-22 33BBC [HUN-UP],31.47880833,-110.1194139,HUN-UP,USGS,GW,23.94,null,null,1,null,m,2,null,O,A,72019,12/4/2006,no,2701
3.12642E+14,D-23-22 09ACD1 [HERSUS],31.44523056,-110.1109222,HERSUS,USGS,GW,17.01,null,null,1,USGS,m,2,S,T,A,72019,3/17/2010,no,2702
3.12853E+14,D-22-22 28CCD [HUN-SO],31.48143889,-110.1186389,HUN-SO,USGS,GW,4.29,null,null,1,null,m,2,null,O,A,72019,5/17/2007,no,2703
3.12716E+14,D-23-22 04DCD4 [HERUED],31.4546722,-110.1099306,HERUED,USGS,GW,5.16,null,null,1,USGS,m,2,S,V,A,72019,2/6/2019,no,2704
3.12716E+14,D-23-22 04DCD1 [HER-LS],31.45451944,-110.1097,HER-LS,USGS,GW,0.68,null,null,1,USGS,m,2,S,V,A,72019,4/7/2021,no,2705
3.12843E+14,D-22-22 33BBC [HUN-UP],31.47880833,-110.1194139,HUN-UP,USGS,GW,23.93,null,null,1,null,m,2,null,O,A,72019,12/21/2006,no,2706
3.12642E+14,D-23-22 09ACD1 [HERSUS],31.44523056,-110.1109222,HERSUS,USGS,GW,17.07,null,null,1,USGS,m,2,S,T,A,72019,5/12/2010,no,2707
3.12853E+14,D-22-22 28CCD [HUN-SO],31.48143889,-110.1186389,HUN-SO,USGS,GW,5.58,null,null,1,null,m,2,null,O,A,72019,6/15/2007,no,2708
3.12716E+14,D-23-22 04DCD4 [HERUED],31.4546722,-110.1099306,HERUED,USGS,GW,5.14,null,null,1,USGS,m,2,S,V,A,72019,4/17/2019,no,2709
3.12716E+14,D-23-22 04DCD1 [HER-LS],31.45451944,-110.1097,HER-LS,USGS,GW,5.66,null,null,1,USGS,m,2,S,V,A,72019,6/28/2021,no,2710
3.12843E+14,D-22-22 33BBC [HUN-UP],31.47880833,-110.1194139,HUN-UP,USGS,GW,24.03,null,null,1,null,m,2,null,O,A,72019,1/25/2007,no,2711
3.12642E+14,D-23-22 09ACD1 [HERSUS],31.44523056,-110.1109222,HERSUS,USGS,GW,16.11,null,null,1,USGS,m,2,S,T,A,72019,9/1/2010,no,2712
3.12853E+14,D-22-22 28CCD [HUN-SO],31.48143889,-110.1186389,HUN-SO,USGS,GW,6.49,null,null,1,null,m,2,null,O,A,72019,7/19/2007,no,2713
3.12716E+14,D-23-22 04DCD4 [HERUED],31.4546722,-110.1099306,HERUED,USGS,GW,7.04,null,null,1,USGS,m,2,S,V,A,72019,6/26/2019,no,2714
3.12716E+14,D-23-22 04DCD1 [HER-LS],31.45451944,-110.1097,HER-LS,USGS,GW,3.28,null,null,1,USGS,m,2,S,V,A,72019,10/19/2021,no,2715
3.12843E+14,D-22-22 33BBC [HUN-UP],31.47880833,-110.1194139,HUN-UP,USGS,GW,23.92,null,null,1,null,m,2,null,O,A,72019,2/26/2007,no,2716
3.12642E+14,D-23-22 09ACD1 [HERSUS],31.44523056,-110.1109222,HERSUS,USGS,GW,16.96,null,null,1,USGS,m,2,S,T,A,72019,11/23/2010,no,2717
3.12853E+14,D-22-22 28CCD [HUN-SO],31.48143889,-110.1186389,HUN-SO,USGS,GW,2.8,null,null,1,null,m,2,null,O,A,72019,8/14/2007,no,2718
3.12716E+14,D-23-22 04DCD4 [HERUED],31.4546722,-110.1099306,HERUED,USGS,GW,5.57,null,null,1,USGS,m,2,S,V,A,72019,10/25/2019,no,2719
3.12716E+14,D-23-22 04DCD1 [HER-LS],31.45451944,-110.1097,HER-LS,USGS,GW,2.49,null,null,1,USGS,m,2,S,V,A,72019,2/1/2022,no,2720
3.12843E+14,D-22-22 33BBC [HUN-UP],31.47880833,-110.1194139,HUN-UP,USGS,GW,23.82,null,null,1,null,m,2,null,O,A,72019,3/27/2007,no,2721
3.12642E+14,D-23-22 09ACD1 [HERSUS],31.44523056,-110.1109222,HERSUS,USGS,GW,17.44,null,null,1,USGS,m,2,S,V,A,72019,7/20/2011,no,2722
3.12853E+14,D-22-22 28CCD [HUN-SO],31.48143889,-110.1186389,HUN-SO,USGS,GW,4.58,null,null,1,null,m,2,null,O,A,72019,9/19/2007,no,2723
3.12716E+14,D-23-22 04DCD4 [HERUED],31.4546722,-110.1099306,HERUED,USGS,GW,2.06,null,null,1,USGS,m,2,S,V,A,72019,1/8/2020,no,2724
3.12716E+14,D-23-22 04DCD1 [HER-LS],31.45451944,-110.1097,HER-LS,USGS,GW,2.4,null,null,1,USGS,m,2,S,V,A,72019,4/5/2022,no,2725
3.12843E+14,D-22-22 33BBC [HUN-UP],31.47880833,-110.1194139,HUN-UP,USGS,GW,23.89,null,null,1,null,m,2,null,O,A,72019,4/12/2007,no,2726
3.12843E+14,D-22-22 33BBC [HUN-UP],31.47880833,-110.1194139,HUN-UP,USGS,GW,24.14,null,null,1,null,m,2,null,O,A,72019,5/9/2007,no,2727
3.12853E+14,D-22-22 28CCD [HUN-SO],31.48143889,-110.1186389,HUN-SO,USGS,GW,5.22,null,null,1,null,m,2,null,O,A,72019,10/11/2007,no,2728
3.12642E+14,D-23-22 09ACD1 [HERSUS],31.44523056,-110.1109222,HERSUS,USGS,GW,17.38,null,null,1,USGS,m,2,S,V,A,72019,7/27/2011,no,2729
3.12716E+14,D-23-22 04DCD1 [HER-LS],31.45451944,-110.1097,HER-LS,USGS,GW,3.15,null,null,1,USGS,m,2,S,V,A,72019,6/28/2022,no,2730
3.12716E+14,D-23-22 04DCD4 [HERUED],31.4546722,-110.1099306,HERUED,USGS,GW,2.63,null,null,1,USGS,m,2,S,V,A,72019,4/7/2020,no,2731
3.12716E+14,D-23-22 04DCD1 [HER-LS],31.45451944,-110.1097,HER-LS,USGS,GW,2.31,null,null,1,USGS,m,2,S,V,A,72019,10/19/2022,no,2732
3.12642E+14,D-23-22 09ACD1 [HERSUS],31.44523056,-110.1109222,HERSUS,USGS,GW,17.69,null,null,1,USGS,m,2,S,V,A,72019,9/21/2011,no,2733
3.12843E+14,D-22-22 33BBC [HUN-UP],31.47880833,-110.1194139,HUN-UP,USGS,GW,25.26,null,null,1,null,m,2,null,O,A,72019,6/15/2007,no,2734
3.12853E+14,D-22-22 28CCD [HUN-SO],31.48143889,-110.1186389,HUN-SO,USGS,GW,5.35,null,null,1,null,m,2,null,O,A,72019,10/25/2007,no,2735
3.12716E+14,D-23-22 04DCD4 [HERUED],31.4546722,-110.1099306,HERUED,USGS,GW,5.57,null,null,1,USGS,m,2,S,V,A,72019,6/24/2020,no,2736
3.12716E+14,D-23-22 04DCD1 [HER-LS],31.45451944,-110.1097,HER-LS,USGS,GW,2.39,null,null,1,USGS,m,2,S,V,A,72019,1/25/2023,no,2737
3.12642E+14,D-23-22 09ACD1 [HERSUS],31.44523056,-110.1109222,HERSUS,USGS,GW,17.14,null,null,1,USGS,m,2,S,V,A,72019,3/19/2012,no,2738
3.12843E+14,D-22-22 33BBC [HUN-UP],31.47880833,-110.1194139,HUN-UP,USGS,GW,26.48,null,null,1,null,m,2,null,O,A,72019,7/19/2007,no,2739
3.12853E+14,D-22-22 28CCD [HUN-SO],31.48143889,-110.1186389,HUN-SO,USGS,GW,5,null,null,1,null,m,2,null,O,A,72019,11/19/2007,no,2740
3.12716E+14,D-23-22 04DCD4 [HERUED],31.4546722,-110.1099306,HERUED,USGS,GW,7.43,null,null,1,USGS,m,2,S,V,A,72019,10/6/2020,no,2741
3.12716E+14,D-23-22 04DCD1 [HER-LS],31.45451944,-110.1097,HER-LS,USGS,GW,2.49,null,null,1,USGS,m,2,S,V,A,72019,4/18/2023,no,2742
3.12642E+14,D-23-22 09ACD1 [HERSUS],31.44523056,-110.1109222,HERSUS,USGS,GW,17.78,null,null,1,USGS,m,2,S,V,A,72019,6/18/2012,no,2743
3.12843E+14,D-22-22 33BBC [HUN-UP],31.47880833,-110.1194139,HUN-UP,USGS,GW,23.19,null,null,1,null,m,2,null,O,A,72019,8/14/2007,no,2744
3.12853E+14,D-22-22 28CCD [HUN-SO],31.48143889,-110.1186389,HUN-SO,USGS,GW,4.53,null,null,1,null,m,2,null,O,A,72019,12/18/2007,no,2745
3.12716E+14,D-23-22 04DCD4 [HERUED],31.4546722,-110.1099306,HERUED,USGS,GW,2.55,null,null,1,USGS,m,2,S,V,A,72019,2/10/2021,no,2746
3.12716E+14,D-23-22 04DCD1 [HER-LS],31.45451944,-110.1097,HER-LS,USGS,GW,2.88,null,null,1,USGS,m,2,S,V,A,72019,5/10/2023,no,2747
3.12642E+14,D-23-22 09ACD1 [HERSUS],31.44523056,-110.1109222,HERSUS,USGS,GW,16.31,null,null,1,USGS,m,2,S,V,A,72019,9/12/2012,no,2748
3.12843E+14,D-22-22 33BBC [HUN-UP],31.47880833,-110.1194139,HUN-UP,USGS,GW,24.97,null,null,1,null,m,2,null,O,A,72019,9/19/2007,no,2749
3.12853E+14,D-22-22 28CCD [HUN-SO],31.48143889,-110.1186389,HUN-SO,USGS,GW,4.47,null,null,1,null,m,2,null,O,A,72019,1/18/2008,no,2750
3.12716E+14,D-23-22 04DCD4 [HERUED],31.4546722,-110.1099306,HERUED,USGS,GW,2.61,null,null,1,USGS,m,2,S,V,A,72019,4/7/2021,no,2751
3.12716E+14,D-23-22 04DCD1 [HER-LS],31.45451944,-110.1097,HER-LS,USGS,GW,3.08,null,null,1,USGS,m,2,S,S,A,72019,5/11/2023,no,2752
3.12642E+14,D-23-22 09ACD1 [HERSUS],31.44523056,-110.1109222,HERSUS,USGS,GW,17.33,null,null,1,USGS,m,2,S,V,A,72019,5/29/2013,no,2753
3.12843E+14,D-22-22 33BBC [HUN-UP],31.47880833,-110.1194139,HUN-UP,USGS,GW,25.53,null,null,1,null,m,2,null,O,A,72019,10/11/2007,no,2754
3.12853E+14,D-22-22 28CCD [HUN-SO],31.48143889,-110.1186389,HUN-SO,USGS,GW,4.24,null,null,1,null,m,2,null,O,A,72019,2/21/2008,no,2755
3.12716E+14,D-23-22 04DCD4 [HERUED],31.4546722,-110.1099306,HERUED,USGS,GW,7.26,null,null,1,USGS,m,2,S,V,A,72019,6/28/2021,no,2756
3.12716E+14,D-23-22 04DCD1 [HER-LS],31.45451944,-110.1097,HER-LS,USGS,GW,5.07,null,null,1,USGS,m,2,S,V,A,72019,6/27/2023,no,2757
3.12642E+14,D-23-22 09ACD1 [HERSUS],31.44523056,-110.1109222,HERSUS,USGS,GW,17.81,null,null,1,USGS,m,2,S,V,A,72019,7/1/2013,no,2758
3.12843E+14,D-22-22 33BBC [HUN-UP],31.47880833,-110.1194139,HUN-UP,USGS,GW,25.63,null,null,1,null,m,2,null,O,A,72019,10/25/2007,no,2759
3.12853E+14,D-22-22 28CCD [HUN-SO],31.48143889,-110.1186389,HUN-SO,USGS,GW,4.23,null,null,1,null,m,2,null,O,A,72019,3/26/2008,no,2760
3.12716E+14,D-23-22 04DCD4 [HERUED],31.4546722,-110.1099306,HERUED,USGS,GW,5.04,null,null,1,USGS,m,2,S,V,A,72019,10/19/2021,no,2761
3.12716E+14,D-23-22 04DCD1 [HER-LS],31.45451944,-110.1097,HER-LS,USGS,GW,5.83,null,null,1,USGS,m,2,S,V,A,72019,11/2/2023,no,2762
3.12642E+14,D-23-22 09ACD1 [HERSUS],31.44523056,-110.1109222,HERSUS,USGS,GW,17.04,null,null,1,USGS,m,2,S,V,A,72019,10/29/2013,no,2763
3.12843E+14,D-22-22 33BBC [HUN-UP],31.47880833,-110.1194139,HUN-UP,USGS,GW,25.29,null,null,1,null,m,2,null,O,A,72019,11/19/2007,no,2764
3.12716E+14,D-23-22 04DCD4 [HERUED],31.4546722,-110.1099306,HERUED,USGS,GW,4.35,null,null,1,USGS,m,2,S,V,A,72019,2/1/2022,no,2765
3.12716E+14,D-23-22 04DCD1 [HER-LS],31.45451944,-110.1097,HER-LS,USGS,GW,3.05,null,null,1,USGS,m,2,S,V,A,72019,2/14/2024,no,2766
3.12642E+14,D-23-22 09ACD1 [HERSUS],31.44523056,-110.1109222,HERSUS,USGS,GW,16.79,null,null,1,USGS,m,2,S,V,A,72019,1/7/2014,no,2767
3.12843E+14,D-22-22 33BBC [HUN-UP],31.47880833,-110.1194139,HUN-UP,USGS,GW,24.88,null,null,1,null,m,2,null,O,A,72019,12/13/2007,no,2768
3.12716E+14,D-23-22 04DCD4 [HERUED],31.4546722,-110.1099306,HERUED,USGS,GW,4.24,null,null,1,USGS,m,2,S,V,A,72019,4/5/2022,no,2769
3.12716E+14,D-23-22 04DCD1 [HER-LS],31.45451944,-110.1097,HER-LS,USGS,GW,2.98,null,null,1,USGS,m,2,S,V,A,72019,4/18/2024,no,2770
3.12853E+14,D-22-22 28CCD [HUN-SO],31.48143889,-110.1186389,HUN-SO,USGS,GW,4.53,null,null,1,null,m,2,null,O,A,72019,4/17/2008,no,2771
3.12716E+14,D-23-22 04DCD1 [HER-LS],31.45451944,-110.1097,HER-LS,USGS,GW,6.12,null,null,1,USGS,m,2,S,S,P,72019,6/25/2024,no,2772
3.12716E+14,D-23-22 04DCD4 [HERUED],31.4546722,-110.1099306,HERUED,USGS,GW,5.07,null,null,1,USGS,m,2,S,V,A,72019,6/28/2022,no,2773
3.12853E+14,D-22-22 28CCD [HUN-SO],31.48143889,-110.1186389,HUN-SO,USGS,GW,3.49,null,null,1,null,m,2,null,O,A,72019,10/2/2008,no,2774
3.12843E+14,D-22-22 33BBC [HUN-UP],31.47880833,-110.1194139,HUN-UP,USGS,GW,24.87,null,null,1,null,m,2,null,O,A,72019,12/18/2007,no,2775
3.12716E+14,D-23-22 04DCD1 [HER-LS],31.45451944,-110.1097,HER-LS,USGS,GW,3.78,null,null,1,USGS,m,2,S,S,P,72019,2/26/2025,no,2776
3.12642E+14,D-23-22 09ACD1 [HERSUS],31.44523056,-110.1109222,HERSUS,USGS,GW,16.86,null,null,1,USGS,m,2,S,V,A,72019,4/2/2014,no,2777
3.12716E+14,D-23-22 04DCD4 [HERUED],31.4546722,-110.1099306,HERUED,USGS,GW,3.97,null,null,1,USGS,m,2,S,V,A,72019,10/19/2022,no,2778
3.12853E+14,D-22-22 28CCD [HUN-SO],31.48143889,-110.1186389,HUN-SO,USGS,GW,3.47,null,null,1,null,m,2,null,O,A,72019,12/10/2008,no,2779
3.12843E+14,D-22-22 33BBC [HUN-UP],31.47880833,-110.1194139,HUN-UP,USGS,GW,24.78,null,null,1,null,m,2,null,O,A,72019,1/18/2008,no,2780
3.12642E+14,D-23-22 09ACD1 [HERSUS],31.44523056,-110.1109222,HERSUS,USGS,GW,17.55,null,null,1,USGS,m,2,S,V,A,72019,6/25/2014,no,2782
3.12716E+14,D-23-22 04DCD4 [HERUED],31.4546722,-110.1099306,HERUED,USGS,GW,4.21,null,null,1,USGS,m,2,S,V,A,72019,1/25/2023,no,2783
3.12853E+14,D-22-22 28CCD [HUN-SO],31.48143889,-110.1186389,HUN-SO,USGS,GW,3.49,null,null,1,null,m,2,null,O,A,72019,3/26/2009,no,2784
3.12843E+14,D-22-22 33BBC [HUN-UP],31.47880833,-110.1194139,HUN-UP,USGS,GW,24.59,null,null,1,null,m,2,null,O,A,72019,2/21/2008,no,2785
3.12642E+14,D-23-22 09ACD1 [HERSUS],31.44523056,-110.1109222,HERSUS,USGS,GW,16.18,null,null,1,USGS,m,2,S,V,A,72019,11/3/2014,no,2787
3.12716E+14,D-23-22 04DCD4 [HERUED],31.4546722,-110.1099306,HERUED,USGS,GW,4.32,null,null,1,USGS,m,2,S,V,P,72019,4/18/2023,no,2788
3.12853E+14,D-22-22 28CCD [HUN-SO],31.48143889,-110.1186389,HUN-SO,USGS,GW,5.33,null,null,1,null,m,2,null,O,A,72019,6/10/2009,no,2789
3.12843E+14,D-22-22 33BBC [HUN-UP],31.47880833,-110.1194139,HUN-UP,USGS,GW,24.48,null,null,1,null,m,2,null,O,A,72019,3/26/2008,no,2790
3.12642E+14,D-23-22 09ACD1 [HERSUS],31.44523056,-110.1109222,HERSUS,USGS,GW,16.19,null,null,1,USGS,m,2,S,V,A,72019,1/14/2015,no,2792
3.12716E+14,D-23-22 04DCD4 [HERUED],31.4546722,-110.1099306,HERUED,USGS,GW,4.71,null,null,1,USGS,m,2,S,S,P,72019,5/11/2023,no,2793
3.12853E+14,D-22-22 28CCD [HUN-SO],31.48143889,-110.1186389,HUN-SO,USGS,GW,6.25,null,null,1,null,m,2,null,O,A,72019,7/14/2009,no,2794
3.12843E+14,D-22-22 33BBC [HUN-UP],31.47880833,-110.1194139,HUN-UP,USGS,GW,24.71,null,null,1,null,m,2,null,O,A,72019,4/17/2008,no,2795
3.12642E+14,D-23-22 09ACD1 [HERSUS],31.44523056,-110.1109222,HERSUS,USGS,GW,16.26,null,null,1,USGS,m,2,S,V,A,72019,4/15/2015,no,2797
3.12716E+14,D-23-22 04DCD4 [HERUED],31.4546722,-110.1099306,HERUED,USGS,GW,6.38,null,null,1,USGS,m,2,S,V,P,72019,6/27/2023,no,2798
3.12853E+14,D-22-22 28CCD [HUN-SO],31.48143889,-110.1186389,HUN-SO,USGS,GW,6.64,null,null,1,null,m,2,null,O,A,72019,8/25/2009,no,2799
3.12843E+14,D-22-22 33BBC [HUN-UP],31.47880833,-110.1194139,HUN-UP,USGS,GW,24,null,null,1,null,m,2,null,O,A,72019,10/2/2008,no,2800
3.12716E+14,D-23-22 04DCD4 [HERUED],31.4546722,-110.1099306,HERUED,USGS,GW,7.63,null,null,1,USGS,m,2,S,V,P,72019,11/2/2023,no,2801
3.12642E+14,D-23-22 09ACD1 [HERSUS],31.44523056,-110.1109222,HERSUS,USGS,GW,16.88,null,null,1,USGS,m,2,S,V,A,72019,7/14/2015,no,2803
3.12853E+14,D-22-22 28CCD [HUN-SO],31.48143889,-110.1186389,HUN-SO,USGS,GW,6.65,null,null,1,null,m,2,null,O,A,72019,11/10/2009,no,2804
3.12843E+14,D-22-22 33BBC [HUN-UP],31.47880833,-110.1194139,HUN-UP,USGS,GW,24.08,null,null,1,null,m,2,null,O,A,72019,12/10/2008,no,2805
3.12642E+14,D-23-22 09ACD1 [HERSUS],31.44523056,-110.1109222,HERSUS,USGS,GW,16.63,null,null,1,USGS,m,2,S,V,A,72019,10/7/2015,no,2807
3.12843E+14,D-22-22 33BBC [HUN-UP],31.47880833,-110.1194139,HUN-UP,USGS,GW,23.9,null,null,1,null,m,2,null,O,A,72019,3/26/2009,no,2809
3.12853E+14,D-22-22 28CCD [HUN-SO],31.48143889,-110.1186389,HUN-SO,USGS,GW,4.87,null,null,1,null,m,2,null,O,A,72019,1/19/2010,no,2810
3.12642E+14,D-23-22 09ACD1 [HERSUS],31.44523056,-110.1109222,HERSUS,USGS,GW,16.19,null,null,1,USGS,m,2,S,V,A,72019,1/20/2016,no,2812
3.12843E+14,D-22-22 33BBC [HUN-UP],31.47880833,-110.1194139,HUN-UP,USGS,GW,25.46,null,null,1,null,m,2,null,O,A,72019,6/10/2009,no,2814
3.12853E+14,D-22-22 28CCD [HUN-SO],31.48143889,-110.1186389,HUN-SO,USGS,GW,4.63,null,null,1,null,m,2,null,O,A,72019,2/16/2010,no,2815
3.12642E+14,D-23-22 09ACD1 [HERSUS],31.44523056,-110.1109222,HERSUS,USGS,GW,16.32,null,null,1,USGS,m,2,S,V,A,72019,4/19/2016,no,2817
3.12843E+14,D-22-22 33BBC [HUN-UP],31.47880833,-110.1194139,HUN-UP,USGS,GW,26.28,null,null,1,null,m,2,null,O,A,72019,7/14/2009,no,2819
3.12853E+14,D-22-22 28CCD [HUN-SO],31.48143889,-110.1186389,HUN-SO,USGS,GW,6.64,null,null,1,null,m,2,null,O,A,72019,6/24/2010,no,2820
3.12642E+14,D-23-22 09ACD1 [HERSUS],31.44523056,-110.1109222,HERSUS,USGS,GW,17.04,null,null,1,USGS,m,2,S,V,A,72019,6/27/2016,no,2822
3.12843E+14,D-22-22 33BBC [HUN-UP],31.47880833,-110.1194139,HUN-UP,USGS,GW,27.08,null,null,1,null,m,2,null,O,A,72019,8/25/2009,no,2824
3.12853E+14,D-22-22 28CCD [HUN-SO],31.48143889,-110.1186389,HUN-SO,USGS,GW,7.4,null,null,1,null,m,2,null,O,A,72019,7/15/2010,no,2825
3.12642E+14,D-23-22 09ACD1 [HERSUS],31.44523056,-110.1109222,HERSUS,USGS,GW,16.9,null,null,1,USGS,m,2,S,V,A,72019,10/19/2016,no,2827
3.12843E+14,D-22-22 33BBC [HUN-UP],31.47880833,-110.1194139,HUN-UP,USGS,GW,27.09,null,null,1,null,m,2,null,O,A,72019,11/10/2009,no,2829
3.12853E+14,D-22-22 28CCD [HUN-SO],31.48143889,-110.1186389,HUN-SO,USGS,GW,4.92,null,null,1,null,m,2,null,O,A,72019,11/29/2010,no,2830
3.12642E+14,D-23-22 09ACD1 [HERSUS],31.44523056,-110.1109222,HERSUS,USGS,GW,16.45,null,null,1,USGS,m,2,S,V,A,72019,1/18/2017,no,2832
3.12843E+14,D-22-22 33BBC [HUN-UP],31.47880833,-110.1194139,HUN-UP,USGS,GW,25.62,null,null,1,null,m,2,null,O,A,72019,1/19/2010,no,2834
3.12853E+14,D-22-22 28CCD [HUN-SO],31.48143889,-110.1186389,HUN-SO,USGS,GW,4.57,null,null,1,null,m,2,null,O,A,72019,12/29/2010,no,2835
3.12642E+14,D-23-22 09ACD1 [HERSUS],31.44523056,-110.1109222,HERSUS,USGS,GW,16.79,null,null,1,USGS,m,2,S,V,A,72019,4/25/2017,no,2837
3.12843E+14,D-22-22 33BBC [HUN-UP],31.47880833,-110.1194139,HUN-UP,USGS,GW,25.23,null,null,1,null,m,2,null,O,A,72019,2/16/2010,no,2839
3.12853E+14,D-22-22 28CCD [HUN-SO],31.48143889,-110.1186389,HUN-SO,USGS,GW,7.05,null,null,1,USGS,m,2,S,V,A,72019,7/20/2011,no,2840
3.12843E+14,D-22-22 33BBC [HUN-UP],31.47880833,-110.1194139,HUN-UP,USGS,GW,26.51,null,null,1,null,m,2,null,O,A,72019,6/24/2010,no,2842
3.12642E+14,D-23-22 09ACD1 [HERSUS],31.44523056,-110.1109222,HERSUS,USGS,GW,17.45,null,null,1,USGS,m,2,S,V,A,72019,6/28/2017,no,2844
3.12843E+14,D-22-22 33BBC [HUN-UP],31.47880833,-110.1194139,HUN-UP,USGS,GW,26.09,null,null,1,null,m,2,null,O,A,72019,7/15/2010,no,2845
3.12853E+14,D-22-22 28CCD [HUN-SO],31.48143889,-110.1186389,HUN-SO,USGS,GW,6.15,null,null,1,USGS,m,2,S,V,A,72019,9/22/2011,no,2846
3.12642E+14,D-23-22 09ACD1 [HERSUS],31.44523056,-110.1109222,HERSUS,USGS,GW,17,null,null,1,USGS,m,2,S,V,A,72019,10/17/2017,no,2848
3.12843E+14,D-22-22 33BBC [HUN-UP],31.47880833,-110.1194139,HUN-UP,USGS,GW,25.29,null,null,1,null,m,2,null,O,A,72019,11/29/2010,no,2849
3.12853E+14,D-22-22 28CCD [HUN-SO],31.48143889,-110.1186389,HUN-SO,USGS,GW,3.93,null,null,1,USGS,m,2,S,V,A,72019,3/27/2012,no,2851
3.12642E+14,D-23-22 09ACD1 [HERSUS],31.44523056,-110.1109222,HERSUS,USGS,GW,16.47,null,null,1,USGS,m,2,S,V,A,72019,1/10/2018,no,2853
3.12843E+14,D-22-22 33BBC [HUN-UP],31.47880833,-110.1194139,HUN-UP,USGS,GW,24.95,null,null,1,null,m,2,null,O,A,72019,12/29/2010,no,2854
3.12853E+14,D-22-22 28CCD [HUN-SO],31.48143889,-110.1186389,HUN-SO,USGS,GW,6.25,null,null,1,USGS,m,2,S,V,A,72019,6/18/2012,no,2856
3.12717E+14,D-23-22 04DCA1 [HERUWS],31.45477778,-110.1105194,HERUWS,USGS,GW,11.32,null,null,1,null,m,2,null,O,A,72019,9/18/2006,no,2857
3.12642E+14,D-23-22 09ACD1 [HERSUS],31.44523056,-110.1109222,HERSUS,USGS,GW,16.52,null,null,1,USGS,m,2,S,V,A,72019,4/18/2018,no,2858
3.12843E+14,D-22-22 33BBC [HUN-UP],31.47880833,-110.1194139,HUN-UP,USGS,GW,26.89,null,null,1,USGS,m,2,S,V,A,72019,7/20/2011,no,2859
3.12853E+14,D-22-22 28CCD [HUN-SO],31.48143889,-110.1186389,HUN-SO,USGS,GW,5.95,null,null,1,USGS,m,2,S,V,A,72019,5/29/2013,no,2861
3.12717E+14,D-23-22 04DCA1 [HERUWS],31.45477778,-110.1105194,HERUWS,USGS,GW,11.8,null,null,1,null,m,2,null,O,A,72019,9/22/2006,no,2862
3.12843E+14,D-22-22 33BBC [HUN-UP],31.47880833,-110.1194139,HUN-UP,USGS,GW,26.42,null,null,1,USGS,m,2,S,V,A,72019,9/22/2011,no,2863
3.12642E+14,D-23-22 09ACD1 [HERSUS],31.44523056,-110.1109222,HERSUS,USGS,GW,17.12,null,null,1,USGS,m,2,S,V,A,72019,6/21/2018,no,2864
3.12716E+14,D-23-22 04DCD2 [HER-LD],31.45453333,-110.1096972,HER-LD,USGS,GW,5.66,null,null,1,null,m,2,null,O,A,72019,10/24/2006,no,2865
3.12853E+14,D-22-22 28CCD [HUN-SO],31.48143889,-110.1186389,HUN-SO,USGS,GW,7.25,null,null,1,USGS,m,2,S,V,A,72019,7/1/2013,no,2866
3.12717E+14,D-23-22 04DCA1 [HERUWS],31.45477778,-110.1105194,HERUWS,USGS,GW,12.77,null,null,1,null,m,2,null,O,A,72019,10/23/2006,no,2867
3.12843E+14,D-22-22 33BBC [HUN-UP],31.47880833,-110.1194139,HUN-UP,USGS,GW,24.54,null,null,1,USGS,m,2,S,V,A,72019,3/27/2012,no,2868
3.12642E+14,D-23-22 09ACD1 [HERSUS],31.44523056,-110.1109222,HERSUS,USGS,GW,17.13,null,null,1,USGS,m,2,S,V,A,72019,6/21/2018,no,2869
3.12716E+14,D-23-22 04DCD2 [HER-LD],31.45453333,-110.1096972,HER-LD,USGS,GW,5.74,null,null,1,null,m,2,null,O,A,72019,11/13/2006,no,2870
3.12853E+14,D-22-22 28CCD [HUN-SO],31.48143889,-110.1186389,HUN-SO,USGS,GW,5.34,null,null,1,USGS,m,2,S,V,A,72019,10/30/2013,no,2871
3.12717E+14,D-23-22 04DCA1 [HERUWS],31.45477778,-110.1105194,HERUWS,USGS,GW,12.84,null,null,1,null,m,2,null,O,A,72019,11/8/2006,no,2872
3.12843E+14,D-22-22 33BBC [HUN-UP],31.47880833,-110.1194139,HUN-UP,USGS,GW,26.21,null,null,1,USGS,m,2,S,V,A,72019,6/18/2012,no,2873
3.12642E+14,D-23-22 09ACD1 [HERSUS],31.44523056,-110.1109222,HERSUS,USGS,GW,16.23,null,null,1,USGS,m,2,S,V,A,72019,10/25/2018,no,2874
3.12716E+14,D-23-22 04DCD2 [HER-LD],31.45453333,-110.1096972,HER-LD,USGS,GW,5.73,null,null,1,null,m,2,null,O,A,72019,11/29/2006,no,2875
3.12853E+14,D-22-22 28CCD [HUN-SO],31.48143889,-110.1186389,HUN-SO,USGS,GW,4.87,null,null,1,USGS,m,2,S,V,A,72019,1/7/2014,no,2876
3.12843E+14,D-22-22 33BBC [HUN-UP],31.47880833,-110.1194139,HUN-UP,USGS,GW,25.86,null,null,1,USGS,m,2,S,V,A,72019,5/29/2013,no,2877
3.12717E+14,D-23-22 04DCA1 [HERUWS],31.45477778,-110.1105194,HERUWS,USGS,GW,12.84,null,null,1,null,m,2,null,O,A,72019,11/29/2006,no,2878
3.12716E+14,D-23-22 04DCD2 [HER-LD],31.45453333,-110.1096972,HER-LD,USGS,GW,5.76,null,null,1,null,m,2,null,O,A,72019,12/21/2006,no,2879
3.12843E+14,D-22-22 33BBC [HUN-UP],31.47880833,-110.1194139,HUN-UP,USGS,GW,27.15,null,null,1,USGS,m,2,S,V,A,72019,7/1/2013,no,2880
3.12853E+14,D-22-22 28CCD [HUN-SO],31.48143889,-110.1186389,HUN-SO,USGS,GW,4.73,null,null,1,USGS,m,2,S,V,A,72019,4/2/2014,no,2881
3.12642E+14,D-23-22 09ACD1 [HERSUS],31.44523056,-110.1109222,HERSUS,USGS,GW,16.34,null,null,1,USGS,m,2,S,V,A,72019,2/6/2019,no,2882
3.12843E+14,D-22-22 33BBC [HUN-UP],31.47880833,-110.1194139,HUN-UP,USGS,GW,25.66,null,null,1,USGS,m,2,S,V,A,72019,10/30/2013,no,2883
3.12853E+14,D-22-22 28CCD [HUN-SO],31.48143889,-110.1186389,HUN-SO,USGS,GW,6.95,null,null,1,USGS,m,2,S,V,A,72019,6/25/2014,no,2884
3.12642E+14,D-23-22 09ACD1 [HERSUS],31.44523056,-110.1109222,HERSUS,USGS,GW,16.54,null,null,1,USGS,m,2,S,V,A,72019,4/17/2019,no,2885
3.12716E+14,D-23-22 04DCD2 [HER-LD],31.45453333,-110.1096972,HER-LD,USGS,GW,5.82,null,null,1,null,m,2,null,O,A,72019,1/25/2007,no,2886
3.12843E+14,D-22-22 33BBC [HUN-UP],31.47880833,-110.1194139,HUN-UP,USGS,GW,25.11,null,null,1,USGS,m,2,S,V,A,72019,1/7/2014,no,2887
3.12717E+14,D-23-22 04DCA1 [HERUWS],31.45477778,-110.1105194,HERUWS,USGS,GW,12.88,null,null,1,null,m,2,null,O,A,72019,12/21/2006,no,2888
3.12853E+14,D-22-22 28CCD [HUN-SO],31.48143889,-110.1186389,HUN-SO,USGS,GW,4.13,null,null,1,USGS,m,2,S,V,A,72019,11/3/2014,no,2889
3.12642E+14,D-23-22 09ACD1 [HERSUS],31.44523056,-110.1109222,HERSUS,USGS,GW,17.08,null,null,1,USGS,m,2,S,V,A,72019,6/26/2019,no,2890
3.12716E+14,D-23-22 04DCD2 [HER-LD],31.45453333,-110.1096972,HER-LD,USGS,GW,5.8,null,null,1,null,m,2,null,O,A,72019,2/26/2007,no,2891
3.12843E+14,D-22-22 33BBC [HUN-UP],31.47880833,-110.1194139,HUN-UP,USGS,GW,24.91,null,null,1,USGS,m,2,S,V,A,72019,4/2/2014,no,2892
3.12717E+14,D-23-22 04DCA1 [HERUWS],31.45477778,-110.1105194,HERUWS,USGS,GW,12.91,null,null,1,null,m,2,null,O,A,72019,1/25/2007,no,2893
3.12853E+14,D-22-22 28CCD [HUN-SO],31.48143889,-110.1186389,HUN-SO,USGS,GW,4.84,null,null,1,USGS,m,2,S,S,A,72019,1/14/2015,no,2894
3.12642E+14,D-23-22 09ACD1 [HERSUS],31.44523056,-110.1109222,HERSUS,USGS,GW,16.83,null,null,1,USGS,m,2,S,V,A,72019,10/25/2019,no,2895
3.12716E+14,D-23-22 04DCD2 [HER-LD],31.45453333,-110.1096972,HER-LD,USGS,GW,5.78,null,null,1,null,m,2,null,O,A,72019,3/27/2007,no,2896
3.12843E+14,D-22-22 33BBC [HUN-UP],31.47880833,-110.1194139,HUN-UP,USGS,GW,26.84,null,null,1,USGS,m,2,S,V,A,72019,6/25/2014,no,2897
3.12717E+14,D-23-22 04DCA1 [HERUWS],31.45477778,-110.1105194,HERUWS,USGS,GW,12.89,null,null,1,null,m,2,null,O,A,72019,2/26/2007,no,2898
3.12853E+14,D-22-22 28CCD [HUN-SO],31.48143889,-110.1186389,HUN-SO,USGS,GW,5.1,null,null,1,USGS,m,2,S,V,A,72019,4/15/2015,no,2899
3.12642E+14,D-23-22 09ACD1 [HERSUS],31.44523056,-110.1109222,HERSUS,USGS,GW,15.57,null,null,1,USGS,m,2,S,V,A,72019,1/8/2020,no,2900
3.12716E+14,D-23-22 04DCD2 [HER-LD],31.45453333,-110.1096972,HER-LD,USGS,GW,5.89,null,null,1,null,m,2,null,O,A,72019,4/12/2007,no,2901
3.12843E+14,D-22-22 33BBC [HUN-UP],31.47880833,-110.1194139,HUN-UP,USGS,GW,24.14,null,null,1,USGS,m,2,S,S,A,72019,11/3/2014,no,2902
3.12717E+14,D-23-22 04DCA1 [HERUWS],31.45477778,-110.1105194,HERUWS,USGS,GW,12.93,null,null,1,null,m,2,null,O,A,72019,3/22/2007,no,2903
3.12853E+14,D-22-22 28CCD [HUN-SO],31.48143889,-110.1186389,HUN-SO,USGS,GW,6.24,null,null,1,USGS,m,2,S,V,A,72019,7/14/2015,no,2904
3.12642E+14,D-23-22 09ACD1 [HERSUS],31.44523056,-110.1109222,HERSUS,USGS,GW,15.72,null,null,1,USGS,m,2,S,V,A,72019,4/7/2020,no,2905
3.12716E+14,D-23-22 04DCD2 [HER-LD],31.45453333,-110.1096972,HER-LD,USGS,GW,5.5,null,null,1,null,m,2,null,O,A,72019,5/9/2007,no,2906
3.12843E+14,D-22-22 33BBC [HUN-UP],31.47880833,-110.1194139,HUN-UP,USGS,GW,25.03,null,null,1,USGS,m,2,S,S,A,72019,1/14/2015,no,2907
3.12717E+14,D-23-22 04DCA1 [HERUWS],31.45477778,-110.1105194,HERUWS,USGS,GW,12.89,null,null,1,null,m,2,null,O,A,72019,3/27/2007,no,2908
3.12853E+14,D-22-22 28CCD [HUN-SO],31.48143889,-110.1186389,HUN-SO,USGS,GW,5.42,null,null,1,USGS,m,2,S,V,A,72019,10/9/2015,no,2909
3.12642E+14,D-23-22 09ACD1 [HERSUS],31.44523056,-110.1109222,HERSUS,USGS,GW,16.73,null,null,1,USGS,m,2,S,V,A,72019,6/24/2020,no,2910
3.12716E+14,D-23-22 04DCD2 [HER-LD],31.45453333,-110.1096972,HER-LD,USGS,GW,5.45,null,null,1,null,m,2,null,O,A,72019,6/15/2007,no,2911
3.12843E+14,D-22-22 33BBC [HUN-UP],31.47880833,-110.1194139,HUN-UP,USGS,GW,25.32,null,null,1,USGS,m,2,S,V,A,72019,4/15/2015,no,2912
3.12717E+14,D-23-22 04DCA1 [HERUWS],31.45477778,-110.1105194,HERUWS,USGS,GW,12.99,null,null,1,null,m,2,null,O,A,72019,4/12/2007,no,2913
3.12642E+14,D-23-22 09ACD1 [HERSUS],31.44523056,-110.1109222,HERSUS,USGS,GW,17.26,null,null,1,USGS,m,2,S,V,A,72019,10/6/2020,no,2914
3.12716E+14,D-23-22 04DCD2 [HER-LD],31.45453333,-110.1096972,HER-LD,USGS,GW,6.11,null,null,1,null,m,2,null,O,A,72019,7/19/2007,no,2915
3.12843E+14,D-22-22 33BBC [HUN-UP],31.47880833,-110.1194139,HUN-UP,USGS,GW,26.31,null,null,1,USGS,m,2,S,V,A,72019,7/14/2015,no,2916
3.12717E+14,D-23-22 04DCA1 [HERUWS],31.45477778,-110.1105194,HERUWS,USGS,GW,13.04,null,null,1,null,m,2,null,O,A,72019,4/24/2007,no,2917
3.12642E+14,D-23-22 09ACD1 [HERSUS],31.44523056,-110.1109222,HERSUS,USGS,GW,16.06,null,null,1,USGS,m,2,S,V,A,72019,2/10/2021,no,2918
3.12853E+14,D-22-22 28CCD [HUN-SO],31.48143889,-110.1186389,HUN-SO,USGS,GW,5.06,null,null,1,USGS,m,2,S,V,A,72019,1/20/2016,no,2919
3.12717E+14,D-23-22 04DCA1 [HERUWS],31.45477778,-110.1105194,HERUWS,USGS,GW,12.84,null,null,1,null,m,2,null,O,A,72019,5/9/2007,no,2920
3.12716E+14,D-23-22 04DCD2 [HER-LD],31.45453333,-110.1096972,HER-LD,USGS,GW,4.55,null,null,1,null,m,2,null,O,A,72019,8/15/2007,no,2921
3.12642E+14,D-23-22 09ACD1 [HERSUS],31.44523056,-110.1109222,HERSUS,USGS,GW,16.04,null,null,1,USGS,m,2,S,V,A,72019,4/7/2021,no,2922
3.12853E+14,D-22-22 28CCD [HUN-SO],31.48143889,-110.1186389,HUN-SO,USGS,GW,5.26,null,null,1,USGS,m,2,S,V,A,72019,4/19/2016,no,2923
3.12843E+14,D-22-22 33BBC [HUN-UP],31.47880833,-110.1194139,HUN-UP,USGS,GW,25.74,null,null,1,USGS,m,2,S,V,A,72019,10/9/2015,no,2924
3.12717E+14,D-23-22 04DCA1 [HERUWS],31.45477778,-110.1105194,HERUWS,USGS,GW,12.82,null,null,1,null,m,2,null,O,A,72019,5/18/2007,no,2925
3.12716E+14,D-23-22 04DCD2 [HER-LD],31.45453333,-110.1096972,HER-LD,USGS,GW,5.63,null,null,1,null,m,2,null,O,A,72019,9/19/2007,no,2926
3.12642E+14,D-23-22 09ACD1 [HERSUS],31.44523056,-110.1109222,HERSUS,USGS,GW,17.17,null,null,1,USGS,m,2,S,V,A,72019,6/28/2021,no,2927
3.12853E+14,D-22-22 28CCD [HUN-SO],31.48143889,-110.1186389,HUN-SO,USGS,GW,7.04,null,null,1,USGS,m,2,S,V,A,72019,6/28/2016,no,2928
3.12843E+14,D-22-22 33BBC [HUN-UP],31.47880833,-110.1194139,HUN-UP,USGS,GW,25.24,null,null,1,USGS,m,2,S,V,A,72019,1/20/2016,no,2929
3.12717E+14,D-23-22 04DCA1 [HERUWS],31.45477778,-110.1105194,HERUWS,USGS,GW,12.93,null,null,1,null,m,2,null,O,A,72019,6/15/2007,no,2930
3.12716E+14,D-23-22 04DCD2 [HER-LD],31.45453333,-110.1096972,HER-LD,USGS,GW,5.63,null,null,1,null,m,2,null,O,A,72019,10/25/2007,no,2931
3.12642E+14,D-23-22 09ACD1 [HERSUS],31.44523056,-110.1109222,HERSUS,USGS,GW,15.39,null,null,1,USGS,m,2,S,V,A,72019,10/19/2021,no,2932
3.12853E+14,D-22-22 28CCD [HUN-SO],31.48143889,-110.1186389,HUN-SO,USGS,GW,6.64,null,null,1,USGS,m,2,S,V,A,72019,10/19/2016,no,2933
3.12843E+14,D-22-22 33BBC [HUN-UP],31.47880833,-110.1194139,HUN-UP,USGS,GW,25.34,null,null,1,USGS,m,2,S,V,A,72019,4/19/2016,no,2934
3.12717E+14,D-23-22 04DCA1 [HERUWS],31.45477778,-110.1105194,HERUWS,USGS,GW,13.02,null,null,1,null,m,2,null,O,A,72019,6/20/2007,no,2935
3.12716E+14,D-23-22 04DCD2 [HER-LD],31.45453333,-110.1096972,HER-LD,USGS,GW,5.43,null,null,1,null,m,2,null,O,A,72019,11/19/2007,no,2936
3.12642E+14,D-23-22 09ACD1 [HERSUS],31.44523056,-110.1109222,HERSUS,USGS,GW,14.87,null,null,1,USGS,m,2,S,V,A,72019,2/1/2022,no,2937
3.12853E+14,D-22-22 28CCD [HUN-SO],31.48143889,-110.1186389,HUN-SO,USGS,GW,5.76,null,null,1,USGS,m,2,S,V,A,72019,1/18/2017,no,2938
3.12843E+14,D-22-22 33BBC [HUN-UP],31.47880833,-110.1194139,HUN-UP,USGS,GW,26.97,null,null,1,USGS,m,2,S,V,A,72019,6/28/2016,no,2939
3.12717E+14,D-23-22 04DCA1 [HERUWS],31.45477778,-110.1105194,HERUWS,USGS,GW,13.49,null,null,1,null,m,2,null,O,A,72019,7/19/2007,no,2940
3.12716E+14,D-23-22 04DCD2 [HER-LD],31.45453333,-110.1096972,HER-LD,USGS,GW,5.51,null,null,1,null,m,2,null,O,A,72019,12/18/2007,no,2941
3.12642E+14,D-23-22 09ACD1 [HERSUS],31.44523056,-110.1109222,HERSUS,USGS,GW,14.95,null,null,1,USGS,m,2,S,V,A,72019,4/5/2022,no,2942
3.12853E+14,D-22-22 28CCD [HUN-SO],31.48143889,-110.1186389,HUN-SO,USGS,GW,6.06,null,null,1,USGS,m,2,S,V,A,72019,4/25/2017,no,2943
3.12843E+14,D-22-22 33BBC [HUN-UP],31.47880833,-110.1194139,HUN-UP,USGS,GW,26.94,null,null,1,USGS,m,2,S,V,A,72019,10/19/2016,no,2944
3.12717E+14,D-23-22 04DCA1 [HERUWS],31.45477778,-110.1105194,HERUWS,USGS,GW,11.71,null,null,1,null,m,2,null,O,A,72019,8/15/2007,no,2945
3.12716E+14,D-23-22 04DCD2 [HER-LD],31.45453333,-110.1096972,HER-LD,USGS,GW,5.47,null,null,1,null,m,2,null,O,A,72019,1/18/2008,no,2946
3.12642E+14,D-23-22 09ACD1 [HERSUS],31.44523056,-110.1109222,HERSUS,USGS,GW,15.69,null,null,1,USGS,m,2,S,V,A,72019,6/28/2022,no,2947
3.12853E+14,D-22-22 28CCD [HUN-SO],31.48143889,-110.1186389,HUN-SO,USGS,GW,7.72,null,null,1,USGS,m,2,S,V,A,72019,6/28/2017,no,2948
3.12717E+14,D-23-22 04DCA1 [HERUWS],31.45477778,-110.1105194,HERUWS,USGS,GW,12.4,null,null,1,null,m,2,null,O,A,72019,8/24/2007,no,2949
3.12843E+14,D-22-22 33BBC [HUN-UP],31.47880833,-110.1194139,HUN-UP,USGS,GW,26.06,null,null,1,USGS,m,2,S,V,A,72019,1/18/2017,no,2950
3.12853E+14,D-22-22 28CCD [HUN-SO],31.48143889,-110.1186389,HUN-SO,USGS,GW,7.29,null,null,1,USGS,m,2,S,V,A,72019,10/17/2017,no,2951
3.12716E+14,D-23-22 04DCD2 [HER-LD],31.45453333,-110.1096972,HER-LD,USGS,GW,5.35,null,null,1,null,m,2,null,O,A,72019,2/21/2008,no,2952
3.12642E+14,D-23-22 09ACD1 [HERSUS],31.44523056,-110.1109222,HERSUS,USGS,GW,13.68,null,null,1,USGS,m,2,S,V,A,72019,10/19/2022,no,2953
3.12717E+14,D-23-22 04DCA1 [HERUWS],31.45477778,-110.1105194,HERUWS,USGS,GW,12.9,null,null,1,null,m,2,null,O,A,72019,9/19/2007,no,2954
3.12853E+14,D-22-22 28CCD [HUN-SO],31.48143889,-110.1186389,HUN-SO,USGS,GW,5.78,null,null,1,USGS,m,2,S,V,A,72019,1/10/2018,no,2955
3.12843E+14,D-22-22 33BBC [HUN-UP],31.47880833,-110.1194139,HUN-UP,USGS,GW,26.14,null,null,1,USGS,m,2,S,V,A,72019,4/25/2017,no,2956
3.12642E+14,D-23-22 09ACD1 [HERSUS],31.44523056,-110.1109222,HERSUS,USGS,GW,13.49,null,null,1,USGS,m,2,S,V,A,72019,1/25/2023,no,2957
3.12716E+14,D-23-22 04DCD2 [HER-LD],31.45453333,-110.1096972,HER-LD,USGS,GW,5.23,null,null,1,null,m,2,null,O,A,72019,3/25/2008,no,2958
3.12717E+14,D-23-22 04DCA1 [HERUWS],31.45477778,-110.1105194,HERUWS,USGS,GW,12.93,null,null,1,null,m,2,null,O,A,72019,10/1/2007,no,2959
3.12853E+14,D-22-22 28CCD [HUN-SO],31.48143889,-110.1186389,HUN-SO,USGS,GW,5.77,null,null,1,USGS,m,2,S,V,A,72019,1/11/2018,no,2960
3.12843E+14,D-22-22 33BBC [HUN-UP],31.47880833,-110.1194139,HUN-UP,USGS,GW,27.68,null,null,1,USGS,m,2,S,V,A,72019,6/28/2017,no,2961
3.12642E+14,D-23-22 09ACD1 [HERSUS],31.44523056,-110.1109222,HERSUS,USGS,GW,13.64,null,null,1,USGS,m,2,S,V,A,72019,4/18/2023,no,2962
3.12716E+14,D-23-22 04DCD2 [HER-LD],31.45453333,-110.1096972,HER-LD,USGS,GW,5.34,null,null,1,null,m,2,null,O,A,72019,4/17/2008,no,2963
3.12717E+14,D-23-22 04DCA1 [HERUWS],31.45477778,-110.1105194,HERUWS,USGS,GW,12.99,null,null,1,null,m,2,null,O,A,72019,10/25/2007,no,2964
3.12853E+14,D-22-22 28CCD [HUN-SO],31.48143889,-110.1186389,HUN-SO,USGS,GW,5.77,null,null,1,USGS,m,2,S,V,A,72019,1/11/2018,no,2965
3.12843E+14,D-22-22 33BBC [HUN-UP],31.47880833,-110.1194139,HUN-UP,USGS,GW,27.5,null,null,1,USGS,m,2,S,V,A,72019,10/17/2017,no,2966
3.12642E+14,D-23-22 09ACD1 [HERSUS],31.44523056,-110.1109222,HERSUS,USGS,GW,14.96,null,null,1,USGS,m,2,S,V,A,72019,6/27/2023,no,2967
3.12716E+14,D-23-22 04DCD2 [HER-LD],31.45453333,-110.1096972,HER-LD,USGS,GW,6.38,null,null,1,null,m,2,null,O,A,72019,7/3/2008,no,2968
3.12717E+14,D-23-22 04DCA1 [HERUWS],31.45477778,-110.1105194,HERUWS,USGS,GW,12.87,null,null,1,null,m,2,null,O,A,72019,11/8/2007,no,2969
3.12853E+14,D-22-22 28CCD [HUN-SO],31.48143889,-110.1186389,HUN-SO,USGS,GW,5.5,null,null,1,USGS,m,2,S,V,A,72019,1/24/2018,no,2970
3.12843E+14,D-22-22 33BBC [HUN-UP],31.47880833,-110.1194139,HUN-UP,USGS,GW,26.55,null,null,1,USGS,m,2,S,V,A,72019,1/10/2018,no,2971
3.12642E+14,D-23-22 09ACD1 [HERSUS],31.44523056,-110.1109222,HERSUS,USGS,GW,16.01,null,null,1,USGS,m,2,S,V,A,72019,11/2/2023,no,2972
3.12716E+14,D-23-22 04DCD2 [HER-LD],31.45453333,-110.1096972,HER-LD,USGS,GW,6.35,null,null,1,null,m,2,null,O,A,72019,9/25/2008,no,2973
3.12717E+14,D-23-22 04DCA1 [HERUWS],31.45477778,-110.1105194,HERUWS,USGS,GW,12.8,null,null,1,null,m,2,null,O,A,72019,11/19/2007,no,2974
3.12853E+14,D-22-22 28CCD [HUN-SO],31.48143889,-110.1186389,HUN-SO,USGS,GW,5.5,null,null,1,USGS,m,2,S,V,A,72019,1/24/2018,no,2975
3.12843E+14,D-22-22 33BBC [HUN-UP],31.47880833,-110.1194139,HUN-UP,USGS,GW,25.67,null,null,1,USGS,m,2,S,V,A,72019,4/18/2018,no,2976
3.12642E+14,D-23-22 09ACD1 [HERSUS],31.44523056,-110.1109222,HERSUS,USGS,GW,13.8,null,null,1,USGS,m,2,S,V,A,72019,2/14/2024,no,2977
3.12716E+14,D-23-22 04DCD2 [HER-LD],31.45453333,-110.1096972,HER-LD,USGS,GW,6.41,null,null,1,null,m,2,null,O,A,72019,12/10/2008,no,2978
3.12717E+14,D-23-22 04DCA1 [HERUWS],31.45477778,-110.1105194,HERUWS,USGS,GW,12.8,null,null,1,null,m,2,null,O,A,72019,12/18/2007,no,2979
3.12853E+14,D-22-22 28CCD [HUN-SO],31.48143889,-110.1186389,HUN-SO,USGS,GW,5.11,null,null,1,USGS,m,2,S,V,A,72019,4/18/2018,no,2980
3.12843E+14,D-22-22 33BBC [HUN-UP],31.47880833,-110.1194139,HUN-UP,USGS,GW,27.43,null,null,1,USGS,m,2,S,V,A,72019,6/21/2018,no,2981
3.12642E+14,D-23-22 09ACD1 [HERSUS],31.44523056,-110.1109222,HERSUS,USGS,GW,13.73,null,null,1,USGS,m,2,S,V,A,72019,4/18/2024,no,2982
3.12716E+14,D-23-22 04DCD2 [HER-LD],31.45453333,-110.1096972,HER-LD,USGS,GW,6.96,null,null,1,null,m,2,null,O,A,72019,6/10/2009,no,2983
3.12717E+14,D-23-22 04DCA1 [HERUWS],31.45477778,-110.1105194,HERUWS,USGS,GW,12.72,null,null,1,null,m,2,null,O,A,72019,1/18/2008,no,2984
3.12853E+14,D-22-22 28CCD [HUN-SO],31.48143889,-110.1186389,HUN-SO,USGS,GW,7.45,null,null,1,USGS,m,2,S,V,A,72019,6/21/2018,no,2985
3.12642E+14,D-23-22 09ACD1 [HERSUS],31.44523056,-110.1109222,HERSUS,USGS,GW,15.93,null,null,1,USGS,m,2,S,S,A,72019,6/25/2024,no,2986
3.12843E+14,D-22-22 33BBC [HUN-UP],31.47880833,-110.1194139,HUN-UP,USGS,GW,26.8,null,null,1,USGS,m,2,S,V,A,72019,2/6/2019,no,2987
3.12716E+14,D-23-22 04DCD2 [HER-LD],31.45453333,-110.1096972,HER-LD,USGS,GW,7.21,null,null,1,null,m,2,null,O,A,72019,7/14/2009,no,2988
3.12853E+14,D-22-22 28CCD [HUN-SO],31.48143889,-110.1186389,HUN-SO,USGS,GW,7.43,null,null,1,USGS,m,2,S,V,A,72019,6/22/2018,no,2989
3.12717E+14,D-23-22 04DCA1 [HERUWS],31.45477778,-110.1105194,HERUWS,USGS,GW,12.62,null,null,1,null,m,2,null,O,A,72019,2/21/2008,no,2990
3.12853E+14,D-22-22 28CCD [HUN-SO],31.48143889,-110.1186389,HUN-SO,USGS,GW,6.6,null,null,1,USGS,m,2,S,V,A,72019,10/25/2018,no,2991
3.12716E+14,D-23-22 04DCD2 [HER-LD],31.45453333,-110.1096972,HER-LD,USGS,GW,7.1,null,null,1,null,m,2,null,O,A,72019,8/25/2009,no,2992
3.12717E+14,D-23-22 04DCA1 [HERUWS],31.45477778,-110.1105194,HERUWS,USGS,GW,12.54,null,null,1,null,m,2,null,O,A,72019,3/25/2008,no,2993
3.12853E+14,D-22-22 28CCD [HUN-SO],31.48143889,-110.1186389,HUN-SO,USGS,GW,7.04,null,null,1,USGS,m,2,S,V,A,72019,11/8/2018,no,2994
3.12717E+14,D-23-22 04DCA1 [HERUWS],31.45477778,-110.1105194,HERUWS,USGS,GW,12.65,null,null,1,null,m,2,null,O,A,72019,4/17/2008,no,2995
3.12853E+14,D-22-22 28CCD [HUN-SO],31.48143889,-110.1186389,HUN-SO,USGS,GW,6.23,null,null,1,USGS,m,2,S,V,A,72019,2/6/2019,no,2996
3.12717E+14,D-23-22 04DCA1 [HERUWS],31.45477778,-110.1105194,HERUWS,USGS,GW,13.63,null,null,1,null,m,2,null,O,A,72019,7/3/2008,no,2997
3.12717E+14,D-23-22 04DCA1 [HERUWS],31.45477778,-110.1105194,HERUWS,USGS,GW,12.83,null,null,1,null,m,2,null,O,A,72019,10/2/2008,no,2998
3.12853E+14,D-22-22 28CCD [HUN-SO],31.48143889,-110.1186389,HUN-SO,USGS,GW,5.81,null,null,1,USGS,m,2,S,V,A,72019,4/17/2019,no,2999
3.12853E+14,D-22-22 28CCD [HUN-SO],31.48143889,-110.1186389,HUN-SO,USGS,GW,7.77,null,null,1,USGS,m,2,S,V,A,72019,6/26/2019,no,3000
3.129E+14,D-22-22 28CAA2 [HUN-LO],31.48331944,-110.1199667,HUN-LO,USGS,GW,3.56,null,null,1,null,m,2,null,O,A,72019,12/21/2006,no,3001
3.129E+14,D-22-22 28CAA2 [HUN-LO],31.48331944,-110.1199667,HUN-LO,USGS,GW,3.63,null,null,1,null,m,2,null,O,A,72019,1/25/2007,no,3002
3.1311E+14,D-22-22 17ACC1 [COT-LS],31.5197222,-110.1294444,COT-LS,USGS,GW,2.87,null,null,1,USGS,m,2,S,V,A,72019,4/2/2014,no,3003
3.129E+14,D-22-22 28CAA2 [HUN-LO],31.48331944,-110.1199667,HUN-LO,USGS,GW,3.55,null,null,1,null,m,2,null,O,A,72019,2/26/2007,no,3004
3.1311E+14,D-22-22 17ACC1 [COT-LS],31.5197222,-110.1294444,COT-LS,USGS,GW,2.91,null,null,1,USGS,m,2,S,V,A,72019,6/25/2014,no,3005
3.129E+14,D-22-22 28CAA2 [HUN-LO],31.48331944,-110.1199667,HUN-LO,USGS,GW,3.49,null,null,1,null,m,2,null,O,A,72019,3/27/2007,no,3006
3.1311E+14,D-22-22 17ACC1 [COT-LS],31.5197222,-110.1294444,COT-LS,USGS,GW,2.82,null,null,1,USGS,m,2,S,V,A,72019,11/3/2014,no,3007
3.129E+14,D-22-22 28CAA2 [HUN-LO],31.48331944,-110.1199667,HUN-LO,USGS,GW,3.68,null,null,1,null,m,2,null,O,A,72019,4/12/2007,no,3008
3.1311E+14,D-22-22 17ACC1 [COT-LS],31.5197222,-110.1294444,COT-LS,USGS,GW,2.82,null,null,1,USGS,m,2,S,V,A,72019,1/14/2015,no,3009
3.129E+14,D-22-22 28CAA2 [HUN-LO],31.48331944,-110.1199667,HUN-LO,USGS,GW,4.05,null,null,1,null,m,2,null,O,A,72019,5/9/2007,no,3010
3.1311E+14,D-22-22 17ACC1 [COT-LS],31.5197222,-110.1294444,COT-LS,USGS,GW,2.82,null,null,1,USGS,m,2,S,V,A,72019,4/15/2015,no,3011
3.129E+14,D-22-22 28CAA2 [HUN-LO],31.48331944,-110.1199667,HUN-LO,USGS,GW,5.3,null,null,1,null,m,2,null,O,A,72019,6/15/2007,no,3012
3.1311E+14,D-22-22 17ACC1 [COT-LS],31.5197222,-110.1294444,COT-LS,USGS,GW,2.86,null,null,1,USGS,m,2,S,V,A,72019,7/14/2015,no,3013
3.129E+14,D-22-22 28CAA2 [HUN-LO],31.48331944,-110.1199667,HUN-LO,USGS,GW,6.11,null,null,1,null,m,2,null,O,A,72019,7/19/2007,no,3014
3.1311E+14,D-22-22 17ACC1 [COT-LS],31.5197222,-110.1294444,COT-LS,USGS,GW,2.87,null,null,1,USGS,m,2,S,V,A,72019,10/7/2015,no,3015
3.129E+14,D-22-22 28CAA2 [HUN-LO],31.48331944,-110.1199667,HUN-LO,USGS,GW,2.7,null,null,1,null,m,2,null,O,A,72019,8/14/2007,no,3016
3.1311E+14,D-22-22 17ACC1 [COT-LS],31.5197222,-110.1294444,COT-LS,USGS,GW,2.87,null,null,1,USGS,m,2,S,V,A,72019,1/20/2016,no,3017
3.129E+14,D-22-22 28CAA2 [HUN-LO],31.48331944,-110.1199667,HUN-LO,USGS,GW,4.27,null,null,1,null,m,2,null,O,A,72019,9/11/2007,no,3018
3.1311E+14,D-22-22 17ACC1 [COT-LS],31.5197222,-110.1294444,COT-LS,USGS,GW,2.88,null,null,1,USGS,m,2,S,V,A,72019,4/19/2016,no,3019
3.1311E+14,D-22-22 17ACC2 [COT-LD],31.5197222,-110.1294444,COT-LD,USGS,GW,2.8,null,null,1,USGS,m,2,S,V,A,72019,4/18/2018,no,3020
3.129E+14,D-22-22 28CAA2 [HUN-LO],31.48331944,-110.1199667,HUN-LO,USGS,GW,4.96,null,null,1,null,m,2,null,O,A,72019,10/25/2007,no,3022
3.129E+14,D-22-22 28CAA2 [HUN-LO],31.48331944,-110.1199667,HUN-LO,USGS,GW,4.65,null,null,1,null,m,2,null,O,A,72019,11/19/2007,no,3023
3.129E+14,D-22-22 28CAA2 [HUN-LO],31.48331944,-110.1199667,HUN-LO,USGS,GW,4.17,null,null,1,null,m,2,null,O,A,72019,12/18/2007,no,3024
3.129E+14,D-22-22 28CAA2 [HUN-LO],31.48331944,-110.1199667,HUN-LO,USGS,GW,4.09,null,null,1,null,m,2,null,O,A,72019,1/18/2008,no,3025
3.129E+14,D-22-22 28CAA2 [HUN-LO],31.48331944,-110.1199667,HUN-LO,USGS,GW,3.93,null,null,1,null,m,2,null,O,A,72019,2/21/2008,no,3026
3.129E+14,D-22-22 28CAA2 [HUN-LO],31.48331944,-110.1199667,HUN-LO,USGS,GW,3.92,null,null,1,null,m,2,null,O,A,72019,3/26/2008,no,3027
3.129E+14,D-22-22 28CAA2 [HUN-LO],31.48331944,-110.1199667,HUN-LO,USGS,GW,4.25,null,null,1,null,m,2,null,O,A,72019,4/17/2008,no,3028
3.129E+14,D-22-22 28CAA2 [HUN-LO],31.48331944,-110.1199667,HUN-LO,USGS,GW,7.03,null,null,1,null,m,2,null,O,A,72019,7/3/2008,no,3029
3.129E+14,D-22-22 28CAA2 [HUN-LO],31.48331944,-110.1199667,HUN-LO,USGS,GW,5.94,null,null,1,null,m,2,null,O,A,72019,7/14/2009,no,3030
3.129E+14,D-22-22 28CAA2 [HUN-LO],31.48331944,-110.1199667,HUN-LO,USGS,GW,6.33,null,null,1,null,m,2,null,O,A,72019,8/25/2009,no,3031
3.129E+14,D-22-22 28CAA2 [HUN-LO],31.48331944,-110.1199667,HUN-LO,USGS,GW,6.13,null,null,1,null,m,2,null,O,A,72019,11/10/2009,no,3032
3.129E+14,D-22-22 28CAA2 [HUN-LO],31.48331944,-110.1199667,HUN-LO,USGS,GW,4.62,null,null,1,null,m,2,null,O,A,72019,1/19/2010,no,3033
3.129E+14,D-22-22 28CAA2 [HUN-LO],31.48331944,-110.1199667,HUN-LO,USGS,GW,4.32,null,null,1,null,m,2,null,O,A,72019,2/16/2010,no,3034
3.129E+14,D-22-22 28CAA2 [HUN-LO],31.48331944,-110.1199667,HUN-LO,USGS,GW,6.12,null,null,1,null,m,2,null,O,A,72019,6/24/2010,no,3035
3.129E+14,D-22-22 28CAA2 [HUN-LO],31.48331944,-110.1199667,HUN-LO,USGS,GW,6.93,null,null,1,null,m,2,null,O,A,72019,7/15/2010,no,3036
3.129E+14,D-22-22 28CAA2 [HUN-LO],31.48331944,-110.1199667,HUN-LO,USGS,GW,4.51,null,null,1,null,m,2,null,O,A,72019,11/29/2010,no,3037
3.129E+14,D-22-22 28CAA2 [HUN-LO],31.48331944,-110.1199667,HUN-LO,USGS,GW,4.23,null,null,1,null,m,2,null,O,A,72019,12/29/2010,no,3038
3.129E+14,D-22-22 28CAA2 [HUN-LO],31.48331944,-110.1199667,HUN-LO,USGS,GW,6.61,null,null,1,USGS,m,2,S,V,A,72019,7/20/2011,no,3039
3.129E+14,D-22-22 28CAA2 [HUN-LO],31.48331944,-110.1199667,HUN-LO,USGS,GW,5.75,null,null,1,USGS,m,2,S,V,A,72019,7/27/2011,no,3040
3.129E+14,D-22-22 28CAA2 [HUN-LO],31.48331944,-110.1199667,HUN-LO,USGS,GW,5.66,null,null,1,USGS,m,2,S,V,A,72019,9/22/2011,no,3041
3.129E+14,D-22-22 28CAA2 [HUN-LO],31.48331944,-110.1199667,HUN-LO,USGS,GW,3.65,null,null,1,USGS,m,2,S,V,A,72019,3/27/2012,no,3042
3.129E+14,D-22-22 28CAA2 [HUN-LO],31.48331944,-110.1199667,HUN-LO,USGS,GW,5.77,null,null,1,USGS,m,2,S,V,A,72019,6/18/2012,no,3043
3.129E+14,D-22-22 28CAA2 [HUN-LO],31.48331944,-110.1199667,HUN-LO,USGS,GW,5.38,null,null,1,USGS,m,2,S,V,A,72019,5/29/2013,no,3044
3.129E+14,D-22-22 28CAA2 [HUN-LO],31.48331944,-110.1199667,HUN-LO,USGS,GW,6.7,null,null,1,USGS,m,2,S,V,A,72019,7/1/2013,no,3045
3.129E+14,D-22-22 28CAA2 [HUN-LO],31.48331944,-110.1199667,HUN-LO,USGS,GW,4.88,null,null,1,USGS,m,2,S,V,A,72019,10/30/2013,no,3046
3.129E+14,D-22-22 28CAA2 [HUN-LO],31.48331944,-110.1199667,HUN-LO,USGS,GW,4.34,null,null,1,USGS,m,2,S,V,A,72019,1/7/2014,no,3047
3.129E+14,D-22-22 28CAA2 [HUN-LO],31.48331944,-110.1199667,HUN-LO,USGS,GW,4.31,null,null,1,USGS,m,2,S,V,A,72019,4/2/2014,no,3048
3.129E+14,D-22-22 28CAA2 [HUN-LO],31.48331944,-110.1199667,HUN-LO,USGS,GW,6.38,null,null,1,USGS,m,2,S,V,A,72019,6/25/2014,no,3049
3.129E+14,D-22-22 28CAA2 [HUN-LO],31.48331944,-110.1199667,HUN-LO,USGS,GW,3.63,null,null,1,USGS,m,2,S,S,A,72019,11/3/2014,no,3050
3.129E+14,D-22-22 28CAA2 [HUN-LO],31.48331944,-110.1199667,HUN-LO,USGS,GW,4.31,null,null,1,USGS,m,2,S,S,A,72019,1/14/2015,no,3051
3.129E+14,D-22-22 28CAA2 [HUN-LO],31.48331944,-110.1199667,HUN-LO,USGS,GW,4.66,null,null,1,USGS,m,2,S,V,A,72019,4/15/2015,no,3052
3.129E+14,D-22-22 28CAA2 [HUN-LO],31.48331944,-110.1199667,HUN-LO,USGS,GW,5.75,null,null,1,USGS,m,2,S,V,A,72019,7/14/2015,no,3053
3.129E+14,D-22-22 28CAA2 [HUN-LO],31.48331944,-110.1199667,HUN-LO,USGS,GW,4.93,null,null,1,USGS,m,2,S,V,A,72019,10/9/2015,no,3054
3.129E+14,D-22-22 28CAA2 [HUN-LO],31.48331944,-110.1199667,HUN-LO,USGS,GW,4.51,null,null,1,USGS,m,2,S,V,A,72019,1/20/2016,no,3055
3.129E+14,D-22-22 28CAA2 [HUN-LO],31.48331944,-110.1199667,HUN-LO,USGS,GW,4.77,null,null,1,USGS,m,2,S,V,A,72019,4/19/2016,no,3056
3.129E+14,D-22-22 28CAA2 [HUN-LO],31.48331944,-110.1199667,HUN-LO,USGS,GW,6.46,null,null,1,USGS,m,2,S,V,A,72019,6/28/2016,no,3057
3.129E+14,D-22-22 28CAA2 [HUN-LO],31.48331944,-110.1199667,HUN-LO,USGS,GW,6.06,null,null,1,USGS,m,2,S,V,A,72019,10/21/2016,no,3058
3.129E+14,D-22-22 28CAA2 [HUN-LO],31.48331944,-110.1199667,HUN-LO,USGS,GW,5.13,null,null,1,USGS,m,2,S,V,A,72019,1/18/2017,no,3059
3.129E+14,D-22-22 28CAA2 [HUN-LO],31.48331944,-110.1199667,HUN-LO,USGS,GW,5.54,null,null,1,USGS,m,2,S,V,A,72019,4/25/2017,no,3060
3.129E+14,D-22-22 28CAA2 [HUN-LO],31.48331944,-110.1199667,HUN-LO,USGS,GW,7.13,null,null,1,USGS,m,2,S,V,A,72019,6/28/2017,no,3061
3.129E+14,D-22-22 28CAA2 [HUN-LO],31.48331944,-110.1199667,HUN-LO,USGS,GW,6.64,null,null,1,USGS,m,2,S,V,A,72019,10/17/2017,no,3062
3.129E+14,D-22-22 28CAA2 [HUN-LO],31.48331944,-110.1199667,HUN-LO,USGS,GW,5.04,null,null,1,USGS,m,2,S,V,A,72019,1/10/2018,no,3063
3.129E+14,D-22-22 28CAA2 [HUN-LO],31.48331944,-110.1199667,HUN-LO,USGS,GW,4.46,null,null,1,USGS,m,2,S,V,A,72019,4/18/2018,no,3064
3.129E+14,D-22-22 28CAA2 [HUN-LO],31.48331944,-110.1199667,HUN-LO,USGS,GW,6.82,null,null,1,USGS,m,2,S,V,A,72019,6/21/2018,no,3065
3.129E+14,D-22-22 28CAA2 [HUN-LO],31.48331944,-110.1199667,HUN-LO,USGS,GW,6.82,null,null,1,USGS,m,2,S,V,A,72019,6/22/2018,no,3066
3.129E+14,D-22-22 28CAA2 [HUN-LO],31.48331944,-110.1199667,HUN-LO,USGS,GW,5.97,null,null,1,USGS,m,2,S,V,A,72019,10/25/2018,no,3067
3.129E+14,D-22-22 28CAA2 [HUN-LO],31.48331944,-110.1199667,HUN-LO,USGS,GW,5.42,null,null,1,USGS,m,2,S,V,A,72019,2/6/2019,no,3068
3.129E+14,D-22-22 28CAA2 [HUN-LO],31.48331944,-110.1199667,HUN-LO,USGS,GW,5.06,null,null,1,USGS,m,2,S,V,A,72019,4/17/2019,no,3069
3.129E+14,D-22-22 28CAA2 [HUN-LO],31.48331944,-110.1199667,HUN-LO,USGS,GW,7.09,null,null,1,USGS,m,2,S,V,A,72019,6/26/2019,no,3070
3.129E+14,D-22-22 28CAA2 [HUN-LO],31.48331944,-110.1199667,HUN-LO,USGS,GW,7.09,null,null,1,USGS,m,2,S,V,A,72019,6/26/2019,no,3071
3.129E+14,D-22-22 28CAA2 [HUN-LO],31.48331944,-110.1199667,HUN-LO,USGS,GW,6.63,null,null,1,USGS,m,2,S,V,A,72019,10/25/2019,no,3072
3.129E+14,D-22-22 28CAA2 [HUN-LO],31.48331944,-110.1199667,HUN-LO,USGS,GW,3.25,null,null,1,USGS,m,2,S,V,A,72019,1/8/2020,no,3073
3.12853E+14,D-22-22 28CCD [HUN-SO],31.48143889,-110.1186389,HUN-SO,USGS,GW,7.34,null,null,1,USGS,m,2,S,V,A,72019,10/25/2019,no,3074
3.129E+14,D-22-22 28CAA2 [HUN-LO],31.48331944,-110.1199667,HUN-LO,USGS,GW,3.63,null,null,1,USGS,m,2,S,V,A,72019,4/7/2020,no,3075
3.129E+14,D-22-22 28CAA2 [HUN-LO],31.48331944,-110.1199667,HUN-LO,USGS,GW,6.11,null,null,1,USGS,m,2,S,V,A,72019,6/24/2020,no,3076
3.129E+14,D-22-22 28CAA2 [HUN-LO],31.48331944,-110.1199667,HUN-LO,USGS,GW,7.77,null,null,1,USGS,m,2,S,V,A,72019,10/6/2020,no,3077
3.129E+14,D-22-22 28CAA2 [HUN-LO],31.48331944,-110.1199667,HUN-LO,USGS,GW,5.08,null,null,1,USGS,m,2,S,V,A,72019,2/10/2021,no,3078
3.129E+14,D-22-22 28CAA2 [HUN-LO],31.48331944,-110.1199667,HUN-LO,USGS,GW,4.34,null,null,1,USGS,m,2,S,V,A,72019,4/7/2021,no,3079
3.129E+14,D-22-22 28CAA2 [HUN-LO],31.48331944,-110.1199667,HUN-LO,USGS,GW,7.48,null,null,1,USGS,m,2,S,V,A,72019,6/28/2021,no,3080
3.129E+14,D-22-22 28CAA2 [HUN-LO],31.48331944,-110.1199667,HUN-LO,USGS,GW,4.81,null,null,1,USGS,m,2,S,V,A,72019,10/19/2021,no,3081
3.129E+14,D-22-22 28CAA2 [HUN-LO],31.48331944,-110.1199667,HUN-LO,USGS,GW,4.46,null,null,1,USGS,m,2,S,V,A,72019,2/1/2022,no,3082
3.129E+14,D-22-22 28CAA2 [HUN-LO],31.48331944,-110.1199667,HUN-LO,USGS,GW,4.49,null,null,1,USGS,m,2,S,V,A,72019,4/5/2022,no,3083
3.129E+14,D-22-22 28CAA2 [HUN-LO],31.48331944,-110.1199667,HUN-LO,USGS,GW,6.48,null,null,1,USGS,m,2,S,V,A,72019,6/28/2022,no,3084
3.129E+14,D-22-22 28CAA2 [HUN-LO],31.48331944,-110.1199667,HUN-LO,USGS,GW,4.01,null,null,1,USGS,m,2,S,V,A,72019,10/19/2022,no,3085
3.129E+14,D-22-22 28CAA2 [HUN-LO],31.48331944,-110.1199667,HUN-LO,USGS,GW,4.25,null,null,1,USGS,m,2,S,V,A,72019,1/25/2023,no,3086
3.129E+14,D-22-22 28CAA2 [HUN-LO],31.48331944,-110.1199667,HUN-LO,USGS,GW,4.36,null,null,1,USGS,m,2,S,S,A,72019,4/18/2023,no,3087
3.129E+14,D-22-22 28CAA2 [HUN-LO],31.48331944,-110.1199667,HUN-LO,USGS,GW,6.44,null,null,1,USGS,m,2,S,S,A,72019,6/27/2023,no,3088
3.129E+14,D-22-22 28CAA2 [HUN-LO],31.48331944,-110.1199667,HUN-LO,USGS,GW,8.23,null,null,1,USGS,m,2,S,S,A,72019,11/2/2023,no,3089
3.129E+14,D-22-22 28CAA2 [HUN-LO],31.48331944,-110.1199667,HUN-LO,USGS,GW,5.66,null,null,1,USGS,m,2,S,S,A,72019,2/14/2024,no,3090
3.129E+14,D-22-22 28CAA2 [HUN-LO],31.48331944,-110.1199667,HUN-LO,USGS,GW,4.83,null,null,1,USGS,m,2,S,S,A,72019,4/18/2024,no,3091
3.129E+14,D-22-22 28CAA2 [HUN-LO],31.48331944,-110.1199667,HUN-LO,USGS,GW,7.84,null,null,1,USGS,m,2,S,S,A,72019,6/24/2024,no,3092
3.129E+14,D-22-22 28CAA2 [HUN-LO],31.48331944,-110.1199667,HUN-LO,USGS,GW,8.56,null,null,1,USGS,m,2,S,V,A,72019,10/29/2024,no,3093
3.129E+14,D-22-22 28CAA2 [HUN-LO],31.48331944,-110.1199667,HUN-LO,USGS,GW,5.59,null,null,1,USGS,m,2,S,S,P,72019,2/26/2025,no,3094
3.13105E+14,D-22-22 17ACC3 [COTBLM],31.5196,-110.1296389,COTBLM,USGS,GW,14.64,null,null,1,USGS,m,2,S,V,A,72019,4/15/2015,yes,3098
3.13309E+14,D-22-22 06ABD [LSP-6],31.554,-110.1457194,LSP-6,USGS,GW,28.43,null,null,1,USGS,m,2,S,S,A,72019,1/19/2011,no,3115
3.13105E+14,D-22-22 17ACC3 [COTBLM],31.5196,-110.1296389,COTBLM,USGS,GW,16.28,null,null,1,USGS,m,2,S,V,A,72019,7/14/2015,yes,3117
3.13309E+14,D-22-22 06ABD [LSP-6],31.554,-110.1457194,LSP-6,USGS,GW,28.43,null,null,1,USGS,m,2,S,S,A,72019,1/19/2011,no,3118
3.1311E+14,D-22-22 17ACC1 [COT-LS],31.5197222,-110.1294444,COT-LS,USGS,GW,2.91,null,null,1,USGS,m,2,S,V,A,72019,6/28/2016,no,3119
3.1311E+14,D-22-22 17ACC1 [COT-LS],31.5197222,-110.1294444,COT-LS,USGS,GW,2.96,null,null,1,USGS,m,2,S,V,A,72019,10/20/2016,no,3120
3.13105E+14,D-22-22 17ACC3 [COTBLM],31.5196,-110.1296389,COTBLM,USGS,GW,15.94,null,null,1,USGS,m,2,S,V,A,72019,10/7/2015,yes,3121
3.12853E+14,D-22-22 28CCD [HUN-SO],31.48143889,-110.1186389,HUN-SO,USGS,GW,3.83,null,null,1,USGS,m,2,S,V,A,72019,1/8/2020,no,3122
3.13309E+14,D-22-22 06ABD [LSP-6],31.554,-110.1457194,LSP-6,USGS,GW,29.3,null,null,1,USGS,m,2,S,S,A,72019,7/7/2011,no,3125
3.1311E+14,D-22-22 17ACC2 [COT-LD],31.5197222,-110.1294444,COT-LD,USGS,GW,3.09,null,null,1,USGS,m,2,S,V,A,72019,6/21/2018,no,3127
3.13105E+14,D-22-22 17ACC3 [COTBLM],31.5196,-110.1296389,COTBLM,USGS,GW,15.1,null,null,1,USGS,m,2,S,V,A,72019,1/20/2016,yes,3129
3.1311E+14,D-22-22 17ACC1 [COT-LS],31.5197222,-110.1294444,COT-LS,USGS,GW,2.97,null,null,1,USGS,m,2,S,V,A,72019,1/18/2017,no,3130
3.12853E+14,D-22-22 28CCD [HUN-SO],31.48143889,-110.1186389,HUN-SO,USGS,GW,4.25,null,null,1,USGS,m,2,S,V,A,72019,4/7/2020,no,3131
3.12853E+14,D-22-22 28CCD [HUN-SO],31.48143889,-110.1186389,HUN-SO,USGS,GW,6.68,null,null,1,USGS,m,2,S,V,A,72019,6/24/2020,no,3132
3.1311E+14,D-22-22 17ACC1 [COT-LS],31.5197222,-110.1294444,COT-LS,USGS,GW,2.98,null,null,1,USGS,m,2,S,V,A,72019,4/25/2017,no,3134
3.13309E+14,D-22-22 06ABD [LSP-6],31.554,-110.1457194,LSP-6,USGS,GW,28.89,null,null,1,USGS,m,2,S,S,A,72019,10/28/2011,no,3135
3.13105E+14,D-22-22 17ACC3 [COTBLM],31.5196,-110.1296389,COTBLM,USGS,GW,14.92,null,null,1,USGS,m,2,S,V,A,72019,4/19/2016,yes,3137
3.12853E+14,D-22-22 28CCD [HUN-SO],31.48143889,-110.1186389,HUN-SO,USGS,GW,8.45,null,null,1,USGS,m,2,S,V,A,72019,10/6/2020,no,3138
3.1311E+14,D-22-22 17ACC2 [COT-LD],31.5197222,-110.1294444,COT-LD,USGS,GW,0.91,null,null,1,USGS,m,2,S,V,A,72019,10/26/2018,no,3139
3.1311E+14,D-22-22 17ACC1 [COT-LS],31.5197222,-110.1294444,COT-LS,USGS,GW,2.09,null,null,1,USGS,m,2,S,V,A,72019,4/9/2020,no,3142
3.12853E+14,D-22-22 28CCD [HUN-SO],31.48143889,-110.1186389,HUN-SO,USGS,GW,5.41,null,null,1,USGS,m,2,S,V,A,72019,2/10/2021,no,3143
3.13108E+14,D-22-22 17BDD2 [COTUWD],31.51913889,-110.1317528,COTUWD,USGS,GW,2.47,null,null,1,USGS,m,2,S,V,A,72019,3/20/2012,no,3144
3.13309E+14,D-22-22 06ABD [LSP-6],31.554,-110.1457194,LSP-6,USGS,GW,28.41,null,null,1,USGS,m,2,S,S,A,72019,5/18/2012,no,3145
3.12853E+14,D-22-22 28CCD [HUN-SO],31.48143889,-110.1186389,HUN-SO,USGS,GW,4.84,null,null,1,USGS,m,2,S,V,A,72019,4/7/2021,no,3147
3.13108E+14,D-22-22 17BDD2 [COTUWD],31.51913889,-110.1317528,COTUWD,USGS,GW,2.9,null,null,1,USGS,m,2,S,V,A,72019,6/19/2012,no,3148
3.1311E+14,D-22-22 17ACC2 [COT-LD],31.5197222,-110.1294444,COT-LD,USGS,GW,2.23,null,null,1,USGS,m,2,S,V,A,72019,2/5/2019,no,3151
3.1311E+14,D-22-22 17ACC1 [COT-LS],31.5197222,-110.1294444,COT-LS,USGS,GW,3.74,null,null,1,USGS,m,2,S,V,A,72019,6/24/2020,no,3152
3.13309E+14,D-22-22 06ABD [LSP-6],31.554,-110.1457194,LSP-6,USGS,GW,28.99,null,null,1,USGS,m,2,S,V,A,72019,8/15/2012,no,3153
3.13105E+14,D-22-22 17ACC3 [COTBLM],31.5196,-110.1296389,COTBLM,USGS,GW,16.66,null,null,1,USGS,m,2,S,V,A,72019,6/28/2016,yes,3154
3.12853E+14,D-22-22 28CCD [HUN-SO],31.48143889,-110.1186389,HUN-SO,USGS,GW,8.11,null,null,1,USGS,m,2,S,V,A,72019,6/28/2021,no,3157
3.13108E+14,D-22-22 17BDD2 [COTUWD],31.51913889,-110.1317528,COTUWD,USGS,GW,2.61,null,null,1,USGS,m,2,S,V,A,72019,9/13/2012,no,3159
3.1311E+14,D-22-22 17ACC1 [COT-LS],31.5197222,-110.1294444,COT-LS,USGS,GW,4.48,null,null,1,USGS,m,2,S,V,A,72019,10/7/2020,no,3160
3.1311E+14,D-22-22 17ACC2 [COT-LD],31.5197222,-110.1294444,COT-LD,USGS,GW,2.38,null,null,1,USGS,m,2,S,V,A,72019,4/17/2019,no,3161
3.13105E+14,D-22-22 17ACC3 [COTBLM],31.5196,-110.1296389,COTBLM,USGS,GW,16.35,null,null,1,USGS,m,2,S,V,A,72019,10/20/2016,yes,3162
3.12853E+14,D-22-22 28CCD [HUN-SO],31.48143889,-110.1186389,HUN-SO,USGS,GW,5.26,null,null,1,USGS,m,2,S,V,A,72019,10/19/2021,no,3165
3.13105E+14,D-22-22 17ACC3 [COTBLM],31.5196,-110.1296389,COTBLM,USGS,GW,15.42,null,null,1,USGS,m,2,S,V,A,72019,1/18/2017,yes,3166
3.13108E+14,D-22-22 17BDD2 [COTUWD],31.51913889,-110.1317528,COTUWD,USGS,GW,2.69,null,null,1,USGS,m,2,S,V,A,72019,5/30/2013,no,3170
3.1311E+14,D-22-22 17ACC1 [COT-LS],31.5197222,-110.1294444,COT-LS,USGS,GW,2.97,null,null,1,USGS,m,2,S,V,A,72019,2/10/2021,no,3171
3.1311E+14,D-22-22 17ACC2 [COT-LD],31.5197222,-110.1294444,COT-LD,USGS,GW,2.98,null,null,1,USGS,m,2,S,V,A,72019,6/25/2019,no,3172
3.13309E+14,D-22-22 06ABD [LSP-6],31.554,-110.1457194,LSP-6,USGS,GW,29.19,null,null,1,USGS,m,2,S,S,A,72019,10/4/2012,no,3173
3.13105E+14,D-22-22 17ACC3 [COTBLM],31.5196,-110.1296389,COTBLM,USGS,GW,15.43,null,null,1,USGS,m,2,S,V,A,72019,4/25/2017,yes,3174
3.1311E+14,D-22-22 17ACC1 [COT-LS],31.5197222,-110.1294444,COT-LS,USGS,GW,2.75,null,null,1,USGS,m,2,S,V,A,72019,4/7/2021,no,3175
3.1311E+14,D-22-22 17ACC2 [COT-LD],31.5197222,-110.1294444,COT-LD,USGS,GW,1.93,null,null,1,USGS,m,2,S,V,A,72019,10/25/2019,no,3176
3.12853E+14,D-22-22 28CCD [HUN-SO],31.48143889,-110.1186389,HUN-SO,USGS,GW,5.07,null,null,1,USGS,m,2,S,V,A,72019,2/1/2022,no,3177
3.13108E+14,D-22-22 17BDD2 [COTUWD],31.51913889,-110.1317528,COTUWD,USGS,GW,3.08,null,null,1,USGS,m,2,S,V,A,72019,7/1/2013,no,3179
3.13309E+14,D-22-22 06ABD [LSP-6],31.554,-110.1457194,LSP-6,USGS,GW,28.78,null,null,1,USGS,m,2,S,V,A,72019,1/8/2013,no,3181
3.13105E+14,D-22-22 17ACC3 [COTBLM],31.5196,-110.1296389,COTBLM,USGS,GW,17.03,null,null,1,USGS,m,2,S,V,A,72019,6/26/2017,yes,3183
3.1311E+14,D-22-22 17ACC1 [COT-LS],31.5197222,-110.1294444,COT-LS,USGS,GW,4.56,null,null,1,USGS,m,2,S,V,A,72019,6/29/2021,no,3184
3.1311E+14,D-22-22 17ACC2 [COT-LD],31.5197222,-110.1294444,COT-LD,USGS,GW,-1.63,null,null,1,USGS,m,2,S,V,A,72019,1/9/2020,no,3185
3.12853E+14,D-22-22 28CCD [HUN-SO],31.48143889,-110.1186389,HUN-SO,USGS,GW,5.09,null,null,1,USGS,m,2,S,V,A,72019,4/5/2022,no,3186
3.13108E+14,D-22-22 17BDD2 [COTUWD],31.51913889,-110.1317528,COTUWD,USGS,GW,2.58,null,null,1,USGS,m,2,S,V,A,72019,10/30/2013,no,3188
3.13309E+14,D-22-22 06ABD [LSP-6],31.554,-110.1457194,LSP-6,USGS,GW,28.69,null,null,1,USGS,m,2,S,V,A,72019,2/6/2013,no,3190
3.13309E+14,D-22-22 06ABD [LSP-6],31.554,-110.1457194,LSP-6,USGS,GW,28.62,null,null,1,USGS,m,2,S,V,A,72019,3/20/2013,no,3191
3.13309E+14,D-22-22 06ABD [LSP-6],31.554,-110.1457194,LSP-6,USGS,GW,28.82,null,null,1,USGS,m,2,S,V,A,72019,4/24/2013,no,3192
3.13309E+14,D-22-22 06ABD [LSP-6],31.554,-110.1457194,LSP-6,USGS,GW,29,null,null,1,USGS,m,2,S,T,A,72019,5/21/2013,no,3193
3.13309E+14,D-22-22 06ABD [LSP-6],31.554,-110.1457194,LSP-6,USGS,GW,28.5,null,null,1,USGS,m,2,S,V,A,72019,8/15/2013,no,3194
3.13309E+14,D-22-22 06ABD [LSP-6],31.554,-110.1457194,LSP-6,USGS,GW,28.66,null,null,1,USGS,m,2,S,T,A,72019,12/16/2013,no,3195
3.13309E+14,D-22-22 06ABD [LSP-6],31.554,-110.1457194,LSP-6,USGS,GW,28.64,null,null,1,USGS,m,2,S,T,A,72019,12/17/2013,no,3196
3.13309E+14,D-22-22 06ABD [LSP-6],31.554,-110.1457194,LSP-6,USGS,GW,28.58,null,null,1,USGS,m,2,S,T,A,72019,4/17/2014,no,3197
3.13309E+14,D-22-22 06ABD [LSP-6],31.554,-110.1457194,LSP-6,USGS,GW,29.22,null,null,1,USGS,m,2,S,T,A,72019,7/9/2014,no,3198
3.13309E+14,D-22-22 06ABD [LSP-6],31.554,-110.1457194,LSP-6,USGS,GW,28.7,null,null,1,USGS,m,2,S,T,A,72019,1/15/2015,no,3199
3.13309E+14,D-22-22 06ABD [LSP-6],31.554,-110.1457194,LSP-6,USGS,GW,28.83,null,null,1,USGS,m,2,S,T,A,72019,4/27/2015,no,3200
3.13309E+14,D-22-22 06ABD [LSP-6],31.554,-110.1457194,LSP-6,USGS,GW,29.35,null,null,1,USGS,m,2,S,T,A,72019,7/24/2015,no,3201
3.13309E+14,D-22-22 06ABD [LSP-6],31.554,-110.1457194,LSP-6,USGS,GW,28.97,null,null,1,USGS,m,2,S,V,A,72019,11/19/2015,no,3202
3.13309E+14,D-22-22 06ABD [LSP-6],31.554,-110.1457194,LSP-6,USGS,GW,28.84,null,null,1,USGS,m,2,S,V,A,72019,2/11/2016,no,3203
3.13309E+14,D-22-22 06ABD [LSP-6],31.554,-110.1457194,LSP-6,USGS,GW,29.15,null,null,1,USGS,m,2,S,V,A,72019,5/12/2016,no,3204
3.13309E+14,D-22-22 06ABD [LSP-6],31.554,-110.1457194,LSP-6,USGS,GW,28.98,null,null,1,USGS,m,2,S,V,A,72019,8/17/2016,no,3205
3.13309E+14,D-22-22 06ABD [LSP-6],31.554,-110.1457194,LSP-6,USGS,GW,29.35,null,null,1,USGS,m,2,S,V,A,72019,11/16/2016,no,3206
3.13309E+14,D-22-22 06ABD [LSP-6],31.554,-110.1457194,LSP-6,USGS,GW,29.04,null,null,1,USGS,m,2,S,V,A,72019,1/25/2017,no,3207
3.13309E+14,D-22-22 06ABD [LSP-6],31.554,-110.1457194,LSP-6,USGS,GW,29.21,null,null,1,USGS,m,2,S,V,A,72019,4/26/2017,no,3208
3.13309E+14,D-22-22 06ABD [LSP-6],31.554,-110.1457194,LSP-6,USGS,GW,30.02,null,null,1,USGS,m,2,S,V,A,72019,7/13/2017,no,3209
3.13309E+14,D-22-22 06ABD [LSP-6],31.554,-110.1457194,LSP-6,USGS,GW,29.48,null,null,1,USGS,m,2,S,V,A,72019,10/4/2017,no,3210
3.13309E+14,D-22-22 06ABD [LSP-6],31.554,-110.1457194,LSP-6,USGS,GW,29.03,null,null,1,USGS,m,2,S,V,A,72019,1/4/2018,no,3211
3.13309E+14,D-22-22 06ABD [LSP-6],31.554,-110.1457194,LSP-6,USGS,GW,28.91,null,null,1,USGS,m,2,S,V,A,72019,4/5/2018,no,3212
3.13309E+14,D-22-22 06ABD [LSP-6],31.554,-110.1457194,LSP-6,USGS,GW,29.72,null,null,1,USGS,m,2,S,V,A,72019,7/24/2018,no,3213
3.13309E+14,D-22-22 06ABD [LSP-6],31.554,-110.1457194,LSP-6,USGS,GW,29.08,null,null,1,USGS,m,2,S,V,A,72019,10/29/2018,no,3214
3.13309E+14,D-22-22 06ABD [LSP-6],31.554,-110.1457194,LSP-6,USGS,GW,28.8,null,null,1,USGS,m,2,S,V,A,72019,1/30/2019,no,3215
3.13309E+14,D-22-22 06ABD [LSP-6],31.554,-110.1457194,LSP-6,USGS,GW,28.8,null,null,1,USGS,m,2,S,V,A,72019,4/23/2019,no,3216
3.13309E+14,D-22-22 06ABD [LSP-6],31.554,-110.1457194,LSP-6,USGS,GW,29.65,null,null,1,USGS,m,2,S,V,A,72019,8/2/2019,no,3217
3.13309E+14,D-22-22 06ABD [LSP-6],31.554,-110.1457194,LSP-6,USGS,GW,29.22,null,null,1,USGS,m,2,S,V,A,72019,10/9/2019,no,3218
3.13309E+14,D-22-22 06ABD [LSP-6],31.554,-110.1457194,LSP-6,USGS,GW,28.65,null,null,1,USGS,m,2,S,V,A,72019,1/3/2020,no,3219
3.13309E+14,D-22-22 06ABD [LSP-6],31.554,-110.1457194,LSP-6,USGS,GW,29.14,null,null,1,USGS,m,2,S,V,A,72019,2/11/2021,no,3220
3.13309E+14,D-22-22 06ABD [LSP-6],31.554,-110.1457194,LSP-6,USGS,GW,29.03,null,null,1,USGS,m,2,S,V,A,72019,4/6/2021,no,3221
3.13309E+14,D-22-22 06ABD [LSP-6],31.554,-110.1457194,LSP-6,USGS,GW,29.01,null,null,1,USGS,m,2,S,V,A,72019,4/8/2021,no,3222
3.13309E+14,D-22-22 06ABD [LSP-6],31.554,-110.1457194,LSP-6,USGS,GW,29.91,null,null,1,USGS,m,2,S,V,A,72019,6/30/2021,no,3223
3.13309E+14,D-22-22 06ABD [LSP-6],31.554,-110.1457194,LSP-6,USGS,GW,29.25,null,null,1,USGS,m,2,S,V,A,72019,10/21/2021,no,3224
3.13309E+14,D-22-22 06ABD [LSP-6],31.554,-110.1457194,LSP-6,USGS,GW,28.98,null,null,1,USGS,m,2,S,V,A,72019,1/20/2022,no,3225
3.13309E+14,D-22-22 06ABD [LSP-6],31.554,-110.1457194,LSP-6,USGS,GW,28.86,null,null,1,USGS,m,2,S,V,A,72019,2/2/2022,no,3226
3.13309E+14,D-22-22 06ABD [LSP-6],31.554,-110.1457194,LSP-6,USGS,GW,28.84,null,null,1,USGS,m,2,S,V,A,72019,3/9/2022,no,3227
3.13309E+14,D-22-22 06ABD [LSP-6],31.554,-110.1457194,LSP-6,USGS,GW,28.86,null,null,1,USGS,m,2,S,V,A,72019,4/5/2022,no,3228
3.13309E+14,D-22-22 06ABD [LSP-6],31.554,-110.1457194,LSP-6,USGS,GW,29.6,null,null,1,USGS,m,2,S,V,A,72019,6/27/2022,no,3229
3.13309E+14,D-22-22 06ABD [LSP-6],31.554,-110.1457194,LSP-6,USGS,GW,28.78,null,null,1,USGS,m,2,S,V,A,72019,1/25/2023,no,3230
3.13309E+14,D-22-22 06ABD [LSP-6],31.554,-110.1457194,LSP-6,USGS,GW,28.69,null,null,1,USGS,m,2,S,V,A,72019,4/18/2023,no,3231
3.13309E+14,D-22-22 06ABD [LSP-6],31.554,-110.1457194,LSP-6,USGS,GW,29.31,null,null,1,USGS,m,2,S,V,A,72019,6/27/2023,no,3232
3.13309E+14,D-22-22 06ABD [LSP-6],31.554,-110.1457194,LSP-6,USGS,GW,29.8,null,null,1,USGS,m,2,S,V,A,72019,11/2/2023,no,3233
3.13309E+14,D-22-22 06ABD [LSP-6],31.554,-110.1457194,LSP-6,USGS,GW,29.11,null,null,1,USGS,m,2,S,V,A,72019,2/14/2024,no,3234
3.13309E+14,D-22-22 06ABD [LSP-6],31.554,-110.1457194,LSP-6,USGS,GW,29.04,null,null,1,USGS,m,2,S,V,A,72019,4/17/2024,no,3235
3.13309E+14,D-22-22 06ABD [LSP-6],31.554,-110.1457194,LSP-6,USGS,GW,29.84,null,null,1,USGS,m,2,S,V,A,72019,6/24/2024,no,3236
3.13309E+14,D-22-22 06ABD [LSP-6],31.554,-110.1457194,LSP-6,USGS,GW,29.78,null,null,1,USGS,m,2,S,V,P,72019,10/29/2024,no,3237
3.13309E+14,D-22-22 06ABD [LSP-6],31.554,-110.1457194,LSP-6,USGS,GW,29.76,null,null,1,USGS,m,2,S,V,P,72019,10/30/2024,no,3238
3.13309E+14,D-22-22 06ABD [LSP-6],31.554,-110.1457194,LSP-6,USGS,GW,28.79,null,null,1,USGS,m,2,S,S,P,72019,2/27/2025,no,3239
3.1331E+14,D-22-22 06AAA1 [LSPLED],31.55305556,-110.1386111,LSPLED,USGS,GW,-1.17,null,null,1,null,m,2,null,O,A,72019,10/3/2006,no,3255
3.1331E+14,D-22-22 06AAA1 [LSPLED],31.55305556,-110.1386111,LSPLED,USGS,GW,3.38,null,null,1,null,m,2,null,O,A,72019,11/1/2006,no,3256
3.1331E+14,D-22-22 06AAA1 [LSPLED],31.55305556,-110.1386111,LSPLED,USGS,GW,3.25,null,null,1,null,m,2,null,O,A,72019,12/5/2006,no,3257
3.1331E+14,D-22-22 06AAA1 [LSPLED],31.55305556,-110.1386111,LSPLED,USGS,GW,3.24,null,null,1,null,m,2,null,O,A,72019,1/4/2007,no,3258
3.1331E+14,D-22-22 06AAA1 [LSPLED],31.55305556,-110.1386111,LSPLED,USGS,GW,3.17,null,null,1,null,m,2,null,O,A,72019,2/15/2007,no,3259
3.1331E+14,D-22-22 06AAA1 [LSPLED],31.55305556,-110.1386111,LSPLED,USGS,GW,3.18,null,null,1,null,m,2,null,O,A,72019,3/7/2007,no,3260
3.1331E+14,D-22-22 06AAA1 [LSPLED],31.55305556,-110.1386111,LSPLED,USGS,GW,3.17,null,null,1,null,m,2,null,O,A,72019,4/5/2007,no,3261
3.1331E+14,D-22-22 06AAA1 [LSPLED],31.55305556,-110.1386111,LSPLED,USGS,GW,3.32,null,null,1,null,m,2,null,O,A,72019,5/7/2007,no,3262
3.1331E+14,D-22-22 06AAA1 [LSPLED],31.55305556,-110.1386111,LSPLED,USGS,GW,3.53,null,null,1,null,m,2,null,O,A,72019,6/7/2007,no,3263
3.1331E+14,D-22-22 06AAA1 [LSPLED],31.55305556,-110.1386111,LSPLED,USGS,GW,3.85,null,null,1,null,m,2,null,O,A,72019,7/16/2007,no,3264
3.1331E+14,D-22-22 06AAA1 [LSPLED],31.55305556,-110.1386111,LSPLED,USGS,GW,-1.73,null,null,1,null,m,2,null,O,A,72019,8/9/2007,no,3265
3.1331E+14,D-22-22 06AAA1 [LSPLED],31.55305556,-110.1386111,LSPLED,USGS,GW,-0.99,null,null,1,null,m,2,null,O,A,72019,9/7/2007,no,3266
3.1331E+14,D-22-22 06AAA1 [LSPLED],31.55305556,-110.1386111,LSPLED,USGS,GW,-0.38,null,null,1,null,m,2,null,O,A,72019,10/19/2007,no,3267
3.1331E+14,D-22-22 06AAA1 [LSPLED],31.55305556,-110.1386111,LSPLED,USGS,GW,-0.17,null,null,1,null,m,2,null,O,A,72019,11/9/2007,no,3268
3.1331E+14,D-22-22 06AAA1 [LSPLED],31.55305556,-110.1386111,LSPLED,USGS,GW,0.01,null,null,1,null,m,2,null,O,A,72019,12/6/2007,no,3269
3.1331E+14,D-22-22 06AAA1 [LSPLED],31.55305556,-110.1386111,LSPLED,USGS,GW,0.29,null,null,1,null,m,2,null,O,A,72019,1/17/2008,no,3270
3.1331E+14,D-22-22 06AAA1 [LSPLED],31.55305556,-110.1386111,LSPLED,USGS,GW,0.49,null,null,1,null,m,2,null,O,A,72019,2/20/2008,no,3271
3.1331E+14,D-22-22 06AAA1 [LSPLED],31.55305556,-110.1386111,LSPLED,USGS,GW,0.62,null,null,1,null,m,2,null,O,A,72019,3/10/2008,no,3272
3.1331E+14,D-22-22 06AAA1 [LSPLED],31.55305556,-110.1386111,LSPLED,USGS,GW,0.82,null,null,1,null,m,2,null,O,A,72019,4/15/2008,no,3273
3.1331E+14,D-22-22 06AAA1 [LSPLED],31.55305556,-110.1386111,LSPLED,USGS,GW,-1.33,null,null,1,null,m,2,null,O,A,72019,9/4/2008,no,3274
3.1331E+14,D-22-22 06AAA1 [LSPLED],31.55305556,-110.1386111,LSPLED,USGS,GW,-1.4,null,null,1,null,m,2,null,O,A,72019,10/17/2008,no,3275
3.1331E+14,D-22-22 06AAA1 [LSPLED],31.55305556,-110.1386111,LSPLED,USGS,GW,1.56,null,null,1,null,m,2,null,O,A,72019,11/19/2008,no,3276
3.1331E+14,D-22-22 06AAA1 [LSPLED],31.55305556,-110.1386111,LSPLED,USGS,GW,1.65,null,null,1,null,m,2,null,O,A,72019,12/18/2008,no,3277
3.1331E+14,D-22-22 06AAA1 [LSPLED],31.55305556,-110.1386111,LSPLED,USGS,GW,1.82,null,null,1,null,m,2,null,O,A,72019,1/27/2009,no,3278
3.1331E+14,D-22-22 06AAA1 [LSPLED],31.55305556,-110.1386111,LSPLED,USGS,GW,1.98,null,null,1,null,m,2,null,O,A,72019,3/26/2009,no,3279
3.1331E+14,D-22-22 06AAA1 [LSPLED],31.55305556,-110.1386111,LSPLED,USGS,GW,2.16,null,null,1,null,m,2,null,O,A,72019,5/20/2009,no,3280
3.1331E+14,D-22-22 06AAA1 [LSPLED],31.55305556,-110.1386111,LSPLED,USGS,GW,2.39,null,null,1,null,m,2,null,O,A,72019,7/22/2009,no,3281
3.1311E+14,D-22-22 17ACC2 [COT-LD],31.5197222,-110.1294444,COT-LD,USGS,GW,0.78,null,null,1,USGS,m,2,S,V,A,72019,4/9/2020,no,3283
3.1311E+14,D-22-22 17ACC1 [COT-LS],31.5197222,-110.1294444,COT-LS,USGS,GW,2.66,null,null,1,USGS,m,2,S,V,A,72019,10/19/2021,no,3284
3.13105E+14,D-22-22 17ACC3 [COTBLM],31.5196,-110.1296389,COTBLM,USGS,GW,17.07,null,null,1,USGS,m,2,S,V,A,72019,6/28/2017,yes,3285
3.12853E+14,D-22-22 28CCD [HUN-SO],31.48143889,-110.1186389,HUN-SO,USGS,GW,6.88,null,null,1,USGS,m,2,S,V,A,72019,6/28/2022,no,3286
3.13105E+14,D-22-22 17ACC3 [COTBLM],31.5196,-110.1296389,COTBLM,USGS,GW,16.87,null,null,1,USGS,m,2,S,V,A,72019,10/18/2017,yes,3287
3.1311E+14,D-22-22 17ACC2 [COT-LD],31.5197222,-110.1294444,COT-LD,USGS,GW,3.7,null,null,1,USGS,m,2,S,V,A,72019,6/24/2020,no,3290
3.1311E+14,D-22-22 17ACC1 [COT-LS],31.5197222,-110.1294444,COT-LS,USGS,GW,2.11,null,null,1,USGS,m,2,S,V,A,72019,2/1/2022,no,3291
3.13108E+14,D-22-22 17BDD2 [COTUWD],31.51913889,-110.1317528,COTUWD,USGS,GW,2.44,null,null,1,USGS,m,2,S,V,A,72019,1/8/2014,no,3292
3.1311E+14,D-22-22 17ACC2 [COT-LD],31.5197222,-110.1294444,COT-LD,USGS,GW,4.46,null,null,1,USGS,m,2,S,V,A,72019,10/7/2020,no,3294
3.12853E+14,D-22-22 28CCD [HUN-SO],31.48143889,-110.1186389,HUN-SO,USGS,GW,4.56,null,null,1,USGS,m,2,S,V,A,72019,10/19/2022,no,3295
3.13105E+14,D-22-22 17ACC3 [COTBLM],31.5196,-110.1296389,COTBLM,USGS,GW,15.78,null,null,1,USGS,m,2,S,V,A,72019,1/9/2018,yes,3296
3.13105E+14,D-22-22 17ACC3 [COTBLM],31.5196,-110.1296389,COTBLM,USGS,GW,15.45,null,null,1,USGS,m,2,S,V,A,72019,4/18/2018,yes,3298
3.13105E+14,D-22-22 17ACC3 [COTBLM],31.5196,-110.1296389,COTBLM,USGS,GW,16.77,null,null,1,USGS,m,2,S,V,A,72019,6/21/2018,yes,3299
3.1311E+14,D-22-22 17ACC1 [COT-LS],31.5197222,-110.1294444,COT-LS,USGS,GW,2.11,null,null,1,USGS,m,2,S,V,A,72019,4/5/2022,no,3302
3.13105E+14,D-22-22 17ACC3 [COTBLM],31.5196,-110.1296389,COTBLM,USGS,GW,16.44,null,null,1,USGS,m,2,S,V,A,72019,10/26/2018,yes,3303
3.13108E+14,D-22-22 17BDD2 [COTUWD],31.51913889,-110.1317528,COTUWD,USGS,GW,2.37,null,null,1,USGS,m,2,S,V,A,72019,4/2/2014,no,3304
3.1311E+14,D-22-22 17ACC2 [COT-LD],31.5197222,-110.1294444,COT-LD,USGS,GW,3.01,null,null,1,USGS,m,2,S,V,A,72019,2/10/2021,no,3305
3.12853E+14,D-22-22 28CCD [HUN-SO],31.48143889,-110.1186389,HUN-SO,USGS,GW,4.86,null,null,1,USGS,m,2,S,V,A,72019,1/25/2023,no,3306
3.1311E+14,D-22-22 17ACC1 [COT-LS],31.5197222,-110.1294444,COT-LS,USGS,GW,3.19,null,null,1,USGS,m,2,S,V,A,72019,6/28/2022,no,3309
3.13105E+14,D-22-22 17ACC3 [COTBLM],31.5196,-110.1296389,COTBLM,USGS,GW,16.34,null,null,1,USGS,m,2,S,V,A,72019,11/8/2018,yes,3310
3.13108E+14,D-22-22 17BDD2 [COTUWD],31.51913889,-110.1317528,COTUWD,USGS,GW,2.89,null,null,1,USGS,m,2,S,V,A,72019,6/25/2014,no,3311
3.1311E+14,D-22-22 17ACC2 [COT-LD],31.5197222,-110.1294444,COT-LD,USGS,GW,2.75,null,null,1,USGS,m,2,S,V,A,72019,4/7/2021,no,3312
3.13105E+14,D-22-22 17ACC3 [COTBLM],31.5196,-110.1296389,COTBLM,USGS,GW,15.5,null,null,1,USGS,m,2,S,V,A,72019,2/5/2019,yes,3313
3.1311E+14,D-22-22 17ACC1 [COT-LS],31.5197222,-110.1294444,COT-LS,USGS,GW,2.14,null,null,1,USGS,m,2,S,V,A,72019,10/19/2022,no,3314
3.12853E+14,D-22-22 28CCD [HUN-SO],31.48143889,-110.1186389,HUN-SO,USGS,GW,4.87,null,null,1,USGS,m,2,S,S,A,72019,4/18/2023,no,3317
3.12853E+14,D-22-22 28CCD [HUN-SO],31.48143889,-110.1186389,HUN-SO,USGS,GW,6.99,null,null,1,USGS,m,2,S,S,A,72019,6/27/2023,no,3320
3.13108E+14,D-22-22 17BDD2 [COTUWD],31.51913889,-110.1317528,COTUWD,USGS,GW,2.24,null,null,1,USGS,m,2,S,V,A,72019,11/3/2014,no,3321
3.1311E+14,D-22-22 17ACC2 [COT-LD],31.5197222,-110.1294444,COT-LD,USGS,GW,4.36,null,null,1,USGS,m,2,S,V,A,72019,6/29/2021,no,3322
3.1311E+14,D-22-22 17ACC1 [COT-LS],31.5197222,-110.1294444,COT-LS,USGS,GW,2.15,null,null,1,USGS,m,2,S,V,P,72019,1/25/2023,no,3323
3.13105E+14,D-22-22 17ACC3 [COTBLM],31.5196,-110.1296389,COTBLM,USGS,GW,15.51,null,null,1,USGS,m,2,S,V,A,72019,4/17/2019,yes,3324
3.12853E+14,D-22-22 28CCD [HUN-SO],31.48143889,-110.1186389,HUN-SO,USGS,GW,8.91,null,null,1,USGS,m,2,S,S,A,72019,11/2/2023,no,3328
3.13108E+14,D-22-22 17BDD2 [COTUWD],31.51913889,-110.1317528,COTUWD,USGS,GW,2.28,null,null,1,USGS,m,2,S,V,A,72019,1/14/2015,no,3329
3.1311E+14,D-22-22 17ACC1 [COT-LS],31.5197222,-110.1294444,COT-LS,USGS,GW,2.29,null,null,1,USGS,m,2,S,V,P,72019,4/18/2023,no,3330
3.1311E+14,D-22-22 17ACC2 [COT-LD],31.5197222,-110.1294444,COT-LD,USGS,GW,2.53,null,null,1,USGS,m,2,S,V,A,72019,10/19/2021,no,3331
3.13105E+14,D-22-22 17ACC3 [COTBLM],31.5196,-110.1296389,COTBLM,USGS,GW,17.28,null,null,1,USGS,m,2,S,V,A,72019,6/25/2019,yes,3332
3.12853E+14,D-22-22 28CCD [HUN-SO],31.48143889,-110.1186389,HUN-SO,USGS,GW,5.92,null,null,1,USGS,m,2,S,S,A,72019,2/14/2024,no,3336
3.13108E+14,D-22-22 17BDD2 [COTUWD],31.51913889,-110.1317528,COTUWD,USGS,GW,2.25,null,null,1,USGS,m,2,S,V,A,72019,4/15/2015,no,3337
3.1311E+14,D-22-22 17ACC1 [COT-LS],31.5197222,-110.1294444,COT-LS,USGS,GW,2.5,null,null,1,USGS,m,2,S,V,P,72019,5/5/2023,no,3338
3.1311E+14,D-22-22 17ACC2 [COT-LD],31.5197222,-110.1294444,COT-LD,USGS,GW,2.15,null,null,1,USGS,m,2,S,V,A,72019,2/1/2022,no,3339
3.13105E+14,D-22-22 17ACC3 [COTBLM],31.5196,-110.1296389,COTBLM,USGS,GW,16.92,null,null,1,USGS,m,2,S,V,A,72019,10/25/2019,yes,3340
3.12853E+14,D-22-22 28CCD [HUN-SO],31.48143889,-110.1186389,HUN-SO,USGS,GW,5.21,null,null,1,USGS,m,2,S,S,A,72019,4/18/2024,no,3344
3.13108E+14,D-22-22 17BDD2 [COTUWD],31.51913889,-110.1317528,COTUWD,USGS,GW,2.64,null,null,1,USGS,m,2,S,V,A,72019,7/14/2015,no,3345
3.13108E+14,D-22-22 17BDD2 [COTUWD],31.51913889,-110.1317528,COTUWD,USGS,GW,2.53,null,null,1,USGS,m,2,S,V,A,72019,10/7/2015,no,3346
3.13108E+14,D-22-22 17BDD2 [COTUWD],31.51913889,-110.1317528,COTUWD,USGS,GW,2.32,null,null,1,USGS,m,2,S,V,A,72019,1/20/2016,no,3347
3.13108E+14,D-22-22 17BDD2 [COTUWD],31.51913889,-110.1317528,COTUWD,USGS,GW,2.35,null,null,1,USGS,m,2,S,V,A,72019,4/19/2016,no,3348
3.13108E+14,D-22-22 17BDD2 [COTUWD],31.51913889,-110.1317528,COTUWD,USGS,GW,2.8,null,null,1,USGS,m,2,S,V,A,72019,6/28/2016,no,3349
3.13108E+14,D-22-22 17BDD2 [COTUWD],31.51913889,-110.1317528,COTUWD,USGS,GW,2.81,null,null,1,USGS,m,2,S,V,A,72019,10/20/2016,no,3350
3.13108E+14,D-22-22 17BDD2 [COTUWD],31.51913889,-110.1317528,COTUWD,USGS,GW,2.58,null,null,1,USGS,m,2,S,V,A,72019,1/18/2017,no,3351
3.13108E+14,D-22-22 17BDD2 [COTUWD],31.51913889,-110.1317528,COTUWD,USGS,GW,2.59,null,null,1,USGS,m,2,S,V,A,72019,4/25/2017,no,3352
3.13108E+14,D-22-22 17BDD2 [COTUWD],31.51913889,-110.1317528,COTUWD,USGS,GW,3.15,null,null,1,USGS,m,2,S,V,A,72019,6/28/2017,no,3353
3.13108E+14,D-22-22 17BDD2 [COTUWD],31.51913889,-110.1317528,COTUWD,USGS,GW,3.1,null,null,1,USGS,m,2,S,V,A,72019,10/18/2017,no,3354
3.13108E+14,D-22-22 17BDD2 [COTUWD],31.51913889,-110.1317528,COTUWD,USGS,GW,2.9,null,null,1,USGS,m,2,S,V,A,72019,1/9/2018,no,3355
3.13108E+14,D-22-22 17BDD2 [COTUWD],31.51913889,-110.1317528,COTUWD,USGS,GW,2.78,null,null,1,USGS,m,2,S,V,A,72019,4/18/2018,no,3356
3.13108E+14,D-22-22 17BDD2 [COTUWD],31.51913889,-110.1317528,COTUWD,USGS,GW,3.21,null,null,1,USGS,m,2,S,V,A,72019,6/21/2018,no,3357
3.13108E+14,D-22-22 17BDD2 [COTUWD],31.51913889,-110.1317528,COTUWD,USGS,GW,3.18,null,null,1,USGS,m,2,S,V,A,72019,10/26/2018,no,3358
3.13108E+14,D-22-22 17BDD2 [COTUWD],31.51913889,-110.1317528,COTUWD,USGS,GW,2.93,null,null,1,USGS,m,2,S,V,A,72019,2/5/2019,no,3359
3.13108E+14,D-22-22 17BDD2 [COTUWD],31.51913889,-110.1317528,COTUWD,USGS,GW,2.91,null,null,1,USGS,m,2,S,V,A,72019,4/17/2019,no,3360
3.13108E+14,D-22-22 17BDD2 [COTUWD],31.51913889,-110.1317528,COTUWD,USGS,GW,3.35,null,null,1,USGS,m,2,S,V,A,72019,6/25/2019,no,3361
3.13108E+14,D-22-22 17BDD2 [COTUWD],31.51913889,-110.1317528,COTUWD,USGS,GW,3.46,null,null,1,USGS,m,2,S,V,A,72019,10/25/2019,no,3362
3.13108E+14,D-22-22 17BDD2 [COTUWD],31.51913889,-110.1317528,COTUWD,USGS,GW,2.74,null,null,1,USGS,m,2,S,V,A,72019,1/9/2020,no,3363
3.13108E+14,D-22-22 17BDD2 [COTUWD],31.51913889,-110.1317528,COTUWD,USGS,GW,2.66,null,null,1,USGS,m,2,S,V,A,72019,4/9/2020,no,3364
3.13108E+14,D-22-22 17BDD2 [COTUWD],31.51913889,-110.1317528,COTUWD,USGS,GW,3.17,null,null,1,USGS,m,2,S,V,A,72019,6/24/2020,no,3365
3.13108E+14,D-22-22 17BDD2 [COTUWD],31.51913889,-110.1317528,COTUWD,USGS,GW,3.87,null,null,1,USGS,m,2,S,V,A,72019,10/7/2020,no,3366
3.13108E+14,D-22-22 17BDD2 [COTUWD],31.51913889,-110.1317528,COTUWD,USGS,GW,3.5,null,null,1,USGS,m,2,S,V,A,72019,2/10/2021,no,3367
3.13108E+14,D-22-22 17BDD2 [COTUWD],31.51913889,-110.1317528,COTUWD,USGS,GW,3.29,null,null,1,USGS,m,2,S,V,A,72019,4/7/2021,no,3368
3.13108E+14,D-22-22 17BDD2 [COTUWD],31.51913889,-110.1317528,COTUWD,USGS,GW,3.92,null,null,1,USGS,m,2,S,V,A,72019,6/29/2021,no,3369
3.13108E+14,D-22-22 17BDD2 [COTUWD],31.51913889,-110.1317528,COTUWD,USGS,GW,3.06,null,null,1,USGS,m,2,S,V,A,72019,10/19/2021,no,3370
3.13108E+14,D-22-22 17BDD2 [COTUWD],31.51913889,-110.1317528,COTUWD,USGS,GW,2.92,null,null,1,USGS,m,2,S,V,A,72019,2/1/2022,no,3371
3.13108E+14,D-22-22 17BDD2 [COTUWD],31.51913889,-110.1317528,COTUWD,USGS,GW,2.85,null,null,1,USGS,m,2,S,V,A,72019,4/5/2022,no,3372
3.13108E+14,D-22-22 17BDD2 [COTUWD],31.51913889,-110.1317528,COTUWD,USGS,GW,3.37,null,null,1,USGS,m,2,S,V,A,72019,6/28/2022,no,3373
3.13108E+14,D-22-22 17BDD2 [COTUWD],31.51913889,-110.1317528,COTUWD,USGS,GW,2.62,null,null,1,USGS,m,2,S,V,A,72019,10/19/2022,no,3374
3.13108E+14,D-22-22 17BDD2 [COTUWD],31.51913889,-110.1317528,COTUWD,USGS,GW,2.62,null,null,1,USGS,m,2,S,V,A,72019,1/25/2023,no,3375
3.13108E+14,D-22-22 17BDD2 [COTUWD],31.51913889,-110.1317528,COTUWD,USGS,GW,2.56,null,null,1,USGS,m,2,S,V,A,72019,4/18/2023,no,3376
3.13108E+14,D-22-22 17BDD2 [COTUWD],31.51913889,-110.1317528,COTUWD,USGS,GW,3.04,null,null,1,USGS,m,2,S,V,A,72019,6/27/2023,no,3377
3.13108E+14,D-22-22 17BDD2 [COTUWD],31.51913889,-110.1317528,COTUWD,USGS,GW,3.87,null,null,1,USGS,m,2,S,V,A,72019,11/2/2023,no,3378
3.13108E+14,D-22-22 17BDD2 [COTUWD],31.51913889,-110.1317528,COTUWD,USGS,GW,3.48,null,null,1,USGS,m,2,S,V,A,72019,2/14/2024,no,3379
3.13108E+14,D-22-22 17BDD2 [COTUWD],31.51913889,-110.1317528,COTUWD,USGS,GW,3.33,null,null,1,USGS,m,2,S,V,A,72019,4/18/2024,no,3380
3.13108E+14,D-22-22 17BDD2 [COTUWD],31.51913889,-110.1317528,COTUWD,USGS,GW,3.94,null,null,1,USGS,m,2,S,V,A,72019,6/24/2024,no,3381
3.13108E+14,D-22-22 17BDD2 [COTUWD],31.51913889,-110.1317528,COTUWD,USGS,GW,4.3,null,null,1,USGS,m,2,S,V,A,72019,10/29/2024,no,3382
3.13108E+14,D-22-22 17BDD2 [COTUWD],31.51913889,-110.1317528,COTUWD,USGS,GW,4.37,null,null,1,USGS,m,2,S,V,A,72019,10/30/2024,no,3383
3.13108E+14,D-22-22 17BDD2 [COTUWD],31.51913889,-110.1317528,COTUWD,USGS,GW,3.82,null,null,1,USGS,m,2,S,S,P,72019,2/28/2025,no,3384
3.1311E+14,D-22-22 17ACC1 [COT-LS],31.5197222,-110.1294444,COT-LS,USGS,GW,2.44,null,null,1,null,m,2,null,O,A,72019,10/5/2006,no,3388
3.1311E+14,D-22-22 17ACC1 [COT-LS],31.5197222,-110.1294444,COT-LS,USGS,GW,2.4,null,null,1,null,m,2,null,O,A,72019,11/15/2006,no,3389
3.1311E+14,D-22-22 17ACC1 [COT-LS],31.5197222,-110.1294444,COT-LS,USGS,GW,2.39,null,null,1,null,m,2,null,O,A,72019,12/13/2006,no,3390
3.1311E+14,D-22-22 17ACC1 [COT-LS],31.5197222,-110.1294444,COT-LS,USGS,GW,2.38,null,null,1,null,m,2,null,O,A,72019,1/16/2007,no,3391
3.1311E+14,D-22-22 17ACC1 [COT-LS],31.5197222,-110.1294444,COT-LS,USGS,GW,2.36,null,null,1,null,m,2,null,O,A,72019,2/7/2007,no,3392
3.1311E+14,D-22-22 17ACC1 [COT-LS],31.5197222,-110.1294444,COT-LS,USGS,GW,2.36,null,null,1,null,m,2,null,O,A,72019,3/8/2007,no,3393
3.1311E+14,D-22-22 17ACC1 [COT-LS],31.5197222,-110.1294444,COT-LS,USGS,GW,2.34,null,null,1,null,m,2,null,O,A,72019,4/9/2007,no,3394
3.1311E+14,D-22-22 17ACC1 [COT-LS],31.5197222,-110.1294444,COT-LS,USGS,GW,2.34,null,null,1,null,m,2,null,O,A,72019,5/8/2007,no,3395
3.1311E+14,D-22-22 17ACC1 [COT-LS],31.5197222,-110.1294444,COT-LS,USGS,GW,2.39,null,null,1,null,m,2,null,O,A,72019,6/12/2007,no,3396
3.1311E+14,D-22-22 17ACC1 [COT-LS],31.5197222,-110.1294444,COT-LS,USGS,GW,2.42,null,null,1,null,m,2,null,O,A,72019,6/29/2007,no,3397
3.1311E+14,D-22-22 17ACC1 [COT-LS],31.5197222,-110.1294444,COT-LS,USGS,GW,2.47,null,null,1,null,m,2,null,O,A,72019,7/17/2007,no,3398
3.1311E+14,D-22-22 17ACC1 [COT-LS],31.5197222,-110.1294444,COT-LS,USGS,GW,2.4,null,null,1,null,m,2,null,O,A,72019,8/13/2007,no,3399
3.1311E+14,D-22-22 17ACC1 [COT-LS],31.5197222,-110.1294444,COT-LS,USGS,GW,2.39,null,null,1,null,m,2,null,O,A,72019,9/13/2007,no,3400
3.1311E+14,D-22-22 17ACC1 [COT-LS],31.5197222,-110.1294444,COT-LS,USGS,GW,2.39,null,null,1,null,m,2,null,O,A,72019,10/23/2007,no,3401
3.1311E+14,D-22-22 17ACC1 [COT-LS],31.5197222,-110.1294444,COT-LS,USGS,GW,2.42,null,null,1,null,m,2,null,O,A,72019,11/16/2007,no,3402
3.1311E+14,D-22-22 17ACC1 [COT-LS],31.5197222,-110.1294444,COT-LS,USGS,GW,2.39,null,null,1,null,m,2,null,O,A,72019,12/7/2007,no,3403
3.1311E+14,D-22-22 17ACC1 [COT-LS],31.5197222,-110.1294444,COT-LS,USGS,GW,2.39,null,null,1,null,m,2,null,O,A,72019,1/14/2008,no,3404
3.1311E+14,D-22-22 17ACC1 [COT-LS],31.5197222,-110.1294444,COT-LS,USGS,GW,2.36,null,null,1,null,m,2,null,O,A,72019,2/25/2008,no,3405
3.1311E+14,D-22-22 17ACC1 [COT-LS],31.5197222,-110.1294444,COT-LS,USGS,GW,2.37,null,null,1,null,m,2,null,O,A,72019,3/11/2008,no,3406
3.1311E+14,D-22-22 17ACC1 [COT-LS],31.5197222,-110.1294444,COT-LS,USGS,GW,2.32,null,null,1,null,m,2,null,O,A,72019,4/14/2008,no,3407
3.1311E+14,D-22-22 17ACC1 [COT-LS],31.5197222,-110.1294444,COT-LS,USGS,GW,2.32,null,null,1,null,m,2,null,O,A,72019,10/16/2008,no,3408
3.1311E+14,D-22-22 17ACC1 [COT-LS],31.5197222,-110.1294444,COT-LS,USGS,GW,2.39,null,null,1,null,m,2,null,O,A,72019,12/11/2008,no,3409
3.1311E+14,D-22-22 17ACC1 [COT-LS],31.5197222,-110.1294444,COT-LS,USGS,GW,2.42,null,null,1,null,m,2,null,O,A,72019,3/26/2009,no,3410
3.1311E+14,D-22-22 17ACC1 [COT-LS],31.5197222,-110.1294444,COT-LS,USGS,GW,2.5,null,null,1,null,m,2,null,O,A,72019,6/9/2009,no,3411
3.1311E+14,D-22-22 17ACC1 [COT-LS],31.5197222,-110.1294444,COT-LS,USGS,GW,2.57,null,null,1,null,m,2,null,O,A,72019,7/22/2009,no,3412
3.1311E+14,D-22-22 17ACC1 [COT-LS],31.5197222,-110.1294444,COT-LS,USGS,GW,2.64,null,null,1,null,m,2,null,O,A,72019,8/6/2009,no,3413
3.1311E+14,D-22-22 17ACC1 [COT-LS],31.5197222,-110.1294444,COT-LS,USGS,GW,2.76,null,null,1,null,m,2,null,O,A,72019,9/17/2009,no,3414
3.1311E+14,D-22-22 17ACC1 [COT-LS],31.5197222,-110.1294444,COT-LS,USGS,GW,2.94,null,null,1,null,m,2,null,O,A,72019,11/17/2009,no,3415
3.1311E+14,D-22-22 17ACC1 [COT-LS],31.5197222,-110.1294444,COT-LS,USGS,GW,3,null,null,1,null,m,2,null,O,A,72019,1/4/2010,no,3416
3.1311E+14,D-22-22 17ACC1 [COT-LS],31.5197222,-110.1294444,COT-LS,USGS,GW,3,null,null,1,null,m,2,null,O,A,72019,2/16/2010,no,3417
3.1311E+14,D-22-22 17ACC1 [COT-LS],31.5197222,-110.1294444,COT-LS,USGS,GW,3.03,null,null,1,null,m,2,null,O,A,72019,3/11/2010,no,3418
3.1311E+14,D-22-22 17ACC1 [COT-LS],31.5197222,-110.1294444,COT-LS,USGS,GW,3.07,null,null,1,null,m,2,null,O,A,72019,5/3/2010,no,3419
3.1311E+14,D-22-22 17ACC1 [COT-LS],31.5197222,-110.1294444,COT-LS,USGS,GW,3.13,null,null,1,null,m,2,null,O,A,72019,6/23/2010,no,3420
3.1311E+14,D-22-22 17ACC1 [COT-LS],31.5197222,-110.1294444,COT-LS,USGS,GW,3.2,null,null,1,null,m,2,null,O,A,72019,7/28/2010,no,3421
3.1311E+14,D-22-22 17ACC1 [COT-LS],31.5197222,-110.1294444,COT-LS,USGS,GW,2.77,null,null,1,null,m,2,null,O,A,72019,11/23/2010,no,3422
3.1311E+14,D-22-22 17ACC1 [COT-LS],31.5197222,-110.1294444,COT-LS,USGS,GW,2.76,null,null,1,null,m,2,null,O,A,72019,2/1/2011,no,3423
3.1311E+14,D-22-22 17ACC1 [COT-LS],31.5197222,-110.1294444,COT-LS,USGS,GW,2.74,null,null,1,USGS,m,2,S,V,A,72019,7/20/2011,no,3424
3.1311E+14,D-22-22 17ACC1 [COT-LS],31.5197222,-110.1294444,COT-LS,USGS,GW,2.8,null,null,1,USGS,m,2,S,V,A,72019,9/22/2011,no,3425
3.1311E+14,D-22-22 17ACC1 [COT-LS],31.5197222,-110.1294444,COT-LS,USGS,GW,2.91,null,null,1,USGS,m,2,S,V,A,72019,3/20/2012,no,3426
3.1311E+14,D-22-22 17ACC1 [COT-LS],31.5197222,-110.1294444,COT-LS,USGS,GW,2.96,null,null,1,USGS,m,2,S,V,A,72019,6/19/2012,no,3427
3.1311E+14,D-22-22 17ACC1 [COT-LS],31.5197222,-110.1294444,COT-LS,USGS,GW,2.97,null,null,1,USGS,m,2,S,V,A,72019,9/13/2012,no,3428
3.1311E+14,D-22-22 17ACC1 [COT-LS],31.5197222,-110.1294444,COT-LS,USGS,GW,2.94,null,null,1,USGS,m,2,S,V,A,72019,5/30/2013,no,3429
3.1311E+14,D-22-22 17ACC1 [COT-LS],31.5197222,-110.1294444,COT-LS,USGS,GW,2.98,null,null,1,USGS,m,2,S,V,A,72019,7/1/2013,no,3430
3.1311E+14,D-22-22 17ACC1 [COT-LS],31.5197222,-110.1294444,COT-LS,USGS,GW,2.88,null,null,1,USGS,m,2,S,V,A,72019,10/30/2013,no,3431
3.1311E+14,D-22-22 17ACC1 [COT-LS],31.5197222,-110.1294444,COT-LS,USGS,GW,2.89,null,null,1,USGS,m,2,S,V,A,72019,1/8/2014,no,3432
3.13105E+14,D-22-22 17ACC3 [COTBLM],31.5196,-110.1296389,COTBLM,USGS,GW,15.38,null,null,1,USGS,m,2,S,V,A,72019,1/9/2020,yes,3433
3.1311E+14,D-22-22 17ACC1 [COT-LS],31.5197222,-110.1294444,COT-LS,USGS,GW,2.58,null,null,1,USGS,m,2,S,S,P,72019,5/19/2023,no,3434
3.12853E+14,D-22-22 28CCD [HUN-SO],31.48143889,-110.1186389,HUN-SO,USGS,GW,8.49,null,null,1,USGS,m,2,S,S,A,72019,6/24/2024,no,3436
3.12853E+14,D-22-22 28CCD [HUN-SO],31.48143889,-110.1186389,HUN-SO,USGS,GW,9.27,null,null,1,USGS,m,2,S,V,P,72019,10/29/2024,no,3438
3.1311E+14,D-22-22 17ACC2 [COT-LD],31.5197222,-110.1294444,COT-LD,USGS,GW,2.11,null,null,1,USGS,m,2,S,V,A,72019,4/5/2022,no,3439
3.12853E+14,D-22-22 28CCD [HUN-SO],31.48143889,-110.1186389,HUN-SO,USGS,GW,5.83,null,null,1,USGS,m,2,S,S,P,72019,2/26/2025,no,3441
3.13105E+14,D-22-22 17ACC3 [COTBLM],31.5196,-110.1296389,COTBLM,USGS,GW,15.07,null,null,1,USGS,m,2,S,V,A,72019,4/9/2020,yes,3442
3.1311E+14,D-22-22 17ACC1 [COT-LS],31.5197222,-110.1294444,COT-LS,USGS,GW,3.51,null,null,1,USGS,m,2,S,V,P,72019,6/27/2023,no,3443
3.1311E+14,D-22-22 17ACC1 [COT-LS],31.5197222,-110.1294444,COT-LS,USGS,GW,4.36,null,null,1,USGS,m,2,S,V,P,72019,11/2/2023,no,3445
3.1311E+14,D-22-22 17ACC1 [COT-LS],31.5197222,-110.1294444,COT-LS,USGS,GW,2.85,null,null,1,USGS,m,2,S,V,P,72019,2/14/2024,no,3446
3.1311E+14,D-22-22 17ACC1 [COT-LS],31.5197222,-110.1294444,COT-LS,USGS,GW,2.92,null,null,1,USGS,m,2,S,V,P,72019,4/18/2024,no,3447
3.1311E+14,D-22-22 17ACC2 [COT-LD],31.5197222,-110.1294444,COT-LD,USGS,GW,2.98,null,null,1,USGS,m,2,S,V,A,72019,6/28/2022,no,3450
3.1311E+14,D-22-22 17ACC1 [COT-LS],31.5197222,-110.1294444,COT-LS,USGS,GW,4.64,null,null,1,USGS,m,2,S,S,P,72019,6/24/2024,no,3451
3.13105E+14,D-22-22 17ACC3 [COTBLM],31.5196,-110.1296389,COTBLM,USGS,GW,16.54,null,null,1,USGS,m,2,S,V,A,72019,6/24/2020,yes,3453
3.1311E+14,D-22-22 17ACC2 [COT-LD],31.5197222,-110.1294444,COT-LD,USGS,GW,1.82,null,null,1,USGS,m,2,S,V,A,72019,10/19/2022,no,3457
3.1311E+14,D-22-22 17ACC1 [COT-LS],31.5197222,-110.1294444,COT-LS,USGS,GW,4.81,null,null,1,USGS,m,2,S,V,P,72019,10/29/2024,no,3458
3.1311E+14,D-22-22 17ACC2 [COT-LD],31.5197222,-110.1294444,COT-LD,USGS,GW,2.17,null,null,1,USGS,m,2,S,V,P,72019,1/25/2023,no,3463
3.1311E+14,D-22-22 17ACC1 [COT-LS],31.5197222,-110.1294444,COT-LS,USGS,GW,2.9,null,null,1,USGS,m,2,S,S,P,72019,2/28/2025,no,3464
3.13105E+14,D-22-22 17ACC3 [COTBLM],31.5196,-110.1296389,COTBLM,USGS,GW,18.21,null,null,1,USGS,m,2,S,V,A,72019,10/7/2020,yes,3467
3.13105E+14,D-22-22 17ACC3 [COTBLM],31.5196,-110.1296389,COTBLM,USGS,GW,16.02,null,null,1,USGS,m,2,S,V,A,72019,2/10/2021,yes,3471
3.1311E+14,D-22-22 17ACC2 [COT-LD],31.5197222,-110.1294444,COT-LD,USGS,GW,2.2,null,null,1,USGS,m,2,S,V,P,72019,4/18/2023,no,3473
3.13105E+14,D-22-22 17ACC3 [COTBLM],31.5196,-110.1296389,COTBLM,USGS,GW,15.65,null,null,1,USGS,m,2,S,V,A,72019,4/7/2021,yes,3478
3.1311E+14,D-22-22 17ACC2 [COT-LD],31.5197222,-110.1294444,COT-LD,USGS,GW,2.79,null,null,1,USGS,m,2,S,S,P,72019,5/19/2023,no,3480
3.13105E+14,D-22-22 17ACC3 [COTBLM],31.5196,-110.1296389,COTBLM,USGS,GW,18.05,null,null,1,USGS,m,2,S,V,A,72019,6/29/2021,yes,3485
3.1311E+14,D-22-22 17ACC2 [COT-LD],31.5197222,-110.1294444,COT-LD,USGS,GW,3.14,null,null,1,USGS,m,2,S,V,P,72019,6/27/2023,no,3487
3.13105E+14,D-22-22 17ACC3 [COTBLM],31.5196,-110.1296389,COTBLM,USGS,GW,15.72,null,null,1,USGS,m,2,S,V,A,72019,10/19/2021,yes,3492
3.1311E+14,D-22-22 17ACC2 [COT-LD],31.5197222,-110.1294444,COT-LD,USGS,GW,3.71,null,null,1,USGS,m,2,S,V,P,72019,11/2/2023,no,3494
3.1311E+14,D-22-22 17ACC2 [COT-LD],31.5197222,-110.1294444,COT-LD,USGS,GW,1.55,null,null,1,null,m,2,null,O,A,72019,10/5/2006,no,3495
3.13105E+14,D-22-22 17ACC3 [COTBLM],31.5196,-110.1296389,COTBLM,USGS,GW,15.01,null,null,1,USGS,m,2,S,V,A,72019,2/1/2022,yes,3499
3.1311E+14,D-22-22 17ACC2 [COT-LD],31.5197222,-110.1294444,COT-LD,USGS,GW,3.46,null,null,1,USGS,m,2,S,V,P,72019,2/14/2024,no,3500
3.1311E+14,D-22-22 17ACC2 [COT-LD],31.5197222,-110.1294444,COT-LD,USGS,GW,1.99,null,null,1,null,m,2,null,O,A,72019,11/15/2006,no,3505
3.13105E+14,D-22-22 17ACC3 [COTBLM],31.5196,-110.1296389,COTBLM,USGS,GW,15.03,null,null,1,USGS,m,2,S,V,A,72019,2/2/2022,yes,3508
3.1311E+14,D-22-22 17ACC2 [COT-LD],31.5197222,-110.1294444,COT-LD,USGS,GW,3.19,null,null,1,USGS,m,2,S,V,P,72019,4/18/2024,no,3509
3.12859E+14,D-22-22 28CAA1 [HUN-LI],31.4832611,-110.1186889,HUN-LI,USGS,GW,1.65,null,null,1,null,m,2,null,O,A,72019,9/22/2006,no,3510
3.1311E+14,D-22-22 17ACC2 [COT-LD],31.5197222,-110.1294444,COT-LD,USGS,GW,2,null,null,1,null,m,2,null,O,A,72019,12/13/2006,no,3511
3.13105E+14,D-22-22 17ACC3 [COTBLM],31.5196,-110.1296389,COTBLM,USGS,GW,14.9,null,null,1,USGS,m,2,S,V,A,72019,4/5/2022,yes,3515
3.1311E+14,D-22-22 17ACC2 [COT-LD],31.5197222,-110.1294444,COT-LD,USGS,GW,4.13,null,null,1,USGS,m,2,S,S,P,72019,6/24/2024,no,3516
3.12859E+14,D-22-22 28CAA1 [HUN-LI],31.4832611,-110.1186889,HUN-LI,USGS,GW,2.32,null,null,1,null,m,2,null,O,A,72019,10/23/2006,no,3517
3.1311E+14,D-22-22 17ACC2 [COT-LD],31.5197222,-110.1294444,COT-LD,USGS,GW,2.01,null,null,1,null,m,2,null,O,A,72019,1/16/2007,no,3518
3.13105E+14,D-22-22 17ACC3 [COTBLM],31.5196,-110.1296389,COTBLM,USGS,GW,16.62,null,null,1,USGS,m,2,S,V,A,72019,6/28/2022,yes,3522
3.12859E+14,D-22-22 28CAA1 [HUN-LI],31.4832611,-110.1186889,HUN-LI,USGS,GW,2.34,null,null,1,null,m,2,null,O,A,72019,11/8/2006,no,3524
3.1311E+14,D-22-22 17ACC2 [COT-LD],31.5197222,-110.1294444,COT-LD,USGS,GW,2.01,null,null,1,null,m,2,null,O,A,72019,2/7/2007,no,3525
3.13105E+14,D-22-22 17ACC3 [COTBLM],31.5196,-110.1296389,COTBLM,USGS,GW,14.73,null,null,1,USGS,m,2,S,V,A,72019,10/19/2022,yes,3529
3.12859E+14,D-22-22 28CAA1 [HUN-LI],31.4832611,-110.1186889,HUN-LI,USGS,GW,2.29,null,null,1,null,m,2,null,O,A,72019,12/4/2006,no,3531
3.13105E+14,D-22-22 17ACC3 [COTBLM],31.5196,-110.1296389,COTBLM,USGS,GW,14.57,null,null,1,USGS,m,2,S,V,A,72019,1/25/2023,yes,3535
3.1311E+14,D-22-22 17ACC2 [COT-LD],31.5197222,-110.1294444,COT-LD,USGS,GW,2.03,null,null,1,null,m,2,null,O,A,72019,3/8/2007,no,3538
3.12859E+14,D-22-22 28CAA1 [HUN-LI],31.4832611,-110.1186889,HUN-LI,USGS,GW,2.26,null,null,1,null,m,2,null,O,A,72019,12/21/2006,no,3540
3.1311E+14,D-22-22 17ACC2 [COT-LD],31.5197222,-110.1294444,COT-LD,USGS,GW,2.04,null,null,1,null,m,2,null,O,A,72019,4/9/2007,no,3543
3.13105E+14,D-22-22 17ACC3 [COTBLM],31.5196,-110.1296389,COTBLM,USGS,GW,14.27,null,null,1,USGS,m,2,S,V,A,72019,4/18/2023,yes,3546
3.12859E+14,D-22-22 28CAA1 [HUN-LI],31.4832611,-110.1186889,HUN-LI,USGS,GW,2.32,null,null,1,null,m,2,null,O,A,72019,1/25/2007,no,3547
3.1311E+14,D-22-22 17ACC2 [COT-LD],31.5197222,-110.1294444,COT-LD,USGS,GW,2.21,null,null,1,null,m,2,null,O,A,72019,5/8/2007,no,3550
3.13105E+14,D-22-22 17ACC3 [COTBLM],31.5196,-110.1296389,COTBLM,USGS,GW,14.34,null,null,1,USGS,m,2,S,V,A,72019,5/5/2023,yes,3553
3.12859E+14,D-22-22 28CAA1 [HUN-LI],31.4832611,-110.1186889,HUN-LI,USGS,GW,2.28,null,null,1,null,m,2,null,O,A,72019,2/26/2007,no,3554
3.1311E+14,D-22-22 17ACC2 [COT-LD],31.5197222,-110.1294444,COT-LD,USGS,GW,2.68,null,null,1,null,m,2,null,O,A,72019,6/12/2007,no,3557
3.13105E+14,D-22-22 17ACC3 [COTBLM],31.5196,-110.1296389,COTBLM,USGS,GW,15.39,null,null,1,USGS,m,2,S,S,A,72019,5/19/2023,yes,3560
3.12859E+14,D-22-22 28CAA1 [HUN-LI],31.4832611,-110.1186889,HUN-LI,USGS,GW,2.25,null,null,1,null,m,2,null,O,A,72019,3/27/2007,no,3561
3.1311E+14,D-22-22 17ACC2 [COT-LD],31.5197222,-110.1294444,COT-LD,USGS,GW,2.79,null,null,1,null,m,2,null,O,A,72019,6/20/2007,no,3564
3.13105E+14,D-22-22 17ACC3 [COTBLM],31.5196,-110.1296389,COTBLM,USGS,GW,15.79,null,null,1,USGS,m,2,S,V,A,72019,6/27/2023,yes,3567
3.1311E+14,D-22-22 17ACC2 [COT-LD],31.5197222,-110.1294444,COT-LD,USGS,GW,2.99,null,null,1,null,m,2,null,O,A,72019,6/29/2007,no,3570
3.1311E+14,D-22-22 17ACC2 [COT-LD],31.5197222,-110.1294444,COT-LD,USGS,GW,2.38,null,null,1,null,m,2,null,O,A,72019,7/17/2007,no,3574
3.12859E+14,D-22-22 28CAA1 [HUN-LI],31.4832611,-110.1186889,HUN-LI,USGS,GW,2.42,null,null,1,null,m,2,null,O,A,72019,4/12/2007,no,3576
3.13105E+14,D-22-22 17ACC3 [COTBLM],31.5196,-110.1296389,COTBLM,USGS,GW,17.55,null,null,1,USGS,m,2,S,V,A,72019,11/2/2023,yes,3577
3.12859E+14,D-22-22 28CAA1 [HUN-LI],31.4832611,-110.1186889,HUN-LI,USGS,GW,2.7,null,null,1,null,m,2,null,O,A,72019,5/9/2007,no,3579
3.1311E+14,D-22-22 17ACC2 [COT-LD],31.5197222,-110.1294444,COT-LD,USGS,GW,-1.59,null,null,1,null,m,2,null,O,A,72019,8/13/2007,no,3580
3.13105E+14,D-22-22 17ACC3 [COTBLM],31.5196,-110.1296389,COTBLM,USGS,GW,13.4,null,null,1,null,m,2,null,V,A,72019,2/15/2006,yes,3581
3.13105E+14,D-22-22 17ACC3 [COTBLM],31.5196,-110.1296389,COTBLM,USGS,GW,15.6,null,null,1,USGS,m,2,S,V,A,72019,2/14/2024,yes,3584
3.12859E+14,D-22-22 28CAA1 [HUN-LI],31.4832611,-110.1186889,HUN-LI,USGS,GW,4.04,null,null,1,null,m,2,null,O,A,72019,6/15/2007,no,3586
3.1311E+14,D-22-22 17ACC2 [COT-LD],31.5197222,-110.1294444,COT-LD,USGS,GW,1.34,null,null,1,null,m,2,null,O,A,72019,9/13/2007,no,3587
3.13105E+14,D-22-22 17ACC3 [COTBLM],31.5196,-110.1296389,COTBLM,USGS,GW,13.31,null,null,1,USGS,m,2,S,V,A,72019,3/6/2006,yes,3588
3.13105E+14,D-22-22 17ACC3 [COTBLM],31.5196,-110.1296389,COTBLM,USGS,GW,15.48,null,null,1,USGS,m,2,S,V,A,72019,4/18/2024,yes,3591
3.12859E+14,D-22-22 28CAA1 [HUN-LI],31.4832611,-110.1186889,HUN-LI,USGS,GW,4.48,null,null,1,null,m,2,null,O,A,72019,7/19/2007,no,3593
3.1311E+14,D-22-22 17ACC2 [COT-LD],31.5197222,-110.1294444,COT-LD,USGS,GW,2.27,null,null,1,null,m,2,null,O,A,72019,10/23/2007,no,3594
3.13105E+14,D-22-22 17ACC3 [COTBLM],31.5196,-110.1296389,COTBLM,USGS,GW,15.39,null,null,1,USGS,m,2,S,V,A,72019,6/14/2006,yes,3595
3.13105E+14,D-22-22 17ACC3 [COTBLM],31.5196,-110.1296389,COTBLM,USGS,GW,17.78,null,null,1,USGS,m,2,S,V,A,72019,6/24/2024,yes,3598
3.12859E+14,D-22-22 28CAA1 [HUN-LI],31.4832611,-110.1186889,HUN-LI,USGS,GW,1.55,null,null,1,null,m,2,null,O,A,72019,8/14/2007,no,3600
3.1311E+14,D-22-22 17ACC2 [COT-LD],31.5197222,-110.1294444,COT-LD,USGS,GW,2.13,null,null,1,null,m,2,null,O,A,72019,11/16/2007,no,3601
3.13105E+14,D-22-22 17ACC3 [COTBLM],31.5196,-110.1296389,COTBLM,USGS,GW,11.71,null,null,1,null,m,2,null,V,A,72019,10/5/2006,yes,3602
3.13105E+14,D-22-22 17ACC3 [COTBLM],31.5196,-110.1296389,COTBLM,USGS,GW,12.64,null,null,1,null,m,2,null,V,A,72019,11/15/2006,yes,3606
3.12859E+14,D-22-22 28CAA1 [HUN-LI],31.4832611,-110.1186889,HUN-LI,USGS,GW,2.65,null,null,1,null,m,2,null,O,A,72019,9/19/2007,no,3607
3.1311E+14,D-22-22 17ACC2 [COT-LD],31.5197222,-110.1294444,COT-LD,USGS,GW,1.95,null,null,1,null,m,2,null,O,A,72019,12/7/2007,no,3608
3.13105E+14,D-22-22 17ACC3 [COTBLM],31.5196,-110.1296389,COTBLM,USGS,GW,18.76,null,null,1,USGS,m,2,S,S,A,72019,10/29/2024,yes,3609
3.13105E+14,D-22-22 17ACC3 [COTBLM],31.5196,-110.1296389,COTBLM,USGS,GW,12.64,null,null,1,USGS,m,2,S,V,A,72019,12/7/2006,yes,3610
3.13105E+14,D-22-22 17ACC3 [COTBLM],31.5196,-110.1296389,COTBLM,USGS,GW,16.12,null,null,1,USGS,m,2,S,S,P,72019,2/28/2025,yes,3615
3.13105E+14,D-22-22 17ACC3 [COTBLM],31.5196,-110.1296389,COTBLM,USGS,GW,12.69,null,null,1,null,m,2,null,V,A,72019,12/13/2006,yes,3616
3.12859E+14,D-22-22 28CAA1 [HUN-LI],31.4832611,-110.1186889,HUN-LI,USGS,GW,3.23,null,null,1,null,m,2,null,O,A,72019,10/25/2007,no,3618
3.1311E+14,D-22-22 17ACC2 [COT-LD],31.5197222,-110.1294444,COT-LD,USGS,GW,2.12,null,null,1,null,m,2,null,O,A,72019,1/14/2008,no,3619
3.13105E+14,D-22-22 17ACC3 [COTBLM],31.5196,-110.1296389,COTBLM,USGS,GW,12.73,null,null,1,null,m,2,null,V,A,72019,1/16/2007,yes,3623
3.12859E+14,D-22-22 28CAA1 [HUN-LI],31.4832611,-110.1186889,HUN-LI,USGS,GW,2.93,null,null,1,null,m,2,null,O,A,72019,11/19/2007,no,3625
3.1311E+14,D-22-22 17ACC2 [COT-LD],31.5197222,-110.1294444,COT-LD,USGS,GW,2.14,null,null,1,null,m,2,null,O,A,72019,2/25/2008,no,3626
3.13105E+14,D-22-22 17ACC3 [COTBLM],31.5196,-110.1296389,COTBLM,USGS,GW,12.73,null,null,1,null,m,2,null,V,A,72019,2/7/2007,yes,3630
3.12859E+14,D-22-22 28CAA1 [HUN-LI],31.4832611,-110.1186889,HUN-LI,USGS,GW,2.62,null,null,1,null,m,2,null,O,A,72019,12/18/2007,no,3632
3.1311E+14,D-22-22 17ACC2 [COT-LD],31.5197222,-110.1294444,COT-LD,USGS,GW,2.09,null,null,1,null,m,2,null,O,A,72019,3/11/2008,no,3633
3.13105E+14,D-22-22 17ACC3 [COTBLM],31.5196,-110.1296389,COTBLM,USGS,GW,12.69,null,null,1,null,m,2,null,V,A,72019,3/8/2007,yes,3637
3.12859E+14,D-22-22 28CAA1 [HUN-LI],31.4832611,-110.1186889,HUN-LI,USGS,GW,2.59,null,null,1,null,m,2,null,O,A,72019,1/18/2008,no,3639
3.1311E+14,D-22-22 17ACC2 [COT-LD],31.5197222,-110.1294444,COT-LD,USGS,GW,2,null,null,1,null,m,2,null,O,A,72019,4/14/2008,no,3640
3.12859E+14,D-22-22 28CAA1 [HUN-LI],31.4832611,-110.1186889,HUN-LI,USGS,GW,2.5,null,null,1,null,m,2,null,O,A,72019,2/21/2008,no,3699
3.12859E+14,D-22-22 28CAA1 [HUN-LI],31.4832611,-110.1186889,HUN-LI,USGS,GW,2.53,null,null,1,null,m,2,null,O,A,72019,3/26/2008,no,3704
3.1311E+14,D-22-22 17ACC2 [COT-LD],31.5197222,-110.1294444,COT-LD,USGS,GW,1.89,null,null,1,null,m,2,null,O,A,72019,10/16/2008,no,3705
3.12859E+14,D-22-22 28CAA1 [HUN-LI],31.4832611,-110.1186889,HUN-LI,USGS,GW,2.71,null,null,1,null,m,2,null,O,A,72019,4/17/2008,no,3709
3.13105E+14,D-22-22 17ACC3 [COTBLM],31.5196,-110.1296389,COTBLM,USGS,GW,12.92,null,null,1,null,m,2,null,V,A,72019,4/9/2007,yes,3710
3.1311E+14,D-22-22 17ACC2 [COT-LD],31.5197222,-110.1294444,COT-LD,USGS,GW,2.49,null,null,1,null,m,2,null,O,A,72019,12/11/2008,no,3711
3.12859E+14,D-22-22 28CAA1 [HUN-LI],31.4832611,-110.1186889,HUN-LI,USGS,GW,2.21,null,null,1,null,m,2,null,O,A,72019,10/2/2008,no,3715
3.13105E+14,D-22-22 17ACC3 [COTBLM],31.5196,-110.1296389,COTBLM,USGS,GW,13.04,null,null,1,null,m,2,null,V,A,72019,5/8/2007,yes,3716
3.1311E+14,D-22-22 17ACC2 [COT-LD],31.5197222,-110.1294444,COT-LD,USGS,GW,2.52,null,null,1,null,m,2,null,O,A,72019,3/26/2009,no,3717
3.12859E+14,D-22-22 28CAA1 [HUN-LI],31.4832611,-110.1186889,HUN-LI,USGS,GW,1.81,null,null,1,null,m,2,null,O,A,72019,12/10/2008,no,3721
3.1311E+14,D-22-22 17ACC2 [COT-LD],31.5197222,-110.1294444,COT-LD,USGS,GW,3.25,null,null,1,null,m,2,null,O,A,72019,6/9/2009,no,3722
3.13105E+14,D-22-22 17ACC3 [COTBLM],31.5196,-110.1296389,COTBLM,USGS,GW,14.23,null,null,1,null,m,2,null,V,A,72019,6/12/2007,yes,3723
3.12859E+14,D-22-22 28CAA1 [HUN-LI],31.4832611,-110.1186889,HUN-LI,USGS,GW,1.87,null,null,1,null,m,2,null,O,A,72019,3/26/2009,no,3725
3.1311E+14,D-22-22 17ACC2 [COT-LD],31.5197222,-110.1294444,COT-LD,USGS,GW,3.7,null,null,1,null,m,2,null,O,A,72019,7/22/2009,no,3727
3.13105E+14,D-22-22 17ACC3 [COTBLM],31.5196,-110.1296389,COTBLM,USGS,GW,15.41,null,null,1,null,m,2,null,V,A,72019,7/17/2007,yes,3728
3.12859E+14,D-22-22 28CAA1 [HUN-LI],31.4832611,-110.1186889,HUN-LI,USGS,GW,3.44,null,null,1,null,m,2,null,O,A,72019,6/10/2009,no,3730
3.1311E+14,D-22-22 17ACC2 [COT-LD],31.5197222,-110.1294444,COT-LD,USGS,GW,3.85,null,null,1,null,m,2,null,O,A,72019,8/6/2009,no,3732
3.13105E+14,D-22-22 17ACC3 [COTBLM],31.5196,-110.1296389,COTBLM,USGS,GW,13.78,null,null,1,null,m,2,null,V,A,72019,8/13/2007,yes,3733
3.12859E+14,D-22-22 28CAA1 [HUN-LI],31.4832611,-110.1186889,HUN-LI,USGS,GW,4.52,null,null,1,null,m,2,null,O,A,72019,7/14/2009,no,3736
3.1311E+14,D-22-22 17ACC2 [COT-LD],31.5197222,-110.1294444,COT-LD,USGS,GW,3.2,null,null,1,null,m,2,null,O,A,72019,9/17/2009,no,3738
3.13105E+14,D-22-22 17ACC3 [COTBLM],31.5196,-110.1296389,COTBLM,USGS,GW,14.75,null,null,1,null,m,2,null,V,A,72019,9/13/2007,yes,3740
3.12859E+14,D-22-22 28CAA1 [HUN-LI],31.4832611,-110.1186889,HUN-LI,USGS,GW,4.01,null,null,1,null,m,2,null,O,A,72019,8/25/2009,no,3742
3.1311E+14,D-22-22 17ACC2 [COT-LD],31.5197222,-110.1294444,COT-LD,USGS,GW,3.97,null,null,1,null,m,2,null,O,A,72019,11/17/2009,no,3744
3.13105E+14,D-22-22 17ACC3 [COTBLM],31.5196,-110.1296389,COTBLM,USGS,GW,15.25,null,null,1,null,m,2,null,V,A,72019,10/23/2007,yes,3746
3.12859E+14,D-22-22 28CAA1 [HUN-LI],31.4832611,-110.1186889,HUN-LI,USGS,GW,4.06,null,null,1,null,m,2,null,O,A,72019,11/10/2009,no,3748
3.1311E+14,D-22-22 17ACC2 [COT-LD],31.5197222,-110.1294444,COT-LD,USGS,GW,3.42,null,null,1,null,m,2,null,O,A,72019,1/4/2010,no,3750
3.13105E+14,D-22-22 17ACC3 [COTBLM],31.5196,-110.1296389,COTBLM,USGS,GW,14.63,null,null,1,USGS,m,2,S,V,A,72019,11/7/2007,yes,3752
3.12859E+14,D-22-22 28CAA1 [HUN-LI],31.4832611,-110.1186889,HUN-LI,USGS,GW,2.95,null,null,1,null,m,2,null,O,A,72019,1/19/2010,no,3754
3.1311E+14,D-22-22 17ACC2 [COT-LD],31.5197222,-110.1294444,COT-LD,USGS,GW,2.65,null,null,1,null,m,2,null,O,A,72019,2/16/2010,no,3755
3.13105E+14,D-22-22 17ACC3 [COTBLM],31.5196,-110.1296389,COTBLM,USGS,GW,14.68,null,null,1,null,m,2,null,V,A,72019,11/16/2007,yes,3757
3.12859E+14,D-22-22 28CAA1 [HUN-LI],31.4832611,-110.1186889,HUN-LI,USGS,GW,2.82,null,null,1,null,m,2,null,O,A,72019,2/16/2010,no,3760
3.13108E+14,D-22-22 17BDD2 [COTUWD],31.51913889,-110.1317528,COTUWD,USGS,GW,2.31,null,null,1,USGS,m,2,S,V,A,72019,3/6/2006,no,3761
3.1311E+14,D-22-22 17ACC2 [COT-LD],31.5197222,-110.1294444,COT-LD,USGS,GW,2.97,null,null,1,null,m,2,null,O,A,72019,3/11/2010,no,3763
3.13105E+14,D-22-22 17ACC3 [COTBLM],31.5196,-110.1296389,COTBLM,USGS,GW,14.29,null,null,1,null,m,2,null,V,A,72019,12/7/2007,yes,3765
3.12859E+14,D-22-22 28CAA1 [HUN-LI],31.4832611,-110.1186889,HUN-LI,USGS,GW,4.65,null,null,1,null,m,2,null,O,A,72019,6/24/2010,no,3766
3.13108E+14,D-22-22 17BDD2 [COTUWD],31.51913889,-110.1317528,COTUWD,USGS,GW,1.97,null,null,1,null,m,2,null,O,A,72019,8/22/2006,no,3767
3.1311E+14,D-22-22 17ACC2 [COT-LD],31.5197222,-110.1294444,COT-LD,USGS,GW,3.27,null,null,1,null,m,2,null,O,A,72019,5/3/2010,no,3769
3.13105E+14,D-22-22 17ACC3 [COTBLM],31.5196,-110.1296389,COTBLM,USGS,GW,13.82,null,null,1,null,m,2,null,V,A,72019,1/14/2008,yes,3771
3.12859E+14,D-22-22 28CAA1 [HUN-LI],31.4832611,-110.1186889,HUN-LI,USGS,GW,5.38,null,null,1,null,m,2,null,O,A,72019,7/15/2010,no,3772
3.13108E+14,D-22-22 17BDD2 [COTUWD],31.51913889,-110.1317528,COTUWD,USGS,GW,1.81,null,null,1,null,m,2,null,O,A,72019,9/29/2006,no,3773
3.1311E+14,D-22-22 17ACC2 [COT-LD],31.5197222,-110.1294444,COT-LD,USGS,GW,3.6,null,null,1,null,m,2,null,O,A,72019,6/23/2010,no,3775
3.13105E+14,D-22-22 17ACC3 [COTBLM],31.5196,-110.1296389,COTBLM,USGS,GW,13.71,null,null,1,USGS,m,2,S,V,A,72019,2/20/2008,yes,3777
3.12859E+14,D-22-22 28CAA1 [HUN-LI],31.4832611,-110.1186889,HUN-LI,USGS,GW,2.96,null,null,1,null,m,2,null,O,A,72019,11/29/2010,no,3778
3.13108E+14,D-22-22 17BDD2 [COTUWD],31.51913889,-110.1317528,COTUWD,USGS,GW,1.91,null,null,1,null,m,2,null,O,A,72019,11/15/2006,no,3779
3.1311E+14,D-22-22 17ACC2 [COT-LD],31.5197222,-110.1294444,COT-LD,USGS,GW,3.02,null,null,1,null,m,2,null,O,A,72019,7/28/2010,no,3781
3.13105E+14,D-22-22 17ACC3 [COTBLM],31.5196,-110.1296389,COTBLM,USGS,GW,13.72,null,null,1,null,m,2,null,V,A,72019,2/25/2008,yes,3783
3.12859E+14,D-22-22 28CAA1 [HUN-LI],31.4832611,-110.1186889,HUN-LI,USGS,GW,2.81,null,null,1,null,m,2,null,O,A,72019,12/29/2010,no,3784
3.13108E+14,D-22-22 17BDD2 [COTUWD],31.51913889,-110.1317528,COTUWD,USGS,GW,1.94,null,null,1,USGS,m,2,S,V,A,72019,12/7/2006,no,3785
3.1311E+14,D-22-22 17ACC2 [COT-LD],31.5197222,-110.1294444,COT-LD,USGS,GW,2.36,null,null,1,null,m,2,null,O,A,72019,11/23/2010,no,3787
3.13105E+14,D-22-22 17ACC3 [COTBLM],31.5196,-110.1296389,COTBLM,USGS,GW,13.84,null,null,1,null,m,2,null,V,A,72019,3/11/2008,yes,3789
3.12859E+14,D-22-22 28CAA1 [HUN-LI],31.4832611,-110.1186889,HUN-LI,USGS,GW,2.64,null,null,1,null,m,2,null,O,A,72019,3/15/2011,no,3790
3.13108E+14,D-22-22 17BDD2 [COTUWD],31.51913889,-110.1317528,COTUWD,USGS,GW,1.89,null,null,1,null,m,2,null,O,A,72019,12/13/2006,no,3791
3.1311E+14,D-22-22 17ACC2 [COT-LD],31.5197222,-110.1294444,COT-LD,USGS,GW,2.39,null,null,1,null,m,2,null,O,A,72019,2/1/2011,no,3792
3.13105E+14,D-22-22 17ACC3 [COTBLM],31.5196,-110.1296389,COTBLM,USGS,GW,13.8,null,null,1,null,m,2,null,V,A,72019,4/14/2008,yes,3794
3.1311E+14,D-22-22 17ACC2 [COT-LD],31.5197222,-110.1294444,COT-LD,USGS,GW,3.19,null,null,1,USGS,m,2,S,V,A,72019,7/20/2011,no,3796
3.12859E+14,D-22-22 28CAA1 [HUN-LI],31.4832611,-110.1186889,HUN-LI,USGS,GW,5.19,null,null,1,USGS,m,2,S,V,A,72019,7/20/2011,no,3797
3.13108E+14,D-22-22 17BDD2 [COTUWD],31.51913889,-110.1317528,COTUWD,USGS,GW,1.87,null,null,1,null,m,2,null,O,A,72019,1/16/2007,no,3798
3.1311E+14,D-22-22 17ACC2 [COT-LD],31.5197222,-110.1294444,COT-LD,USGS,GW,2.97,null,null,1,USGS,m,2,S,V,A,72019,9/22/2011,no,3800
3.12859E+14,D-22-22 28CAA1 [HUN-LI],31.4832611,-110.1186889,HUN-LI,USGS,GW,3.99,null,null,1,USGS,m,2,S,V,A,72019,9/23/2011,no,3802
3.13105E+14,D-22-22 17ACC3 [COTBLM],31.5196,-110.1296389,COTBLM,USGS,GW,15.6,null,null,1,USGS,m,1,S,V,A,72019,6/26/2008,yes,3803
3.13108E+14,D-22-22 17BDD2 [COTUWD],31.51913889,-110.1317528,COTUWD,USGS,GW,1.88,null,null,1,null,m,2,null,O,A,72019,2/7/2007,no,3804
3.1311E+14,D-22-22 17ACC2 [COT-LD],31.5197222,-110.1294444,COT-LD,USGS,GW,2.76,null,null,1,USGS,m,2,S,V,A,72019,3/20/2012,no,3806
3.12859E+14,D-22-22 28CAA1 [HUN-LI],31.4832611,-110.1186889,HUN-LI,USGS,GW,1.69,null,null,1,USGS,m,2,S,V,A,72019,3/27/2012,no,3808
3.13105E+14,D-22-22 17ACC3 [COTBLM],31.5196,-110.1296389,COTBLM,USGS,GW,14.62,null,null,1,USGS,m,2,S,V,A,72019,8/20/2008,yes,3809
3.13108E+14,D-22-22 17BDD2 [COTUWD],31.51913889,-110.1317528,COTUWD,USGS,GW,1.86,null,null,1,null,m,2,null,O,A,72019,3/8/2007,no,3810
3.1311E+14,D-22-22 17ACC2 [COT-LD],31.5197222,-110.1294444,COT-LD,USGS,GW,3.42,null,null,1,USGS,m,2,S,V,A,72019,6/19/2012,no,3812
3.12859E+14,D-22-22 28CAA1 [HUN-LI],31.4832611,-110.1186889,HUN-LI,USGS,GW,4.32,null,null,1,USGS,m,2,S,V,A,72019,6/18/2012,no,3814
3.13105E+14,D-22-22 17ACC3 [COTBLM],31.5196,-110.1296389,COTBLM,USGS,GW,15.32,null,null,1,null,m,2,null,V,A,72019,10/16/2008,yes,3815
3.13108E+14,D-22-22 17BDD2 [COTUWD],31.51913889,-110.1317528,COTUWD,USGS,GW,1.86,null,null,1,null,m,2,null,O,A,72019,4/9/2007,no,3816
3.1311E+14,D-22-22 17ACC2 [COT-LD],31.5197222,-110.1294444,COT-LD,USGS,GW,-2.16,null,null,1,USGS,m,2,S,V,A,72019,9/13/2012,no,3818
3.12859E+14,D-22-22 28CAA1 [HUN-LI],31.4832611,-110.1186889,HUN-LI,USGS,GW,3.91,null,null,1,USGS,m,2,S,V,A,72019,5/29/2013,no,3820
3.13105E+14,D-22-22 17ACC3 [COTBLM],31.5196,-110.1296389,COTBLM,USGS,GW,14.66,null,null,1,USGS,m,2,S,V,A,72019,12/3/2008,yes,3821
3.13108E+14,D-22-22 17BDD2 [COTUWD],31.51913889,-110.1317528,COTUWD,USGS,GW,1.94,null,null,1,null,m,2,null,O,A,72019,5/8/2007,no,3822
3.1311E+14,D-22-22 17ACC2 [COT-LD],31.5197222,-110.1294444,COT-LD,USGS,GW,2.7,null,null,1,USGS,m,2,S,V,A,72019,5/30/2013,no,3824
3.12859E+14,D-22-22 28CAA1 [HUN-LI],31.4832611,-110.1186889,HUN-LI,USGS,GW,5.26,null,null,1,USGS,m,2,S,V,A,72019,7/1/2013,no,3826
3.13105E+14,D-22-22 17ACC3 [COTBLM],31.5196,-110.1296389,COTBLM,USGS,GW,14.46,null,null,1,null,m,2,null,V,A,72019,12/11/2008,yes,3827
3.13108E+14,D-22-22 17BDD2 [COTUWD],31.51913889,-110.1317528,COTUWD,USGS,GW,2.2,null,null,1,null,m,2,null,O,A,72019,6/12/2007,no,3828
3.1311E+14,D-22-22 17ACC2 [COT-LD],31.5197222,-110.1294444,COT-LD,USGS,GW,2.99,null,null,1,USGS,m,2,S,V,A,72019,7/1/2013,no,3829
3.12859E+14,D-22-22 28CAA1 [HUN-LI],31.4832611,-110.1186889,HUN-LI,USGS,GW,2.86,null,null,1,USGS,m,2,S,V,A,72019,1/10/2014,no,3831
3.1311E+14,D-22-22 17ACC2 [COT-LD],31.5197222,-110.1294444,COT-LD,USGS,GW,1.81,null,null,1,USGS,m,2,S,V,A,72019,10/30/2013,no,3833
3.13108E+14,D-22-22 17BDD2 [COTUWD],31.51913889,-110.1317528,COTUWD,USGS,GW,2.49,null,null,1,null,m,2,null,O,A,72019,7/17/2007,no,3834
3.13105E+14,D-22-22 17ACC3 [COTBLM],31.5196,-110.1296389,COTBLM,USGS,GW,14.2,null,null,1,null,m,2,null,V,A,72019,1/7/2009,yes,3835
3.1311E+14,D-22-22 17ACC2 [COT-LD],31.5197222,-110.1294444,COT-LD,USGS,GW,2.39,null,null,1,USGS,m,2,S,V,A,72019,1/8/2014,no,3837
3.13108E+14,D-22-22 17BDD2 [COTUWD],31.51913889,-110.1317528,COTUWD,USGS,GW,1.83,null,null,1,null,m,2,null,O,A,72019,8/13/2007,no,3838
3.12859E+14,D-22-22 28CAA1 [HUN-LI],31.4832611,-110.1186889,HUN-LI,USGS,GW,2.87,null,null,1,USGS,m,2,S,V,A,72019,4/2/2014,no,3840
3.13105E+14,D-22-22 17ACC3 [COTBLM],31.5196,-110.1296389,COTBLM,USGS,GW,14.18,null,null,1,USGS,m,2,S,V,A,72019,2/25/2009,yes,3841
3.1311E+14,D-22-22 17ACC2 [COT-LD],31.5197222,-110.1294444,COT-LD,USGS,GW,2.57,null,null,1,USGS,m,2,S,V,A,72019,4/2/2014,no,3843
3.13108E+14,D-22-22 17BDD2 [COTUWD],31.51913889,-110.1317528,COTUWD,USGS,GW,1.96,null,null,1,null,m,2,null,O,A,72019,9/13/2007,no,3844
3.12859E+14,D-22-22 28CAA1 [HUN-LI],31.4832611,-110.1186889,HUN-LI,USGS,GW,4.97,null,null,1,USGS,m,2,S,V,A,72019,6/25/2014,no,3846
3.13105E+14,D-22-22 17ACC3 [COTBLM],31.5196,-110.1296389,COTBLM,USGS,GW,14.17,null,null,1,null,m,2,null,V,A,72019,3/26/2009,yes,3847
3.1311E+14,D-22-22 17ACC2 [COT-LD],31.5197222,-110.1294444,COT-LD,USGS,GW,3.03,null,null,1,USGS,m,2,S,V,A,72019,6/25/2014,no,3849
3.13108E+14,D-22-22 17BDD2 [COTUWD],31.51913889,-110.1317528,COTUWD,USGS,GW,2.14,null,null,1,null,m,2,null,O,A,72019,10/23/2007,no,3850
3.12859E+14,D-22-22 28CAA1 [HUN-LI],31.4832611,-110.1186889,HUN-LI,USGS,GW,6.03,null,null,1,USGS,m,2,S,V,A,72019,6/28/2021,no,3852
3.13105E+14,D-22-22 17ACC3 [COTBLM],31.5196,-110.1296389,COTBLM,USGS,GW,15.85,null,null,1,null,m,2,null,V,A,72019,6/4/2009,yes,3853
3.1311E+14,D-22-22 17ACC2 [COT-LD],31.5197222,-110.1294444,COT-LD,USGS,GW,-1.06,null,null,1,USGS,m,2,S,V,A,72019,11/3/2014,no,3855
3.13108E+14,D-22-22 17BDD2 [COTUWD],31.51913889,-110.1317528,COTUWD,USGS,GW,2.16,null,null,1,USGS,m,2,S,V,A,72019,11/7/2007,no,3856
3.12859E+14,D-22-22 28CAA1 [HUN-LI],31.4832611,-110.1186889,HUN-LI,USGS,GW,3.26,null,null,1,USGS,m,2,S,V,A,72019,10/19/2021,no,3858
3.13105E+14,D-22-22 17ACC3 [COTBLM],31.5196,-110.1296389,COTBLM,USGS,GW,15.81,null,null,1,USGS,m,2,S,V,A,72019,6/10/2009,yes,3859
3.1311E+14,D-22-22 17ACC2 [COT-LD],31.5197222,-110.1294444,COT-LD,USGS,GW,1.17,null,null,1,USGS,m,2,S,V,A,72019,1/14/2015,no,3861
3.13108E+14,D-22-22 17BDD2 [COTUWD],31.51913889,-110.1317528,COTUWD,USGS,GW,2.04,null,null,1,null,m,2,null,O,A,72019,11/16/2007,no,3862
3.12859E+14,D-22-22 28CAA1 [HUN-LI],31.4832611,-110.1186889,HUN-LI,USGS,GW,2.88,null,null,1,USGS,m,2,S,V,A,72019,2/1/2022,no,3864
3.13105E+14,D-22-22 17ACC3 [COTBLM],31.5196,-110.1296389,COTBLM,USGS,GW,16.55,null,null,1,null,m,2,null,V,A,72019,7/22/2009,yes,3865
3.1311E+14,D-22-22 17ACC2 [COT-LD],31.5197222,-110.1294444,COT-LD,USGS,GW,2.12,null,null,1,USGS,m,2,S,V,A,72019,4/15/2015,no,3866
3.13108E+14,D-22-22 17BDD2 [COTUWD],31.51913889,-110.1317528,COTUWD,USGS,GW,1.93,null,null,1,null,m,2,null,O,A,72019,12/7/2007,no,3867
3.1311E+14,D-22-22 17ACC2 [COT-LD],31.5197222,-110.1294444,COT-LD,USGS,GW,2.88,null,null,1,USGS,m,2,S,V,A,72019,7/14/2015,no,3870
3.12859E+14,D-22-22 28CAA1 [HUN-LI],31.4832611,-110.1186889,HUN-LI,USGS,GW,4.53,null,null,1,USGS,m,2,S,V,A,72019,6/28/2022,no,3871
3.13105E+14,D-22-22 17ACC3 [COTBLM],31.5196,-110.1296389,COTBLM,USGS,GW,16.88,null,null,1,null,m,2,null,V,A,72019,8/24/2009,yes,3872
3.1311E+14,D-22-22 17ACC2 [COT-LD],31.5197222,-110.1294444,COT-LD,USGS,GW,0.59,null,null,1,USGS,m,2,S,V,A,72019,10/7/2015,no,3874
3.12859E+14,D-22-22 28CAA1 [HUN-LI],31.4832611,-110.1186889,HUN-LI,USGS,GW,2.57,null,null,1,USGS,m,2,S,V,A,72019,10/19/2022,no,3875
3.13108E+14,D-22-22 17BDD2 [COTUWD],31.51913889,-110.1317528,COTUWD,USGS,GW,1.91,null,null,1,null,m,2,null,O,A,72019,1/14/2008,no,3876
3.13105E+14,D-22-22 17ACC3 [COTBLM],31.5196,-110.1296389,COTBLM,USGS,GW,16.74,null,null,1,USGS,m,2,S,V,A,72019,9/4/2009,yes,3878
3.1311E+14,D-22-22 17ACC2 [COT-LD],31.5197222,-110.1294444,COT-LD,USGS,GW,2.22,null,null,1,USGS,m,2,S,V,A,72019,1/20/2016,no,3880
3.12859E+14,D-22-22 28CAA1 [HUN-LI],31.4832611,-110.1186889,HUN-LI,USGS,GW,2.71,null,null,1,USGS,m,2,S,V,A,72019,1/25/2023,no,3881
3.13108E+14,D-22-22 17BDD2 [COTUWD],31.51913889,-110.1317528,COTUWD,USGS,GW,1.94,null,null,1,USGS,m,2,S,V,A,72019,2/20/2008,no,3882
3.13105E+14,D-22-22 17ACC3 [COTBLM],31.5196,-110.1296389,COTBLM,USGS,GW,16.77,null,null,1,null,m,2,null,V,A,72019,9/17/2009,yes,3884
3.1311E+14,D-22-22 17ACC2 [COT-LD],31.5197222,-110.1294444,COT-LD,USGS,GW,2.59,null,null,1,USGS,m,2,S,V,A,72019,4/19/2016,no,3886
3.12859E+14,D-22-22 28CAA1 [HUN-LI],31.4832611,-110.1186889,HUN-LI,USGS,GW,2.83,null,null,1,USGS,m,2,S,S,A,72019,4/18/2023,no,3887
3.13108E+14,D-22-22 17BDD2 [COTUWD],31.51913889,-110.1317528,COTUWD,USGS,GW,1.88,null,null,1,null,m,2,null,O,A,72019,2/25/2008,no,3888
3.13105E+14,D-22-22 17ACC3 [COTBLM],31.5196,-110.1296389,COTBLM,USGS,GW,16.52,null,null,1,null,m,2,null,V,A,72019,11/17/2009,yes,3890
3.1311E+14,D-22-22 17ACC2 [COT-LD],31.5197222,-110.1294444,COT-LD,USGS,GW,3.04,null,null,1,USGS,m,2,S,V,A,72019,6/28/2016,no,3892
3.12859E+14,D-22-22 28CAA1 [HUN-LI],31.4832611,-110.1186889,HUN-LI,USGS,GW,5.05,null,null,1,USGS,m,2,S,S,A,72019,6/27/2023,no,3893
3.13108E+14,D-22-22 17BDD2 [COTUWD],31.51913889,-110.1317528,COTUWD,USGS,GW,1.87,null,null,1,null,m,2,null,O,A,72019,3/11/2008,no,3894
3.13309E+14,D-22-22 06ABD [LSP-6],31.554,-110.1457194,LSP-6,USGS,GW,28.34,null,null,1,USGS,m,2,S,V,A,72019,2/3/2006,no,3895
3.13105E+14,D-22-22 17ACC3 [COTBLM],31.5196,-110.1296389,COTBLM,USGS,GW,15.92,null,null,1,USGS,m,2,S,V,A,72019,12/7/2009,yes,3896
3.1311E+14,D-22-22 17ACC2 [COT-LD],31.5197222,-110.1294444,COT-LD,USGS,GW,2.25,null,null,1,USGS,m,2,S,V,A,72019,10/20/2016,no,3898
3.12859E+14,D-22-22 28CAA1 [HUN-LI],31.4832611,-110.1186889,HUN-LI,USGS,GW,6.61,null,null,1,USGS,m,2,S,S,A,72019,11/2/2023,no,3899
3.13108E+14,D-22-22 17BDD2 [COTUWD],31.51913889,-110.1317528,COTUWD,USGS,GW,1.86,null,null,1,null,m,2,null,O,A,72019,4/14/2008,no,3900
3.13309E+14,D-22-22 06ABD [LSP-6],31.554,-110.1457194,LSP-6,USGS,GW,28.58,null,null,1,USGS,m,2,S,V,A,72019,5/11/2006,no,3901
3.13105E+14,D-22-22 17ACC3 [COTBLM],31.5196,-110.1296389,COTBLM,USGS,GW,15.8,null,null,1,null,m,2,null,V,A,72019,1/4/2010,yes,3902
3.1311E+14,D-22-22 17ACC2 [COT-LD],31.5197222,-110.1294444,COT-LD,USGS,GW,2.85,null,null,1,USGS,m,2,S,V,A,72019,1/18/2017,no,3903
3.12859E+14,D-22-22 28CAA1 [HUN-LI],31.4832611,-110.1186889,HUN-LI,USGS,GW,3.63,null,null,1,USGS,m,2,S,S,A,72019,2/14/2024,no,3904
3.13108E+14,D-22-22 17BDD2 [COTUWD],31.51913889,-110.1317528,COTUWD,USGS,GW,2.41,null,null,1,USGS,m,2,S,V,A,72019,6/26/2008,no,3905
3.1311E+14,D-22-22 17ACC2 [COT-LD],31.5197222,-110.1294444,COT-LD,USGS,GW,2.93,null,null,1,USGS,m,2,S,V,A,72019,4/25/2017,no,3907
3.13309E+14,D-22-22 06ABD [LSP-6],31.554,-110.1457194,LSP-6,USGS,GW,26.68,null,null,1,USGS,m,2,S,V,A,72019,9/8/2006,no,3908
3.13105E+14,D-22-22 17ACC3 [COTBLM],31.5196,-110.1296389,COTBLM,USGS,GW,15.42,null,null,1,USGS,m,2,S,T,A,72019,3/17/2010,yes,3909
3.13309E+14,D-22-22 06ABD [LSP-6],31.554,-110.1457194,LSP-6,USGS,GW,28.44,null,null,1,USGS,m,2,S,V,A,72019,2/13/2007,no,3910
3.1311E+14,D-22-22 17ACC2 [COT-LD],31.5197222,-110.1294444,COT-LD,USGS,GW,3.14,null,null,1,USGS,m,2,S,V,A,72019,6/28/2017,no,3912
3.13108E+14,D-22-22 17BDD2 [COTUWD],31.51913889,-110.1317528,COTUWD,USGS,GW,1.92,null,null,1,USGS,m,2,S,V,A,72019,8/20/2008,no,3913
3.12859E+14,D-22-22 28CAA1 [HUN-LI],31.4832611,-110.1186889,HUN-LI,USGS,GW,3.19,null,null,1,USGS,m,2,S,S,A,72019,4/18/2024,no,3914
3.13105E+14,D-22-22 17ACC3 [COTBLM],31.5196,-110.1296389,COTBLM,USGS,GW,15.41,null,null,1,USGS,m,2,S,T,A,72019,5/14/2010,yes,3915
3.13309E+14,D-22-22 06ABD [LSP-6],31.554,-110.1457194,LSP-6,USGS,GW,28.47,null,null,1,USGS,m,2,S,V,A,72019,2/14/2007,no,3916
3.1311E+14,D-22-22 17ACC2 [COT-LD],31.5197222,-110.1294444,COT-LD,USGS,GW,1.95,null,null,1,USGS,m,2,S,V,A,72019,10/18/2017,no,3918
3.13108E+14,D-22-22 17BDD2 [COTUWD],31.51913889,-110.1317528,COTUWD,USGS,GW,1.98,null,null,1,USGS,m,2,S,V,A,72019,12/3/2008,no,3919
3.12859E+14,D-22-22 28CAA1 [HUN-LI],31.4832611,-110.1186889,HUN-LI,USGS,GW,6.45,null,null,1,USGS,m,2,S,S,A,72019,6/24/2024,no,3920
3.13105E+14,D-22-22 17ACC3 [COTBLM],31.5196,-110.1296389,COTBLM,USGS,GW,15.99,null,null,1,USGS,m,2,S,V,A,72019,9/27/2010,yes,3921
3.13309E+14,D-22-22 06ABD [LSP-6],31.554,-110.1457194,LSP-6,USGS,GW,28.76,null,null,1,USGS,m,2,S,V,A,72019,5/9/2007,no,3922
3.1311E+14,D-22-22 17ACC2 [COT-LD],31.5197222,-110.1294444,COT-LD,USGS,GW,2.81,null,null,1,USGS,m,2,S,V,A,72019,1/9/2018,no,3924
3.13108E+14,D-22-22 17BDD2 [COTUWD],31.51913889,-110.1317528,COTUWD,USGS,GW,1.92,null,null,1,USGS,m,2,S,V,A,72019,2/25/2009,no,3925
3.12859E+14,D-22-22 28CAA1 [HUN-LI],31.4832611,-110.1186889,HUN-LI,USGS,GW,7.06,null,null,1,USGS,m,2,S,V,A,72019,10/29/2024,no,3926
3.13105E+14,D-22-22 17ACC3 [COTBLM],31.5196,-110.1296389,COTBLM,USGS,GW,15.94,null,null,1,USGS,m,2,S,T,A,72019,11/23/2010,yes,3927
3.13309E+14,D-22-22 06ABD [LSP-6],31.554,-110.1457194,LSP-6,USGS,GW,28.26,null,null,1,USGS,m,2,S,S,A,72019,1/7/2008,no,3928
3.13108E+14,D-22-22 17BDD2 [COTUWD],31.51913889,-110.1317528,COTUWD,USGS,GW,2.19,null,null,1,null,m,2,null,O,A,72019,6/9/2009,no,3930
3.12859E+14,D-22-22 28CAA1 [HUN-LI],31.4832611,-110.1186889,HUN-LI,USGS,GW,3.45,null,null,1,USGS,m,2,S,S,P,72019,2/26/2025,no,3931
3.13105E+14,D-22-22 17ACC3 [COTBLM],31.5196,-110.1296389,COTBLM,USGS,GW,16.92,null,null,1,USGS,m,2,S,V,A,72019,7/20/2011,yes,3932
3.13309E+14,D-22-22 06ABD [LSP-6],31.554,-110.1457194,LSP-6,USGS,GW,28.46,null,null,1,USGS,m,2,S,V,A,72019,5/1/2008,no,3933
3.13108E+14,D-22-22 17BDD2 [COTUWD],31.51913889,-110.1317528,COTUWD,USGS,GW,2.29,null,null,1,USGS,m,2,S,V,A,72019,6/10/2009,no,3935
3.13105E+14,D-22-22 17ACC3 [COTBLM],31.5196,-110.1296389,COTBLM,USGS,GW,16.75,null,null,1,USGS,m,2,S,V,A,72019,7/27/2011,yes,3937
3.13108E+14,D-22-22 17BDD2 [COTUWD],31.51913889,-110.1317528,COTUWD,USGS,GW,2.81,null,null,1,USGS,m,2,S,V,A,72019,9/4/2009,no,3939
3.13309E+14,D-22-22 06ABD [LSP-6],31.554,-110.1457194,LSP-6,USGS,GW,28.49,null,null,5,USGS,m,2,S,S,A,72019,5/1/2008,no,3940
3.13105E+14,D-22-22 17ACC3 [COTBLM],31.5196,-110.1296389,COTBLM,USGS,GW,16.91,null,null,1,USGS,m,2,S,V,A,72019,9/22/2011,yes,3942
3.13309E+14,D-22-22 06ABD [LSP-6],31.554,-110.1457194,LSP-6,USGS,GW,29.35,null,null,5,USGS,m,2,S,S,A,72019,7/2/2008,no,3943
3.13108E+14,D-22-22 17BDD2 [COTUWD],31.51913889,-110.1317528,COTUWD,USGS,GW,2.81,null,null,1,null,m,2,null,O,A,72019,11/17/2009,no,3946
3.13105E+14,D-22-22 17ACC3 [COTBLM],31.5196,-110.1296389,COTBLM,USGS,GW,15.71,null,null,1,USGS,m,2,S,V,A,72019,3/20/2012,yes,3947
3.13309E+14,D-22-22 06ABD [LSP-6],31.554,-110.1457194,LSP-6,USGS,GW,28.52,null,null,5,USGS,m,2,S,S,A,72019,11/6/2008,no,3948
3.13108E+14,D-22-22 17BDD2 [COTUWD],31.51913889,-110.1317528,COTUWD,USGS,GW,2.72,null,null,1,USGS,m,2,S,V,A,72019,12/7/2009,no,3951
3.13105E+14,D-22-22 17ACC3 [COTBLM],31.5196,-110.1296389,COTBLM,USGS,GW,17.12,null,null,1,USGS,m,2,S,V,A,72019,6/19/2012,yes,3952
3.13309E+14,D-22-22 06ABD [LSP-6],31.554,-110.1457194,LSP-6,USGS,GW,28.22,null,null,5,USGS,m,2,S,S,A,72019,3/5/2009,no,3953
3.13108E+14,D-22-22 17BDD2 [COTUWD],31.51913889,-110.1317528,COTUWD,USGS,GW,2.38,null,null,1,null,m,2,null,O,A,72019,3/11/2010,no,3956
3.13105E+14,D-22-22 17ACC3 [COTBLM],31.5196,-110.1296389,COTBLM,USGS,GW,16.46,null,null,1,USGS,m,2,S,V,A,72019,9/13/2012,yes,3957
3.13309E+14,D-22-22 06ABD [LSP-6],31.554,-110.1457194,LSP-6,USGS,GW,29.18,null,null,5,USGS,m,2,S,V,A,72019,6/24/2009,no,3958
3.13108E+14,D-22-22 17BDD2 [COTUWD],31.51913889,-110.1317528,COTUWD,USGS,GW,2.46,null,null,1,USGS,m,2,S,T,A,72019,3/17/2010,no,3961
3.13105E+14,D-22-22 17ACC3 [COTBLM],31.5196,-110.1296389,COTBLM,USGS,GW,16.56,null,null,1,USGS,m,2,S,V,A,72019,5/30/2013,yes,3962
3.13309E+14,D-22-22 06ABD [LSP-6],31.554,-110.1457194,LSP-6,USGS,GW,29.18,null,null,1,USGS,m,2,S,V,A,72019,7/10/2009,no,3963
3.13108E+14,D-22-22 17BDD2 [COTUWD],31.51913889,-110.1317528,COTUWD,USGS,GW,2.41,null,null,1,USGS,m,2,S,T,A,72019,5/14/2010,no,3966
3.13105E+14,D-22-22 17ACC3 [COTBLM],31.5196,-110.1296389,COTBLM,USGS,GW,17.45,null,null,1,USGS,m,2,S,V,A,72019,7/1/2013,yes,3967
3.13309E+14,D-22-22 06ABD [LSP-6],31.554,-110.1457194,LSP-6,USGS,GW,29.53,null,null,1,USGS,m,2,S,S,A,72019,8/12/2009,no,3968
3.13108E+14,D-22-22 17BDD2 [COTUWD],31.51913889,-110.1317528,COTUWD,USGS,GW,2.59,null,null,1,null,m,2,null,O,A,72019,6/23/2010,no,3971
3.13105E+14,D-22-22 17ACC3 [COTBLM],31.5196,-110.1296389,COTBLM,USGS,GW,16.56,null,null,1,USGS,m,2,S,V,A,72019,10/30/2013,yes,3972
3.13309E+14,D-22-22 06ABD [LSP-6],31.554,-110.1457194,LSP-6,USGS,GW,29.25,null,null,1,USGS,m,2,S,S,A,72019,10/16/2009,no,3973
3.13105E+14,D-22-22 17ACC3 [COTBLM],31.5196,-110.1296389,COTBLM,USGS,GW,15.92,null,null,1,USGS,m,2,S,V,A,72019,1/8/2014,yes,3975
3.13108E+14,D-22-22 17BDD2 [COTUWD],31.51913889,-110.1317528,COTUWD,USGS,GW,1.11,null,null,1,null,m,2,null,O,A,72019,7/28/2010,no,3976
3.129E+14,D-22-22 28CAA2 [HUN-LO],31.48331944,-110.1199667,HUN-LO,USGS,GW,2.6,null,null,1,null,m,2,null,O,A,72019,9/22/2006,no,3977
3.13309E+14,D-22-22 06ABD [LSP-6],31.554,-110.1457194,LSP-6,USGS,GW,28.81,null,null,1,USGS,m,2,S,S,A,72019,11/13/2009,no,3979
3.129E+14,D-22-22 28CAA2 [HUN-LO],31.48331944,-110.1199667,HUN-LO,USGS,GW,3.61,null,null,1,null,m,2,null,O,A,72019,10/23/2006,no,3980
3.13105E+14,D-22-22 17ACC3 [COTBLM],31.5196,-110.1296389,COTBLM,USGS,GW,15.77,null,null,1,USGS,m,2,S,V,A,72019,4/2/2014,yes,3982
3.13108E+14,D-22-22 17BDD2 [COTUWD],31.51913889,-110.1317528,COTUWD,USGS,GW,2.43,null,null,1,null,m,2,null,O,A,72019,11/23/2010,no,3983
3.13309E+14,D-22-22 06ABD [LSP-6],31.554,-110.1457194,LSP-6,USGS,GW,28.33,null,null,1,USGS,m,1,S,S,A,72019,3/18/2010,no,3984
3.129E+14,D-22-22 28CAA2 [HUN-LO],31.48331944,-110.1199667,HUN-LO,USGS,GW,3.66,null,null,1,null,m,2,null,O,A,72019,11/8/2006,no,3985
3.13105E+14,D-22-22 17ACC3 [COTBLM],31.5196,-110.1296389,COTBLM,USGS,GW,17.29,null,null,1,USGS,m,2,S,V,A,72019,6/25/2014,yes,3986
3.13108E+14,D-22-22 17BDD2 [COTUWD],31.51913889,-110.1317528,COTUWD,USGS,GW,2.48,null,null,1,USGS,m,2,S,T,A,72019,11/23/2010,no,3987
3.13309E+14,D-22-22 06ABD [LSP-6],31.554,-110.1457194,LSP-6,USGS,GW,28.33,null,null,1,USGS,m,1,S,S,A,72019,3/18/2010,no,3988
3.129E+14,D-22-22 28CAA2 [HUN-LO],31.48331944,-110.1199667,HUN-LO,USGS,GW,3.59,null,null,1,null,m,2,null,O,A,72019,12/4/2006,no,3989
3.13105E+14,D-22-22 17ACC3 [COTBLM],31.5196,-110.1296389,COTBLM,USGS,GW,15.25,null,null,1,USGS,m,2,S,V,A,72019,11/3/2014,yes,3990
3.13108E+14,D-22-22 17BDD2 [COTUWD],31.51913889,-110.1317528,COTUWD,USGS,GW,2.22,null,null,1,null,m,2,null,O,A,72019,2/1/2011,no,3991
3.13309E+14,D-22-22 06ABD [LSP-6],31.554,-110.1457194,LSP-6,USGS,GW,28.61,null,null,1,USGS,m,2,S,T,A,72019,5/27/2010,no,3992
3.13105E+14,D-22-22 17ACC3 [COTBLM],31.5196,-110.1296389,COTBLM,USGS,GW,14.94,null,null,1,USGS,m,2,S,V,A,72019,1/14/2015,yes,3993
3.13108E+14,D-22-22 17BDD2 [COTUWD],31.51913889,-110.1317528,COTUWD,USGS,GW,2.8,null,null,1,USGS,m,2,S,V,A,72019,7/20/2011,no,3994
3.13309E+14,D-22-22 06ABD [LSP-6],31.554,-110.1457194,LSP-6,USGS,GW,28.61,null,null,1,USGS,m,2,S,T,A,72019,5/27/2010,no,3995
3.13108E+14,D-22-22 17BDD2 [COTUWD],31.51913889,-110.1317528,COTUWD,USGS,GW,2.76,null,null,1,USGS,m,2,S,V,A,72019,9/21/2011,no,3996
3.13309E+14,D-22-22 06ABD [LSP-6],31.554,-110.1457194,LSP-6,USGS,GW,28.95,null,null,1,USGS,m,2,S,S,A,72019,6/16/2010,no,3997
3.13309E+14,D-22-22 06ABD [LSP-6],31.554,-110.1457194,LSP-6,USGS,GW,28.95,null,null,1,USGS,m,2,S,S,A,72019,6/16/2010,no,3998
3.13309E+14,D-22-22 06ABD [LSP-6],31.554,-110.1457194,LSP-6,USGS,GW,29.14,null,null,1,USGS,m,1,S,S,A,72019,7/27/2010,no,3999
3.13309E+14,D-22-22 06ABD [LSP-6],31.554,-110.1457194,LSP-6,USGS,GW,29.14,null,null,1,USGS,m,1,S,S,A,72019,7/27/2010,no,4000
3.13312E+14,D-22-22 06AAA7 [LSP-2],31.5534288,-110.1409118,LSP-2,USGS,GW,4.41,null,null,1,USGS,m,2,S,V,A,72019,2/3/2006,no,4006
3.13312E+14,D-22-22 06AAA7 [LSP-2],31.5534288,-110.1409118,LSP-2,USGS,GW,4.71,null,null,1,USGS,m,2,S,V,A,72019,5/11/2006,no,4007
3.1331E+14,D-22-22 05BBB3 [LSPLES],31.55300833,-110.1386028,LSPLES,USGS,GW,4.43,null,null,1,null,m,2,null,V,A,72019,10/19/2007,yes,4008
3.1331E+14,D-22-22 06AAA1 [LSPLED],31.55305556,-110.1386111,LSPLED,USGS,GW,2.4,null,null,1,null,m,2,null,O,A,72019,8/24/2009,no,4009
3.1331E+14,D-22-22 05BBB3 [LSPLES],31.55300833,-110.1386028,LSPLES,USGS,GW,3.99,null,null,1,null,m,2,null,V,A,72019,11/9/2007,yes,4011
3.1331E+14,D-22-22 06AAA1 [LSPLED],31.55305556,-110.1386111,LSPLED,USGS,GW,2.51,null,null,1,null,m,2,null,O,A,72019,9/17/2009,no,4012
3.13312E+14,D-22-22 06AAA7 [LSP-2],31.5534288,-110.1409118,LSP-2,USGS,GW,4.29,null,null,1,USGS,m,2,S,V,A,72019,10/4/2006,no,4013
3.1331E+14,D-22-22 06AAA1 [LSPLED],31.55305556,-110.1386111,LSPLED,USGS,GW,2.74,null,null,1,null,m,2,null,O,A,72019,11/17/2009,no,4014
3.1331E+14,D-22-22 05BBB3 [LSPLES],31.55300833,-110.1386028,LSPLES,USGS,GW,3.56,null,null,1,null,m,2,null,V,A,72019,12/6/2007,yes,4015
3.13312E+14,D-22-22 06AAA7 [LSP-2],31.5534288,-110.1409118,LSP-2,USGS,GW,4.53,null,null,1,USGS,m,2,S,S,A,72019,2/13/2007,no,4016
3.1331E+14,D-22-22 06AAA1 [LSPLED],31.55305556,-110.1386111,LSPLED,USGS,GW,2.84,null,null,1,null,m,2,null,O,A,72019,1/27/2010,no,4017
3.1331E+14,D-22-22 05BBB3 [LSPLES],31.55300833,-110.1386028,LSPLES,USGS,GW,3.22,null,null,1,null,m,2,null,V,A,72019,1/17/2008,yes,4018
3.13312E+14,D-22-22 06AAA7 [LSP-2],31.5534288,-110.1409118,LSP-2,USGS,GW,4.86,null,null,1,USGS,m,2,S,S,A,72019,5/9/2007,no,4019
3.1331E+14,D-22-22 06AAA1 [LSPLED],31.55305556,-110.1386111,LSPLED,USGS,GW,2.86,null,null,1,null,m,2,null,O,A,72019,2/9/2010,no,4020
3.1331E+14,D-22-22 05BBB3 [LSPLES],31.55300833,-110.1386028,LSPLES,USGS,GW,3.24,null,null,1,null,m,2,null,V,A,72019,2/20/2008,yes,4021
3.13312E+14,D-22-22 06AAA7 [LSP-2],31.5534288,-110.1409118,LSP-2,USGS,GW,4.96,null,null,1,USGS,m,2,S,S,A,72019,10/10/2007,no,4022
3.1331E+14,D-22-22 06AAA1 [LSPLED],31.55305556,-110.1386111,LSPLED,USGS,GW,2.87,null,null,1,null,m,2,null,O,A,72019,3/11/2010,no,4024
3.1331E+14,D-22-22 05BBB3 [LSPLES],31.55300833,-110.1386028,LSPLES,USGS,GW,3.32,null,null,1,null,m,2,null,V,A,72019,3/8/2008,yes,4025
3.13312E+14,D-22-22 06AAA7 [LSP-2],31.5534288,-110.1409118,LSP-2,USGS,GW,4.26,null,null,1,USGS,m,2,S,S,A,72019,1/7/2008,no,4026
3.13312E+14,D-22-22 05BBD2 [LSPUED],31.5533111,-110.1376583,LSPUED,USGS,GW,9.03,null,null,1,USGS,m,2,S,V,A,72019,4/5/2022,no,4028
3.1331E+14,D-22-22 06AAA1 [LSPLED],31.55305556,-110.1386111,LSPLED,USGS,GW,2.91,null,null,1,null,m,2,null,O,A,72019,5/3/2010,no,4029
3.1331E+14,D-22-22 06AAA1 [LSPLED],31.55305556,-110.1386111,LSPLED,USGS,GW,3.04,null,null,1,null,m,2,null,O,A,72019,6/23/2010,no,4030
3.1331E+14,D-22-22 06AAA1 [LSPLED],31.55305556,-110.1386111,LSPLED,USGS,GW,3.09,null,null,1,null,m,2,null,O,A,72019,7/28/2010,no,4031
3.1331E+14,D-22-22 06AAA1 [LSPLED],31.55305556,-110.1386111,LSPLED,USGS,GW,-0.52,null,null,1,null,m,2,null,O,A,72019,11/23/2010,no,4032
3.1331E+14,D-22-22 06AAA1 [LSPLED],31.55305556,-110.1386111,LSPLED,USGS,GW,-0.14,null,null,1,null,m,2,null,O,A,72019,2/1/2011,no,4033
3.1331E+14,D-22-22 06AAA1 [LSPLED],31.55305556,-110.1386111,LSPLED,USGS,GW,0.45,null,null,1,USGS,m,2,S,V,A,72019,7/21/2011,no,4034
3.1331E+14,D-22-22 06AAA1 [LSPLED],31.55305556,-110.1386111,LSPLED,USGS,GW,0.75,null,null,1,USGS,m,2,S,V,A,72019,9/22/2011,no,4035
3.1331E+14,D-22-22 06AAA1 [LSPLED],31.55305556,-110.1386111,LSPLED,USGS,GW,1.41,null,null,1,USGS,m,2,S,V,A,72019,3/20/2012,no,4036
3.1331E+14,D-22-22 06AAA1 [LSPLED],31.55305556,-110.1386111,LSPLED,USGS,GW,1.66,null,null,1,USGS,m,2,S,V,A,72019,6/19/2012,no,4037
3.1331E+14,D-22-22 06AAA1 [LSPLED],31.55305556,-110.1386111,LSPLED,USGS,GW,-1.59,null,null,1,USGS,m,2,S,V,A,72019,9/12/2012,no,4038
3.1331E+14,D-22-22 06AAA1 [LSPLED],31.55305556,-110.1386111,LSPLED,USGS,GW,0.32,null,null,1,USGS,m,2,S,V,A,72019,5/30/2013,no,4039
3.1331E+14,D-22-22 06AAA1 [LSPLED],31.55305556,-110.1386111,LSPLED,USGS,GW,0.47,null,null,1,USGS,m,2,S,V,A,72019,7/1/2013,no,4040
3.1331E+14,D-22-22 06AAA1 [LSPLED],31.55305556,-110.1386111,LSPLED,USGS,GW,-0.75,null,null,1,USGS,m,2,S,V,A,72019,10/30/2013,no,4041
3.1331E+14,D-22-22 06AAA1 [LSPLED],31.55305556,-110.1386111,LSPLED,USGS,GW,-0.3,null,null,1,USGS,m,2,S,V,A,72019,1/8/2014,no,4042
3.1331E+14,D-22-22 06AAA1 [LSPLED],31.55305556,-110.1386111,LSPLED,USGS,GW,0.06,null,null,1,USGS,m,2,S,V,A,72019,4/2/2014,no,4043
3.1331E+14,D-22-22 06AAA1 [LSPLED],31.55305556,-110.1386111,LSPLED,USGS,GW,0.39,null,null,1,USGS,m,2,S,V,A,72019,6/24/2014,no,4044
3.1331E+14,D-22-22 06AAA1 [LSPLED],31.55305556,-110.1386111,LSPLED,USGS,GW,4.14,null,null,1,USGS,m,2,S,V,A,72019,4/8/2020,no,4045
3.1331E+14,D-22-22 06AAA1 [LSPLED],31.55305556,-110.1386111,LSPLED,USGS,GW,5.37,null,null,1,USGS,m,2,S,V,A,72019,6/25/2020,no,4046
3.1331E+14,D-22-22 06AAA1 [LSPLED],31.55305556,-110.1386111,LSPLED,USGS,GW,5.3,null,null,1,USGS,m,2,S,V,A,72019,10/5/2020,no,4047
3.1331E+14,D-22-22 06AAA1 [LSPLED],31.55305556,-110.1386111,LSPLED,USGS,GW,4.35,null,null,1,USGS,m,2,S,V,A,72019,2/10/2021,no,4048
3.1331E+14,D-22-22 06AAA1 [LSPLED],31.55305556,-110.1386111,LSPLED,USGS,GW,4.33,null,null,1,USGS,m,2,S,V,A,72019,4/7/2021,no,4049
3.1331E+14,D-22-22 06AAA1 [LSPLED],31.55305556,-110.1386111,LSPLED,USGS,GW,5.24,null,null,1,USGS,m,2,S,V,A,72019,6/29/2021,no,4050
3.1331E+14,D-22-22 06AAA1 [LSPLED],31.55305556,-110.1386111,LSPLED,USGS,GW,4.41,null,null,1,USGS,m,2,S,V,A,72019,10/21/2021,no,4051
3.1331E+14,D-22-22 06AAA1 [LSPLED],31.55305556,-110.1386111,LSPLED,USGS,GW,3.95,null,null,1,USGS,m,2,S,V,A,72019,2/2/2022,no,4052
3.1331E+14,D-22-22 06AAA1 [LSPLED],31.55305556,-110.1386111,LSPLED,USGS,GW,3.93,null,null,1,USGS,m,2,S,V,A,72019,4/5/2022,no,4053
3.1331E+14,D-22-22 06AAA1 [LSPLED],31.55305556,-110.1386111,LSPLED,USGS,GW,4.89,null,null,1,USGS,m,2,S,V,A,72019,6/27/2022,no,4054
3.1331E+14,D-22-22 06AAA1 [LSPLED],31.55305556,-110.1386111,LSPLED,USGS,GW,4.41,null,null,1,USGS,m,2,S,V,P,72019,1/30/2023,no,4055
3.1331E+14,D-22-22 06AAA1 [LSPLED],31.55305556,-110.1386111,LSPLED,USGS,GW,4.64,null,null,1,USGS,m,2,S,V,P,72019,4/25/2023,no,4056
3.1331E+14,D-22-22 06AAA1 [LSPLED],31.55305556,-110.1386111,LSPLED,USGS,GW,5.38,null,null,1,USGS,m,2,S,S,P,72019,6/22/2023,no,4057
3.1331E+14,D-22-22 06AAA1 [LSPLED],31.55305556,-110.1386111,LSPLED,USGS,GW,5.22,null,null,1,USGS,m,2,S,V,P,72019,11/16/2023,no,4058
3.1331E+14,D-22-22 06AAA1 [LSPLED],31.55305556,-110.1386111,LSPLED,USGS,GW,4.73,null,null,1,USGS,m,2,S,V,P,72019,2/13/2024,no,4059
3.1331E+14,D-22-22 06AAA1 [LSPLED],31.55305556,-110.1386111,LSPLED,USGS,GW,4.74,null,null,1,USGS,m,2,S,V,P,72019,4/17/2024,no,4060
3.1331E+14,D-22-22 06AAA1 [LSPLED],31.55305556,-110.1386111,LSPLED,USGS,GW,5.43,null,null,1,USGS,m,2,S,V,P,72019,6/24/2024,no,4061
3.1331E+14,D-22-22 06AAA1 [LSPLED],31.55305556,-110.1386111,LSPLED,USGS,GW,5.33,null,null,1,USGS,m,2,S,V,P,72019,10/28/2024,no,4062
3.1331E+14,D-22-22 06AAA1 [LSPLED],31.55305556,-110.1386111,LSPLED,USGS,GW,4.47,null,null,1,USGS,m,2,S,S,P,72019,2/25/2025,no,4063
3.13312E+14,D-22-22 06AAA6 [LSP-1],31.5534288,-110.1403562,LSP-1,USGS,GW,11.07,null,null,1,USGS,m,2,S,V,A,72019,9/18/2024,no,4124
3.13312E+14,D-22-22 06AAA5 [LSP-5],31.5534288,-110.1403562,LSP-5,USGS,GW,5.01,null,null,1,USGS,m,2,S,V,A,72019,4/24/2013,no,4126
3.13312E+14,D-22-22 06AAA4 [LSP-4],31.5534288,-110.1403562,LSP-4,USGS,GW,10.03,null,null,1,USGS,m,2,S,S,A,72019,10/28/2011,no,4127
3.1331E+14,D-22-22 05BBB3 [LSPLES],31.55300833,-110.1386028,LSPLES,USGS,GW,3.68,null,null,1,null,m,2,null,V,A,72019,4/15/2008,yes,4128
3.13312E+14,D-22-22 06AAA4 [LSP-4],31.5534288,-110.1403562,LSP-4,USGS,GW,10.05,null,null,1,USGS,m,2,S,S,A,72019,5/18/2012,no,4129
3.13312E+14,D-22-22 06AAA6 [LSP-1],31.5534288,-110.1403562,LSP-1,USGS,GW,10.64,null,null,1,USGS,m,2,S,V,A,72019,11/26/2024,no,4131
3.13312E+14,D-22-22 06AAA5 [LSP-5],31.5534288,-110.1403562,LSP-5,USGS,GW,5.22,null,null,1,USGS,m,2,S,T,A,72019,5/21/2013,no,4132
3.13312E+14,D-22-22 06AAA7 [LSP-2],31.5534288,-110.1409118,LSP-2,USGS,GW,4.55,null,null,1,USGS,m,2,S,S,A,72019,5/1/2008,no,4133
3.13312E+14,D-22-22 05BBD2 [LSPUED],31.5533111,-110.1376583,LSPUED,USGS,GW,9.91,null,null,1,USGS,m,2,S,V,A,72019,6/27/2022,no,4136
3.13312E+14,D-22-22 06AAA5 [LSP-5],31.5534288,-110.1403562,LSP-5,USGS,GW,4.81,null,null,1,USGS,m,2,S,V,A,72019,8/15/2013,no,4137
3.13312E+14,D-22-22 06AAA6 [LSP-1],31.5534288,-110.1403562,LSP-1,USGS,GW,10.5,null,null,1,USGS,m,2,S,V,A,72019,3/13/2025,no,4139
3.13312E+14,D-22-22 06AAA7 [LSP-2],31.5534288,-110.1409118,LSP-2,USGS,GW,5.4,null,null,1,USGS,m,2,S,S,A,72019,7/2/2008,no,4140
3.1331E+14,D-22-22 05BBB3 [LSPLES],31.55300833,-110.1386028,LSPLES,USGS,GW,5.17,null,null,1,USGS,m,2,S,V,A,72019,7/21/2011,yes,4143
3.13312E+14,D-22-22 05BBD2 [LSPUED],31.5533111,-110.1376583,LSPUED,USGS,GW,9.22,null,null,1,USGS,m,2,S,V,A,72019,10/3/2022,no,4144
3.13312E+14,D-22-22 06AAA7 [LSP-2],31.5534288,-110.1409118,LSP-2,USGS,GW,5,null,null,1,USGS,m,2,S,S,A,72019,7/21/2008,no,4146
3.1331E+14,D-22-22 05BBB3 [LSPLES],31.55300833,-110.1386028,LSPLES,USGS,GW,4.37,null,null,1,USGS,m,2,S,V,A,72019,9/22/2011,yes,4149
3.13312E+14,D-22-22 05BBD2 [LSPUED],31.5533111,-110.1376583,LSPUED,USGS,GW,9.19,null,null,1,USGS,m,2,S,V,P,72019,1/30/2023,no,4151
3.13312E+14,D-22-22 06AAA7 [LSP-2],31.5534288,-110.1409118,LSP-2,USGS,GW,3.68,null,null,1,USGS,m,2,S,S,A,72019,7/30/2008,no,4152
3.13312E+14,D-22-22 06AAA4 [LSP-4],31.5534288,-110.1403562,LSP-4,USGS,GW,10.41,null,null,1,USGS,m,2,S,S,A,72019,10/4/2012,no,4154
3.13312E+14,D-22-22 06AAA5 [LSP-5],31.5534288,-110.1403562,LSP-5,USGS,GW,4.93,null,null,1,USGS,m,2,S,T,A,72019,12/16/2013,no,4156
3.13312E+14,D-22-22 06AAA7 [LSP-2],31.5534288,-110.1409118,LSP-2,USGS,GW,4.55,null,null,1,USGS,m,2,S,S,A,72019,11/6/2008,no,4157
3.1331E+14,D-22-22 05BBB3 [LSPLES],31.55300833,-110.1386028,LSPLES,USGS,GW,4.89,null,null,3,USGS,m,2,S,S,A,72019,5/16/2024,yes,4159
3.13312E+14,D-22-22 06AAA5 [LSP-5],31.5534288,-110.1403562,LSP-5,USGS,GW,4.88,null,null,1,USGS,m,2,S,T,A,72019,4/17/2014,no,4160
3.13312E+14,D-22-22 06AAA7 [LSP-2],31.5534288,-110.1409118,LSP-2,USGS,GW,4.4,null,null,1,USGS,m,2,S,S,A,72019,1/13/2009,no,4162
3.1331E+14,D-22-22 05BBB3 [LSPLES],31.55300833,-110.1386028,LSPLES,USGS,GW,5.17,null,null,1,USGS,m,2,S,S,A,72019,6/24/2024,yes,4166
3.13312E+14,D-22-22 05BBD2 [LSPUED],31.5533111,-110.1376583,LSPUED,USGS,GW,9.31,null,null,1,USGS,m,2,S,V,P,72019,4/25/2023,no,4167
3.13312E+14,D-22-22 06AAA4 [LSP-4],31.5534288,-110.1403562,LSP-4,USGS,GW,9.91,null,null,1,USGS,m,2,S,V,A,72019,1/8/2013,no,4168
3.13312E+14,D-22-22 06AAA4 [LSP-4],31.5534288,-110.1403562,LSP-4,USGS,GW,9.89,null,null,1,USGS,m,2,S,V,A,72019,2/6/2013,no,4170
3.13312E+14,D-22-22 05BBD2 [LSPUED],31.5533111,-110.1376583,LSPUED,USGS,GW,9.93,null,null,1,USGS,m,2,S,S,P,72019,6/22/2023,no,4171
3.13312E+14,D-22-22 06AAA7 [LSP-2],31.5534288,-110.1409118,LSP-2,USGS,GW,5.25,null,null,1,USGS,m,2,S,V,A,72019,7/10/2009,no,4172
3.1331E+14,D-22-22 05BBB3 [LSPLES],31.55300833,-110.1386028,LSPLES,USGS,GW,5.05,null,null,1,USGS,m,2,S,V,A,72019,10/28/2024,yes,4176
3.13312E+14,D-22-22 06AAA5 [LSP-5],31.5534288,-110.1403562,LSP-5,USGS,GW,5.46,null,null,1,USGS,m,2,S,T,A,72019,7/9/2014,no,4177
3.13312E+14,D-22-22 05BBD2 [LSPUED],31.5533111,-110.1376583,LSPUED,USGS,GW,10.15,null,null,1,USGS,m,2,S,V,P,72019,11/16/2023,no,4178
3.13312E+14,D-22-22 06AAA7 [LSP-2],31.5534288,-110.1409118,LSP-2,USGS,GW,5.5,null,null,1,USGS,m,2,S,V,A,72019,7/31/2009,no,4179
3.13312E+14,D-22-22 06AAA4 [LSP-4],31.5534288,-110.1403562,LSP-4,USGS,GW,9.83,null,null,1,USGS,m,2,S,V,A,72019,3/20/2013,no,4215
3.1331E+14,D-22-22 05BBB3 [LSPLES],31.55300833,-110.1386028,LSPLES,USGS,GW,3.92,null,null,1,null,m,2,null,V,A,72019,10/3/2006,yes,4264
3.1331E+14,D-22-22 05BBB3 [LSPLES],31.55300833,-110.1386028,LSPLES,USGS,GW,4.22,null,null,1,null,m,2,null,V,A,72019,11/1/2006,yes,4265
3.1331E+14,D-22-22 05BBB3 [LSPLES],31.55300833,-110.1386028,LSPLES,USGS,GW,4.1,null,null,1,null,m,2,null,V,A,72019,12/5/2006,yes,4266
3.1331E+14,D-22-22 05BBB3 [LSPLES],31.55300833,-110.1386028,LSPLES,USGS,GW,4.05,null,null,1,null,m,2,null,V,A,72019,1/4/2007,yes,4267
3.1331E+14,D-22-22 05BBB3 [LSPLES],31.55300833,-110.1386028,LSPLES,USGS,GW,4.03,null,null,1,null,m,2,null,V,A,72019,2/5/2007,yes,4268
3.1331E+14,D-22-22 05BBB3 [LSPLES],31.55300833,-110.1386028,LSPLES,USGS,GW,4.03,null,null,1,null,m,2,null,V,A,72019,3/7/2007,yes,4269
3.1331E+14,D-22-22 05BBB3 [LSPLES],31.55300833,-110.1386028,LSPLES,USGS,GW,4.21,null,null,1,null,m,2,null,V,A,72019,4/5/2007,yes,4270
3.1331E+14,D-22-22 05BBB3 [LSPLES],31.55300833,-110.1386028,LSPLES,USGS,GW,4.68,null,null,1,null,m,2,null,V,A,72019,5/7/2007,yes,4271
3.1331E+14,D-22-22 05BBB3 [LSPLES],31.55300833,-110.1386028,LSPLES,USGS,GW,5.06,null,null,1,null,m,2,null,V,A,72019,6/7/2007,yes,4272
3.1331E+14,D-22-22 05BBB3 [LSPLES],31.55300833,-110.1386028,LSPLES,USGS,GW,5.09,null,null,1,null,m,2,null,V,A,72019,7/16/2007,yes,4273
3.1331E+14,D-22-22 05BBB3 [LSPLES],31.55300833,-110.1386028,LSPLES,USGS,GW,1.16,null,null,1,null,m,2,null,V,A,72019,8/9/2007,yes,4274
3.1331E+14,D-22-22 05BBB3 [LSPLES],31.55300833,-110.1386028,LSPLES,USGS,GW,4.34,null,null,1,null,m,2,null,V,A,72019,9/7/2007,yes,4275
3.13312E+14,D-22-22 06AAA4 [LSP-4],31.5534288,-110.1403562,LSP-4,USGS,GW,10.04,null,null,1,USGS,m,2,S,V,A,72019,4/24/2013,no,4276
3.13312E+14,D-22-22 06AAA7 [LSP-2],31.5534288,-110.1409118,LSP-2,USGS,GW,5.53,null,null,1,USGS,m,2,S,S,A,72019,8/12/2009,no,4277
3.1331E+14,D-22-22 05BBB3 [LSPLES],31.55300833,-110.1386028,LSPLES,USGS,GW,4.17,null,null,1,USGS,m,2,S,S,P,72019,2/25/2025,yes,4278
3.13312E+14,D-22-22 06AAA4 [LSP-4],31.5534288,-110.1403562,LSP-4,USGS,GW,10.28,null,null,1,USGS,m,2,S,T,A,72019,5/21/2013,no,4279
3.13312E+14,D-22-22 06AAA7 [LSP-2],31.5534288,-110.1409118,LSP-2,USGS,GW,4.14,null,null,1,USGS,m,2,S,S,A,72019,10/16/2009,no,4280
3.13312E+14,D-22-22 05BBD2 [LSPUED],31.5533111,-110.1376583,LSPUED,USGS,GW,9.51,null,null,1,USGS,m,2,S,V,P,72019,2/13/2024,no,4281
3.13312E+14,D-22-22 06AAA4 [LSP-4],31.5534288,-110.1403562,LSP-4,USGS,GW,10.16,null,null,1,USGS,m,2,S,V,A,72019,8/15/2013,no,4282
3.13312E+14,D-22-22 06AAA7 [LSP-2],31.5534288,-110.1409118,LSP-2,USGS,GW,4.85,null,null,1,USGS,m,2,S,S,A,72019,11/13/2009,no,4287
3.13312E+14,D-22-22 05BBD2 [LSPUED],31.5533111,-110.1376583,LSPUED,USGS,GW,9.49,null,null,1,USGS,m,2,S,V,P,72019,4/17/2024,no,4288
3.13312E+14,D-22-22 06AAA5 [LSP-5],31.5534288,-110.1403562,LSP-5,USGS,GW,4.53,null,null,1,USGS,m,2,S,V,A,72019,10/8/2014,no,4289
3.13312E+14,D-22-22 06AAA4 [LSP-4],31.5534288,-110.1403562,LSP-4,USGS,GW,10.39,null,null,1,USGS,m,2,S,T,A,72019,4/17/2014,no,4291
3.13312E+14,D-22-22 06AAA7 [LSP-2],31.5534288,-110.1409118,LSP-2,USGS,GW,4.48,null,null,1,USGS,m,2,S,S,A,72019,12/19/2009,no,4292
3.13312E+14,D-22-22 06AAA4 [LSP-4],31.5534288,-110.1403562,LSP-4,USGS,GW,10.42,null,null,1,USGS,m,2,S,T,A,72019,4/30/2014,no,4293
3.13312E+14,D-22-22 05BBD2 [LSPUED],31.5533111,-110.1376583,LSPUED,USGS,GW,10.39,null,null,1,USGS,m,2,S,V,P,72019,6/24/2024,no,4295
3.13312E+14,D-22-22 06AAA7 [LSP-2],31.5534288,-110.1409118,LSP-2,USGS,GW,4.36,null,null,1,USGS,m,2,S,S,A,72019,2/10/2010,no,4297
3.13312E+14,D-22-22 05BBD2 [LSPUED],31.5533111,-110.1376583,LSPUED,USGS,GW,10.39,null,null,1,USGS,m,2,S,V,P,72019,10/28/2024,no,4300
3.13312E+14,D-22-22 06AAA4 [LSP-4],31.5534288,-110.1403562,LSP-4,USGS,GW,10.08,null,null,1,USGS,m,2,S,T,A,72019,7/9/2014,no,4303
3.13312E+14,D-22-22 06AAA5 [LSP-5],31.5534288,-110.1403562,LSP-5,USGS,GW,4.66,null,null,1,USGS,m,2,S,V,A,72019,10/20/2014,no,4304
3.13312E+14,D-22-22 05BBD2 [LSPUED],31.5533111,-110.1376583,LSPUED,USGS,GW,9.37,null,null,1,USGS,m,2,S,S,P,72019,2/25/2025,no,4305
3.13312E+14,D-22-22 06AAA7 [LSP-2],31.5534288,-110.1409118,LSP-2,USGS,GW,4.41,null,null,1,USGS,m,1,S,S,A,72019,3/17/2010,no,4310
3.13312E+14,D-22-22 06AAA5 [LSP-5],31.5534288,-110.1403562,LSP-5,USGS,GW,5.05,null,null,1,USGS,m,2,S,T,A,72019,1/15/2015,no,4311
3.13312E+14,D-22-22 06AAA4 [LSP-4],31.5534288,-110.1403562,LSP-4,USGS,GW,10.75,null,null,1,USGS,m,2,S,V,A,72019,10/8/2014,no,4313
3.13312E+14,D-22-22 06AAA7 [LSP-2],31.5534288,-110.1409118,LSP-2,USGS,GW,4.41,null,null,1,USGS,m,1,S,S,A,72019,3/17/2010,no,4318
3.13312E+14,D-22-22 06AAA5 [LSP-5],31.5534288,-110.1403562,LSP-5,USGS,GW,5.18,null,null,1,USGS,m,2,S,T,A,72019,4/27/2015,no,4319
3.13312E+14,D-22-22 06AAA4 [LSP-4],31.5534288,-110.1403562,LSP-4,USGS,GW,10.66,null,null,1,USGS,m,2,S,V,A,72019,10/20/2014,no,4322
3.13312E+14,D-22-22 06AAA5 [LSP-5],31.5534288,-110.1403562,LSP-5,USGS,GW,5.68,null,null,1,USGS,m,2,S,T,A,72019,7/24/2015,no,4324
3.13312E+14,D-22-22 06AAA7 [LSP-2],31.5534288,-110.1409118,LSP-2,USGS,GW,4.71,null,null,1,USGS,m,1,S,T,A,72019,5/27/2010,no,4328
3.13312E+14,D-22-22 06AAA4 [LSP-4],31.5534288,-110.1403562,LSP-4,USGS,GW,11.05,null,null,1,USGS,m,2,S,T,A,72019,1/15/2015,no,4330
3.13312E+14,D-22-22 06AAA5 [LSP-5],31.5534288,-110.1403562,LSP-5,USGS,GW,5.3,null,null,1,USGS,m,2,S,V,A,72019,11/19/2015,no,4331
3.13312E+14,D-22-22 06AAA7 [LSP-2],31.5534288,-110.1409118,LSP-2,USGS,GW,4.71,null,null,1,USGS,m,1,S,T,A,72019,5/27/2010,no,4336
3.13312E+14,D-22-22 06AAA4 [LSP-4],31.5534288,-110.1403562,LSP-4,USGS,GW,11.31,null,null,1,USGS,m,2,S,T,A,72019,4/27/2015,no,4338
3.13312E+14,D-22-22 06AAA5 [LSP-5],31.5534288,-110.1403562,LSP-5,USGS,GW,5.16,null,null,1,USGS,m,2,S,V,A,72019,2/11/2016,no,4339
3.13312E+14,D-22-22 05BBD2 [LSPUED],31.5533111,-110.1376583,LSPUED,USGS,GW,8.38,null,null,1,null,m,2,null,O,A,72019,10/3/2006,no,4340
3.13312E+14,D-22-22 06AAA6 [LSP-1],31.5534288,-110.1403562,LSP-1,USGS,GW,9.41,null,null,1,USGS,m,2,S,V,A,72019,2/3/2006,no,4342
3.13312E+14,D-22-22 06AAA7 [LSP-2],31.5534288,-110.1409118,LSP-2,USGS,GW,5.01,null,null,1,USGS,m,1,S,S,A,72019,6/16/2010,no,4344
3.13312E+14,D-22-22 06AAA4 [LSP-4],31.5534288,-110.1403562,LSP-4,USGS,GW,11.47,null,null,1,USGS,m,2,S,T,A,72019,7/24/2015,no,4346
3.13312E+14,D-22-22 06AAA5 [LSP-5],31.5534288,-110.1403562,LSP-5,USGS,GW,5.5,null,null,1,USGS,m,2,S,V,A,72019,5/12/2016,no,4347
3.13312E+14,D-22-22 05BBD2 [LSPUED],31.5533111,-110.1376583,LSPUED,USGS,GW,8.68,null,null,1,null,m,2,null,O,A,72019,11/1/2006,no,4348
3.13312E+14,D-22-22 06AAA6 [LSP-1],31.5534288,-110.1403562,LSP-1,USGS,GW,10.07,null,null,1,USGS,m,2,S,V,A,72019,5/11/2006,no,4350
3.13312E+14,D-22-22 06AAA7 [LSP-2],31.5534288,-110.1409118,LSP-2,USGS,GW,5.01,null,null,1,USGS,m,1,S,S,A,72019,6/16/2010,no,4352
3.13312E+14,D-22-22 06AAA5 [LSP-5],31.5534288,-110.1403562,LSP-5,USGS,GW,5.27,null,null,1,USGS,m,2,S,V,A,72019,8/17/2016,no,4355
3.13312E+14,D-22-22 05BBD2 [LSPUED],31.5533111,-110.1376583,LSPUED,USGS,GW,8.67,null,null,1,null,m,2,null,O,A,72019,12/5/2006,no,4356
3.13312E+14,D-22-22 06AAA6 [LSP-1],31.5534288,-110.1403562,LSP-1,USGS,GW,10.05,null,null,1,USGS,m,2,S,V,A,72019,10/4/2006,no,4357
3.13312E+14,D-22-22 06AAA4 [LSP-4],31.5534288,-110.1403562,LSP-4,USGS,GW,11.05,null,null,1,USGS,m,2,S,V,A,72019,11/19/2015,no,4359
3.13312E+14,D-22-22 06AAA5 [LSP-5],31.5534288,-110.1403562,LSP-5,USGS,GW,5.63,null,null,1,USGS,m,2,S,V,A,72019,11/16/2016,no,4361
3.13312E+14,D-22-22 05BBD2 [LSPUED],31.5533111,-110.1376583,LSPUED,USGS,GW,8.63,null,null,1,null,m,2,null,O,A,72019,1/4/2007,no,4362
3.13312E+14,D-22-22 06AAA7 [LSP-2],31.5534288,-110.1409118,LSP-2,USGS,GW,5.13,null,null,1,USGS,m,1,S,S,A,72019,7/27/2010,no,4364
3.13312E+14,D-22-22 05BBD2 [LSPUED],31.5533111,-110.1376583,LSPUED,USGS,GW,8.63,null,null,1,null,m,2,null,O,A,72019,2/5/2007,no,4365
3.13312E+14,D-22-22 06AAA5 [LSP-5],31.5534288,-110.1403562,LSP-5,USGS,GW,5.31,null,null,1,USGS,m,2,S,V,A,72019,1/25/2017,no,4366
3.13312E+14,D-22-22 06AAA6 [LSP-1],31.5534288,-110.1403562,LSP-1,USGS,GW,10.19,null,null,1,USGS,m,2,S,S,A,72019,2/13/2007,no,4368
3.13312E+14,D-22-22 06AAA4 [LSP-4],31.5534288,-110.1403562,LSP-4,USGS,GW,11.01,null,null,1,USGS,m,2,S,V,A,72019,2/11/2016,no,4370
3.13312E+14,D-22-22 06AAA7 [LSP-2],31.5534288,-110.1409118,LSP-2,USGS,GW,5.13,null,null,1,USGS,m,1,S,S,A,72019,7/27/2010,no,4372
3.13312E+14,D-22-22 05BBD2 [LSPUED],31.5533111,-110.1376583,LSPUED,USGS,GW,8.62,null,null,1,null,m,2,null,O,A,72019,3/7/2007,no,4373
3.13312E+14,D-22-22 06AAA5 [LSP-5],31.5534288,-110.1403562,LSP-5,USGS,GW,5.54,null,null,1,USGS,m,2,S,V,A,72019,4/26/2017,no,4374
3.13312E+14,D-22-22 06AAA6 [LSP-1],31.5534288,-110.1403562,LSP-1,USGS,GW,10.7,null,null,1,USGS,m,2,S,S,A,72019,5/9/2007,no,4376
3.13312E+14,D-22-22 06AAA4 [LSP-4],31.5534288,-110.1403562,LSP-4,USGS,GW,11.01,null,null,1,USGS,m,2,S,V,A,72019,2/11/2016,no,4378
3.13312E+14,D-22-22 06AAA7 [LSP-2],31.5534288,-110.1409118,LSP-2,USGS,GW,4.57,null,null,1,USGS,m,1,S,S,A,72019,1/18/2011,no,4379
3.13312E+14,D-22-22 05BBD2 [LSPUED],31.5533111,-110.1376583,LSPUED,USGS,GW,8.71,null,null,1,null,m,2,null,O,A,72019,4/5/2007,no,4381
3.13312E+14,D-22-22 06AAA5 [LSP-5],31.5534288,-110.1403562,LSP-5,USGS,GW,6.34,null,null,1,USGS,m,2,S,V,A,72019,7/13/2017,no,4382
3.13312E+14,D-22-22 06AAA6 [LSP-1],31.5534288,-110.1403562,LSP-1,USGS,GW,9.96,null,null,1,USGS,m,2,S,S,A,72019,10/10/2007,no,4384
3.13312E+14,D-22-22 06AAA4 [LSP-4],31.5534288,-110.1403562,LSP-4,USGS,GW,11.47,null,null,1,USGS,m,2,S,V,A,72019,5/12/2016,no,4386
3.13312E+14,D-22-22 06AAA7 [LSP-2],31.5534288,-110.1409118,LSP-2,USGS,GW,4.57,null,null,1,USGS,m,1,S,S,A,72019,1/18/2011,no,4387
3.13312E+14,D-22-22 05BBD2 [LSPUED],31.5533111,-110.1376583,LSPUED,USGS,GW,8.96,null,null,1,null,m,2,null,O,A,72019,5/7/2007,no,4389
3.13312E+14,D-22-22 06AAA5 [LSP-5],31.5534288,-110.1403562,LSP-5,USGS,GW,5.75,null,null,1,USGS,m,2,S,V,A,72019,10/4/2017,no,4390
3.13312E+14,D-22-22 06AAA5 [LSP-5],31.5534288,-110.1403562,LSP-5,USGS,GW,4.54,null,null,1,USGS,m,2,S,V,A,72019,2/3/2006,no,4428
3.13312E+14,D-22-22 06AAA5 [LSP-5],31.5534288,-110.1403562,LSP-5,USGS,GW,4.87,null,null,1,USGS,m,2,S,V,A,72019,5/11/2006,no,4429
3.13312E+14,D-22-22 06AAA5 [LSP-5],31.5534288,-110.1403562,LSP-5,USGS,GW,4.43,null,null,1,USGS,m,2,S,V,A,72019,10/4/2006,no,4430
3.13312E+14,D-22-22 06AAA5 [LSP-5],31.5534288,-110.1403562,LSP-5,USGS,GW,4.67,null,null,1,USGS,m,2,S,S,A,72019,2/13/2007,no,4431
3.13312E+14,D-22-22 06AAA5 [LSP-5],31.5534288,-110.1403562,LSP-5,USGS,GW,5.01,null,null,1,USGS,m,2,S,S,A,72019,5/9/2007,no,4432
3.13312E+14,D-22-22 06AAA5 [LSP-5],31.5534288,-110.1403562,LSP-5,USGS,GW,5.05,null,null,1,USGS,m,2,S,S,A,72019,10/10/2007,no,4433
3.13312E+14,D-22-22 06AAA5 [LSP-5],31.5534288,-110.1403562,LSP-5,USGS,GW,4.4,null,null,1,USGS,m,2,S,S,A,72019,1/7/2008,no,4434
3.13312E+14,D-22-22 06AAA5 [LSP-5],31.5534288,-110.1403562,LSP-5,USGS,GW,4.69,null,null,1,USGS,m,2,S,S,A,72019,5/1/2008,no,4435
3.13312E+14,D-22-22 06AAA5 [LSP-5],31.5534288,-110.1403562,LSP-5,USGS,GW,5.56,null,null,1,USGS,m,2,S,S,A,72019,7/2/2008,no,4436
3.13312E+14,D-22-22 06AAA5 [LSP-5],31.5534288,-110.1403562,LSP-5,USGS,GW,5.14,null,null,1,USGS,m,2,S,S,A,72019,7/21/2008,no,4437
3.13312E+14,D-22-22 06AAA5 [LSP-5],31.5534288,-110.1403562,LSP-5,USGS,GW,3.84,null,null,1,USGS,m,2,S,S,A,72019,7/30/2008,no,4438
3.13312E+14,D-22-22 06AAA5 [LSP-5],31.5534288,-110.1403562,LSP-5,USGS,GW,4.69,null,null,1,USGS,m,2,S,S,A,72019,11/6/2008,no,4439
3.13312E+14,D-22-22 06AAA5 [LSP-5],31.5534288,-110.1403562,LSP-5,USGS,GW,4.46,null,null,1,USGS,m,2,S,S,A,72019,1/13/2009,no,4440
3.13312E+14,D-22-22 06AAA5 [LSP-5],31.5534288,-110.1403562,LSP-5,USGS,GW,4.43,null,null,1,USGS,m,2,S,S,A,72019,3/5/2009,no,4441
3.13312E+14,D-22-22 06AAA5 [LSP-5],31.5534288,-110.1403562,LSP-5,USGS,GW,4.44,null,null,1,USGS,m,2,S,S,A,72019,3/11/2009,no,4442
3.13312E+14,D-22-22 06AAA5 [LSP-5],31.5534288,-110.1403562,LSP-5,USGS,GW,4.44,null,null,1,USGS,m,2,S,S,A,72019,3/18/2009,no,4443
3.13312E+14,D-22-22 06AAA5 [LSP-5],31.5534288,-110.1403562,LSP-5,USGS,GW,5.64,null,null,1,USGS,m,2,S,T,A,72019,7/10/2009,no,4444
3.13312E+14,D-22-22 06AAA5 [LSP-5],31.5534288,-110.1403562,LSP-5,USGS,GW,5.56,null,null,1,USGS,m,2,S,T,A,72019,7/31/2009,no,4445
3.13312E+14,D-22-22 06AAA5 [LSP-5],31.5534288,-110.1403562,LSP-5,USGS,GW,5.67,null,null,1,USGS,m,2,S,T,A,72019,8/12/2009,no,4446
3.13312E+14,D-22-22 06AAA5 [LSP-5],31.5534288,-110.1403562,LSP-5,USGS,GW,3.66,null,null,1,USGS,m,2,S,S,A,72019,10/16/2009,no,4447
3.13312E+14,D-22-22 06AAA5 [LSP-5],31.5534288,-110.1403562,LSP-5,USGS,GW,5.06,null,null,1,USGS,m,2,S,S,A,72019,11/13/2009,no,4448
3.13312E+14,D-22-22 06AAA5 [LSP-5],31.5534288,-110.1403562,LSP-5,USGS,GW,4.65,null,null,1,USGS,m,2,S,S,A,72019,12/19/2009,no,4449
3.13312E+14,D-22-22 06AAA5 [LSP-5],31.5534288,-110.1403562,LSP-5,USGS,GW,4.53,null,null,1,USGS,m,2,S,S,A,72019,2/1/2010,no,4450
3.13312E+14,D-22-22 06AAA5 [LSP-5],31.5534288,-110.1403562,LSP-5,USGS,GW,4.57,null,null,1,USGS,m,1,S,S,A,72019,3/17/2010,no,4451
3.13312E+14,D-22-22 06AAA5 [LSP-5],31.5534288,-110.1403562,LSP-5,USGS,GW,4.57,null,null,1,USGS,m,1,S,S,A,72019,3/17/2010,no,4452
3.13312E+14,D-22-22 06AAA5 [LSP-5],31.5534288,-110.1403562,LSP-5,USGS,GW,4.85,null,null,1,USGS,m,1,S,T,A,72019,5/27/2010,no,4453
3.13312E+14,D-22-22 06AAA5 [LSP-5],31.5534288,-110.1403562,LSP-5,USGS,GW,4.85,null,null,1,USGS,m,1,S,T,A,72019,5/27/2010,no,4454
3.13312E+14,D-22-22 06AAA5 [LSP-5],31.5534288,-110.1403562,LSP-5,USGS,GW,5.15,null,null,1,USGS,m,1,S,S,A,72019,6/16/2010,no,4455
3.13312E+14,D-22-22 06AAA5 [LSP-5],31.5534288,-110.1403562,LSP-5,USGS,GW,5.15,null,null,1,USGS,m,1,S,S,A,72019,6/16/2010,no,4456
3.13312E+14,D-22-22 06AAA5 [LSP-5],31.5534288,-110.1403562,LSP-5,USGS,GW,5.26,null,null,1,USGS,m,1,S,S,A,72019,7/27/2010,no,4457
3.13312E+14,D-22-22 06AAA5 [LSP-5],31.5534288,-110.1403562,LSP-5,USGS,GW,5.26,null,null,1,USGS,m,1,S,S,A,72019,7/27/2010,no,4458
3.13312E+14,D-22-22 06AAA5 [LSP-5],31.5534288,-110.1403562,LSP-5,USGS,GW,4.7,null,null,1,USGS,m,1,S,S,A,72019,1/18/2011,no,4459
3.13312E+14,D-22-22 06AAA5 [LSP-5],31.5534288,-110.1403562,LSP-5,USGS,GW,4.7,null,null,1,USGS,m,1,S,S,A,72019,1/18/2011,no,4460
3.13312E+14,D-22-22 06AAA5 [LSP-5],31.5534288,-110.1403562,LSP-5,USGS,GW,4.8,null,null,1,USGS,m,1,S,S,A,72019,4/21/2011,no,4461
3.13312E+14,D-22-22 06AAA5 [LSP-5],31.5534288,-110.1403562,LSP-5,USGS,GW,4.81,null,null,1,USGS,m,1,S,S,A,72019,4/21/2011,no,4462
3.13312E+14,D-22-22 06AAA5 [LSP-5],31.5534288,-110.1403562,LSP-5,USGS,GW,5.55,null,null,5,USGS,m,2,S,S,A,72019,7/7/2011,no,4463
3.13312E+14,D-22-22 06AAA5 [LSP-5],31.5534288,-110.1403562,LSP-5,USGS,GW,5.1,null,null,1,USGS,m,2,S,S,A,72019,10/28/2011,no,4464
3.13312E+14,D-22-22 06AAA5 [LSP-5],31.5534288,-110.1403562,LSP-5,USGS,GW,4.66,null,null,1,USGS,m,2,S,S,A,72019,5/18/2012,no,4465
3.13312E+14,D-22-22 06AAA5 [LSP-5],31.5534288,-110.1403562,LSP-5,USGS,GW,4.28,null,null,1,USGS,m,2,S,S,A,72019,10/4/2012,no,4466
3.13312E+14,D-22-22 06AAA5 [LSP-5],31.5534288,-110.1403562,LSP-5,USGS,GW,4.98,null,null,1,USGS,m,2,S,V,A,72019,1/8/2013,no,4467
3.13312E+14,D-22-22 06AAA5 [LSP-5],31.5534288,-110.1403562,LSP-5,USGS,GW,4.89,null,null,1,USGS,m,2,S,V,A,72019,2/6/2013,no,4468
3.13312E+14,D-22-22 06AAA5 [LSP-5],31.5534288,-110.1403562,LSP-5,USGS,GW,4.85,null,null,1,USGS,m,2,S,V,A,72019,3/20/2013,no,4469
3.13312E+14,D-22-22 06AAA4 [LSP-4],31.5534288,-110.1403562,LSP-4,USGS,GW,10.93,null,null,1,USGS,m,2,S,V,A,72019,8/17/2016,no,4470
3.13312E+14,D-22-22 06AAA6 [LSP-1],31.5534288,-110.1403562,LSP-1,USGS,GW,9.05,null,null,1,USGS,m,2,S,S,A,72019,1/7/2008,no,4471
3.13312E+14,D-22-22 06AAA7 [LSP-2],31.5534288,-110.1409118,LSP-2,USGS,GW,4.62,null,null,1,USGS,m,1,S,S,A,72019,4/21/2011,no,4473
3.13312E+14,D-22-22 06AAA6 [LSP-1],31.5534288,-110.1403562,LSP-1,USGS,GW,9.7,null,null,1,USGS,m,2,S,S,A,72019,5/1/2008,no,4474
3.13312E+14,D-22-22 05BBD2 [LSPUED],31.5533111,-110.1376583,LSPUED,USGS,GW,9.33,null,null,1,null,m,2,null,O,A,72019,6/7/2007,no,4475
3.13312E+14,D-22-22 06AAA7 [LSP-2],31.5534288,-110.1409118,LSP-2,USGS,GW,4.62,null,null,1,USGS,m,1,S,S,A,72019,4/21/2011,no,4476
3.13312E+14,D-22-22 06AAA4 [LSP-4],31.5534288,-110.1403562,LSP-4,USGS,GW,11.3,null,null,1,USGS,m,2,S,V,A,72019,11/16/2016,no,4477
3.13312E+14,D-22-22 05BBD2 [LSPUED],31.5533111,-110.1376583,LSPUED,USGS,GW,9.59,null,null,1,null,m,2,null,O,A,72019,7/16/2007,no,4479
3.13312E+14,D-22-22 06AAA5 [LSP-5],31.5534288,-110.1403562,LSP-5,USGS,GW,5.3,null,null,1,USGS,m,2,S,V,A,72019,1/4/2018,no,4480
3.13312E+14,D-22-22 06AAA6 [LSP-1],31.5534288,-110.1403562,LSP-1,USGS,GW,10.46,null,null,1,USGS,m,2,S,S,A,72019,7/1/2008,no,4481
3.13312E+14,D-22-22 06AAA4 [LSP-4],31.5534288,-110.1403562,LSP-4,USGS,GW,10.97,null,null,1,USGS,m,2,S,V,A,72019,1/25/2017,no,4482
3.13312E+14,D-22-22 06AAA7 [LSP-2],31.5534288,-110.1409118,LSP-2,USGS,GW,5.4,null,null,1,USGS,m,2,S,S,A,72019,7/7/2011,no,4483
3.13312E+14,D-22-22 06AAA6 [LSP-1],31.5534288,-110.1403562,LSP-1,USGS,GW,9.43,null,null,1,USGS,m,2,S,S,A,72019,7/21/2008,no,4484
3.13312E+14,D-22-22 06AAA7 [LSP-2],31.5534288,-110.1409118,LSP-2,USGS,GW,4.94,null,null,1,USGS,m,2,S,S,A,72019,10/28/2011,no,4485
3.13312E+14,D-22-22 06AAA6 [LSP-1],31.5534288,-110.1403562,LSP-1,USGS,GW,8.46,null,null,1,USGS,m,2,S,S,A,72019,7/30/2008,no,4486
3.13312E+14,D-22-22 06AAA7 [LSP-2],31.5534288,-110.1409118,LSP-2,USGS,GW,4.52,null,null,1,USGS,m,2,S,S,A,72019,5/18/2012,no,4489
3.13312E+14,D-22-22 06AAA6 [LSP-1],31.5534288,-110.1403562,LSP-1,USGS,GW,9.51,null,null,1,USGS,m,2,S,S,A,72019,11/6/2008,no,4490
3.13312E+14,D-22-22 06AAA5 [LSP-5],31.5534288,-110.1403562,LSP-5,USGS,GW,5.24,null,null,1,USGS,m,2,S,V,A,72019,4/5/2018,no,4491
3.13312E+14,D-22-22 05BBD2 [LSPUED],31.5533111,-110.1376583,LSPUED,USGS,GW,7.27,null,null,1,null,m,2,null,O,A,72019,8/9/2007,no,4493
3.13312E+14,D-22-22 06AAA4 [LSP-4],31.5534288,-110.1403562,LSP-4,USGS,GW,11.28,null,null,1,USGS,m,2,S,V,A,72019,4/26/2017,no,4494
3.13312E+14,D-22-22 06AAA7 [LSP-2],31.5534288,-110.1409118,LSP-2,USGS,GW,4.14,null,null,1,USGS,m,2,S,S,A,72019,10/4/2012,no,4496
3.13312E+14,D-22-22 06AAA6 [LSP-1],31.5534288,-110.1403562,LSP-1,USGS,GW,9.27,null,null,1,USGS,m,2,S,S,A,72019,1/13/2009,no,4497
3.13312E+14,D-22-22 06AAA5 [LSP-5],31.5534288,-110.1403562,LSP-5,USGS,GW,6.04,null,null,1,USGS,m,2,S,V,A,72019,7/24/2018,no,4498
3.13312E+14,D-22-22 05BBD2 [LSPUED],31.5533111,-110.1376583,LSPUED,USGS,GW,8.88,null,null,1,null,m,2,null,O,A,72019,9/7/2007,no,4500
3.13312E+14,D-22-22 06AAA4 [LSP-4],31.5534288,-110.1403562,LSP-4,USGS,GW,11.64,null,null,1,USGS,m,2,S,V,A,72019,7/13/2017,no,4501
3.13312E+14,D-22-22 06AAA7 [LSP-2],31.5534288,-110.1409118,LSP-2,USGS,GW,4.83,null,null,1,USGS,m,2,S,V,A,72019,1/8/2013,no,4503
3.13312E+14,D-22-22 06AAA6 [LSP-1],31.5534288,-110.1403562,LSP-1,USGS,GW,9.26,null,null,1,USGS,m,2,S,S,A,72019,3/5/2009,no,4504
3.13312E+14,D-22-22 06AAA5 [LSP-5],31.5534288,-110.1403562,LSP-5,USGS,GW,5.33,null,null,1,USGS,m,2,S,V,A,72019,10/29/2018,no,4505
3.13312E+14,D-22-22 05BBD2 [LSPUED],31.5533111,-110.1376583,LSPUED,USGS,GW,9.05,null,null,1,null,m,2,null,O,A,72019,10/19/2007,no,4507
3.13312E+14,D-22-22 06AAA7 [LSP-2],31.5534288,-110.1409118,LSP-2,USGS,GW,4.71,null,null,1,USGS,m,2,S,V,A,72019,2/6/2013,no,4509
3.13312E+14,D-22-22 06AAA6 [LSP-1],31.5534288,-110.1403562,LSP-1,USGS,GW,9.26,null,null,1,USGS,m,2,S,S,A,72019,3/11/2009,no,4510
3.13312E+14,D-22-22 06AAA5 [LSP-5],31.5534288,-110.1403562,LSP-5,USGS,GW,5.09,null,null,1,USGS,m,2,S,V,A,72019,1/30/2019,no,4511
3.13312E+14,D-22-22 06AAA7 [LSP-2],31.5534288,-110.1409118,LSP-2,USGS,GW,4.67,null,null,1,USGS,m,2,S,V,A,72019,3/20/2013,no,4512
3.13312E+14,D-22-22 06AAA4 [LSP-4],31.5534288,-110.1403562,LSP-4,USGS,GW,11.14,null,null,1,USGS,m,2,S,V,A,72019,10/4/2017,no,4513
3.13312E+14,D-22-22 05BBD2 [LSPUED],31.5533111,-110.1376583,LSPUED,USGS,GW,8.8,null,null,1,null,m,2,null,O,A,72019,11/9/2007,no,4516
3.13312E+14,D-22-22 06AAA4 [LSP-4],31.5534288,-110.1403562,LSP-4,USGS,GW,11.01,null,null,1,USGS,m,2,S,V,A,72019,11/21/2017,no,4518
3.13312E+14,D-22-22 06AAA6 [LSP-1],31.5534288,-110.1403562,LSP-1,USGS,GW,10.12,null,null,1,USGS,m,2,S,T,A,72019,7/10/2009,no,4520
3.13312E+14,D-22-22 06AAA5 [LSP-5],31.5534288,-110.1403562,LSP-5,USGS,GW,5.11,null,null,1,USGS,m,2,S,V,A,72019,4/23/2019,no,4521
3.13312E+14,D-22-22 06AAA7 [LSP-2],31.5534288,-110.1409118,LSP-2,USGS,GW,4.85,null,null,1,USGS,m,2,S,V,A,72019,4/24/2013,no,4522
3.13312E+14,D-22-22 05BBD2 [LSPUED],31.5533111,-110.1376583,LSPUED,USGS,GW,8.52,null,null,1,null,m,2,null,O,A,72019,12/6/2007,no,4523
3.13312E+14,D-22-22 06AAA4 [LSP-4],31.5534288,-110.1403562,LSP-4,USGS,GW,10.8,null,null,1,USGS,m,2,S,V,A,72019,1/4/2018,no,4525
3.13312E+14,D-22-22 06AAA6 [LSP-1],31.5534288,-110.1403562,LSP-1,USGS,GW,10.33,null,null,1,USGS,m,2,S,T,A,72019,7/31/2009,no,4527
3.13312E+14,D-22-22 06AAA5 [LSP-5],31.5534288,-110.1403562,LSP-5,USGS,GW,5.95,null,null,1,USGS,m,2,S,V,A,72019,8/2/2019,no,4528
3.13312E+14,D-22-22 06AAA7 [LSP-2],31.5534288,-110.1409118,LSP-2,USGS,GW,5.06,null,null,1,USGS,m,2,S,T,A,72019,5/21/2013,no,4529
3.13312E+14,D-22-22 05BBD2 [LSPUED],31.5533111,-110.1376583,LSPUED,USGS,GW,8.31,null,null,1,null,m,2,null,O,A,72019,1/17/2008,no,4530
3.13312E+14,D-22-22 06AAA4 [LSP-4],31.5534288,-110.1403562,LSP-4,USGS,GW,10.88,null,null,1,USGS,m,2,S,V,A,72019,4/5/2018,no,4532
3.13312E+14,D-22-22 06AAA6 [LSP-1],31.5534288,-110.1403562,LSP-1,USGS,GW,10.24,null,null,1,USGS,m,2,S,S,A,72019,8/12/2009,no,4534
3.13312E+14,D-22-22 06AAA5 [LSP-5],31.5534288,-110.1403562,LSP-5,USGS,GW,5.48,null,null,1,USGS,m,2,S,V,A,72019,10/9/2019,no,4535
3.13312E+14,D-22-22 06AAA7 [LSP-2],31.5534288,-110.1409118,LSP-2,USGS,GW,4.63,null,null,1,USGS,m,2,S,V,A,72019,8/15/2013,no,4536
3.13312E+14,D-22-22 05BBD2 [LSPUED],31.5533111,-110.1376583,LSPUED,USGS,GW,8.28,null,null,1,null,m,2,null,O,A,72019,2/20/2008,no,4537
3.13312E+14,D-22-22 06AAA4 [LSP-4],31.5534288,-110.1403562,LSP-4,USGS,GW,11.39,null,null,1,USGS,m,2,S,V,A,72019,7/24/2018,no,4539
3.13312E+14,D-22-22 06AAA6 [LSP-1],31.5534288,-110.1403562,LSP-1,USGS,GW,9.55,null,null,1,USGS,m,2,S,S,A,72019,11/13/2009,no,4541
3.13312E+14,D-22-22 06AAA5 [LSP-5],31.5534288,-110.1403562,LSP-5,USGS,GW,4.96,null,null,1,USGS,m,2,S,V,A,72019,1/3/2020,no,4542
3.13312E+14,D-22-22 06AAA7 [LSP-2],31.5534288,-110.1409118,LSP-2,USGS,GW,4.77,null,null,1,USGS,m,2,S,T,A,72019,12/16/2013,no,4543
3.13312E+14,D-22-22 05BBD2 [LSPUED],31.5533111,-110.1376583,LSPUED,USGS,GW,8.33,null,null,1,null,m,2,null,O,A,72019,3/10/2008,no,4544
3.13312E+14,D-22-22 06AAA6 [LSP-1],31.5534288,-110.1403562,LSP-1,USGS,GW,9.13,null,null,1,USGS,m,2,S,S,A,72019,12/19/2009,no,4546
3.13312E+14,D-22-22 06AAA5 [LSP-5],31.5534288,-110.1403562,LSP-5,USGS,GW,6.31,null,null,1,USGS,m,2,S,V,A,72019,10/21/2020,no,4547
3.13312E+14,D-22-22 06AAA7 [LSP-2],31.5534288,-110.1409118,LSP-2,USGS,GW,4.7,null,null,1,USGS,m,2,S,T,A,72019,4/17/2014,no,4548
3.13312E+14,D-22-22 06AAA6 [LSP-1],31.5534288,-110.1403562,LSP-1,USGS,GW,9.35,null,null,1,USGS,m,2,S,S,A,72019,2/1/2010,no,4549
3.13312E+14,D-22-22 05BBD2 [LSPUED],31.5533111,-110.1376583,LSPUED,USGS,GW,8.5,null,null,1,null,m,2,null,O,A,72019,4/15/2008,no,4552
3.13312E+14,D-22-22 06AAA4 [LSP-4],31.5534288,-110.1403562,LSP-4,USGS,GW,10.5,null,null,1,USGS,m,2,S,V,A,72019,10/29/2018,no,4553
3.13312E+14,D-22-22 06AAA6 [LSP-1],31.5534288,-110.1403562,LSP-1,USGS,GW,9.37,null,null,1,USGS,m,1,S,S,A,72019,3/17/2010,no,4555
3.13312E+14,D-22-22 05BBD2 [LSPUED],31.5533111,-110.1376583,LSPUED,USGS,GW,8.58,null,null,1,null,m,2,null,O,A,72019,11/19/2008,no,4556
3.13312E+14,D-22-22 06AAA5 [LSP-5],31.5534288,-110.1403562,LSP-5,USGS,GW,6.31,null,null,1,USGS,m,2,S,V,A,72019,10/21/2020,no,4557
3.13312E+14,D-22-22 06AAA7 [LSP-2],31.5534288,-110.1409118,LSP-2,USGS,GW,5.32,null,null,1,USGS,m,2,S,T,A,72019,7/9/2014,no,4558
3.13312E+14,D-22-22 06AAA4 [LSP-4],31.5534288,-110.1403562,LSP-4,USGS,GW,10.44,null,null,1,USGS,m,2,S,V,A,72019,1/30/2019,no,4559
3.13312E+14,D-22-22 06AAA6 [LSP-1],31.5534288,-110.1403562,LSP-1,USGS,GW,9.37,null,null,1,USGS,m,1,S,S,A,72019,3/17/2010,no,4562
3.13312E+14,D-22-22 05BBD2 [LSPUED],31.5533111,-110.1376583,LSPUED,USGS,GW,8.5,null,null,1,null,m,2,null,O,A,72019,12/18/2008,no,4563
3.13312E+14,D-22-22 06AAA5 [LSP-5],31.5534288,-110.1403562,LSP-5,USGS,GW,5.57,null,null,1,USGS,m,2,S,V,A,72019,1/15/2021,no,4564
3.13312E+14,D-22-22 06AAA7 [LSP-2],31.5534288,-110.1409118,LSP-2,USGS,GW,4.32,null,null,1,USGS,m,2,S,V,A,72019,10/8/2014,no,4565
3.13312E+14,D-22-22 06AAA4 [LSP-4],31.5534288,-110.1403562,LSP-4,USGS,GW,10.64,null,null,1,USGS,m,2,S,V,A,72019,4/23/2019,no,4566
3.13312E+14,D-22-22 06AAA6 [LSP-1],31.5534288,-110.1403562,LSP-1,USGS,GW,9.75,null,null,1,USGS,m,1,S,T,A,72019,5/27/2010,no,4569
3.13312E+14,D-22-22 05BBD2 [LSPUED],31.5533111,-110.1376583,LSPUED,USGS,GW,8.46,null,null,1,null,m,2,null,O,A,72019,1/27/2009,no,4570
3.13312E+14,D-22-22 06AAA5 [LSP-5],31.5534288,-110.1403562,LSP-5,USGS,GW,5.57,null,null,1,USGS,m,2,S,V,A,72019,1/15/2021,no,4571
3.13312E+14,D-22-22 06AAA7 [LSP-2],31.5534288,-110.1409118,LSP-2,USGS,GW,4.48,null,null,1,USGS,m,2,S,V,A,72019,10/20/2014,no,4572
3.13312E+14,D-22-22 06AAA4 [LSP-4],31.5534288,-110.1403562,LSP-4,USGS,GW,11.12,null,null,1,USGS,m,2,S,V,A,72019,8/2/2019,no,4573
3.13312E+14,D-22-22 06AAA6 [LSP-1],31.5534288,-110.1403562,LSP-1,USGS,GW,9.75,null,null,1,USGS,m,1,S,T,A,72019,5/27/2010,no,4576
3.13312E+14,D-22-22 05BBD2 [LSPUED],31.5533111,-110.1376583,LSPUED,USGS,GW,8.5,null,null,1,null,m,2,null,O,A,72019,3/26/2009,no,4577
3.13312E+14,D-22-22 06AAA5 [LSP-5],31.5534288,-110.1403562,LSP-5,USGS,GW,5.51,null,null,1,USGS,m,2,S,V,A,72019,4/30/2021,no,4578
3.13312E+14,D-22-22 06AAA7 [LSP-2],31.5534288,-110.1409118,LSP-2,USGS,GW,4.88,null,null,1,USGS,m,2,S,T,A,72019,1/15/2015,no,4579
3.13312E+14,D-22-22 06AAA4 [LSP-4],31.5534288,-110.1403562,LSP-4,USGS,GW,10.57,null,null,1,USGS,m,2,S,V,A,72019,10/9/2019,no,4580
3.13312E+14,D-22-22 06AAA6 [LSP-1],31.5534288,-110.1403562,LSP-1,USGS,GW,10,null,null,1,USGS,m,1,S,S,A,72019,6/16/2010,no,4582
3.13312E+14,D-22-22 05BBD2 [LSPUED],31.5533111,-110.1376583,LSPUED,USGS,GW,8.97,null,null,1,null,m,2,null,O,A,72019,5/20/2009,no,4583
3.13312E+14,D-22-22 06AAA5 [LSP-5],31.5534288,-110.1403562,LSP-5,USGS,GW,5.11,null,null,1,USGS,m,2,S,V,A,72019,9/13/2021,no,4584
3.13312E+14,D-22-22 06AAA7 [LSP-2],31.5534288,-110.1409118,LSP-2,USGS,GW,5.02,null,null,1,USGS,m,2,S,T,A,72019,4/27/2015,no,4585
3.13312E+14,D-22-22 06AAA6 [LSP-1],31.5534288,-110.1403562,LSP-1,USGS,GW,10,null,null,1,USGS,m,1,S,S,A,72019,6/16/2010,no,4586
3.13312E+14,D-22-22 05BBD2 [LSPUED],31.5533111,-110.1376583,LSPUED,USGS,GW,9.25,null,null,1,null,m,2,null,O,A,72019,6/11/2009,no,4587
3.13312E+14,D-22-22 06AAA4 [LSP-4],31.5534288,-110.1403562,LSP-4,USGS,GW,10.82,null,null,1,USGS,m,2,S,V,A,72019,1/3/2020,no,4589
3.13312E+14,D-22-22 06AAA5 [LSP-5],31.5534288,-110.1403562,LSP-5,USGS,GW,5.63,null,null,1,USGS,m,2,S,V,A,72019,10/27/2021,no,4591
3.13312E+14,D-22-22 06AAA7 [LSP-2],31.5534288,-110.1409118,LSP-2,USGS,GW,5.52,null,null,1,USGS,m,2,S,T,A,72019,7/24/2015,no,4592
3.13312E+14,D-22-22 06AAA3 [LSP-3],31.5534288,-110.1409118,LSP-3,USGS,GW,9.07,null,null,1,USGS,m,2,S,V,A,72019,2/3/2006,no,4593
3.13312E+14,D-22-22 06AAA6 [LSP-1],31.5534288,-110.1403562,LSP-1,USGS,GW,9.14,null,null,1,USGS,m,1,S,S,A,72019,7/27/2010,no,4594
3.13312E+14,D-22-22 05BBD2 [LSPUED],31.5533111,-110.1376583,LSPUED,USGS,GW,9.53,null,null,1,null,m,2,null,O,A,72019,7/22/2009,no,4595
3.13312E+14,D-22-22 06AAA4 [LSP-4],31.5534288,-110.1403562,LSP-4,USGS,GW,11.7,null,null,1,USGS,m,2,S,V,A,72019,10/21/2020,no,4597
3.13312E+14,D-22-22 06AAA5 [LSP-5],31.5534288,-110.1403562,LSP-5,USGS,GW,5.32,null,null,1,USGS,m,2,S,V,A,72019,1/19/2022,no,4598
3.13312E+14,D-22-22 06AAA7 [LSP-2],31.5534288,-110.1409118,LSP-2,USGS,GW,5.2,null,null,1,USGS,m,2,S,V,A,72019,11/19/2015,no,4599
3.13312E+14,D-22-22 06AAA3 [LSP-3],31.5534288,-110.1409118,LSP-3,USGS,GW,9.72,null,null,1,USGS,m,2,S,V,A,72019,5/11/2006,no,4600
3.13312E+14,D-22-22 06AAA6 [LSP-1],31.5534288,-110.1403562,LSP-1,USGS,GW,9.14,null,null,1,USGS,m,1,S,S,A,72019,7/27/2010,no,4601
3.13312E+14,D-22-22 05BBD2 [LSPUED],31.5533111,-110.1376583,LSPUED,USGS,GW,9.54,null,null,1,null,m,2,null,O,A,72019,8/24/2009,no,4602
3.13312E+14,D-22-22 06AAA4 [LSP-4],31.5534288,-110.1403562,LSP-4,USGS,GW,11.29,null,null,1,USGS,m,2,S,V,A,72019,1/15/2021,no,4604
3.13312E+14,D-22-22 06AAA5 [LSP-5],31.5534288,-110.1403562,LSP-5,USGS,GW,5.18,null,null,1,USGS,m,2,S,V,A,72019,3/9/2022,no,4605
3.13312E+14,D-22-22 06AAA7 [LSP-2],31.5534288,-110.1409118,LSP-2,USGS,GW,4.97,null,null,1,USGS,m,2,S,V,A,72019,2/11/2016,no,4606
3.13312E+14,D-22-22 06AAA3 [LSP-3],31.5534288,-110.1409118,LSP-3,USGS,GW,9.47,null,null,1,USGS,m,2,S,V,A,72019,10/4/2006,no,4607
3.13312E+14,D-22-22 06AAA6 [LSP-1],31.5534288,-110.1403562,LSP-1,USGS,GW,10.18,null,null,1,USGS,m,1,S,S,A,72019,1/18/2011,no,4608
3.13312E+14,D-22-22 05BBD2 [LSPUED],31.5533111,-110.1376583,LSPUED,USGS,GW,9.61,null,null,1,null,m,2,null,O,A,72019,9/17/2009,no,4609
3.13312E+14,D-22-22 06AAA4 [LSP-4],31.5534288,-110.1403562,LSP-4,USGS,GW,11.29,null,null,1,USGS,m,2,S,V,A,72019,1/15/2021,no,4611
3.13312E+14,D-22-22 06AAA5 [LSP-5],31.5534288,-110.1403562,LSP-5,USGS,GW,5.9,null,null,1,USGS,m,2,S,V,A,72019,6/9/2022,no,4612
3.13312E+14,D-22-22 06AAA7 [LSP-2],31.5534288,-110.1409118,LSP-2,USGS,GW,5.33,null,null,1,USGS,m,2,S,V,A,72019,5/12/2016,no,4613
3.13312E+14,D-22-22 06AAA3 [LSP-3],31.5534288,-110.1409118,LSP-3,USGS,GW,9.65,null,null,1,USGS,m,2,S,S,A,72019,2/13/2007,no,4614
3.13312E+14,D-22-22 06AAA6 [LSP-1],31.5534288,-110.1403562,LSP-1,USGS,GW,10.18,null,null,1,USGS,m,1,S,S,A,72019,1/18/2011,no,4615
3.13312E+14,D-22-22 05BBD2 [LSPUED],31.5533111,-110.1376583,LSPUED,USGS,GW,9.03,null,null,1,null,m,2,null,O,A,72019,11/17/2009,no,4616
3.13312E+14,D-22-22 06AAA4 [LSP-4],31.5534288,-110.1403562,LSP-4,USGS,GW,10.76,null,null,1,USGS,m,2,S,V,A,72019,9/13/2021,no,4618
3.13312E+14,D-22-22 06AAA5 [LSP-5],31.5534288,-110.1403562,LSP-5,USGS,GW,4.97,null,null,1,USGS,m,2,S,V,A,72019,10/11/2022,no,4619
3.13312E+14,D-22-22 06AAA5 [LSP-5],31.5534288,-110.1403562,LSP-5,USGS,GW,5.16,null,null,1,USGS,m,2,S,V,A,72019,1/12/2023,no,4620
3.13312E+14,D-22-22 06AAA5 [LSP-5],31.5534288,-110.1403562,LSP-5,USGS,GW,5.11,null,null,1,USGS,m,2,S,V,A,72019,4/12/2023,no,4621
3.13312E+14,D-22-22 06AAA5 [LSP-5],31.5534288,-110.1403562,LSP-5,USGS,GW,5.77,null,null,1,USGS,m,2,S,V,A,72019,6/27/2023,no,4622
3.13312E+14,D-22-22 06AAA5 [LSP-5],31.5534288,-110.1403562,LSP-5,USGS,GW,6.19,null,null,1,USGS,m,2,S,V,A,72019,11/8/2023,no,4623
3.13312E+14,D-22-22 06AAA5 [LSP-5],31.5534288,-110.1403562,LSP-5,USGS,GW,5.63,null,null,1,USGS,m,2,S,V,A,72019,1/18/2024,no,4624
3.13312E+14,D-22-22 06AAA5 [LSP-5],31.5534288,-110.1403562,LSP-5,USGS,GW,5.46,null,null,1,USGS,m,2,S,V,A,72019,3/6/2024,no,4625
3.13312E+14,D-22-22 06AAA5 [LSP-5],31.5534288,-110.1403562,LSP-5,USGS,GW,6.05,null,null,1,USGS,m,2,S,V,A,72019,9/18/2024,no,4626
3.13312E+14,D-22-22 06AAA5 [LSP-5],31.5534288,-110.1403562,LSP-5,USGS,GW,5.65,null,null,1,USGS,m,2,S,V,A,72019,11/26/2024,no,4627
3.13312E+14,D-22-22 06AAA5 [LSP-5],31.5534288,-110.1403562,LSP-5,USGS,GW,5.1,null,null,1,USGS,m,2,S,V,A,72019,3/13/2025,no,4628
3.13312E+14,D-22-22 06AAA7 [LSP-2],31.5534288,-110.1409118,LSP-2,USGS,GW,5.09,null,null,1,USGS,m,2,S,V,A,72019,8/17/2016,no,4680
3.13312E+14,D-22-22 06AAA7 [LSP-2],31.5534288,-110.1409118,LSP-2,USGS,GW,5.44,null,null,1,USGS,m,2,S,V,A,72019,11/16/2016,no,4681
3.13312E+14,D-22-22 06AAA6 [LSP-1],31.5534288,-110.1403562,LSP-1,USGS,GW,10.04,null,null,1,USGS,m,1,S,S,A,72019,4/21/2011,no,4682
3.13312E+14,D-22-22 05BBD2 [LSPUED],31.5533111,-110.1376583,LSPUED,USGS,GW,8.53,null,null,1,null,m,2,null,O,A,72019,1/27/2010,no,4683
3.13312E+14,D-22-22 06AAA4 [LSP-4],31.5534288,-110.1403562,LSP-4,USGS,GW,10.89,null,null,1,USGS,m,2,S,V,A,72019,1/19/2022,no,4684
3.13312E+14,D-22-22 05BBD2 [LSPUED],31.5533111,-110.1376583,LSPUED,USGS,GW,8.56,null,null,1,null,m,2,null,O,A,72019,2/9/2010,no,4686
3.13312E+14,D-22-22 06AAA7 [LSP-2],31.5534288,-110.1409118,LSP-2,USGS,GW,5.15,null,null,1,USGS,m,2,S,V,A,72019,1/25/2017,no,4687
3.13312E+14,D-22-22 06AAA6 [LSP-1],31.5534288,-110.1403562,LSP-1,USGS,GW,10.04,null,null,1,USGS,m,1,S,S,A,72019,4/21/2011,no,4688
3.13312E+14,D-22-22 06AAA4 [LSP-4],31.5534288,-110.1403562,LSP-4,USGS,GW,10.59,null,null,1,USGS,m,2,S,V,A,72019,3/9/2022,no,4689
3.13312E+14,D-22-22 06AAA6 [LSP-1],31.5534288,-110.1403562,LSP-1,USGS,GW,10.44,null,null,1,USGS,m,2,S,S,A,72019,7/7/2011,no,4690
3.13312E+14,D-22-22 06AAA3 [LSP-3],31.5534288,-110.1409118,LSP-3,USGS,GW,10.16,null,null,1,USGS,m,2,S,S,A,72019,5/9/2007,no,4692
3.13312E+14,D-22-22 06AAA6 [LSP-1],31.5534288,-110.1403562,LSP-1,USGS,GW,9.93,null,null,1,USGS,m,2,S,S,A,72019,10/28/2011,no,4693
3.13312E+14,D-22-22 05BBD2 [LSPUED],31.5533111,-110.1376583,LSPUED,USGS,GW,8.54,null,null,1,null,m,2,null,O,A,72019,3/11/2010,no,4694
3.13312E+14,D-22-22 06AAA7 [LSP-2],31.5534288,-110.1409118,LSP-2,USGS,GW,5.38,null,null,1,USGS,m,2,S,V,A,72019,4/26/2017,no,4695
3.13312E+14,D-22-22 06AAA3 [LSP-3],31.5534288,-110.1409118,LSP-3,USGS,GW,9.57,null,null,1,USGS,m,2,S,S,A,72019,10/10/2007,no,4697
3.13312E+14,D-22-22 06AAA4 [LSP-4],31.5534288,-110.1403562,LSP-4,USGS,GW,11.49,null,null,1,USGS,m,2,S,V,A,72019,6/9/2022,no,4698
3.13312E+14,D-22-22 06AAA6 [LSP-1],31.5534288,-110.1403562,LSP-1,USGS,GW,9.75,null,null,1,USGS,m,2,S,S,A,72019,5/18/2012,no,4699
3.13312E+14,D-22-22 05BBD2 [LSPUED],31.5533111,-110.1376583,LSPUED,USGS,GW,8.71,null,null,1,null,m,2,null,O,A,72019,5/3/2010,no,4700
3.13312E+14,D-22-22 06AAA7 [LSP-2],31.5534288,-110.1409118,LSP-2,USGS,GW,6.19,null,null,1,USGS,m,2,S,V,A,72019,7/13/2017,no,4701
3.13312E+14,D-22-22 06AAA3 [LSP-3],31.5534288,-110.1409118,LSP-3,USGS,GW,8.65,null,null,1,USGS,m,2,S,S,A,72019,1/7/2008,no,4702
3.13312E+14,D-22-22 05BBD2 [LSPUED],31.5533111,-110.1376583,LSPUED,USGS,GW,9.38,null,null,1,null,m,2,null,O,A,72019,6/23/2010,no,4703
3.13312E+14,D-22-22 06AAA4 [LSP-4],31.5534288,-110.1403562,LSP-4,USGS,GW,11.03,null,null,1,USGS,m,2,S,V,A,72019,9/26/2022,no,4704
3.13312E+14,D-22-22 06AAA6 [LSP-1],31.5534288,-110.1403562,LSP-1,USGS,GW,10.09,null,null,1,USGS,m,2,S,S,A,72019,10/4/2012,no,4705
3.13312E+14,D-22-22 06AAA3 [LSP-3],31.5534288,-110.1409118,LSP-3,USGS,GW,9.26,null,null,1,USGS,m,2,S,S,A,72019,5/1/2008,no,4707
3.13312E+14,D-22-22 05BBD2 [LSPUED],31.5533111,-110.1376583,LSPUED,USGS,GW,10.01,null,null,1,null,m,2,null,O,A,72019,7/28/2010,no,4708
3.13312E+14,D-22-22 06AAA6 [LSP-1],31.5534288,-110.1403562,LSP-1,USGS,GW,9.83,null,null,1,USGS,m,2,S,V,A,72019,1/8/2013,no,4709
3.13312E+14,D-22-22 06AAA7 [LSP-2],31.5534288,-110.1409118,LSP-2,USGS,GW,5.6,null,null,1,USGS,m,2,S,V,A,72019,10/4/2017,no,4710
3.13312E+14,D-22-22 06AAA4 [LSP-4],31.5534288,-110.1403562,LSP-4,USGS,GW,10.93,null,null,1,USGS,m,2,S,V,A,72019,10/11/2022,no,4712
3.13312E+14,D-22-22 06AAA3 [LSP-3],31.5534288,-110.1409118,LSP-3,USGS,GW,10.04,null,null,1,USGS,m,2,S,S,A,72019,7/2/2008,no,4713
3.13312E+14,D-22-22 05BBD2 [LSPUED],31.5533111,-110.1376583,LSPUED,USGS,GW,8.98,null,null,1,null,m,2,null,O,A,72019,11/23/2010,no,4714
3.13312E+14,D-22-22 06AAA6 [LSP-1],31.5534288,-110.1403562,LSP-1,USGS,GW,9.81,null,null,1,USGS,m,2,S,V,A,72019,2/6/2013,no,4715
3.13312E+14,D-22-22 06AAA4 [LSP-4],31.5534288,-110.1403562,LSP-4,USGS,GW,11.11,null,null,1,USGS,m,2,S,V,P,72019,1/12/2023,no,4717
3.13312E+14,D-22-22 06AAA3 [LSP-3],31.5534288,-110.1409118,LSP-3,USGS,GW,9.22,null,null,1,USGS,m,2,S,S,A,72019,7/21/2008,no,4718
3.13312E+14,D-22-22 06AAA7 [LSP-2],31.5534288,-110.1409118,LSP-2,USGS,GW,5.15,null,null,1,USGS,m,2,S,V,A,72019,1/4/2018,no,4719
3.13312E+14,D-22-22 06AAA4 [LSP-4],31.5534288,-110.1403562,LSP-4,USGS,GW,11.71,null,null,1,USGS,m,2,S,V,A,72019,6/27/2023,no,4720
3.13312E+14,D-22-22 05BBD2 [LSPUED],31.5533111,-110.1376583,LSPUED,USGS,GW,8.66,null,null,1,null,m,2,null,O,A,72019,2/1/2011,no,4722
3.13312E+14,D-22-22 06AAA6 [LSP-1],31.5534288,-110.1403562,LSP-1,USGS,GW,9.77,null,null,1,USGS,m,2,S,V,A,72019,3/20/2013,no,4723
3.13312E+14,D-22-22 06AAA7 [LSP-2],31.5534288,-110.1409118,LSP-2,USGS,GW,5.09,null,null,1,USGS,m,2,S,V,A,72019,4/5/2018,no,4725
3.13312E+14,D-22-22 06AAA4 [LSP-4],31.5534288,-110.1403562,LSP-4,USGS,GW,11.62,null,null,1,USGS,m,2,S,V,A,72019,11/8/2023,no,4726
3.13312E+14,D-22-22 05BBD2 [LSPUED],31.5533111,-110.1376583,LSPUED,USGS,GW,10.07,null,null,1,USGS,m,2,S,V,A,72019,7/21/2011,no,4727
3.13312E+14,D-22-22 06AAA6 [LSP-1],31.5534288,-110.1403562,LSP-1,USGS,GW,9.95,null,null,1,USGS,m,2,S,V,A,72019,4/24/2013,no,4728
3.13312E+14,D-22-22 06AAA7 [LSP-2],31.5534288,-110.1409118,LSP-2,USGS,GW,5.89,null,null,1,USGS,m,2,S,V,A,72019,7/24/2018,no,4730
3.13312E+14,D-22-22 06AAA3 [LSP-3],31.5534288,-110.1409118,LSP-3,USGS,GW,9.17,null,null,1,USGS,m,2,S,S,A,72019,11/6/2008,no,4731
3.13312E+14,D-22-22 06AAA4 [LSP-4],31.5534288,-110.1403562,LSP-4,USGS,GW,11.28,null,null,1,USGS,m,2,S,V,A,72019,1/18/2024,no,4732
3.13312E+14,D-22-22 05BBD2 [LSPUED],31.5533111,-110.1376583,LSPUED,USGS,GW,9.03,null,null,1,USGS,m,2,S,V,A,72019,9/22/2011,no,4733
3.13312E+14,D-22-22 06AAA6 [LSP-1],31.5534288,-110.1403562,LSP-1,USGS,GW,10.2,null,null,1,USGS,m,2,S,T,A,72019,5/21/2013,no,4734
3.13312E+14,D-22-22 06AAA7 [LSP-2],31.5534288,-110.1409118,LSP-2,USGS,GW,5.18,null,null,1,USGS,m,2,S,V,A,72019,10/29/2018,no,4736
3.13312E+14,D-22-22 06AAA3 [LSP-3],31.5534288,-110.1409118,LSP-3,USGS,GW,8.9,null,null,1,USGS,m,2,S,S,A,72019,1/13/2009,no,4737
3.13312E+14,D-22-22 06AAA4 [LSP-4],31.5534288,-110.1403562,LSP-4,USGS,GW,11.24,null,null,1,USGS,m,2,S,V,A,72019,3/6/2024,no,4738
3.13312E+14,D-22-22 05BBD2 [LSPUED],31.5533111,-110.1376583,LSPUED,USGS,GW,8.45,null,null,1,USGS,m,2,S,V,A,72019,3/20/2012,no,4739
3.13312E+14,D-22-22 06AAA6 [LSP-1],31.5534288,-110.1403562,LSP-1,USGS,GW,10.07,null,null,1,USGS,m,2,S,V,A,72019,8/15/2013,no,4740
3.13312E+14,D-22-22 06AAA7 [LSP-2],31.5534288,-110.1409118,LSP-2,USGS,GW,4.94,null,null,1,USGS,m,2,S,V,A,72019,1/30/2019,no,4742
3.13312E+14,D-22-22 06AAA3 [LSP-3],31.5534288,-110.1409118,LSP-3,USGS,GW,10.05,null,null,1,USGS,m,2,S,T,A,72019,7/10/2009,no,4743
3.13312E+14,D-22-22 06AAA4 [LSP-4],31.5534288,-110.1403562,LSP-4,USGS,GW,11.17,null,null,1,USGS,m,2,S,V,A,72019,9/18/2024,no,4744
3.13312E+14,D-22-22 05BBD2 [LSPUED],31.5533111,-110.1376583,LSPUED,USGS,GW,9.33,null,null,1,USGS,m,2,S,V,A,72019,6/19/2012,no,4745
3.13312E+14,D-22-22 06AAA6 [LSP-1],31.5534288,-110.1403562,LSP-1,USGS,GW,10.19,null,null,1,USGS,m,2,S,T,A,72019,12/16/2013,no,4746
3.13312E+14,D-22-22 06AAA7 [LSP-2],31.5534288,-110.1409118,LSP-2,USGS,GW,4.96,null,null,1,USGS,m,2,S,V,A,72019,4/23/2019,no,4748
3.13312E+14,D-22-22 06AAA3 [LSP-3],31.5534288,-110.1409118,LSP-3,USGS,GW,10.07,null,null,1,USGS,m,2,S,T,A,72019,7/31/2009,no,4749
3.13312E+14,D-22-22 06AAA4 [LSP-4],31.5534288,-110.1403562,LSP-4,USGS,GW,10.76,null,null,1,USGS,m,2,S,V,A,72019,11/26/2024,no,4750
3.13312E+14,D-22-22 05BBD2 [LSPUED],31.5533111,-110.1376583,LSPUED,USGS,GW,8.19,null,null,1,USGS,m,2,S,V,A,72019,9/12/2012,no,4751
3.13312E+14,D-22-22 06AAA6 [LSP-1],31.5534288,-110.1403562,LSP-1,USGS,GW,10.31,null,null,1,USGS,m,2,S,T,A,72019,4/17/2014,no,4752
3.13312E+14,D-22-22 06AAA3 [LSP-3],31.5534288,-110.1409118,LSP-3,USGS,GW,9.98,null,null,1,USGS,m,2,S,S,A,72019,8/12/2009,no,4753
3.13312E+14,D-22-22 06AAA7 [LSP-2],31.5534288,-110.1409118,LSP-2,USGS,GW,5.79,null,null,1,USGS,m,2,S,V,A,72019,8/2/2019,no,4754
3.13312E+14,D-22-22 06AAA4 [LSP-4],31.5534288,-110.1403562,LSP-4,USGS,GW,10.66,null,null,1,USGS,m,2,S,V,A,72019,1/31/2025,no,4756
3.13312E+14,D-22-22 05BBD2 [LSPUED],31.5533111,-110.1376583,LSPUED,USGS,GW,9.16,null,null,1,USGS,m,2,S,V,A,72019,5/30/2013,no,4757
3.13312E+14,D-22-22 06AAA6 [LSP-1],31.5534288,-110.1403562,LSP-1,USGS,GW,10,null,null,1,USGS,m,2,S,T,A,72019,7/9/2014,no,4758
3.13312E+14,D-22-22 06AAA4 [LSP-4],31.5534288,-110.1403562,LSP-4,USGS,GW,10.62,null,null,1,USGS,m,2,S,S,P,72019,2/27/2025,no,4759
3.13312E+14,D-22-22 05BBD2 [LSPUED],31.5533111,-110.1376583,LSPUED,USGS,GW,9.61,null,null,1,USGS,m,2,S,V,A,72019,7/1/2013,no,4760
3.13312E+14,D-22-22 06AAA3 [LSP-3],31.5534288,-110.1409118,LSP-3,USGS,GW,8.35,null,null,1,USGS,m,2,S,S,A,72019,10/16/2009,no,4762
3.13312E+14,D-22-22 06AAA7 [LSP-2],31.5534288,-110.1409118,LSP-2,USGS,GW,5.34,null,null,1,USGS,m,2,S,V,A,72019,10/9/2019,no,4763
3.13312E+14,D-22-22 06AAA6 [LSP-1],31.5534288,-110.1403562,LSP-1,USGS,GW,10.65,null,null,1,USGS,m,2,S,V,A,72019,10/8/2014,no,4764
3.13312E+14,D-22-22 06AAA4 [LSP-4],31.5534288,-110.1403562,LSP-4,USGS,GW,10.6,null,null,1,USGS,m,2,S,V,P,72019,3/13/2025,no,4765
3.13312E+14,D-22-22 05BBD2 [LSPUED],31.5533111,-110.1376583,LSPUED,USGS,GW,9.06,null,null,1,USGS,m,2,S,V,A,72019,10/30/2013,no,4766
3.13312E+14,D-22-22 06AAA3 [LSP-3],31.5534288,-110.1409118,LSP-3,USGS,GW,9.29,null,null,1,USGS,m,2,S,S,A,72019,11/13/2009,no,4768
3.13312E+14,D-22-22 06AAA7 [LSP-2],31.5534288,-110.1409118,LSP-2,USGS,GW,4.8,null,null,1,USGS,m,2,S,V,A,72019,1/3/2020,no,4769
3.13312E+14,D-22-22 06AAA6 [LSP-1],31.5534288,-110.1403562,LSP-1,USGS,GW,10.56,null,null,1,USGS,m,2,S,V,A,72019,10/20/2014,no,4770
3.13312E+14,D-22-22 05BBD2 [LSPUED],31.5533111,-110.1376583,LSPUED,USGS,GW,8.71,null,null,1,USGS,m,2,S,V,A,72019,1/8/2014,no,4772
3.13312E+14,D-22-22 06AAA3 [LSP-3],31.5534288,-110.1409118,LSP-3,USGS,GW,8.9,null,null,1,USGS,m,2,S,S,A,72019,12/19/2009,no,4774
3.13312E+14,D-22-22 06AAA7 [LSP-2],31.5534288,-110.1409118,LSP-2,USGS,GW,6.16,null,null,1,USGS,m,2,S,V,A,72019,10/21/2020,no,4775
3.13312E+14,D-22-22 06AAA6 [LSP-1],31.5534288,-110.1403562,LSP-1,USGS,GW,10.94,null,null,1,USGS,m,2,S,T,A,72019,1/15/2015,no,4776
3.13312E+14,D-22-22 05BBD2 [LSPUED],31.5533111,-110.1376583,LSPUED,USGS,GW,8.75,null,null,1,USGS,m,2,S,V,A,72019,4/2/2014,no,4778
3.13312E+14,D-22-22 06AAA3 [LSP-3],31.5534288,-110.1409118,LSP-3,USGS,GW,8.98,null,null,1,USGS,m,2,S,S,A,72019,2/1/2010,no,4780
3.13312E+14,D-22-22 06AAA7 [LSP-2],31.5534288,-110.1409118,LSP-2,USGS,GW,5.38,null,null,1,USGS,m,2,S,V,A,72019,4/30/2021,no,4781
3.13312E+14,D-22-22 06AAA6 [LSP-1],31.5534288,-110.1403562,LSP-1,USGS,GW,11.2,null,null,1,USGS,m,2,S,T,A,72019,4/27/2015,no,4782
3.13312E+14,D-22-22 05BBD2 [LSPUED],31.5533111,-110.1376583,LSPUED,USGS,GW,9.65,null,null,1,USGS,m,2,S,V,A,72019,6/24/2014,no,4784
3.13312E+14,D-22-22 06AAA3 [LSP-3],31.5534288,-110.1409118,LSP-3,USGS,GW,9.01,null,null,1,USGS,m,1,S,S,A,72019,3/17/2010,no,4786
3.13312E+14,D-22-22 06AAA7 [LSP-2],31.5534288,-110.1409118,LSP-2,USGS,GW,5.46,null,null,1,USGS,m,2,S,V,A,72019,10/27/2021,no,4787
3.13312E+14,D-22-22 06AAA6 [LSP-1],31.5534288,-110.1403562,LSP-1,USGS,GW,11.37,null,null,1,USGS,m,2,S,T,A,72019,7/24/2015,no,4788
3.13312E+14,D-22-22 06AAA3 [LSP-3],31.5534288,-110.1409118,LSP-3,USGS,GW,9.02,null,null,1,USGS,m,1,S,S,A,72019,3/17/2010,no,4791
3.13312E+14,D-22-22 06AAA7 [LSP-2],31.5534288,-110.1409118,LSP-2,USGS,GW,5.09,null,null,1,USGS,m,2,S,V,A,72019,1/19/2022,no,4792
3.13312E+14,D-22-22 06AAA6 [LSP-1],31.5534288,-110.1403562,LSP-1,USGS,GW,10.97,null,null,1,USGS,m,2,S,V,A,72019,11/19/2015,no,4793
3.13312E+14,D-22-22 06AAA3 [LSP-3],31.5534288,-110.1409118,LSP-3,USGS,GW,9.39,null,null,1,USGS,m,1,S,T,A,72019,5/27/2010,no,4795
3.13312E+14,D-22-22 05BBD2 [LSPUED],31.5533111,-110.1376583,LSPUED,USGS,GW,8.92,null,null,1,USGS,m,2,S,V,A,72019,11/3/2014,no,4796
3.13312E+14,D-22-22 05BBD2 [LSPUED],31.5533111,-110.1376583,LSPUED,USGS,GW,9.04,null,null,1,USGS,m,2,S,V,A,72019,1/13/2015,no,4798
3.13312E+14,D-22-22 06AAA7 [LSP-2],31.5534288,-110.1409118,LSP-2,USGS,GW,5.01,null,null,1,USGS,m,2,S,V,A,72019,3/9/2022,no,4799
3.13312E+14,D-22-22 06AAA3 [LSP-3],31.5534288,-110.1409118,LSP-3,USGS,GW,9.39,null,null,1,USGS,m,1,S,T,A,72019,5/27/2010,no,4800
3.13312E+14,D-22-22 06AAA6 [LSP-1],31.5534288,-110.1403562,LSP-1,USGS,GW,10.87,null,null,1,USGS,m,2,S,V,A,72019,2/11/2016,no,4801
3.13312E+14,D-22-22 05BBD2 [LSPUED],31.5533111,-110.1376583,LSPUED,USGS,GW,9.18,null,null,1,USGS,m,2,S,V,A,72019,4/15/2015,no,4804
3.13312E+14,D-22-22 06AAA7 [LSP-2],31.5534288,-110.1409118,LSP-2,USGS,GW,5.74,null,null,1,USGS,m,2,S,V,A,72019,6/9/2022,no,4805
3.13312E+14,D-22-22 06AAA3 [LSP-3],31.5534288,-110.1409118,LSP-3,USGS,GW,9.66,null,null,1,USGS,m,1,S,S,A,72019,6/16/2010,no,4806
3.13312E+14,D-22-22 06AAA6 [LSP-1],31.5534288,-110.1403562,LSP-1,USGS,GW,11.32,null,null,1,USGS,m,2,S,V,A,72019,5/12/2016,no,4807
3.13312E+14,D-22-22 05BBD2 [LSPUED],31.5533111,-110.1376583,LSPUED,USGS,GW,9.86,null,null,1,USGS,m,2,S,V,A,72019,7/14/2015,no,4810
3.13312E+14,D-22-22 06AAA7 [LSP-2],31.5534288,-110.1409118,LSP-2,USGS,GW,4.82,null,null,1,USGS,m,2,S,V,A,72019,10/11/2022,no,4811
3.13312E+14,D-22-22 06AAA3 [LSP-3],31.5534288,-110.1409118,LSP-3,USGS,GW,9.66,null,null,1,USGS,m,1,S,S,A,72019,6/16/2010,no,4812
3.13312E+14,D-22-22 06AAA6 [LSP-1],31.5534288,-110.1403562,LSP-1,USGS,GW,10.84,null,null,1,USGS,m,2,S,V,A,72019,8/17/2016,no,4813
3.13312E+14,D-22-22 05BBD2 [LSPUED],31.5533111,-110.1376583,LSPUED,USGS,GW,9.44,null,null,1,USGS,m,2,S,V,A,72019,10/5/2015,no,4816
3.13312E+14,D-22-22 06AAA7 [LSP-2],31.5534288,-110.1409118,LSP-2,USGS,GW,4.98,null,null,1,USGS,m,2,S,V,A,72019,1/12/2023,no,4817
3.13312E+14,D-22-22 06AAA3 [LSP-3],31.5534288,-110.1409118,LSP-3,USGS,GW,9.06,null,null,1,USGS,m,1,S,S,A,72019,7/27/2010,no,4818
3.13312E+14,D-22-22 06AAA6 [LSP-1],31.5534288,-110.1403562,LSP-1,USGS,GW,11.21,null,null,1,USGS,m,2,S,V,A,72019,11/16/2016,no,4819
3.13312E+14,D-22-22 05BBD2 [LSPUED],31.5533111,-110.1376583,LSPUED,USGS,GW,9.14,null,null,1,USGS,m,2,S,V,A,72019,1/19/2016,no,4822
3.13312E+14,D-22-22 06AAA7 [LSP-2],31.5534288,-110.1409118,LSP-2,USGS,GW,4.92,null,null,1,USGS,m,2,S,V,A,72019,4/12/2023,no,4823
3.13312E+14,D-22-22 06AAA3 [LSP-3],31.5534288,-110.1409118,LSP-3,USGS,GW,9.06,null,null,1,USGS,m,1,S,S,A,72019,7/27/2010,no,4824
3.13312E+14,D-22-22 06AAA6 [LSP-1],31.5534288,-110.1403562,LSP-1,USGS,GW,10.9,null,null,1,USGS,m,2,S,V,A,72019,1/25/2017,no,4825
3.13312E+14,D-22-22 05BBD2 [LSPUED],31.5533111,-110.1376583,LSPUED,USGS,GW,9.29,null,null,1,USGS,m,2,S,V,A,72019,4/18/2016,no,4827
3.13312E+14,D-22-22 06AAA7 [LSP-2],31.5534288,-110.1409118,LSP-2,USGS,GW,5.61,null,null,1,USGS,m,2,S,V,A,72019,6/27/2023,no,4828
3.13312E+14,D-22-22 06AAA3 [LSP-3],31.5534288,-110.1409118,LSP-3,USGS,GW,9.38,null,null,1,USGS,m,1,S,S,A,72019,1/18/2011,no,4830
3.13312E+14,D-22-22 06AAA6 [LSP-1],31.5534288,-110.1403562,LSP-1,USGS,GW,11.2,null,null,1,USGS,m,2,S,V,A,72019,4/26/2017,no,4832
3.13312E+14,D-22-22 06AAA4 [LSP-4],31.5534288,-110.1403562,LSP-4,USGS,GW,9.54,null,null,1,USGS,m,2,S,V,A,72019,2/3/2006,no,4833
3.13312E+14,D-22-22 06AAA3 [LSP-3],31.5534288,-110.1409118,LSP-3,USGS,GW,9.38,null,null,1,USGS,m,1,S,S,A,72019,1/18/2011,no,4835
3.13312E+14,D-22-22 06AAA7 [LSP-2],31.5534288,-110.1409118,LSP-2,USGS,GW,6.05,null,null,1,USGS,m,2,S,V,A,72019,11/8/2023,no,4836
3.13312E+14,D-22-22 05BBD2 [LSPUED],31.5533111,-110.1376583,LSPUED,USGS,GW,10.01,null,null,1,USGS,m,2,S,V,A,72019,6/28/2016,no,4837
3.13312E+14,D-22-22 06AAA6 [LSP-1],31.5534288,-110.1403562,LSP-1,USGS,GW,11.55,null,null,1,USGS,m,2,S,V,A,72019,7/13/2017,no,4838
3.13312E+14,D-22-22 06AAA4 [LSP-4],31.5534288,-110.1403562,LSP-4,USGS,GW,10.2,null,null,1,USGS,m,2,S,V,A,72019,5/11/2006,no,4839
3.13312E+14,D-22-22 06AAA3 [LSP-3],31.5534288,-110.1409118,LSP-3,USGS,GW,9.56,null,null,1,USGS,m,1,S,S,A,72019,4/21/2011,no,4841
3.13312E+14,D-22-22 06AAA7 [LSP-2],31.5534288,-110.1409118,LSP-2,USGS,GW,5.48,null,null,1,USGS,m,2,S,V,A,72019,1/18/2024,no,4842
3.13312E+14,D-22-22 05BBD2 [LSPUED],31.5533111,-110.1376583,LSPUED,USGS,GW,9.69,null,null,1,USGS,m,2,S,V,A,72019,10/17/2016,no,4843
3.13312E+14,D-22-22 06AAA6 [LSP-1],31.5534288,-110.1403562,LSP-1,USGS,GW,11.01,null,null,1,USGS,m,2,S,V,A,72019,10/4/2017,no,4844
3.13312E+14,D-22-22 06AAA4 [LSP-4],31.5534288,-110.1403562,LSP-4,USGS,GW,10.15,null,null,1,USGS,m,2,S,V,A,72019,10/4/2006,no,4845
3.13312E+14,D-22-22 06AAA3 [LSP-3],31.5534288,-110.1409118,LSP-3,USGS,GW,9.56,null,null,1,USGS,m,1,S,S,A,72019,4/21/2011,no,4847
3.13312E+14,D-22-22 06AAA7 [LSP-2],31.5534288,-110.1409118,LSP-2,USGS,GW,5.3,null,null,1,USGS,m,2,S,V,A,72019,3/6/2024,no,4848
3.13312E+14,D-22-22 05BBD2 [LSPUED],31.5533111,-110.1376583,LSPUED,USGS,GW,9.23,null,null,1,USGS,m,2,S,V,A,72019,1/17/2017,no,4849
3.13312E+14,D-22-22 06AAA6 [LSP-1],31.5534288,-110.1403562,LSP-1,USGS,GW,10.66,null,null,1,USGS,m,2,S,V,A,72019,1/4/2018,no,4850
3.13312E+14,D-22-22 06AAA4 [LSP-4],31.5534288,-110.1403562,LSP-4,USGS,GW,10.29,null,null,1,USGS,m,2,S,S,A,72019,2/13/2007,no,4851
3.13312E+14,D-22-22 06AAA3 [LSP-3],31.5534288,-110.1409118,LSP-3,USGS,GW,10.11,null,null,1,USGS,m,2,S,S,A,72019,7/7/2011,no,4853
3.13312E+14,D-22-22 06AAA7 [LSP-2],31.5534288,-110.1409118,LSP-2,USGS,GW,5.93,null,null,1,USGS,m,2,S,V,A,72019,9/18/2024,no,4854
3.13312E+14,D-22-22 05BBD2 [LSPUED],31.5533111,-110.1376583,LSPUED,USGS,GW,9.48,null,null,1,USGS,m,2,S,V,A,72019,4/26/2017,no,4855
3.13312E+14,D-22-22 06AAA6 [LSP-1],31.5534288,-110.1403562,LSP-1,USGS,GW,10.74,null,null,1,USGS,m,2,S,V,A,72019,4/5/2018,no,4856
3.13312E+14,D-22-22 06AAA4 [LSP-4],31.5534288,-110.1403562,LSP-4,USGS,GW,10.81,null,null,1,USGS,m,2,S,S,A,72019,5/9/2007,no,4857
3.13312E+14,D-22-22 06AAA3 [LSP-3],31.5534288,-110.1409118,LSP-3,USGS,GW,9.57,null,null,1,USGS,m,2,S,S,A,72019,10/28/2011,no,4859
3.13312E+14,D-22-22 06AAA7 [LSP-2],31.5534288,-110.1409118,LSP-2,USGS,GW,5.49,null,null,1,USGS,m,2,S,V,A,72019,11/26/2024,no,4860
3.13312E+14,D-22-22 05BBD2 [LSPUED],31.5533111,-110.1376583,LSPUED,USGS,GW,10.22,null,null,1,USGS,m,2,S,V,A,72019,6/26/2017,no,4861
3.13312E+14,D-22-22 06AAA6 [LSP-1],31.5534288,-110.1403562,LSP-1,USGS,GW,11.28,null,null,1,USGS,m,2,S,V,A,72019,7/24/2018,no,4862
3.13312E+14,D-22-22 06AAA4 [LSP-4],31.5534288,-110.1403562,LSP-4,USGS,GW,10.11,null,null,1,USGS,m,2,S,S,A,72019,10/10/2007,no,4863
3.13312E+14,D-22-22 06AAA3 [LSP-3],31.5534288,-110.1409118,LSP-3,USGS,GW,9.48,null,null,1,USGS,m,2,S,S,A,72019,5/18/2012,no,4864
3.13312E+14,D-22-22 06AAA7 [LSP-2],31.5534288,-110.1409118,LSP-2,USGS,GW,4.96,null,null,1,USGS,m,2,S,V,A,72019,3/13/2025,no,4865
3.13312E+14,D-22-22 05BBD2 [LSPUED],31.5533111,-110.1376583,LSPUED,USGS,GW,9.72,null,null,1,USGS,m,2,S,V,A,72019,10/16/2017,no,4866
3.13312E+14,D-22-22 06AAA4 [LSP-4],31.5534288,-110.1403562,LSP-4,USGS,GW,9.15,null,null,1,USGS,m,2,S,S,A,72019,1/7/2008,no,4868
3.13312E+14,D-22-22 06AAA6 [LSP-1],31.5534288,-110.1403562,LSP-1,USGS,GW,10.34,null,null,1,USGS,m,2,S,V,A,72019,10/29/2018,no,4869
3.13312E+14,D-22-22 05BBD2 [LSPUED],31.5533111,-110.1376583,LSPUED,USGS,GW,9.22,null,null,1,USGS,m,2,S,V,A,72019,1/9/2018,no,4870
3.13312E+14,D-22-22 06AAA4 [LSP-4],31.5534288,-110.1403562,LSP-4,USGS,GW,9.81,null,null,1,USGS,m,2,S,S,A,72019,5/1/2008,no,4871
3.13312E+14,D-22-22 06AAA6 [LSP-1],31.5534288,-110.1403562,LSP-1,USGS,GW,10.3,null,null,1,USGS,m,2,S,V,A,72019,1/30/2019,no,4874
3.13312E+14,D-22-22 05BBD2 [LSPUED],31.5533111,-110.1376583,LSPUED,USGS,GW,9.21,null,null,1,USGS,m,2,S,V,A,72019,4/18/2018,no,4875
3.13312E+14,D-22-22 06AAA3 [LSP-3],31.5534288,-110.1409118,LSP-3,USGS,GW,9.7,null,null,1,USGS,m,2,S,S,A,72019,10/4/2012,no,4876
3.13312E+14,D-22-22 06AAA4 [LSP-4],31.5534288,-110.1403562,LSP-4,USGS,GW,10.57,null,null,1,USGS,m,2,S,S,A,72019,7/1/2008,no,4877
3.13312E+14,D-22-22 06AAA6 [LSP-1],31.5534288,-110.1403562,LSP-1,USGS,GW,10.5,null,null,1,USGS,m,2,S,V,A,72019,4/23/2019,no,4880
3.13312E+14,D-22-22 05BBD2 [LSPUED],31.5533111,-110.1376583,LSPUED,USGS,GW,10.01,null,null,1,USGS,m,2,S,V,A,72019,6/19/2018,no,4881
3.13312E+14,D-22-22 06AAA3 [LSP-3],31.5534288,-110.1409118,LSP-3,USGS,GW,9.39,null,null,1,USGS,m,2,S,V,A,72019,1/8/2013,no,4882
3.13312E+14,D-22-22 06AAA4 [LSP-4],31.5534288,-110.1403562,LSP-4,USGS,GW,9.54,null,null,1,USGS,m,2,S,S,A,72019,7/21/2008,no,4883
3.13312E+14,D-22-22 06AAA6 [LSP-1],31.5534288,-110.1403562,LSP-1,USGS,GW,10.98,null,null,1,USGS,m,2,S,V,A,72019,8/2/2019,no,4886
3.13312E+14,D-22-22 05BBD2 [LSPUED],31.5533111,-110.1376583,LSPUED,USGS,GW,9.64,null,null,1,USGS,m,2,S,V,A,72019,10/22/2018,no,4887
3.13312E+14,D-22-22 06AAA3 [LSP-3],31.5534288,-110.1409118,LSP-3,USGS,GW,9.39,null,null,1,USGS,m,2,S,V,A,72019,2/6/2013,no,4888
3.13312E+14,D-22-22 06AAA4 [LSP-4],31.5534288,-110.1403562,LSP-4,USGS,GW,8.56,null,null,1,USGS,m,2,S,S,A,72019,7/30/2008,no,4889
3.13312E+14,D-22-22 06AAA6 [LSP-1],31.5534288,-110.1403562,LSP-1,USGS,GW,10.44,null,null,1,USGS,m,2,S,V,A,72019,10/9/2019,no,4892
3.13312E+14,D-22-22 05BBD2 [LSPUED],31.5533111,-110.1376583,LSPUED,USGS,GW,9.01,null,null,1,USGS,m,2,S,V,A,72019,2/5/2019,no,4893
3.13312E+14,D-22-22 06AAA3 [LSP-3],31.5534288,-110.1409118,LSP-3,USGS,GW,9.32,null,null,1,USGS,m,2,S,V,A,72019,3/20/2013,no,4894
3.13312E+14,D-22-22 06AAA4 [LSP-4],31.5534288,-110.1403562,LSP-4,USGS,GW,9.63,null,null,1,USGS,m,2,S,S,A,72019,11/6/2008,no,4895
3.13312E+14,D-22-22 06AAA6 [LSP-1],31.5534288,-110.1403562,LSP-1,USGS,GW,10.71,null,null,1,USGS,m,2,S,V,A,72019,1/3/2020,no,4898
3.13312E+14,D-22-22 05BBD2 [LSPUED],31.5533111,-110.1376583,LSPUED,USGS,GW,9.08,null,null,1,USGS,m,2,S,V,A,72019,4/16/2019,no,4899
3.13312E+14,D-22-22 06AAA3 [LSP-3],31.5534288,-110.1409118,LSP-3,USGS,GW,9.51,null,null,1,USGS,m,2,S,V,A,72019,4/24/2013,no,4900
3.13312E+14,D-22-22 06AAA6 [LSP-1],31.5534288,-110.1403562,LSP-1,USGS,GW,11.58,null,null,null,USGS,m,2,S,V,A,72019,10/21/2020,no,4902
3.13312E+14,D-22-22 06AAA4 [LSP-4],31.5534288,-110.1403562,LSP-4,USGS,GW,9.37,null,null,1,USGS,m,2,S,S,A,72019,1/13/2009,no,4903
3.13312E+14,D-22-22 05BBD2 [LSPUED],31.5533111,-110.1376583,LSPUED,USGS,GW,10.01,null,null,1,USGS,m,2,S,V,A,72019,6/25/2019,no,4904
3.13312E+14,D-22-22 06AAA3 [LSP-3],31.5534288,-110.1409118,LSP-3,USGS,GW,9.75,null,null,1,USGS,m,2,S,T,A,72019,5/21/2013,no,4906
3.13312E+14,D-22-22 06AAA4 [LSP-4],31.5534288,-110.1403562,LSP-4,USGS,GW,10.28,null,null,1,USGS,m,2,S,V,A,72019,7/10/2009,no,4908
3.13312E+14,D-22-22 05BBD2 [LSPUED],31.5533111,-110.1376583,LSPUED,USGS,GW,9.49,null,null,1,USGS,m,2,S,V,A,72019,10/24/2019,no,4910
3.13312E+14,D-22-22 06AAA6 [LSP-1],31.5534288,-110.1403562,LSP-1,USGS,GW,11.17,null,null,null,USGS,m,2,S,V,A,72019,1/15/2021,no,4911
3.13312E+14,D-22-22 06AAA3 [LSP-3],31.5534288,-110.1409118,LSP-3,USGS,GW,9.59,null,null,1,USGS,m,2,S,V,A,72019,8/15/2013,no,4912
3.13312E+14,D-22-22 06AAA4 [LSP-4],31.5534288,-110.1403562,LSP-4,USGS,GW,10.44,null,null,1,USGS,m,2,S,V,A,72019,7/31/2009,no,4914
3.13312E+14,D-22-22 05BBD2 [LSPUED],31.5533111,-110.1376583,LSPUED,USGS,GW,8.85,null,null,1,USGS,m,2,S,V,A,72019,1/7/2020,no,4916
3.13312E+14,D-22-22 06AAA6 [LSP-1],31.5534288,-110.1403562,LSP-1,USGS,GW,11.17,null,null,null,USGS,m,2,S,V,A,72019,1/15/2021,no,4917
3.13312E+14,D-22-22 06AAA3 [LSP-3],31.5534288,-110.1409118,LSP-3,USGS,GW,9.73,null,null,1,USGS,m,2,S,T,A,72019,12/16/2013,no,4918
3.13312E+14,D-22-22 06AAA4 [LSP-4],31.5534288,-110.1403562,LSP-4,USGS,GW,10.34,null,null,1,USGS,m,2,S,S,A,72019,8/12/2009,no,4920
3.13312E+14,D-22-22 05BBD2 [LSPUED],31.5533111,-110.1376583,LSPUED,USGS,GW,8.99,null,null,1,USGS,m,2,S,V,A,72019,4/8/2020,no,4922
3.13312E+14,D-22-22 06AAA6 [LSP-1],31.5534288,-110.1403562,LSP-1,USGS,GW,11.3,null,null,1,USGS,m,1,S,V,A,72019,4/30/2021,no,4923
3.13312E+14,D-22-22 06AAA3 [LSP-3],31.5534288,-110.1409118,LSP-3,USGS,GW,9.73,null,null,1,USGS,m,2,S,T,A,72019,12/17/2013,no,4924
3.13312E+14,D-22-22 06AAA4 [LSP-4],31.5534288,-110.1403562,LSP-4,USGS,GW,10.2,null,null,1,USGS,m,2,S,S,A,72019,10/16/2009,no,4926
3.13312E+14,D-22-22 05BBD2 [LSPUED],31.5533111,-110.1376583,LSPUED,USGS,GW,10.04,null,null,1,USGS,m,2,S,V,A,72019,6/25/2020,no,4928
3.13312E+14,D-22-22 06AAA6 [LSP-1],31.5534288,-110.1403562,LSP-1,USGS,GW,10.66,null,null,1,USGS,m,2,S,V,A,72019,9/13/2021,no,4929
3.13312E+14,D-22-22 06AAA3 [LSP-3],31.5534288,-110.1409118,LSP-3,USGS,GW,9.82,null,null,1,USGS,m,2,S,T,A,72019,4/17/2014,no,4930
3.13312E+14,D-22-22 06AAA4 [LSP-4],31.5534288,-110.1403562,LSP-4,USGS,GW,9.68,null,null,1,USGS,m,2,S,S,A,72019,11/13/2009,no,4932
3.13312E+14,D-22-22 05BBD2 [LSPUED],31.5533111,-110.1376583,LSPUED,USGS,GW,10.3,null,null,1,USGS,m,2,S,V,A,72019,10/5/2020,no,4934
3.13312E+14,D-22-22 06AAA6 [LSP-1],31.5534288,-110.1403562,LSP-1,USGS,GW,11.1,null,null,1,USGS,m,U,S,V,A,72019,10/27/2021,no,4935
3.13312E+14,D-22-22 06AAA3 [LSP-3],31.5534288,-110.1409118,LSP-3,USGS,GW,9.74,null,null,1,USGS,m,2,S,T,A,72019,7/9/2014,no,4936
3.13312E+14,D-22-22 05BBD2 [LSPUED],31.5533111,-110.1376583,LSPUED,USGS,GW,9.28,null,null,1,USGS,m,2,S,V,A,72019,2/10/2021,no,4938
3.13312E+14,D-22-22 06AAA6 [LSP-1],31.5534288,-110.1403562,LSP-1,USGS,GW,10.84,null,null,1,USGS,m,2,S,V,A,72019,1/19/2022,no,4939
3.13312E+14,D-22-22 06AAA4 [LSP-4],31.5534288,-110.1403562,LSP-4,USGS,GW,9.26,null,null,1,USGS,m,2,S,S,A,72019,12/19/2009,no,4940
3.13312E+14,D-22-22 06AAA3 [LSP-3],31.5534288,-110.1409118,LSP-3,USGS,GW,10.36,null,null,1,USGS,m,2,S,T,A,72019,1/15/2015,no,4941
3.13312E+14,D-22-22 06AAA4 [LSP-4],31.5534288,-110.1403562,LSP-4,USGS,GW,9.45,null,null,1,USGS,m,2,S,S,A,72019,2/1/2010,no,4944
3.13312E+14,D-22-22 06AAA3 [LSP-3],31.5534288,-110.1409118,LSP-3,USGS,GW,10.6,null,null,1,USGS,m,2,S,T,A,72019,4/27/2015,no,4945
3.13312E+14,D-22-22 05BBD2 [LSPUED],31.5533111,-110.1376583,LSPUED,USGS,GW,9.24,null,null,1,USGS,m,2,S,V,A,72019,4/7/2021,no,4947
3.13312E+14,D-22-22 06AAA6 [LSP-1],31.5534288,-110.1403562,LSP-1,USGS,GW,10.68,null,null,1,USGS,m,2,S,V,A,72019,3/9/2022,no,4948
3.13312E+14,D-22-22 06AAA4 [LSP-4],31.5534288,-110.1403562,LSP-4,USGS,GW,9.47,null,null,1,USGS,m,1,S,S,A,72019,3/17/2010,no,4949
3.13312E+14,D-22-22 06AAA3 [LSP-3],31.5534288,-110.1409118,LSP-3,USGS,GW,10.85,null,null,1,USGS,m,2,S,T,A,72019,7/24/2015,no,4950
3.13312E+14,D-22-22 05BBD2 [LSPUED],31.5533111,-110.1376583,LSPUED,USGS,GW,10.21,null,null,1,USGS,m,2,S,V,A,72019,6/29/2021,no,4952
3.13312E+14,D-22-22 06AAA6 [LSP-1],31.5534288,-110.1403562,LSP-1,USGS,GW,11.41,null,null,1,USGS,m,2,S,V,A,72019,6/9/2022,no,4953
3.13312E+14,D-22-22 06AAA4 [LSP-4],31.5534288,-110.1403562,LSP-4,USGS,GW,9.47,null,null,1,USGS,m,1,S,S,A,72019,3/17/2010,no,4954
3.13312E+14,D-22-22 06AAA3 [LSP-3],31.5534288,-110.1409118,LSP-3,USGS,GW,10.46,null,null,1,USGS,m,2,S,V,A,72019,11/19/2015,no,4955
3.13312E+14,D-22-22 05BBD2 [LSPUED],31.5533111,-110.1376583,LSPUED,USGS,GW,9.46,null,null,1,USGS,m,2,S,V,A,72019,10/21/2021,no,4957
3.13312E+14,D-22-22 06AAA6 [LSP-1],31.5534288,-110.1403562,LSP-1,USGS,GW,10.83,null,null,1,USGS,m,2,S,V,A,72019,10/11/2022,no,4958
3.13312E+14,D-22-22 06AAA4 [LSP-4],31.5534288,-110.1403562,LSP-4,USGS,GW,9.84,null,null,1,USGS,m,1,S,T,A,72019,5/27/2010,no,4959
3.13312E+14,D-22-22 06AAA3 [LSP-3],31.5534288,-110.1409118,LSP-3,USGS,GW,10.38,null,null,1,USGS,m,2,S,V,A,72019,2/11/2016,no,4960
3.13312E+14,D-22-22 05BBD2 [LSPUED],31.5533111,-110.1376583,LSPUED,USGS,GW,9.04,null,null,1,USGS,m,2,S,V,A,72019,2/2/2022,no,4962
3.13312E+14,D-22-22 06AAA6 [LSP-1],31.5534288,-110.1403562,LSP-1,USGS,GW,11.02,null,null,1,USGS,m,2,S,V,A,72019,1/12/2023,no,4963
3.13312E+14,D-22-22 06AAA4 [LSP-4],31.5534288,-110.1403562,LSP-4,USGS,GW,9.84,null,null,1,USGS,m,1,S,T,A,72019,5/27/2010,no,4964
3.13312E+14,D-22-22 06AAA3 [LSP-3],31.5534288,-110.1409118,LSP-3,USGS,GW,10.76,null,null,1,USGS,m,2,S,V,A,72019,5/12/2016,no,4965
3.13312E+14,D-22-22 06AAA6 [LSP-1],31.5534288,-110.1403562,LSP-1,USGS,GW,11.1,null,null,1,USGS,m,2,S,V,A,72019,4/12/2023,no,4967
3.13312E+14,D-22-22 06AAA4 [LSP-4],31.5534288,-110.1403562,LSP-4,USGS,GW,10.1,null,null,1,USGS,m,1,S,S,A,72019,6/16/2010,no,4968
3.13312E+14,D-22-22 06AAA3 [LSP-3],31.5534288,-110.1409118,LSP-3,USGS,GW,10.35,null,null,1,USGS,m,2,S,V,A,72019,8/17/2016,no,4969
3.13312E+14,D-22-22 06AAA6 [LSP-1],31.5534288,-110.1403562,LSP-1,USGS,GW,11.32,null,null,1,USGS,m,2,S,V,A,72019,5/8/2023,no,4971
3.13312E+14,D-22-22 06AAA4 [LSP-4],31.5534288,-110.1403562,LSP-4,USGS,GW,10.1,null,null,1,USGS,m,1,S,S,A,72019,6/16/2010,no,4972
3.13312E+14,D-22-22 06AAA3 [LSP-3],31.5534288,-110.1409118,LSP-3,USGS,GW,10.72,null,null,1,USGS,m,2,S,V,A,72019,11/16/2016,no,4973
3.13312E+14,D-22-22 06AAA4 [LSP-4],31.5534288,-110.1403562,LSP-4,USGS,GW,9.34,null,null,1,USGS,m,1,S,S,A,72019,7/27/2010,no,4974
3.13312E+14,D-22-22 06AAA6 [LSP-1],31.5534288,-110.1403562,LSP-1,USGS,GW,11.61,null,null,1,USGS,m,2,S,V,A,72019,6/27/2023,no,4976
3.13312E+14,D-22-22 06AAA4 [LSP-4],31.5534288,-110.1403562,LSP-4,USGS,GW,9.34,null,null,1,USGS,m,1,S,S,A,72019,7/27/2010,no,4978
3.13312E+14,D-22-22 06AAA3 [LSP-3],31.5534288,-110.1409118,LSP-3,USGS,GW,10.36,null,null,1,USGS,m,2,S,V,A,72019,1/25/2017,no,4979
3.13312E+14,D-22-22 06AAA6 [LSP-1],31.5534288,-110.1403562,LSP-1,USGS,GW,11.52,null,null,1,USGS,m,2,S,V,A,72019,11/8/2023,no,4981
3.13312E+14,D-22-22 06AAA4 [LSP-4],31.5534288,-110.1403562,LSP-4,USGS,GW,9.92,null,null,1,USGS,m,1,S,S,A,72019,1/18/2011,no,4982
3.13312E+14,D-22-22 06AAA3 [LSP-3],31.5534288,-110.1409118,LSP-3,USGS,GW,10.68,null,null,1,USGS,m,2,S,V,A,72019,4/26/2017,no,4983
3.13312E+14,D-22-22 06AAA6 [LSP-1],31.5534288,-110.1403562,LSP-1,USGS,GW,11.17,null,null,1,USGS,m,2,S,V,A,72019,1/18/2024,no,4985
3.13312E+14,D-22-22 06AAA4 [LSP-4],31.5534288,-110.1403562,LSP-4,USGS,GW,9.92,null,null,1,USGS,m,1,S,S,A,72019,1/18/2011,no,4986
3.13312E+14,D-22-22 06AAA3 [LSP-3],31.5534288,-110.1409118,LSP-3,USGS,GW,11.15,null,null,1,USGS,m,2,S,V,A,72019,7/13/2017,no,4987
3.13312E+14,D-22-22 06AAA6 [LSP-1],31.5534288,-110.1403562,LSP-1,USGS,GW,11.14,null,null,1,USGS,m,2,S,V,A,72019,3/6/2024,no,4989
3.13312E+14,D-22-22 06AAA4 [LSP-4],31.5534288,-110.1403562,LSP-4,USGS,GW,10.14,null,null,1,USGS,m,1,S,S,A,72019,4/21/2011,no,4990
3.13312E+14,D-22-22 06AAA3 [LSP-3],31.5534288,-110.1409118,LSP-3,USGS,GW,10.62,null,null,1,USGS,m,2,S,V,A,72019,10/4/2017,no,4991
3.13312E+14,D-22-22 06AAA4 [LSP-4],31.5534288,-110.1403562,LSP-4,USGS,GW,10.14,null,null,1,USGS,m,1,S,S,A,72019,4/21/2011,no,4993
3.13312E+14,D-22-22 06AAA3 [LSP-3],31.5534288,-110.1409118,LSP-3,USGS,GW,10.24,null,null,1,USGS,m,2,S,V,A,72019,1/4/2018,no,4994
3.13312E+14,D-22-22 06AAA4 [LSP-4],31.5534288,-110.1403562,LSP-4,USGS,GW,10.55,null,null,1,USGS,m,2,S,S,A,72019,7/7/2011,no,4996
3.13312E+14,D-22-22 06AAA3 [LSP-3],31.5534288,-110.1409118,LSP-3,USGS,GW,10.27,null,null,1,USGS,m,2,S,V,A,72019,4/5/2018,no,4997
3.13312E+14,D-22-22 06AAA4 [LSP-4],31.5534288,-110.1403562,LSP-4,USGS,GW,10.03,null,null,1,USGS,m,2,S,S,A,72019,10/28/2011,no,4999
3.13643E+14,D-21-21 13BAB1 [MOSLNS],31.6119,-110.1674778,MOSLNS,USGS,GW,5.26,null,null,1,USGS,m,2,S,V,A,72019,7/21/2011,no,5007
3.13738E+14,D-21-21 02DDC [CHB-LI],31.62744444,-110.1753944,CHB-LI,USGS,GW,5.61,null,null,1,USGS,m,2,S,V,A,72019,3/20/2012,no,5051
3.13643E+14,D-21-21 13BAB2 [MOSLND],31.6118972,-110.1674778,MOSLND,USGS,GW,4.74,null,null,1,null,m,2,null,O,A,72019,5/4/2010,no,5062
3.13508E+14,D-21-22 19CDB2 [CLRSUD],31.5857333,-110.1497172,CLRSUD,USGS,GW,15.1,null,null,1,USGS,m,2,S,V,A,72019,10/3/2022,no,5080
3.14059E+14,D-20-21 22BAD3 [BOQWP2],31.6832361,-110.1888194,BOQWP2,USGS,GW,10.62,null,null,1,USGS,m,2,S,V,P,72019,2/1/2024,yes,5098
3.14059E+14,D-20-21 22BAD3 [BOQWP2],31.6832361,-110.1888194,BOQWP2,USGS,GW,10.57,null,null,1,USGS,m,2,S,V,P,72019,3/5/2024,yes,5099
3.14059E+14,D-20-21 22BAD3 [BOQWP2],31.6832361,-110.1888194,BOQWP2,USGS,GW,10.62,null,null,1,USGS,m,2,S,V,P,72019,4/17/2024,yes,5100
3.14059E+14,D-20-21 22BAD3 [BOQWP2],31.6832361,-110.1888194,BOQWP2,USGS,GW,10.82,null,null,1,USGS,m,2,S,S,P,72019,5/16/2024,yes,5101
3.14059E+14,D-20-21 22BAD3 [BOQWP2],31.6832361,-110.1888194,BOQWP2,USGS,GW,12.85,null,null,1,USGS,m,2,S,S,P,72019,6/20/2024,yes,5102
3.14059E+14,D-20-21 22BAD3 [BOQWP2],31.6832361,-110.1888194,BOQWP2,USGS,GW,13.55,null,null,1,USGS,m,2,S,V,P,72019,10/30/2024,yes,5103
3.14059E+14,D-20-21 22BAD3 [BOQWP2],31.6832361,-110.1888194,BOQWP2,USGS,GW,10.52,null,null,1,USGS,m,2,S,V,P,72019,2/27/2025,yes,5104
3.13642E+14,D-21-21 13BAB4 [MOSLNW],31.611775,-110.1676083,MOSLNW,USGS,GW,7.62,null,null,1,USGS,m,2,S,V,A,72019,10/16/2017,no,5105
3.13738E+14,D-21-21 02DDC [CHB-LI],31.62744444,-110.1753944,CHB-LI,USGS,GW,5.6,null,null,1,USGS,m,2,S,V,A,72019,3/26/2012,no,5106
3.13643E+14,D-21-21 13BAB1 [MOSLNS],31.6119,-110.1674778,MOSLNS,USGS,GW,5.64,null,null,1,USGS,m,2,S,V,A,72019,9/23/2011,no,5107
3.13642E+14,D-21-21 13BAB4 [MOSLNW],31.611775,-110.1676083,MOSLNW,USGS,GW,7.19,null,null,1,USGS,m,2,S,V,A,72019,1/9/2018,no,5108
3.13738E+14,D-21-21 02DDC [CHB-LI],31.62744444,-110.1753944,CHB-LI,USGS,GW,6.98,null,null,1,USGS,m,2,S,V,A,72019,6/18/2012,no,5109
3.13643E+14,D-21-21 13BAB1 [MOSLNS],31.6119,-110.1674778,MOSLNS,USGS,GW,5.21,null,null,1,USGS,m,2,S,V,A,72019,3/20/2012,no,5110
3.13642E+14,D-21-21 13BAB4 [MOSLNW],31.611775,-110.1676083,MOSLNW,USGS,GW,7.25,null,null,1,USGS,m,2,S,V,A,72019,4/18/2018,no,5111
3.13738E+14,D-21-21 02DDC [CHB-LI],31.62744444,-110.1753944,CHB-LI,USGS,GW,5.21,null,null,1,USGS,m,2,S,V,A,72019,9/13/2012,no,5112
3.13643E+14,D-21-21 13BAB1 [MOSLNS],31.6119,-110.1674778,MOSLNS,USGS,GW,5.72,null,null,1,USGS,m,2,S,V,A,72019,6/19/2012,no,5113
3.13508E+14,D-21-22 19CDB2 [CLRSUD],31.5857333,-110.1497172,CLRSUD,USGS,GW,15.01,null,null,1,USGS,m,2,S,V,P,72019,1/30/2023,no,5114
3.13642E+14,D-21-21 13BAB4 [MOSLNW],31.611775,-110.1676083,MOSLNW,USGS,GW,7.77,null,null,1,USGS,m,2,S,V,A,72019,6/22/2018,no,5115
3.13643E+14,D-21-21 13BAB2 [MOSLND],31.6118972,-110.1674778,MOSLND,USGS,GW,4.89,null,null,1,null,m,2,null,O,A,72019,6/28/2010,no,5116
3.13642E+14,D-21-21 13BAB4 [MOSLNW],31.611775,-110.1676083,MOSLNW,USGS,GW,6.45,null,null,1,USGS,m,2,S,V,A,72019,10/26/2018,no,5117
3.13643E+14,D-21-21 13BAB1 [MOSLNS],31.6119,-110.1674778,MOSLNS,USGS,GW,4.49,null,null,1,USGS,m,2,S,V,A,72019,9/13/2012,no,5118
3.13738E+14,D-21-21 02DDC [CHB-LI],31.62744444,-110.1753944,CHB-LI,USGS,GW,6.78,null,null,1,USGS,m,2,S,V,A,72019,5/30/2013,no,5119
3.13508E+14,D-21-22 19CDB2 [CLRSUD],31.5857333,-110.1497172,CLRSUD,USGS,GW,14.92,null,null,1,USGS,m,2,S,V,P,72019,4/25/2023,no,5120
3.13643E+14,D-21-21 13BAB2 [MOSLND],31.6118972,-110.1674778,MOSLND,USGS,GW,3.61,null,null,1,null,m,2,null,O,A,72019,7/28/2010,no,5121
3.13643E+14,D-21-21 13BAB1 [MOSLNS],31.6119,-110.1674778,MOSLNS,USGS,GW,5.84,null,null,1,USGS,m,2,S,V,A,72019,5/30/2013,no,5122
3.13642E+14,D-21-21 13BAB4 [MOSLNW],31.611775,-110.1676083,MOSLNW,USGS,GW,7.19,null,null,1,USGS,m,2,S,V,A,72019,2/7/2019,no,5123
3.13643E+14,D-21-21 13BAB2 [MOSLND],31.6118972,-110.1674778,MOSLND,USGS,GW,5.59,null,null,1,null,m,2,null,O,A,72019,11/30/2010,no,5124
3.13508E+14,D-21-22 19CDB2 [CLRSUD],31.5857333,-110.1497172,CLRSUD,USGS,GW,15.53,null,null,1,USGS,m,2,S,S,P,72019,6/22/2023,no,5125
3.13508E+14,D-21-22 19CDB1 [CLRSUS],31.58576109,-110.1500505,CLRSUS,USGS,GW,16.15,null,null,1,USGS,m,2,S,V,A,72019,4/6/2022,no,5126
3.13643E+14,D-21-21 13BAB1 [MOSLNS],31.6119,-110.1674778,MOSLNS,USGS,GW,6,null,null,1,USGS,m,2,S,V,A,72019,7/2/2013,no,5127
3.13316E+14,D-22-22 06AAB [LSPUWD],31.55444444,-110.1419444,LSPUWD,USGS,GW,10.23,null,null,1,USGS,m,2,S,V,A,72019,1/25/2023,no,5128
3.13738E+14,D-21-21 02DDC [CHB-LI],31.62744444,-110.1753944,CHB-LI,USGS,GW,7.14,null,null,1,USGS,m,2,S,V,A,72019,6/19/2013,no,5129
3.13643E+14,D-21-21 13BAB2 [MOSLND],31.6118972,-110.1674778,MOSLND,USGS,GW,5.46,null,null,1,null,m,2,null,O,A,72019,12/22/2010,no,5130
3.13508E+14,D-21-22 19CDB2 [CLRSUD],31.5857333,-110.1497172,CLRSUD,USGS,GW,16.1,null,null,1,USGS,m,2,S,V,P,72019,11/16/2023,no,5131
3.13738E+14,D-21-21 02DDC [CHB-LI],31.62744444,-110.1753944,CHB-LI,USGS,GW,7.35,null,null,1,USGS,m,2,S,V,A,72019,7/2/2013,no,5132
3.13316E+14,D-22-22 06AAB [LSPUWD],31.55444444,-110.1419444,LSPUWD,USGS,GW,10.27,null,null,1,USGS,m,2,S,V,A,72019,4/18/2023,no,5133
3.13643E+14,D-21-21 13BAB1 [MOSLNS],31.6119,-110.1674778,MOSLNS,USGS,GW,5.21,null,null,1,USGS,m,2,S,V,A,72019,11/1/2013,no,5134
3.13643E+14,D-21-21 13BAB2 [MOSLND],31.6118972,-110.1674778,MOSLND,USGS,GW,5.09,null,null,1,USGS,m,2,S,V,A,72019,7/21/2011,no,5135
3.13508E+14,D-21-22 19CDB2 [CLRSUD],31.5857333,-110.1497172,CLRSUD,USGS,GW,15.63,null,null,1,USGS,m,2,S,V,P,72019,2/13/2024,no,5136
3.13738E+14,D-21-21 02DDC [CHB-LI],31.62744444,-110.1753944,CHB-LI,USGS,GW,6.04,null,null,1,USGS,m,2,S,V,A,72019,11/1/2013,no,5137
3.13316E+14,D-22-22 06AAB [LSPUWD],31.55444444,-110.1419444,LSPUWD,USGS,GW,10.66,null,null,1,USGS,m,2,S,S,A,72019,6/1/2023,no,5138
3.13643E+14,D-21-21 13BAB1 [MOSLNS],31.6119,-110.1674778,MOSLNS,USGS,GW,4.94,null,null,1,USGS,m,2,S,V,A,72019,1/8/2014,no,5139
3.13312E+14,D-22-22 06AAA3 [LSP-3],31.5534288,-110.1409118,LSP-3,USGS,GW,10.88,null,null,1,USGS,m,2,S,V,A,72019,7/24/2018,no,5140
3.13312E+14,D-22-22 06AAA3 [LSP-3],31.5534288,-110.1409118,LSP-3,USGS,GW,9.98,null,null,1,USGS,m,2,S,V,A,72019,10/29/2018,no,5141
3.13638E+14,D-21-21 13BAC1 [MOSWAS],31.61073889,-110.1671056,MOSWAS,USGS,GW,12.28,null,null,1,USGS,m,2,S,V,A,72019,6/23/2020,no,5142
3.13508E+14,D-21-22 19CDB2 [CLRSUD],31.5857333,-110.1497172,CLRSUD,USGS,GW,15.54,null,null,1,USGS,m,2,S,V,P,72019,4/17/2024,no,5143
3.13642E+14,D-21-21 13BAB4 [MOSLNW],31.611775,-110.1676083,MOSLNW,USGS,GW,7.26,null,null,1,USGS,m,2,S,V,A,72019,4/18/2019,no,5144
3.13643E+14,D-21-21 13BAB2 [MOSLND],31.6118972,-110.1674778,MOSLND,USGS,GW,5.4,null,null,1,USGS,m,2,S,V,A,72019,9/23/2011,no,5145
3.13312E+14,D-22-22 06AAA3 [LSP-3],31.5534288,-110.1409118,LSP-3,USGS,GW,9.91,null,null,1,USGS,m,2,S,V,A,72019,1/30/2019,no,5146
3.13316E+14,D-22-22 06AAB [LSPUWD],31.55444444,-110.1419444,LSPUWD,USGS,GW,10.65,null,null,1,USGS,m,2,S,S,A,72019,6/1/2023,no,5147
3.13738E+14,D-21-21 02DDC [CHB-LI],31.62744444,-110.1753944,CHB-LI,USGS,GW,5.79,null,null,1,USGS,m,2,S,V,A,72019,1/9/2014,no,5148
3.13643E+14,D-21-21 13BAB1 [MOSLNS],31.6119,-110.1674778,MOSLNS,USGS,GW,5.14,null,null,1,USGS,m,2,S,V,A,72019,4/3/2014,no,5149
3.13738E+14,D-21-21 02DDC [CHB-LI],31.62744444,-110.1753944,CHB-LI,USGS,GW,5.81,null,null,1,USGS,m,2,S,V,A,72019,4/3/2014,no,5150
3.13508E+14,D-21-22 19CDB1 [CLRSUS],31.58576109,-110.1500505,CLRSUS,USGS,GW,16.77,null,null,1,USGS,m,2,S,V,A,72019,6/27/2022,no,5151
3.13643E+14,D-21-21 13BAB1 [MOSLNS],31.6119,-110.1674778,MOSLNS,USGS,GW,5.69,null,null,1,USGS,m,2,S,V,A,72019,6/26/2014,no,5152
3.13316E+14,D-22-22 06AAB [LSPUWD],31.55444444,-110.1419444,LSPUWD,USGS,GW,10.88,null,null,1,USGS,m,2,S,S,A,72019,6/27/2023,no,5153
3.13643E+14,D-21-21 13BAB2 [MOSLND],31.6118972,-110.1674778,MOSLND,USGS,GW,5.08,null,null,1,USGS,m,1,S,V,A,72019,3/20/2012,no,5154
3.13508E+14,D-21-22 19CDB2 [CLRSUD],31.5857333,-110.1497172,CLRSUD,USGS,GW,16.24,null,null,1,USGS,m,2,S,V,P,72019,6/24/2024,no,5155
3.13642E+14,D-21-21 13BAB4 [MOSLNW],31.611775,-110.1676083,MOSLNW,USGS,GW,7.89,null,null,1,USGS,m,2,S,V,A,72019,6/27/2019,no,5156
3.13312E+14,D-22-22 06AAA3 [LSP-3],31.5534288,-110.1409118,LSP-3,USGS,GW,10.07,null,null,1,USGS,m,2,S,V,A,72019,4/23/2019,no,5157
3.13738E+14,D-21-21 02DDC [CHB-LI],31.62744444,-110.1753944,CHB-LI,USGS,GW,7.1,null,null,1,USGS,m,2,S,V,A,72019,6/26/2014,no,5158
3.13508E+14,D-21-22 19CDB1 [CLRSUS],31.58576109,-110.1500505,CLRSUS,USGS,GW,15.97,null,null,1,USGS,m,2,S,V,A,72019,10/3/2022,no,5159
3.13638E+14,D-21-21 13BAC1 [MOSWAS],31.61073889,-110.1671056,MOSWAS,USGS,GW,12.63,null,null,1,USGS,m,2,S,V,A,72019,10/7/2020,no,5160
3.13643E+14,D-21-21 13BAB1 [MOSLNS],31.6119,-110.1674778,MOSLNS,USGS,GW,4.29,null,null,null,USGS,m,2,S,S,A,72019,6/17/2016,no,5161
3.13316E+14,D-22-22 06AAB [LSPUWD],31.55444444,-110.1419444,LSPUWD,USGS,GW,11.11,null,null,1,USGS,m,2,S,S,A,72019,11/2/2023,no,5162
3.13643E+14,D-21-21 13BAB2 [MOSLND],31.6118972,-110.1674778,MOSLND,USGS,GW,5.59,null,null,1,USGS,m,1,S,V,A,72019,6/19/2012,no,5163
3.13508E+14,D-21-22 19CDB2 [CLRSUD],31.5857333,-110.1497172,CLRSUD,USGS,GW,16.52,null,null,1,USGS,m,2,S,V,P,72019,10/28/2024,no,5164
3.13642E+14,D-21-21 13BAB4 [MOSLNW],31.611775,-110.1676083,MOSLNW,USGS,GW,7.8,null,null,1,USGS,m,2,S,V,A,72019,10/24/2019,no,5165
3.13312E+14,D-22-22 06AAA3 [LSP-3],31.5534288,-110.1409118,LSP-3,USGS,GW,10.66,null,null,1,USGS,m,2,S,V,A,72019,8/2/2019,no,5166
3.13738E+14,D-21-21 02DDC [CHB-LI],31.62744444,-110.1753944,CHB-LI,USGS,GW,4.79,null,null,1,USGS,m,2,S,V,A,72019,11/5/2014,no,5167
3.13508E+14,D-21-22 19CDB1 [CLRSUS],31.58576109,-110.1500505,CLRSUS,USGS,GW,15.93,null,null,1,USGS,m,2,S,V,P,72019,1/30/2023,no,5168
3.13638E+14,D-21-21 13BAC1 [MOSWAS],31.61073889,-110.1671056,MOSWAS,USGS,GW,11.5,null,null,1,USGS,m,2,S,V,A,72019,2/10/2021,no,5169
3.13643E+14,D-21-21 13BAB1 [MOSLNS],31.6119,-110.1674778,MOSLNS,USGS,GW,4.31,null,null,1,USGS,m,2,S,V,A,72019,6/28/2016,no,5170
3.13316E+14,D-22-22 06AAB [LSPUWD],31.55444444,-110.1419444,LSPUWD,USGS,GW,10.5,null,null,1,USGS,m,2,S,S,A,72019,2/14/2024,no,5171
3.13643E+14,D-21-21 13BAB2 [MOSLND],31.6118972,-110.1674778,MOSLND,USGS,GW,3.94,null,null,1,USGS,m,1,S,V,A,72019,9/13/2012,no,5172
3.13508E+14,D-21-22 19CDB2 [CLRSUD],31.5857333,-110.1497172,CLRSUD,USGS,GW,15.81,null,null,1,USGS,m,2,S,S,P,72019,2/28/2025,no,5173
3.13642E+14,D-21-21 13BAB4 [MOSLNW],31.611775,-110.1676083,MOSLNW,USGS,GW,6.99,null,null,1,USGS,m,2,S,V,A,72019,1/9/2020,no,5174
3.13312E+14,D-22-22 06AAA3 [LSP-3],31.5534288,-110.1409118,LSP-3,USGS,GW,10.12,null,null,1,USGS,m,2,S,V,A,72019,10/9/2019,no,5175
3.13738E+14,D-21-21 02DDC [CHB-LI],31.62744444,-110.1753944,CHB-LI,USGS,GW,5.04,null,null,1,USGS,m,2,S,V,A,72019,1/16/2015,no,5176
3.13508E+14,D-21-22 19CDB1 [CLRSUS],31.58576109,-110.1500505,CLRSUS,USGS,GW,15.83,null,null,1,USGS,m,2,S,V,P,72019,4/25/2023,no,5177
3.13638E+14,D-21-21 13BAC1 [MOSWAS],31.61073889,-110.1671056,MOSWAS,USGS,GW,11.13,null,null,1,USGS,m,2,S,V,A,72019,4/8/2021,no,5178
3.13643E+14,D-21-21 13BAB1 [MOSLNS],31.6119,-110.1674778,MOSLNS,USGS,GW,4.34,null,null,1,USGS,m,2,S,V,A,72019,7/5/2016,no,5179
3.13316E+14,D-22-22 06AAB [LSPUWD],31.55444444,-110.1419444,LSPUWD,USGS,GW,10.47,null,null,1,USGS,m,2,S,S,A,72019,4/17/2024,no,5180
3.13316E+14,D-22-22 06AAB [LSPUWD],31.55444444,-110.1419444,LSPUWD,USGS,GW,11.17,null,null,1,USGS,m,2,S,S,A,72019,6/24/2024,no,5181
3.13316E+14,D-22-22 06AAB [LSPUWD],31.55444444,-110.1419444,LSPUWD,USGS,GW,10.89,null,null,1,USGS,m,2,S,S,A,72019,10/29/2024,no,5182
3.13316E+14,D-22-22 06AAB [LSPUWD],31.55444444,-110.1419444,LSPUWD,USGS,GW,10.02,null,null,1,USGS,m,2,S,S,A,72019,2/27/2025,no,5183
3.13508E+14,D-21-22 19CDB1 [CLRSUS],31.58576109,-110.1500505,CLRSUS,USGS,GW,16.05,null,null,1,USGS,m,2,S,T,A,72019,1/11/2006,no,5188
3.13508E+14,D-21-22 19CDB1 [CLRSUS],31.58576109,-110.1500505,CLRSUS,USGS,GW,15.96,null,null,1,USGS,m,2,S,T,A,72019,2/22/2006,no,5189
3.13508E+14,D-21-22 19CDB1 [CLRSUS],31.58576109,-110.1500505,CLRSUS,USGS,GW,15.96,null,null,1,null,m,2,null,O,A,72019,4/14/2006,no,5190
3.13508E+14,D-21-22 19CDB1 [CLRSUS],31.58576109,-110.1500505,CLRSUS,USGS,GW,14.16,null,null,1,null,m,2,null,O,A,72019,8/4/2006,no,5191
3.13508E+14,D-21-22 19CDB1 [CLRSUS],31.58576109,-110.1500505,CLRSUS,USGS,GW,14.54,null,null,1,USGS,m,2,S,T,A,72019,8/10/2006,no,5192
3.13508E+14,D-21-22 19CDB1 [CLRSUS],31.58576109,-110.1500505,CLRSUS,USGS,GW,15.46,null,null,1,null,m,2,null,O,A,72019,10/16/2006,no,5193
3.13508E+14,D-21-22 19CDB1 [CLRSUS],31.58576109,-110.1500505,CLRSUS,USGS,GW,15.89,null,null,1,null,m,2,null,O,A,72019,11/20/2006,no,5194
3.13508E+14,D-21-22 19CDB1 [CLRSUS],31.58576109,-110.1500505,CLRSUS,USGS,GW,15.96,null,null,1,null,m,2,null,O,A,72019,12/14/2006,no,5195
3.13508E+14,D-21-22 19CDB1 [CLRSUS],31.58576109,-110.1500505,CLRSUS,USGS,GW,15.94,null,null,1,null,m,2,null,O,A,72019,12/15/2006,no,5196
3.13508E+14,D-21-22 19CDB1 [CLRSUS],31.58576109,-110.1500505,CLRSUS,USGS,GW,15.97,null,null,1,null,m,2,null,O,A,72019,12/18/2006,no,5197
3.13508E+14,D-21-22 19CDB1 [CLRSUS],31.58576109,-110.1500505,CLRSUS,USGS,GW,15.94,null,null,1,USGS,m,2,S,T,A,72019,12/20/2006,no,5198
3.13508E+14,D-21-22 19CDB1 [CLRSUS],31.58576109,-110.1500505,CLRSUS,USGS,GW,15.96,null,null,1,null,m,2,null,O,A,72019,1/18/2007,no,5199
3.13508E+14,D-21-22 19CDB1 [CLRSUS],31.58576109,-110.1500505,CLRSUS,USGS,GW,15.86,null,null,1,null,m,2,null,O,A,72019,2/27/2007,no,5200
3.13508E+14,D-21-22 19CDB1 [CLRSUS],31.58576109,-110.1500505,CLRSUS,USGS,GW,15.84,null,null,1,null,m,2,null,O,A,72019,3/29/2007,no,5201
3.13508E+14,D-21-22 19CDB1 [CLRSUS],31.58576109,-110.1500505,CLRSUS,USGS,GW,15.88,null,null,1,null,m,2,null,O,A,72019,4/26/2007,no,5202
3.13508E+14,D-21-22 19CDB1 [CLRSUS],31.58576109,-110.1500505,CLRSUS,USGS,GW,15.88,null,null,1,USGS,m,2,S,T,A,72019,5/3/2007,no,5203
3.13508E+14,D-21-22 19CDB1 [CLRSUS],31.58576109,-110.1500505,CLRSUS,USGS,GW,16.05,null,null,1,null,m,2,null,O,A,72019,5/24/2007,no,5204
3.13508E+14,D-21-22 19CDB1 [CLRSUS],31.58576109,-110.1500505,CLRSUS,USGS,GW,16.49,null,null,1,null,m,2,null,O,A,72019,6/25/2007,no,5205
3.13508E+14,D-21-22 19CDB1 [CLRSUS],31.58576109,-110.1500505,CLRSUS,USGS,GW,16.61,null,null,1,null,m,2,null,O,A,72019,7/24/2007,no,5206
3.13508E+14,D-21-22 19CDB1 [CLRSUS],31.58576109,-110.1500505,CLRSUS,USGS,GW,16.14,null,null,1,null,m,2,null,O,A,72019,8/21/2007,no,5207
3.13508E+14,D-21-22 19CDB1 [CLRSUS],31.58576109,-110.1500505,CLRSUS,USGS,GW,16.58,null,null,1,null,m,2,null,O,A,72019,9/18/2007,no,5208
3.13508E+14,D-21-22 19CDB1 [CLRSUS],31.58576109,-110.1500505,CLRSUS,USGS,GW,16.72,null,null,1,null,m,2,null,O,A,72019,10/29/2007,no,5209
3.13508E+14,D-21-22 19CDB1 [CLRSUS],31.58576109,-110.1500505,CLRSUS,USGS,GW,16.55,null,null,1,USGS,m,2,S,T,A,72019,11/8/2007,no,5210
3.13508E+14,D-21-22 19CDB1 [CLRSUS],31.58576109,-110.1500505,CLRSUS,USGS,GW,16.47,null,null,1,null,m,2,null,O,A,72019,11/20/2007,no,5211
3.13508E+14,D-21-22 19CDB1 [CLRSUS],31.58576109,-110.1500505,CLRSUS,USGS,GW,16.31,null,null,1,null,m,2,null,O,A,72019,12/19/2007,no,5212
3.13508E+14,D-21-22 19CDB1 [CLRSUS],31.58576109,-110.1500505,CLRSUS,USGS,GW,16.1,null,null,1,null,m,2,null,O,A,72019,1/30/2008,no,5213
3.13508E+14,D-21-22 19CDB1 [CLRSUS],31.58576109,-110.1500505,CLRSUS,USGS,GW,16,null,null,1,USGS,m,2,S,T,A,72019,2/19/2008,no,5214
3.13508E+14,D-21-22 19CDB1 [CLRSUS],31.58576109,-110.1500505,CLRSUS,USGS,GW,16.03,null,null,1,null,m,2,null,O,A,72019,2/26/2008,no,5215
3.13508E+14,D-21-22 19CDB1 [CLRSUS],31.58576109,-110.1500505,CLRSUS,USGS,GW,15.85,null,null,1,null,m,2,null,O,A,72019,3/27/2008,no,5216
3.13508E+14,D-21-22 19CDB1 [CLRSUS],31.58576109,-110.1500505,CLRSUS,USGS,GW,15.85,null,null,1,null,m,2,null,O,A,72019,4/25/2008,no,5217
3.13508E+14,D-21-22 19CDB1 [CLRSUS],31.58576109,-110.1500505,CLRSUS,USGS,GW,15.87,null,null,1,null,m,2,null,O,A,72019,5/6/2008,no,5218
3.13508E+14,D-21-22 19CDB1 [CLRSUS],31.58576109,-110.1500505,CLRSUS,USGS,GW,15.89,null,null,1,USGS,m,2,S,T,A,72019,5/11/2008,no,5219
3.13508E+14,D-21-22 19CDB1 [CLRSUS],31.58576109,-110.1500505,CLRSUS,USGS,GW,15.99,null,null,1,USGS,m,2,S,T,A,72019,5/20/2008,no,5220
3.13508E+14,D-21-22 19CDB1 [CLRSUS],31.58576109,-110.1500505,CLRSUS,USGS,GW,15.73,null,null,1,USGS,m,2,S,T,A,72019,9/3/2008,no,5221
3.13508E+14,D-21-22 19CDB1 [CLRSUS],31.58576109,-110.1500505,CLRSUS,USGS,GW,16.03,null,null,1,USGS,m,2,S,T,A,72019,11/5/2008,no,5222
3.13508E+14,D-21-22 19CDB1 [CLRSUS],31.58576109,-110.1500505,CLRSUS,USGS,GW,15.42,null,null,1,USGS,m,2,S,T,A,72019,3/5/2009,no,5223
3.13508E+14,D-21-22 19CDB1 [CLRSUS],31.58576109,-110.1500505,CLRSUS,USGS,GW,15.84,null,null,1,USGS,m,2,S,T,A,72019,6/2/2009,no,5224
3.13508E+14,D-21-22 19CDB1 [CLRSUS],31.58576109,-110.1500505,CLRSUS,USGS,GW,15.97,null,null,1,USGS,m,2,S,T,A,72019,6/9/2009,no,5225
3.13508E+14,D-21-22 19CDB1 [CLRSUS],31.58576109,-110.1500505,CLRSUS,USGS,GW,16.83,null,null,1,USGS,m,2,S,T,A,72019,9/4/2009,no,5226
3.13508E+14,D-21-22 19CDB1 [CLRSUS],31.58576109,-110.1500505,CLRSUS,USGS,GW,16.29,null,null,1,USGS,m,2,S,T,A,72019,12/7/2009,no,5227
3.13508E+14,D-21-22 19CDB1 [CLRSUS],31.58576109,-110.1500505,CLRSUS,USGS,GW,15.6,null,null,1,USGS,m,2,S,T,A,72019,3/17/2010,no,5228
3.13508E+14,D-21-22 19CDB1 [CLRSUS],31.58576109,-110.1500505,CLRSUS,USGS,GW,15.7,null,null,1,USGS,m,2,S,T,A,72019,5/17/2010,no,5229
3.13508E+14,D-21-22 19CDB1 [CLRSUS],31.58576109,-110.1500505,CLRSUS,USGS,GW,16.31,null,null,1,USGS,m,2,S,T,A,72019,9/27/2010,no,5230
3.13508E+14,D-21-22 19CDB1 [CLRSUS],31.58576109,-110.1500505,CLRSUS,USGS,GW,16.14,null,null,1,USGS,m,2,S,T,A,72019,11/24/2010,no,5231
3.13508E+14,D-21-22 19CDB1 [CLRSUS],31.58576109,-110.1500505,CLRSUS,USGS,GW,16.12,null,null,1,USGS,m,2,S,V,A,72019,7/21/2011,no,5232
3.13508E+14,D-21-22 19CDB1 [CLRSUS],31.58576109,-110.1500505,CLRSUS,USGS,GW,16.2,null,null,1,USGS,m,2,S,V,A,72019,7/28/2011,no,5233
3.13508E+14,D-21-22 19CDB1 [CLRSUS],31.58576109,-110.1500505,CLRSUS,USGS,GW,16.15,null,null,1,USGS,m,2,S,V,A,72019,9/23/2011,no,5234
3.13508E+14,D-21-22 19CDB1 [CLRSUS],31.58576109,-110.1500505,CLRSUS,USGS,GW,15.95,null,null,1,USGS,m,2,S,V,A,72019,6/19/2012,no,5235
3.13508E+14,D-21-22 19CDB1 [CLRSUS],31.58576109,-110.1500505,CLRSUS,USGS,GW,15.86,null,null,1,USGS,m,2,S,V,A,72019,9/13/2012,no,5236
3.13508E+14,D-21-22 19CDB1 [CLRSUS],31.58576109,-110.1500505,CLRSUS,USGS,GW,15.42,null,null,1,USGS,m,2,S,V,A,72019,5/30/2013,no,5237
3.13508E+14,D-21-22 19CDB1 [CLRSUS],31.58576109,-110.1500505,CLRSUS,USGS,GW,16.13,null,null,1,USGS,m,2,S,V,A,72019,7/1/2013,no,5238
3.13508E+14,D-21-22 19CDB1 [CLRSUS],31.58576109,-110.1500505,CLRSUS,USGS,GW,15.73,null,null,1,USGS,m,2,S,V,A,72019,11/1/2013,no,5239
3.13508E+14,D-21-22 19CDB1 [CLRSUS],31.58576109,-110.1500505,CLRSUS,USGS,GW,15.19,null,null,1,USGS,m,2,S,V,A,72019,1/8/2014,no,5240
3.13508E+14,D-21-22 19CDB1 [CLRSUS],31.58576109,-110.1500505,CLRSUS,USGS,GW,14.88,null,null,1,USGS,m,2,S,V,A,72019,4/3/2014,no,5241
3.13508E+14,D-21-22 19CDB1 [CLRSUS],31.58576109,-110.1500505,CLRSUS,USGS,GW,15.93,null,null,1,USGS,m,2,S,V,A,72019,6/26/2014,no,5242
3.13508E+14,D-21-22 19CDB1 [CLRSUS],31.58576109,-110.1500505,CLRSUS,USGS,GW,14.58,null,null,1,USGS,m,2,S,V,A,72019,11/5/2014,no,5243
3.13508E+14,D-21-22 19CDB1 [CLRSUS],31.58576109,-110.1500505,CLRSUS,USGS,GW,14.79,null,null,1,USGS,m,2,S,V,A,72019,1/15/2015,no,5244
3.13508E+14,D-21-22 19CDB1 [CLRSUS],31.58576109,-110.1500505,CLRSUS,USGS,GW,14.93,null,null,1,USGS,m,2,S,V,A,72019,4/16/2015,no,5245
3.13508E+14,D-21-22 19CDB1 [CLRSUS],31.58576109,-110.1500505,CLRSUS,USGS,GW,15.76,null,null,1,USGS,m,2,S,V,A,72019,7/15/2015,no,5246
3.13508E+14,D-21-22 19CDB1 [CLRSUS],31.58576109,-110.1500505,CLRSUS,USGS,GW,15.06,null,null,1,USGS,m,2,S,V,A,72019,10/6/2015,no,5247
3.13508E+14,D-21-22 19CDB1 [CLRSUS],31.58576109,-110.1500505,CLRSUS,USGS,GW,15,null,null,1,USGS,m,2,S,V,A,72019,1/20/2016,no,5248
3.13508E+14,D-21-22 19CDB1 [CLRSUS],31.58576109,-110.1500505,CLRSUS,USGS,GW,15.18,null,null,1,USGS,m,2,S,V,A,72019,4/19/2016,no,5249
3.13508E+14,D-21-22 19CDB1 [CLRSUS],31.58576109,-110.1500505,CLRSUS,USGS,GW,16.01,null,null,1,USGS,m,2,S,V,A,72019,6/28/2016,no,5250
3.13508E+14,D-21-22 19CDB1 [CLRSUS],31.58576109,-110.1500505,CLRSUS,USGS,GW,16.34,null,null,1,USGS,m,2,S,V,A,72019,10/20/2016,no,5251
3.13508E+14,D-21-22 19CDB1 [CLRSUS],31.58576109,-110.1500505,CLRSUS,USGS,GW,15.67,null,null,1,USGS,m,2,S,V,A,72019,1/18/2017,no,5252
3.13508E+14,D-21-22 19CDB1 [CLRSUS],31.58576109,-110.1500505,CLRSUS,USGS,GW,15.61,null,null,1,USGS,m,2,S,V,A,72019,4/26/2017,no,5253
3.13508E+14,D-21-22 19CDB1 [CLRSUS],31.58576109,-110.1500505,CLRSUS,USGS,GW,16.51,null,null,1,USGS,m,2,S,V,A,72019,6/28/2017,no,5254
3.13508E+14,D-21-22 19CDB1 [CLRSUS],31.58576109,-110.1500505,CLRSUS,USGS,GW,16.61,null,null,1,USGS,m,2,S,V,A,72019,10/16/2017,no,5255
3.13508E+14,D-21-22 19CDB1 [CLRSUS],31.58576109,-110.1500505,CLRSUS,USGS,GW,15.95,null,null,1,USGS,m,2,S,V,A,72019,1/9/2018,no,5256
3.13508E+14,D-21-22 19CDB1 [CLRSUS],31.58576109,-110.1500505,CLRSUS,USGS,GW,15.51,null,null,1,USGS,m,2,S,V,A,72019,4/18/2018,no,5257
3.13508E+14,D-21-22 19CDB1 [CLRSUS],31.58576109,-110.1500505,CLRSUS,USGS,GW,16.29,null,null,1,USGS,m,2,S,V,A,72019,6/21/2018,no,5258
3.13508E+14,D-21-22 19CDB1 [CLRSUS],31.58576109,-110.1500505,CLRSUS,USGS,GW,16.29,null,null,1,USGS,m,2,S,V,A,72019,10/26/2018,no,5259
3.13508E+14,D-21-22 19CDB1 [CLRSUS],31.58576109,-110.1500505,CLRSUS,USGS,GW,15.47,null,null,1,USGS,m,2,S,V,A,72019,2/6/2019,no,5260
3.13508E+14,D-21-22 19CDB1 [CLRSUS],31.58576109,-110.1500505,CLRSUS,USGS,GW,15.21,null,null,1,USGS,m,2,S,V,A,72019,4/18/2019,no,5261
3.13508E+14,D-21-22 19CDB1 [CLRSUS],31.58576109,-110.1500505,CLRSUS,USGS,GW,16.17,null,null,1,USGS,m,2,S,V,A,72019,6/27/2019,no,5262
3.13508E+14,D-21-22 19CDB1 [CLRSUS],31.58576109,-110.1500505,CLRSUS,USGS,GW,16.49,null,null,1,USGS,m,2,S,V,A,72019,10/25/2019,no,5263
3.13508E+14,D-21-22 19CDB1 [CLRSUS],31.58576109,-110.1500505,CLRSUS,USGS,GW,15.57,null,null,1,USGS,m,2,S,V,A,72019,1/9/2020,no,5264
3.13508E+14,D-21-22 19CDB1 [CLRSUS],31.58576109,-110.1500505,CLRSUS,USGS,GW,15.28,null,null,1,USGS,m,2,S,V,A,72019,4/9/2020,no,5265
3.13508E+14,D-21-22 19CDB1 [CLRSUS],31.58576109,-110.1500505,CLRSUS,USGS,GW,16.29,null,null,1,USGS,m,2,S,V,A,72019,6/23/2020,no,5266
3.13508E+14,D-21-22 19CDB1 [CLRSUS],31.58576109,-110.1500505,CLRSUS,USGS,GW,17.24,null,null,1,USGS,m,2,S,V,A,72019,10/7/2020,no,5267
3.13508E+14,D-21-22 19CDB1 [CLRSUS],31.58576109,-110.1500505,CLRSUS,USGS,GW,16.56,null,null,1,USGS,m,2,S,V,A,72019,2/10/2021,no,5268
3.13508E+14,D-21-22 19CDB1 [CLRSUS],31.58576109,-110.1500505,CLRSUS,USGS,GW,16.43,null,null,1,USGS,m,2,S,V,A,72019,4/8/2021,no,5269
3.13508E+14,D-21-22 19CDB1 [CLRSUS],31.58576109,-110.1500505,CLRSUS,USGS,GW,17.15,null,null,1,USGS,m,2,S,V,A,72019,6/29/2021,no,5270
3.13508E+14,D-21-22 19CDB1 [CLRSUS],31.58576109,-110.1500505,CLRSUS,USGS,GW,16.69,null,null,1,USGS,m,2,S,V,A,72019,10/20/2021,no,5271
3.13508E+14,D-21-22 19CDB1 [CLRSUS],31.58576109,-110.1500505,CLRSUS,USGS,GW,16.29,null,null,1,USGS,m,2,S,V,A,72019,2/2/2022,no,5272
3.13738E+14,D-21-21 02DDC [CHB-LI],31.62744444,-110.1753944,CHB-LI,USGS,GW,5.29,null,null,1,USGS,m,2,S,V,A,72019,4/16/2015,no,5274
3.13642E+14,D-21-21 13BAB4 [MOSLNW],31.611775,-110.1676083,MOSLNW,USGS,GW,6.87,null,null,1,USGS,m,2,S,V,A,72019,4/9/2020,no,5275
3.13638E+14,D-21-21 13BAC1 [MOSWAS],31.61073889,-110.1671056,MOSWAS,USGS,GW,11.58,null,null,1,USGS,m,2,S,V,A,72019,6/29/2021,no,5276
3.13508E+14,D-21-22 19CDB1 [CLRSUS],31.58576109,-110.1500505,CLRSUS,USGS,GW,16.43,null,null,1,USGS,m,2,S,S,P,72019,6/22/2023,no,5277
3.13312E+14,D-22-22 06AAA3 [LSP-3],31.5534288,-110.1409118,LSP-3,USGS,GW,10.12,null,null,1,USGS,m,2,S,V,A,72019,1/3/2020,no,5278
3.13643E+14,D-21-21 13BAB2 [MOSLND],31.6118972,-110.1674778,MOSLND,USGS,GW,5.56,null,null,1,USGS,m,2,S,V,A,72019,5/30/2013,no,5279
3.13508E+14,D-21-22 19CDB1 [CLRSUS],31.58576109,-110.1500505,CLRSUS,USGS,GW,17.02,null,null,1,USGS,m,2,S,V,P,72019,11/16/2023,no,5280
3.13312E+14,D-22-22 06AAA3 [LSP-3],31.5534288,-110.1409118,LSP-3,USGS,GW,11.11,null,null,1,USGS,m,2,S,V,A,72019,10/21/2020,no,5281
3.13642E+14,D-21-21 13BAB4 [MOSLNW],31.611775,-110.1676083,MOSLNW,USGS,GW,7.8,null,null,1,USGS,m,2,S,V,A,72019,6/23/2020,no,5282
3.13738E+14,D-21-21 02DDC [CHB-LI],31.62744444,-110.1753944,CHB-LI,USGS,GW,5.87,null,null,1,USGS,m,2,S,V,A,72019,7/15/2015,no,5284
3.13643E+14,D-21-21 13BAB2 [MOSLND],31.6118972,-110.1674778,MOSLND,USGS,GW,5.82,null,null,1,USGS,m,2,S,V,A,72019,7/2/2013,no,5285
3.13508E+14,D-21-22 19CDB1 [CLRSUS],31.58576109,-110.1500505,CLRSUS,USGS,GW,16.55,null,null,1,USGS,m,2,S,V,P,72019,2/13/2024,no,5286
3.13312E+14,D-22-22 06AAA3 [LSP-3],31.5534288,-110.1409118,LSP-3,USGS,GW,10.64,null,null,1,USGS,m,2,S,V,A,72019,1/15/2021,no,5287
3.13638E+14,D-21-21 13BAC1 [MOSWAS],31.61073889,-110.1671056,MOSWAS,USGS,GW,11.2,null,null,1,USGS,m,2,S,V,A,72019,10/21/2021,no,5288
3.13642E+14,D-21-21 13BAB4 [MOSLNW],31.611775,-110.1676083,MOSLNW,USGS,GW,8.02,null,null,1,USGS,m,2,S,V,A,72019,10/7/2020,no,5289
3.13642E+14,D-21-21 13BAB4 [MOSLNW],31.611775,-110.1676083,MOSLNW,USGS,GW,7.28,null,null,1,USGS,m,2,S,V,A,72019,2/10/2021,no,5290
3.13508E+14,D-21-22 19CDB1 [CLRSUS],31.58576109,-110.1500505,CLRSUS,USGS,GW,16.44,null,null,1,USGS,m,2,S,V,P,72019,4/17/2024,no,5291
3.13643E+14,D-21-21 13BAB1 [MOSLNS],31.6119,-110.1674778,MOSLNS,USGS,GW,4.11,null,null,1,USGS,m,2,S,V,A,72019,10/20/2016,no,5292
3.13638E+14,D-21-21 13BAC1 [MOSWAS],31.61073889,-110.1671056,MOSWAS,USGS,GW,10.83,null,null,1,USGS,m,2,S,V,A,72019,2/2/2022,no,5293
3.13642E+14,D-21-21 13BAB4 [MOSLNW],31.611775,-110.1676083,MOSLNW,USGS,GW,7.29,null,null,1,USGS,m,2,S,V,A,72019,4/8/2021,no,5295
3.13738E+14,D-21-21 02DDC [CHB-LI],31.62744444,-110.1753944,CHB-LI,USGS,GW,5.52,null,null,1,USGS,m,2,S,V,A,72019,10/8/2015,no,5296
3.13312E+14,D-22-22 06AAA3 [LSP-3],31.5534288,-110.1409118,LSP-3,USGS,GW,10.64,null,null,1,USGS,m,2,S,V,A,72019,1/15/2021,no,5297
3.13643E+14,D-21-21 13BAB1 [MOSLNS],31.6119,-110.1674778,MOSLNS,USGS,GW,3.72,null,null,1,USGS,m,2,S,V,A,72019,1/19/2017,no,5298
3.13638E+14,D-21-21 13BAC1 [MOSWAS],31.61073889,-110.1671056,MOSWAS,USGS,GW,10.56,null,null,1,USGS,m,2,S,V,A,72019,4/6/2022,no,5299
3.13508E+14,D-21-22 19CDB1 [CLRSUS],31.58576109,-110.1500505,CLRSUS,USGS,GW,17.15,null,null,1,USGS,m,2,S,V,P,72019,6/24/2024,no,5300
3.13643E+14,D-21-21 13BAB2 [MOSLND],31.6118972,-110.1674778,MOSLND,USGS,GW,5.13,null,null,1,USGS,m,2,S,V,A,72019,11/1/2013,no,5301
3.13642E+14,D-21-21 13BAB4 [MOSLNW],31.611775,-110.1676083,MOSLNW,USGS,GW,7.85,null,null,1,USGS,m,2,S,V,A,72019,6/29/2021,no,5302
3.13642E+14,D-21-21 13BAB4 [MOSLNW],31.611775,-110.1676083,MOSLNW,USGS,GW,7.55,null,null,1,USGS,m,2,S,V,A,72019,10/21/2021,no,5304
3.13312E+14,D-22-22 06AAA3 [LSP-3],31.5534288,-110.1409118,LSP-3,USGS,GW,10.72,null,null,1,USGS,m,1,S,F,A,72019,4/30/2021,no,5305
3.13738E+14,D-21-21 02DDC [CHB-LI],31.62744444,-110.1753944,CHB-LI,USGS,GW,5.47,null,null,1,USGS,m,2,S,V,A,72019,1/20/2016,no,5306
3.13643E+14,D-21-21 13BAB1 [MOSLNS],31.6119,-110.1674778,MOSLNS,USGS,GW,4.11,null,null,1,USGS,m,2,S,V,A,72019,4/26/2017,no,5307
3.13643E+14,D-21-21 13BAB2 [MOSLND],31.6118972,-110.1674778,MOSLND,USGS,GW,4.88,null,null,1,USGS,m,2,S,V,A,72019,1/8/2014,no,5308
3.13638E+14,D-21-21 13BAC1 [MOSWAS],31.61073889,-110.1671056,MOSWAS,USGS,GW,11.01,null,null,1,USGS,m,2,S,V,A,72019,6/27/2022,no,5309
3.13508E+14,D-21-22 19CDB1 [CLRSUS],31.58576109,-110.1500505,CLRSUS,USGS,GW,17.43,null,null,1,USGS,m,2,S,V,P,72019,10/28/2024,no,5310
3.13642E+14,D-21-21 13BAB4 [MOSLNW],31.611775,-110.1676083,MOSLNW,USGS,GW,7.22,null,null,1,USGS,m,2,S,V,A,72019,2/2/2022,no,5312
3.13312E+14,D-22-22 06AAA3 [LSP-3],31.5534288,-110.1409118,LSP-3,USGS,GW,10.73,null,null,1,USGS,m,2,S,V,A,72019,4/30/2021,no,5313
3.13643E+14,D-21-21 13BAB1 [MOSLNS],31.6119,-110.1674778,MOSLNS,USGS,GW,4.66,null,null,1,USGS,m,2,S,V,A,72019,6/28/2017,no,5314
3.13643E+14,D-21-21 13BAB2 [MOSLND],31.6118972,-110.1674778,MOSLND,USGS,GW,4.92,null,null,1,USGS,m,2,S,V,A,72019,4/3/2014,no,5315
3.13638E+14,D-21-21 13BAC1 [MOSWAS],31.61073889,-110.1671056,MOSWAS,USGS,GW,10.9,null,null,1,USGS,m,2,S,V,A,72019,10/4/2022,no,5316
3.13508E+14,D-21-22 19CDB1 [CLRSUS],31.58576109,-110.1500505,CLRSUS,USGS,GW,16.69,null,null,1,USGS,m,2,S,S,P,72019,2/28/2025,no,5317
3.13738E+14,D-21-21 02DDC [CHB-LI],31.62744444,-110.1753944,CHB-LI,USGS,GW,5.5,null,null,1,USGS,m,2,S,V,A,72019,1/22/2016,no,5320
3.13643E+14,D-21-21 13BAB1 [MOSLNS],31.6119,-110.1674778,MOSLNS,USGS,GW,4.61,null,null,1,USGS,m,2,S,V,A,72019,10/16/2017,no,5321
3.13643E+14,D-21-21 13BAB2 [MOSLND],31.6118972,-110.1674778,MOSLND,USGS,GW,5.51,null,null,1,USGS,m,2,S,V,A,72019,6/26/2014,no,5323
3.13642E+14,D-21-21 13BAB4 [MOSLNW],31.611775,-110.1676083,MOSLNW,USGS,GW,7.15,null,null,1,USGS,m,2,S,V,A,72019,4/6/2022,no,5324
3.13312E+14,D-22-22 06AAA3 [LSP-3],31.5534288,-110.1409118,LSP-3,USGS,GW,10.58,null,null,1,USGS,m,2,S,V,A,72019,10/27/2021,no,5325
3.13643E+14,D-21-21 13BAB2 [MOSLND],31.6118972,-110.1674778,MOSLND,USGS,GW,4.58,null,null,1,USGS,m,2,S,V,A,72019,6/28/2016,no,5326
3.13738E+14,D-21-21 02DDC [CHB-LI],31.62744444,-110.1753944,CHB-LI,USGS,GW,5.53,null,null,1,USGS,m,2,S,V,A,72019,4/19/2016,no,5329
3.13643E+14,D-21-21 13BAB1 [MOSLNS],31.6119,-110.1674778,MOSLNS,USGS,GW,3.99,null,null,1,USGS,m,2,S,V,A,72019,1/9/2018,no,5331
3.13312E+14,D-22-22 06AAA3 [LSP-3],31.5534288,-110.1409118,LSP-3,USGS,GW,10.58,null,null,1,USGS,m,2,S,V,A,72019,10/27/2021,no,5332
3.13642E+14,D-21-21 13BAB4 [MOSLNW],31.611775,-110.1676083,MOSLNW,USGS,GW,7.59,null,null,1,USGS,m,2,S,V,A,72019,6/27/2022,no,5333
3.13643E+14,D-21-21 13BAB2 [MOSLND],31.6118972,-110.1674778,MOSLND,USGS,GW,4.33,null,null,1,USGS,m,2,S,V,A,72019,7/5/2016,no,5334
3.13738E+14,D-21-21 02DDC [CHB-LI],31.62744444,-110.1753944,CHB-LI,USGS,GW,6.52,null,null,1,USGS,m,2,S,V,A,72019,6/28/2016,no,5337
3.13643E+14,D-21-21 13BAB1 [MOSLNS],31.6119,-110.1674778,MOSLNS,USGS,GW,4,null,null,1,USGS,m,2,S,V,A,72019,1/24/2018,no,5339
3.13312E+14,D-22-22 06AAA3 [LSP-3],31.5534288,-110.1409118,LSP-3,USGS,GW,10.25,null,null,1,USGS,m,2,S,V,A,72019,1/19/2022,no,5340
3.13642E+14,D-21-21 13BAB4 [MOSLNW],31.611775,-110.1676083,MOSLNW,USGS,GW,6.3,null,null,1,USGS,m,2,S,V,A,72019,10/4/2022,no,5341
3.13643E+14,D-21-21 13BAB2 [MOSLND],31.6118972,-110.1674778,MOSLND,USGS,GW,4.18,null,null,1,USGS,m,2,S,V,A,72019,10/20/2016,no,5342
3.13738E+14,D-21-21 02DDC [CHB-LI],31.62744444,-110.1753944,CHB-LI,USGS,GW,6.42,null,null,1,USGS,m,2,S,V,A,72019,10/20/2016,no,5345
3.13643E+14,D-21-21 13BAB1 [MOSLNS],31.6119,-110.1674778,MOSLNS,USGS,GW,3.99,null,null,1,USGS,m,2,S,V,A,72019,1/24/2018,no,5347
3.13312E+14,D-22-22 06AAA3 [LSP-3],31.5534288,-110.1409118,LSP-3,USGS,GW,10.15,null,null,1,USGS,m,2,S,V,A,72019,3/9/2022,no,5348
3.13642E+14,D-21-21 13BAB4 [MOSLNW],31.611775,-110.1676083,MOSLNW,USGS,GW,7.13,null,null,1,USGS,m,2,S,V,P,72019,1/26/2023,no,5349
3.13508E+14,D-21-22 19CDB2 [CLRSUD],31.5857333,-110.1497172,CLRSUD,USGS,GW,15.18,null,null,1,null,m,2,null,O,A,72019,1/11/2006,no,5351
3.13738E+14,D-21-21 02DDC [CHB-LI],31.62744444,-110.1753944,CHB-LI,USGS,GW,5.91,null,null,1,USGS,m,2,S,V,A,72019,1/19/2017,no,5353
3.13643E+14,D-21-21 13BAB2 [MOSLND],31.6118972,-110.1674778,MOSLND,USGS,GW,3.73,null,null,1,USGS,m,2,S,V,A,72019,1/19/2017,no,5355
3.13508E+14,D-21-22 19CDB2 [CLRSUD],31.5857333,-110.1497172,CLRSUD,USGS,GW,15.09,null,null,1,USGS,m,2,S,T,A,72019,2/22/2006,no,5356
3.13312E+14,D-22-22 06AAA3 [LSP-3],31.5534288,-110.1409118,LSP-3,USGS,GW,10.89,null,null,1,USGS,m,2,S,V,A,72019,6/9/2022,no,5357
3.13643E+14,D-21-21 13BAB1 [MOSLNS],31.6119,-110.1674778,MOSLNS,USGS,GW,4.23,null,null,1,USGS,m,2,S,V,A,72019,4/18/2018,no,5358
3.13642E+14,D-21-21 13BAB4 [MOSLNW],31.611775,-110.1676083,MOSLNW,USGS,GW,7.17,null,null,1,USGS,m,2,S,V,P,72019,4/25/2023,no,5359
3.13508E+14,D-21-22 19CDB2 [CLRSUD],31.5857333,-110.1497172,CLRSUD,USGS,GW,15.02,null,null,1,null,m,2,null,O,A,72019,4/14/2006,no,5360
3.13643E+14,D-21-21 13BAB1 [MOSLNS],31.6119,-110.1674778,MOSLNS,USGS,GW,4.7,null,null,1,USGS,m,2,S,V,A,72019,6/22/2018,no,5361
3.13738E+14,D-21-21 02DDC [CHB-LI],31.62744444,-110.1753944,CHB-LI,USGS,GW,6.24,null,null,1,USGS,m,2,S,V,A,72019,4/26/2017,no,5363
3.13643E+14,D-21-21 13BAB2 [MOSLND],31.6118972,-110.1674778,MOSLND,USGS,GW,4.05,null,null,1,USGS,m,2,S,V,A,72019,4/26/2017,no,5365
3.13642E+14,D-21-21 13BAB4 [MOSLNW],31.611775,-110.1676083,MOSLNW,USGS,GW,8.09,null,null,1,USGS,m,2,S,S,P,72019,6/22/2023,no,5366
3.13312E+14,D-22-22 06AAA3 [LSP-3],31.5534288,-110.1409118,LSP-3,USGS,GW,10.23,null,null,1,USGS,m,2,S,V,A,72019,10/11/2022,no,5367
3.13508E+14,D-21-22 19CDB2 [CLRSUD],31.5857333,-110.1497172,CLRSUD,USGS,GW,13.18,null,null,1,null,m,2,null,O,A,72019,8/4/2006,no,5368
3.13643E+14,D-21-21 13BAB1 [MOSLNS],31.6119,-110.1674778,MOSLNS,USGS,GW,4,null,null,1,USGS,m,2,S,V,A,72019,10/26/2018,no,5369
3.13738E+14,D-21-21 02DDC [CHB-LI],31.62744444,-110.1753944,CHB-LI,USGS,GW,7.22,null,null,1,USGS,m,2,S,V,A,72019,6/28/2017,no,5371
3.13643E+14,D-21-21 13BAB2 [MOSLND],31.6118972,-110.1674778,MOSLND,USGS,GW,4.7,null,null,1,USGS,m,2,S,V,A,72019,6/28/2017,no,5373
3.13642E+14,D-21-21 13BAB4 [MOSLNW],31.611775,-110.1676083,MOSLNW,USGS,GW,7.91,null,null,1,USGS,m,2,S,V,P,72019,11/16/2023,no,5374
3.13312E+14,D-22-22 06AAA3 [LSP-3],31.5534288,-110.1409118,LSP-3,USGS,GW,10.45,null,null,1,USGS,m,1,S,V,A,72019,1/12/2023,no,5375
3.13508E+14,D-21-22 19CDB2 [CLRSUD],31.5857333,-110.1497172,CLRSUD,USGS,GW,13.69,null,null,1,USGS,m,2,S,T,A,72019,8/10/2006,no,5376
3.13643E+14,D-21-21 13BAB1 [MOSLNS],31.6119,-110.1674778,MOSLNS,USGS,GW,4.21,null,null,1,USGS,m,2,S,V,A,72019,11/7/2018,no,5377
3.13738E+14,D-21-21 02DDC [CHB-LI],31.62744444,-110.1753944,CHB-LI,USGS,GW,6.9,null,null,1,USGS,m,2,S,V,A,72019,10/18/2017,no,5379
3.13643E+14,D-21-21 13BAB2 [MOSLND],31.6118972,-110.1674778,MOSLND,USGS,GW,4.63,null,null,1,USGS,m,2,S,V,A,72019,10/16/2017,no,5381
3.13642E+14,D-21-21 13BAB4 [MOSLNW],31.611775,-110.1676083,MOSLNW,USGS,GW,7.65,null,null,1,USGS,m,2,S,S,P,72019,4/17/2024,no,5382
3.13312E+14,D-22-22 06AAA3 [LSP-3],31.5534288,-110.1409118,LSP-3,USGS,GW,10.48,null,null,1,USGS,m,2,S,V,A,72019,4/12/2023,no,5383
3.13508E+14,D-21-22 19CDB2 [CLRSUD],31.5857333,-110.1497172,CLRSUD,USGS,GW,14.64,null,null,1,null,m,2,null,O,A,72019,10/16/2006,no,5384
3.13643E+14,D-21-21 13BAB1 [MOSLNS],31.6119,-110.1674778,MOSLNS,USGS,GW,3.99,null,null,1,USGS,m,2,S,V,A,72019,2/7/2019,no,5385
3.13642E+14,D-21-21 13BAB4 [MOSLNW],31.611775,-110.1676083,MOSLNW,USGS,GW,8.05,null,null,1,USBLM,m,2,A,O,A,72019,1/4/2006,no,5407
3.13642E+14,D-21-21 13BAB4 [MOSLNW],31.611775,-110.1676083,MOSLNW,USGS,GW,5.82,null,null,1,USBLM,m,2,A,O,A,72019,8/17/2006,no,5408
3.13642E+14,D-21-21 13BAB4 [MOSLNW],31.611775,-110.1676083,MOSLNW,USGS,GW,7.8,null,null,1,USBLM,m,2,A,O,A,72019,10/3/2006,no,5409
3.13642E+14,D-21-21 13BAB4 [MOSLNW],31.611775,-110.1676083,MOSLNW,USGS,GW,7.79,null,null,1,USBLM,m,2,A,O,A,72019,11/16/2006,no,5410
3.13642E+14,D-21-21 13BAB4 [MOSLNW],31.611775,-110.1676083,MOSLNW,USGS,GW,7.44,null,null,1,USBLM,m,2,A,O,A,72019,12/14/2006,no,5411
3.13642E+14,D-21-21 13BAB4 [MOSLNW],31.611775,-110.1676083,MOSLNW,USGS,GW,7.13,null,null,1,USBLM,m,2,A,O,A,72019,1/18/2007,no,5412
3.13642E+14,D-21-21 13BAB4 [MOSLNW],31.611775,-110.1676083,MOSLNW,USGS,GW,7.15,null,null,1,USBLM,m,2,A,O,A,72019,2/27/2007,no,5413
3.13642E+14,D-21-21 13BAB4 [MOSLNW],31.611775,-110.1676083,MOSLNW,USGS,GW,7.2,null,null,1,USBLM,m,2,A,O,A,72019,3/30/2007,no,5414
3.13642E+14,D-21-21 13BAB4 [MOSLNW],31.611775,-110.1676083,MOSLNW,USGS,GW,7.46,null,null,1,USBLM,m,2,A,O,A,72019,4/27/2007,no,5415
3.13642E+14,D-21-21 13BAB4 [MOSLNW],31.611775,-110.1676083,MOSLNW,USGS,GW,8.04,null,null,1,USBLM,m,2,A,O,A,72019,5/24/2007,no,5416
3.13642E+14,D-21-21 13BAB4 [MOSLNW],31.611775,-110.1676083,MOSLNW,USGS,GW,8.44,null,null,1,USBLM,m,2,A,O,A,72019,6/21/2007,no,5417
3.13642E+14,D-21-21 13BAB4 [MOSLNW],31.611775,-110.1676083,MOSLNW,USGS,GW,6.56,null,null,1,USBLM,m,2,A,O,A,72019,7/24/2007,no,5418
3.13642E+14,D-21-21 13BAB4 [MOSLNW],31.611775,-110.1676083,MOSLNW,USGS,GW,7.73,null,null,1,USBLM,m,2,A,O,A,72019,8/21/2007,no,5419
3.13642E+14,D-21-21 13BAB4 [MOSLNW],31.611775,-110.1676083,MOSLNW,USGS,GW,8.3,null,null,1,USBLM,m,2,A,O,A,72019,9/26/2007,no,5420
3.13642E+14,D-21-21 13BAB4 [MOSLNW],31.611775,-110.1676083,MOSLNW,USGS,GW,8.29,null,null,1,USBLM,m,2,A,O,A,72019,10/30/2007,no,5421
3.13642E+14,D-21-21 13BAB4 [MOSLNW],31.611775,-110.1676083,MOSLNW,USGS,GW,8.08,null,null,1,USBLM,m,2,A,O,A,72019,11/26/2007,no,5422
3.13642E+14,D-21-21 13BAB4 [MOSLNW],31.611775,-110.1676083,MOSLNW,USGS,GW,7.94,null,null,1,USBLM,m,2,A,O,A,72019,12/19/2007,no,5423
3.13642E+14,D-21-21 13BAB4 [MOSLNW],31.611775,-110.1676083,MOSLNW,USGS,GW,7.81,null,null,1,USBLM,m,2,A,O,A,72019,1/28/2008,no,5424
3.13642E+14,D-21-21 13BAB4 [MOSLNW],31.611775,-110.1676083,MOSLNW,USGS,GW,7.84,null,null,1,USBLM,m,2,A,O,A,72019,2/26/2008,no,5425
3.13642E+14,D-21-21 13BAB4 [MOSLNW],31.611775,-110.1676083,MOSLNW,USGS,GW,7.8,null,null,1,USBLM,m,2,A,O,A,72019,3/27/2008,no,5426
3.13642E+14,D-21-21 13BAB4 [MOSLNW],31.611775,-110.1676083,MOSLNW,USGS,GW,8.06,null,null,1,USBLM,m,2,A,O,A,72019,4/25/2008,no,5427
3.13642E+14,D-21-21 13BAB4 [MOSLNW],31.611775,-110.1676083,MOSLNW,USGS,GW,8.48,null,null,1,USBLM,m,2,A,O,A,72019,7/3/2008,no,5428
3.13642E+14,D-21-21 13BAB4 [MOSLNW],31.611775,-110.1676083,MOSLNW,USGS,GW,8.01,null,null,1,USBLM,m,2,A,O,A,72019,10/16/2008,no,5429
3.13642E+14,D-21-21 13BAB4 [MOSLNW],31.611775,-110.1676083,MOSLNW,USGS,GW,7.9,null,null,1,USBLM,m,2,A,O,A,72019,11/25/2008,no,5430
3.13642E+14,D-21-21 13BAB4 [MOSLNW],31.611775,-110.1676083,MOSLNW,USGS,GW,7.83,null,null,1,USBLM,m,2,A,O,A,72019,1/27/2009,no,5431
3.13642E+14,D-21-21 13BAB4 [MOSLNW],31.611775,-110.1676083,MOSLNW,USGS,GW,7.88,null,null,1,USBLM,m,2,A,O,A,72019,3/23/2009,no,5432
3.13642E+14,D-21-21 13BAB4 [MOSLNW],31.611775,-110.1676083,MOSLNW,USGS,GW,8.34,null,null,1,USBLM,m,2,A,O,A,72019,5/20/2009,no,5433
3.13642E+14,D-21-21 13BAB4 [MOSLNW],31.611775,-110.1676083,MOSLNW,USGS,GW,8.54,null,null,1,USBLM,m,2,A,O,A,72019,7/2/2009,no,5434
3.13642E+14,D-21-21 13BAB4 [MOSLNW],31.611775,-110.1676083,MOSLNW,USGS,GW,8.73,null,null,1,USBLM,m,2,A,O,A,72019,8/7/2009,no,5435
3.13642E+14,D-21-21 13BAB4 [MOSLNW],31.611775,-110.1676083,MOSLNW,USGS,GW,8.42,null,null,1,USBLM,m,2,A,O,A,72019,11/13/2009,no,5436
3.13642E+14,D-21-21 13BAB4 [MOSLNW],31.611775,-110.1676083,MOSLNW,USGS,GW,8.08,null,null,1,USBLM,m,2,A,O,A,72019,1/5/2010,no,5437
3.13642E+14,D-21-21 13BAB4 [MOSLNW],31.611775,-110.1676083,MOSLNW,USGS,GW,7.96,null,null,1,USBLM,m,2,A,O,A,72019,2/9/2010,no,5438
3.13642E+14,D-21-21 13BAB4 [MOSLNW],31.611775,-110.1676083,MOSLNW,USGS,GW,7.82,null,null,1,USBLM,m,2,A,O,A,72019,3/30/2010,no,5439
3.13642E+14,D-21-21 13BAB4 [MOSLNW],31.611775,-110.1676083,MOSLNW,USGS,GW,8.19,null,null,1,USBLM,m,2,A,O,A,72019,5/4/2010,no,5440
3.13642E+14,D-21-21 13BAB4 [MOSLNW],31.611775,-110.1676083,MOSLNW,USGS,GW,8.82,null,null,1,USBLM,m,2,A,O,A,72019,6/28/2010,no,5441
3.13642E+14,D-21-21 13BAB4 [MOSLNW],31.611775,-110.1676083,MOSLNW,USGS,GW,8.15,null,null,1,USBLM,m,2,A,O,A,72019,7/28/2010,no,5442
3.13642E+14,D-21-21 13BAB4 [MOSLNW],31.611775,-110.1676083,MOSLNW,USGS,GW,8.64,null,null,1,USBLM,m,2,A,O,A,72019,11/30/2010,no,5443
3.13642E+14,D-21-21 13BAB4 [MOSLNW],31.611775,-110.1676083,MOSLNW,USGS,GW,8.57,null,null,1,USBLM,m,2,A,O,A,72019,12/22/2010,no,5444
3.13642E+14,D-21-21 13BAB4 [MOSLNW],31.611775,-110.1676083,MOSLNW,USGS,GW,8.45,null,null,1,USGS,m,2,S,V,A,72019,7/21/2011,no,5445
3.13642E+14,D-21-21 13BAB4 [MOSLNW],31.611775,-110.1676083,MOSLNW,USGS,GW,8.82,null,null,1,USGS,m,2,S,V,A,72019,9/23/2011,no,5446
3.13642E+14,D-21-21 13BAB4 [MOSLNW],31.611775,-110.1676083,MOSLNW,USGS,GW,8.19,null,null,1,USGS,m,2,S,V,A,72019,3/20/2012,no,5447
3.13642E+14,D-21-21 13BAB4 [MOSLNW],31.611775,-110.1676083,MOSLNW,USGS,GW,8.95,null,null,1,USGS,m,2,S,V,A,72019,6/19/2012,no,5448
3.13642E+14,D-21-21 13BAB4 [MOSLNW],31.611775,-110.1676083,MOSLNW,USGS,GW,7.69,null,null,1,USGS,m,2,S,V,A,72019,9/13/2012,no,5449
3.13642E+14,D-21-21 13BAB4 [MOSLNW],31.611775,-110.1676083,MOSLNW,USGS,GW,9,null,null,1,USGS,m,2,S,V,A,72019,5/30/2013,no,5450
3.13642E+14,D-21-21 13BAB4 [MOSLNW],31.611775,-110.1676083,MOSLNW,USGS,GW,9.24,null,null,1,USGS,m,2,S,V,A,72019,7/2/2013,no,5451
3.13642E+14,D-21-21 13BAB4 [MOSLNW],31.611775,-110.1676083,MOSLNW,USGS,GW,8.33,null,null,1,USGS,m,2,S,V,A,72019,11/1/2013,no,5452
3.13642E+14,D-21-21 13BAB4 [MOSLNW],31.611775,-110.1676083,MOSLNW,USGS,GW,7.97,null,null,1,USGS,m,2,S,V,A,72019,1/8/2014,no,5453
3.13642E+14,D-21-21 13BAB4 [MOSLNW],31.611775,-110.1676083,MOSLNW,USGS,GW,8.2,null,null,1,USGS,m,2,S,V,A,72019,4/3/2014,no,5454
3.13642E+14,D-21-21 13BAB4 [MOSLNW],31.611775,-110.1676083,MOSLNW,USGS,GW,8.92,null,null,1,USGS,m,2,S,V,A,72019,6/26/2014,no,5455
3.13642E+14,D-21-21 13BAB4 [MOSLNW],31.611775,-110.1676083,MOSLNW,USGS,GW,1.73,null,null,1,USGS,m,2,S,V,A,72019,11/5/2014,no,5456
3.13642E+14,D-21-21 13BAB4 [MOSLNW],31.611775,-110.1676083,MOSLNW,USGS,GW,3.83,null,null,1,USGS,m,2,S,V,A,72019,1/15/2015,no,5457
3.13642E+14,D-21-21 13BAB4 [MOSLNW],31.611775,-110.1676083,MOSLNW,USGS,GW,5.07,null,null,1,USGS,m,2,S,V,A,72019,4/16/2015,no,5458
3.13642E+14,D-21-21 13BAB4 [MOSLNW],31.611775,-110.1676083,MOSLNW,USGS,GW,5.97,null,null,1,USGS,m,2,S,V,A,72019,7/15/2015,no,5459
3.13642E+14,D-21-21 13BAB4 [MOSLNW],31.611775,-110.1676083,MOSLNW,USGS,GW,6.39,null,null,1,USGS,m,2,S,V,A,72019,10/6/2015,no,5460
3.13642E+14,D-21-21 13BAB4 [MOSLNW],31.611775,-110.1676083,MOSLNW,USGS,GW,6.57,null,null,1,USGS,m,2,S,V,A,72019,1/15/2016,no,5461
3.13642E+14,D-21-21 13BAB4 [MOSLNW],31.611775,-110.1676083,MOSLNW,USGS,GW,6.65,null,null,1,USGS,m,2,S,V,A,72019,4/20/2016,no,5462
3.13642E+14,D-21-21 13BAB4 [MOSLNW],31.611775,-110.1676083,MOSLNW,USGS,GW,6.82,null,null,1,USGS,m,2,S,V,A,72019,6/28/2016,no,5463
3.13642E+14,D-21-21 13BAB4 [MOSLNW],31.611775,-110.1676083,MOSLNW,USGS,GW,7.06,null,null,1,USGS,m,2,S,V,A,72019,10/20/2016,no,5464
3.13642E+14,D-21-21 13BAB4 [MOSLNW],31.611775,-110.1676083,MOSLNW,USGS,GW,6.86,null,null,1,USGS,m,2,S,V,A,72019,1/19/2017,no,5465
3.13642E+14,D-21-21 13BAB4 [MOSLNW],31.611775,-110.1676083,MOSLNW,USGS,GW,7.07,null,null,1,USGS,m,2,S,V,A,72019,4/26/2017,no,5466
3.13642E+14,D-21-21 13BAB4 [MOSLNW],31.611775,-110.1676083,MOSLNW,USGS,GW,7.45,null,null,1,USGS,m,2,S,V,A,72019,6/28/2017,no,5467
3.13643E+14,D-21-21 13BAB2 [MOSLND],31.6118972,-110.1674778,MOSLND,USGS,GW,4.02,null,null,1,USGS,m,2,S,V,A,72019,1/9/2018,no,5468
3.13642E+14,D-21-21 13BAB4 [MOSLNW],31.611775,-110.1676083,MOSLNW,USGS,GW,7.81,null,null,1,USGS,m,2,S,V,P,72019,5/7/2024,no,5469
3.13312E+14,D-22-22 06AAA3 [LSP-3],31.5534288,-110.1409118,LSP-3,USGS,GW,11.04,null,null,1,USGS,m,2,S,V,A,72019,6/27/2023,no,5470
3.13738E+14,D-21-21 02DDC [CHB-LI],31.62744444,-110.1753944,CHB-LI,USGS,GW,6.33,null,null,1,USGS,m,2,S,V,A,72019,1/10/2018,no,5472
3.13738E+14,D-21-21 02DDC [CHB-LI],31.62744444,-110.1753944,CHB-LI,USGS,GW,6.34,null,null,1,USGS,m,2,S,V,A,72019,4/19/2018,no,5474
3.13638E+14,D-21-21 13BAC1 [MOSWAS],31.61073889,-110.1671056,MOSWAS,USGS,GW,9.56,null,null,1,null,m,2,null,O,A,72019,8/17/2006,no,5475
3.13643E+14,D-21-21 13BAB1 [MOSLNS],31.6119,-110.1674778,MOSLNS,USGS,GW,4.16,null,null,1,USGS,m,2,S,V,A,72019,4/18/2019,no,5476
3.13643E+14,D-21-21 13BAB2 [MOSLND],31.6118972,-110.1674778,MOSLND,USGS,GW,4.01,null,null,1,USGS,m,2,S,V,A,72019,1/24/2018,no,5477
3.13738E+14,D-21-21 02DDC [CHB-LI],31.62744444,-110.1753944,CHB-LI,USGS,GW,7.44,null,null,1,USGS,m,2,S,V,A,72019,6/21/2018,no,5478
3.13312E+14,D-22-22 06AAA3 [LSP-3],31.5534288,-110.1409118,LSP-3,USGS,GW,11.05,null,null,1,USGS,m,2,S,V,A,72019,11/8/2023,no,5479
3.13642E+14,D-21-21 13BAB4 [MOSLNW],31.611775,-110.1676083,MOSLNW,USGS,GW,8.14,null,null,1,USGS,m,2,S,V,P,72019,6/24/2024,no,5480
3.13508E+14,D-21-22 19CDB2 [CLRSUD],31.5857333,-110.1497172,CLRSUD,USGS,GW,15.04,null,null,1,null,m,2,null,O,A,72019,11/20/2006,no,5481
3.13642E+14,D-21-21 13BAB4 [MOSLNW],31.611775,-110.1676083,MOSLNW,USGS,GW,7.62,null,null,1,USGS,m,2,S,V,P,72019,10/28/2024,no,5482
3.13738E+14,D-21-21 02DDC [CHB-LI],31.62744444,-110.1753944,CHB-LI,USGS,GW,6.22,null,null,1,USGS,m,2,S,V,A,72019,10/24/2018,no,5483
3.13638E+14,D-21-21 13BAC1 [MOSWAS],31.61073889,-110.1671056,MOSWAS,USGS,GW,9.99,null,null,1,null,m,2,null,O,A,72019,9/7/2006,no,5484
3.13643E+14,D-21-21 13BAB2 [MOSLND],31.6118972,-110.1674778,MOSLND,USGS,GW,4.16,null,null,1,USGS,m,2,S,V,A,72019,4/18/2018,no,5485
3.13508E+14,D-21-22 19CDB2 [CLRSUD],31.5857333,-110.1497172,CLRSUD,USGS,GW,15.08,null,null,1,null,m,2,null,O,A,72019,12/14/2006,no,5486
3.13642E+14,D-21-21 13BAB4 [MOSLNW],31.611775,-110.1676083,MOSLNW,USGS,GW,6.91,null,null,1,USGS,m,2,S,S,P,72019,2/27/2025,no,5487
3.13312E+14,D-22-22 06AAA3 [LSP-3],31.5534288,-110.1409118,LSP-3,USGS,GW,10.67,null,null,1,USGS,m,2,S,V,A,72019,1/18/2024,no,5488
3.13738E+14,D-21-21 02DDC [CHB-LI],31.62744444,-110.1753944,CHB-LI,USGS,GW,6.1,null,null,1,USGS,m,2,S,V,A,72019,2/8/2019,no,5489
3.13638E+14,D-21-21 13BAC1 [MOSWAS],31.61073889,-110.1671056,MOSWAS,USGS,GW,10.55,null,null,1,null,m,2,null,O,A,72019,10/3/2006,no,5490
3.13643E+14,D-21-21 13BAB2 [MOSLND],31.6118972,-110.1674778,MOSLND,USGS,GW,4.55,null,null,1,USGS,m,2,S,V,A,72019,6/22/2018,no,5491
3.13508E+14,D-21-22 19CDB2 [CLRSUD],31.5857333,-110.1497172,CLRSUD,USGS,GW,15.07,null,null,1,USGS,m,2,S,T,A,72019,12/20/2006,no,5492
3.13642E+14,D-21-21 13BAB5 [MOSBLM],31.61177778,-110.1676111,MOSBLM,USGS,GW,7.75,null,null,1,USGS,m,2,S,V,A,72019,2/1/2024,yes,5493
3.13312E+14,D-22-22 06AAA3 [LSP-3],31.5534288,-110.1409118,LSP-3,USGS,GW,10.61,null,null,1,USGS,m,2,S,V,A,72019,3/6/2024,no,5494
3.13738E+14,D-21-21 02DDC [CHB-LI],31.62744444,-110.1753944,CHB-LI,USGS,GW,6.05,null,null,1,USGS,m,2,S,V,A,72019,4/19/2019,no,5495
3.13638E+14,D-21-21 13BAC1 [MOSWAS],31.61073889,-110.1671056,MOSWAS,USGS,GW,11.65,null,null,1,null,m,2,null,O,A,72019,11/16/2006,no,5496
3.13643E+14,D-21-21 13BAB1 [MOSLNS],31.6119,-110.1674778,MOSLNS,USGS,GW,4.71,null,null,1,USGS,m,2,S,V,A,72019,6/27/2019,no,5497
3.13643E+14,D-21-21 13BAB2 [MOSLND],31.6118972,-110.1674778,MOSLND,USGS,GW,4.05,null,null,1,USGS,m,2,S,V,A,72019,10/26/2018,no,5498
3.13508E+14,D-21-22 19CDB2 [CLRSUD],31.5857333,-110.1497172,CLRSUD,USGS,GW,15.08,null,null,1,null,m,2,null,O,A,72019,1/18/2007,no,5499
3.13312E+14,D-22-22 06AAA3 [LSP-3],31.5534288,-110.1409118,LSP-3,USGS,GW,10.27,null,null,1,USGS,m,2,S,V,A,72019,11/26/2024,no,5500
3.13642E+14,D-21-21 13BAB5 [MOSBLM],31.61177778,-110.1676111,MOSBLM,USGS,GW,7.74,null,null,1,USGS,m,2,S,V,A,72019,2/13/2024,yes,5501
3.13312E+14,D-22-22 06AAA3 [LSP-3],31.5534288,-110.1409118,LSP-3,USGS,GW,10.04,null,null,1,USGS,m,2,S,V,P,72019,3/13/2025,no,5502
3.13738E+14,D-21-21 02DDC [CHB-LI],31.62744444,-110.1753944,CHB-LI,USGS,GW,7.67,null,null,1,USGS,m,2,S,V,A,72019,6/28/2019,no,5503
3.13638E+14,D-21-21 13BAC1 [MOSWAS],31.61073889,-110.1671056,MOSWAS,USGS,GW,11.3,null,null,1,null,m,2,null,O,A,72019,12/14/2006,no,5504
3.13643E+14,D-21-21 13BAB1 [MOSLNS],31.6119,-110.1674778,MOSLNS,USGS,GW,4.6,null,null,1,USGS,m,2,S,V,A,72019,10/24/2019,no,5505
3.13508E+14,D-21-22 19CDB2 [CLRSUD],31.5857333,-110.1497172,CLRSUD,USGS,GW,14.96,null,null,1,null,m,2,null,O,A,72019,2/27/2007,no,5506
3.13738E+14,D-21-21 02DDC [CHB-LI],31.62744444,-110.1753944,CHB-LI,USGS,GW,7.29,null,null,1,USGS,m,2,S,V,A,72019,10/22/2019,no,5508
3.13642E+14,D-21-21 13BAB5 [MOSBLM],31.61177778,-110.1676111,MOSBLM,USGS,GW,7.78,null,null,1,USGS,m,2,S,S,A,72019,2/15/2024,yes,5509
3.13643E+14,D-21-21 13BAB2 [MOSLND],31.6118972,-110.1674778,MOSLND,USGS,GW,4.27,null,null,1,USGS,m,2,S,V,A,72019,11/7/2018,no,5510
3.13738E+14,D-21-21 02DDC [CHB-LI],31.62744444,-110.1753944,CHB-LI,USGS,GW,5.6,null,null,1,USGS,m,2,S,V,A,72019,1/10/2020,no,5512
3.13642E+14,D-21-21 13BAB5 [MOSBLM],31.61177778,-110.1676111,MOSBLM,USGS,GW,7.84,null,null,1,USGS,m,2,S,S,A,72019,4/19/2024,yes,5513
3.13643E+14,D-21-21 13BAB1 [MOSLNS],31.6119,-110.1674778,MOSLNS,USGS,GW,3.97,null,null,1,USGS,m,2,S,V,A,72019,1/9/2020,no,5514
3.13508E+14,D-21-22 19CDB2 [CLRSUD],31.5857333,-110.1497172,CLRSUD,USGS,GW,14.96,null,null,1,null,m,2,null,O,A,72019,3/29/2007,no,5515
3.13643E+14,D-21-21 13BAB2 [MOSLND],31.6118972,-110.1674778,MOSLND,USGS,GW,4.07,null,null,1,USGS,m,2,S,V,A,72019,2/7/2019,no,5516
3.13738E+14,D-21-21 02DDC [CHB-LI],31.62744444,-110.1753944,CHB-LI,USGS,GW,5.48,null,null,1,USGS,m,2,S,V,A,72019,4/9/2020,no,5518
3.13642E+14,D-21-21 13BAB5 [MOSBLM],31.61177778,-110.1676111,MOSBLM,USGS,GW,8.02,null,null,1,USGS,m,2,S,S,A,72019,5/3/2024,yes,5519
3.13643E+14,D-21-21 13BAB1 [MOSLNS],31.6119,-110.1674778,MOSLNS,USGS,GW,3.99,null,null,1,USGS,m,2,S,V,A,72019,4/9/2020,no,5520
3.13508E+14,D-21-22 19CDB2 [CLRSUD],31.5857333,-110.1497172,CLRSUD,USGS,GW,15,null,null,1,null,m,2,null,O,A,72019,4/26/2007,no,5521
3.13643E+14,D-21-21 13BAB2 [MOSLND],31.6118972,-110.1674778,MOSLND,USGS,GW,4.21,null,null,1,USGS,m,2,S,V,A,72019,4/18/2019,no,5522
3.13638E+14,D-21-21 13BAC1 [MOSWAS],31.61073889,-110.1671056,MOSWAS,USGS,GW,10.99,null,null,1,null,m,2,null,O,A,72019,1/18/2007,no,5523
3.13738E+14,D-21-21 02DDC [CHB-LI],31.62744444,-110.1753944,CHB-LI,USGS,GW,6.76,null,null,1,USGS,m,2,S,V,A,72019,6/23/2020,no,5525
3.13642E+14,D-21-21 13BAB5 [MOSBLM],31.61177778,-110.1676111,MOSBLM,USGS,GW,8.19,null,null,1,USGS,m,2,S,V,A,72019,5/7/2024,yes,5526
3.13643E+14,D-21-21 13BAB1 [MOSLNS],31.6119,-110.1674778,MOSLNS,USGS,GW,4.61,null,null,1,USGS,m,2,S,V,A,72019,6/23/2020,no,5527
3.13508E+14,D-21-22 19CDB2 [CLRSUD],31.5857333,-110.1497172,CLRSUD,USGS,GW,14.98,null,null,1,USGS,m,2,S,T,A,72019,5/3/2007,no,5528
3.13643E+14,D-21-21 13BAB2 [MOSLND],31.6118972,-110.1674778,MOSLND,USGS,GW,4.75,null,null,1,USGS,m,2,S,V,A,72019,6/27/2019,no,5529
3.13638E+14,D-21-21 13BAC1 [MOSWAS],31.61073889,-110.1671056,MOSWAS,USGS,GW,10.93,null,null,1,null,m,2,null,O,A,72019,2/27/2007,no,5530
3.13738E+14,D-21-21 02DDC [CHB-LI],31.62744444,-110.1753944,CHB-LI,USGS,GW,7.45,null,null,1,USGS,m,2,S,V,A,72019,10/8/2020,no,5532
3.13642E+14,D-21-21 13BAB5 [MOSBLM],31.61177778,-110.1676111,MOSBLM,USGS,GW,8.43,null,null,1,USGS,m,2,S,V,A,72019,6/24/2024,yes,5533
3.13643E+14,D-21-21 13BAB1 [MOSLNS],31.6119,-110.1674778,MOSLNS,USGS,GW,4.7,null,null,1,USGS,m,2,S,V,A,72019,10/7/2020,no,5534
3.13508E+14,D-21-22 19CDB2 [CLRSUD],31.5857333,-110.1497172,CLRSUD,USGS,GW,15.16,null,null,1,null,m,2,null,O,A,72019,5/24/2007,no,5535
3.13638E+14,D-21-21 13BAC1 [MOSWAS],31.61073889,-110.1671056,MOSWAS,USGS,GW,10.92,null,null,1,null,m,2,null,O,A,72019,3/8/2007,no,5536
3.13642E+14,D-21-21 13BAB5 [MOSBLM],31.61177778,-110.1676111,MOSBLM,USGS,GW,7.9,null,null,1,USGS,m,2,S,V,A,72019,10/28/2024,yes,5537
3.13738E+14,D-21-21 02DDC [CHB-LI],31.62744444,-110.1753944,CHB-LI,USGS,GW,6.42,null,null,1,USGS,m,2,S,V,A,72019,2/12/2021,no,5538
3.13638E+14,D-21-21 13BAC1 [MOSWAS],31.61073889,-110.1671056,MOSWAS,USGS,GW,11,null,null,1,null,m,2,null,O,A,72019,3/30/2007,no,5540
3.13643E+14,D-21-21 13BAB2 [MOSLND],31.6118972,-110.1674778,MOSLND,USGS,GW,4.65,null,null,1,USGS,m,2,S,V,A,72019,10/24/2019,no,5541
3.13738E+14,D-21-21 02DDC [CHB-LI],31.62744444,-110.1753944,CHB-LI,USGS,GW,6.15,null,null,1,USGS,m,2,S,V,A,72019,4/6/2021,no,5542
3.13642E+14,D-21-21 13BAB5 [MOSBLM],31.61177778,-110.1676111,MOSBLM,USGS,GW,7.15,null,null,1,USGS,m,2,S,S,P,72019,2/25/2025,yes,5543
3.13508E+14,D-21-22 19CDB2 [CLRSUD],31.5857333,-110.1497172,CLRSUD,USGS,GW,15.59,null,null,1,null,m,2,null,O,A,72019,6/25/2007,no,5544
3.13643E+14,D-21-21 13BAB1 [MOSLNS],31.6119,-110.1674778,MOSLNS,USGS,GW,4.04,null,null,1,USGS,m,2,S,V,A,72019,2/10/2021,no,5545
3.13642E+14,D-21-21 13BAB5 [MOSBLM],31.61177778,-110.1676111,MOSBLM,USGS,GW,7.04,null,null,1,USGS,m,2,S,S,P,72019,2/27/2025,yes,5546
3.13508E+14,D-21-22 19CDB2 [CLRSUD],31.5857333,-110.1497172,CLRSUD,USGS,GW,15.69,null,null,1,null,m,2,null,O,A,72019,7/24/2007,no,5548
3.13638E+14,D-21-21 13BAC1 [MOSWAS],31.61073889,-110.1671056,MOSWAS,USGS,GW,11.16,null,null,1,null,m,2,null,O,A,72019,4/6/2007,no,5549
3.13643E+14,D-21-21 13BAB2 [MOSLND],31.6118972,-110.1674778,MOSLND,USGS,GW,4.01,null,null,1,USGS,m,2,S,V,A,72019,1/9/2020,no,5550
3.13738E+14,D-21-21 02DDC [CHB-LI],31.62744444,-110.1753944,CHB-LI,USGS,GW,7.53,null,null,1,USGS,m,2,S,V,A,72019,6/30/2021,no,5551
3.13643E+14,D-21-21 13BAB1 [MOSLNS],31.6119,-110.1674778,MOSLNS,USGS,GW,4.13,null,null,1,USGS,m,2,S,V,A,72019,4/8/2021,no,5552
3.13508E+14,D-21-22 19CDB2 [CLRSUD],31.5857333,-110.1497172,CLRSUD,USGS,GW,15.26,null,null,1,null,m,2,null,O,A,72019,8/21/2007,no,5555
3.13638E+14,D-21-21 13BAC1 [MOSWAS],31.61073889,-110.1671056,MOSWAS,USGS,GW,11.56,null,null,1,null,m,2,null,O,A,72019,4/27/2007,no,5556
3.13643E+14,D-21-21 13BAB2 [MOSLND],31.6118972,-110.1674778,MOSLND,USGS,GW,4.02,null,null,1,USGS,m,2,S,V,A,72019,4/9/2020,no,5557
3.13738E+14,D-21-21 02DDC [CHB-LI],31.62744444,-110.1753944,CHB-LI,USGS,GW,6.42,null,null,1,USGS,m,2,S,V,A,72019,10/21/2021,no,5558
3.13643E+14,D-21-21 13BAB1 [MOSLNS],31.6119,-110.1674778,MOSLNS,USGS,GW,4.64,null,null,1,USGS,m,2,S,V,A,72019,6/29/2021,no,5559
3.13508E+14,D-21-22 19CDB2 [CLRSUD],31.5857333,-110.1497172,CLRSUD,USGS,GW,15.69,null,null,1,null,m,2,null,O,A,72019,9/18/2007,no,5562
3.13638E+14,D-21-21 13BAC1 [MOSWAS],31.61073889,-110.1671056,MOSWAS,USGS,GW,12.29,null,null,1,null,m,2,null,O,A,72019,5/24/2007,no,5563
3.13643E+14,D-21-21 13BAB2 [MOSLND],31.6118972,-110.1674778,MOSLND,USGS,GW,4.67,null,null,1,USGS,m,2,S,V,A,72019,6/23/2020,no,5564
3.13738E+14,D-21-21 02DDC [CHB-LI],31.62744444,-110.1753944,CHB-LI,USGS,GW,6.19,null,null,1,USGS,m,2,S,V,A,72019,2/2/2022,no,5565
3.13643E+14,D-21-21 13BAB1 [MOSLNS],31.6119,-110.1674778,MOSLNS,USGS,GW,4.24,null,null,1,USGS,m,2,S,V,A,72019,10/21/2021,no,5566
3.13508E+14,D-21-22 19CDB2 [CLRSUD],31.5857333,-110.1497172,CLRSUD,USGS,GW,15.83,null,null,1,null,m,2,null,O,A,72019,10/29/2007,no,5569
3.13638E+14,D-21-21 13BAC1 [MOSWAS],31.61073889,-110.1671056,MOSWAS,USGS,GW,12.68,null,null,1,null,m,2,null,O,A,72019,6/21/2007,no,5570
3.13643E+14,D-21-21 13BAB2 [MOSLND],31.6118972,-110.1674778,MOSLND,USGS,GW,4.75,null,null,1,USGS,m,2,S,V,A,72019,10/7/2020,no,5571
3.13738E+14,D-21-21 02DDC [CHB-LI],31.62744444,-110.1753944,CHB-LI,USGS,GW,6.11,null,null,1,USGS,m,2,S,V,A,72019,4/6/2022,no,5572
3.13643E+14,D-21-21 13BAB1 [MOSLNS],31.6119,-110.1674778,MOSLNS,USGS,GW,4.03,null,null,1,USGS,m,2,S,V,A,72019,2/2/2022,no,5573
3.13643E+14,D-21-21 13BAB1 [MOSLNS],31.6119,-110.1674778,MOSLNS,USGS,GW,4.39,null,null,1,USGS,m,2,S,V,A,72019,6/27/2022,no,5574
3.13643E+14,D-21-21 13BAB1 [MOSLNS],31.6119,-110.1674778,MOSLNS,USGS,GW,4.02,null,null,1,USGS,m,2,S,S,A,72019,1/26/2023,no,5575
3.13643E+14,D-21-21 13BAB1 [MOSLNS],31.6119,-110.1674778,MOSLNS,USGS,GW,4.2,null,null,1,USGS,m,2,S,S,A,72019,4/25/2023,no,5576
3.13643E+14,D-21-21 13BAB1 [MOSLNS],31.6119,-110.1674778,MOSLNS,USGS,GW,4.39,null,null,1,USGS,m,2,S,S,A,72019,5/19/2023,no,5577
3.13643E+14,D-21-21 13BAB1 [MOSLNS],31.6119,-110.1674778,MOSLNS,USGS,GW,4.4,null,null,1,USGS,m,2,S,S,A,72019,5/19/2023,no,5578
3.13643E+14,D-21-21 13BAB1 [MOSLNS],31.6119,-110.1674778,MOSLNS,USGS,GW,4.71,null,null,1,USGS,m,2,S,S,A,72019,6/22/2023,no,5579
3.13643E+14,D-21-21 13BAB1 [MOSLNS],31.6119,-110.1674778,MOSLNS,USGS,GW,4.5,null,null,1,USGS,m,2,S,V,A,72019,11/16/2023,no,5580
3.13643E+14,D-21-21 13BAB1 [MOSLNS],31.6119,-110.1674778,MOSLNS,USGS,GW,4.25,null,null,1,USGS,m,2,S,S,A,72019,2/13/2024,no,5581
3.13643E+14,D-21-21 13BAB1 [MOSLNS],31.6119,-110.1674778,MOSLNS,USGS,GW,4.26,null,null,1,USGS,m,2,S,S,A,72019,2/15/2024,no,5582
3.13643E+14,D-21-21 13BAB1 [MOSLNS],31.6119,-110.1674778,MOSLNS,USGS,GW,4.34,null,null,1,USGS,m,2,S,S,A,72019,4/17/2024,no,5583
3.13643E+14,D-21-21 13BAB1 [MOSLNS],31.6119,-110.1674778,MOSLNS,USGS,GW,4.75,null,null,1,USGS,m,2,S,S,A,72019,6/24/2024,no,5584
3.13643E+14,D-21-21 13BAB1 [MOSLNS],31.6119,-110.1674778,MOSLNS,USGS,GW,4.14,null,null,1,USGS,m,2,S,V,A,72019,10/28/2024,no,5585
3.13643E+14,D-21-21 13BAB1 [MOSLNS],31.6119,-110.1674778,MOSLNS,USGS,GW,3.64,null,null,1,USGS,m,2,S,S,P,72019,2/25/2025,no,5586
3.13643E+14,D-21-21 13BAB2 [MOSLND],31.6118972,-110.1674778,MOSLND,USGS,GW,4.85,null,null,1,null,m,2,null,O,A,72019,1/4/2006,no,5603
3.13643E+14,D-21-21 13BAB2 [MOSLND],31.6118972,-110.1674778,MOSLND,USGS,GW,2.48,null,null,1,null,m,2,null,O,A,72019,8/17/2006,no,5604
3.13643E+14,D-21-21 13BAB2 [MOSLND],31.6118972,-110.1674778,MOSLND,USGS,GW,4.48,null,null,1,null,m,2,null,O,A,72019,10/3/2006,no,5605
3.13643E+14,D-21-21 13BAB2 [MOSLND],31.6118972,-110.1674778,MOSLND,USGS,GW,4.56,null,null,1,null,m,2,null,O,A,72019,11/16/2006,no,5606
3.13643E+14,D-21-21 13BAB2 [MOSLND],31.6118972,-110.1674778,MOSLND,USGS,GW,4.27,null,null,1,null,m,2,null,O,A,72019,12/14/2006,no,5607
3.13643E+14,D-21-21 13BAB2 [MOSLND],31.6118972,-110.1674778,MOSLND,USGS,GW,3.9,null,null,1,null,m,2,null,O,A,72019,1/18/2007,no,5608
3.13643E+14,D-21-21 13BAB2 [MOSLND],31.6118972,-110.1674778,MOSLND,USGS,GW,3.89,null,null,1,null,m,2,null,O,A,72019,2/27/2007,no,5609
3.13643E+14,D-21-21 13BAB2 [MOSLND],31.6118972,-110.1674778,MOSLND,USGS,GW,3.9,null,null,1,null,m,2,null,O,A,72019,3/30/2007,no,5610
3.13643E+14,D-21-21 13BAB2 [MOSLND],31.6118972,-110.1674778,MOSLND,USGS,GW,3.9,null,null,1,null,m,2,null,O,A,72019,4/27/2007,no,5611
3.13643E+14,D-21-21 13BAB2 [MOSLND],31.6118972,-110.1674778,MOSLND,USGS,GW,3.93,null,null,1,null,m,2,null,O,A,72019,5/24/2007,no,5612
3.13643E+14,D-21-21 13BAB2 [MOSLND],31.6118972,-110.1674778,MOSLND,USGS,GW,3.97,null,null,1,null,m,2,null,O,A,72019,6/21/2007,no,5613
3.13643E+14,D-21-21 13BAB2 [MOSLND],31.6118972,-110.1674778,MOSLND,USGS,GW,2.93,null,null,1,null,m,2,null,O,A,72019,7/24/2007,no,5614
3.13643E+14,D-21-21 13BAB2 [MOSLND],31.6118972,-110.1674778,MOSLND,USGS,GW,3.71,null,null,1,null,m,2,null,O,A,72019,8/21/2007,no,5615
3.13643E+14,D-21-21 13BAB2 [MOSLND],31.6118972,-110.1674778,MOSLND,USGS,GW,3.75,null,null,1,null,m,2,null,O,A,72019,9/26/2007,no,5616
3.13643E+14,D-21-21 13BAB2 [MOSLND],31.6118972,-110.1674778,MOSLND,USGS,GW,3.81,null,null,1,null,m,2,null,O,A,72019,10/30/2007,no,5617
3.13643E+14,D-21-21 13BAB2 [MOSLND],31.6118972,-110.1674778,MOSLND,USGS,GW,3.86,null,null,1,null,m,2,null,O,A,72019,11/26/2007,no,5618
3.13643E+14,D-21-21 13BAB2 [MOSLND],31.6118972,-110.1674778,MOSLND,USGS,GW,3.88,null,null,1,null,m,2,null,O,A,72019,12/19/2007,no,5619
3.13643E+14,D-21-21 13BAB2 [MOSLND],31.6118972,-110.1674778,MOSLND,USGS,GW,3.91,null,null,1,null,m,2,null,O,A,72019,1/29/2008,no,5620
3.13643E+14,D-21-21 13BAB2 [MOSLND],31.6118972,-110.1674778,MOSLND,USGS,GW,3.96,null,null,1,null,m,2,null,O,A,72019,2/26/2008,no,5621
3.13643E+14,D-21-21 13BAB2 [MOSLND],31.6118972,-110.1674778,MOSLND,USGS,GW,4,null,null,1,null,m,2,null,O,A,72019,3/27/2008,no,5622
3.13643E+14,D-21-21 13BAB2 [MOSLND],31.6118972,-110.1674778,MOSLND,USGS,GW,4.05,null,null,1,null,m,2,null,O,A,72019,4/25/2008,no,5623
3.13643E+14,D-21-21 13BAB2 [MOSLND],31.6118972,-110.1674778,MOSLND,USGS,GW,4.33,null,null,1,null,m,2,null,O,A,72019,7/3/2008,no,5624
3.13643E+14,D-21-21 13BAB2 [MOSLND],31.6118972,-110.1674778,MOSLND,USGS,GW,4.04,null,null,1,null,m,2,null,O,A,72019,11/25/2008,no,5625
3.13643E+14,D-21-21 13BAB2 [MOSLND],31.6118972,-110.1674778,MOSLND,USGS,GW,4.12,null,null,1,null,m,2,null,O,A,72019,1/27/2009,no,5626
3.13643E+14,D-21-21 13BAB2 [MOSLND],31.6118972,-110.1674778,MOSLND,USGS,GW,4.18,null,null,1,null,m,2,null,O,A,72019,3/23/2009,no,5627
3.13643E+14,D-21-21 13BAB2 [MOSLND],31.6118972,-110.1674778,MOSLND,USGS,GW,4.28,null,null,1,null,m,2,null,O,A,72019,5/20/2009,no,5628
3.13643E+14,D-21-21 13BAB2 [MOSLND],31.6118972,-110.1674778,MOSLND,USGS,GW,5.37,null,null,1,null,m,2,null,O,A,72019,7/2/2009,no,5629
3.13643E+14,D-21-21 13BAB2 [MOSLND],31.6118972,-110.1674778,MOSLND,USGS,GW,4.61,null,null,1,null,m,2,null,O,A,72019,9/24/2009,no,5630
3.13643E+14,D-21-21 13BAB2 [MOSLND],31.6118972,-110.1674778,MOSLND,USGS,GW,4.73,null,null,1,null,m,2,null,O,A,72019,11/13/2009,no,5631
3.13643E+14,D-21-21 13BAB2 [MOSLND],31.6118972,-110.1674778,MOSLND,USGS,GW,3.58,null,null,1,null,m,2,null,O,A,72019,1/5/2010,no,5632
3.13643E+14,D-21-21 13BAB2 [MOSLND],31.6118972,-110.1674778,MOSLND,USGS,GW,4.01,null,null,1,null,m,2,null,O,A,72019,2/9/2010,no,5633
3.13643E+14,D-21-21 13BAB2 [MOSLND],31.6118972,-110.1674778,MOSLND,USGS,GW,3.64,null,null,1,null,m,2,null,O,A,72019,3/30/2010,no,5634
3.13508E+14,D-21-22 19CDB2 [CLRSUD],31.5857333,-110.1497172,CLRSUD,USGS,GW,15.67,null,null,1,USGS,m,2,S,T,A,72019,11/8/2007,no,5635
3.13638E+14,D-21-21 13BAC1 [MOSWAS],31.61073889,-110.1671056,MOSWAS,USGS,GW,11.46,null,null,1,null,m,2,null,O,A,72019,7/24/2007,no,5638
3.13643E+14,D-21-21 13BAB2 [MOSLND],31.6118972,-110.1674778,MOSLND,USGS,GW,4.11,null,null,1,USGS,m,2,S,V,A,72019,2/10/2021,no,5639
3.13738E+14,D-21-21 02DDC [CHB-LI],31.62744444,-110.1753944,CHB-LI,USGS,GW,6.81,null,null,1,USGS,m,2,S,V,A,72019,6/27/2022,no,5640
3.13638E+14,D-21-21 13BAC1 [MOSWAS],31.61073889,-110.1671056,MOSWAS,USGS,GW,11.75,null,null,1,null,m,2,null,O,A,72019,8/21/2007,no,5642
3.13643E+14,D-21-21 13BAB2 [MOSLND],31.6118972,-110.1674778,MOSLND,USGS,GW,4.17,null,null,1,USGS,m,2,S,V,A,72019,4/8/2021,no,5643
3.13508E+14,D-21-22 19CDB2 [CLRSUD],31.5857333,-110.1497172,CLRSUD,USGS,GW,15.58,null,null,1,null,m,2,null,O,A,72019,11/20/2007,no,5644
3.13738E+14,D-21-21 02DDC [CHB-LI],31.62744444,-110.1753944,CHB-LI,USGS,GW,5.93,null,null,1,USGS,m,2,S,V,A,72019,10/4/2022,no,5647
3.13638E+14,D-21-21 13BAC1 [MOSWAS],31.61073889,-110.1671056,MOSWAS,USGS,GW,12.35,null,null,1,null,m,2,null,O,A,72019,9/26/2007,no,5648
3.13643E+14,D-21-21 13BAB2 [MOSLND],31.6118972,-110.1674778,MOSLND,USGS,GW,4.7,null,null,1,USGS,m,2,S,V,A,72019,6/29/2021,no,5649
3.13508E+14,D-21-22 19CDB2 [CLRSUD],31.5857333,-110.1497172,CLRSUD,USGS,GW,15.42,null,null,1,null,m,2,null,O,A,72019,12/19/2007,no,5650
3.13738E+14,D-21-21 02DDC [CHB-LI],31.62744444,-110.1753944,CHB-LI,USGS,GW,6.29,null,null,null,USGS,m,2,S,V,A,72019,1/31/2023,no,5654
3.13643E+14,D-21-21 13BAB2 [MOSLND],31.6118972,-110.1674778,MOSLND,USGS,GW,4.28,null,null,1,USGS,m,2,S,V,A,72019,10/21/2021,no,5655
3.13638E+14,D-21-21 13BAC1 [MOSWAS],31.61073889,-110.1671056,MOSWAS,USGS,GW,12.21,null,null,1,null,m,2,null,O,A,72019,10/30/2007,no,5656
3.13508E+14,D-21-22 19CDB2 [CLRSUD],31.5857333,-110.1497172,CLRSUD,USGS,GW,15.2,null,null,1,null,m,2,null,O,A,72019,1/30/2008,no,5657
3.13738E+14,D-21-21 02DDC [CHB-LI],31.62744444,-110.1753944,CHB-LI,USGS,GW,6.41,null,null,1,USGS,m,2,S,S,A,72019,4/25/2023,no,5659
3.13643E+14,D-21-21 13BAB2 [MOSLND],31.6118972,-110.1674778,MOSLND,USGS,GW,4.08,null,null,1,USGS,m,2,S,V,A,72019,2/2/2022,no,5660
3.13638E+14,D-21-21 13BAC1 [MOSWAS],31.61073889,-110.1671056,MOSWAS,USGS,GW,11.82,null,null,1,null,m,2,null,O,A,72019,11/26/2007,no,5661
3.13508E+14,D-21-22 19CDB2 [CLRSUD],31.5857333,-110.1497172,CLRSUD,USGS,GW,15.08,null,null,1,USGS,m,2,S,T,A,72019,2/19/2008,no,5662
3.13738E+14,D-21-21 02DDC [CHB-LI],31.62744444,-110.1753944,CHB-LI,USGS,GW,7.33,null,null,1,USGS,m,2,S,S,A,72019,6/22/2023,no,5665
3.13643E+14,D-21-21 13BAB2 [MOSLND],31.6118972,-110.1674778,MOSLND,USGS,GW,4.16,null,null,1,USGS,m,2,S,V,A,72019,4/6/2022,no,5666
3.13638E+14,D-21-21 13BAC1 [MOSWAS],31.61073889,-110.1671056,MOSWAS,USGS,GW,11.48,null,null,1,null,m,2,null,O,A,72019,12/19/2007,no,5667
3.13508E+14,D-21-22 19CDB2 [CLRSUD],31.5857333,-110.1497172,CLRSUD,USGS,GW,15.13,null,null,1,null,m,2,null,O,A,72019,2/26/2008,no,5668
3.13738E+14,D-21-21 02DDC [CHB-LI],31.62744444,-110.1753944,CHB-LI,USGS,GW,7.71,null,null,1,USGS,m,2,S,V,A,72019,11/16/2023,no,5671
3.13643E+14,D-21-21 13BAB2 [MOSLND],31.6118972,-110.1674778,MOSLND,USGS,GW,4.47,null,null,1,USGS,m,2,S,V,A,72019,6/27/2022,no,5672
3.13638E+14,D-21-21 13BAC1 [MOSWAS],31.61073889,-110.1671056,MOSWAS,USGS,GW,11.2,null,null,1,null,m,2,null,O,A,72019,1/29/2008,no,5673
3.13508E+14,D-21-22 19CDB2 [CLRSUD],31.5857333,-110.1497172,CLRSUD,USGS,GW,14.94,null,null,1,null,m,2,null,O,A,72019,3/27/2008,no,5674
3.13316E+14,D-22-22 06AAB [LSPUWD],31.55444444,-110.1419444,LSPUWD,USGS,GW,9.03,null,null,1,USGS,m,2,S,S,A,72019,2/3/2006,no,5676
3.13738E+14,D-21-21 02DDC [CHB-LI],31.62744444,-110.1753944,CHB-LI,USGS,GW,7.21,null,null,1,USGS,m,2,S,S,A,72019,2/14/2024,no,5677
3.13643E+14,D-21-21 13BAB2 [MOSLND],31.6118972,-110.1674778,MOSLND,USGS,GW,4.09,null,null,1,USGS,m,2,S,V,A,72019,10/4/2022,no,5678
3.13638E+14,D-21-21 13BAC1 [MOSWAS],31.61073889,-110.1671056,MOSWAS,USGS,GW,11.17,null,null,1,null,m,2,null,O,A,72019,2/26/2008,no,5679
3.13508E+14,D-21-22 19CDB2 [CLRSUD],31.5857333,-110.1497172,CLRSUD,USGS,GW,14.95,null,null,1,null,m,2,null,O,A,72019,4/25/2008,no,5680
3.13316E+14,D-22-22 06AAB [LSPUWD],31.55444444,-110.1419444,LSPUWD,USGS,GW,9.64,null,null,1,USGS,m,2,S,S,A,72019,5/11/2006,no,5682
3.13738E+14,D-21-21 02DDC [CHB-LI],31.62744444,-110.1753944,CHB-LI,USGS,GW,7.11,null,null,1,USGS,m,2,S,S,A,72019,4/17/2024,no,5683
3.13643E+14,D-21-21 13BAB2 [MOSLND],31.6118972,-110.1674778,MOSLND,USGS,GW,4.12,null,null,1,USGS,m,2,S,V,A,72019,10/20/2022,no,5684
3.13638E+14,D-21-21 13BAC1 [MOSWAS],31.61073889,-110.1671056,MOSWAS,USGS,GW,11.13,null,null,1,null,m,2,null,O,A,72019,3/27/2008,no,5685
3.13508E+14,D-21-22 19CDB2 [CLRSUD],31.5857333,-110.1497172,CLRSUD,USGS,GW,14.96,null,null,1,null,m,2,null,O,A,72019,5/6/2008,no,5686
3.13738E+14,D-21-21 02DDC [CHB-LI],31.62744444,-110.1753944,CHB-LI,USGS,GW,8.03,null,null,1,USGS,m,2,S,S,A,72019,6/24/2024,no,5687
3.13508E+14,D-21-22 19CDB2 [CLRSUD],31.5857333,-110.1497172,CLRSUD,USGS,GW,14.99,null,null,1,USGS,m,2,S,T,A,72019,5/11/2008,no,5688
3.13643E+14,D-21-21 13BAB2 [MOSLND],31.6118972,-110.1674778,MOSLND,USGS,GW,4.1,null,null,1,USGS,m,2,S,S,A,72019,1/26/2023,no,5689
3.13738E+14,D-21-21 02DDC [CHB-LI],31.62744444,-110.1753944,CHB-LI,USGS,GW,8.44,null,null,1,USGS,m,2,S,S,A,72019,10/30/2024,no,5690
3.13508E+14,D-21-22 19CDB2 [CLRSUD],31.5857333,-110.1497172,CLRSUD,USGS,GW,15.1,null,null,1,USGS,m,2,S,T,A,72019,5/20/2008,no,5691
3.13316E+14,D-22-22 06AAB [LSPUWD],31.55444444,-110.1419444,LSPUWD,USGS,GW,6.73,null,null,1,USGS,m,2,S,S,A,72019,9/8/2006,no,5693
3.13638E+14,D-21-21 13BAC1 [MOSWAS],31.61073889,-110.1671056,MOSWAS,USGS,GW,11.62,null,null,1,null,D,2,null,O,A,72019,4/24/2008,no,5694
3.13508E+14,D-21-22 19CDB2 [CLRSUD],31.5857333,-110.1497172,CLRSUD,USGS,GW,14.83,null,null,1,USGS,m,2,S,T,A,72019,9/3/2008,no,5695
3.13316E+14,D-22-22 06AAB [LSPUWD],31.55444444,-110.1419444,LSPUWD,USGS,GW,9.53,null,null,1,null,m,2,null,V,A,72019,11/1/2006,no,5696
3.13643E+14,D-21-21 13BAB2 [MOSLND],31.6118972,-110.1674778,MOSLND,USGS,GW,4.27,null,null,1,USGS,m,2,S,S,A,72019,4/25/2023,no,5698
3.13738E+14,D-21-21 02DDC [CHB-LI],31.62744444,-110.1753944,CHB-LI,USGS,GW,7.38,null,null,1,USGS,m,2,S,S,P,72019,2/28/2025,no,5699
3.13638E+14,D-21-21 13BAC1 [MOSWAS],31.61073889,-110.1671056,MOSWAS,USGS,GW,12.62,null,null,1,null,m,2,null,O,A,72019,7/3/2008,no,5700
3.13508E+14,D-21-22 19CDB2 [CLRSUD],31.5857333,-110.1497172,CLRSUD,USGS,GW,15.13,null,null,1,USGS,m,2,S,T,A,72019,11/5/2008,no,5701
3.13316E+14,D-22-22 06AAB [LSPUWD],31.55444444,-110.1419444,LSPUWD,USGS,GW,9.45,null,null,1,null,m,2,null,V,A,72019,1/4/2007,no,5702
3.13643E+14,D-21-21 13BAB2 [MOSLND],31.6118972,-110.1674778,MOSLND,USGS,GW,4.48,null,null,1,USGS,m,2,S,S,A,72019,5/19/2023,no,5704
3.13638E+14,D-21-21 13BAC1 [MOSWAS],31.61073889,-110.1671056,MOSWAS,USGS,GW,11.19,null,null,1,null,m,2,null,O,A,72019,9/4/2008,no,5706
3.13508E+14,D-21-22 19CDB2 [CLRSUD],31.5857333,-110.1497172,CLRSUD,USGS,GW,14.51,null,null,1,USGS,m,2,S,T,A,72019,3/5/2009,no,5707
3.13316E+14,D-22-22 06AAB [LSPUWD],31.55444444,-110.1419444,LSPUWD,USGS,GW,9.49,null,null,1,USGS,m,2,S,S,A,72019,2/14/2007,no,5708
3.13643E+14,D-21-21 13BAB2 [MOSLND],31.6118972,-110.1674778,MOSLND,USGS,GW,4.77,null,null,1,USGS,m,2,S,S,A,72019,6/22/2023,no,5710
3.13638E+14,D-21-21 13BAC1 [MOSWAS],31.61073889,-110.1671056,MOSWAS,USGS,GW,11.2,null,null,1,null,m,2,null,O,A,72019,11/25/2008,no,5712
3.13508E+14,D-21-22 19CDB2 [CLRSUD],31.5857333,-110.1497172,CLRSUD,USGS,GW,14.95,null,null,1,USGS,m,2,S,T,A,72019,6/2/2009,no,5713
3.13316E+14,D-22-22 06AAB [LSPUWD],31.55444444,-110.1419444,LSPUWD,USGS,GW,9.5,null,null,1,null,m,2,null,V,A,72019,3/20/2007,no,5714
3.13643E+14,D-21-21 13BAB2 [MOSLND],31.6118972,-110.1674778,MOSLND,USGS,GW,4.59,null,null,1,USGS,m,2,S,V,A,72019,11/16/2023,no,5716
3.13638E+14,D-21-21 13BAC1 [MOSWAS],31.61073889,-110.1671056,MOSWAS,USGS,GW,11.02,null,null,1,null,m,2,null,O,A,72019,1/27/2009,no,5718
3.13508E+14,D-21-22 19CDB2 [CLRSUD],31.5857333,-110.1497172,CLRSUD,USGS,GW,15.08,null,null,1,USGS,m,2,S,T,A,72019,6/9/2009,no,5719
3.13316E+14,D-22-22 06AAB [LSPUWD],31.55444444,-110.1419444,LSPUWD,USGS,GW,9.56,null,null,1,null,m,2,null,V,A,72019,4/5/2007,no,5720
3.13643E+14,D-21-21 13BAB2 [MOSLND],31.6118972,-110.1674778,MOSLND,USGS,GW,4.31,null,null,1,USGS,m,2,S,S,A,72019,2/13/2024,no,5722
3.13508E+14,D-21-22 19CDB2 [CLRSUD],31.5857333,-110.1497172,CLRSUD,USGS,GW,15.92,null,null,1,USGS,m,2,S,T,A,72019,9/4/2009,no,5724
3.13643E+14,D-21-21 13BAB2 [MOSLND],31.6118972,-110.1674778,MOSLND,USGS,GW,4.3,null,null,1,USGS,m,2,S,S,A,72019,2/15/2024,no,5725
3.13638E+14,D-21-21 13BAC1 [MOSWAS],31.61073889,-110.1671056,MOSWAS,USGS,GW,12.12,null,null,1,null,m,2,null,O,A,72019,5/20/2009,no,5726
3.13316E+14,D-22-22 06AAB [LSPUWD],31.55444444,-110.1419444,LSPUWD,USGS,GW,9.88,null,null,1,null,m,2,null,V,A,72019,5/7/2007,no,5728
3.13638E+14,D-21-21 13BAC1 [MOSWAS],31.61073889,-110.1671056,MOSWAS,USGS,GW,12.36,null,null,1,null,m,2,null,O,A,72019,7/2/2009,no,5731
3.13508E+14,D-21-22 19CDB2 [CLRSUD],31.5857333,-110.1497172,CLRSUD,USGS,GW,15.38,null,null,1,USGS,m,2,S,T,A,72019,12/7/2009,no,5732
3.13643E+14,D-21-21 13BAB2 [MOSLND],31.6118972,-110.1674778,MOSLND,USGS,GW,4.4,null,null,1,USGS,m,2,S,S,A,72019,4/19/2024,no,5733
3.13316E+14,D-22-22 06AAB [LSPUWD],31.55444444,-110.1419444,LSPUWD,USGS,GW,9.86,null,null,1,USGS,m,2,S,S,A,72019,5/9/2007,no,5735
3.13638E+14,D-21-21 13BAC1 [MOSWAS],31.61073889,-110.1671056,MOSWAS,USGS,GW,12.71,null,null,1,null,m,2,null,O,A,72019,8/7/2009,no,5737
3.13508E+14,D-21-22 19CDB2 [CLRSUD],31.5857333,-110.1497172,CLRSUD,USGS,GW,14.81,null,null,1,USGS,m,2,S,T,A,72019,5/17/2010,no,5738
3.13643E+14,D-21-21 13BAB2 [MOSLND],31.6118972,-110.1674778,MOSLND,USGS,GW,4.84,null,null,1,USGS,m,2,S,S,A,72019,6/24/2024,no,5739
3.13316E+14,D-22-22 06AAB [LSPUWD],31.55444444,-110.1419444,LSPUWD,USGS,GW,10.03,null,null,1,null,m,2,null,V,A,72019,6/7/2007,no,5741
3.13638E+14,D-21-21 13BAC1 [MOSWAS],31.61073889,-110.1671056,MOSWAS,USGS,GW,12.78,null,null,1,null,m,2,null,O,A,72019,9/24/2009,no,5743
3.13508E+14,D-21-22 19CDB2 [CLRSUD],31.5857333,-110.1497172,CLRSUD,USGS,GW,15.42,null,null,1,USGS,m,2,S,T,A,72019,9/27/2010,no,5744
3.13643E+14,D-21-21 13BAB2 [MOSLND],31.6118972,-110.1674778,MOSLND,USGS,GW,4.23,null,null,1,USGS,m,2,S,S,A,72019,10/28/2024,no,5745
3.13316E+14,D-22-22 06AAB [LSPUWD],31.55444444,-110.1419444,LSPUWD,USGS,GW,7.12,null,null,1,null,m,2,null,V,A,72019,8/9/2007,no,5747
3.13638E+14,D-21-21 13BAC1 [MOSWAS],31.61073889,-110.1671056,MOSWAS,USGS,GW,12.32,null,null,1,null,m,2,null,O,A,72019,11/13/2009,no,5749
3.13508E+14,D-21-22 19CDB2 [CLRSUD],31.5857333,-110.1497172,CLRSUD,USGS,GW,15.21,null,null,1,USGS,m,2,S,T,A,72019,11/24/2010,no,5750
3.13643E+14,D-21-21 13BAB2 [MOSLND],31.6118972,-110.1674778,MOSLND,USGS,GW,3.69,null,null,1,USGS,m,2,S,S,P,72019,2/25/2025,no,5751
3.13316E+14,D-22-22 06AAB [LSPUWD],31.55444444,-110.1419444,LSPUWD,USGS,GW,9.55,null,null,1,null,m,2,null,V,A,72019,9/7/2007,no,5753
3.13638E+14,D-21-21 13BAC1 [MOSWAS],31.61073889,-110.1671056,MOSWAS,USGS,GW,11.58,null,null,1,null,m,2,null,O,A,72019,1/5/2010,no,5755
3.13508E+14,D-21-22 19CDB2 [CLRSUD],31.5857333,-110.1497172,CLRSUD,USGS,GW,15.39,null,null,1,USGS,m,2,S,V,A,72019,7/21/2011,no,5756
3.13316E+14,D-22-22 06AAB [LSPUWD],31.55444444,-110.1419444,LSPUWD,USGS,GW,9.74,null,null,1,null,m,2,null,V,A,72019,10/19/2007,no,5759
3.13508E+14,D-21-22 19CDB2 [CLRSUD],31.5857333,-110.1497172,CLRSUD,USGS,GW,15.34,null,null,1,USGS,m,2,S,V,A,72019,9/23/2011,no,5761
3.13638E+14,D-21-21 13BAC1 [MOSWAS],31.61073889,-110.1671056,MOSWAS,USGS,GW,11.25,null,null,1,null,m,2,null,O,A,72019,2/9/2010,no,5762
3.13316E+14,D-22-22 06AAB [LSPUWD],31.55444444,-110.1419444,LSPUWD,USGS,GW,9.25,null,null,1,null,m,2,null,V,A,72019,11/15/2007,no,5764
3.13316E+14,D-22-22 06AAB [LSPUWD],31.55444444,-110.1419444,LSPUWD,USGS,GW,9.05,null,null,1,null,m,2,null,V,A,72019,12/6/2007,no,5767
3.13508E+14,D-21-22 19CDB2 [CLRSUD],31.5857333,-110.1497172,CLRSUD,USGS,GW,14.25,null,null,1,USGS,m,2,S,V,A,72019,3/20/2012,no,5770
3.13638E+14,D-21-21 13BAC1 [MOSWAS],31.61073889,-110.1671056,MOSWAS,USGS,GW,11.18,null,null,1,null,m,2,null,O,A,72019,3/30/2010,no,5771
3.13316E+14,D-22-22 06AAB [LSPUWD],31.55444444,-110.1419444,LSPUWD,USGS,GW,8.58,null,null,1,USGS,m,2,S,S,A,72019,1/7/2008,no,5773
3.13643E+14,D-21-21 13BAB1 [MOSLNS],31.6119,-110.1674778,MOSLNS,USGS,GW,4.91,null,null,1,null,m,2,null,O,A,72019,1/4/2006,no,5774
3.13508E+14,D-21-22 19CDB2 [CLRSUD],31.5857333,-110.1497172,CLRSUD,USGS,GW,15.07,null,null,1,USGS,m,2,S,V,A,72019,6/19/2012,no,5776
3.13638E+14,D-21-21 13BAC1 [MOSWAS],31.61073889,-110.1671056,MOSWAS,USGS,GW,11.69,null,null,1,null,m,2,null,O,A,72019,5/4/2010,no,5777
3.13316E+14,D-22-22 06AAB [LSPUWD],31.55444444,-110.1419444,LSPUWD,USGS,GW,8.75,null,null,1,null,m,2,null,V,A,72019,2/20/2008,no,5779
3.13643E+14,D-21-21 13BAB1 [MOSLNS],31.6119,-110.1674778,MOSLNS,USGS,GW,2.62,null,null,1,null,m,2,null,O,A,72019,8/17/2006,no,5780
3.13508E+14,D-21-22 19CDB2 [CLRSUD],31.5857333,-110.1497172,CLRSUD,USGS,GW,14.94,null,null,1,USGS,m,2,S,V,A,72019,9/13/2012,no,5782
3.13638E+14,D-21-21 13BAC1 [MOSWAS],31.61073889,-110.1671056,MOSWAS,USGS,GW,12.82,null,null,1,null,m,2,null,O,A,72019,6/28/2010,no,5783
3.13316E+14,D-22-22 06AAB [LSPUWD],31.55444444,-110.1419444,LSPUWD,USGS,GW,8.83,null,null,1,null,m,2,null,V,A,72019,3/10/2008,no,5785
3.13643E+14,D-21-21 13BAB1 [MOSLNS],31.6119,-110.1674778,MOSLNS,USGS,GW,4.61,null,null,1,null,m,2,null,O,A,72019,10/3/2006,no,5786
3.13508E+14,D-21-22 19CDB2 [CLRSUD],31.5857333,-110.1497172,CLRSUD,USGS,GW,14.53,null,null,1,USGS,m,2,S,V,A,72019,5/30/2013,no,5788
3.13638E+14,D-21-21 13BAC1 [MOSWAS],31.61073889,-110.1671056,MOSWAS,USGS,GW,12.33,null,null,1,null,m,2,null,O,A,72019,7/28/2010,no,5789
3.13316E+14,D-22-22 06AAB [LSPUWD],31.55444444,-110.1419444,LSPUWD,USGS,GW,9.16,null,null,1,USGS,m,2,S,S,A,72019,5/1/2008,no,5791
3.13643E+14,D-21-21 13BAB1 [MOSLNS],31.6119,-110.1674778,MOSLNS,USGS,GW,4.67,null,null,1,null,m,2,null,O,A,72019,11/16/2006,no,5792
3.13508E+14,D-21-22 19CDB2 [CLRSUD],31.5857333,-110.1497172,CLRSUD,USGS,GW,15.23,null,null,1,USGS,m,2,S,V,A,72019,7/1/2013,no,5794
3.13638E+14,D-21-21 13BAC1 [MOSWAS],31.61073889,-110.1671056,MOSWAS,USGS,GW,12.19,null,null,1,null,m,2,null,O,A,72019,11/30/2010,no,5795
3.13316E+14,D-22-22 06AAB [LSPUWD],31.55444444,-110.1419444,LSPUWD,USGS,GW,9.17,null,null,1,USGS,m,2,S,S,A,72019,11/6/2008,no,5797
3.13508E+14,D-21-22 19CDB2 [CLRSUD],31.5857333,-110.1497172,CLRSUD,USGS,GW,14.84,null,null,1,USGS,m,2,S,V,A,72019,11/1/2013,no,5798
3.13643E+14,D-21-21 13BAB1 [MOSLNS],31.6119,-110.1674778,MOSLNS,USGS,GW,4.33,null,null,1,null,m,2,null,O,A,72019,12/14/2006,no,5800
3.13638E+14,D-21-21 13BAC1 [MOSWAS],31.61073889,-110.1671056,MOSWAS,USGS,GW,11.89,null,null,1,null,m,2,null,O,A,72019,12/22/2010,no,5801
3.13316E+14,D-22-22 06AAB [LSPUWD],31.55444444,-110.1419444,LSPUWD,USGS,GW,8.83,null,null,1,USGS,m,2,S,S,A,72019,2/24/2009,no,5803
3.13638E+14,D-21-21 13BAC1 [MOSWAS],31.61073889,-110.1671056,MOSWAS,USGS,GW,12.33,null,null,1,USGS,m,2,S,V,A,72019,7/21/2011,no,5805
3.13508E+14,D-21-22 19CDB2 [CLRSUD],31.5857333,-110.1497172,CLRSUD,USGS,GW,14.29,null,null,1,USGS,m,2,S,V,A,72019,1/8/2014,no,5807
3.13316E+14,D-22-22 06AAB [LSPUWD],31.55444444,-110.1419444,LSPUWD,USGS,GW,10.03,null,null,1,USGS,m,2,S,S,A,72019,7/10/2009,no,5808
3.13643E+14,D-21-21 13BAB1 [MOSLNS],31.6119,-110.1674778,MOSLNS,USGS,GW,4.03,null,null,1,null,m,2,null,O,A,72019,1/18/2007,no,5809
3.13638E+14,D-21-21 13BAC1 [MOSWAS],31.61073889,-110.1671056,MOSWAS,USGS,GW,12.67,null,null,1,USGS,m,2,S,V,A,72019,9/23/2011,no,5811
3.13738E+14,D-21-21 02DDC [CHB-LI],31.62744444,-110.1753944,CHB-LI,USGS,GW,5.68,null,null,1,USGS,m,2,S,T,A,72019,1/11/2006,no,5812
3.13508E+14,D-21-22 19CDB2 [CLRSUD],31.5857333,-110.1497172,CLRSUD,USGS,GW,14,null,null,1,USGS,m,2,S,V,A,72019,4/3/2014,no,5813
3.13316E+14,D-22-22 06AAB [LSPUWD],31.55444444,-110.1419444,LSPUWD,USGS,GW,10.29,null,null,1,USGS,m,2,S,S,A,72019,8/12/2009,no,5814
3.13643E+14,D-21-21 13BAB1 [MOSLNS],31.6119,-110.1674778,MOSLNS,USGS,GW,4.07,null,null,1,null,m,2,null,O,A,72019,2/27/2007,no,5815
3.13638E+14,D-21-21 13BAC1 [MOSWAS],31.61073889,-110.1671056,MOSWAS,USGS,GW,11.18,null,null,1,USGS,m,2,S,V,A,72019,3/20/2012,no,5817
3.13738E+14,D-21-21 02DDC [CHB-LI],31.62744444,-110.1753944,CHB-LI,USGS,GW,5.52,null,null,1,USGS,m,2,S,T,A,72019,2/22/2006,no,5818
3.13508E+14,D-21-22 19CDB2 [CLRSUD],31.5857333,-110.1497172,CLRSUD,USGS,GW,15.04,null,null,1,USGS,m,2,S,V,A,72019,6/26/2014,no,5819
3.13316E+14,D-22-22 06AAB [LSPUWD],31.55444444,-110.1419444,LSPUWD,USGS,GW,9.98,null,null,1,USGS,m,2,S,S,A,72019,10/16/2009,no,5820
3.13643E+14,D-21-21 13BAB1 [MOSLNS],31.6119,-110.1674778,MOSLNS,USGS,GW,4.12,null,null,1,null,m,2,null,O,A,72019,3/30/2007,no,5821
3.13638E+14,D-21-21 13BAC1 [MOSWAS],31.61073889,-110.1671056,MOSWAS,USGS,GW,12.91,null,null,1,USGS,m,2,S,V,A,72019,6/19/2012,no,5823
3.13738E+14,D-21-21 02DDC [CHB-LI],31.62744444,-110.1753944,CHB-LI,USGS,GW,6.66,null,null,1,USGS,m,2,S,T,A,72019,6/15/2006,no,5824
3.13508E+14,D-21-22 19CDB2 [CLRSUD],31.5857333,-110.1497172,CLRSUD,USGS,GW,13.7,null,null,1,USGS,m,2,S,V,A,72019,11/5/2014,no,5825
3.13316E+14,D-22-22 06AAB [LSPUWD],31.55444444,-110.1419444,LSPUWD,USGS,GW,9.12,null,null,1,USGS,m,2,S,S,A,72019,2/1/2010,no,5826
3.13643E+14,D-21-21 13BAB1 [MOSLNS],31.6119,-110.1674778,MOSLNS,USGS,GW,4.31,null,null,1,null,m,2,null,O,A,72019,4/27/2007,no,5827
3.13638E+14,D-21-21 13BAC1 [MOSWAS],31.61073889,-110.1671056,MOSWAS,USGS,GW,11.68,null,null,1,USGS,m,2,S,V,A,72019,9/13/2012,no,5829
3.13738E+14,D-21-21 02DDC [CHB-LI],31.62744444,-110.1753944,CHB-LI,USGS,GW,7.31,null,null,1,USGS,m,2,S,T,A,72019,6/28/2006,no,5830
3.13508E+14,D-21-22 19CDB2 [CLRSUD],31.5857333,-110.1497172,CLRSUD,USGS,GW,13.91,null,null,1,USGS,m,2,S,V,A,72019,1/15/2015,no,5831
3.13316E+14,D-22-22 06AAB [LSPUWD],31.55444444,-110.1419444,LSPUWD,USGS,GW,9.08,null,null,1,USGS,m,1,S,S,A,72019,3/17/2010,no,5832
3.13643E+14,D-21-21 13BAB1 [MOSLNS],31.6119,-110.1674778,MOSLNS,USGS,GW,4.76,null,null,1,null,m,2,null,O,A,72019,5/24/2007,no,5833
3.13738E+14,D-21-21 02DDC [CHB-LI],31.62744444,-110.1753944,CHB-LI,USGS,GW,7.38,null,null,1,null,m,2,null,O,A,72019,6/30/2006,no,5834
3.13738E+14,D-21-21 02DDC [CHB-LI],31.62744444,-110.1753944,CHB-LI,USGS,GW,3.89,null,null,1,USGS,m,2,S,T,A,72019,8/17/2006,no,5836
3.13638E+14,D-21-21 13BAC1 [MOSWAS],31.61073889,-110.1671056,MOSWAS,USGS,GW,12.72,null,null,1,USGS,m,2,S,V,A,72019,5/30/2013,no,5837
3.13508E+14,D-21-22 19CDB2 [CLRSUD],31.5857333,-110.1497172,CLRSUD,USGS,GW,14.05,null,null,1,USGS,m,2,S,V,A,72019,4/16/2015,no,5838
3.13316E+14,D-22-22 06AAB [LSPUWD],31.55444444,-110.1419444,LSPUWD,USGS,GW,9.07,null,null,1,USGS,m,1,S,S,A,72019,3/17/2010,no,5839
3.13643E+14,D-21-21 13BAB1 [MOSLNS],31.6119,-110.1674778,MOSLNS,USGS,GW,5.17,null,null,1,null,m,2,null,O,A,72019,6/21/2007,no,5840
3.13638E+14,D-21-21 13BAC1 [MOSWAS],31.61073889,-110.1671056,MOSWAS,USGS,GW,13.17,null,null,1,USGS,m,2,S,V,A,72019,7/2/2013,no,5841
3.13508E+14,D-21-22 19CDB2 [CLRSUD],31.5857333,-110.1497172,CLRSUD,USGS,GW,14.85,null,null,1,USGS,m,2,S,V,A,72019,7/15/2015,no,5842
3.13738E+14,D-21-21 02DDC [CHB-LI],31.62744444,-110.1753944,CHB-LI,USGS,GW,4.51,null,null,1,USGS,m,2,S,T,A,72019,9/21/2006,no,5844
3.13643E+14,D-21-21 13BAB1 [MOSLNS],31.6119,-110.1674778,MOSLNS,USGS,GW,2.91,null,null,1,null,m,2,null,O,A,72019,7/24/2007,no,5845
3.13316E+14,D-22-22 06AAB [LSPUWD],31.55444444,-110.1419444,LSPUWD,USGS,GW,9.11,null,null,1,USGS,m,1,S,T,A,72019,5/27/2010,no,5846
3.13638E+14,D-21-21 13BAC1 [MOSWAS],31.61073889,-110.1671056,MOSWAS,USGS,GW,11.8,null,null,1,USGS,m,2,S,V,A,72019,11/1/2013,no,5847
3.13508E+14,D-21-22 19CDB2 [CLRSUD],31.5857333,-110.1497172,CLRSUD,USGS,GW,14.06,null,null,1,USGS,m,2,S,V,A,72019,10/6/2015,no,5848
3.13738E+14,D-21-21 02DDC [CHB-LI],31.62744444,-110.1753944,CHB-LI,USGS,GW,5.26,null,null,1,USGS,m,2,S,T,A,72019,10/27/2006,no,5850
3.13643E+14,D-21-21 13BAB1 [MOSLNS],31.6119,-110.1674778,MOSLNS,USGS,GW,4.5,null,null,1,null,m,2,null,O,A,72019,8/21/2007,no,5851
3.13316E+14,D-22-22 06AAB [LSPUWD],31.55444444,-110.1419444,LSPUWD,USGS,GW,9.11,null,null,1,USGS,m,1,S,T,A,72019,5/27/2010,no,5852
3.13638E+14,D-21-21 13BAC1 [MOSWAS],31.61073889,-110.1671056,MOSWAS,USGS,GW,10.89,null,null,1,USGS,m,2,S,V,A,72019,1/8/2014,no,5853
3.13508E+14,D-21-22 19CDB2 [CLRSUD],31.5857333,-110.1497172,CLRSUD,USGS,GW,14.1,null,null,1,USGS,m,2,S,V,A,72019,1/20/2016,no,5854
3.13738E+14,D-21-21 02DDC [CHB-LI],31.62744444,-110.1753944,CHB-LI,USGS,GW,5.25,null,null,1,null,m,2,null,O,A,72019,12/14/2006,no,5856
3.13643E+14,D-21-21 13BAB1 [MOSLNS],31.6119,-110.1674778,MOSLNS,USGS,GW,5.07,null,null,1,null,m,2,null,O,A,72019,9/26/2007,no,5857
3.13316E+14,D-22-22 06AAB [LSPUWD],31.55444444,-110.1419444,LSPUWD,USGS,GW,9.63,null,null,1,USGS,m,1,S,S,A,72019,7/27/2010,no,5858
3.13638E+14,D-21-21 13BAC1 [MOSWAS],31.61073889,-110.1671056,MOSWAS,USGS,GW,11.32,null,null,1,USGS,m,2,S,V,A,72019,4/3/2014,no,5859
3.13508E+14,D-21-22 19CDB2 [CLRSUD],31.5857333,-110.1497172,CLRSUD,USGS,GW,14.28,null,null,1,USGS,m,2,S,V,A,72019,4/19/2016,no,5860
3.13738E+14,D-21-21 02DDC [CHB-LI],31.62744444,-110.1753944,CHB-LI,USGS,GW,5.22,null,null,1,USGS,m,2,S,T,A,72019,12/20/2006,no,5862
3.13643E+14,D-21-21 13BAB1 [MOSLNS],31.6119,-110.1674778,MOSLNS,USGS,GW,5.1,null,null,1,null,m,2,null,O,A,72019,10/30/2007,no,5863
3.13316E+14,D-22-22 06AAB [LSPUWD],31.55444444,-110.1419444,LSPUWD,USGS,GW,9.62,null,null,1,USGS,m,1,S,S,A,72019,7/27/2010,no,5864
3.13638E+14,D-21-21 13BAC1 [MOSWAS],31.61073889,-110.1671056,MOSWAS,USGS,GW,12.94,null,null,1,USGS,m,2,S,V,A,72019,6/26/2014,no,5865
3.13508E+14,D-21-22 19CDB2 [CLRSUD],31.5857333,-110.1497172,CLRSUD,USGS,GW,15.1,null,null,1,USGS,m,2,S,V,A,72019,6/28/2016,no,5866
3.13738E+14,D-21-21 02DDC [CHB-LI],31.62744444,-110.1753944,CHB-LI,USGS,GW,5.27,null,null,1,null,m,2,null,O,A,72019,1/24/2007,no,5868
3.13643E+14,D-21-21 13BAB1 [MOSLNS],31.6119,-110.1674778,MOSLNS,USGS,GW,4.91,null,null,1,null,m,2,null,O,A,72019,11/26/2007,no,5869
3.13316E+14,D-22-22 06AAB [LSPUWD],31.55444444,-110.1419444,LSPUWD,USGS,GW,10.29,null,null,1,USGS,m,1,S,S,A,72019,1/18/2011,no,5870
3.13316E+14,D-22-22 06AAB [LSPUWD],31.55444444,-110.1419444,LSPUWD,USGS,GW,10.29,null,null,1,USGS,m,1,S,S,A,72019,1/18/2011,no,5871
3.13316E+14,D-22-22 06AAB [LSPUWD],31.55444444,-110.1419444,LSPUWD,USGS,GW,10.18,null,null,1,USGS,m,2,S,S,A,72019,7/7/2011,no,5872
3.13316E+14,D-22-22 06AAB [LSPUWD],31.55444444,-110.1419444,LSPUWD,USGS,GW,9.31,null,null,1,USGS,m,2,S,S,A,72019,5/18/2012,no,5873
3.13316E+14,D-22-22 06AAB [LSPUWD],31.55444444,-110.1419444,LSPUWD,USGS,GW,9.46,null,null,1,USGS,m,2,S,V,A,72019,1/8/2013,no,5874
3.13316E+14,D-22-22 06AAB [LSPUWD],31.55444444,-110.1419444,LSPUWD,USGS,GW,9.41,null,null,1,USGS,m,2,S,V,A,72019,2/6/2013,no,5875
3.13316E+14,D-22-22 06AAB [LSPUWD],31.55444444,-110.1419444,LSPUWD,USGS,GW,9.33,null,null,1,USGS,m,2,S,V,A,72019,3/20/2013,no,5876
3.13316E+14,D-22-22 06AAB [LSPUWD],31.55444444,-110.1419444,LSPUWD,USGS,GW,9.51,null,null,1,USGS,m,2,S,V,A,72019,4/24/2013,no,5877
3.13316E+14,D-22-22 06AAB [LSPUWD],31.55444444,-110.1419444,LSPUWD,USGS,GW,9.77,null,null,1,USGS,m,2,S,T,A,72019,5/21/2013,no,5878
3.13316E+14,D-22-22 06AAB [LSPUWD],31.55444444,-110.1419444,LSPUWD,USGS,GW,9.53,null,null,1,USGS,m,2,S,V,A,72019,8/15/2013,no,5879
3.13316E+14,D-22-22 06AAB [LSPUWD],31.55444444,-110.1419444,LSPUWD,USGS,GW,9.7,null,null,1,USGS,m,2,S,T,A,72019,12/16/2013,no,5880
3.13316E+14,D-22-22 06AAB [LSPUWD],31.55444444,-110.1419444,LSPUWD,USGS,GW,9.7,null,null,1,USGS,m,2,S,T,A,72019,12/17/2013,no,5881
3.13316E+14,D-22-22 06AAB [LSPUWD],31.55444444,-110.1419444,LSPUWD,USGS,GW,9.7,null,null,1,USGS,m,2,S,T,A,72019,4/17/2014,no,5882
3.13316E+14,D-22-22 06AAB [LSPUWD],31.55444444,-110.1419444,LSPUWD,USGS,GW,10.05,null,null,1,USGS,m,2,S,T,A,72019,7/9/2014,no,5883
3.13316E+14,D-22-22 06AAB [LSPUWD],31.55444444,-110.1419444,LSPUWD,USGS,GW,10.08,null,null,1,USGS,m,2,S,T,A,72019,1/15/2015,no,5884
3.13316E+14,D-22-22 06AAB [LSPUWD],31.55444444,-110.1419444,LSPUWD,USGS,GW,10.31,null,null,1,USGS,m,2,S,T,A,72019,4/27/2015,no,5885
3.13316E+14,D-22-22 06AAB [LSPUWD],31.55444444,-110.1419444,LSPUWD,USGS,GW,10.76,null,null,1,USGS,m,2,S,T,A,72019,7/24/2015,no,5886
3.13316E+14,D-22-22 06AAB [LSPUWD],31.55444444,-110.1419444,LSPUWD,USGS,GW,10.34,null,null,1,USGS,m,2,S,V,A,72019,11/19/2015,no,5887
3.13316E+14,D-22-22 06AAB [LSPUWD],31.55444444,-110.1419444,LSPUWD,USGS,GW,10.17,null,null,1,USGS,m,2,S,V,A,72019,2/11/2016,no,5888
3.13316E+14,D-22-22 06AAB [LSPUWD],31.55444444,-110.1419444,LSPUWD,USGS,GW,10.56,null,null,1,USGS,m,2,S,V,A,72019,5/12/2016,no,5889
3.13316E+14,D-22-22 06AAB [LSPUWD],31.55444444,-110.1419444,LSPUWD,USGS,GW,10.23,null,null,1,USGS,m,2,S,V,A,72019,8/17/2016,no,5890
3.13316E+14,D-22-22 06AAB [LSPUWD],31.55444444,-110.1419444,LSPUWD,USGS,GW,10.66,null,null,1,USGS,m,2,S,V,A,72019,11/16/2016,no,5891
3.13316E+14,D-22-22 06AAB [LSPUWD],31.55444444,-110.1419444,LSPUWD,USGS,GW,10.98,null,null,1,USGS,m,2,S,V,A,72019,7/9/2021,no,5892
3.13316E+14,D-22-22 06AAB [LSPUWD],31.55444444,-110.1419444,LSPUWD,USGS,GW,10.19,null,null,1,USGS,m,2,S,V,A,72019,12/14/2021,no,5893
3.13316E+14,D-22-22 06AAB [LSPUWD],31.55444444,-110.1419444,LSPUWD,USGS,GW,10.02,null,null,1,USGS,m,2,S,V,A,72019,4/5/2022,no,5894
3.13316E+14,D-22-22 06AAB [LSPUWD],31.55444444,-110.1419444,LSPUWD,USGS,GW,10.86,null,null,1,USGS,m,2,S,V,A,72019,6/27/2022,no,5895
3.13638E+14,D-21-21 13BAC1 [MOSWAS],31.61073889,-110.1671056,MOSWAS,USGS,GW,8.81,null,null,1,USGS,m,2,S,V,A,72019,11/5/2014,no,5896
3.13508E+14,D-21-22 19CDB2 [CLRSUD],31.5857333,-110.1497172,CLRSUD,USGS,GW,15.41,null,null,1,USGS,m,2,S,V,A,72019,10/20/2016,no,5897
3.13738E+14,D-21-21 02DDC [CHB-LI],31.62744444,-110.1753944,CHB-LI,USGS,GW,5.37,null,null,1,null,m,2,null,O,A,72019,4/9/2007,no,5899
3.13638E+14,D-21-21 13BAC1 [MOSWAS],31.61073889,-110.1671056,MOSWAS,USGS,GW,8.66,null,null,1,USGS,m,2,S,V,A,72019,1/15/2015,no,5900
3.13508E+14,D-21-22 19CDB2 [CLRSUD],31.5857333,-110.1497172,CLRSUD,USGS,GW,14.78,null,null,1,USGS,m,2,S,V,A,72019,1/18/2017,no,5901
3.13738E+14,D-21-21 02DDC [CHB-LI],31.62744444,-110.1753944,CHB-LI,USGS,GW,5.57,null,null,1,USGS,m,2,S,T,A,72019,5/3/2007,no,5903
3.13638E+14,D-21-21 13BAC1 [MOSWAS],31.61073889,-110.1671056,MOSWAS,USGS,GW,9.59,null,null,1,USGS,m,2,S,V,A,72019,4/16/2015,no,5904
3.13643E+14,D-21-21 13BAB1 [MOSLNS],31.6119,-110.1674778,MOSLNS,USGS,GW,4.81,null,null,1,null,m,2,null,O,A,72019,12/19/2007,no,5905
3.13508E+14,D-21-22 19CDB2 [CLRSUD],31.5857333,-110.1497172,CLRSUD,USGS,GW,14.72,null,null,1,USGS,m,2,S,V,A,72019,4/26/2017,no,5906
3.13738E+14,D-21-21 02DDC [CHB-LI],31.62744444,-110.1753944,CHB-LI,USGS,GW,5.66,null,null,1,null,m,2,null,O,A,72019,5/8/2007,no,5908
3.13643E+14,D-21-21 13BAB1 [MOSLNS],31.6119,-110.1674778,MOSLNS,USGS,GW,4.72,null,null,1,null,m,2,null,O,A,72019,1/29/2008,no,5909
3.13638E+14,D-21-21 13BAC1 [MOSWAS],31.61073889,-110.1671056,MOSWAS,USGS,GW,11.01,null,null,1,USGS,m,2,S,V,A,72019,7/15/2015,no,5910
3.13738E+14,D-21-21 02DDC [CHB-LI],31.62744444,-110.1753944,CHB-LI,USGS,GW,6.18,null,null,1,null,m,2,null,O,A,72019,6/12/2007,no,5912
3.13643E+14,D-21-21 13BAB1 [MOSLNS],31.6119,-110.1674778,MOSLNS,USGS,GW,4.76,null,null,1,null,m,2,null,O,A,72019,2/26/2008,no,5913
3.13508E+14,D-21-22 19CDB2 [CLRSUD],31.5857333,-110.1497172,CLRSUD,USGS,GW,15.59,null,null,1,USGS,m,2,S,V,A,72019,6/28/2017,no,5914
3.13638E+14,D-21-21 13BAC1 [MOSWAS],31.61073889,-110.1671056,MOSWAS,USGS,GW,9.92,null,null,1,USGS,m,2,S,V,A,72019,10/6/2015,no,5915
3.13738E+14,D-21-21 02DDC [CHB-LI],31.62744444,-110.1753944,CHB-LI,USGS,GW,6.46,null,null,1,USGS,m,2,S,T,A,72019,6/22/2007,no,5917
3.13643E+14,D-21-21 13BAB1 [MOSLNS],31.6119,-110.1674778,MOSLNS,USGS,GW,4.74,null,null,1,null,m,2,null,O,A,72019,3/27/2008,no,5918
3.13508E+14,D-21-22 19CDB2 [CLRSUD],31.5857333,-110.1497172,CLRSUD,USGS,GW,15.68,null,null,1,USGS,m,2,S,V,A,72019,10/16/2017,no,5919
3.13638E+14,D-21-21 13BAC1 [MOSWAS],31.61073889,-110.1671056,MOSWAS,USGS,GW,8.63,null,null,1,USGS,m,2,S,V,A,72019,1/15/2016,no,5920
3.13738E+14,D-21-21 02DDC [CHB-LI],31.62744444,-110.1753944,CHB-LI,USGS,GW,4.52,null,null,1,USGS,m,2,S,T,A,72019,8/13/2007,no,5922
3.13643E+14,D-21-21 13BAB1 [MOSLNS],31.6119,-110.1674778,MOSLNS,USGS,GW,4.94,null,null,1,null,m,2,null,O,A,72019,4/25/2008,no,5923
3.13638E+14,D-21-21 13BAC1 [MOSWAS],31.61073889,-110.1671056,MOSWAS,USGS,GW,9.57,null,null,1,USGS,m,2,S,V,A,72019,4/20/2016,no,5924
3.13738E+14,D-21-21 02DDC [CHB-LI],31.62744444,-110.1753944,CHB-LI,USGS,GW,6.38,null,null,1,null,m,2,null,O,A,72019,10/23/2007,no,5925
3.13508E+14,D-21-22 19CDB2 [CLRSUD],31.5857333,-110.1497172,CLRSUD,USGS,GW,15.02,null,null,1,USGS,m,2,S,V,A,72019,1/9/2018,no,5926
3.13643E+14,D-21-21 13BAB1 [MOSLNS],31.6119,-110.1674778,MOSLNS,USGS,GW,5.24,null,null,1,null,m,2,null,O,A,72019,7/3/2008,no,5928
3.13638E+14,D-21-21 13BAC1 [MOSWAS],31.61073889,-110.1671056,MOSWAS,USGS,GW,11.58,null,null,1,USGS,m,2,S,V,A,72019,6/28/2016,no,5929
3.13738E+14,D-21-21 02DDC [CHB-LI],31.62744444,-110.1753944,CHB-LI,USGS,GW,6.27,null,null,1,USGS,m,2,S,T,A,72019,11/8/2007,no,5930
3.13508E+14,D-21-22 19CDB2 [CLRSUD],31.5857333,-110.1497172,CLRSUD,USGS,GW,14.59,null,null,1,USGS,m,2,S,V,A,72019,4/18/2018,no,5932
3.13643E+14,D-21-21 13BAB1 [MOSLNS],31.6119,-110.1674778,MOSLNS,USGS,GW,4.81,null,null,1,null,m,2,null,O,A,72019,11/25/2008,no,5933
3.13638E+14,D-21-21 13BAC1 [MOSWAS],31.61073889,-110.1671056,MOSWAS,USGS,GW,10.43,null,null,1,USGS,m,2,S,V,A,72019,10/20/2016,no,5934
3.13738E+14,D-21-21 02DDC [CHB-LI],31.62744444,-110.1753944,CHB-LI,USGS,GW,5.59,null,null,1,USGS,m,2,S,T,A,72019,2/19/2008,no,5935
3.13508E+14,D-21-22 19CDB2 [CLRSUD],31.5857333,-110.1497172,CLRSUD,USGS,GW,15.38,null,null,1,USGS,m,2,S,V,A,72019,6/21/2018,no,5937
3.13643E+14,D-21-21 13BAB1 [MOSLNS],31.6119,-110.1674778,MOSLNS,USGS,GW,4.76,null,null,1,null,m,2,null,O,A,72019,1/27/2009,no,5938
3.13638E+14,D-21-21 13BAC1 [MOSWAS],31.61073889,-110.1671056,MOSWAS,USGS,GW,8.99,null,null,1,USGS,m,2,S,V,A,72019,1/19/2017,no,5939
3.13738E+14,D-21-21 02DDC [CHB-LI],31.62744444,-110.1753944,CHB-LI,USGS,GW,5.59,null,null,1,null,m,2,null,O,A,72019,2/25/2008,no,5940
3.13508E+14,D-21-22 19CDB2 [CLRSUD],31.5857333,-110.1497172,CLRSUD,USGS,GW,15.35,null,null,1,USGS,m,2,S,V,A,72019,10/26/2018,no,5942
3.13643E+14,D-21-21 13BAB1 [MOSLNS],31.6119,-110.1674778,MOSLNS,USGS,GW,4.82,null,null,1,null,m,2,null,O,A,72019,3/23/2009,no,5943
3.13638E+14,D-21-21 13BAC1 [MOSWAS],31.61073889,-110.1671056,MOSWAS,USGS,GW,10.32,null,null,1,USGS,m,2,S,V,A,72019,4/26/2017,no,5944
3.13738E+14,D-21-21 02DDC [CHB-LI],31.62744444,-110.1753944,CHB-LI,USGS,GW,6.3,null,null,1,USGS,m,2,S,T,A,72019,5/20/2008,no,5945
3.13508E+14,D-21-22 19CDB2 [CLRSUD],31.5857333,-110.1497172,CLRSUD,USGS,GW,14.57,null,null,1,USGS,m,2,S,V,A,72019,2/6/2019,no,5947
3.13643E+14,D-21-21 13BAB1 [MOSLNS],31.6119,-110.1674778,MOSLNS,USGS,GW,5.19,null,null,1,null,m,2,null,O,A,72019,5/20/2009,no,5948
3.13638E+14,D-21-21 13BAC1 [MOSWAS],31.61073889,-110.1671056,MOSWAS,USGS,GW,12.23,null,null,1,USGS,m,2,S,V,A,72019,6/28/2017,no,5949
3.13738E+14,D-21-21 02DDC [CHB-LI],31.62744444,-110.1753944,CHB-LI,USGS,GW,4.9,null,null,1,USGS,m,2,S,T,A,72019,9/3/2008,no,5950
3.13508E+14,D-21-22 19CDB2 [CLRSUD],31.5857333,-110.1497172,CLRSUD,USGS,GW,14.32,null,null,1,USGS,m,2,S,V,A,72019,4/18/2019,no,5952
3.13643E+14,D-21-21 13BAB1 [MOSLNS],31.6119,-110.1674778,MOSLNS,USGS,GW,5.34,null,null,1,null,m,2,null,O,A,72019,7/2/2009,no,5953
3.13638E+14,D-21-21 13BAC1 [MOSWAS],31.61073889,-110.1671056,MOSWAS,USGS,GW,11.81,null,null,1,USGS,m,2,S,V,A,72019,10/16/2017,no,5954
3.13738E+14,D-21-21 02DDC [CHB-LI],31.62744444,-110.1753944,CHB-LI,USGS,GW,5.58,null,null,1,USGS,m,2,S,T,A,72019,11/5/2008,no,5955
3.13508E+14,D-21-22 19CDB2 [CLRSUD],31.5857333,-110.1497172,CLRSUD,USGS,GW,15.27,null,null,1,USGS,m,2,S,V,A,72019,6/27/2019,no,5957
3.13643E+14,D-21-21 13BAB1 [MOSLNS],31.6119,-110.1674778,MOSLNS,USGS,GW,4.88,null,null,1,null,m,2,null,O,A,72019,2/9/2010,no,5958
3.13638E+14,D-21-21 13BAC1 [MOSWAS],31.61073889,-110.1671056,MOSWAS,USGS,GW,10.05,null,null,1,USGS,m,2,S,V,A,72019,1/9/2018,no,5959
3.13643E+14,D-21-21 13BAB1 [MOSLNS],31.6119,-110.1674778,MOSLNS,USGS,GW,4.84,null,null,1,null,m,2,null,O,A,72019,3/30/2010,no,5960
3.13738E+14,D-21-21 02DDC [CHB-LI],31.62744444,-110.1753944,CHB-LI,USGS,GW,5.1,null,null,1,USGS,m,2,S,T,A,72019,3/5/2009,no,5961
3.13643E+14,D-21-21 13BAB1 [MOSLNS],31.6119,-110.1674778,MOSLNS,USGS,GW,5.08,null,null,1,null,m,2,null,O,A,72019,5/4/2010,no,5962
3.13508E+14,D-21-22 19CDB2 [CLRSUD],31.5857333,-110.1497172,CLRSUD,USGS,GW,15.57,null,null,1,USGS,m,2,S,V,A,72019,10/25/2019,no,5964
3.13638E+14,D-21-21 13BAC1 [MOSWAS],31.61073889,-110.1671056,MOSWAS,USGS,GW,10.65,null,null,1,USGS,m,2,S,V,A,72019,4/18/2018,no,5965
3.13508E+14,D-21-22 19CDB2 [CLRSUD],31.5857333,-110.1497172,CLRSUD,USGS,GW,14.65,null,null,1,USGS,m,2,S,V,A,72019,1/9/2020,no,5967
3.13738E+14,D-21-21 02DDC [CHB-LI],31.62744444,-110.1753944,CHB-LI,USGS,GW,5,null,null,1,USGS,m,2,S,T,A,72019,3/6/2009,no,5968
3.13643E+14,D-21-21 13BAB1 [MOSLNS],31.6119,-110.1674778,MOSLNS,USGS,GW,5.59,null,null,1,null,m,2,null,O,A,72019,6/28/2010,no,5969
3.13638E+14,D-21-21 13BAC1 [MOSWAS],31.61073889,-110.1671056,MOSWAS,USGS,GW,12.18,null,null,1,USGS,m,2,S,V,A,72019,6/22/2018,no,5970
3.13508E+14,D-21-22 19CDB2 [CLRSUD],31.5857333,-110.1497172,CLRSUD,USGS,GW,14.4,null,null,1,USGS,m,2,S,V,A,72019,4/9/2020,no,5972
3.13738E+14,D-21-21 02DDC [CHB-LI],31.62744444,-110.1753944,CHB-LI,USGS,GW,6.29,null,null,1,USGS,m,2,S,T,A,72019,6/2/2009,no,5973
3.13643E+14,D-21-21 13BAB1 [MOSLNS],31.6119,-110.1674778,MOSLNS,USGS,GW,4.91,null,null,1,null,m,2,null,O,A,72019,7/28/2010,no,5974
3.13638E+14,D-21-21 13BAC1 [MOSWAS],31.61073889,-110.1671056,MOSWAS,USGS,GW,10.93,null,null,1,USGS,m,2,S,V,A,72019,10/26/2018,no,5975
3.13508E+14,D-21-22 19CDB2 [CLRSUD],31.5857333,-110.1497172,CLRSUD,USGS,GW,15.37,null,null,1,USGS,m,2,S,V,A,72019,6/23/2020,no,5977
3.13738E+14,D-21-21 02DDC [CHB-LI],31.62744444,-110.1753944,CHB-LI,USGS,GW,7.12,null,null,1,USGS,m,2,S,T,A,72019,9/4/2009,no,5978
3.13643E+14,D-21-21 13BAB1 [MOSLNS],31.6119,-110.1674778,MOSLNS,USGS,GW,5.56,null,null,1,null,m,2,null,O,A,72019,11/30/2010,no,5979
3.13638E+14,D-21-21 13BAC1 [MOSWAS],31.61073889,-110.1671056,MOSWAS,USGS,GW,10.01,null,null,1,USGS,m,2,S,V,A,72019,2/7/2019,no,5980
3.13508E+14,D-21-22 19CDB2 [CLRSUD],31.5857333,-110.1497172,CLRSUD,USGS,GW,16.31,null,null,1,USGS,m,2,S,V,A,72019,10/7/2020,no,5981
3.13738E+14,D-21-21 02DDC [CHB-LI],31.62744444,-110.1753944,CHB-LI,USGS,GW,6.02,null,null,1,USGS,m,2,S,T,A,72019,12/7/2009,no,5982
3.13643E+14,D-21-21 13BAB1 [MOSLNS],31.6119,-110.1674778,MOSLNS,USGS,GW,5.51,null,null,1,null,m,2,null,O,A,72019,12/22/2010,no,5983
3.13638E+14,D-21-21 13BAC1 [MOSWAS],31.61073889,-110.1671056,MOSWAS,USGS,GW,10.32,null,null,1,USGS,m,2,S,V,A,72019,4/18/2019,no,5984
3.13508E+14,D-21-22 19CDB2 [CLRSUD],31.5857333,-110.1497172,CLRSUD,USGS,GW,15.64,null,null,1,USGS,m,2,S,V,A,72019,2/10/2021,no,5985
3.13738E+14,D-21-21 02DDC [CHB-LI],31.62744444,-110.1753944,CHB-LI,USGS,GW,5.5,null,null,1,USGS,m,2,S,T,A,72019,3/15/2010,no,5986
3.13638E+14,D-21-21 13BAC1 [MOSWAS],31.61073889,-110.1671056,MOSWAS,USGS,GW,12.32,null,null,1,USGS,m,2,S,V,A,72019,6/27/2019,no,5987
3.13508E+14,D-21-22 19CDB2 [CLRSUD],31.5857333,-110.1497172,CLRSUD,USGS,GW,15.52,null,null,1,USGS,m,2,S,V,A,72019,4/8/2021,no,5988
3.13738E+14,D-21-21 02DDC [CHB-LI],31.62744444,-110.1753944,CHB-LI,USGS,GW,5.94,null,null,1,USGS,m,2,S,T,A,72019,5/17/2010,no,5989
3.13638E+14,D-21-21 13BAC1 [MOSWAS],31.61073889,-110.1671056,MOSWAS,USGS,GW,11.92,null,null,1,USGS,m,2,S,V,A,72019,10/24/2019,no,5990
3.13508E+14,D-21-22 19CDB2 [CLRSUD],31.5857333,-110.1497172,CLRSUD,USGS,GW,16.23,null,null,1,USGS,m,2,S,V,A,72019,6/29/2021,no,5991
3.13738E+14,D-21-21 02DDC [CHB-LI],31.62744444,-110.1753944,CHB-LI,USGS,GW,5.89,null,null,1,USGS,m,2,S,T,A,72019,9/27/2010,no,5992
3.13508E+14,D-21-22 19CDB2 [CLRSUD],31.5857333,-110.1497172,CLRSUD,USGS,GW,15.77,null,null,1,USGS,m,2,S,V,A,72019,10/20/2021,no,5993
3.13638E+14,D-21-21 13BAC1 [MOSWAS],31.61073889,-110.1671056,MOSWAS,USGS,GW,10.16,null,null,1,USGS,m,2,S,V,A,72019,1/9/2020,no,5994
3.13738E+14,D-21-21 02DDC [CHB-LI],31.62744444,-110.1753944,CHB-LI,USGS,GW,6.11,null,null,1,USGS,m,2,S,T,A,72019,11/24/2010,no,5995
3.13638E+14,D-21-21 13BAC1 [MOSWAS],31.61073889,-110.1671056,MOSWAS,USGS,GW,10.24,null,null,1,USGS,m,2,S,V,A,72019,4/9/2020,no,5996
3.13508E+14,D-21-22 19CDB2 [CLRSUD],31.5857333,-110.1497172,CLRSUD,USGS,GW,15.37,null,null,1,USGS,m,2,S,V,A,72019,2/2/2022,no,5997
3.13738E+14,D-21-21 02DDC [CHB-LI],31.62744444,-110.1753944,CHB-LI,USGS,GW,5.63,null,null,1,USGS,m,2,S,T,A,72019,3/9/2011,no,5998
3.13508E+14,D-21-22 19CDB2 [CLRSUD],31.5857333,-110.1497172,CLRSUD,USGS,GW,15.26,null,null,1,USGS,m,2,S,V,A,72019,4/6/2022,no,5999
3.13508E+14,D-21-22 19CDB2 [CLRSUD],31.5857333,-110.1497172,CLRSUD,USGS,GW,15.85,null,null,1,USGS,m,2,S,V,A,72019,6/27/2022,no,6000
3.14511E+14,D-19-21 28ACD [TOM-LI],31.75269444,-110.2024111,TOM-LI,USGS,GW,6.85,null,null,1,USGS,m,2,S,T,A,72019,12/5/2008,no,6001
3.14511E+14,D-19-21 28ACD [TOM-LI],31.75269444,-110.2024111,TOM-LI,USGS,GW,6.64,null,null,1,USGS,m,2,S,T,A,72019,3/12/2009,no,6002
3.14511E+14,D-19-21 28ACD [TOM-LI],31.75269444,-110.2024111,TOM-LI,USGS,GW,6.8,null,null,1,USGS,m,2,S,T,A,72019,4/24/2009,no,6003
3.14511E+14,D-19-21 28ACD [TOM-LI],31.75269444,-110.2024111,TOM-LI,USGS,GW,12.45,null,null,1,USGS,m,2,S,T,A,72019,6/9/2009,no,6004
3.14511E+14,D-19-21 28ACD [TOM-LI],31.75269444,-110.2024111,TOM-LI,USGS,GW,15.85,null,null,1,USGS,m,2,S,T,A,72019,1/7/2010,no,6005
3.14511E+14,D-19-21 28ACD [TOM-LI],31.75269444,-110.2024111,TOM-LI,USGS,GW,10.82,null,null,1,USGS,m,2,S,T,A,72019,2/25/2010,no,6006
3.14511E+14,D-19-21 28ACD [TOM-LI],31.75269444,-110.2024111,TOM-LI,USGS,GW,10.1,null,null,1,USGS,m,2,S,T,A,72019,4/14/2010,no,6007
3.14511E+14,D-19-21 28ACD [TOM-LI],31.75269444,-110.2024111,TOM-LI,USGS,GW,15.85,null,null,1,USGS,m,2,S,T,A,72019,6/25/2010,no,6008
3.14511E+14,D-19-21 28ACD [TOM-LI],31.75269444,-110.2024111,TOM-LI,USGS,GW,14.42,null,null,1,USGS,m,2,S,T,A,72019,8/12/2010,no,6009
3.14511E+14,D-19-21 28ACD [TOM-LI],31.75269444,-110.2024111,TOM-LI,USGS,GW,7.48,null,null,1,USGS,m,2,S,T,A,72019,9/16/2010,no,6010
3.14511E+14,D-19-21 28ACD [TOM-LI],31.75269444,-110.2024111,TOM-LI,USGS,GW,12.31,null,null,1,USGS,m,2,S,T,A,72019,10/20/2010,no,6011
3.14511E+14,D-19-21 28ACD [TOM-LI],31.75269444,-110.2024111,TOM-LI,USGS,GW,14.55,null,null,1,USGS,m,2,S,T,A,72019,11/23/2010,no,6012
3.14511E+14,D-19-21 28ACD [TOM-LI],31.75269444,-110.2024111,TOM-LI,USGS,GW,9.55,null,null,1,USGS,m,2,S,T,A,72019,12/14/2010,no,6013
3.14511E+14,D-19-21 28ACD [TOM-LI],31.75269444,-110.2024111,TOM-LI,USGS,GW,7.15,null,null,1,USGS,m,2,S,T,A,72019,3/3/2011,no,6014
3.14511E+14,D-19-21 28ACD [TOM-LI],31.75269444,-110.2024111,TOM-LI,USGS,GW,6.88,null,null,1,USGS,m,2,S,T,A,72019,3/25/2011,no,6015
3.14511E+14,D-19-21 28ACD [TOM-LI],31.75269444,-110.2024111,TOM-LI,USGS,GW,6.86,null,null,1,USGS,m,2,S,T,A,72019,4/21/2011,no,6016
3.14511E+14,D-19-21 28ACD [TOM-LI],31.75269444,-110.2024111,TOM-LI,USGS,GW,11.82,null,null,1,USGS,m,2,S,T,A,72019,6/2/2011,no,6017
3.14511E+14,D-19-21 28ACD [TOM-LI],31.75269444,-110.2024111,TOM-LI,USGS,GW,16.85,null,null,1,USGS,m,2,S,T,A,72019,7/14/2011,no,6018
3.14511E+14,D-19-21 28ACD [TOM-LI],31.75269444,-110.2024111,TOM-LI,USGS,GW,8.8,null,null,1,USGS,m,2,S,V,A,72019,3/26/2012,no,6019
3.14511E+14,D-19-21 28ACD [TOM-LI],31.75269444,-110.2024111,TOM-LI,USGS,GW,8.34,null,null,1,USGS,m,2,S,V,A,72019,9/13/2012,no,6020
3.14511E+14,D-19-21 28ACD [TOM-LI],31.75269444,-110.2024111,TOM-LI,USGS,GW,12.1,null,null,1,USGS,m,2,S,V,A,72019,5/30/2013,no,6021
3.14511E+14,D-19-21 28ACD [TOM-LI],31.75269444,-110.2024111,TOM-LI,USGS,GW,16.51,null,null,1,USGS,m,2,S,V,A,72019,7/2/2013,no,6022
3.14511E+14,D-19-21 28ACD [TOM-LI],31.75269444,-110.2024111,TOM-LI,USGS,GW,16.56,null,null,1,USGS,m,2,S,V,A,72019,7/3/2013,no,6023
3.14511E+14,D-19-21 28ACD [TOM-LI],31.75269444,-110.2024111,TOM-LI,USGS,GW,11.07,null,null,1,USGS,m,2,S,V,A,72019,10/31/2013,no,6024
3.14511E+14,D-19-21 28ACD [TOM-LI],31.75269444,-110.2024111,TOM-LI,USGS,GW,6.98,null,null,1,USGS,m,2,S,V,A,72019,1/9/2014,no,6025
3.14511E+14,D-19-21 28ACD [TOM-LI],31.75269444,-110.2024111,TOM-LI,USGS,GW,6.47,null,null,1,USGS,m,2,S,V,A,72019,4/4/2014,no,6026
3.14511E+14,D-19-21 28ACD [TOM-LI],31.75269444,-110.2024111,TOM-LI,USGS,GW,15.79,null,null,1,USGS,m,2,S,V,A,72019,6/26/2014,no,6027
3.14511E+14,D-19-21 28ACD [TOM-LI],31.75269444,-110.2024111,TOM-LI,USGS,GW,6.38,null,null,1,USGS,m,2,S,V,A,72019,11/6/2014,no,6028
3.14511E+14,D-19-21 28ACD [TOM-LI],31.75269444,-110.2024111,TOM-LI,USGS,GW,6.47,null,null,1,USGS,m,2,S,V,A,72019,1/16/2015,no,6029
3.14511E+14,D-19-21 28ACD [TOM-LI],31.75269444,-110.2024111,TOM-LI,USGS,GW,6.43,null,null,1,USGS,m,2,S,V,A,72019,4/17/2015,no,6030
3.14511E+14,D-19-21 28ACD [TOM-LI],31.75269444,-110.2024111,TOM-LI,USGS,GW,12.58,null,null,1,USGS,m,2,S,V,A,72019,7/15/2015,no,6031
3.14511E+14,D-19-21 28ACD [TOM-LI],31.75269444,-110.2024111,TOM-LI,USGS,GW,6.9,null,null,1,USGS,m,2,S,V,A,72019,10/8/2015,no,6032
3.14511E+14,D-19-21 28ACD [TOM-LI],31.75269444,-110.2024111,TOM-LI,USGS,GW,7.47,null,null,1,USGS,m,2,S,V,A,72019,1/21/2016,no,6033
3.14511E+14,D-19-21 28ACD [TOM-LI],31.75269444,-110.2024111,TOM-LI,USGS,GW,7.5,null,null,1,USGS,m,2,S,V,A,72019,1/22/2016,no,6034
3.14511E+14,D-19-21 28ACD [TOM-LI],31.75269444,-110.2024111,TOM-LI,USGS,GW,7.34,null,null,1,USGS,m,2,S,V,A,72019,4/21/2016,no,6035
3.14511E+14,D-19-21 28ACD [TOM-LI],31.75269444,-110.2024111,TOM-LI,USGS,GW,15.33,null,null,1,USGS,m,2,S,V,A,72019,6/28/2016,no,6036
3.14511E+14,D-19-21 28ACD [TOM-LI],31.75269444,-110.2024111,TOM-LI,USGS,GW,14.73,null,null,1,USGS,m,2,S,V,A,72019,10/20/2016,no,6037
3.14511E+14,D-19-21 28ACD [TOM-LI],31.75269444,-110.2024111,TOM-LI,USGS,GW,9.29,null,null,1,USGS,m,2,S,V,A,72019,1/19/2017,no,6038
3.14511E+14,D-19-21 28ACD [TOM-LI],31.75269444,-110.2024111,TOM-LI,USGS,GW,10.54,null,null,1,USGS,m,2,S,V,A,72019,4/26/2017,no,6039
3.14511E+14,D-19-21 28ACD [TOM-LI],31.75269444,-110.2024111,TOM-LI,USGS,GW,16.33,null,null,1,USGS,m,2,S,V,A,72019,10/17/2017,no,6040
3.14511E+14,D-19-21 28ACD [TOM-LI],31.75269444,-110.2024111,TOM-LI,USGS,GW,9.91,null,null,1,USGS,m,2,S,V,A,72019,1/12/2018,no,6041
3.14511E+14,D-19-21 28ACD [TOM-LI],31.75269444,-110.2024111,TOM-LI,USGS,GW,6.89,null,null,1,USGS,m,2,S,V,A,72019,4/19/2018,no,6042
3.14511E+14,D-19-21 28ACD [TOM-LI],31.75269444,-110.2024111,TOM-LI,USGS,GW,16.08,null,null,1,USGS,m,2,S,V,A,72019,6/20/2018,no,6043
3.14511E+14,D-19-21 28ACD [TOM-LI],31.75269444,-110.2024111,TOM-LI,USGS,GW,16.33,null,null,1,USGS,m,2,S,V,A,72019,10/24/2018,no,6044
3.14511E+14,D-19-21 28ACD [TOM-LI],31.75269444,-110.2024111,TOM-LI,USGS,GW,7.51,null,null,1,USGS,m,2,S,V,A,72019,2/8/2019,no,6045
3.14511E+14,D-19-21 28ACD [TOM-LI],31.75269444,-110.2024111,TOM-LI,USGS,GW,6.52,null,null,1,USGS,m,2,S,V,A,72019,4/15/2019,no,6046
3.14511E+14,D-19-21 28ACD [TOM-LI],31.75269444,-110.2024111,TOM-LI,USGS,GW,15.23,null,null,1,USGS,m,2,S,V,A,72019,6/28/2019,no,6047
3.14511E+14,D-19-21 28ACD [TOM-LI],31.75269444,-110.2024111,TOM-LI,USGS,GW,16.21,null,null,1,USGS,m,2,S,V,A,72019,10/22/2019,no,6048
3.14511E+14,D-19-21 28ACD [TOM-LI],31.75269444,-110.2024111,TOM-LI,USGS,GW,7.03,null,null,1,USGS,m,2,S,V,A,72019,1/10/2020,no,6049
3.14511E+14,D-19-21 28ACD [TOM-LI],31.75269444,-110.2024111,TOM-LI,USGS,GW,6.07,null,null,1,USGS,m,2,S,V,A,72019,4/9/2020,no,6050
3.14511E+14,D-19-21 28ACD [TOM-LI],31.75269444,-110.2024111,TOM-LI,USGS,GW,13.85,null,null,1,USGS,m,2,S,V,A,72019,6/23/2020,no,6051
3.14511E+14,D-19-21 28ACD [TOM-LI],31.75269444,-110.2024111,TOM-LI,USGS,GW,11.21,null,null,1,USGS,m,2,S,V,A,72019,4/6/2021,no,6052
3.14511E+14,D-19-21 28ACD [TOM-LI],31.75269444,-110.2024111,TOM-LI,USGS,GW,12.98,null,null,1,USGS,m,2,S,V,A,72019,10/21/2021,no,6053
3.14511E+14,D-19-21 28ACD [TOM-LI],31.75269444,-110.2024111,TOM-LI,USGS,GW,7.33,null,null,1,USGS,m,2,S,V,A,72019,2/4/2022,no,6054
3.14511E+14,D-19-21 28ACD [TOM-LI],31.75269444,-110.2024111,TOM-LI,USGS,GW,6.45,null,null,1,USGS,m,2,S,V,A,72019,4/6/2022,no,6055
3.14511E+14,D-19-21 28ACD [TOM-LI],31.75269444,-110.2024111,TOM-LI,USGS,GW,17.05,null,null,1,USGS,m,2,S,V,A,72019,6/28/2022,no,6056
3.14511E+14,D-19-21 28ACD [TOM-LI],31.75269444,-110.2024111,TOM-LI,USGS,GW,13.53,null,null,1,USGS,m,2,S,V,A,72019,10/5/2022,no,6057
3.14511E+14,D-19-21 28ACD [TOM-LI],31.75269444,-110.2024111,TOM-LI,USGS,GW,6.57,null,null,1,USGS,m,2,S,V,A,72019,1/30/2023,no,6058
3.14511E+14,D-19-21 28ACD [TOM-LI],31.75269444,-110.2024111,TOM-LI,USGS,GW,6.45,null,null,1,USGS,m,2,S,V,A,72019,4/26/2023,no,6059
3.14511E+14,D-19-21 28ACD [TOM-LI],31.75269444,-110.2024111,TOM-LI,USGS,GW,13.32,null,null,1,USGS,m,2,S,S,A,72019,6/23/2023,no,6060
3.14511E+14,D-19-21 28ACD [TOM-LI],31.75269444,-110.2024111,TOM-LI,USGS,GW,15.73,null,null,1,USGS,m,2,S,V,A,72019,4/19/2024,no,6061
3.14601E+14,D-19-21 21ACC2 [CONLID],31.7671111,-110.2031917,CONLID,USGS,GW,3.23,null,null,1,null,m,2,null,V,A,72019,9/11/2006,no,6074
3.14601E+14,D-19-21 21ACC2 [CONLID],31.7671111,-110.2031917,CONLID,USGS,GW,4.91,null,null,1,null,m,2,null,V,A,72019,11/3/2006,no,6075
3.14601E+14,D-19-21 21ACC2 [CONLID],31.7671111,-110.2031917,CONLID,USGS,GW,4.87,null,null,1,null,m,2,null,V,A,72019,11/21/2006,no,6076
3.14601E+14,D-19-21 21ACC2 [CONLID],31.7671111,-110.2031917,CONLID,USGS,GW,4.85,null,null,1,null,m,2,null,V,A,72019,12/18/2006,no,6077
3.14601E+14,D-19-21 21ACC2 [CONLID],31.7671111,-110.2031917,CONLID,USGS,GW,4.83,null,null,1,null,m,2,null,V,A,72019,1/17/2007,no,6078
3.14601E+14,D-19-21 21ACC2 [CONLID],31.7671111,-110.2031917,CONLID,USGS,GW,4.81,null,null,1,null,m,2,null,V,A,72019,2/8/2007,no,6079
3.14601E+14,D-19-21 21ACC2 [CONLID],31.7671111,-110.2031917,CONLID,USGS,GW,4.69,null,null,1,null,m,2,null,V,A,72019,3/16/2007,no,6080
3.14601E+14,D-19-21 21ACC2 [CONLID],31.7671111,-110.2031917,CONLID,USGS,GW,4.71,null,null,1,null,m,2,null,V,A,72019,3/26/2007,no,6081
3.14601E+14,D-19-21 21ACC2 [CONLID],31.7671111,-110.2031917,CONLID,USGS,GW,4.76,null,null,1,null,m,2,null,V,A,72019,4/4/2007,no,6082
3.14601E+14,D-19-21 21ACC2 [CONLID],31.7671111,-110.2031917,CONLID,USGS,GW,5.13,null,null,1,null,m,2,null,V,A,72019,5/4/2007,no,6083
3.14601E+14,D-19-21 21ACC2 [CONLID],31.7671111,-110.2031917,CONLID,USGS,GW,9.54,null,null,1,null,m,2,null,V,A,72019,6/4/2007,no,6084
3.14601E+14,D-19-21 21ACC2 [CONLID],31.7671111,-110.2031917,CONLID,USGS,GW,12.19,null,null,1,null,m,2,null,V,A,72019,7/3/2007,no,6085
3.14601E+14,D-19-21 21ACC2 [CONLID],31.7671111,-110.2031917,CONLID,USGS,GW,5.63,null,null,1,null,m,2,null,V,A,72019,8/3/2007,no,6086
3.14601E+14,D-19-21 21ACC2 [CONLID],31.7671111,-110.2031917,CONLID,USGS,GW,6.04,null,null,1,null,m,2,null,V,A,72019,9/5/2007,no,6087
3.14601E+14,D-19-21 21ACC2 [CONLID],31.7671111,-110.2031917,CONLID,USGS,GW,5.67,null,null,1,null,m,2,null,V,A,72019,9/7/2007,no,6088
3.14601E+14,D-19-21 21ACC2 [CONLID],31.7671111,-110.2031917,CONLID,USGS,GW,8,null,null,1,null,m,2,null,V,A,72019,10/5/2007,no,6089
3.14601E+14,D-19-21 21ACC2 [CONLID],31.7671111,-110.2031917,CONLID,USGS,GW,11.11,null,null,1,null,m,2,null,V,A,72019,11/2/2007,no,6090
3.14601E+14,D-19-21 21ACC2 [CONLID],31.7671111,-110.2031917,CONLID,USGS,GW,10.8,null,null,1,null,m,2,null,V,A,72019,12/4/2007,no,6091
3.14601E+14,D-19-21 21ACC2 [CONLID],31.7671111,-110.2031917,CONLID,USGS,GW,6.84,null,null,1,null,m,2,null,V,A,72019,1/2/2008,no,6092
3.14601E+14,D-19-21 21ACC2 [CONLID],31.7671111,-110.2031917,CONLID,USGS,GW,5.7,null,null,1,null,m,2,null,V,A,72019,2/7/2008,no,6093
3.14601E+14,D-19-21 21ACC2 [CONLID],31.7671111,-110.2031917,CONLID,USGS,GW,5.3,null,null,1,null,m,2,null,V,A,72019,3/4/2008,no,6094
3.14601E+14,D-19-21 21ACC2 [CONLID],31.7671111,-110.2031917,CONLID,USGS,GW,5.06,null,null,1,null,m,2,null,V,A,72019,4/2/2008,no,6095
3.14601E+14,D-19-21 21ACC2 [CONLID],31.7671111,-110.2031917,CONLID,USGS,GW,5.3,null,null,1,USGS,m,2,S,V,A,72019,11/7/2008,no,6096
3.14601E+14,D-19-21 21ACC2 [CONLID],31.7671111,-110.2031917,CONLID,USGS,GW,5.18,null,null,1,USGS,m,2,S,V,A,72019,12/5/2008,no,6097
3.14601E+14,D-19-21 21ACC2 [CONLID],31.7671111,-110.2031917,CONLID,USGS,GW,5,null,null,1,USGS,m,2,S,V,A,72019,3/12/2009,no,6098
3.14601E+14,D-19-21 21ACC2 [CONLID],31.7671111,-110.2031917,CONLID,USGS,GW,5.13,null,null,1,USGS,m,2,S,V,A,72019,4/24/2009,no,6099
3.14601E+14,D-19-21 21ACC2 [CONLID],31.7671111,-110.2031917,CONLID,USGS,GW,9.89,null,null,1,USGS,m,2,S,V,A,72019,6/9/2009,no,6100
3.14144E+14,D-20-21 14BCC1 [BOQSUS],31.69561667,-110.1805139,BOQSUS,USGS,GW,28.39,null,null,1,null,m,2,null,O,A,72019,6/25/2010,no,6137
3.14144E+14,D-20-21 14BCC2 [BOQSUD],31.69558889,-110.1805278,BOQSUD,USGS,GW,12.6,null,null,1,USGS,m,2,S,V,A,72019,7/21/2011,no,6174
3.14318E+14,D-20-21 03CAB [FBK-LO],31.7216861,-110.1924889,FBK-LO,USGS,GW,13.89,null,null,1,null,m,2,null,O,A,72019,10/1/2008,no,6177
3.14248E+14,D-20-21 10AAC2 [FBK-UP],31.713525,-110.1837167,FBK-UP,USGS,GW,33.5,null,null,1,null,m,2,null,O,A,72019,10/25/2010,no,6178
3.14317E+14,D-20-21 03CBA [FBK-LI],31.72146944,-110.1933028,FBK-LI,USGS,GW,14.62,null,null,1,null,m,2,null,O,A,72019,11/2/2007,no,6179
3.14736E+14,D-19-21 08DAC1 [SUM-LI],31.7929861,-110.2175806,SUM-LI,USGS,GW,3.71,null,null,1,null,m,2,null,V,A,72019,9/13/2006,yes,6191
3.14736E+14,D-19-21 08DAC1 [SUM-LI],31.7929861,-110.2175806,SUM-LI,USGS,GW,7.41,null,null,1,null,m,2,null,V,A,72019,11/14/2006,yes,6192
3.14736E+14,D-19-21 08DAC1 [SUM-LI],31.7929861,-110.2175806,SUM-LI,USGS,GW,7.34,null,null,1,null,m,2,null,V,A,72019,12/11/2006,yes,6193
3.14736E+14,D-19-21 08DAC1 [SUM-LI],31.7929861,-110.2175806,SUM-LI,USGS,GW,7.3,null,null,1,null,m,2,null,V,A,72019,1/3/2007,yes,6194
3.14736E+14,D-19-21 08DAC1 [SUM-LI],31.7929861,-110.2175806,SUM-LI,USGS,GW,7.28,null,null,1,null,m,2,null,V,A,72019,2/1/2007,yes,6195
3.14736E+14,D-19-21 08DAC1 [SUM-LI],31.7929861,-110.2175806,SUM-LI,USGS,GW,7.31,null,null,1,null,m,2,null,V,A,72019,2/8/2007,yes,6196
3.14736E+14,D-19-21 08DAC1 [SUM-LI],31.7929861,-110.2175806,SUM-LI,USGS,GW,7.3,null,null,1,null,m,2,null,V,A,72019,3/2/2007,yes,6197
3.14736E+14,D-19-21 08DAC1 [SUM-LI],31.7929861,-110.2175806,SUM-LI,USGS,GW,7.2,null,null,1,null,m,2,null,V,A,72019,4/2/2007,yes,6198
3.14736E+14,D-19-21 08DAC1 [SUM-LI],31.7929861,-110.2175806,SUM-LI,USGS,GW,7.41,null,null,1,null,m,2,null,V,A,72019,4/30/2007,yes,6199
3.14736E+14,D-19-21 08DAC1 [SUM-LI],31.7929861,-110.2175806,SUM-LI,USGS,GW,7.54,null,null,1,null,m,2,null,V,A,72019,5/15/2007,yes,6200
3.14736E+14,D-19-21 08DAC1 [SUM-LI],31.7929861,-110.2175806,SUM-LI,USGS,GW,7.73,null,null,1,null,m,2,null,V,A,72019,6/5/2007,yes,6201
3.14736E+14,D-19-21 08DAC1 [SUM-LI],31.7929861,-110.2175806,SUM-LI,USGS,GW,7.97,null,null,1,null,m,2,null,V,A,72019,6/26/2007,yes,6202
3.14736E+14,D-19-21 08DAC1 [SUM-LI],31.7929861,-110.2175806,SUM-LI,USGS,GW,8.21,null,null,1,null,m,2,null,V,A,72019,7/2/2007,yes,6203
3.14736E+14,D-19-21 08DAC1 [SUM-LI],31.7929861,-110.2175806,SUM-LI,USGS,GW,4.73,null,null,1,null,m,2,null,V,A,72019,8/1/2007,yes,6204
3.14736E+14,D-19-21 08DAC1 [SUM-LI],31.7929861,-110.2175806,SUM-LI,USGS,GW,7.82,null,null,1,null,m,2,null,V,A,72019,9/4/2007,yes,6205
3.14124E+14,D-20-21 15DCB1 [BOQ-01],31.68988889,-110.1866389,BOQ-01,USGS,GW,12.11,null,null,1,USGS,m,2,S,V,P,72019,4/17/2024,yes,6206
3.14601E+14,D-19-21 21ACC2 [CONLID],31.7671111,-110.2031917,CONLID,USGS,GW,13.92,null,null,1,USGS,m,2,S,V,A,72019,8/24/2009,no,6207
3.14248E+14,D-20-21 10AAC2 [FBK-UP],31.713525,-110.1837167,FBK-UP,USGS,GW,33.08,null,null,1,null,m,2,null,O,A,72019,12/2/2010,no,6209
3.14601E+14,D-19-21 21ACC2 [CONLID],31.7671111,-110.2031917,CONLID,USGS,GW,16.04,null,null,1,USGS,m,2,S,V,A,72019,10/28/2009,no,6211
3.14318E+14,D-20-21 03CAB [FBK-LO],31.7216861,-110.1924889,FBK-LO,USGS,GW,13.59,null,null,1,null,m,2,null,O,A,72019,11/25/2008,no,6212
3.14144E+14,D-20-21 14BCC1 [BOQSUS],31.69561667,-110.1805139,BOQSUS,USGS,GW,27.59,null,null,1,null,m,2,null,O,A,72019,8/2/2010,no,6213
3.14318E+14,D-20-21 03CAB [FBK-LO],31.7216861,-110.1924889,FBK-LO,USGS,GW,12.86,null,null,1,null,m,2,null,O,A,72019,3/20/2009,no,6214
3.14144E+14,D-20-21 14BCC2 [BOQSUD],31.69558889,-110.1805278,BOQSUD,USGS,GW,12.54,null,null,1,USGS,m,2,S,V,A,72019,7/28/2011,no,6215
3.14317E+14,D-20-21 03CBA [FBK-LI],31.72146944,-110.1933028,FBK-LI,USGS,GW,14.03,null,null,1,null,m,2,null,O,A,72019,12/4/2007,no,6216
3.14601E+14,D-19-21 21ACC2 [CONLID],31.7671111,-110.2031917,CONLID,USGS,GW,16.71,null,null,1,USGS,m,2,S,V,A,72019,11/20/2009,no,6217
3.14248E+14,D-20-21 10AAC2 [FBK-UP],31.713525,-110.1837167,FBK-UP,USGS,GW,32.58,null,null,1,null,m,2,null,O,A,72019,1/13/2011,no,6218
3.14124E+14,D-20-21 15DCB1 [BOQ-01],31.68988889,-110.1866389,BOQ-01,USGS,GW,12.91,null,null,1,USGS,m,2,S,S,P,72019,6/20/2024,yes,6219
3.14144E+14,D-20-21 14BCC1 [BOQSUS],31.69561667,-110.1805139,BOQSUS,USGS,GW,27.62,null,null,1,null,m,2,null,O,A,72019,10/25/2010,no,6221
3.14318E+14,D-20-21 03CAB [FBK-LO],31.7216861,-110.1924889,FBK-LO,USGS,GW,12.9,null,null,1,null,m,2,null,O,A,72019,5/12/2009,no,6222
3.14144E+14,D-20-21 14BCC2 [BOQSUD],31.69558889,-110.1805278,BOQSUD,USGS,GW,12.58,null,null,1,USGS,m,2,S,V,A,72019,9/24/2011,no,6223
3.14601E+14,D-19-21 21ACC2 [CONLID],31.7671111,-110.2031917,CONLID,USGS,GW,17.44,null,null,1,USGS,m,2,S,V,A,72019,1/7/2010,no,6224
3.14248E+14,D-20-21 10AAC2 [FBK-UP],31.713525,-110.1837167,FBK-UP,USGS,GW,32.15,null,null,1,null,m,2,null,O,A,72019,3/1/2011,no,6225
3.14124E+14,D-20-21 15DCB1 [BOQ-01],31.68988889,-110.1866389,BOQ-01,USGS,GW,12.95,null,null,1,USGS,m,2,S,V,P,72019,10/30/2024,yes,6226
3.14248E+14,D-20-21 10AAC2 [FBK-UP],31.713525,-110.1837167,FBK-UP,USGS,GW,33.27,null,null,1,USGS,m,2,S,V,A,72019,7/21/2011,no,6228
3.14601E+14,D-19-21 21ACC2 [CONLID],31.7671111,-110.2031917,CONLID,USGS,GW,11.07,null,null,1,USGS,m,2,S,V,A,72019,2/25/2010,no,6229
3.14144E+14,D-20-21 14BCC1 [BOQSUS],31.69561667,-110.1805139,BOQSUS,USGS,GW,27.1,null,null,1,null,m,2,null,O,A,72019,12/2/2010,no,6230
3.14318E+14,D-20-21 03CAB [FBK-LO],31.7216861,-110.1924889,FBK-LO,USGS,GW,14.66,null,null,1,null,m,2,null,O,A,72019,6/23/2009,no,6231
3.14144E+14,D-20-21 14BCC2 [BOQSUD],31.69558889,-110.1805278,BOQSUD,USGS,GW,12.07,null,null,1,USGS,m,2,S,V,A,72019,3/27/2012,no,6232
3.14317E+14,D-20-21 03CBA [FBK-LI],31.72146944,-110.1933028,FBK-LI,USGS,GW,13.89,null,null,1,null,m,2,null,O,A,72019,1/2/2008,no,6233
3.14318E+14,D-20-21 03CAB [FBK-LO],31.7216861,-110.1924889,FBK-LO,USGS,GW,15.32,null,null,1,null,m,2,null,O,A,72019,7/17/2009,no,6234
3.14144E+14,D-20-21 14BCC2 [BOQSUD],31.69558889,-110.1805278,BOQSUD,USGS,GW,12.54,null,null,1,USGS,m,2,S,V,A,72019,6/18/2012,no,6235
3.14248E+14,D-20-21 10AAC2 [FBK-UP],31.713525,-110.1837167,FBK-UP,USGS,GW,33.38,null,null,1,USGS,m,2,S,V,A,72019,7/28/2011,no,6237
3.14317E+14,D-20-21 03CBA [FBK-LI],31.72146944,-110.1933028,FBK-LI,USGS,GW,13.77,null,null,1,null,m,2,null,O,A,72019,1/9/2008,no,6238
3.14144E+14,D-20-21 14BCC1 [BOQSUS],31.69561667,-110.1805139,BOQSUS,USGS,GW,28.31,null,null,1,USGS,m,2,S,V,A,72019,7/21/2011,no,6239
3.14318E+14,D-20-21 03CAB [FBK-LO],31.7216861,-110.1924889,FBK-LO,USGS,GW,15.83,null,null,1,null,m,2,null,O,A,72019,8/3/2009,no,6240
3.14144E+14,D-20-21 14BCC2 [BOQSUD],31.69558889,-110.1805278,BOQSUD,USGS,GW,12.43,null,null,1,USGS,m,2,S,V,A,72019,9/13/2012,no,6241
3.14248E+14,D-20-21 10AAC2 [FBK-UP],31.713525,-110.1837167,FBK-UP,USGS,GW,33.62,null,null,1,USGS,m,2,S,V,A,72019,9/24/2011,no,6243
3.14601E+14,D-19-21 21ACC2 [CONLID],31.7671111,-110.2031917,CONLID,USGS,GW,8.55,null,null,1,USGS,m,2,S,V,A,72019,4/14/2010,no,6244
3.14124E+14,D-20-21 15DCB1 [BOQ-01],31.68988889,-110.1866389,BOQ-01,USGS,GW,12.13,null,null,1,USGS,m,2,S,V,P,72019,2/27/2025,yes,6245
3.14248E+14,D-20-21 10AAC2 [FBK-UP],31.713525,-110.1837167,FBK-UP,USGS,GW,32.33,null,null,1,USGS,m,2,S,V,A,72019,3/27/2012,no,6247
3.14144E+14,D-20-21 14BCC1 [BOQSUS],31.69561667,-110.1805139,BOQSUS,USGS,GW,27.94,null,null,1,USGS,m,2,S,V,A,72019,7/28/2011,no,6248
3.14318E+14,D-20-21 03CAB [FBK-LO],31.7216861,-110.1924889,FBK-LO,USGS,GW,16.59,null,null,1,null,m,2,null,O,A,72019,9/25/2009,no,6249
3.14144E+14,D-20-21 14BCC2 [BOQSUD],31.69558889,-110.1805278,BOQSUD,USGS,GW,12.07,null,null,1,USGS,m,2,S,V,A,72019,5/30/2013,no,6250
3.14601E+14,D-19-21 21ACC2 [CONLID],31.7671111,-110.2031917,CONLID,USGS,GW,12.82,null,null,1,USGS,m,2,S,V,A,72019,6/25/2010,no,6251
3.14317E+14,D-20-21 03CBA [FBK-LI],31.72146944,-110.1933028,FBK-LI,USGS,GW,13.49,null,null,1,null,m,2,null,O,A,72019,2/7/2008,no,6252
3.14601E+14,D-19-21 21ACC2 [CONLID],31.7671111,-110.2031917,CONLID,USGS,GW,10.63,null,null,1,USGS,m,2,S,V,A,72019,8/12/2010,no,6253
3.14144E+14,D-20-21 14BCC2 [BOQSUD],31.69558889,-110.1805278,BOQSUD,USGS,GW,12.52,null,null,1,USGS,m,2,S,V,A,72019,7/2/2013,no,6255
3.14248E+14,D-20-21 10AAC2 [FBK-UP],31.713525,-110.1837167,FBK-UP,USGS,GW,33.15,null,null,1,USGS,m,2,S,V,A,72019,6/19/2012,no,6257
3.14317E+14,D-20-21 03CBA [FBK-LI],31.72146944,-110.1933028,FBK-LI,USGS,GW,13.17,null,null,1,null,m,2,null,O,A,72019,3/4/2008,no,6258
3.14318E+14,D-20-21 03CAB [FBK-LO],31.7216861,-110.1924889,FBK-LO,USGS,GW,17.54,null,null,1,null,m,2,null,O,A,72019,11/12/2009,no,6259
3.14601E+14,D-19-21 21ACC2 [CONLID],31.7671111,-110.2031917,CONLID,USGS,GW,5.5,null,null,1,USGS,m,2,S,V,A,72019,9/16/2010,no,6260
3.14144E+14,D-20-21 14BCC2 [BOQSUD],31.69558889,-110.1805278,BOQSUD,USGS,GW,12.41,null,null,1,USGS,m,2,S,V,A,72019,10/31/2013,no,6261
3.14248E+14,D-20-21 10AAC2 [FBK-UP],31.713525,-110.1837167,FBK-UP,USGS,GW,33.63,null,null,1,USGS,m,2,S,V,A,72019,9/13/2012,no,6264
3.14601E+14,D-19-21 21ACC2 [CONLID],31.7671111,-110.2031917,CONLID,USGS,GW,9.95,null,null,1,USGS,m,2,S,V,A,72019,10/20/2010,no,6265
3.14144E+14,D-20-21 14BCC2 [BOQSUD],31.69558889,-110.1805278,BOQSUD,USGS,GW,12.12,null,null,1,USGS,m,2,S,V,A,72019,1/9/2014,no,6266
3.14317E+14,D-20-21 03CBA [FBK-LI],31.72146944,-110.1933028,FBK-LI,USGS,GW,12.88,null,null,1,null,m,2,null,O,A,72019,4/2/2008,no,6268
3.14318E+14,D-20-21 03CAB [FBK-LO],31.7216861,-110.1924889,FBK-LO,USGS,GW,15.75,null,null,1,null,m,2,null,O,A,72019,1/4/2010,no,6269
3.14144E+14,D-20-21 14BCC1 [BOQSUS],31.69561667,-110.1805139,BOQSUS,USGS,GW,27.83,null,null,1,USGS,m,2,S,V,A,72019,9/24/2011,no,6270
3.14318E+14,D-20-21 03CAB [FBK-LO],31.7216861,-110.1924889,FBK-LO,USGS,GW,14.99,null,null,1,null,m,2,null,O,A,72019,2/9/2010,no,6271
3.14124E+14,D-20-21 15DDB [BOQ-UP],31.69018056,-110.1835389,BOQ-UP,USGS,GW,21.4,null,null,1,null,m,2,null,O,A,72019,2/22/2007,no,6272
3.14248E+14,D-20-21 10AAC2 [FBK-UP],31.713525,-110.1837167,FBK-UP,USGS,GW,31.58,null,null,1,USGS,m,2,S,V,A,72019,5/30/2013,no,6273
3.14601E+14,D-19-21 21ACC2 [CONLID],31.7671111,-110.2031917,CONLID,USGS,GW,12.57,null,null,1,USGS,m,2,S,V,A,72019,11/23/2010,no,6274
3.14144E+14,D-20-21 14BCC2 [BOQSUD],31.69558889,-110.1805278,BOQSUD,USGS,GW,11.92,null,null,1,USGS,m,2,S,V,A,72019,4/4/2014,no,6276
3.14144E+14,D-20-21 14BCC1 [BOQSUS],31.69561667,-110.1805139,BOQSUS,USGS,GW,26.78,null,null,1,USGS,m,2,S,V,A,72019,3/27/2012,no,6277
3.14318E+14,D-20-21 03CAB [FBK-LO],31.7216861,-110.1924889,FBK-LO,USGS,GW,14.32,null,null,1,null,m,2,null,O,A,72019,3/30/2010,no,6278
3.14124E+14,D-20-21 15DDB [BOQ-UP],31.69018056,-110.1835389,BOQ-UP,USGS,GW,21.42,null,null,1,null,m,2,null,O,A,72019,3/6/2007,no,6279
3.14248E+14,D-20-21 10AAC2 [FBK-UP],31.713525,-110.1837167,FBK-UP,USGS,GW,32.16,null,null,1,USGS,m,2,S,V,A,72019,6/19/2013,no,6280
3.14144E+14,D-20-21 14BCC2 [BOQSUD],31.69558889,-110.1805278,BOQSUD,USGS,GW,12.53,null,null,1,USGS,m,2,S,V,A,72019,6/26/2014,no,6281
3.14601E+14,D-19-21 21ACC2 [CONLID],31.7671111,-110.2031917,CONLID,USGS,GW,8.87,null,null,1,USGS,m,2,S,V,A,72019,12/14/2010,no,6282
3.14125E+14,D-20-21 15DBD1 [BOQ-LI],31.69043056,-110.1852472,BOQ-LI,USGS,GW,8.63,null,null,1,null,m,2,null,O,A,72019,10/17/2006,no,6283
3.14248E+14,D-20-21 10AAC2 [FBK-UP],31.713525,-110.1837167,FBK-UP,USGS,GW,32.66,null,null,1,USGS,m,2,S,V,A,72019,7/2/2013,no,6284
3.14144E+14,D-20-21 14BCC2 [BOQSUD],31.69558889,-110.1805278,BOQSUD,USGS,GW,11.8,null,null,1,USGS,m,2,S,V,A,72019,11/6/2014,no,6285
3.14144E+14,D-20-21 14BCC1 [BOQSUS],31.69561667,-110.1805139,BOQSUS,USGS,GW,28.63,null,null,1,USGS,m,2,S,V,A,72019,6/19/2012,no,6286
3.14318E+14,D-20-21 03CAB [FBK-LO],31.7216861,-110.1924889,FBK-LO,USGS,GW,15.57,null,null,1,null,m,2,null,O,A,72019,6/25/2010,no,6287
3.14124E+14,D-20-21 15DDB [BOQ-UP],31.69018056,-110.1835389,BOQ-UP,USGS,GW,21.44,null,null,1,null,m,2,null,O,A,72019,4/3/2007,no,6288
3.14601E+14,D-19-21 21ACC2 [CONLID],31.7671111,-110.2031917,CONLID,USGS,GW,5.2,null,null,1,USGS,m,2,S,V,A,72019,3/3/2011,no,6289
3.14317E+14,D-20-21 03CBA [FBK-LI],31.72146944,-110.1933028,FBK-LI,USGS,GW,15.84,null,null,1,null,m,2,null,O,A,72019,7/2/2008,no,6290
3.14124E+14,D-20-21 15DDB [BOQ-UP],31.69018056,-110.1835389,BOQ-UP,USGS,GW,21.63,null,null,1,null,m,2,null,O,A,72019,5/2/2007,no,6291
3.14125E+14,D-20-21 15DBD1 [BOQ-LI],31.69043056,-110.1852472,BOQ-LI,USGS,GW,9.04,null,null,1,null,m,2,null,O,A,72019,11/9/2006,no,6292
3.14601E+14,D-19-21 21ACC2 [CONLID],31.7671111,-110.2031917,CONLID,USGS,GW,4.94,null,null,1,USGS,m,2,S,V,A,72019,3/25/2011,no,6293
3.14248E+14,D-20-21 10AAC2 [FBK-UP],31.713525,-110.1837167,FBK-UP,USGS,GW,32.64,null,null,1,USGS,m,2,S,V,A,72019,10/31/2013,no,6294
3.14144E+14,D-20-21 14BCC2 [BOQSUD],31.69558889,-110.1805278,BOQSUD,USGS,GW,11.69,null,null,1,USGS,m,2,S,V,A,72019,1/16/2015,no,6295
3.14318E+14,D-20-21 03CAB [FBK-LO],31.7216861,-110.1924889,FBK-LO,USGS,GW,15.73,null,null,1,null,m,2,null,O,A,72019,8/2/2010,no,6296
3.14317E+14,D-20-21 03CBA [FBK-LI],31.72146944,-110.1933028,FBK-LI,USGS,GW,13.52,null,null,1,null,m,2,null,O,A,72019,10/1/2008,no,6297
3.14144E+14,D-20-21 14BCC1 [BOQSUS],31.69561667,-110.1805139,BOQSUS,USGS,GW,27.2,null,null,1,USGS,m,2,S,V,A,72019,9/13/2012,no,6298
3.14124E+14,D-20-21 15DDB [BOQ-UP],31.69018056,-110.1835389,BOQ-UP,USGS,GW,21.84,null,null,1,null,m,2,null,O,A,72019,5/16/2007,no,6299
3.14144E+14,D-20-21 14BCC2 [BOQSUD],31.69558889,-110.1805278,BOQSUD,USGS,GW,11.47,null,null,1,USGS,m,2,S,V,A,72019,4/16/2015,no,6300
3.14125E+14,D-20-21 15DBD1 [BOQ-LI],31.69043056,-110.1852472,BOQ-LI,USGS,GW,9.15,null,null,1,null,m,2,null,O,A,72019,12/7/2006,no,6301
3.14601E+14,D-19-21 21ACC2 [CONLID],31.7671111,-110.2031917,CONLID,USGS,GW,5.21,null,null,1,USGS,m,2,S,V,A,72019,4/21/2011,no,6302
3.14248E+14,D-20-21 10AAC2 [FBK-UP],31.713525,-110.1837167,FBK-UP,USGS,GW,31.8,null,null,1,USGS,m,2,S,V,A,72019,1/9/2014,no,6303
3.14601E+14,D-19-21 21ACC2 [CONLID],31.7671111,-110.2031917,CONLID,USGS,GW,9.9,null,null,1,USGS,m,2,S,V,A,72019,6/2/2011,no,6304
3.14125E+14,D-20-21 15DBD1 [BOQ-LI],31.69043056,-110.1852472,BOQ-LI,USGS,GW,9.15,null,null,1,null,m,2,null,O,A,72019,1/5/2007,no,6305
3.14318E+14,D-20-21 03CAB [FBK-LO],31.7216861,-110.1924889,FBK-LO,USGS,GW,14.99,null,null,1,null,m,2,null,O,A,72019,10/25/2010,no,6306
3.14144E+14,D-20-21 14BCC2 [BOQSUD],31.69558889,-110.1805278,BOQSUD,USGS,GW,11.87,null,null,1,USGS,m,2,S,V,A,72019,7/15/2015,no,6307
3.14144E+14,D-20-21 14BCC1 [BOQSUS],31.69561667,-110.1805139,BOQSUS,USGS,GW,27.46,null,null,1,USGS,m,2,S,V,A,72019,5/30/2013,no,6308
3.14317E+14,D-20-21 03CBA [FBK-LI],31.72146944,-110.1933028,FBK-LI,USGS,GW,13.27,null,null,1,null,m,2,null,O,A,72019,11/25/2008,no,6309
3.14124E+14,D-20-21 15DDB [BOQ-UP],31.69018056,-110.1835389,BOQ-UP,USGS,GW,22.17,null,null,1,null,m,2,null,O,A,72019,6/6/2007,no,6310
3.14248E+14,D-20-21 10AAC2 [FBK-UP],31.713525,-110.1837167,FBK-UP,USGS,GW,31.2,null,null,1,USGS,m,2,S,V,A,72019,4/4/2014,no,6311
3.14601E+14,D-19-21 21ACC2 [CONLID],31.7671111,-110.2031917,CONLID,USGS,GW,12.96,null,null,1,USGS,m,2,S,V,A,72019,7/14/2011,no,6312
3.14125E+14,D-20-21 15DBD1 [BOQ-LI],31.69043056,-110.1852472,BOQ-LI,USGS,GW,9.13,null,null,1,null,m,2,null,O,A,72019,2/6/2007,no,6313
3.14318E+14,D-20-21 03CAB [FBK-LO],31.7216861,-110.1924889,FBK-LO,USGS,GW,14.62,null,null,1,null,m,2,null,O,A,72019,12/2/2010,no,6314
3.14144E+14,D-20-21 14BCC2 [BOQSUD],31.69558889,-110.1805278,BOQSUD,USGS,GW,11.94,null,null,1,USGS,m,2,S,V,A,72019,10/8/2015,no,6315
3.14144E+14,D-20-21 14BCC1 [BOQSUS],31.69561667,-110.1805139,BOQSUS,USGS,GW,28.74,null,null,1,USGS,m,2,S,V,A,72019,7/2/2013,no,6316
3.14317E+14,D-20-21 03CBA [FBK-LI],31.72146944,-110.1933028,FBK-LI,USGS,GW,12.58,null,null,1,null,m,2,null,O,A,72019,3/20/2009,no,6317
3.14124E+14,D-20-21 15DDB [BOQ-UP],31.69018056,-110.1835389,BOQ-UP,USGS,GW,22.37,null,null,1,null,m,2,null,O,A,72019,6/26/2007,no,6318
3.14248E+14,D-20-21 10AAC2 [FBK-UP],31.713525,-110.1837167,FBK-UP,USGS,GW,32.34,null,null,1,USGS,m,2,S,V,A,72019,6/26/2014,no,6319
3.14601E+14,D-19-21 21ACC2 [CONLID],31.7671111,-110.2031917,CONLID,USGS,GW,18.56,null,null,1,USGS,m,2,S,V,A,72019,7/9/2021,no,6320
3.14125E+14,D-20-21 15DBD1 [BOQ-LI],31.69043056,-110.1852472,BOQ-LI,USGS,GW,9.15,null,null,1,null,m,2,null,O,A,72019,3/6/2007,no,6321
3.14318E+14,D-20-21 03CAB [FBK-LO],31.7216861,-110.1924889,FBK-LO,USGS,GW,14.11,null,null,1,null,m,2,null,O,A,72019,1/13/2011,no,6322
3.14144E+14,D-20-21 14BCC2 [BOQSUD],31.69558889,-110.1805278,BOQSUD,USGS,GW,11.63,null,null,1,USGS,m,2,S,V,A,72019,1/21/2016,no,6323
3.14144E+14,D-20-21 14BCC1 [BOQSUS],31.69561667,-110.1805139,BOQSUS,USGS,GW,27.27,null,null,1,USGS,m,2,S,V,A,72019,10/31/2013,no,6324
3.14317E+14,D-20-21 03CBA [FBK-LI],31.72146944,-110.1933028,FBK-LI,USGS,GW,12.7,null,null,1,null,m,2,null,O,A,72019,5/12/2009,no,6325
3.14124E+14,D-20-21 15DDB [BOQ-UP],31.69018056,-110.1835389,BOQ-UP,USGS,GW,22.44,null,null,1,null,m,2,null,O,A,72019,7/5/2007,no,6326
3.14248E+14,D-20-21 10AAC2 [FBK-UP],31.713525,-110.1837167,FBK-UP,USGS,GW,31.39,null,null,1,USGS,m,2,S,V,A,72019,11/6/2014,no,6327
3.14601E+14,D-19-21 21ACC2 [CONLID],31.7671111,-110.2031917,CONLID,USGS,GW,4.31,null,null,1,USGS,m,2,S,V,A,72019,8/24/2021,no,6328
3.14125E+14,D-20-21 15DBD1 [BOQ-LI],31.69043056,-110.1852472,BOQ-LI,USGS,GW,9.2,null,null,1,null,m,2,null,O,A,72019,4/30/2007,no,6329
3.14318E+14,D-20-21 03CAB [FBK-LO],31.7216861,-110.1924889,FBK-LO,USGS,GW,15.71,null,null,1,USGS,m,2,S,V,A,72019,7/28/2011,no,6330
3.14144E+14,D-20-21 14BCC2 [BOQSUD],31.69558889,-110.1805278,BOQSUD,USGS,GW,11.61,null,null,1,USGS,m,2,S,V,A,72019,4/21/2016,no,6331
3.14144E+14,D-20-21 14BCC1 [BOQSUS],31.69561667,-110.1805139,BOQSUS,USGS,GW,26.7,null,null,1,USGS,m,2,S,V,A,72019,1/9/2014,no,6332
3.14124E+14,D-20-21 15DDB [BOQ-UP],31.69018056,-110.1835389,BOQ-UP,USGS,GW,19.68,null,null,1,null,m,2,null,O,A,72019,8/7/2007,no,6333
3.14248E+14,D-20-21 10AAC2 [FBK-UP],31.713525,-110.1837167,FBK-UP,USGS,GW,30.82,null,null,1,USGS,m,2,S,V,A,72019,1/16/2015,no,6334
3.14601E+14,D-19-21 21ACC2 [CONLID],31.7671111,-110.2031917,CONLID,USGS,GW,6.03,null,null,1,USGS,m,2,S,V,A,72019,2/4/2022,no,6335
3.14125E+14,D-20-21 15DBD1 [BOQ-LI],31.69043056,-110.1852472,BOQ-LI,USGS,GW,9.3,null,null,1,null,m,2,null,O,A,72019,5/2/2007,no,6336
3.14124E+14,D-20-21 15DDB [BOQ-UP],31.69018056,-110.1835389,BOQ-UP,USGS,GW,21.38,null,null,1,null,m,2,null,O,A,72019,8/23/2007,no,6337
3.14248E+14,D-20-21 10AAC2 [FBK-UP],31.713525,-110.1837167,FBK-UP,USGS,GW,30.42,null,null,1,USGS,m,2,S,V,A,72019,4/16/2015,no,6338
3.14317E+14,D-20-21 03CBA [FBK-LI],31.72146944,-110.1933028,FBK-LI,USGS,GW,15.08,null,null,1,null,m,2,null,O,A,72019,6/23/2009,no,6339
3.14601E+14,D-19-21 21ACC2 [CONLID],31.7671111,-110.2031917,CONLID,USGS,GW,4.77,null,null,1,USGS,m,2,S,V,A,72019,4/6/2022,no,6340
3.14318E+14,D-20-21 03CAB [FBK-LO],31.7216861,-110.1924889,FBK-LO,USGS,GW,15.75,null,null,1,USGS,m,2,S,V,A,72019,9/25/2011,no,6341
3.14144E+14,D-20-21 14BCC1 [BOQSUS],31.69561667,-110.1805139,BOQSUS,USGS,GW,26.73,null,null,1,USGS,m,2,S,V,A,72019,4/4/2014,no,6342
3.14144E+14,D-20-21 14BCC2 [BOQSUD],31.69558889,-110.1805278,BOQSUD,USGS,GW,12.05,null,null,1,USGS,m,2,S,V,A,72019,6/28/2016,no,6343
3.14317E+14,D-20-21 03CBA [FBK-LI],31.72146944,-110.1933028,FBK-LI,USGS,GW,15.62,null,null,1,null,m,2,null,O,A,72019,7/17/2009,no,6344
3.14144E+14,D-20-21 14BCC1 [BOQSUS],31.69561667,-110.1805139,BOQSUS,USGS,GW,28.64,null,null,1,USGS,m,2,S,V,A,72019,6/26/2014,no,6345
3.14318E+14,D-20-21 03CAB [FBK-LO],31.7216861,-110.1924889,FBK-LO,USGS,GW,14.19,null,null,1,USGS,m,2,S,V,A,72019,3/27/2012,no,6346
3.14125E+14,D-20-21 15DBD1 [BOQ-LI],31.69043056,-110.1852472,BOQ-LI,USGS,GW,9.63,null,null,1,null,m,2,null,O,A,72019,6/6/2007,no,6347
3.14601E+14,D-19-21 21ACC2 [CONLID],31.7671111,-110.2031917,CONLID,USGS,GW,12.58,null,null,1,USGS,m,2,S,V,A,72019,6/28/2022,no,6348
3.14124E+14,D-20-21 15DDB [BOQ-UP],31.69018056,-110.1835389,BOQ-UP,USGS,GW,21.64,null,null,1,null,m,2,null,O,A,72019,9/6/2007,no,6349
3.14248E+14,D-20-21 10AAC2 [FBK-UP],31.713525,-110.1837167,FBK-UP,USGS,GW,31.02,null,null,1,USGS,m,2,S,V,A,72019,7/15/2015,no,6350
3.14144E+14,D-20-21 14BCC2 [BOQSUD],31.69558889,-110.1805278,BOQSUD,USGS,GW,12.27,null,null,1,USGS,m,2,S,V,A,72019,10/20/2016,no,6351
3.14317E+14,D-20-21 03CBA [FBK-LI],31.72146944,-110.1933028,FBK-LI,USGS,GW,15.92,null,null,1,null,m,2,null,O,A,72019,8/3/2009,no,6352
3.14144E+14,D-20-21 14BCC1 [BOQSUS],31.69561667,-110.1805139,BOQSUS,USGS,GW,26.6,null,null,1,USGS,m,2,S,V,A,72019,11/6/2014,no,6353
3.14318E+14,D-20-21 03CAB [FBK-LO],31.7216861,-110.1924889,FBK-LO,USGS,GW,15.99,null,null,1,USGS,m,2,S,V,A,72019,6/19/2012,no,6354
3.14125E+14,D-20-21 15DBD1 [BOQ-LI],31.69043056,-110.1852472,BOQ-LI,USGS,GW,9.83,null,null,1,null,m,2,null,O,A,72019,7/5/2007,no,6355
3.14601E+14,D-19-21 21ACC2 [CONLID],31.7671111,-110.2031917,CONLID,USGS,GW,4.67,null,null,1,USGS,m,2,S,V,A,72019,10/5/2022,no,6356
3.14124E+14,D-20-21 15DDB [BOQ-UP],31.69018056,-110.1835389,BOQ-UP,USGS,GW,21.72,null,null,1,null,m,2,null,O,A,72019,9/27/2007,no,6357
3.14248E+14,D-20-21 10AAC2 [FBK-UP],31.713525,-110.1837167,FBK-UP,USGS,GW,31.26,null,null,1,USGS,m,2,S,V,A,72019,10/8/2015,no,6358
3.14144E+14,D-20-21 14BCC2 [BOQSUD],31.69558889,-110.1805278,BOQSUD,USGS,GW,11.86,null,null,1,USGS,m,2,S,V,A,72019,1/19/2017,no,6359
3.14317E+14,D-20-21 03CBA [FBK-LI],31.72146944,-110.1933028,FBK-LI,USGS,GW,16.22,null,null,1,null,m,2,null,O,A,72019,9/25/2009,no,6360
3.14144E+14,D-20-21 14BCC1 [BOQSUS],31.69561667,-110.1805139,BOQSUS,USGS,GW,26.6,null,null,1,USGS,m,2,S,V,A,72019,1/16/2015,no,6361
3.14318E+14,D-20-21 03CAB [FBK-LO],31.7216861,-110.1924889,FBK-LO,USGS,GW,14.82,null,null,1,USGS,m,2,S,V,A,72019,9/13/2012,no,6362
3.14125E+14,D-20-21 15DBD1 [BOQ-LI],31.69043056,-110.1852472,BOQ-LI,USGS,GW,8.49,null,null,1,null,m,2,null,O,A,72019,9/6/2007,no,6363
3.14601E+14,D-19-21 21ACC2 [CONLID],31.7671111,-110.2031917,CONLID,USGS,GW,4.81,null,null,1,USGS,m,2,S,S,A,72019,1/30/2023,no,6364
3.14124E+14,D-20-21 15DDB [BOQ-UP],31.69018056,-110.1835389,BOQ-UP,USGS,GW,21.9,null,null,1,null,m,2,null,V,A,72019,10/9/2007,no,6365
3.14248E+14,D-20-21 10AAC2 [FBK-UP],31.713525,-110.1837167,FBK-UP,USGS,GW,30.48,null,null,1,USGS,m,2,S,V,A,72019,1/21/2016,no,6366
3.14144E+14,D-20-21 14BCC2 [BOQSUD],31.69558889,-110.1805278,BOQSUD,USGS,GW,11.96,null,null,1,USGS,m,2,S,V,A,72019,4/26/2017,no,6367
3.14317E+14,D-20-21 03CBA [FBK-LI],31.72146944,-110.1933028,FBK-LI,USGS,GW,16.5,null,null,1,null,m,2,null,O,A,72019,11/12/2009,no,6368
3.14144E+14,D-20-21 14BCC1 [BOQSUS],31.69561667,-110.1805139,BOQSUS,USGS,GW,26.74,null,null,1,USGS,m,2,S,V,A,72019,4/16/2015,no,6369
3.14125E+14,D-20-21 15DBD1 [BOQ-LI],31.69043056,-110.1852472,BOQ-LI,USGS,GW,9.08,null,null,1,null,m,2,null,O,A,72019,10/16/2007,no,6370
3.14601E+14,D-19-21 21ACC2 [CONLID],31.7671111,-110.2031917,CONLID,USGS,GW,4.75,null,null,1,USGS,m,2,S,S,A,72019,4/26/2023,no,6371
3.14124E+14,D-20-21 15DDB [BOQ-UP],31.69018056,-110.1835389,BOQ-UP,USGS,GW,21.84,null,null,1,null,m,2,null,O,A,72019,10/9/2007,no,6372
3.14248E+14,D-20-21 10AAC2 [FBK-UP],31.713525,-110.1837167,FBK-UP,USGS,GW,30.23,null,null,1,USGS,m,2,S,V,A,72019,4/21/2016,no,6373
3.14144E+14,D-20-21 14BCC2 [BOQSUD],31.69558889,-110.1805278,BOQSUD,USGS,GW,12.59,null,null,1,USGS,m,2,S,V,A,72019,6/29/2017,no,6374
3.14125E+14,D-20-21 15DBD1 [BOQ-LI],31.69043056,-110.1852472,BOQ-LI,USGS,GW,9.16,null,null,1,null,m,2,null,O,A,72019,11/13/2007,no,6375
3.14124E+14,D-20-21 15DDB [BOQ-UP],31.69018056,-110.1835389,BOQ-UP,USGS,GW,21.85,null,null,1,null,m,2,null,O,A,72019,10/16/2007,no,6376
3.14318E+14,D-20-21 03CAB [FBK-LO],31.7216861,-110.1924889,FBK-LO,USGS,GW,13.67,null,null,1,USGS,m,2,S,V,A,72019,5/30/2013,no,6377
3.14601E+14,D-19-21 21ACC2 [CONLID],31.7671111,-110.2031917,CONLID,USGS,GW,10.03,null,null,1,USGS,m,2,S,S,A,72019,6/23/2023,no,6378
3.14317E+14,D-20-21 03CBA [FBK-LI],31.72146944,-110.1933028,FBK-LI,USGS,GW,15.34,null,null,1,null,m,2,null,O,A,72019,1/4/2010,no,6379
3.14144E+14,D-20-21 14BCC1 [BOQSUS],31.69561667,-110.1805139,BOQSUS,USGS,GW,27.43,null,null,1,USGS,m,2,S,V,A,72019,7/15/2015,no,6380
3.14318E+14,D-20-21 03CAB [FBK-LO],31.7216861,-110.1924889,FBK-LO,USGS,GW,15.58,null,null,1,USGS,m,2,S,V,A,72019,7/2/2013,no,6381
3.14601E+14,D-19-21 21ACC2 [CONLID],31.7671111,-110.2031917,CONLID,USGS,GW,16.96,null,null,1,USGS,m,2,S,S,A,72019,11/17/2023,no,6382
3.14124E+14,D-20-21 15DDB [BOQ-UP],31.69018056,-110.1835389,BOQ-UP,USGS,GW,21.76,null,null,1,null,m,2,null,O,A,72019,11/6/2007,no,6383
3.14248E+14,D-20-21 10AAC2 [FBK-UP],31.713525,-110.1837167,FBK-UP,USGS,GW,31.27,null,null,1,USGS,m,2,S,V,A,72019,6/28/2016,no,6384
3.14144E+14,D-20-21 14BCC2 [BOQSUD],31.69558889,-110.1805278,BOQSUD,USGS,GW,12.37,null,null,1,USGS,m,2,S,V,A,72019,10/17/2017,no,6385
3.14125E+14,D-20-21 15DBD1 [BOQ-LI],31.69043056,-110.1852472,BOQ-LI,USGS,GW,8.86,null,null,1,null,m,2,null,O,A,72019,12/5/2007,no,6386
3.14144E+14,D-20-21 14BCC1 [BOQSUS],31.69561667,-110.1805139,BOQSUS,USGS,GW,27.11,null,null,1,USGS,m,2,S,V,A,72019,10/8/2015,no,6387
3.14317E+14,D-20-21 03CBA [FBK-LI],31.72146944,-110.1933028,FBK-LI,USGS,GW,14.75,null,null,1,null,m,2,null,O,A,72019,2/9/2010,no,6388
3.14318E+14,D-20-21 03CAB [FBK-LO],31.7216861,-110.1924889,FBK-LO,USGS,GW,13.95,null,null,1,USGS,m,2,S,V,A,72019,10/31/2013,no,6389
3.14601E+14,D-19-21 21ACC2 [CONLID],31.7671111,-110.2031917,CONLID,USGS,GW,18.56,null,null,1,USGS,m,2,S,V,A,72019,2/15/2024,no,6390
3.14124E+14,D-20-21 15DDB [BOQ-UP],31.69018056,-110.1835389,BOQ-UP,USGS,GW,21.63,null,null,1,null,m,2,null,O,A,72019,11/13/2007,no,6391
3.14248E+14,D-20-21 10AAC2 [FBK-UP],31.713525,-110.1837167,FBK-UP,USGS,GW,31.84,null,null,1,USGS,m,2,S,V,A,72019,10/20/2016,no,6392
3.14144E+14,D-20-21 14BCC2 [BOQSUD],31.69558889,-110.1805278,BOQSUD,USGS,GW,12.17,null,null,1,USGS,m,2,S,V,A,72019,1/11/2018,no,6393
3.14125E+14,D-20-21 15DBD1 [BOQ-LI],31.69043056,-110.1852472,BOQ-LI,USGS,GW,8.84,null,null,1,null,m,2,null,O,A,72019,1/4/2008,no,6394
3.14144E+14,D-20-21 14BCC1 [BOQSUS],31.69561667,-110.1805139,BOQSUS,USGS,GW,26.68,null,null,1,USGS,m,2,S,V,A,72019,1/21/2016,no,6395
3.14317E+14,D-20-21 03CBA [FBK-LI],31.72146944,-110.1933028,FBK-LI,USGS,GW,13.73,null,null,1,null,m,2,null,O,A,72019,3/30/2010,no,6396
3.14318E+14,D-20-21 03CAB [FBK-LO],31.7216861,-110.1924889,FBK-LO,USGS,GW,13.37,null,null,1,USGS,m,2,S,V,A,72019,1/9/2014,no,6397
3.14601E+14,D-19-21 21ACC2 [CONLID],31.7671111,-110.2031917,CONLID,USGS,GW,16.95,null,null,1,USGS,m,2,S,V,A,72019,4/19/2024,no,6398
3.14124E+14,D-20-21 15DDB [BOQ-UP],31.69018056,-110.1835389,BOQ-UP,USGS,GW,21.09,null,null,1,null,m,2,null,O,A,72019,12/5/2007,no,6399
3.14248E+14,D-20-21 10AAC2 [FBK-UP],31.713525,-110.1837167,FBK-UP,USGS,GW,31.23,null,null,1,USGS,m,2,S,V,A,72019,1/19/2017,no,6400
3.14144E+14,D-20-21 14BCC2 [BOQSUD],31.69558889,-110.1805278,BOQSUD,USGS,GW,11.86,null,null,1,USGS,m,2,S,V,A,72019,4/19/2018,no,6401
3.14125E+14,D-20-21 15DBD1 [BOQ-LI],31.69043056,-110.1852472,BOQ-LI,USGS,GW,8.63,null,null,1,null,m,2,null,O,A,72019,2/8/2008,no,6402
3.14144E+14,D-20-21 14BCC1 [BOQSUS],31.69561667,-110.1805139,BOQSUS,USGS,GW,26.86,null,null,1,USGS,m,2,S,V,A,72019,4/21/2016,no,6403
3.14317E+14,D-20-21 03CBA [FBK-LI],31.72146944,-110.1933028,FBK-LI,USGS,GW,15.62,null,null,1,null,m,2,null,O,A,72019,6/25/2010,no,6404
3.14318E+14,D-20-21 03CAB [FBK-LO],31.7216861,-110.1924889,FBK-LO,USGS,GW,12.81,null,null,1,USGS,m,2,S,V,A,72019,4/4/2014,no,6405
3.14601E+14,D-19-21 21ACC2 [CONLID],31.7671111,-110.2031917,CONLID,USGS,GW,16.92,null,null,1,USGS,m,2,S,V,A,72019,7/17/2024,no,6406
3.14124E+14,D-20-21 15DDB [BOQ-UP],31.69018056,-110.1835389,BOQ-UP,USGS,GW,21.29,null,null,1,null,m,2,null,O,A,72019,12/12/2007,no,6407
3.14124E+14,D-20-21 15DDB [BOQ-UP],31.69018056,-110.1835389,BOQ-UP,USGS,GW,21.09,null,null,1,null,m,2,null,O,A,72019,1/4/2008,no,6408
3.14124E+14,D-20-21 15DDB [BOQ-UP],31.69018056,-110.1835389,BOQ-UP,USGS,GW,20.91,null,null,1,null,m,2,null,O,A,72019,2/8/2008,no,6409
3.14124E+14,D-20-21 15DDB [BOQ-UP],31.69018056,-110.1835389,BOQ-UP,USGS,GW,20.84,null,null,1,null,m,2,null,O,A,72019,3/5/2008,no,6410
3.14124E+14,D-20-21 15DDB [BOQ-UP],31.69018056,-110.1835389,BOQ-UP,USGS,GW,20.82,null,null,1,null,m,2,null,O,A,72019,4/4/2008,no,6411
3.14124E+14,D-20-21 15DDB [BOQ-UP],31.69018056,-110.1835389,BOQ-UP,USGS,GW,21.77,null,null,1,null,m,2,null,O,A,72019,7/2/2008,no,6412
3.14124E+14,D-20-21 15DDB [BOQ-UP],31.69018056,-110.1835389,BOQ-UP,USGS,GW,21.06,null,null,1,null,m,2,null,O,A,72019,9/25/2008,no,6413
3.14124E+14,D-20-21 15DDB [BOQ-UP],31.69018056,-110.1835389,BOQ-UP,USGS,GW,20.9,null,null,1,null,m,2,null,O,A,72019,11/14/2008,no,6414
3.14124E+14,D-20-21 15DDB [BOQ-UP],31.69018056,-110.1835389,BOQ-UP,USGS,GW,20.77,null,null,1,null,m,2,null,O,A,72019,12/19/2008,no,6415
3.14124E+14,D-20-21 15DDB [BOQ-UP],31.69018056,-110.1835389,BOQ-UP,USGS,GW,20.68,null,null,1,null,m,2,null,O,A,72019,1/20/2009,no,6416
3.14124E+14,D-20-21 15DDB [BOQ-UP],31.69018056,-110.1835389,BOQ-UP,USGS,GW,20.64,null,null,1,null,m,2,null,O,A,72019,3/20/2009,no,6417
3.14124E+14,D-20-21 15DDB [BOQ-UP],31.69018056,-110.1835389,BOQ-UP,USGS,GW,21.17,null,null,1,null,m,2,null,O,A,72019,5/28/2009,no,6418
3.14124E+14,D-20-21 15DDB [BOQ-UP],31.69018056,-110.1835389,BOQ-UP,USGS,GW,21.51,null,null,1,null,m,2,null,O,A,72019,6/23/2009,no,6419
3.14124E+14,D-20-21 15DDB [BOQ-UP],31.69018056,-110.1835389,BOQ-UP,USGS,GW,21.65,null,null,1,null,m,2,null,O,A,72019,7/17/2009,no,6420
3.14124E+14,D-20-21 15DDB [BOQ-UP],31.69018056,-110.1835389,BOQ-UP,USGS,GW,21.72,null,null,1,null,m,2,null,O,A,72019,8/3/2009,no,6421
3.14124E+14,D-20-21 15DDB [BOQ-UP],31.69018056,-110.1835389,BOQ-UP,USGS,GW,21.88,null,null,1,null,m,2,null,O,A,72019,9/25/2009,no,6422
3.14124E+14,D-20-21 15DDB [BOQ-UP],31.69018056,-110.1835389,BOQ-UP,USGS,GW,21.54,null,null,1,null,m,2,null,O,A,72019,11/12/2009,no,6423
3.14124E+14,D-20-21 15DDB [BOQ-UP],31.69018056,-110.1835389,BOQ-UP,USGS,GW,21.08,null,null,1,null,m,2,null,O,A,72019,1/4/2010,no,6424
3.14124E+14,D-20-21 15DDB [BOQ-UP],31.69018056,-110.1835389,BOQ-UP,USGS,GW,20.71,null,null,1,null,m,2,null,O,A,72019,2/9/2010,no,6425
3.14124E+14,D-20-21 15DDB [BOQ-UP],31.69018056,-110.1835389,BOQ-UP,USGS,GW,20.88,null,null,1,null,m,2,null,O,A,72019,3/30/2010,no,6426
3.14124E+14,D-20-21 15DDB [BOQ-UP],31.69018056,-110.1835389,BOQ-UP,USGS,GW,21.74,null,null,1,null,m,2,null,O,A,72019,6/25/2010,no,6427
3.14124E+14,D-20-21 15DDB [BOQ-UP],31.69018056,-110.1835389,BOQ-UP,USGS,GW,20.96,null,null,1,null,m,2,null,O,A,72019,7/30/2010,no,6428
3.14124E+14,D-20-21 15DDB [BOQ-UP],31.69018056,-110.1835389,BOQ-UP,USGS,GW,21.6,null,null,1,null,m,2,null,O,A,72019,11/23/2010,no,6429
3.14124E+14,D-20-21 15DDB [BOQ-UP],31.69018056,-110.1835389,BOQ-UP,USGS,GW,21.48,null,null,1,null,m,2,null,O,A,72019,12/22/2010,no,6430
3.14124E+14,D-20-21 15DDB [BOQ-UP],31.69018056,-110.1835389,BOQ-UP,USGS,GW,21.74,null,null,1,USGS,m,2,S,V,A,72019,7/21/2011,no,6431
3.14124E+14,D-20-21 15DDB [BOQ-UP],31.69018056,-110.1835389,BOQ-UP,USGS,GW,21.86,null,null,1,USGS,m,2,S,V,A,72019,9/24/2011,no,6432
3.14124E+14,D-20-21 15DDB [BOQ-UP],31.69018056,-110.1835389,BOQ-UP,USGS,GW,21.26,null,null,1,USGS,m,2,S,V,A,72019,3/27/2012,no,6433
3.14124E+14,D-20-21 15DDB [BOQ-UP],31.69018056,-110.1835389,BOQ-UP,USGS,GW,22.2,null,null,1,USGS,m,2,S,V,A,72019,6/19/2012,no,6434
3.14124E+14,D-20-21 15DDB [BOQ-UP],31.69018056,-110.1835389,BOQ-UP,USGS,GW,20.94,null,null,1,USGS,m,2,S,V,A,72019,9/13/2012,no,6435
3.14124E+14,D-20-21 15DDB [BOQ-UP],31.69018056,-110.1835389,BOQ-UP,USGS,GW,21.84,null,null,1,USGS,m,2,S,V,A,72019,5/30/2013,no,6436
3.14124E+14,D-20-21 15DDB [BOQ-UP],31.69018056,-110.1835389,BOQ-UP,USGS,GW,22.3,null,null,1,USGS,m,2,S,V,A,72019,7/2/2013,no,6437
3.14124E+14,D-20-21 15DDB [BOQ-UP],31.69018056,-110.1835389,BOQ-UP,USGS,GW,21.78,null,null,1,USGS,m,2,S,V,A,72019,10/31/2013,no,6438
3.14124E+14,D-20-21 15DDB [BOQ-UP],31.69018056,-110.1835389,BOQ-UP,USGS,GW,21.41,null,null,1,USGS,m,2,S,V,A,72019,1/9/2014,no,6439
3.14124E+14,D-20-21 15DDB [BOQ-UP],31.69018056,-110.1835389,BOQ-UP,USGS,GW,21.37,null,null,1,USGS,m,2,S,V,A,72019,4/4/2014,no,6440
3.14124E+14,D-20-21 15DDB [BOQ-UP],31.69018056,-110.1835389,BOQ-UP,USGS,GW,22.33,null,null,1,USGS,m,2,S,V,A,72019,6/26/2014,no,6441
3.14124E+14,D-20-21 15DDB [BOQ-UP],31.69018056,-110.1835389,BOQ-UP,USGS,GW,21.4,null,null,1,USGS,m,2,S,V,A,72019,11/6/2014,no,6442
3.14124E+14,D-20-21 15DDB [BOQ-UP],31.69018056,-110.1835389,BOQ-UP,USGS,GW,21.53,null,null,1,USGS,m,2,S,V,A,72019,1/16/2015,no,6443
3.14124E+14,D-20-21 15DDB [BOQ-UP],31.69018056,-110.1835389,BOQ-UP,USGS,GW,21.6,null,null,1,USGS,m,2,S,V,A,72019,4/16/2015,no,6444
3.14124E+14,D-20-21 15DDB [BOQ-UP],31.69018056,-110.1835389,BOQ-UP,USGS,GW,22.08,null,null,1,USGS,m,2,S,V,A,72019,7/15/2015,no,6445
3.14124E+14,D-20-21 15DDB [BOQ-UP],31.69018056,-110.1835389,BOQ-UP,USGS,GW,21.88,null,null,1,USGS,m,2,S,V,A,72019,10/8/2015,no,6446
3.14124E+14,D-20-21 15DDB [BOQ-UP],31.69018056,-110.1835389,BOQ-UP,USGS,GW,21.61,null,null,1,USGS,m,2,S,V,A,72019,1/21/2016,no,6447
3.14124E+14,D-20-21 15DDB [BOQ-UP],31.69018056,-110.1835389,BOQ-UP,USGS,GW,21.75,null,null,1,USGS,m,2,S,V,A,72019,4/21/2016,no,6448
3.14124E+14,D-20-21 15DDB [BOQ-UP],31.69018056,-110.1835389,BOQ-UP,USGS,GW,22.52,null,null,1,USGS,m,2,S,V,A,72019,6/28/2016,no,6449
3.14124E+14,D-20-21 15DDB [BOQ-UP],31.69018056,-110.1835389,BOQ-UP,USGS,GW,22.05,null,null,1,USGS,m,2,S,V,A,72019,10/20/2016,no,6450
3.14124E+14,D-20-21 15DDB [BOQ-UP],31.69018056,-110.1835389,BOQ-UP,USGS,GW,21.57,null,null,1,USGS,m,2,S,V,A,72019,1/19/2017,no,6451
3.14124E+14,D-20-21 15DDB [BOQ-UP],31.69018056,-110.1835389,BOQ-UP,USGS,GW,21.84,null,null,1,USGS,m,2,S,V,A,72019,4/26/2017,no,6452
3.14124E+14,D-20-21 15DDB [BOQ-UP],31.69018056,-110.1835389,BOQ-UP,USGS,GW,22.45,null,null,1,USGS,m,2,S,V,A,72019,6/29/2017,no,6453
3.14124E+14,D-20-21 15DDB [BOQ-UP],31.69018056,-110.1835389,BOQ-UP,USGS,GW,22.02,null,null,1,USGS,m,2,S,V,A,72019,10/17/2017,no,6454
3.14124E+14,D-20-21 15DDB [BOQ-UP],31.69018056,-110.1835389,BOQ-UP,USGS,GW,21.46,null,null,1,USGS,m,2,S,V,A,72019,1/11/2018,no,6455
3.14124E+14,D-20-21 15DDB [BOQ-UP],31.69018056,-110.1835389,BOQ-UP,USGS,GW,21.41,null,null,1,USGS,m,2,S,V,A,72019,4/19/2018,no,6456
3.14124E+14,D-20-21 15DDB [BOQ-UP],31.69018056,-110.1835389,BOQ-UP,USGS,GW,22.31,null,null,1,USGS,m,2,S,V,A,72019,6/20/2018,no,6457
3.14124E+14,D-20-21 15DDB [BOQ-UP],31.69018056,-110.1835389,BOQ-UP,USGS,GW,23.15,null,null,1,USGS,m,2,S,V,A,72019,10/24/2018,no,6458
3.14124E+14,D-20-21 15DDB [BOQ-UP],31.69018056,-110.1835389,BOQ-UP,USGS,GW,21.49,null,null,1,USGS,m,2,S,V,A,72019,2/8/2019,no,6459
3.14124E+14,D-20-21 15DDB [BOQ-UP],31.69018056,-110.1835389,BOQ-UP,USGS,GW,21.5,null,null,1,USGS,m,2,S,V,A,72019,4/16/2019,no,6460
3.14124E+14,D-20-21 15DDB [BOQ-UP],31.69018056,-110.1835389,BOQ-UP,USGS,GW,22.44,null,null,1,USGS,m,2,S,V,A,72019,6/28/2019,no,6461
3.14124E+14,D-20-21 15DDB [BOQ-UP],31.69018056,-110.1835389,BOQ-UP,USGS,GW,22.26,null,null,1,USGS,m,2,S,V,A,72019,10/22/2019,no,6462
3.14124E+14,D-20-21 15DDB [BOQ-UP],31.69018056,-110.1835389,BOQ-UP,USGS,GW,21.41,null,null,1,USGS,m,2,S,V,A,72019,1/10/2020,no,6463
3.14124E+14,D-20-21 15DDB [BOQ-UP],31.69018056,-110.1835389,BOQ-UP,USGS,GW,21.39,null,null,1,USGS,m,2,S,V,A,72019,4/9/2020,no,6464
3.14124E+14,D-20-21 15DDB [BOQ-UP],31.69018056,-110.1835389,BOQ-UP,USGS,GW,22.43,null,null,1,USGS,m,2,S,V,A,72019,6/23/2020,no,6465
3.14124E+14,D-20-21 15DDB [BOQ-UP],31.69018056,-110.1835389,BOQ-UP,USGS,GW,22.75,null,null,1,USGS,m,2,S,V,A,72019,10/8/2020,no,6466
3.14124E+14,D-20-21 15DDB [BOQ-UP],31.69018056,-110.1835389,BOQ-UP,USGS,GW,21.88,null,null,1,USGS,m,2,S,V,A,72019,2/12/2021,no,6467
3.14124E+14,D-20-21 15DDB [BOQ-UP],31.69018056,-110.1835389,BOQ-UP,USGS,GW,21.77,null,null,1,USGS,m,2,S,V,A,72019,4/6/2021,no,6468
3.14124E+14,D-20-21 15DDB [BOQ-UP],31.69018056,-110.1835389,BOQ-UP,USGS,GW,22.76,null,null,1,USGS,m,2,S,V,A,72019,6/29/2021,no,6469
3.14124E+14,D-20-21 15DDB [BOQ-UP],31.69018056,-110.1835389,BOQ-UP,USGS,GW,22.2,null,null,1,USGS,m,2,S,V,A,72019,10/21/2021,no,6470
3.14124E+14,D-20-21 15DDB [BOQ-UP],31.69018056,-110.1835389,BOQ-UP,USGS,GW,21.74,null,null,1,USGS,m,2,S,V,A,72019,2/2/2022,no,6471
3.14124E+14,D-20-21 15DDB [BOQ-UP],31.69018056,-110.1835389,BOQ-UP,USGS,GW,21.69,null,null,1,USGS,m,2,S,V,A,72019,4/6/2022,no,6472
3.14124E+14,D-20-21 15DDB [BOQ-UP],31.69018056,-110.1835389,BOQ-UP,USGS,GW,22.38,null,null,1,USGS,m,2,S,V,A,72019,6/28/2022,no,6473
3.14124E+14,D-20-21 15DDB [BOQ-UP],31.69018056,-110.1835389,BOQ-UP,USGS,GW,21.62,null,null,1,USGS,m,2,S,V,A,72019,10/4/2022,no,6474
3.14124E+14,D-20-21 15DDB [BOQ-UP],31.69018056,-110.1835389,BOQ-UP,USGS,GW,21.71,null,null,1,USGS,m,2,S,V,P,72019,1/31/2023,no,6475
3.14124E+14,D-20-21 15DDB [BOQ-UP],31.69018056,-110.1835389,BOQ-UP,USGS,GW,21.81,null,null,1,USGS,m,2,S,V,P,72019,4/26/2023,no,6476
3.14124E+14,D-20-21 15DDB [BOQ-UP],31.69018056,-110.1835389,BOQ-UP,USGS,GW,22.47,null,null,1,USGS,m,2,S,S,P,72019,6/23/2023,no,6477
3.14124E+14,D-20-21 15DCB1 [BOQ-01],31.68988889,-110.1866389,BOQ-01,USGS,GW,12.14,null,null,1,USGS,m,2,S,V,P,72019,2/1/2024,yes,6478
3.14124E+14,D-20-21 15DCB1 [BOQ-01],31.68988889,-110.1866389,BOQ-01,USGS,GW,12.13,null,null,1,USGS,m,2,S,V,P,72019,2/14/2024,yes,6479
3.14144E+14,D-20-21 14BCC2 [BOQSUD],31.69558889,-110.1805278,BOQSUD,USGS,GW,12.36,null,null,1,USGS,m,2,S,V,A,72019,6/20/2018,no,6480
3.14125E+14,D-20-21 15DBD1 [BOQ-LI],31.69043056,-110.1852472,BOQ-LI,USGS,GW,8.57,null,null,1,null,m,2,null,O,A,72019,3/5/2008,no,6481
3.14601E+14,D-19-21 21ACC2 [CONLID],31.7671111,-110.2031917,CONLID,USGS,GW,17.68,null,null,1,USGS,m,2,S,S,A,72019,10/30/2024,no,6482
3.14318E+14,D-20-21 03CAB [FBK-LO],31.7216861,-110.1924889,FBK-LO,USGS,GW,15.32,null,null,1,USGS,m,2,S,V,A,72019,6/26/2014,no,6483
3.14248E+14,D-20-21 10AAC2 [FBK-UP],31.713525,-110.1837167,FBK-UP,USGS,GW,30.87,null,null,1,USGS,m,2,S,V,A,72019,4/26/2017,no,6484
3.14144E+14,D-20-21 14BCC1 [BOQSUS],31.69561667,-110.1805139,BOQSUS,USGS,GW,28.08,null,null,1,USGS,m,2,S,V,A,72019,6/28/2016,no,6485
3.14317E+14,D-20-21 03CBA [FBK-LI],31.72146944,-110.1933028,FBK-LI,USGS,GW,15.41,null,null,1,null,m,2,null,O,A,72019,8/2/2010,no,6486
3.14317E+14,D-20-21 03CBA [FBK-LI],31.72146944,-110.1933028,FBK-LI,USGS,GW,14.33,null,null,1,null,m,2,null,O,A,72019,10/25/2010,no,6487
3.14248E+14,D-20-21 10AAC2 [FBK-UP],31.713525,-110.1837167,FBK-UP,USGS,GW,32.37,null,null,1,USGS,m,2,S,V,A,72019,6/29/2017,no,6488
3.14144E+14,D-20-21 14BCC2 [BOQSUD],31.69558889,-110.1805278,BOQSUD,USGS,GW,12.58,null,null,1,USGS,m,2,S,V,A,72019,10/24/2018,no,6489
3.14318E+14,D-20-21 03CAB [FBK-LO],31.7216861,-110.1924889,FBK-LO,USGS,GW,12.5,null,null,1,USGS,m,2,S,V,A,72019,11/6/2014,no,6490
3.14317E+14,D-20-21 03CBA [FBK-LI],31.72146944,-110.1933028,FBK-LI,USGS,GW,14.01,null,null,1,null,m,2,null,O,A,72019,12/2/2010,no,6491
3.14125E+14,D-20-21 15DBD1 [BOQ-LI],31.69043056,-110.1852472,BOQ-LI,USGS,GW,8.55,null,null,1,null,m,2,null,O,A,72019,4/4/2008,no,6492
3.14601E+14,D-19-21 21ACC2 [CONLID],31.7671111,-110.2031917,CONLID,USGS,GW,20.64,null,null,1,USGS,m,2,S,V,P,72019,2/26/2025,no,6493
3.14144E+14,D-20-21 14BCC1 [BOQSUS],31.69561667,-110.1805139,BOQSUS,USGS,GW,27.72,null,null,1,USGS,m,2,S,V,A,72019,10/20/2016,no,6494
3.14125E+14,D-20-21 15DBD1 [BOQ-LI],31.69043056,-110.1852472,BOQ-LI,USGS,GW,9.08,null,null,1,null,m,2,null,O,A,72019,7/2/2008,no,6496
3.14248E+14,D-20-21 10AAC2 [FBK-UP],31.713525,-110.1837167,FBK-UP,USGS,GW,32.28,null,null,1,USGS,m,2,S,V,A,72019,10/17/2017,no,6497
3.14144E+14,D-20-21 14BCC2 [BOQSUD],31.69558889,-110.1805278,BOQSUD,USGS,GW,12.21,null,null,1,USGS,m,2,S,V,A,72019,2/8/2019,no,6498
3.14318E+14,D-20-21 03CAB [FBK-LO],31.7216861,-110.1924889,FBK-LO,USGS,GW,12.44,null,null,1,USGS,m,2,S,V,A,72019,1/16/2015,no,6499
3.14144E+14,D-20-21 14BCC1 [BOQSUS],31.69561667,-110.1805139,BOQSUS,USGS,GW,27.02,null,null,1,USGS,m,2,S,V,A,72019,1/19/2017,no,6500
3.14317E+14,D-20-21 03CBA [FBK-LI],31.72146944,-110.1933028,FBK-LI,USGS,GW,13.42,null,null,1,null,m,2,null,O,A,72019,1/13/2011,no,6501
3.14125E+14,D-20-21 15DBD1 [BOQ-LI],31.69043056,-110.1852472,BOQ-LI,USGS,GW,8.35,null,null,1,null,m,2,null,O,A,72019,9/25/2008,no,6503
3.14248E+14,D-20-21 10AAC2 [FBK-UP],31.713525,-110.1837167,FBK-UP,USGS,GW,31.87,null,null,1,USGS,m,2,S,V,A,72019,1/12/2018,no,6504
3.14144E+14,D-20-21 14BCC2 [BOQSUD],31.69558889,-110.1805278,BOQSUD,USGS,GW,11.96,null,null,1,USGS,m,2,S,V,A,72019,4/16/2019,no,6505
3.14318E+14,D-20-21 03CAB [FBK-LO],31.7216861,-110.1924889,FBK-LO,USGS,GW,12.24,null,null,1,USGS,m,2,S,V,A,72019,4/16/2015,no,6506
3.14144E+14,D-20-21 14BCC1 [BOQSUS],31.69561667,-110.1805139,BOQSUS,USGS,GW,27.41,null,null,1,USGS,m,2,S,V,A,72019,4/26/2017,no,6507
3.14317E+14,D-20-21 03CBA [FBK-LI],31.72146944,-110.1933028,FBK-LI,USGS,GW,15.88,null,null,1,USGS,m,2,S,V,A,72019,7/28/2011,no,6508
3.14125E+14,D-20-21 15DBD1 [BOQ-LI],31.69043056,-110.1852472,BOQ-LI,USGS,GW,8.62,null,null,1,null,m,2,null,O,A,72019,11/14/2008,no,6510
3.14248E+14,D-20-21 10AAC2 [FBK-UP],31.713525,-110.1837167,FBK-UP,USGS,GW,31.18,null,null,1,USGS,m,2,S,V,A,72019,4/19/2018,no,6511
3.14144E+14,D-20-21 14BCC2 [BOQSUD],31.69558889,-110.1805278,BOQSUD,USGS,GW,12.6,null,null,1,USGS,m,2,S,V,A,72019,6/28/2019,no,6512
3.14318E+14,D-20-21 03CAB [FBK-LO],31.7216861,-110.1924889,FBK-LO,USGS,GW,13.32,null,null,1,USGS,m,2,S,V,A,72019,7/15/2015,no,6513
3.14144E+14,D-20-21 14BCC1 [BOQSUS],31.69561667,-110.1805139,BOQSUS,USGS,GW,28.76,null,null,1,USGS,m,2,S,V,A,72019,6/29/2017,no,6514
3.14317E+14,D-20-21 03CBA [FBK-LI],31.72146944,-110.1933028,FBK-LI,USGS,GW,15.4,null,null,1,USGS,m,2,S,V,A,72019,9/25/2011,no,6515
3.14125E+14,D-20-21 15DBD1 [BOQ-LI],31.69043056,-110.1852472,BOQ-LI,USGS,GW,8.49,null,null,1,null,m,2,null,O,A,72019,12/19/2008,no,6517
3.14248E+14,D-20-21 10AAC2 [FBK-UP],31.713525,-110.1837167,FBK-UP,USGS,GW,32.05,null,null,1,USGS,m,2,S,V,A,72019,6/20/2018,no,6518
3.14144E+14,D-20-21 14BCC2 [BOQSUD],31.69558889,-110.1805278,BOQSUD,USGS,GW,12.75,null,null,1,USGS,m,2,S,V,A,72019,10/22/2019,no,6519
3.14318E+14,D-20-21 03CAB [FBK-LO],31.7216861,-110.1924889,FBK-LO,USGS,GW,12.94,null,null,1,USGS,m,2,S,V,A,72019,10/8/2015,no,6520
3.14144E+14,D-20-21 14BCC1 [BOQSUS],31.69561667,-110.1805139,BOQSUS,USGS,GW,27.85,null,null,1,USGS,m,2,S,V,A,72019,10/17/2017,no,6521
3.14317E+14,D-20-21 03CBA [FBK-LI],31.72146944,-110.1933028,FBK-LI,USGS,GW,13.59,null,null,1,USGS,m,2,S,V,A,72019,3/27/2012,no,6522
3.14125E+14,D-20-21 15DBD1 [BOQ-LI],31.69043056,-110.1852472,BOQ-LI,USGS,GW,8.39,null,null,1,null,m,2,null,O,A,72019,1/20/2009,no,6524
3.14248E+14,D-20-21 10AAC2 [FBK-UP],31.713525,-110.1837167,FBK-UP,USGS,GW,33.53,null,null,1,USGS,m,2,S,V,A,72019,10/24/2018,no,6525
3.14144E+14,D-20-21 14BCC2 [BOQSUD],31.69558889,-110.1805278,BOQSUD,USGS,GW,12.19,null,null,1,USGS,m,2,S,V,A,72019,1/10/2020,no,6526
3.14144E+14,D-20-21 14BCC1 [BOQSUS],31.69561667,-110.1805139,BOQSUS,USGS,GW,26.94,null,null,1,USGS,m,2,S,V,A,72019,1/11/2018,no,6527
3.14317E+14,D-20-21 03CBA [FBK-LI],31.72146944,-110.1933028,FBK-LI,USGS,GW,15.73,null,null,1,USGS,m,2,S,V,A,72019,6/19/2012,no,6528
3.14125E+14,D-20-21 15DBD1 [BOQ-LI],31.69043056,-110.1852472,BOQ-LI,USGS,GW,8.35,null,null,1,null,m,2,null,O,A,72019,3/20/2009,no,6530
3.14144E+14,D-20-21 14BCC2 [BOQSUD],31.69558889,-110.1805278,BOQSUD,USGS,GW,12.05,null,null,1,USGS,m,2,S,V,A,72019,4/9/2020,no,6531
3.14144E+14,D-20-21 14BCC1 [BOQSUS],31.69561667,-110.1805139,BOQSUS,USGS,GW,26.87,null,null,1,USGS,m,2,S,V,A,72019,4/19/2018,no,6532
3.14125E+14,D-20-21 15DBD1 [BOQ-LI],31.69043056,-110.1852472,BOQ-LI,USGS,GW,8.68,null,null,1,null,m,2,null,O,A,72019,5/28/2009,no,6533
3.14318E+14,D-20-21 03CAB [FBK-LO],31.7216861,-110.1924889,FBK-LO,USGS,GW,12.4,null,null,1,USGS,m,2,S,V,A,72019,1/21/2016,no,6535
3.14317E+14,D-20-21 03CBA [FBK-LI],31.72146944,-110.1933028,FBK-LI,USGS,GW,14.14,null,null,1,USGS,m,2,S,V,A,72019,9/13/2012,no,6536
3.14248E+14,D-20-21 10AAC2 [FBK-UP],31.713525,-110.1837167,FBK-UP,USGS,GW,32.13,null,null,1,USGS,m,2,S,V,A,72019,2/8/2019,no,6537
3.14125E+14,D-20-21 15DBD1 [BOQ-LI],31.69043056,-110.1852472,BOQ-LI,USGS,GW,8.91,null,null,1,null,m,2,null,O,A,72019,6/23/2009,no,6539
3.14144E+14,D-20-21 14BCC1 [BOQSUS],31.69561667,-110.1805139,BOQSUS,USGS,GW,28.38,null,null,1,USGS,m,2,S,V,A,72019,6/20/2018,no,6540
3.14317E+14,D-20-21 03CBA [FBK-LI],31.72146944,-110.1933028,FBK-LI,USGS,GW,13.68,null,null,1,USGS,m,2,S,V,A,72019,5/30/2013,no,6541
3.14144E+14,D-20-21 14BCC2 [BOQSUD],31.69558889,-110.1805278,BOQSUD,USGS,GW,12.49,null,null,1,USGS,m,2,S,V,A,72019,6/23/2020,no,6542
3.14318E+14,D-20-21 03CAB [FBK-LO],31.7216861,-110.1924889,FBK-LO,USGS,GW,12.17,null,null,1,USGS,m,2,S,V,A,72019,4/21/2016,no,6543
3.14248E+14,D-20-21 10AAC2 [FBK-UP],31.713525,-110.1837167,FBK-UP,USGS,GW,31.65,null,null,1,USGS,m,2,S,V,A,72019,4/15/2019,no,6544
3.14125E+14,D-20-21 15DBD1 [BOQ-LI],31.69043056,-110.1852472,BOQ-LI,USGS,GW,8.96,null,null,1,null,m,2,null,O,A,72019,7/19/2009,no,6546
3.14144E+14,D-20-21 14BCC1 [BOQSUS],31.69561667,-110.1805139,BOQSUS,USGS,GW,27.84,null,null,1,USGS,m,2,S,V,A,72019,10/24/2018,no,6547
3.14317E+14,D-20-21 03CBA [FBK-LI],31.72146944,-110.1933028,FBK-LI,USGS,GW,15.76,null,null,1,USGS,m,2,S,V,A,72019,7/2/2013,no,6548
3.14144E+14,D-20-21 14BCC2 [BOQSUD],31.69558889,-110.1805278,BOQSUD,USGS,GW,13.25,null,null,1,USGS,m,2,S,V,A,72019,10/8/2020,no,6549
3.14318E+14,D-20-21 03CAB [FBK-LO],31.7216861,-110.1924889,FBK-LO,USGS,GW,12.18,null,null,1,USGS,m,2,S,V,A,72019,4/21/2016,no,6550
3.14248E+14,D-20-21 10AAC2 [FBK-UP],31.713525,-110.1837167,FBK-UP,USGS,GW,32.68,null,null,1,USGS,m,2,S,V,A,72019,6/28/2019,no,6551
3.14125E+14,D-20-21 15DBD1 [BOQ-LI],31.69043056,-110.1852472,BOQ-LI,USGS,GW,9.03,null,null,1,null,m,2,null,O,A,72019,8/3/2009,no,6553
3.14144E+14,D-20-21 14BCC1 [BOQSUS],31.69561667,-110.1805139,BOQSUS,USGS,GW,26.96,null,null,1,USGS,m,2,S,V,A,72019,2/8/2019,no,6554
3.14317E+14,D-20-21 03CBA [FBK-LI],31.72146944,-110.1933028,FBK-LI,USGS,GW,12.95,null,null,1,USGS,m,2,S,V,A,72019,10/31/2013,no,6555
3.14144E+14,D-20-21 14BCC2 [BOQSUD],31.69558889,-110.1805278,BOQSUD,USGS,GW,12.65,null,null,1,USGS,m,2,S,V,A,72019,2/12/2021,no,6556
3.14318E+14,D-20-21 03CAB [FBK-LO],31.7216861,-110.1924889,FBK-LO,USGS,GW,14.31,null,null,1,USGS,m,2,S,V,A,72019,6/28/2016,no,6557
3.14248E+14,D-20-21 10AAC2 [FBK-UP],31.713525,-110.1837167,FBK-UP,USGS,GW,33.67,null,null,1,USGS,m,2,S,V,A,72019,10/22/2019,no,6558
3.14125E+14,D-20-21 15DBD1 [BOQ-LI],31.69043056,-110.1852472,BOQ-LI,USGS,GW,9.13,null,null,1,null,m,2,null,O,A,72019,9/25/2009,no,6560
3.14144E+14,D-20-21 14BCC1 [BOQSUS],31.69561667,-110.1805139,BOQSUS,USGS,GW,26.85,null,null,1,USGS,m,2,S,V,A,72019,4/16/2019,no,6561
3.14317E+14,D-20-21 03CBA [FBK-LI],31.72146944,-110.1933028,FBK-LI,USGS,GW,12.58,null,null,1,USGS,m,2,S,V,A,72019,1/9/2014,no,6562
3.14144E+14,D-20-21 14BCC2 [BOQSUD],31.69558889,-110.1805278,BOQSUD,USGS,GW,12.52,null,null,1,USGS,m,2,S,V,A,72019,4/6/2021,no,6563
3.14248E+14,D-20-21 10AAC2 [FBK-UP],31.713525,-110.1837167,FBK-UP,USGS,GW,32.6,null,null,1,USGS,m,2,S,V,A,72019,1/10/2020,no,6564
3.14125E+14,D-20-21 15DBD1 [BOQ-LI],31.69043056,-110.1852472,BOQ-LI,USGS,GW,9.18,null,null,1,null,m,2,null,O,A,72019,11/12/2009,no,6566
3.14318E+14,D-20-21 03CAB [FBK-LO],31.7216861,-110.1924889,FBK-LO,USGS,GW,13.6,null,null,1,USGS,m,2,S,V,A,72019,10/20/2016,no,6567
3.14248E+14,D-20-21 10AAC2 [FBK-UP],31.713525,-110.1837167,FBK-UP,USGS,GW,31.72,null,null,1,USGS,m,2,S,V,A,72019,4/9/2020,no,6568
3.14317E+14,D-20-21 03CBA [FBK-LI],31.72146944,-110.1933028,FBK-LI,USGS,GW,12.09,null,null,1,USGS,m,2,S,V,A,72019,4/4/2014,no,6570
3.14144E+14,D-20-21 14BCC2 [BOQSUD],31.69558889,-110.1805278,BOQSUD,USGS,GW,13.2,null,null,1,USGS,m,2,S,V,A,72019,6/29/2021,no,6571
3.14144E+14,D-20-21 14BCC1 [BOQSUS],31.69561667,-110.1805139,BOQSUS,USGS,GW,28.63,null,null,1,USGS,m,2,S,V,A,72019,6/28/2019,no,6572
3.14248E+14,D-20-21 10AAC2 [FBK-UP],31.713525,-110.1837167,FBK-UP,USGS,GW,32.51,null,null,1,USGS,m,2,S,V,A,72019,6/23/2020,no,6573
3.14144E+14,D-20-21 14BCC2 [BOQSUD],31.69558889,-110.1805278,BOQSUD,USGS,GW,12.83,null,null,1,USGS,m,2,S,V,A,72019,10/21/2021,no,6574
3.14318E+14,D-20-21 03CAB [FBK-LO],31.7216861,-110.1924889,FBK-LO,USGS,GW,13,null,null,1,USGS,m,2,S,V,A,72019,1/20/2017,no,6575
3.14125E+14,D-20-21 15DBD1 [BOQ-LI],31.69043056,-110.1852472,BOQ-LI,USGS,GW,8.59,null,null,1,null,m,2,null,O,A,72019,1/4/2010,no,6577
3.14144E+14,D-20-21 14BCC1 [BOQSUS],31.69561667,-110.1805139,BOQSUS,USGS,GW,28.2,null,null,1,USGS,m,2,S,V,A,72019,10/22/2019,no,6578
3.14317E+14,D-20-21 03CBA [FBK-LI],31.72146944,-110.1933028,FBK-LI,USGS,GW,15.4,null,null,1,USGS,m,2,S,V,A,72019,6/26/2014,no,6579
3.14248E+14,D-20-21 10AAC2 [FBK-UP],31.713525,-110.1837167,FBK-UP,USGS,GW,34.37,null,null,1,USGS,m,2,S,V,A,72019,10/8/2020,no,6580
3.14144E+14,D-20-21 14BCC2 [BOQSUD],31.69558889,-110.1805278,BOQSUD,USGS,GW,12.35,null,null,1,USGS,m,2,S,V,A,72019,2/2/2022,no,6581
3.14318E+14,D-20-21 03CAB [FBK-LO],31.7216861,-110.1924889,FBK-LO,USGS,GW,12.75,null,null,1,USGS,m,2,S,V,A,72019,4/26/2017,no,6582
3.14125E+14,D-20-21 15DBD1 [BOQ-LI],31.69043056,-110.1852472,BOQ-LI,USGS,GW,9.21,null,null,1,null,m,2,null,O,A,72019,2/9/2010,no,6584
3.14144E+14,D-20-21 14BCC1 [BOQSUS],31.69561667,-110.1805139,BOQSUS,USGS,GW,26.71,null,null,1,USGS,m,2,S,V,A,72019,1/10/2020,no,6585
3.14317E+14,D-20-21 03CBA [FBK-LI],31.72146944,-110.1933028,FBK-LI,USGS,GW,12.11,null,null,1,USGS,m,2,S,V,A,72019,11/6/2014,no,6586
3.14248E+14,D-20-21 10AAC2 [FBK-UP],31.713525,-110.1837167,FBK-UP,USGS,GW,33.74,null,null,1,USGS,m,2,S,V,A,72019,2/12/2021,no,6587
3.14144E+14,D-20-21 14BCC2 [BOQSUD],31.69558889,-110.1805278,BOQSUD,USGS,GW,12.37,null,null,1,USGS,m,2,S,V,A,72019,4/6/2022,no,6588
3.14318E+14,D-20-21 03CAB [FBK-LO],31.7216861,-110.1924889,FBK-LO,USGS,GW,15.27,null,null,1,USGS,m,2,S,V,A,72019,6/29/2017,no,6589
3.14125E+14,D-20-21 15DBD1 [BOQ-LI],31.69043056,-110.1852472,BOQ-LI,USGS,GW,8.46,null,null,1,null,m,2,null,O,A,72019,3/30/2010,no,6591
3.14144E+14,D-20-21 14BCC1 [BOQSUS],31.69561667,-110.1805139,BOQSUS,USGS,GW,26.58,null,null,1,USGS,m,2,S,V,A,72019,4/9/2020,no,6592
3.14317E+14,D-20-21 03CBA [FBK-LI],31.72146944,-110.1933028,FBK-LI,USGS,GW,12.01,null,null,1,USGS,m,2,S,V,A,72019,1/16/2015,no,6593
3.14248E+14,D-20-21 10AAC2 [FBK-UP],31.713525,-110.1837167,FBK-UP,USGS,GW,33.23,null,null,1,USGS,m,2,S,V,A,72019,4/6/2021,no,6594
3.14144E+14,D-20-21 14BCC2 [BOQSUD],31.69558889,-110.1805278,BOQSUD,USGS,GW,12.91,null,null,1,USGS,m,2,S,V,A,72019,6/28/2022,no,6595
3.14318E+14,D-20-21 03CAB [FBK-LO],31.7216861,-110.1924889,FBK-LO,USGS,GW,15.15,null,null,1,USGS,m,2,S,V,A,72019,10/17/2017,no,6596
3.14125E+14,D-20-21 15DBD1 [BOQ-LI],31.69043056,-110.1852472,BOQ-LI,USGS,GW,9.07,null,null,1,null,m,2,null,O,A,72019,6/25/2010,no,6598
3.14144E+14,D-20-21 14BCC1 [BOQSUS],31.69561667,-110.1805139,BOQSUS,USGS,GW,28.2,null,null,1,USGS,m,2,S,V,A,72019,6/23/2020,no,6599
3.14317E+14,D-20-21 03CBA [FBK-LI],31.72146944,-110.1933028,FBK-LI,USGS,GW,11.85,null,null,1,USGS,m,2,S,V,A,72019,4/16/2015,no,6600
3.14248E+14,D-20-21 10AAC2 [FBK-UP],31.713525,-110.1837167,FBK-UP,USGS,GW,34.28,null,null,1,USGS,m,2,S,V,A,72019,6/29/2021,no,6601
3.14248E+14,D-20-21 10AAC2 [FBK-UP],31.713525,-110.1837167,FBK-UP,USGS,GW,34.19,null,null,1,USGS,m,2,S,V,A,72019,10/21/2021,no,6602
3.14248E+14,D-20-21 10AAC2 [FBK-UP],31.713525,-110.1837167,FBK-UP,USGS,GW,33.04,null,null,1,USGS,m,2,S,V,A,72019,2/2/2022,no,6603
3.14248E+14,D-20-21 10AAC2 [FBK-UP],31.713525,-110.1837167,FBK-UP,USGS,GW,32.55,null,null,1,USGS,m,2,S,V,A,72019,4/6/2022,no,6604
3.14248E+14,D-20-21 10AAC2 [FBK-UP],31.713525,-110.1837167,FBK-UP,USGS,GW,33.5,null,null,1,USGS,m,2,S,V,A,72019,6/28/2022,no,6605
3.14248E+14,D-20-21 10AAC2 [FBK-UP],31.713525,-110.1837167,FBK-UP,USGS,GW,32.4,null,null,1,USGS,m,2,S,V,A,72019,10/5/2022,no,6606
3.14248E+14,D-20-21 10AAC2 [FBK-UP],31.713525,-110.1837167,FBK-UP,USGS,GW,31.06,null,null,1,USGS,m,2,S,V,P,72019,1/31/2023,no,6607
3.14248E+14,D-20-21 10AAC2 [FBK-UP],31.713525,-110.1837167,FBK-UP,USGS,GW,30.62,null,null,1,USGS,m,2,S,V,P,72019,4/26/2023,no,6608
3.14248E+14,D-20-21 10AAC2 [FBK-UP],31.713525,-110.1837167,FBK-UP,USGS,GW,31.09,null,null,1,USGS,m,2,S,V,P,72019,6/23/2023,no,6609
3.14248E+14,D-20-21 10AAC2 [FBK-UP],31.713525,-110.1837167,FBK-UP,USGS,GW,34.43,null,null,1,USGS,m,2,S,V,P,72019,11/17/2023,no,6610
3.14248E+14,D-20-21 10AAC2 [FBK-UP],31.713525,-110.1837167,FBK-UP,USGS,GW,33.52,null,null,1,USGS,m,2,S,V,P,72019,2/14/2024,no,6611
3.14248E+14,D-20-21 10AAC2 [FBK-UP],31.713525,-110.1837167,FBK-UP,USGS,GW,32.85,null,null,1,USGS,m,2,S,V,P,72019,4/17/2024,no,6612
3.14248E+14,D-20-21 10AAC2 [FBK-UP],31.713525,-110.1837167,FBK-UP,USGS,GW,34.21,null,null,1,USGS,m,2,S,V,P,72019,7/10/2024,no,6613
3.14248E+14,D-20-21 10AAC2 [FBK-UP],31.713525,-110.1837167,FBK-UP,USGS,GW,35.11,null,null,1,USGS,m,2,S,V,P,72019,10/30/2024,no,6614
3.14248E+14,D-20-21 10AAC2 [FBK-UP],31.713525,-110.1837167,FBK-UP,USGS,GW,34.62,null,null,1,USGS,m,2,S,V,P,72019,2/13/2025,no,6615
3.14317E+14,D-20-21 03CBA [FBK-LI],31.72146944,-110.1933028,FBK-LI,USGS,GW,12.36,null,null,1,null,m,2,null,O,A,72019,9/13/2006,no,6642
3.14317E+14,D-20-21 03CBA [FBK-LI],31.72146944,-110.1933028,FBK-LI,USGS,GW,12.35,null,null,1,null,m,2,null,O,A,72019,9/14/2006,no,6643
3.14317E+14,D-20-21 03CBA [FBK-LI],31.72146944,-110.1933028,FBK-LI,USGS,GW,13.44,null,null,1,null,m,2,null,O,A,72019,11/3/2006,no,6644
3.14317E+14,D-20-21 03CBA [FBK-LI],31.72146944,-110.1933028,FBK-LI,USGS,GW,13.32,null,null,1,null,m,2,null,O,A,72019,12/7/2006,no,6645
3.14317E+14,D-20-21 03CBA [FBK-LI],31.72146944,-110.1933028,FBK-LI,USGS,GW,13.29,null,null,1,null,m,2,null,O,A,72019,12/11/2006,no,6646
3.14317E+14,D-20-21 03CBA [FBK-LI],31.72146944,-110.1933028,FBK-LI,USGS,GW,13.14,null,null,1,null,m,2,null,O,A,72019,1/17/2007,no,6647
3.14317E+14,D-20-21 03CBA [FBK-LI],31.72146944,-110.1933028,FBK-LI,USGS,GW,12.95,null,null,1,null,m,2,null,O,A,72019,2/21/2007,no,6648
3.14317E+14,D-20-21 03CBA [FBK-LI],31.72146944,-110.1933028,FBK-LI,USGS,GW,12.94,null,null,1,null,m,2,null,O,A,72019,3/6/2007,no,6649
3.14317E+14,D-20-21 03CBA [FBK-LI],31.72146944,-110.1933028,FBK-LI,USGS,GW,12.77,null,null,1,null,m,2,null,O,A,72019,4/4/2007,no,6650
3.14317E+14,D-20-21 03CBA [FBK-LI],31.72146944,-110.1933028,FBK-LI,USGS,GW,12.78,null,null,1,null,m,2,null,O,A,72019,5/4/2007,no,6651
3.14317E+14,D-20-21 03CBA [FBK-LI],31.72146944,-110.1933028,FBK-LI,USGS,GW,14.4,null,null,1,null,m,2,null,O,A,72019,6/4/2007,no,6652
3.14317E+14,D-20-21 03CBA [FBK-LI],31.72146944,-110.1933028,FBK-LI,USGS,GW,15.81,null,null,1,null,m,2,null,O,A,72019,7/3/2007,no,6653
3.14317E+14,D-20-21 03CBA [FBK-LI],31.72146944,-110.1933028,FBK-LI,USGS,GW,13.84,null,null,1,null,m,2,null,O,A,72019,8/3/2007,no,6654
3.14317E+14,D-20-21 03CBA [FBK-LI],31.72146944,-110.1933028,FBK-LI,USGS,GW,14.08,null,null,1,null,m,2,null,O,A,72019,9/5/2007,no,6655
3.14317E+14,D-20-21 03CBA [FBK-LI],31.72146944,-110.1933028,FBK-LI,USGS,GW,13.9,null,null,1,null,m,2,null,O,A,72019,10/5/2007,no,6656
3.14144E+14,D-20-21 14BCC2 [BOQSUD],31.69558889,-110.1805278,BOQSUD,USGS,GW,11.69,null,null,1,USGS,m,2,S,V,A,72019,10/4/2022,no,6657
3.14317E+14,D-20-21 03CBA [FBK-LI],31.72146944,-110.1933028,FBK-LI,USGS,GW,12.83,null,null,1,USGS,m,2,S,V,A,72019,7/15/2015,no,6658
3.14318E+14,D-20-21 03CAB [FBK-LO],31.7216861,-110.1924889,FBK-LO,USGS,GW,13.89,null,null,1,USGS,m,2,S,V,A,72019,1/12/2018,no,6659
3.14144E+14,D-20-21 14BCC1 [BOQSUS],31.69561667,-110.1805139,BOQSUS,USGS,GW,29.57,null,null,1,USGS,m,2,S,V,A,72019,10/8/2020,no,6660
3.14144E+14,D-20-21 14BCC2 [BOQSUD],31.69558889,-110.1805278,BOQSUD,USGS,GW,11.34,null,null,1,USGS,m,2,S,V,A,72019,1/31/2023,no,6662
3.14144E+14,D-20-21 14BCC1 [BOQSUS],31.69561667,-110.1805139,BOQSUS,USGS,GW,27.27,null,null,1,USGS,m,2,S,V,A,72019,2/12/2021,no,6663
3.14318E+14,D-20-21 03CAB [FBK-LO],31.7216861,-110.1924889,FBK-LO,USGS,GW,12.99,null,null,1,USGS,m,2,S,V,A,72019,4/19/2018,no,6664
3.14317E+14,D-20-21 03CBA [FBK-LI],31.72146944,-110.1933028,FBK-LI,USGS,GW,12.31,null,null,1,USGS,m,2,S,V,A,72019,10/8/2015,no,6665
3.14144E+14,D-20-21 14BCC2 [BOQSUD],31.69558889,-110.1805278,BOQSUD,USGS,GW,11.26,null,null,1,USGS,m,2,S,V,A,72019,4/26/2023,no,6666
3.14125E+14,D-20-21 15DBD1 [BOQ-LI],31.69043056,-110.1852472,BOQ-LI,USGS,GW,8.79,null,null,1,null,m,2,null,O,A,72019,7/30/2010,no,6667
3.14317E+14,D-20-21 03CBA [FBK-LI],31.72146944,-110.1933028,FBK-LI,USGS,GW,12.05,null,null,1,USGS,m,2,S,V,A,72019,1/21/2016,no,6668
3.14144E+14,D-20-21 14BCC2 [BOQSUD],31.69558889,-110.1805278,BOQSUD,USGS,GW,11.6,null,null,1,USGS,m,2,S,V,A,72019,6/23/2023,no,6669
3.14125E+14,D-20-21 15DBD1 [BOQ-LI],31.69043056,-110.1852472,BOQ-LI,USGS,GW,9.3,null,null,1,null,m,2,null,O,A,72019,11/23/2010,no,6670
3.14317E+14,D-20-21 03CBA [FBK-LI],31.72146944,-110.1933028,FBK-LI,USGS,GW,11.84,null,null,1,USGS,m,2,S,V,A,72019,4/21/2016,no,6672
3.14144E+14,D-20-21 14BCC2 [BOQSUD],31.69558889,-110.1805278,BOQSUD,USGS,GW,12.84,null,null,1,USGS,m,2,S,V,A,72019,11/17/2023,no,6673
3.14144E+14,D-20-21 14BCC1 [BOQSUS],31.69561667,-110.1805139,BOQSUS,USGS,GW,27.06,null,null,1,USGS,m,2,S,V,A,72019,4/6/2021,no,6674
3.14125E+14,D-20-21 15DBD1 [BOQ-LI],31.69043056,-110.1852472,BOQ-LI,USGS,GW,9.14,null,null,1,null,m,2,null,O,A,72019,12/22/2010,no,6675
3.14318E+14,D-20-21 03CAB [FBK-LO],31.7216861,-110.1924889,FBK-LO,USGS,GW,15.13,null,null,1,USGS,m,2,S,V,A,72019,6/20/2018,no,6677
3.14317E+14,D-20-21 03CBA [FBK-LI],31.72146944,-110.1933028,FBK-LI,USGS,GW,14.77,null,null,1,USGS,m,2,S,V,A,72019,6/28/2016,no,6678
3.14144E+14,D-20-21 14BCC2 [BOQSUD],31.69558889,-110.1805278,BOQSUD,USGS,GW,12.3,null,null,1,USGS,m,2,S,V,A,72019,2/14/2024,no,6679
3.14317E+14,D-20-21 03CBA [FBK-LI],31.72146944,-110.1933028,FBK-LI,USGS,GW,13.03,null,null,1,USGS,m,2,S,V,A,72019,10/20/2016,no,6680
3.14144E+14,D-20-21 14BCC1 [BOQSUS],31.69561667,-110.1805139,BOQSUS,USGS,GW,29.48,null,null,1,USGS,m,2,S,V,A,72019,6/29/2021,no,6681
3.14318E+14,D-20-21 03CAB [FBK-LO],31.7216861,-110.1924889,FBK-LO,USGS,GW,16.16,null,null,1,USGS,m,2,S,V,A,72019,10/24/2018,no,6682
3.14144E+14,D-20-21 14BCC1 [BOQSUS],31.69561667,-110.1805139,BOQSUS,USGS,GW,27.89,null,null,1,USGS,m,2,S,V,A,72019,10/21/2021,no,6683
3.14144E+14,D-20-21 14BCC2 [BOQSUD],31.69558889,-110.1805278,BOQSUD,USGS,GW,12.08,null,null,1,USGS,m,2,S,V,A,72019,4/17/2024,no,6684
3.14317E+14,D-20-21 03CBA [FBK-LI],31.72146944,-110.1933028,FBK-LI,USGS,GW,12.44,null,null,1,USGS,m,2,S,V,A,72019,1/20/2017,no,6685
3.14125E+14,D-20-21 15DBD1 [BOQ-LI],31.69043056,-110.1852472,BOQ-LI,USGS,GW,9.39,null,null,1,USGS,m,2,S,V,A,72019,7/21/2011,no,6687
3.14317E+14,D-20-21 03CBA [FBK-LI],31.72146944,-110.1933028,FBK-LI,USGS,GW,12.22,null,null,1,USGS,m,2,S,V,A,72019,4/26/2017,no,6688
3.14144E+14,D-20-21 14BCC2 [BOQSUD],31.69558889,-110.1805278,BOQSUD,USGS,GW,12.81,null,null,1,USGS,m,2,S,V,A,72019,7/10/2024,no,6689
3.14144E+14,D-20-21 14BCC1 [BOQSUS],31.69561667,-110.1805139,BOQSUS,USGS,GW,27,null,null,1,USGS,m,2,S,V,A,72019,2/2/2022,no,6690
3.14318E+14,D-20-21 03CAB [FBK-LO],31.7216861,-110.1924889,FBK-LO,USGS,GW,14,null,null,1,USGS,m,2,S,V,A,72019,2/8/2019,no,6691
3.14125E+14,D-20-21 15DBD1 [BOQ-LI],31.69043056,-110.1852472,BOQ-LI,USGS,GW,9.06,null,null,1,USGS,m,2,S,V,A,72019,9/24/2011,no,6692
3.14317E+14,D-20-21 03CBA [FBK-LI],31.72146944,-110.1933028,FBK-LI,USGS,GW,15.4,null,null,1,USGS,m,2,S,V,A,72019,6/29/2017,no,6694
3.14144E+14,D-20-21 14BCC2 [BOQSUD],31.69558889,-110.1805278,BOQSUD,USGS,GW,13.31,null,null,1,USGS,m,2,S,V,A,72019,10/30/2024,no,6695
3.14144E+14,D-20-21 14BCC1 [BOQSUS],31.69561667,-110.1805139,BOQSUS,USGS,GW,26.77,null,null,1,USGS,m,2,S,V,A,72019,4/6/2022,no,6696
3.14318E+14,D-20-21 03CAB [FBK-LO],31.7216861,-110.1924889,FBK-LO,USGS,GW,13.27,null,null,1,USGS,m,2,S,V,A,72019,4/15/2019,no,6697
3.14125E+14,D-20-21 15DBD1 [BOQ-LI],31.69043056,-110.1852472,BOQ-LI,USGS,GW,10.29,null,null,1,USGS,m,2,S,V,A,72019,7/9/2021,no,6698
3.14317E+14,D-20-21 03CBA [FBK-LI],31.72146944,-110.1933028,FBK-LI,USGS,GW,15.32,null,null,1,USGS,m,2,S,V,A,72019,10/17/2017,no,6700
3.14144E+14,D-20-21 14BCC2 [BOQSUD],31.69558889,-110.1805278,BOQSUD,USGS,GW,12.68,null,null,1,USGS,m,2,S,V,A,72019,2/27/2025,no,6701
3.14144E+14,D-20-21 14BCC1 [BOQSUS],31.69561667,-110.1805139,BOQSUS,USGS,GW,28.35,null,null,1,USGS,m,2,S,V,A,72019,6/28/2022,no,6702
3.14318E+14,D-20-21 03CAB [FBK-LO],31.7216861,-110.1924889,FBK-LO,USGS,GW,15.48,null,null,1,USGS,m,2,S,V,A,72019,6/28/2019,no,6703
3.14125E+14,D-20-21 15DBD1 [BOQ-LI],31.69043056,-110.1852472,BOQ-LI,USGS,GW,9.77,null,null,1,USGS,m,2,S,V,A,72019,12/15/2021,no,6704
3.14317E+14,D-20-21 03CBA [FBK-LI],31.72146944,-110.1933028,FBK-LI,USGS,GW,13.57,null,null,1,USGS,m,2,S,V,A,72019,1/12/2018,no,6706
3.14144E+14,D-20-21 14BCC1 [BOQSUS],31.69561667,-110.1805139,BOQSUS,USGS,GW,26.52,null,null,1,USGS,m,2,S,V,A,72019,10/4/2022,no,6708
3.14318E+14,D-20-21 03CAB [FBK-LO],31.7216861,-110.1924889,FBK-LO,USGS,GW,16.01,null,null,1,USGS,m,2,S,V,A,72019,10/22/2019,no,6709
3.14125E+14,D-20-21 15DBD1 [BOQ-LI],31.69043056,-110.1852472,BOQ-LI,USGS,GW,9.65,null,null,1,USGS,m,2,S,V,A,72019,2/2/2022,no,6710
3.14317E+14,D-20-21 03CBA [FBK-LI],31.72146944,-110.1933028,FBK-LI,USGS,GW,12.24,null,null,1,USGS,m,2,S,V,A,72019,4/19/2018,no,6712
3.14144E+14,D-20-21 14BCC1 [BOQSUS],31.69561667,-110.1805139,BOQSUS,USGS,GW,26.33,null,null,1,USGS,m,2,S,V,A,72019,1/31/2023,no,6714
3.14318E+14,D-20-21 03CAB [FBK-LO],31.7216861,-110.1924889,FBK-LO,USGS,GW,14.15,null,null,1,USGS,m,2,S,V,A,72019,1/10/2020,no,6716
3.14125E+14,D-20-21 15DBD1 [BOQ-LI],31.69043056,-110.1852472,BOQ-LI,USGS,GW,9.14,null,null,1,USGS,m,2,S,V,A,72019,4/6/2022,no,6718
3.14144E+14,D-20-21 14BCC1 [BOQSUS],31.69561667,-110.1805139,BOQSUS,USGS,GW,26.4,null,null,1,USGS,m,2,S,V,A,72019,4/26/2023,no,6719
3.14317E+14,D-20-21 03CBA [FBK-LI],31.72146944,-110.1933028,FBK-LI,USGS,GW,15.26,null,null,1,USGS,m,2,S,V,A,72019,6/20/2018,no,6720
3.14317E+14,D-20-21 03CBA [FBK-LI],31.72146944,-110.1933028,FBK-LI,USGS,GW,16.02,null,null,1,USGS,m,2,S,V,A,72019,10/24/2018,no,6722
3.14125E+14,D-20-21 15DBD1 [BOQ-LI],31.69043056,-110.1852472,BOQ-LI,USGS,GW,9.97,null,null,1,USGS,m,2,S,V,A,72019,6/28/2022,no,6724
3.14144E+14,D-20-21 14BCC1 [BOQSUS],31.69561667,-110.1805139,BOQSUS,USGS,GW,27.47,null,null,1,USGS,m,2,S,S,A,72019,6/23/2023,no,6725
3.14317E+14,D-20-21 03CBA [FBK-LI],31.72146944,-110.1933028,FBK-LI,USGS,GW,13.25,null,null,1,USGS,m,2,S,V,A,72019,2/8/2019,no,6727
3.14318E+14,D-20-21 03CAB [FBK-LO],31.7216861,-110.1924889,FBK-LO,USGS,GW,13.08,null,null,1,USGS,m,2,S,V,A,72019,4/9/2020,no,6729
3.14125E+14,D-20-21 15DBD1 [BOQ-LI],31.69043056,-110.1852472,BOQ-LI,USGS,GW,9.41,null,null,1,USGS,m,2,S,V,A,72019,10/4/2022,no,6730
3.14144E+14,D-20-21 14BCC1 [BOQSUS],31.69561667,-110.1805139,BOQSUS,USGS,GW,29.22,null,null,1,USGS,m,2,S,V,A,72019,11/17/2023,no,6731
3.14317E+14,D-20-21 03CBA [FBK-LI],31.72146944,-110.1933028,FBK-LI,USGS,GW,12.45,null,null,1,USGS,m,2,S,V,A,72019,4/15/2019,no,6733
3.14318E+14,D-20-21 03CAB [FBK-LO],31.7216861,-110.1924889,FBK-LO,USGS,GW,15.08,null,null,1,USGS,m,2,S,V,A,72019,6/23/2020,no,6735
3.14125E+14,D-20-21 15DBD1 [BOQ-LI],31.69043056,-110.1852472,BOQ-LI,USGS,GW,9.31,null,null,1,USGS,m,2,S,S,A,72019,1/31/2023,no,6736
3.14144E+14,D-20-21 14BCC1 [BOQSUS],31.69561667,-110.1805139,BOQSUS,USGS,GW,27.13,null,null,1,USGS,m,2,S,V,A,72019,2/14/2024,no,6737
3.14317E+14,D-20-21 03CBA [FBK-LI],31.72146944,-110.1933028,FBK-LI,USGS,GW,15.41,null,null,1,USGS,m,2,S,V,A,72019,6/28/2019,no,6739
3.14318E+14,D-20-21 03CAB [FBK-LO],31.7216861,-110.1924889,FBK-LO,USGS,GW,15.43,null,null,1,USGS,m,2,S,V,A,72019,2/12/2021,no,6741
3.14125E+14,D-20-21 15DBD1 [BOQ-LI],31.69043056,-110.1852472,BOQ-LI,USGS,GW,9.51,null,null,1,USGS,m,2,S,V,A,72019,4/26/2023,no,6742
3.14144E+14,D-20-21 14BCC1 [BOQSUS],31.69561667,-110.1805139,BOQSUS,USGS,GW,26.98,null,null,1,USGS,m,2,S,V,A,72019,4/17/2024,no,6743
3.14317E+14,D-20-21 03CBA [FBK-LI],31.72146944,-110.1933028,FBK-LI,USGS,GW,15.48,null,null,1,USGS,m,2,S,V,A,72019,10/22/2019,no,6745
3.14318E+14,D-20-21 03CAB [FBK-LO],31.7216861,-110.1924889,FBK-LO,USGS,GW,14.56,null,null,1,USGS,m,2,S,V,A,72019,4/6/2021,no,6747
3.14125E+14,D-20-21 15DBD1 [BOQ-LI],31.69043056,-110.1852472,BOQ-LI,USGS,GW,9.67,null,null,1,USGS,m,2,S,S,A,72019,6/1/2023,no,6748
3.14144E+14,D-20-21 14BCC1 [BOQSUS],31.69561667,-110.1805139,BOQSUS,USGS,GW,28.55,null,null,1,USGS,m,2,S,V,A,72019,7/10/2024,no,6749
3.14144E+14,D-20-21 14BCC1 [BOQSUS],31.69561667,-110.1805139,BOQSUS,USGS,GW,29.93,null,null,1,USGS,m,2,S,V,A,72019,10/30/2024,no,6753
3.14317E+14,D-20-21 03CBA [FBK-LI],31.72146944,-110.1933028,FBK-LI,USGS,GW,13.49,null,null,1,USGS,m,2,S,V,A,72019,1/10/2020,no,6754
3.14144E+14,D-20-21 14BCC1 [BOQSUS],31.69561667,-110.1805139,BOQSUS,USGS,GW,27.27,null,null,1,USGS,m,2,S,V,P,72019,2/27/2025,no,6757
3.14125E+14,D-20-21 15DBD1 [BOQ-LI],31.69043056,-110.1852472,BOQ-LI,USGS,GW,9.88,null,null,1,USGS,m,2,S,S,A,72019,6/23/2023,no,6758
3.14318E+14,D-20-21 03CAB [FBK-LO],31.7216861,-110.1924889,FBK-LO,USGS,GW,17.23,null,null,1,USGS,m,2,S,V,A,72019,6/29/2021,no,6759
3.14125E+14,D-20-21 15DBD1 [BOQ-LI],31.69043056,-110.1852472,BOQ-LI,USGS,GW,10.09,null,null,1,USGS,m,2,S,V,A,72019,11/17/2023,no,6760
3.14317E+14,D-20-21 03CBA [FBK-LI],31.72146944,-110.1933028,FBK-LI,USGS,GW,12.16,null,null,1,USGS,m,2,S,V,A,72019,4/9/2020,no,6761
3.14248E+14,D-20-21 10AAC2 [FBK-UP],31.713525,-110.1837167,FBK-UP,USGS,GW,33.37,null,null,1,null,m,2,null,O,A,72019,8/31/2006,no,6763
3.14318E+14,D-20-21 03CAB [FBK-LO],31.7216861,-110.1924889,FBK-LO,USGS,GW,15.34,null,null,1,USGS,m,2,S,V,A,72019,10/21/2021,no,6765
3.14125E+14,D-20-21 15DBD1 [BOQ-LI],31.69043056,-110.1852472,BOQ-LI,USGS,GW,9.65,null,null,1,USGS,m,2,S,V,A,72019,4/17/2024,no,6766
3.14317E+14,D-20-21 03CBA [FBK-LI],31.72146944,-110.1933028,FBK-LI,USGS,GW,15.08,null,null,1,USGS,m,2,S,V,A,72019,6/23/2020,no,6767
3.14248E+14,D-20-21 10AAC2 [FBK-UP],31.713525,-110.1837167,FBK-UP,USGS,GW,33.38,null,null,1,null,m,2,null,O,A,72019,9/1/2006,no,6769
3.14318E+14,D-20-21 03CAB [FBK-LO],31.7216861,-110.1924889,FBK-LO,USGS,GW,14.24,null,null,1,USGS,m,2,S,V,A,72019,2/2/2022,no,6771
3.14125E+14,D-20-21 15DBD1 [BOQ-LI],31.69043056,-110.1852472,BOQ-LI,USGS,GW,10.25,null,null,1,USGS,m,2,S,S,A,72019,6/20/2024,no,6772
3.14317E+14,D-20-21 03CBA [FBK-LI],31.72146944,-110.1933028,FBK-LI,USGS,GW,14.73,null,null,1,USGS,m,2,S,V,A,72019,2/12/2021,no,6773
3.14248E+14,D-20-21 10AAC2 [FBK-UP],31.713525,-110.1837167,FBK-UP,USGS,GW,32.95,null,null,1,null,m,2,null,O,A,72019,10/17/2006,no,6775
3.14318E+14,D-20-21 03CAB [FBK-LO],31.7216861,-110.1924889,FBK-LO,USGS,GW,13.72,null,null,1,USGS,m,2,S,V,A,72019,4/6/2022,no,6777
3.14125E+14,D-20-21 15DBD1 [BOQ-LI],31.69043056,-110.1852472,BOQ-LI,USGS,GW,10.24,null,null,1,USGS,m,2,S,V,A,72019,10/30/2024,no,6778
3.14317E+14,D-20-21 03CBA [FBK-LI],31.72146944,-110.1933028,FBK-LI,USGS,GW,13.14,null,null,1,USGS,m,2,S,V,A,72019,4/6/2021,no,6779
3.14248E+14,D-20-21 10AAC2 [FBK-UP],31.713525,-110.1837167,FBK-UP,USGS,GW,32.62,null,null,1,null,m,2,null,O,A,72019,11/21/2006,no,6781
3.14318E+14,D-20-21 03CAB [FBK-LO],31.7216861,-110.1924889,FBK-LO,USGS,GW,16.08,null,null,1,USGS,m,2,S,V,A,72019,6/28/2022,no,6783
3.14317E+14,D-20-21 03CBA [FBK-LI],31.72146944,-110.1933028,FBK-LI,USGS,GW,16.14,null,null,1,USGS,m,2,S,V,A,72019,6/29/2021,no,6785
3.14248E+14,D-20-21 10AAC2 [FBK-UP],31.713525,-110.1837167,FBK-UP,USGS,GW,32.47,null,null,1,null,m,2,null,O,A,72019,12/7/2006,no,6786
3.14317E+14,D-20-21 03CBA [FBK-LI],31.72146944,-110.1933028,FBK-LI,USGS,GW,14.26,null,null,1,USGS,m,2,S,V,A,72019,10/21/2021,no,6790
3.14318E+14,D-20-21 03CAB [FBK-LO],31.7216861,-110.1924889,FBK-LO,USGS,GW,13.13,null,null,1,USGS,m,2,S,V,A,72019,10/5/2022,no,6791
3.14317E+14,D-20-21 03CBA [FBK-LI],31.72146944,-110.1933028,FBK-LI,USGS,GW,13.07,null,null,1,USGS,m,2,S,V,A,72019,2/2/2022,no,6794
3.14248E+14,D-20-21 10AAC2 [FBK-UP],31.713525,-110.1837167,FBK-UP,USGS,GW,32.15,null,null,1,null,m,2,null,O,A,72019,1/5/2007,no,6795
3.14144E+14,D-20-21 14BCC2 [BOQSUD],31.69558889,-110.1805278,BOQSUD,USGS,GW,11.78,null,null,1,null,m,2,null,O,A,72019,9/14/2006,no,6796
3.14318E+14,D-20-21 03CAB [FBK-LO],31.7216861,-110.1924889,FBK-LO,USGS,GW,12.64,null,null,1,USGS,m,2,S,S,A,72019,1/31/2023,no,6797
3.14317E+14,D-20-21 03CBA [FBK-LI],31.72146944,-110.1933028,FBK-LI,USGS,GW,12.68,null,null,1,USGS,m,2,S,V,A,72019,4/6/2022,no,6800
3.14248E+14,D-20-21 10AAC2 [FBK-UP],31.713525,-110.1837167,FBK-UP,USGS,GW,32.07,null,null,1,null,m,2,null,O,A,72019,1/17/2007,no,6801
3.14144E+14,D-20-21 14BCC2 [BOQSUD],31.69558889,-110.1805278,BOQSUD,USGS,GW,12.01,null,null,1,null,m,2,null,O,A,72019,10/17/2006,no,6802
3.14318E+14,D-20-21 03CAB [FBK-LO],31.7216861,-110.1924889,FBK-LO,USGS,GW,12.28,null,null,1,USGS,m,2,S,S,A,72019,4/26/2023,no,6803
3.14317E+14,D-20-21 03CBA [FBK-LI],31.72146944,-110.1933028,FBK-LI,USGS,GW,16.04,null,null,1,USGS,m,2,S,V,A,72019,6/28/2022,no,6806
3.14248E+14,D-20-21 10AAC2 [FBK-UP],31.713525,-110.1837167,FBK-UP,USGS,GW,31.91,null,null,1,null,m,2,null,O,A,72019,2/6/2007,no,6807
3.14144E+14,D-20-21 14BCC2 [BOQSUD],31.69558889,-110.1805278,BOQSUD,USGS,GW,11.98,null,null,1,null,m,2,null,O,A,72019,11/9/2006,no,6808
3.14318E+14,D-20-21 03CAB [FBK-LO],31.7216861,-110.1924889,FBK-LO,USGS,GW,13.94,null,null,1,USGS,m,2,S,S,A,72019,6/23/2023,no,6809
3.14144E+14,D-20-21 14BCC1 [BOQSUS],31.69561667,-110.1805139,BOQSUS,USGS,GW,25.48,null,null,1,null,m,2,null,O,A,72019,9/14/2006,no,6811
3.14317E+14,D-20-21 03CBA [FBK-LI],31.72146944,-110.1933028,FBK-LI,USGS,GW,12.65,null,null,1,USGS,m,2,S,V,A,72019,10/5/2022,no,6812
3.14248E+14,D-20-21 10AAC2 [FBK-UP],31.713525,-110.1837167,FBK-UP,USGS,GW,31.78,null,null,1,null,m,2,null,O,A,72019,2/21/2007,no,6813
3.14144E+14,D-20-21 14BCC2 [BOQSUD],31.69558889,-110.1805278,BOQSUD,USGS,GW,12.02,null,null,1,null,m,2,null,O,A,72019,11/21/2006,no,6814
3.14318E+14,D-20-21 03CAB [FBK-LO],31.7216861,-110.1924889,FBK-LO,USGS,GW,17.66,null,null,1,USGS,m,2,S,V,A,72019,11/17/2023,no,6815
3.14144E+14,D-20-21 14BCC1 [BOQSUS],31.69561667,-110.1805139,BOQSUS,USGS,GW,26.94,null,null,1,null,m,2,null,O,A,72019,10/17/2006,no,6817
3.14317E+14,D-20-21 03CBA [FBK-LI],31.72146944,-110.1933028,FBK-LI,USGS,GW,12.23,null,null,1,USGS,m,2,S,S,A,72019,1/31/2023,no,6818
3.14248E+14,D-20-21 10AAC2 [FBK-UP],31.713525,-110.1837167,FBK-UP,USGS,GW,31.69,null,null,1,null,m,2,null,O,A,72019,3/6/2007,no,6819
3.14144E+14,D-20-21 14BCC2 [BOQSUD],31.69558889,-110.1805278,BOQSUD,USGS,GW,11.98,null,null,1,null,m,2,null,O,A,72019,12/7/2006,no,6820
3.14318E+14,D-20-21 03CAB [FBK-LO],31.7216861,-110.1924889,FBK-LO,USGS,GW,15.46,null,null,1,USGS,m,2,S,V,A,72019,2/14/2024,no,6821
3.14144E+14,D-20-21 14BCC1 [BOQSUS],31.69561667,-110.1805139,BOQSUS,USGS,GW,26.89,null,null,1,null,m,2,null,O,A,72019,11/9/2006,no,6823
3.14144E+14,D-20-21 14BCC1 [BOQSUS],31.69561667,-110.1805139,BOQSUS,USGS,GW,26.78,null,null,1,null,m,2,null,O,A,72019,11/21/2006,no,6824
3.14144E+14,D-20-21 14BCC1 [BOQSUS],31.69561667,-110.1805139,BOQSUS,USGS,GW,26.71,null,null,1,null,m,2,null,O,A,72019,12/7/2006,no,6825
3.14144E+14,D-20-21 14BCC1 [BOQSUS],31.69561667,-110.1805139,BOQSUS,USGS,GW,26.63,null,null,1,null,m,2,null,O,A,72019,1/5/2007,no,6826
3.14144E+14,D-20-21 14BCC1 [BOQSUS],31.69561667,-110.1805139,BOQSUS,USGS,GW,26.61,null,null,1,null,m,2,null,O,A,72019,2/6/2007,no,6827
3.14144E+14,D-20-21 14BCC1 [BOQSUS],31.69561667,-110.1805139,BOQSUS,USGS,GW,26.58,null,null,1,null,m,2,null,O,A,72019,3/6/2007,no,6828
3.14144E+14,D-20-21 14BCC1 [BOQSUS],31.69561667,-110.1805139,BOQSUS,USGS,GW,26.61,null,null,1,null,m,2,null,O,A,72019,4/3/2007,no,6829
3.14144E+14,D-20-21 14BCC1 [BOQSUS],31.69561667,-110.1805139,BOQSUS,USGS,GW,26.88,null,null,1,null,m,2,null,O,A,72019,5/2/2007,no,6830
3.14144E+14,D-20-21 14BCC1 [BOQSUS],31.69561667,-110.1805139,BOQSUS,USGS,GW,27.68,null,null,1,null,m,2,null,O,A,72019,6/6/2007,no,6831
3.14144E+14,D-20-21 14BCC1 [BOQSUS],31.69561667,-110.1805139,BOQSUS,USGS,GW,28.64,null,null,1,null,m,2,null,O,A,72019,7/5/2007,no,6832
3.14144E+14,D-20-21 14BCC1 [BOQSUS],31.69561667,-110.1805139,BOQSUS,USGS,GW,26.15,null,null,1,null,m,2,null,O,A,72019,8/7/2007,no,6833
3.14144E+14,D-20-21 14BCC1 [BOQSUS],31.69561667,-110.1805139,BOQSUS,USGS,GW,27.45,null,null,1,null,m,2,null,O,A,72019,9/6/2007,no,6834
3.14144E+14,D-20-21 14BCC1 [BOQSUS],31.69561667,-110.1805139,BOQSUS,USGS,GW,27.52,null,null,1,null,m,2,null,O,A,72019,10/16/2007,no,6835
3.14144E+14,D-20-21 14BCC1 [BOQSUS],31.69561667,-110.1805139,BOQSUS,USGS,GW,27.37,null,null,1,null,m,2,null,O,A,72019,11/6/2007,no,6836
3.14144E+14,D-20-21 14BCC1 [BOQSUS],31.69561667,-110.1805139,BOQSUS,USGS,GW,27.3,null,null,1,null,m,2,null,O,A,72019,11/13/2007,no,6837
3.14144E+14,D-20-21 14BCC1 [BOQSUS],31.69561667,-110.1805139,BOQSUS,USGS,GW,26.97,null,null,1,null,m,2,null,O,A,72019,12/5/2007,no,6838
3.14144E+14,D-20-21 14BCC1 [BOQSUS],31.69561667,-110.1805139,BOQSUS,USGS,GW,26.85,null,null,1,null,m,2,null,O,A,72019,1/4/2008,no,6839
3.14144E+14,D-20-21 14BCC1 [BOQSUS],31.69561667,-110.1805139,BOQSUS,USGS,GW,26.75,null,null,1,null,m,2,null,O,A,72019,2/8/2008,no,6840
3.14144E+14,D-20-21 14BCC1 [BOQSUS],31.69561667,-110.1805139,BOQSUS,USGS,GW,26.67,null,null,1,null,m,2,null,O,A,72019,3/5/2008,no,6841
3.14144E+14,D-20-21 14BCC1 [BOQSUS],31.69561667,-110.1805139,BOQSUS,USGS,GW,26.69,null,null,1,null,m,2,null,O,A,72019,4/4/2008,no,6842
3.14144E+14,D-20-21 14BCC1 [BOQSUS],31.69561667,-110.1805139,BOQSUS,USGS,GW,28.65,null,null,1,null,m,2,null,O,A,72019,7/2/2008,no,6843
3.14144E+14,D-20-21 14BCC1 [BOQSUS],31.69561667,-110.1805139,BOQSUS,USGS,GW,26.54,null,null,1,null,m,2,null,O,A,72019,9/4/2008,no,6844
3.14144E+14,D-20-21 14BCC1 [BOQSUS],31.69561667,-110.1805139,BOQSUS,USGS,GW,26.29,null,null,1,null,m,2,null,O,A,72019,3/20/2009,no,6845
3.14144E+14,D-20-21 14BCC1 [BOQSUS],31.69561667,-110.1805139,BOQSUS,USGS,GW,26.77,null,null,1,null,m,2,null,O,A,72019,5/12/2009,no,6846
3.14144E+14,D-20-21 14BCC1 [BOQSUS],31.69561667,-110.1805139,BOQSUS,USGS,GW,27.92,null,null,1,null,m,2,null,O,A,72019,6/23/2009,no,6847
3.14144E+14,D-20-21 14BCC1 [BOQSUS],31.69561667,-110.1805139,BOQSUS,USGS,GW,29.47,null,null,1,null,m,2,null,O,A,72019,7/17/2009,no,6848
3.14144E+14,D-20-21 14BCC1 [BOQSUS],31.69561667,-110.1805139,BOQSUS,USGS,GW,28.53,null,null,1,null,m,2,null,O,A,72019,8/3/2009,no,6849
3.14144E+14,D-20-21 14BCC1 [BOQSUS],31.69561667,-110.1805139,BOQSUS,USGS,GW,28.67,null,null,1,null,m,2,null,O,A,72019,9/25/2009,no,6850
3.14144E+14,D-20-21 14BCC1 [BOQSUS],31.69561667,-110.1805139,BOQSUS,USGS,GW,28.42,null,null,1,null,m,2,null,O,A,72019,11/12/2009,no,6851
3.14144E+14,D-20-21 14BCC1 [BOQSUS],31.69561667,-110.1805139,BOQSUS,USGS,GW,27.18,null,null,1,null,m,2,null,O,A,72019,1/4/2010,no,6852
3.14144E+14,D-20-21 14BCC1 [BOQSUS],31.69561667,-110.1805139,BOQSUS,USGS,GW,26.77,null,null,1,null,m,2,null,O,A,72019,2/9/2010,no,6853
3.14144E+14,D-20-21 14BCC1 [BOQSUS],31.69561667,-110.1805139,BOQSUS,USGS,GW,26.65,null,null,1,null,m,2,null,O,A,72019,3/30/2010,no,6854
3.14317E+14,D-20-21 03CBA [FBK-LI],31.72146944,-110.1933028,FBK-LI,USGS,GW,11.87,null,null,1,USGS,m,2,S,S,A,72019,4/26/2023,no,6855
3.14248E+14,D-20-21 10AAC2 [FBK-UP],31.713525,-110.1837167,FBK-UP,USGS,GW,31.53,null,null,1,null,m,2,null,O,A,72019,4/4/2007,no,6856
3.14317E+14,D-20-21 03CBA [FBK-LI],31.72146944,-110.1933028,FBK-LI,USGS,GW,14.35,null,null,1,USGS,m,2,S,S,A,72019,6/23/2023,no,6857
3.14317E+14,D-20-21 03CBA [FBK-LI],31.72146944,-110.1933028,FBK-LI,USGS,GW,15.64,null,null,1,USGS,m,2,S,V,A,72019,2/14/2024,no,6858
3.14248E+14,D-20-21 10AAC2 [FBK-UP],31.713525,-110.1837167,FBK-UP,USGS,GW,31.42,null,null,1,null,m,2,null,O,A,72019,5/2/2007,no,6859
3.14317E+14,D-20-21 03CBA [FBK-LI],31.72146944,-110.1933028,FBK-LI,USGS,GW,13.17,null,null,1,USGS,m,2,S,V,A,72019,4/17/2024,no,6860
3.14248E+14,D-20-21 10AAC2 [FBK-UP],31.713525,-110.1837167,FBK-UP,USGS,GW,31.79,null,null,1,null,m,2,null,O,A,72019,6/6/2007,no,6861
3.14248E+14,D-20-21 10AAC2 [FBK-UP],31.713525,-110.1837167,FBK-UP,USGS,GW,32.71,null,null,1,null,m,2,null,O,A,72019,7/3/2007,no,6862
3.14248E+14,D-20-21 10AAC2 [FBK-UP],31.713525,-110.1837167,FBK-UP,USGS,GW,33.18,null,null,1,null,m,2,null,O,A,72019,8/3/2007,no,6863
3.14317E+14,D-20-21 03CBA [FBK-LI],31.72146944,-110.1933028,FBK-LI,USGS,GW,16.18,null,null,1,USGS,m,2,S,V,A,72019,7/10/2024,no,6864
3.14248E+14,D-20-21 10AAC2 [FBK-UP],31.713525,-110.1837167,FBK-UP,USGS,GW,33.21,null,null,1,null,m,2,null,O,A,72019,9/5/2007,no,6865
3.14318E+14,D-20-21 03CAB [FBK-LO],31.7216861,-110.1924889,FBK-LO,USGS,GW,14.45,null,null,1,USGS,m,2,S,V,A,72019,4/17/2024,no,6866
3.14317E+14,D-20-21 03CBA [FBK-LI],31.72146944,-110.1933028,FBK-LI,USGS,GW,16.43,null,null,1,USGS,m,2,S,S,P,72019,2/13/2025,no,6867
3.14248E+14,D-20-21 10AAC2 [FBK-UP],31.713525,-110.1837167,FBK-UP,USGS,GW,33.18,null,null,1,null,m,2,null,O,A,72019,10/5/2007,no,6869
3.14144E+14,D-20-21 14BCC2 [BOQSUD],31.69558889,-110.1805278,BOQSUD,USGS,GW,11.79,null,null,1,null,m,2,null,O,A,72019,1/5/2007,no,6870
3.14318E+14,D-20-21 03CAB [FBK-LO],31.7216861,-110.1924889,FBK-LO,USGS,GW,16.82,null,null,1,USGS,m,2,S,V,A,72019,7/10/2024,no,6871
3.14248E+14,D-20-21 10AAC2 [FBK-UP],31.713525,-110.1837167,FBK-UP,USGS,GW,32.87,null,null,1,null,m,2,null,O,A,72019,11/13/2007,no,6874
3.14318E+14,D-20-21 03CAB [FBK-LO],31.7216861,-110.1924889,FBK-LO,USGS,GW,18.44,null,null,1,USGS,m,2,S,V,A,72019,10/30/2024,no,6875
3.14144E+14,D-20-21 14BCC2 [BOQSUD],31.69558889,-110.1805278,BOQSUD,USGS,GW,11.85,null,null,1,null,m,2,null,O,A,72019,2/6/2007,no,6876
3.14248E+14,D-20-21 10AAC2 [FBK-UP],31.713525,-110.1837167,FBK-UP,USGS,GW,32.57,null,null,1,null,m,2,null,O,A,72019,12/4/2007,no,6879
3.14318E+14,D-20-21 03CAB [FBK-LO],31.7216861,-110.1924889,FBK-LO,USGS,GW,15.61,null,null,1,USGS,m,2,S,S,P,72019,2/13/2025,no,6880
3.14144E+14,D-20-21 14BCC2 [BOQSUD],31.69558889,-110.1805278,BOQSUD,USGS,GW,11.82,null,null,1,null,m,2,null,O,A,72019,3/6/2007,no,6882
3.14248E+14,D-20-21 10AAC2 [FBK-UP],31.713525,-110.1837167,FBK-UP,USGS,GW,32.23,null,null,1,null,m,2,null,O,A,72019,1/2/2008,no,6883
3.14144E+14,D-20-21 14BCC2 [BOQSUD],31.69558889,-110.1805278,BOQSUD,USGS,GW,11.77,null,null,1,null,m,2,null,O,A,72019,4/3/2007,no,6886
3.14248E+14,D-20-21 10AAC2 [FBK-UP],31.713525,-110.1837167,FBK-UP,USGS,GW,32.15,null,null,1,null,m,2,null,O,A,72019,1/9/2008,no,6888
3.14144E+14,D-20-21 14BCC2 [BOQSUD],31.69558889,-110.1805278,BOQSUD,USGS,GW,11.76,null,null,1,null,m,2,null,O,A,72019,5/2/2007,no,6891
3.14318E+14,D-20-21 03CAB [FBK-LO],31.7216861,-110.1924889,FBK-LO,USGS,GW,13.6,null,null,1,null,m,2,null,O,A,72019,9/13/2006,no,6892
3.14248E+14,D-20-21 10AAC2 [FBK-UP],31.713525,-110.1837167,FBK-UP,USGS,GW,31.92,null,null,1,null,m,2,null,O,A,72019,2/7/2008,no,6893
3.14144E+14,D-20-21 14BCC2 [BOQSUD],31.69558889,-110.1805278,BOQSUD,USGS,GW,11.9,null,null,1,null,m,2,null,O,A,72019,6/6/2007,no,6896
3.14318E+14,D-20-21 03CAB [FBK-LO],31.7216861,-110.1924889,FBK-LO,USGS,GW,14.01,null,null,1,null,m,2,null,O,A,72019,11/3/2006,no,6897
3.14248E+14,D-20-21 10AAC2 [FBK-UP],31.713525,-110.1837167,FBK-UP,USGS,GW,31.73,null,null,1,null,m,2,null,O,A,72019,3/5/2008,no,6898
3.14144E+14,D-20-21 14BCC2 [BOQSUD],31.69558889,-110.1805278,BOQSUD,USGS,GW,12.38,null,null,1,null,m,2,null,O,A,72019,7/5/2007,no,6901
3.14318E+14,D-20-21 03CAB [FBK-LO],31.7216861,-110.1924889,FBK-LO,USGS,GW,13.83,null,null,1,null,m,2,null,O,A,72019,12/7/2006,no,6902
3.14248E+14,D-20-21 10AAC2 [FBK-UP],31.713525,-110.1837167,FBK-UP,USGS,GW,31.52,null,null,1,null,m,2,null,O,A,72019,4/4/2008,no,6903
3.14144E+14,D-20-21 14BCC2 [BOQSUD],31.69558889,-110.1805278,BOQSUD,USGS,GW,12.17,null,null,1,null,m,2,null,O,A,72019,8/7/2007,no,6906
3.14318E+14,D-20-21 03CAB [FBK-LO],31.7216861,-110.1924889,FBK-LO,USGS,GW,13.81,null,null,1,null,m,2,null,O,A,72019,12/11/2006,no,6907
3.14248E+14,D-20-21 10AAC2 [FBK-UP],31.713525,-110.1837167,FBK-UP,USGS,GW,32.65,null,null,1,null,m,2,null,O,A,72019,7/2/2008,no,6908
3.14144E+14,D-20-21 14BCC2 [BOQSUD],31.69558889,-110.1805278,BOQSUD,USGS,GW,12.22,null,null,1,null,m,2,null,O,A,72019,9/6/2007,no,6911
3.14318E+14,D-20-21 03CAB [FBK-LO],31.7216861,-110.1924889,FBK-LO,USGS,GW,13.6,null,null,1,null,m,2,null,O,A,72019,1/17/2007,no,6912
3.14248E+14,D-20-21 10AAC2 [FBK-UP],31.713525,-110.1837167,FBK-UP,USGS,GW,31.85,null,null,1,null,m,2,null,O,A,72019,11/25/2008,no,6913
3.14144E+14,D-20-21 14BCC2 [BOQSUD],31.69558889,-110.1805278,BOQSUD,USGS,GW,12.25,null,null,1,null,m,2,null,O,A,72019,10/16/2007,no,6916
3.14318E+14,D-20-21 03CAB [FBK-LO],31.7216861,-110.1924889,FBK-LO,USGS,GW,13.45,null,null,1,null,m,2,null,O,A,72019,2/21/2007,no,6917
3.14511E+14,D-19-21 28ACD [TOM-LI],31.75269444,-110.2024111,TOM-LI,USGS,GW,7.04,null,null,1,null,m,2,null,O,A,72019,11/21/2006,no,6919
3.14248E+14,D-20-21 10AAC2 [FBK-UP],31.713525,-110.1837167,FBK-UP,USGS,GW,30.95,null,null,1,null,m,2,null,O,A,72019,3/20/2009,no,6920
3.14144E+14,D-20-21 14BCC2 [BOQSUD],31.69558889,-110.1805278,BOQSUD,USGS,GW,12.33,null,null,1,null,m,2,null,O,A,72019,11/13/2007,no,6921
3.14318E+14,D-20-21 03CAB [FBK-LO],31.7216861,-110.1924889,FBK-LO,USGS,GW,13.37,null,null,1,null,m,2,null,O,A,72019,3/6/2007,no,6922
3.14511E+14,D-19-21 28ACD [TOM-LI],31.75269444,-110.2024111,TOM-LI,USGS,GW,7.07,null,null,1,null,m,2,null,O,A,72019,12/18/2006,no,6923
3.14248E+14,D-20-21 10AAC2 [FBK-UP],31.713525,-110.1837167,FBK-UP,USGS,GW,30.82,null,null,1,null,m,2,null,O,A,72019,5/12/2009,no,6924
3.14318E+14,D-20-21 03CAB [FBK-LO],31.7216861,-110.1924889,FBK-LO,USGS,GW,13.23,null,null,1,null,m,2,null,O,A,72019,4/4/2007,no,6926
3.14144E+14,D-20-21 14BCC2 [BOQSUD],31.69558889,-110.1805278,BOQSUD,USGS,GW,12.14,null,null,1,null,m,2,null,O,A,72019,12/5/2007,no,6927
3.14511E+14,D-19-21 28ACD [TOM-LI],31.75269444,-110.2024111,TOM-LI,USGS,GW,7.07,null,null,1,null,m,2,null,O,A,72019,1/17/2007,no,6928
3.14248E+14,D-20-21 10AAC2 [FBK-UP],31.713525,-110.1837167,FBK-UP,USGS,GW,31.7,null,null,1,null,m,2,null,O,A,72019,6/23/2009,no,6929
3.14318E+14,D-20-21 03CAB [FBK-LO],31.7216861,-110.1924889,FBK-LO,USGS,GW,13.21,null,null,1,null,m,2,null,O,A,72019,5/4/2007,no,6931
3.14144E+14,D-20-21 14BCC2 [BOQSUD],31.69558889,-110.1805278,BOQSUD,USGS,GW,12.1,null,null,1,null,m,2,null,O,A,72019,1/4/2008,no,6932
3.14511E+14,D-19-21 28ACD [TOM-LI],31.75269444,-110.2024111,TOM-LI,USGS,GW,7.05,null,null,1,null,m,2,null,O,A,72019,2/8/2007,no,6933
3.14248E+14,D-20-21 10AAC2 [FBK-UP],31.713525,-110.1837167,FBK-UP,USGS,GW,32.37,null,null,1,null,m,2,null,O,A,72019,7/17/2009,no,6934
3.14318E+14,D-20-21 03CAB [FBK-LO],31.7216861,-110.1924889,FBK-LO,USGS,GW,14.23,null,null,1,null,m,2,null,O,A,72019,6/4/2007,no,6936
3.14144E+14,D-20-21 14BCC2 [BOQSUD],31.69558889,-110.1805278,BOQSUD,USGS,GW,11.96,null,null,1,null,m,2,null,O,A,72019,2/8/2008,no,6937
3.14511E+14,D-19-21 28ACD [TOM-LI],31.75269444,-110.2024111,TOM-LI,USGS,GW,6.88,null,null,1,null,m,2,null,O,A,72019,3/16/2007,no,6938
3.14248E+14,D-20-21 10AAC2 [FBK-UP],31.713525,-110.1837167,FBK-UP,USGS,GW,32.88,null,null,1,null,m,2,null,O,A,72019,8/3/2009,no,6939
3.14318E+14,D-20-21 03CAB [FBK-LO],31.7216861,-110.1924889,FBK-LO,USGS,GW,15.66,null,null,1,null,m,2,null,O,A,72019,7/3/2007,no,6941
3.14144E+14,D-20-21 14BCC2 [BOQSUD],31.69558889,-110.1805278,BOQSUD,USGS,GW,11.87,null,null,1,null,m,2,null,O,A,72019,3/5/2008,no,6942
3.14511E+14,D-19-21 28ACD [TOM-LI],31.75269444,-110.2024111,TOM-LI,USGS,GW,6.83,null,null,1,null,m,2,null,O,A,72019,3/26/2007,no,6943
3.14248E+14,D-20-21 10AAC2 [FBK-UP],31.713525,-110.1837167,FBK-UP,USGS,GW,33.76,null,null,1,null,m,2,null,O,A,72019,9/25/2009,no,6944
3.14318E+14,D-20-21 03CAB [FBK-LO],31.7216861,-110.1924889,FBK-LO,USGS,GW,14.69,null,null,1,null,m,2,null,O,A,72019,8/3/2007,no,6946
3.14144E+14,D-20-21 14BCC2 [BOQSUD],31.69558889,-110.1805278,BOQSUD,USGS,GW,11.9,null,null,1,null,m,2,null,O,A,72019,4/4/2008,no,6947
3.14511E+14,D-19-21 28ACD [TOM-LI],31.75269444,-110.2024111,TOM-LI,USGS,GW,6.89,null,null,1,null,m,2,null,O,A,72019,4/4/2007,no,6948
3.14248E+14,D-20-21 10AAC2 [FBK-UP],31.713525,-110.1837167,FBK-UP,USGS,GW,34.22,null,null,1,null,m,2,null,O,A,72019,11/12/2009,no,6949
3.14318E+14,D-20-21 03CAB [FBK-LO],31.7216861,-110.1924889,FBK-LO,USGS,GW,14.63,null,null,1,null,m,2,null,O,A,72019,9/5/2007,no,6951
3.14144E+14,D-20-21 14BCC2 [BOQSUD],31.69558889,-110.1805278,BOQSUD,USGS,GW,12.44,null,null,1,null,m,2,null,O,A,72019,7/2/2008,no,6952
3.14511E+14,D-19-21 28ACD [TOM-LI],31.75269444,-110.2024111,TOM-LI,USGS,GW,7.08,null,null,1,null,m,2,null,O,A,72019,5/4/2007,no,6953
3.14248E+14,D-20-21 10AAC2 [FBK-UP],31.713525,-110.1837167,FBK-UP,USGS,GW,33.55,null,null,1,null,m,2,null,O,A,72019,1/4/2010,no,6954
3.14511E+14,D-19-21 28ACD [TOM-LI],31.75269444,-110.2024111,TOM-LI,USGS,GW,12.14,null,null,1,null,m,2,null,O,A,72019,6/4/2007,no,6956
3.14318E+14,D-20-21 03CAB [FBK-LO],31.7216861,-110.1924889,FBK-LO,USGS,GW,14.57,null,null,1,null,m,2,null,O,A,72019,10/5/2007,no,6957
3.14248E+14,D-20-21 10AAC2 [FBK-UP],31.713525,-110.1837167,FBK-UP,USGS,GW,33.12,null,null,1,null,m,2,null,O,A,72019,2/9/2010,no,6958
3.14144E+14,D-20-21 14BCC2 [BOQSUD],31.69558889,-110.1805278,BOQSUD,USGS,GW,11.82,null,null,1,null,m,2,null,O,A,72019,9/4/2008,no,6959
3.14318E+14,D-20-21 03CAB [FBK-LO],31.7216861,-110.1924889,FBK-LO,USGS,GW,14.99,null,null,1,null,m,2,null,O,A,72019,11/2/2007,no,6961
3.14248E+14,D-20-21 10AAC2 [FBK-UP],31.713525,-110.1837167,FBK-UP,USGS,GW,33.47,null,null,1,null,m,2,null,O,A,72019,3/30/2010,no,6962
3.14511E+14,D-19-21 28ACD [TOM-LI],31.75269444,-110.2024111,TOM-LI,USGS,GW,15.96,null,null,1,null,m,2,null,O,A,72019,7/3/2007,no,6963
3.14144E+14,D-20-21 14BCC2 [BOQSUD],31.69558889,-110.1805278,BOQSUD,USGS,GW,11.45,null,null,1,null,m,2,null,O,A,72019,3/20/2009,no,6964
3.14318E+14,D-20-21 03CAB [FBK-LO],31.7216861,-110.1924889,FBK-LO,USGS,GW,14.44,null,null,1,null,m,2,null,O,A,72019,12/4/2007,no,6966
3.14248E+14,D-20-21 10AAC2 [FBK-UP],31.713525,-110.1837167,FBK-UP,USGS,GW,32.66,null,null,1,null,m,2,null,O,A,72019,6/25/2010,no,6967
3.14511E+14,D-19-21 28ACD [TOM-LI],31.75269444,-110.2024111,TOM-LI,USGS,GW,7.9,null,null,1,null,m,2,null,O,A,72019,8/3/2007,no,6968
3.14144E+14,D-20-21 14BCC2 [BOQSUD],31.69558889,-110.1805278,BOQSUD,USGS,GW,11.52,null,null,1,null,m,2,null,O,A,72019,5/12/2009,no,6969
3.14318E+14,D-20-21 03CAB [FBK-LO],31.7216861,-110.1924889,FBK-LO,USGS,GW,14.17,null,null,1,null,m,2,null,O,A,72019,1/2/2008,no,6971
3.14511E+14,D-19-21 28ACD [TOM-LI],31.75269444,-110.2024111,TOM-LI,USGS,GW,7.48,null,null,1,null,m,2,null,O,A,72019,9/5/2007,no,6972
3.14144E+14,D-20-21 14BCC2 [BOQSUD],31.69558889,-110.1805278,BOQSUD,USGS,GW,11.93,null,null,1,null,m,2,null,O,A,72019,6/23/2009,no,6973
3.14318E+14,D-20-21 03CAB [FBK-LO],31.7216861,-110.1924889,FBK-LO,USGS,GW,13.86,null,null,1,null,m,2,null,O,A,72019,2/7/2008,no,6975
3.14511E+14,D-19-21 28ACD [TOM-LI],31.75269444,-110.2024111,TOM-LI,USGS,GW,8.52,null,null,1,null,m,2,null,O,A,72019,10/5/2007,no,6976
3.14144E+14,D-20-21 14BCC2 [BOQSUD],31.69558889,-110.1805278,BOQSUD,USGS,GW,12.18,null,null,1,null,m,2,null,O,A,72019,7/17/2009,no,6977
3.14318E+14,D-20-21 03CAB [FBK-LO],31.7216861,-110.1924889,FBK-LO,USGS,GW,13.64,null,null,1,null,m,2,null,O,A,72019,3/4/2008,no,6978
3.14511E+14,D-19-21 28ACD [TOM-LI],31.75269444,-110.2024111,TOM-LI,USGS,GW,14.54,null,null,1,null,m,2,null,O,A,72019,11/2/2007,no,6979
3.14144E+14,D-20-21 14BCC2 [BOQSUD],31.69558889,-110.1805278,BOQSUD,USGS,GW,12.35,null,null,1,null,m,2,null,O,A,72019,8/3/2009,no,6980
3.14318E+14,D-20-21 03CAB [FBK-LO],31.7216861,-110.1924889,FBK-LO,USGS,GW,13.41,null,null,1,null,m,2,null,O,A,72019,4/2/2008,no,6981
3.14511E+14,D-19-21 28ACD [TOM-LI],31.75269444,-110.2024111,TOM-LI,USGS,GW,10.04,null,null,1,null,m,2,null,O,A,72019,12/4/2007,no,6982
3.14144E+14,D-20-21 14BCC2 [BOQSUD],31.69558889,-110.1805278,BOQSUD,USGS,GW,12.61,null,null,1,null,m,2,null,O,A,72019,9/25/2009,no,6983
3.14318E+14,D-20-21 03CAB [FBK-LO],31.7216861,-110.1924889,FBK-LO,USGS,GW,15.61,null,null,1,null,m,2,null,O,A,72019,7/2/2008,no,6984
3.14511E+14,D-19-21 28ACD [TOM-LI],31.75269444,-110.2024111,TOM-LI,USGS,GW,8.52,null,null,1,null,m,2,null,O,A,72019,1/2/2008,no,6985
3.14144E+14,D-20-21 14BCC2 [BOQSUD],31.69558889,-110.1805278,BOQSUD,USGS,GW,12.68,null,null,1,null,m,2,null,O,A,72019,11/12/2009,no,6986
3.14511E+14,D-19-21 28ACD [TOM-LI],31.75269444,-110.2024111,TOM-LI,USGS,GW,8.44,null,null,1,null,m,2,null,O,A,72019,1/4/2008,no,6987
3.14144E+14,D-20-21 14BCC2 [BOQSUD],31.69558889,-110.1805278,BOQSUD,USGS,GW,12.37,null,null,1,null,m,2,null,O,A,72019,1/4/2010,no,6988
3.14511E+14,D-19-21 28ACD [TOM-LI],31.75269444,-110.2024111,TOM-LI,USGS,GW,8.18,null,null,1,null,m,2,null,O,A,72019,1/9/2008,no,6989
3.14144E+14,D-20-21 14BCC2 [BOQSUD],31.69558889,-110.1805278,BOQSUD,USGS,GW,12.12,null,null,1,null,m,2,null,O,A,72019,2/9/2010,no,6990
3.14511E+14,D-19-21 28ACD [TOM-LI],31.75269444,-110.2024111,TOM-LI,USGS,GW,7.53,null,null,1,null,m,2,null,O,A,72019,2/7/2008,no,6991
3.14144E+14,D-20-21 14BCC2 [BOQSUD],31.69558889,-110.1805278,BOQSUD,USGS,GW,12.02,null,null,1,null,m,2,null,O,A,72019,3/30/2010,no,6992
3.14511E+14,D-19-21 28ACD [TOM-LI],31.75269444,-110.2024111,TOM-LI,USGS,GW,7.45,null,null,1,null,m,2,null,O,A,72019,2/11/2008,no,6993
3.14144E+14,D-20-21 14BCC2 [BOQSUD],31.69558889,-110.1805278,BOQSUD,USGS,GW,12.34,null,null,1,null,m,2,null,O,A,72019,6/25/2010,no,6994
3.14511E+14,D-19-21 28ACD [TOM-LI],31.75269444,-110.2024111,TOM-LI,USGS,GW,7.21,null,null,1,null,m,2,null,O,A,72019,3/4/2008,no,6995
3.14144E+14,D-20-21 14BCC2 [BOQSUD],31.69558889,-110.1805278,BOQSUD,USGS,GW,12.56,null,null,1,null,m,2,null,O,A,72019,8/2/2010,no,6996
3.14511E+14,D-19-21 28ACD [TOM-LI],31.75269444,-110.2024111,TOM-LI,USGS,GW,7.02,null,null,1,null,m,2,null,O,A,72019,4/2/2008,no,6997
3.14144E+14,D-20-21 14BCC2 [BOQSUD],31.69558889,-110.1805278,BOQSUD,USGS,GW,12.37,null,null,1,null,m,2,null,O,A,72019,10/25/2010,no,6998
3.14511E+14,D-19-21 28ACD [TOM-LI],31.75269444,-110.2024111,TOM-LI,USGS,GW,6.89,null,null,1,USGS,m,2,S,T,A,72019,11/7/2008,no,6999
3.14144E+14,D-20-21 14BCC2 [BOQSUD],31.69558889,-110.1805278,BOQSUD,USGS,GW,12.45,null,null,1,null,m,2,null,O,A,72019,12/2/2010,no,7000
3.14736E+14,D-19-21 08DAC1 [SUM-LI],31.7929861,-110.2175806,SUM-LI,USGS,GW,7.69,null,null,1,null,m,2,null,V,A,72019,10/3/2007,yes,7001
3.14736E+14,D-19-21 08DAC1 [SUM-LI],31.7929861,-110.2175806,SUM-LI,USGS,GW,7.83,null,null,1,null,m,2,null,V,A,72019,11/1/2007,yes,7002
3.14736E+14,D-19-21 08DAC1 [SUM-LI],31.7929861,-110.2175806,SUM-LI,USGS,GW,7.54,null,null,1,null,m,2,null,V,A,72019,12/3/2007,yes,7003
3.14736E+14,D-19-21 08DAC1 [SUM-LI],31.7929861,-110.2175806,SUM-LI,USGS,GW,7.43,null,null,1,null,m,2,null,V,A,72019,1/3/2008,yes,7004
3.14736E+14,D-19-21 08DAC1 [SUM-LI],31.7929861,-110.2175806,SUM-LI,USGS,GW,7.37,null,null,1,null,m,2,null,V,A,72019,2/5/2008,yes,7005
3.14736E+14,D-19-21 08DAC1 [SUM-LI],31.7929861,-110.2175806,SUM-LI,USGS,GW,7.34,null,null,1,null,m,2,null,V,A,72019,3/3/2008,yes,7006
3.14736E+14,D-19-21 08DAC1 [SUM-LI],31.7929861,-110.2175806,SUM-LI,USGS,GW,7.38,null,null,1,null,m,2,null,V,A,72019,4/1/2008,yes,7007
3.14736E+14,D-19-21 08DAC1 [SUM-LI],31.7929861,-110.2175806,SUM-LI,USGS,GW,6.89,null,null,1,USGS,m,2,S,V,A,72019,11/7/2008,yes,7008
3.14736E+14,D-19-21 08DAC1 [SUM-LI],31.7929861,-110.2175806,SUM-LI,USGS,GW,6.74,null,null,1,USGS,m,2,S,V,A,72019,12/5/2008,yes,7009
3.14736E+14,D-19-21 08DAC1 [SUM-LI],31.7929861,-110.2175806,SUM-LI,USGS,GW,6.72,null,null,1,USGS,m,2,S,V,A,72019,3/12/2009,yes,7010
3.14736E+14,D-19-21 08DAC1 [SUM-LI],31.7929861,-110.2175806,SUM-LI,USGS,GW,7.01,null,null,1,USGS,m,2,S,V,A,72019,4/24/2009,yes,7011
3.14736E+14,D-19-21 08DAC1 [SUM-LI],31.7929861,-110.2175806,SUM-LI,USGS,GW,7.41,null,null,1,USGS,m,2,S,V,A,72019,6/9/2009,yes,7012
3.14736E+14,D-19-21 08DAC1 [SUM-LI],31.7929861,-110.2175806,SUM-LI,USGS,GW,7.96,null,null,1,USGS,m,2,S,V,A,72019,8/24/2009,yes,7013
3.14736E+14,D-19-21 08DAC1 [SUM-LI],31.7929861,-110.2175806,SUM-LI,USGS,GW,9.4,null,null,1,USGS,m,2,S,V,A,72019,10/28/2009,yes,7014
3.14736E+14,D-19-21 08DAC1 [SUM-LI],31.7929861,-110.2175806,SUM-LI,USGS,GW,9.21,null,null,1,USGS,m,2,S,V,A,72019,11/20/2009,yes,7015
3.14736E+14,D-19-21 08DAC1 [SUM-LI],31.7929861,-110.2175806,SUM-LI,USGS,GW,9.03,null,null,1,USGS,m,2,S,V,A,72019,1/7/2010,yes,7016
3.14736E+14,D-19-21 08DAC1 [SUM-LI],31.7929861,-110.2175806,SUM-LI,USGS,GW,6.95,null,null,1,USGS,m,2,S,V,A,72019,2/25/2010,yes,7017
3.14736E+14,D-19-21 08DAC1 [SUM-LI],31.7929861,-110.2175806,SUM-LI,USGS,GW,6.87,null,null,1,USGS,m,2,S,V,A,72019,4/14/2010,yes,7018
3.14736E+14,D-19-21 08DAC1 [SUM-LI],31.7929861,-110.2175806,SUM-LI,USGS,GW,8.5,null,null,1,USGS,m,2,S,V,A,72019,6/25/2010,yes,7019
3.14736E+14,D-19-21 08DAC1 [SUM-LI],31.7929861,-110.2175806,SUM-LI,USGS,GW,7.12,null,null,1,USGS,m,2,S,V,A,72019,8/12/2010,yes,7020
3.14736E+14,D-19-21 08DAC1 [SUM-LI],31.7929861,-110.2175806,SUM-LI,USGS,GW,7.1,null,null,1,USGS,m,2,S,V,A,72019,9/16/2010,yes,7021
3.14736E+14,D-19-21 08DAC1 [SUM-LI],31.7929861,-110.2175806,SUM-LI,USGS,GW,7.4,null,null,1,USGS,m,2,S,V,A,72019,10/20/2010,yes,7022
3.14736E+14,D-19-21 08DAC1 [SUM-LI],31.7929861,-110.2175806,SUM-LI,USGS,GW,7.41,null,null,1,USGS,m,2,S,V,A,72019,11/23/2010,yes,7023
3.14736E+14,D-19-21 08DAC1 [SUM-LI],31.7929861,-110.2175806,SUM-LI,USGS,GW,7.33,null,null,1,USGS,m,2,S,V,A,72019,12/14/2010,yes,7024
3.14736E+14,D-19-21 08DAC1 [SUM-LI],31.7929861,-110.2175806,SUM-LI,USGS,GW,6.9,null,null,1,USGS,m,2,S,V,A,72019,3/3/2011,yes,7025
3.14736E+14,D-19-21 08DAC1 [SUM-LI],31.7929861,-110.2175806,SUM-LI,USGS,GW,6.94,null,null,1,USGS,m,2,S,V,A,72019,3/25/2011,yes,7026
3.14736E+14,D-19-21 08DAC1 [SUM-LI],31.7929861,-110.2175806,SUM-LI,USGS,GW,7.17,null,null,1,USGS,m,2,S,V,A,72019,4/21/2011,yes,7027
3.14736E+14,D-19-21 08DAC1 [SUM-LI],31.7929861,-110.2175806,SUM-LI,USGS,GW,7.55,null,null,1,USGS,m,2,S,V,A,72019,6/2/2011,yes,7028
3.14736E+14,D-19-21 08DAC1 [SUM-LI],31.7929861,-110.2175806,SUM-LI,USGS,GW,8.67,null,null,1,USGS,m,2,S,V,A,72019,7/14/2011,yes,7029
3.14736E+14,D-19-21 08DAC1 [SUM-LI],31.7929861,-110.2175806,SUM-LI,USGS,GW,5.54,null,null,1,USGS,m,2,S,V,A,72019,4/7/2022,yes,7030
3.14736E+14,D-19-21 08DAC1 [SUM-LI],31.7929861,-110.2175806,SUM-LI,USGS,GW,7.51,null,null,1,USGS,m,2,S,V,A,72019,6/22/2022,yes,7031
3.14736E+14,D-19-21 08DAC1 [SUM-LI],31.7929861,-110.2175806,SUM-LI,USGS,GW,4.77,null,null,1,USGS,m,2,S,S,A,72019,2/1/2023,yes,7032
3.14736E+14,D-19-21 08DAC1 [SUM-LI],31.7929861,-110.2175806,SUM-LI,USGS,GW,4.92,null,null,1,USGS,m,2,S,S,A,72019,4/10/2023,yes,7033
3.14736E+14,D-19-21 08DAC1 [SUM-LI],31.7929861,-110.2175806,SUM-LI,USGS,GW,5.67,null,null,1,USGS,m,2,S,S,A,72019,6/5/2023,yes,7034
3.14736E+14,D-19-21 08DAC1 [SUM-LI],31.7929861,-110.2175806,SUM-LI,USGS,GW,9.43,null,null,1,USGS,m,2,S,S,A,72019,11/17/2023,yes,7035
3.14736E+14,D-19-21 08DAC1 [SUM-LI],31.7929861,-110.2175806,SUM-LI,USGS,GW,9.18,null,null,1,USGS,m,2,S,S,A,72019,2/15/2024,yes,7036
3.14736E+14,D-19-21 08DAC1 [SUM-LI],31.7929861,-110.2175806,SUM-LI,USGS,GW,9.59,null,null,1,USGS,m,2,S,S,A,72019,4/18/2024,yes,7037
3.14736E+14,D-19-21 08DAC1 [SUM-LI],31.7929861,-110.2175806,SUM-LI,USGS,GW,10.49,null,null,1,USGS,m,2,S,S,A,72019,6/13/2024,yes,7038
3.14736E+14,D-19-21 08DAC1 [SUM-LI],31.7929861,-110.2175806,SUM-LI,USGS,GW,10.6,null,null,1,USGS,m,2,S,S,A,72019,6/20/2024,yes,7039
3.14736E+14,D-19-21 08DAC1 [SUM-LI],31.7929861,-110.2175806,SUM-LI,USGS,GW,10.54,null,null,1,USGS,m,2,S,S,P,72019,1/27/2025,yes,7040
3.14736E+14,D-19-21 08DAC1 [SUM-LI],31.7929861,-110.2175806,SUM-LI,USGS,GW,10.69,null,null,1,USGS,m,2,S,S,P,72019,3/27/2025,yes,7041
3.14736E+14,D-19-21 08DAC1 [SUM-LI],31.7929861,-110.2175806,SUM-LI,USGS,GW,10.78,null,null,1,USGS,m,2,S,S,P,72019,4/2/2025,yes,7042
3.14901E+14,D-19-21 05AAA1 [STD-LI],31.81713056,-110.2156278,STD-LI,USGS,GW,5.1,null,null,1,null,m,2,null,V,A,72019,10/11/2006,no,7064
3.14901E+14,D-19-21 05AAA1 [STD-LI],31.81713056,-110.2156278,STD-LI,USGS,GW,5.2,null,null,1,null,m,2,null,V,A,72019,11/14/2006,no,7065
3.14901E+14,D-19-21 05AAA1 [STD-LI],31.81713056,-110.2156278,STD-LI,USGS,GW,5.13,null,null,1,null,m,2,null,V,A,72019,12/1/2006,no,7066
3.14901E+14,D-19-21 05AAA1 [STD-LI],31.81713056,-110.2156278,STD-LI,USGS,GW,5.05,null,null,1,null,m,2,null,V,A,72019,1/3/2007,no,7067
3.14901E+14,D-19-21 05AAA1 [STD-LI],31.81713056,-110.2156278,STD-LI,USGS,GW,5,null,null,1,null,m,2,null,V,A,72019,2/1/2007,no,7068
3.14901E+14,D-19-21 05AAA1 [STD-LI],31.81713056,-110.2156278,STD-LI,USGS,GW,5.01,null,null,1,null,m,2,null,V,A,72019,3/2/2007,no,7069
3.14901E+14,D-19-21 05AAA1 [STD-LI],31.81713056,-110.2156278,STD-LI,USGS,GW,5.27,null,null,1,null,m,2,null,V,A,72019,4/2/2007,no,7070
3.14901E+14,D-19-21 05AAA1 [STD-LI],31.81713056,-110.2156278,STD-LI,USGS,GW,5.4,null,null,1,null,m,2,null,V,A,72019,4/30/2007,no,7071
3.14901E+14,D-19-21 05AAA1 [STD-LI],31.81713056,-110.2156278,STD-LI,USGS,GW,8.33,null,null,1,null,m,2,null,V,A,72019,6/5/2007,no,7072
3.14901E+14,D-19-21 05AAA1 [STD-LI],31.81713056,-110.2156278,STD-LI,USGS,GW,10.28,null,null,1,null,m,2,null,V,A,72019,7/2/2007,no,7073
3.14901E+14,D-19-21 05AAA1 [STD-LI],31.81713056,-110.2156278,STD-LI,USGS,GW,5,null,null,1,null,m,2,null,V,A,72019,8/1/2007,no,7074
3.14901E+14,D-19-21 05AAA1 [STD-LI],31.81713056,-110.2156278,STD-LI,USGS,GW,6.15,null,null,1,null,m,2,null,V,A,72019,9/4/2007,no,7075
3.14901E+14,D-19-21 05AAA1 [STD-LI],31.81713056,-110.2156278,STD-LI,USGS,GW,7.6,null,null,1,null,m,2,null,V,A,72019,10/3/2007,no,7076
3.14901E+14,D-19-21 05AAA1 [STD-LI],31.81713056,-110.2156278,STD-LI,USGS,GW,9.16,null,null,1,null,m,2,null,V,A,72019,11/1/2007,no,7077
3.14901E+14,D-19-21 05AAA1 [STD-LI],31.81713056,-110.2156278,STD-LI,USGS,GW,8.81,null,null,1,null,m,2,null,V,A,72019,12/3/2007,no,7078
3.14901E+14,D-19-21 05AAA1 [STD-LI],31.81713056,-110.2156278,STD-LI,USGS,GW,5.53,null,null,1,null,m,2,null,V,A,72019,1/3/2008,no,7079
3.14901E+14,D-19-21 05AAA1 [STD-LI],31.81713056,-110.2156278,STD-LI,USGS,GW,5.12,null,null,1,null,m,2,null,V,A,72019,2/4/2008,no,7080
3.14901E+14,D-19-21 05AAA1 [STD-LI],31.81713056,-110.2156278,STD-LI,USGS,GW,4.83,null,null,1,null,m,2,null,V,A,72019,3/3/2008,no,7081
3.14901E+14,D-19-21 05AAA1 [STD-LI],31.81713056,-110.2156278,STD-LI,USGS,GW,4.79,null,null,1,null,m,2,null,V,A,72019,4/1/2008,no,7082
3.14901E+14,D-19-21 05AAA1 [STD-LI],31.81713056,-110.2156278,STD-LI,USGS,GW,4.95,null,null,1,USGS,m,2,S,V,A,72019,11/7/2008,no,7083
3.14901E+14,D-19-21 05AAA1 [STD-LI],31.81713056,-110.2156278,STD-LI,USGS,GW,4.91,null,null,1,USGS,m,2,S,V,A,72019,11/13/2008,no,7084
3.14901E+14,D-19-21 05AAA1 [STD-LI],31.81713056,-110.2156278,STD-LI,USGS,GW,4.73,null,null,1,USGS,m,2,S,V,A,72019,12/4/2008,no,7085
3.14901E+14,D-19-21 05AAA1 [STD-LI],31.81713056,-110.2156278,STD-LI,USGS,GW,3.73,null,null,1,USGS,m,2,S,V,A,72019,3/12/2009,no,7086
3.14901E+14,D-19-21 05AAA1 [STD-LI],31.81713056,-110.2156278,STD-LI,USGS,GW,5.22,null,null,1,USGS,m,2,S,V,A,72019,4/24/2009,no,7087
3.14901E+14,D-19-21 05AAA1 [STD-LI],31.81713056,-110.2156278,STD-LI,USGS,GW,7.45,null,null,1,USGS,m,2,S,V,A,72019,6/9/2009,no,7088
3.14901E+14,D-19-21 05AAA1 [STD-LI],31.81713056,-110.2156278,STD-LI,USGS,GW,9.35,null,null,1,USGS,m,2,S,V,A,72019,8/24/2009,no,7089
3.14901E+14,D-19-21 05AAA1 [STD-LI],31.81713056,-110.2156278,STD-LI,USGS,GW,11.36,null,null,1,USGS,m,2,S,V,A,72019,10/28/2009,no,7090
3.14901E+14,D-19-21 05AAA1 [STD-LI],31.81713056,-110.2156278,STD-LI,USGS,GW,11.33,null,null,1,USGS,m,2,S,V,A,72019,11/20/2009,no,7091
3.14901E+14,D-19-21 05AAA1 [STD-LI],31.81713056,-110.2156278,STD-LI,USGS,GW,10.97,null,null,1,USGS,m,2,S,V,A,72019,1/7/2010,no,7092
3.14901E+14,D-19-21 05AAA1 [STD-LI],31.81713056,-110.2156278,STD-LI,USGS,GW,9.66,null,null,1,USGS,m,2,S,V,A,72019,2/25/2010,no,7093
3.14901E+14,D-19-21 05AAA1 [STD-LI],31.81713056,-110.2156278,STD-LI,USGS,GW,9.19,null,null,1,USGS,m,2,S,V,A,72019,4/14/2010,no,7094
3.14901E+14,D-19-21 05AAA1 [STD-LI],31.81713056,-110.2156278,STD-LI,USGS,GW,11.24,null,null,1,USGS,m,2,S,V,A,72019,6/25/2010,no,7095
3.14901E+14,D-19-21 05AAA1 [STD-LI],31.81713056,-110.2156278,STD-LI,USGS,GW,9.42,null,null,1,USGS,m,2,S,V,A,72019,8/12/2010,no,7096
3.14901E+14,D-19-21 05AAA1 [STD-LI],31.81713056,-110.2156278,STD-LI,USGS,GW,5.78,null,null,1,USGS,m,2,S,V,A,72019,9/16/2010,no,7097
3.14901E+14,D-19-21 05AAA1 [STD-LI],31.81713056,-110.2156278,STD-LI,USGS,GW,8.44,null,null,1,USGS,m,2,S,V,A,72019,10/20/2010,no,7098
3.14901E+14,D-19-21 05AAA1 [STD-LI],31.81713056,-110.2156278,STD-LI,USGS,GW,9.22,null,null,1,USGS,m,2,S,V,A,72019,11/23/2010,no,7099
3.14901E+14,D-19-21 05AAA1 [STD-LI],31.81713056,-110.2156278,STD-LI,USGS,GW,9.44,null,null,1,USGS,m,2,S,V,A,72019,12/14/2010,no,7100
3.14901E+14,D-19-21 05AAA1 [STD-LI],31.81713056,-110.2156278,STD-LI,USGS,GW,7.51,null,null,1,USGS,m,2,S,V,A,72019,3/3/2011,no,7101
3.14901E+14,D-19-21 05AAA1 [STD-LI],31.81713056,-110.2156278,STD-LI,USGS,GW,7.26,null,null,1,USGS,m,2,S,V,A,72019,3/25/2011,no,7102
3.14901E+14,D-19-21 05AAA1 [STD-LI],31.81713056,-110.2156278,STD-LI,USGS,GW,7.76,null,null,1,USGS,m,2,S,V,A,72019,4/21/2011,no,7103
3.14901E+14,D-19-21 05AAA1 [STD-LI],31.81713056,-110.2156278,STD-LI,USGS,GW,9.3,null,null,1,USGS,m,2,S,V,A,72019,6/2/2011,no,7104
3.14901E+14,D-19-21 05AAA1 [STD-LI],31.81713056,-110.2156278,STD-LI,USGS,GW,11.13,null,null,1,USGS,m,2,S,V,A,72019,7/14/2011,no,7105
3.14904E+14,D-19-21 05AAA2 [STD-LO],31.81788333,-110.2146139,STD-LO,USGS,GW,8.06,null,null,1,null,m,2,null,V,A,72019,10/11/2006,no,7126
3.14904E+14,D-19-21 05AAA2 [STD-LO],31.81788333,-110.2146139,STD-LO,USGS,GW,8.07,null,null,1,null,m,2,null,V,A,72019,11/14/2006,no,7127
3.14904E+14,D-19-21 05AAA2 [STD-LO],31.81788333,-110.2146139,STD-LO,USGS,GW,7.95,null,null,1,null,m,2,null,V,A,72019,12/1/2006,no,7128
3.14904E+14,D-19-21 05AAA2 [STD-LO],31.81788333,-110.2146139,STD-LO,USGS,GW,7.81,null,null,1,null,m,2,null,V,A,72019,1/3/2007,no,7129
3.14904E+14,D-19-21 05AAA2 [STD-LO],31.81788333,-110.2146139,STD-LO,USGS,GW,7.76,null,null,1,null,m,2,null,V,A,72019,2/1/2007,no,7130
3.14904E+14,D-19-21 05AAA2 [STD-LO],31.81788333,-110.2146139,STD-LO,USGS,GW,7.8,null,null,1,null,m,2,null,V,A,72019,3/2/2007,no,7131
3.14904E+14,D-19-21 05AAA2 [STD-LO],31.81788333,-110.2146139,STD-LO,USGS,GW,7.86,null,null,1,null,m,2,null,V,A,72019,4/2/2007,no,7132
3.14904E+14,D-19-21 05AAA2 [STD-LO],31.81788333,-110.2146139,STD-LO,USGS,GW,8.13,null,null,1,null,m,2,null,V,A,72019,4/30/2007,no,7133
3.14904E+14,D-19-21 05AAA2 [STD-LO],31.81788333,-110.2146139,STD-LO,USGS,GW,10.78,null,null,1,null,m,2,null,V,A,72019,6/5/2007,no,7134
3.14904E+14,D-19-21 05AAA2 [STD-LO],31.81788333,-110.2146139,STD-LO,USGS,GW,12.83,null,null,1,null,m,2,null,V,A,72019,7/2/2007,no,7135
3.14904E+14,D-19-21 05AAA2 [STD-LO],31.81788333,-110.2146139,STD-LO,USGS,GW,9.89,null,null,1,null,m,2,null,V,A,72019,8/1/2007,no,7136
3.14904E+14,D-19-21 05AAA2 [STD-LO],31.81788333,-110.2146139,STD-LO,USGS,GW,8.72,null,null,1,null,m,2,null,V,A,72019,9/4/2007,no,7137
3.14904E+14,D-19-21 05AAA2 [STD-LO],31.81788333,-110.2146139,STD-LO,USGS,GW,10.07,null,null,1,null,m,2,null,V,A,72019,10/3/2007,no,7138
3.14904E+14,D-19-21 05AAA2 [STD-LO],31.81788333,-110.2146139,STD-LO,USGS,GW,11.64,null,null,1,null,m,2,null,V,A,72019,11/1/2007,no,7139
3.14904E+14,D-19-21 05AAA2 [STD-LO],31.81788333,-110.2146139,STD-LO,USGS,GW,11.76,null,null,1,null,m,2,null,V,A,72019,12/3/2007,no,7140
3.14904E+14,D-19-21 05AAA2 [STD-LO],31.81788333,-110.2146139,STD-LO,USGS,GW,8.67,null,null,1,null,m,2,null,V,A,72019,1/3/2008,no,7141
3.14904E+14,D-19-21 05AAA2 [STD-LO],31.81788333,-110.2146139,STD-LO,USGS,GW,7.83,null,null,1,null,m,2,null,V,A,72019,2/4/2008,no,7142
3.14904E+14,D-19-21 05AAA2 [STD-LO],31.81788333,-110.2146139,STD-LO,USGS,GW,7.32,null,null,1,null,m,2,null,V,A,72019,3/3/2008,no,7143
3.14904E+14,D-19-21 05AAA2 [STD-LO],31.81788333,-110.2146139,STD-LO,USGS,GW,7.33,null,null,1,null,m,2,null,V,A,72019,4/1/2008,no,7144
3.14904E+14,D-19-21 05AAA2 [STD-LO],31.81788333,-110.2146139,STD-LO,USGS,GW,7.58,null,null,1,USGS,m,2,S,V,A,72019,11/7/2008,no,7145
3.14904E+14,D-19-21 05AAA2 [STD-LO],31.81788333,-110.2146139,STD-LO,USGS,GW,7.07,null,null,1,USGS,m,2,S,V,A,72019,12/4/2008,no,7146
3.14904E+14,D-19-21 05AAA2 [STD-LO],31.81788333,-110.2146139,STD-LO,USGS,GW,7.08,null,null,1,USGS,m,2,S,V,A,72019,3/12/2009,no,7147
3.14904E+14,D-19-21 05AAA2 [STD-LO],31.81788333,-110.2146139,STD-LO,USGS,GW,7.6,null,null,1,USGS,m,2,S,V,A,72019,4/24/2009,no,7148
3.14904E+14,D-19-21 05AAA2 [STD-LO],31.81788333,-110.2146139,STD-LO,USGS,GW,9.82,null,null,1,USGS,m,2,S,V,A,72019,6/9/2009,no,7149
3.14904E+14,D-19-21 05AAA2 [STD-LO],31.81788333,-110.2146139,STD-LO,USGS,GW,11.98,null,null,1,USGS,m,2,S,V,A,72019,8/24/2009,no,7150
3.14904E+14,D-19-21 05AAA2 [STD-LO],31.81788333,-110.2146139,STD-LO,USGS,GW,13.92,null,null,1,USGS,m,2,S,V,A,72019,10/28/2009,no,7151
3.14904E+14,D-19-21 05AAA2 [STD-LO],31.81788333,-110.2146139,STD-LO,USGS,GW,13.82,null,null,1,USGS,m,2,S,V,A,72019,11/20/2009,no,7152
3.14904E+14,D-19-21 05AAA2 [STD-LO],31.81788333,-110.2146139,STD-LO,USGS,GW,13.44,null,null,1,USGS,m,2,S,V,A,72019,1/7/2010,no,7153
3.14904E+14,D-19-21 05AAA2 [STD-LO],31.81788333,-110.2146139,STD-LO,USGS,GW,12.09,null,null,1,USGS,m,2,S,V,A,72019,2/25/2010,no,7154
3.14904E+14,D-19-21 05AAA2 [STD-LO],31.81788333,-110.2146139,STD-LO,USGS,GW,11.6,null,null,1,USGS,m,2,S,V,A,72019,4/14/2010,no,7155
3.14904E+14,D-19-21 05AAA2 [STD-LO],31.81788333,-110.2146139,STD-LO,USGS,GW,13.82,null,null,1,USGS,m,2,S,V,A,72019,6/25/2010,no,7156
3.14904E+14,D-19-21 05AAA2 [STD-LO],31.81788333,-110.2146139,STD-LO,USGS,GW,12.06,null,null,1,USGS,m,2,S,V,A,72019,8/12/2010,no,7157
3.14904E+14,D-19-21 05AAA2 [STD-LO],31.81788333,-110.2146139,STD-LO,USGS,GW,8.46,null,null,1,USGS,m,2,S,V,A,72019,9/16/2010,no,7158
3.14904E+14,D-19-21 05AAA2 [STD-LO],31.81788333,-110.2146139,STD-LO,USGS,GW,10.88,null,null,1,USGS,m,2,S,V,A,72019,10/20/2010,no,7159
3.14904E+14,D-19-21 05AAA2 [STD-LO],31.81788333,-110.2146139,STD-LO,USGS,GW,11.63,null,null,1,USGS,m,2,S,V,A,72019,11/23/2010,no,7160
3.14904E+14,D-19-21 05AAA2 [STD-LO],31.81788333,-110.2146139,STD-LO,USGS,GW,11.91,null,null,1,USGS,m,2,S,V,A,72019,12/14/2010,no,7161
3.14904E+14,D-19-21 05AAA2 [STD-LO],31.81788333,-110.2146139,STD-LO,USGS,GW,9.83,null,null,1,USGS,m,2,S,V,A,72019,3/3/2011,no,7162
3.14904E+14,D-19-21 05AAA2 [STD-LO],31.81788333,-110.2146139,STD-LO,USGS,GW,9.61,null,null,1,USGS,m,2,S,V,A,72019,3/25/2011,no,7163
3.14904E+14,D-19-21 05AAA2 [STD-LO],31.81788333,-110.2146139,STD-LO,USGS,GW,10.16,null,null,1,USGS,m,2,S,V,A,72019,4/21/2011,no,7164
3.14904E+14,D-19-21 05AAA2 [STD-LO],31.81788333,-110.2146139,STD-LO,USGS,GW,11.77,null,null,1,USGS,m,2,S,V,A,72019,6/2/2011,no,7165
3.14904E+14,D-19-21 05AAA2 [STD-LO],31.81788333,-110.2146139,STD-LO,USGS,GW,13.72,null,null,1,USGS,m,2,S,V,A,72019,7/14/2011,no,7166
3.14904E+14,D-19-21 05AAA2 [STD-LO],31.81788333,-110.2146139,STD-LO,USGS,GW,15.69,null,null,1,USGS,m,2,S,V,A,72019,7/9/2021,no,7167
3.14904E+14,D-19-21 05AAA2 [STD-LO],31.81788333,-110.2146139,STD-LO,USGS,GW,11.22,null,null,1,USGS,m,2,S,S,A,72019,2/2/2022,no,7168
3.14904E+14,D-19-21 05AAA2 [STD-LO],31.81788333,-110.2146139,STD-LO,USGS,GW,11.17,null,null,1,USGS,m,2,S,V,A,72019,4/7/2022,no,7169
3.14904E+14,D-19-21 05AAA2 [STD-LO],31.81788333,-110.2146139,STD-LO,USGS,GW,13.28,null,null,1,USGS,m,2,S,V,A,72019,6/22/2022,no,7170
3.14904E+14,D-19-21 05AAA2 [STD-LO],31.81788333,-110.2146139,STD-LO,USGS,GW,6.52,null,null,1,USGS,m,2,S,V,A,72019,10/31/2022,no,7171
3.14904E+14,D-19-21 05AAA2 [STD-LO],31.81788333,-110.2146139,STD-LO,USGS,GW,6.32,null,null,1,USGS,m,2,S,S,A,72019,2/1/2023,no,7172
3.14904E+14,D-19-21 05AAA2 [STD-LO],31.81788333,-110.2146139,STD-LO,USGS,GW,5.68,null,null,1,USGS,m,2,S,S,A,72019,4/10/2023,no,7173
3.14904E+14,D-19-21 05AAA2 [STD-LO],31.81788333,-110.2146139,STD-LO,USGS,GW,8.54,null,null,1,USGS,m,2,S,S,A,72019,6/5/2023,no,7174
3.14904E+14,D-19-21 05AAA2 [STD-LO],31.81788333,-110.2146139,STD-LO,USGS,GW,13.97,null,null,1,USGS,m,2,S,S,A,72019,11/14/2023,no,7175
3.14904E+14,D-19-21 05AAA2 [STD-LO],31.81788333,-110.2146139,STD-LO,USGS,GW,13.1,null,null,1,USGS,m,2,S,S,A,72019,2/15/2024,no,7176
3.14904E+14,D-19-21 05AAA2 [STD-LO],31.81788333,-110.2146139,STD-LO,USGS,GW,12.79,null,null,1,USGS,m,2,S,S,A,72019,4/19/2024,no,7177
3.14904E+14,D-19-21 05AAA2 [STD-LO],31.81788333,-110.2146139,STD-LO,USGS,GW,14.57,null,null,1,USGS,m,2,S,S,A,72019,6/20/2024,no,7178
3.14904E+14,D-19-21 05AAA2 [STD-LO],31.81788333,-110.2146139,STD-LO,USGS,GW,14.5,null,null,1,USGS,m,2,S,V,A,72019,2/13/2025,no,7179
3.14904E+14,D-19-21 05AAA2 [STD-LO],31.81788333,-110.2146139,STD-LO,USGS,GW,15.64,null,null,1,USGS,m,2,S,S,P,72019,4/2/2025,no,7180
