date,DW_SW,DW_LW,Air_Temp,SPFH,Pa,Precip,WS_u,WS_v,Albedo,LE_model,RH
2005-01-01,45.80416735,313.020838,278.6208375,0.004895833,98537.91667,6.7000001,0.691666677,5.266666745,0.141699634,0.0675640813366004,0.9427681164142444
2005-01-02,59.37083422,318.1875047,278.5125042,0.0050125,98713.75,3.900000058,-0.67500001,3.229166715,0.141389846,1.211989251763138,0.9743509665251252
2005-01-03,61.70416759,316.6041714,278.6125042,0.005316667,98340.41667,13.5000002,-1.020833349,-0.87916668,0.141957436,14.806019706795883,1.0223528465944636
2005-01-04,80.42916787,286.7875043,278.4416708,0.004841667,98249.16667,1.000000015,1.179166684,-1.525000023,0.141366632,10.041300240164844,0.941395275826078
2005-01-05,44.833334,302.9083378,277.9958375,0.004775,99136.66667,1.600000024,-1.14583335,2.079166698,0.140821604,5.956175218822482,0.9667426469191632
2005-01-06,65.28333431,300.5041711,278.0666708,0.004770833,99427.91667,0.0,-1.216666685,1.208333351,0.140374488,8.304627502445133,0.9639020119691885
2005-01-07,37.38750056,318.4708381,278.6625042,0.005375,97577.91667,25.30000038,-3.166666714,4.770833404,0.139982048,6.176520058275571,1.021958420280194
2005-01-08,44.745834,302.8500045,278.8791708,0.004908333,97480.41667,7.500000112,2.308333368,8.595833461,0.139594695,19.54031535198112,0.9182244476633354
2005-01-09,80.60833453,303.4541712,279.7666708,0.0053,98384.58333,2.00000003,-0.029166667,6.06250009,0.139252482,18.783611906247003,0.9405140830442864
2005-01-10,72.25000108,281.0083375,278.8458375,0.0050875,98599.16667,1.100000016,-1.100000016,2.900000043,0.138942059,6.167262273931561,0.9649184743212836
2005-01-11,45.90000068,311.2125046,278.6083375,0.0051875,97967.08333,27.80000041,0.412500006,3.291666716,0.138620827,9.205114716180969,0.9940192581283342
2005-01-12,112.2791683,246.1125037,278.0750041,0.004670833,99355.83333,0.0,1.13333335,-2.633333373,0.138321848,6.42435925188159,0.9424590678644124
2005-01-13,95.65000143,240.5291703,277.0458375,0.003716667,99760.0,0.0,-0.354166672,-1.329166686,0.138012696,3.6771335407830086,0.8099890555347077
2005-01-14,77.51666782,267.650004,276.5166708,0.003504167,99701.25,0.0,-0.404166673,-1.266666686,0.137702908,5.451553520693687,0.7926049857185993
2005-01-15,97.79583479,276.6083375,277.7875041,0.003525,99789.58333,0.0,-0.641666676,-1.045833349,0.13739312,8.42533964114576,0.7290304940086861
2005-01-16,96.62916811,279.7250042,278.2916708,0.003754167,100072.9167,0.0,-0.487500007,-1.616666691,0.137856081,7.179495056765687,0.7513926227889113
2005-01-17,111.6625017,269.6208374,280.4875042,0.004691667,100005.0,0.200000003,0.604166676,-3.204166714,0.138338021,5.847070690291846,0.8049687669763018
2005-01-18,110.6750016,268.225004,280.6625042,0.004191667,99820.0,0.0,1.241666685,-3.983333393,0.138819321,5.755913713483952,0.7092148963594367
2005-01-19,116.8750017,255.5541705,279.5875042,0.004225,99716.66667,0.0,0.133333335,-2.087500031,0.139300625,3.2418760024208235,0.7694467253975384
2005-01-20,108.5250016,251.8916704,279.7333375,0.004154167,99407.08333,0.0,-0.666666677,-0.320833338,0.139796551,1.8800659176722845,0.746572086857331
2005-01-21,118.9250018,258.3833372,279.5833375,0.0039625,99074.16667,0.0,-0.075000001,-1.670833358,0.140278487,2.6783298942859504,0.7171994963536557
2005-01-22,122.1333352,240.2708369,278.8750042,0.003866667,99113.33333,0.0,-0.416666673,-0.833333346,0.140759791,1.6015055408469374,0.7356872509537355
2005-01-23,121.5291685,249.7125037,279.6708375,0.0041875,99207.08333,0.0,-1.304166686,0.387500006,0.141255714,1.629836703325077,0.7543256417372562
2005-01-24,119.6458351,264.3166706,280.1541708,0.0044125,99064.16667,0.0,-1.666666692,0.533333341,0.141737654,1.765986886757744,0.7674763725201915
2005-01-25,42.73750064,312.508338,281.5250042,0.00555,98919.16667,0.300000004,-2.404166702,2.808333375,0.142233581,0.7116698198004645,0.8768984026606822
2005-01-26,59.71666756,337.987505,282.3083375,0.006729166,98487.08333,14.20000021,-1.533333356,4.166666729,0.142715517,17.59305075113087,1.003330237515056
2005-01-27,99.90833482,285.3583376,282.0291709,0.005983333,98780.41667,1.500000022,-1.016666682,2.958333377,0.143211443,13.91459899234553,0.911998749100252
2005-01-28,71.72916774,327.8583382,281.9916709,0.006225,98709.58333,17.60000026,-1.629166691,6.945833437,0.143693379,26.28344331854472,0.9505875914198894
2005-01-29,129.0250019,273.4625041,281.2875042,0.005579167,99558.33333,0.400000006,1.600000024,-1.920833362,0.144174683,15.818856070234755,0.9017960812836556
2005-01-30,133.5958353,245.2041703,281.0375042,0.004258333,99790.41667,0.0,0.86666668,-4.958333407,0.144670606,22.01902970469025,0.701880488987031
2005-01-31,130.0416686,256.6916705,282.1458375,0.0043,99659.58333,0.0,1.008333348,-4.808333405,0.145152545,19.127117945593238,0.6560039732298263
2005-02-01,148.1000022,248.4541704,283.1500042,0.0042125,99698.33333,0.0,-0.408333339,-5.225000078,0.145633849,16.51902391471711,0.6004693666099409
2005-02-02,149.5208356,246.7250037,283.8416709,0.003866667,99857.91667,0.0,-0.266666671,-4.729166737,0.146129772,12.63567531397256,0.5268607604419423
2005-02-03,150.2333356,260.4375039,284.2208376,0.0045125,99520.83333,0.0,0.770833345,-4.629166736,0.146611712,8.856002602385423,0.5973585825809365
2005-02-04,142.4083355,264.0708373,282.6416709,0.0052125,99357.91667,0.0,-0.195833336,0.120833335,0.147093012,4.761217290080346,0.766467592138244
2005-02-05,150.0541689,262.5750039,282.5541709,0.005054167,98972.91667,0.0,1.370833354,-3.841666724,0.147588939,4.01729675699325,0.7447257579662477
2005-02-06,124.3625019,281.3750042,282.9666709,0.005158333,98445.83333,0.0,2.570833372,-4.187500062,0.148070878,3.39477715515282,0.735133193957627
2005-02-07,129.9333353,299.9208378,282.4500042,0.005670833,98695.0,0.0,1.487500022,-0.166666669,0.148552178,3.645201886989523,0.8391747593018983
2005-02-08,100.2250015,328.4000049,281.5416709,0.005554167,99076.66667,0.0,-1.37500002,0.579166675,0.149033482,3.13787648474617,0.8779493348567948
2005-02-09,127.0916686,305.4875046,281.7291709,0.005379167,99294.16667,0.0,-0.708333344,-1.291666686,0.149529405,2.9356444953332232,0.8412683472580124
2005-02-10,147.4208355,272.9375041,281.2083375,0.00465,99105.0,0.0,-0.270833337,-2.766666708,0.150011345,2.218909884827613,0.7522718114658328
2005-02-11,144.9083355,260.4333372,280.9375042,0.004220833,98535.83333,0.0,-0.808333345,-1.158333351,0.150492648,2.0329735386877554,0.6917046711104424
2005-02-12,148.3750022,268.7208373,281.1375042,0.005133333,98573.33333,0.0,0.641666676,0.383333339,0.150988572,2.279703363347071,0.8300464894571029
2005-02-13,60.79166757,324.8000048,281.9875042,0.006091667,99092.91667,1.300000019,-0.695833344,1.570833357,0.151470511,1.548803187993336,0.934105543140196
2005-02-14,80.05416786,336.2958383,281.9708375,0.006420833,99093.33333,0.100000001,-2.01250003,1.920833362,0.151951811,1.8875536957901176,0.9857071366411692
2005-02-15,54.07083414,343.1208384,282.5708375,0.0067,98986.66667,5.100000076,-2.02500003,0.100000001,0.152433115,6.474377215101231,0.9862553412163144
2005-02-16,81.36666788,343.5500051,282.7625042,0.007029166,98872.5,10.90000016,-2.329166701,1.887500028,0.152966527,25.211137213456503,1.0201348979069964
2005-02-17,113.4541684,326.2625049,283.4916709,0.006708333,98879.16667,2.00000003,-1.804166694,-0.22916667,0.153472963,27.54388868606402,0.9267171326834396
2005-02-18,105.7875016,329.4500049,284.2416709,0.006954166,98221.66667,8.900000133,-0.950000014,-0.045833334,0.15399275,30.148415837968365,0.9072956689951642
2005-02-19,125.8833352,318.0041714,284.2625042,0.0066,97953.75,8.500000127,-1.720833359,2.375000035,0.154498547,40.26935017628027,0.8575396041129368
2005-02-20,112.783335,326.8833382,283.4625042,0.0063875,98067.5,13.4000002,-1.608333357,5.920833422,0.155032957,47.8434691248222,0.87687841910805
2005-02-21,143.6750021,326.9750049,284.1166709,0.006820833,98201.25,16.80000025,-3.620833387,-1.079166683,0.155554012,49.73942007771859,0.8972157386510544
2005-02-22,151.9291689,308.9750046,284.6625042,0.006795833,98429.16667,2.900000043,-0.954166681,-0.766666678,0.156055225,32.084163501561946,0.8638042009759701
2005-02-23,181.0750027,286.9583376,284.8666709,0.006270833,98711.25,0.0,1.333333353,-2.108333365,0.156589874,32.04956263377166,0.7885218630208721
2005-02-24,185.1541694,271.9291707,283.8250042,0.005766667,99024.58333,0.0,0.987500015,-1.525000023,0.157111417,21.97262128784561,0.7800671191120684
2005-02-25,186.3958361,270.150004,283.0208376,0.005854167,99020.0,0.0,0.516666674,-0.583333342,0.157617612,16.32026700854926,0.8360883177497751
2005-02-26,186.5916694,272.9083374,283.4666709,0.005708333,98760.83333,0.0,0.704166677,0.775000012,0.158137884,14.21226667582131,0.788960337599708
2005-02-27,119.2875018,322.7708381,282.8666709,0.006291667,98882.08333,7.700000115,-2.304166701,4.754166738,0.158644187,30.609170822528597,0.9067539836462272
2005-02-28,157.2208357,314.1625047,283.4791709,0.006508333,99094.58333,16.30000024,-0.583333342,4.908333406,0.159179015,51.63441110574336,0.9018080678560868
2005-03-01,143.9000021,295.3166711,281.9250042,0.005183333,99093.33333,0.200000003,-1.10833335,3.587500053,0.159686,29.983969876125947,0.7982280258669492
2005-03-02,171.4708359,306.8875046,281.4208375,0.006025,98953.75,6.400000095,-0.570833342,2.008333363,0.16020624,40.620526000630605,0.9591160158708392
2005-03-03,173.2833359,279.3916708,281.7500042,0.005295833,99122.5,0.0,-0.925000014,1.087500016,0.160727136,27.693298277155428,0.8256243100460939
2005-03-04,123.1458352,330.1541716,282.1875042,0.006270833,98925.0,6.300000094,0.975000015,-0.695833344,0.161233447,37.906999957166896,0.9469234488724247
2005-03-05,222.8208367,270.9833374,284.4750042,0.005983333,99103.75,0.0,1.995833363,-4.783333405,0.161753776,51.73331063469215,0.7754143015843806
2005-03-06,226.5250034,268.762504,286.2125043,0.005695833,99238.33333,0.0,1.437500021,-5.108333409,0.162274584,46.03501700119183,0.6584642646429304
2005-03-07,199.5916696,289.316671,286.9291709,0.006133333,99269.16667,0.0,1.495833356,-3.750000056,0.162795488,27.362666843508613,0.6765529924059458
2005-03-08,227.3500034,290.7583377,288.2000043,0.00705,99345.83333,0.0,1.270833352,-3.470833385,0.163316394,21.796337943773864,0.7162384333977584
2005-03-09,228.6375034,292.6250044,288.9250043,0.007804166,99417.91667,0.0,1.125000017,-2.575000038,0.163822669,16.333644390023963,0.7569972986720239
2005-03-10,233.8250035,293.0125044,289.1458376,0.0074875,99250.41667,0.0,1.31250002,-5.004166741,0.164342929,14.941200019847589,0.7147877841907087
2005-03-11,236.5083369,288.8750043,289.516671,0.006775,98926.25,0.0,-0.837500012,-3.137500047,0.164878479,13.75429305215884,0.6294335361268399
2005-03-12,237.5875035,291.216671,290.7458377,0.006975,98870.41667,0.0,-0.095833335,0.275000004,0.165385334,12.808085267320024,0.5986247210512657
2005-03-13,239.5708369,286.8583376,288.041671,0.0076375,98890.0,0.0,1.141666684,-0.629166676,0.165900552,9.914295576518528,0.7803631272345313
2005-03-14,251.8583371,254.1083371,287.4041709,0.005025,99208.75,0.0,-1.258333352,-5.483333415,0.166410024,11.79167273007402,0.5369716994905563
2005-03-15,253.1916704,244.2875036,283.9208376,0.00395,99127.5,0.0,-0.183333336,-2.129166698,0.166933853,7.7854279598102,0.5314386522905373
2005-03-16,204.9750031,280.0250042,284.4625042,0.004708333,99164.16667,0.0,0.21666667,2.020833363,0.166813092,6.435804319253435,0.6110633343376582
2005-03-17,157.7708357,322.3625048,284.4375042,0.0051375,98995.0,0.0,0.145833336,3.166666714,0.166635028,5.897258643198699,0.6667407196235652
2005-03-18,76.31250114,328.5208382,284.6250042,0.006316667,98472.5,1.200000018,-1.250000019,2.966666711,0.166484943,2.920558446241524,0.8052698495943383
2005-03-19,103.3916682,344.2916718,282.8875042,0.006941666,97993.75,15.30000023,-1.383333354,6.995833438,0.166321502,35.68359112225774,0.9900431193184064
2005-03-20,140.8791688,328.4458382,283.6916709,0.006504167,98443.75,11.60000017,1.983333363,8.000000119,0.166157425,63.01343982817259,0.8825640259401041
2005-03-21,169.1708359,326.5625049,283.4041709,0.00635,99141.66667,3.000000045,-0.179166669,4.825000072,0.165993352,49.57115642356068,0.8847591769695734
2005-03-22,155.641669,342.6791718,283.3666709,0.007025,98016.66667,30.70000046,-1.175000018,7.933333452,0.165843898,56.829357312674645,0.9701575004690616
2005-03-23,196.1958363,326.9625049,283.1458376,0.006608333,97818.75,2.500000037,2.725000041,2.766666708,0.165680461,45.69811069570845,0.9244844780872568
2005-03-24,251.2041704,272.9791707,281.2125042,0.0053125,98653.33333,0.0,1.695833359,0.116666668,0.165516385,32.87846997617446,0.8552881775713415
2005-03-25,256.3291705,263.3541706,281.4083375,0.004404167,99262.91667,0.0,1.904166695,-1.666666692,0.165352308,26.809323206886432,0.7038912098498875
2005-03-26,118.8208351,318.9458381,283.6000042,0.005108333,99578.33333,0.0,0.308333338,-0.066666668,0.165188235,11.738375021940255,0.7054979137573736
2005-03-27,106.2958349,340.1666717,284.0541709,0.006754166,98950.0,2.70000004,-2.116666698,6.083333424,0.165024158,15.921429799825226,0.8989889359459503
2005-03-28,232.2458368,313.6791713,283.5958376,0.006416667,98407.5,15.80000024,2.791666708,2.920833377,0.164874708,78.38239101482628,0.8760148844323069
2005-03-29,241.1375036,304.6458379,283.0791709,0.0058125,98912.08333,1.100000016,2.600000039,1.075000016,0.164711267,51.82518004986375,0.8259605966415389
2005-03-30,280.1875042,251.5375037,281.4708375,0.004233333,99559.16667,0.0,1.837500027,-3.891666725,0.164547194,40.8978295064576,0.6757006168006727
2005-03-31,254.0833371,275.2750041,283.5166709,0.0055125,99792.91667,0.0,0.395833339,-2.595833372,0.164383118,26.092036962540217,0.7672606151860831
2005-04-01,137.8666687,313.658338,284.7750042,0.0062875,99701.25,0.0,0.270833337,0.395833339,0.164233664,12.404168951116311,0.803452722060794
2005-04-02,275.2791708,286.3291709,285.9666709,0.006670833,99026.25,0.0,1.412500021,-1.058333349,0.164055604,20.102265658485727,0.7821439129085132
2005-04-03,115.8875017,311.920838,283.1458376,0.0062,98395.0,5.900000088,1.600000024,3.225000048,0.163890891,18.583300090979478,0.8724696235949791
2005-04-04,247.1375037,293.0375044,282.0333375,0.0057125,98802.91667,5.000000075,1.82083336,0.583333342,0.163741441,49.43032095557043,0.870667876941231
2005-04-05,197.4458363,303.5541712,283.2791709,0.00515,99501.25,0.0,0.800000012,-1.620833357,0.163563378,32.908620031289175,0.7262760369593905
2005-04-06,281.7666709,283.6541709,285.5083376,0.006158333,99072.5,0.0,-0.770833345,1.479166689,0.163413288,33.830657260255535,0.7446874267183409
2005-04-07,238.7416702,321.4166715,285.1791709,0.006683333,98528.75,1.700000025,2.020833363,3.966666726,0.163249851,31.190685708503857,0.821532897948485
2005-04-08,166.7041692,304.6958379,281.4625042,0.00555,98661.25,9.300000139,2.875000043,2.454166703,0.163100397,43.141708406864254,0.8783724743735263
2005-04-09,281.4666709,295.7500044,281.9916709,0.00555,98840.0,0.900000013,2.862500043,-2.016666697,0.162922337,59.58658745163969,0.8486315745896897
2005-04-10,268.0833373,273.7416707,283.9958376,0.0049,99281.66667,0.0,1.958333363,-4.733333404,0.162772248,46.05766742070964,0.6569548640522443
2005-04-11,308.1875046,292.741671,285.9958376,0.005666667,99114.58333,0.0,2.041666697,-0.937500014,0.162608807,35.9857939093687,0.6637171987676911
2005-04-12,312.858338,267.087504,284.2208376,0.005395833,98881.25,0.0,3.029166712,-1.091666683,0.162444734,20.977176412221635,0.7097025027696161
2005-04-13,297.8000044,256.4125038,281.4208375,0.004433333,99021.66667,0.0,3.637500054,-0.437500007,0.16229085,13.90540968471106,0.7062239152550593
2005-04-14,320.8916714,240.5000036,279.9500042,0.003529167,99706.66667,0.0,2.479166704,-4.562500068,0.162124749,12.51067494373338,0.6266416762764291
2005-04-15,314.1500047,255.4416705,282.6083375,0.003979167,99158.33333,0.0,2.504166704,-5.520833416,0.161958098,13.598790743993126,0.585263239307977
2005-04-16,311.4666713,286.5500043,285.9833376,0.0056375,98844.58333,0.0,2.279166701,-3.787500056,0.162080625,13.794801115312692,0.6590472621320963
2005-04-17,321.2416715,290.504171,287.0791709,0.0068875,98701.25,0.0,3.075000046,-2.033333364,0.162212874,12.966049833420175,0.7479944648154201
2005-04-18,330.9208383,261.3000039,285.1208376,0.005079167,98782.08333,0.0,3.895833391,-6.804166768,0.162334927,13.941022735938818,0.6283877545939214
2005-04-19,331.7583383,257.3666705,284.8416709,0.004275,98830.41667,0.0,2.45833337,-7.200000107,0.162470641,14.73800910551728,0.5391055742245687
2005-04-20,330.6291716,258.2083372,283.9166709,0.0039625,98891.25,0.0,0.933333347,-1.604166691,0.162588867,11.473229929551945,0.5319990056487245
2005-04-21,325.8875049,274.4458374,285.5458376,0.005170833,99099.16667,0.0,0.633333343,-1.354166687,0.162724316,11.76899716489102,0.6238875151487879
2005-04-22,304.4375045,294.1000044,288.7583376,0.006008333,98612.5,0.0,-0.020833334,-1.237500018,0.162845927,12.137584600211902,0.5843485641252504
2005-04-23,204.5166697,327.2166715,286.2583376,0.006616666,98532.5,0.0,-1.100000016,5.33750008,0.162981497,8.877203111604569,0.7571803664774249
2005-04-24,232.4583368,328.5166716,285.0166709,0.006670833,98623.33333,0.0,0.133333335,2.250000034,0.163117711,8.968794013814222,0.8297233747102257
2005-04-25,308.1666713,301.3583378,285.3750043,0.006104167,99030.83333,0.0,0.970833348,-0.083333335,0.163239283,11.682259633405708,0.7443962035707289
2005-04-26,324.3958382,281.0125042,286.3708376,0.005795833,98820.83333,0.0,1.020833349,0.320833338,0.16337486,11.503008498621329,0.660267074836327
2005-04-27,296.4000044,297.7208378,287.5708376,0.006375,98438.33333,0.0,0.366666672,2.650000039,0.163481822,11.33838691988598,0.6686150518487523
2005-04-28,266.3916706,326.6041715,286.8125043,0.006975,98500.83333,0.600000009,0.129166669,2.945833377,0.163616765,11.232610079290836,0.7693163278320859
2005-04-29,306.4541712,308.1916713,286.5875043,0.006566667,99117.08333,0.200000003,1.025000015,0.754166678,0.163752963,12.868242306167724,0.7396821836460796
2005-04-30,265.5791706,308.4958379,287.0000043,0.0059625,99133.75,0.0,1.470833355,0.47083334,0.163875031,10.89379789946406,0.6537633846724543
2005-05-01,233.2625035,333.762505,287.1708376,0.006429167,99037.91667,0.0,0.541666675,2.304166701,0.164011198,10.439046840923432,0.696400798725313
2005-05-02,330.1583383,297.5666711,288.291671,0.0058125,99054.16667,0.0,1.520833356,-0.483333341,0.164129484,12.873133055502542,0.5852841446588622
2005-05-03,317.9166714,303.9125045,289.454171,0.006783333,98977.5,0.0,2.095833365,-0.075000001,0.164265361,11.744742164848269,0.6330758796870782
2005-05-04,133.662502,354.1208386,288.991671,0.008025,98821.66667,8.900000133,1.079166683,1.737500026,0.164401408,28.590235859763936,0.7704225490847788
2005-05-05,171.6666692,358.1250053,286.4875043,0.008220833,98419.58333,8.400000125,1.262500019,0.491666674,0.164520649,54.91472066432905,0.9255734014919826
2005-05-06,259.3166705,316.7791714,287.0541709,0.007316666,98500.83333,0.300000004,1.687500025,0.775000012,0.16465556,55.65224407477241,0.7942910963978825
2005-05-07,240.3416702,323.0166715,286.6958376,0.007166666,98817.5,0.0,1.279166686,1.037500015,0.16477682,37.36655151383391,0.7991069573931321
2005-05-08,99.05000148,356.2958386,285.8541709,0.0078,98702.5,10.00000015,-0.68750001,4.245833397,0.164908515,43.0324557498647,0.918364054615092
2005-05-09,197.1958363,328.4083382,283.3458376,0.006604166,98422.91667,5.700000085,0.395833339,5.191666744,0.165035096,69.30502303354756,0.9171110553844668
2005-05-10,329.2708382,285.1500042,284.0208376,0.0058375,98981.66667,0.400000006,2.404166702,-0.750000011,0.165161927,67.1139801443093,0.7789719983700477
2005-05-11,343.5666718,297.3291711,286.4916709,0.006241667,99067.91667,0.0,2.154166699,-3.291666716,0.165296298,52.48345846268783,0.7071765553493021
2005-05-12,332.0666716,301.0458378,289.1833376,0.006808333,98850.83333,0.0,1.77083336,-1.979166696,0.16541757,32.26011900283653,0.6457703940923272
2005-05-13,288.4333376,334.9791717,291.629171,0.007895833,98756.25,0.0,1.933333362,-2.016666697,0.165553062,21.35871184315088,0.6399466052775029
2005-05-14,333.225005,337.512505,292.9625044,0.0088875,98757.91667,0.0,2.112500031,-1.333333353,0.16567465,18.716286978103376,0.6623342848957011
2005-05-15,145.9791688,366.7541721,292.1250044,0.0102875,98648.75,0.0,1.266666686,1.59166669,0.16581022,6.68558446644906,0.8072001088628853
2005-05-16,297.0875044,340.7250051,289.1500043,0.0084125,98268.33333,0.0,2.716666707,0.654166676,0.166304897,10.013029855061546,0.7949317212676791
2005-05-17,158.8208357,322.9500048,286.2333376,0.006558333,98393.33333,1.200000018,0.708333344,1.837500027,0.166815089,6.415662008895129,0.7506835700834474
2005-05-18,110.9875017,350.5791719,283.7958376,0.00745,98307.08333,17.50000026,-2.708333374,6.49583343,0.167325205,37.60436928240188,1.0024400923704353
2005-05-19,232.1750035,342.1000051,285.8083376,0.008266666,98757.08333,0.500000007,-0.983333348,3.208333381,0.16785003,52.78208539454564,0.9768095938877948
2005-05-20,352.8000053,298.2666711,287.9333376,0.00745,98907.5,0.0,1.700000025,0.729166678,0.168360847,56.72868395303947,0.7667314080494169
2005-05-21,354.854172,296.8875044,289.1708376,0.006733333,99045.0,0.0,1.954166696,-3.370833384,0.168880636,36.613829256510826,0.6404274450277376
2005-05-22,360.6708387,307.8166713,291.9583377,0.006575,98872.5,0.0,2.887500043,-4.670833403,0.169387278,26.09213323424394,0.5225370015749242
2005-05-23,366.6583388,295.1333377,292.1375044,0.0066125,98632.91667,0.0,2.279166701,-5.179166744,0.169910726,18.010038376541956,0.5183524178189072
2005-05-24,371.5000055,294.9833377,293.1958377,0.0066125,98519.16667,0.0,1.33750002,-4.71250007,0.170425366,15.466409541029815,0.4844750812497182
2005-05-25,366.7208388,317.0333381,295.4333377,0.007391666,98528.33333,0.0,-0.587500009,-1.37500002,0.170938169,15.524791264910183,0.4714847378895383
2005-05-26,364.3458388,324.0708382,295.9250044,0.008733333,98518.75,0.0,0.733333344,-0.262500004,0.171451309,14.1423153205001,0.5404677129833622
2005-05-27,360.341672,326.4541715,295.1875044,0.009454166,98351.66667,0.0,1.262500019,-0.425000006,0.171964385,11.13895777625099,0.6111312456790247
2005-05-28,361.1208387,319.3416714,292.904171,0.007904166,98288.75,0.0,1.77083336,1.31250002,0.172474764,9.594067625185428,0.5883998393038252
2005-05-29,363.4208387,294.9333377,288.6875043,0.006570833,98660.0,0.0,2.066666697,0.041666667,0.172984046,7.911331178349579,0.6423025483237794
2005-05-30,352.5750053,316.5125047,290.091671,0.007275,98682.5,0.0,1.454166688,-1.37500002,0.173508839,8.151150304574536,0.6497842876989248
2005-05-31,358.9333387,323.9208382,293.2083377,0.008166666,98531.66667,0.0,1.745833359,-2.775000041,0.174019698,8.780405229387451,0.5979519683150468
2005-06-01,359.9333387,315.3416714,294.1916711,0.0076875,98359.58333,0.0,2.92916671,-6.575000098,0.174529971,10.058084275157592,0.5285123668975807
2005-06-02,363.6958388,292.0583377,292.966671,0.005958333,98218.75,0.0,2.920833377,-7.475000111,0.17504023,10.293139011185872,0.4415008571049534
2005-06-03,360.329172,296.4666711,292.441671,0.005829167,98254.58333,0.0,2.545833371,-6.133333425,0.175550486,9.32777447243186,0.4465603125445673
2005-06-04,356.3125053,306.2208379,293.1458377,0.006166667,98150.83333,0.0,2.045833364,-3.15833338,0.176074885,8.212030853507114,0.4515306760696098
2005-06-05,363.3208387,293.554171,290.9083377,0.006320833,98185.41667,0.0,4.029166727,-3.762500056,0.176598804,7.704092171221063,0.5331762469065857
2005-06-06,361.7375054,281.3458375,288.5375043,0.005195833,98717.91667,0.0,4.245833397,-3.700000055,0.177108054,6.963976485937589,0.513158485103136
2005-06-07,352.0375052,280.3666708,286.9541709,0.005095833,98878.75,0.0,2.92916671,-2.570833372,0.177616672,5.844711194902938,0.5589795242379961
2005-06-08,119.7625018,357.941672,287.1041709,0.0073875,98761.25,6.900000103,0.045833334,1.929166695,0.178139909,18.3798754740108,0.8014674589905743
2005-06-09,207.1125031,372.0625055,288.604171,0.00965,98654.58333,1.500000022,0.958333348,0.68750001,0.178649158,30.47960220008176,0.948348044398379
2005-06-10,344.2916718,328.9041716,292.1833377,0.0093,98564.58333,0.0,1.920833362,-2.287500034,0.179157776,28.85377605114128,0.7264185523569002
2005-06-11,353.6125053,332.9958383,292.9708377,0.009145833,98222.5,0.0,2.750000041,-4.608333402,0.17966639,17.995001431022175,0.6775374460175003
2005-06-12,361.7875054,307.4375046,293.5500044,0.006841666,98485.83333,0.0,2.03750003,-4.908333406,0.180189627,15.267233189752238,0.4901381155799351
2005-06-13,355.6125053,314.845838,295.0041711,0.006920833,98565.83333,0.0,1.970833363,-5.262500078,0.18069888,13.282506580207444,0.4534387892155754
2005-06-14,357.7125053,317.7458381,295.6541711,0.007025,98119.58333,0.0,1.600000024,-2.754166708,0.181207494,11.911861439963758,0.440229486493313
2005-06-15,343.6416718,314.2000047,294.2416711,0.007433333,98174.16667,0.0,2.275000034,-2.425000036,0.181730731,9.425763734619949,0.5084958815738444
2005-06-16,130.3750019,343.2125051,290.5333377,0.007241666,98323.33333,1.300000019,0.183333336,2.295833368,0.182353794,5.342553490358509,0.6265062154782111
2005-06-17,187.7791695,327.2958382,285.8291709,0.007308333,98458.75,0.0,-0.595833342,4.70000007,0.182966547,3.814837852132199,0.8597738711947907
2005-06-18,190.2375028,339.8625051,287.1916709,0.006904166,98574.58333,0.0,-0.145833336,4.00000006,0.183593291,4.734882607735133,0.7433375593799397
2005-06-19,304.8500045,309.9000046,287.716671,0.006429167,98661.66667,0.0,0.862500013,1.683333358,0.184206045,7.318626015423998,0.669419081598218
2005-06-20,354.8583386,309.4958379,289.954171,0.006829166,98705.41667,0.0,1.354166687,0.237500004,0.184818162,8.73127887358145,0.6155056665457918
2005-06-21,357.8875053,316.3500047,291.5333377,0.0077875,98662.08333,0.0,2.100000031,0.487500007,0.185444902,7.693466103641469,0.6344019293236749
2005-06-22,360.591672,306.2083379,291.3000043,0.007304166,98747.5,0.0,1.691666692,-1.600000024,0.186057655,6.922185981308843,0.6044171283088505
2005-06-23,360.3000054,311.8625046,293.3625044,0.007229166,98512.91667,0.0,0.358333339,-0.379166672,0.186669773,8.009246104443482,0.5241365205450205
2005-06-24,352.0166719,321.0875048,293.2458377,0.008320833,98456.25,0.0,0.516666674,1.508333356,0.187296517,6.4552008845558415,0.6073484297304758
2005-06-25,348.7291719,317.6166714,292.6958377,0.007991666,98320.0,0.0,1.079166683,0.45833334,0.18790927,6.058149382780088,0.6029281515594573
2005-06-26,354.691672,320.4541714,292.6125044,0.008066666,98276.25,0.0,1.391666687,-0.033333334,0.18853601,5.837940410924299,0.6115065093501453
2005-06-27,354.4958386,323.2166715,292.291671,0.00825,98279.58333,0.0,1.504166689,0.312500005,0.189148764,5.666033179515689,0.6381709061606327
2005-06-28,356.4500053,321.2916715,292.2000044,0.0081,98491.66667,0.0,1.079166683,-0.304166671,0.189760881,5.622685866415633,0.6315555124584762
2005-06-29,355.579172,340.4583384,296.0916711,0.009320833,98562.91667,0.0,0.720833344,-2.200000033,0.190402244,6.02734117807927,0.5712312835467163
2005-06-30,354.4750053,353.7083386,299.2166711,0.009475,98378.75,0.0,0.691666677,-1.870833361,0.191015637,6.316972122714931,0.4799082081741824
2005-07-01,356.029172,357.9958387,300.2000045,0.010129166,98365.0,0.0,1.112500017,-1.629166691,0.191627754,6.310829309597139,0.4838411370498681
2005-07-02,359.4750054,343.3916718,298.6458378,0.0090125,98264.58333,0.0,1.32500002,-1.866666694,0.192254495,6.12081562528102,0.4717872180625878
2005-07-03,361.6416721,329.8333382,297.4125044,0.007875,98355.83333,0.0,1.608333357,-1.745833359,0.192867248,5.905969471354881,0.4444366995883901
2005-07-04,363.5250054,337.287505,298.8875045,0.008208333,98455.83333,0.0,1.700000025,-2.945833377,0.193493988,6.322647524631399,0.4243415978441434
2005-07-05,359.3708387,348.0291719,299.2125045,0.0088875,98441.66667,0.0,2.508333371,-3.56666672,0.194106741,6.614225215119364,0.4505512674506192
2005-07-06,357.4583387,344.5000051,298.2166711,0.0090375,98317.91667,0.0,3.316666716,-4.283333397,0.194718859,6.640864072814946,0.4857068971986307
2005-07-07,354.2208386,354.3708386,297.3333378,0.010133333,98376.66667,0.0,1.708333359,-0.770833345,0.195345602,5.856202524821758,0.5747573510721219
2005-07-08,356.4000053,336.0208383,295.5500044,0.009166666,98463.75,0.0,1.754166693,-0.066666668,0.195958356,5.465455566319171,0.5801503342332339
2005-07-09,346.7250052,338.8666717,294.7458377,0.009325,98573.75,0.0,1.875000028,0.233333337,0.196585096,5.282107990379646,0.6208212316708936
2005-07-10,344.2125051,345.1000051,294.4416711,0.008629166,98604.16667,0.0,1.800000027,-0.366666672,0.197197849,5.401620683342587,0.5855838390448792
2005-07-11,354.2958386,340.4541717,296.3666711,0.008458333,98694.58333,0.0,2.312500034,-2.866666709,0.197809967,5.918131529290538,0.5104221209566054
2005-07-12,351.6791719,351.5833386,299.1333378,0.009120833,98540.41667,0.0,1.35000002,-2.816666709,0.198436707,6.037812477381186,0.4650363918681671
2005-07-13,351.1333386,358.1458387,301.3833378,0.008966666,98485.0,0.0,0.404166673,-1.750000026,0.199049464,5.708351410059974,0.3999328490017841
2005-07-14,353.0166719,355.204172,302.1250045,0.00805,98346.66667,0.0,-0.016666667,-1.395833354,0.199676204,5.43406373914641,0.3433104951658912
2005-07-15,349.5416719,364.9750054,302.4875045,0.008233333,98176.66667,0.0,0.550000008,-1.395833354,0.20030358,5.541714252880941,0.3431930597220005
2005-07-16,349.1666719,351.3375052,301.3166712,0.007091666,98151.25,0.0,0.983333348,-1.320833353,0.200401376,5.406031770976236,0.3164681936545254
2005-07-17,348.4666719,359.1708387,302.6041712,0.007454166,98165.0,0.0,1.09583335,-1.762500026,0.200476146,5.398518934028884,0.3085759468262715
2005-07-18,346.8083385,366.2625055,302.0708378,0.008654166,98169.58333,0.0,1.891666695,-0.745833344,0.200550916,5.71246854456213,0.3695788936501945
2005-07-19,346.3708385,363.0166721,299.9500045,0.009541666,98064.58333,0.0,1.229166685,0.42083334,0.200625687,5.6274828755551765,0.4611707558073392
2005-07-20,348.8875052,345.1791718,298.8875045,0.0078,98180.83333,0.0,0.704166677,-0.591666675,0.20071508,5.249575274417239,0.4021059549482212
2005-07-21,293.6208377,363.4958387,300.0875045,0.007875,98222.91667,0.0,1.275000019,0.441666673,0.200790486,4.668893741833399,0.3781350759526475
2005-07-22,331.8250049,335.8791717,295.8583377,0.006995833,98472.91667,0.0,0.554166675,1.183333351,0.200865256,4.949810134450774,0.4345097513754699
2005-07-23,350.2875052,326.9416715,298.1541711,0.005829167,98528.75,0.0,0.925000014,-2.925000044,0.200954653,5.605419069299922,0.3151340710967593
2005-07-24,352.2708386,321.4208381,300.0916711,0.0048375,98445.83333,0.0,1.870833361,-2.750000041,0.20103006,5.328346026131031,0.232752645686888
2005-07-25,349.7958385,328.3916716,299.4333378,0.005604167,98429.16667,0.0,1.562500023,-3.32500005,0.201108856,5.666515390283608,0.28035090508151
2005-07-26,350.6083386,329.7666716,300.0291711,0.0058375,98397.91667,0.0,0.529166675,-2.754166708,0.20120191,5.375500560426585,0.281772430458014
2005-07-27,349.4666719,324.9916715,299.2791711,0.005608333,98362.91667,0.0,0.825000012,-0.416666673,0.201280953,4.75245775374863,0.2829589683172082
2005-07-28,343.5916718,329.6500049,298.4416711,0.005195833,98327.5,0.0,0.87916668,0.112500002,0.201344739,4.80873696314019,0.2755196603138027
2005-07-29,337.3666717,349.9208385,298.3250044,0.006966666,98410.41667,0.0,1.075000016,0.68750001,0.201437129,5.257537742675051,0.3723328645857439
2005-07-30,329.4000049,362.2625054,298.8916711,0.007966666,98567.5,0.0,0.837500012,-0.616666676,0.20151617,5.263858569291888,0.4122126225921337
2005-07-31,336.3291717,348.7833385,298.6458378,0.007041666,98628.33333,0.0,1.487500022,-0.858333346,0.201594593,5.30736090109318,0.3699823375265139
2005-08-01,333.300005,327.2958382,298.4416711,0.005541667,98478.33333,0.0,2.170833366,-1.720833359,0.201673013,5.169217873550692,0.2943089900778787
2005-08-02,333.6041716,318.6666714,298.2333378,0.004633333,98430.83333,0.0,1.875000028,-0.87916668,0.201751393,4.805441948723224,0.2490478181200715
2005-08-03,327.4583382,332.1458383,297.8583378,0.005491667,98470.41667,0.0,0.70000001,-0.862500013,0.201829815,4.672223915151584,0.3020467055371177
2005-08-04,323.0500048,342.7666718,298.0916711,0.006225,98614.58333,0.0,1.104166683,-0.100000001,0.20192287,4.793792864314964,0.3380957935944712
2005-08-05,321.4625048,351.8916719,299.2833378,0.006820833,98609.16667,0.0,1.087500016,0.183333336,0.201987272,4.871156949008625,0.344909411939254
2005-08-06,320.5541714,351.1791719,299.4833378,0.006766666,98583.75,0.0,1.500000022,0.020833334,0.202079701,4.817349084505963,0.3380288197000302
2005-08-07,318.2291714,346.0791718,299.1500045,0.006066667,98375.83333,0.0,1.837500027,-0.841666679,0.20215868,4.728098240896537,0.308492376290982
2005-08-08,319.0041714,341.9583384,299.3750045,0.0052375,98312.08333,0.0,1.908333362,-1.245833352,0.20223711,4.565788144564088,0.2626078154262317
2005-08-09,314.4875047,345.5833385,298.9250045,0.0055125,98410.41667,0.0,1.725000026,-1.616666691,0.202315511,4.510439662622513,0.2842069482248083
2005-08-10,316.9958381,340.4500051,298.8166711,0.005395833,98620.0,0.0,1.866666694,-1.129166683,0.202393939,4.293536660843572,0.2805973393506863
2005-08-11,318.8791714,332.1916716,298.4500044,0.005425,98619.58333,0.0,1.900000028,-1.912500028,0.202472354,4.217201181620228,0.2883819499259325
2005-08-12,320.8458381,332.5833383,299.4875045,0.0053125,98364.16667,0.0,1.683333358,-3.616666721,0.202565378,4.300730241761648,0.2647291407051244
2005-08-13,315.445838,332.4416716,298.2916711,0.005370833,98103.33333,0.0,1.466666689,-2.312500034,0.202644417,3.953619526443986,0.2867217386965449
2005-08-14,311.8250046,332.0958383,295.9416711,0.006179167,98117.5,0.0,1.262500019,-0.225000003,0.20270821,3.7216430993696967,0.3804558602079168
2005-08-15,301.5875045,333.325005,295.6375044,0.006395833,98296.25,0.0,1.229166685,1.100000016,0.202800612,3.776652484736711,0.401934352551227
2005-08-16,306.0750046,335.2791717,294.8375044,0.006541667,98640.41667,0.0,0.858333346,0.862500013,0.202830266,3.885433249713203,0.4333529910240163
2005-08-17,306.7125046,338.2583384,296.2458377,0.006645833,98427.91667,0.0,1.408333354,-0.175000003,0.202871791,4.087622369268795,0.4029223921631144
2005-08-18,304.2750045,338.050005,295.8250044,0.006904166,98203.33333,0.0,1.445833355,0.741666678,0.202899352,4.197537296274028,0.4285162669227287
2005-08-19,306.2416712,320.7916714,293.6875044,0.005975,98363.75,0.0,1.391666687,0.429166673,0.202926211,4.016770024461872,0.4238723316713672
2005-08-20,303.7416712,321.3750048,293.879171,0.005333333,98582.5,0.0,1.304166686,-0.029166667,0.202967704,4.090626569237663,0.3746974566383214
2005-08-21,304.1250045,318.3458381,294.4416711,0.0052125,98675.83333,0.0,1.720833359,-0.766666678,0.202995255,4.297867840800641,0.3539825573918793
2005-08-22,301.6291712,327.0875049,295.7125044,0.005525,98410.0,0.0,1.12083335,-1.562500023,0.20303679,4.309063437713461,0.3460152384285012
2005-08-23,300.5666711,327.4166715,297.4458378,0.005008333,98028.75,0.0,1.020833349,-1.075000016,0.203064347,4.017018455351732,0.2811448314238582
2005-08-24,297.4666711,330.3708383,296.3416711,0.0058625,97960.83333,0.0,0.70000001,1.729166692,0.203091232,4.050339824634459,0.3516810894829514
2005-08-25,295.3916711,327.0291715,294.3125044,0.005895833,98327.08333,0.0,0.24166667,2.100000031,0.203132621,3.896014063221322,0.4021777179629712
2005-08-26,296.1291711,310.0041713,293.5125044,0.00455,98683.33333,0.0,0.704166677,0.575000009,0.203160063,3.290094265590924,0.3273810198814594
2005-08-27,291.641671,324.0375048,295.2875044,0.0045375,98634.58333,0.0,1.204166685,-0.725000011,0.203201552,3.4759553193775066,0.2923500847764288
2005-08-28,288.166671,332.2916716,296.5125044,0.005354167,98307.5,0.0,1.400000021,-0.083333335,0.20322907,3.403952830235918,0.3189841416359332
2005-08-29,298.4416711,310.7041713,295.9166711,0.004266667,98129.58333,0.0,2.862500043,-2.283333367,0.20327059,3.710596350471545,0.2631364739473352
2005-08-30,295.5750044,293.4458377,293.7833377,0.003354167,98372.08333,0.0,1.545833356,-6.48333343,0.203283514,4.050835295348122,0.2365526039499497
2005-08-31,292.954171,301.7625045,295.4208377,0.0031625,98318.33333,0.0,0.787500012,-4.404166732,0.203324402,3.748080116454899,0.2014478984076729
2005-09-01,285.7208376,307.6250046,295.6458377,0.003279167,98202.08333,0.0,1.066666683,-1.637500024,0.203366555,3.11996320796513,0.2057705947474659
2005-09-02,281.7875042,317.3583381,294.5666711,0.004591667,98227.91667,0.0,1.508333356,-0.487500007,0.203394097,3.092891382613545,0.3080144092372899
2005-09-03,276.4041708,314.9791714,294.3625044,0.004925,98313.75,0.0,1.925000029,-0.416666673,0.203435638,3.061319348135397,0.3348688258147749
2005-09-04,280.0250042,314.095838,293.4125044,0.005025,98544.16667,0.0,2.837500042,-1.512500023,0.203448599,3.3089327828641366,0.3633076865008943
2005-09-05,278.0291708,308.1625046,292.491671,0.004895833,98680.0,0.0,1.904166695,-1.766666693,0.203489544,3.0660419206484586,0.3755011753011165
2005-09-06,275.6291708,309.3958379,293.2833377,0.004529167,98634.58333,0.0,1.550000023,-0.870833346,0.20353171,2.935754547288726,0.3304135155163731
2005-09-07,274.1375041,310.545838,292.6708377,0.004891667,98565.83333,0.0,1.208333351,0.008333333,0.203559146,2.869972611691586,0.3705536661617729
2005-09-08,265.900004,310.9666713,291.8875043,0.005545833,98478.33333,0.0,0.733333344,1.866666694,0.203600614,2.9481469636734885,0.4409563633414207
2005-09-09,262.2000039,320.1833381,290.491671,0.005825,98399.58333,0.0,1.833333361,0.983333348,0.203628161,3.0410624620822597,0.5056788743184365
2005-09-10,269.1458373,302.0208378,289.9708377,0.006095833,98429.58333,0.0,2.550000038,-2.495833371,0.203655141,2.984223665191151,0.5472905699894222
2005-09-11,268.8416707,290.4458377,289.229171,0.004470833,98601.66667,0.0,2.450000037,-2.233333367,0.203696742,3.0734906366712136,0.4217408308817612
2005-09-12,266.5291706,283.0333376,288.5333376,0.003845833,98827.5,0.0,1.537500023,-1.150000017,0.203724257,2.8461549616970494,0.3803522042226405
2005-09-13,264.3916706,287.8958376,289.4375043,0.003891667,98801.66667,0.0,1.466666689,-0.616666676,0.203765774,2.9414594127485443,0.3629461024627584
2005-09-14,261.4083372,293.7333377,289.954171,0.004316667,98793.33333,0.0,1.508333356,-0.287500004,0.203793247,3.03478573785826,0.389403262779011
2005-09-15,259.6125039,294.6625044,290.2333377,0.00445,98824.58333,0.0,1.058333349,-0.087500001,0.203820098,2.839256855345756,0.3944410455071679
2005-09-16,253.5500038,304.0916712,291.2583377,0.005129167,98692.5,0.0,2.095833365,-0.616666676,0.203461988,3.0341086459887774,0.4253234880864635
2005-09-17,250.3791704,304.4416712,290.7083377,0.005525,98900.0,0.0,2.762500041,-2.754166708,0.203087194,3.062932059212646,0.4754563746897418
2005-09-18,251.9041704,297.5750044,290.8750043,0.004179167,98646.25,0.0,1.829166694,-3.13333338,0.20269767,3.109692254602538,0.3549288434262378
2005-09-19,251.2958371,300.3416711,292.5625044,0.003754167,98720.83333,0.0,0.137500002,-1.75833336,0.202307486,2.763113160527401,0.2867773085003138
2005-09-20,245.9500037,304.7333379,294.5833377,0.003579167,98787.08333,0.0,0.162500002,-0.750000011,0.201946561,2.29397797272834,0.2412127093956813
2005-09-21,242.7041703,322.8833381,294.2166711,0.005245833,98805.83333,0.0,0.895833347,1.850000028,0.201557619,2.806789752797543,0.3617237019469619
2005-09-22,223.9583367,303.1041712,292.6500044,0.0038,98619.16667,0.0,0.991666681,-0.195833336,0.201175426,1.997855378629533,0.2883903635153638
2005-09-23,244.6375036,296.3750044,291.4333377,0.002641667,98118.75,0.0,2.404166702,-1.679166692,0.200797363,2.7527425022440286,0.2153762803431665
2005-09-24,243.3416703,284.3458376,290.3333377,0.003516667,98400.0,0.0,0.987500015,-4.637500069,0.200409979,2.750629621836864,0.3083938088627468
2005-09-25,243.670837,279.7291708,291.2125043,0.002920833,98480.83333,0.0,-0.133333335,-4.104166728,0.200042031,2.741816404248818,0.2423876295674772
2005-09-26,156.1208357,325.8083382,292.3000044,0.003195833,98690.0,0.0,-1.458333355,0.379166672,0.199649565,1.6644415364573526,0.248112774256821
2005-09-27,227.4291701,328.1750049,293.404171,0.00575,98951.66667,0.0,0.495833341,-1.54166669,0.199271221,2.475442341812094,0.4176614868389575
2005-09-28,233.5916701,306.4750046,293.379171,0.004395833,99093.75,0.0,1.237500018,-4.783333405,0.198893551,2.9976758950240705,0.3202569936037265
2005-09-29,232.1000035,294.7250044,294.016671,0.0032125,98592.91667,0.0,0.558333342,-3.10833338,0.198501267,2.625638573690245,0.2237998744490402
2005-09-30,228.3750034,289.7708377,294.1208377,0.002770833,98292.08333,0.0,1.12083335,-1.620833357,0.198137579,2.2031448483751217,0.1912013635593377
2005-10-01,204.0083364,306.7708379,292.816671,0.004366667,98098.75,0.0,2.741666708,-0.375000006,0.197745896,2.321724597276708,0.326218097811138
2005-10-02,217.9541699,304.5416712,289.404171,0.005975,98256.66667,0.0,4.058333394,-1.854166694,0.197367549,2.2854267884065465,0.5553597529282805
2005-10-03,220.44167,272.0583374,286.3666709,0.003904167,98694.16667,0.0,3.512500052,-1.55416669,0.196989936,2.0070163194813917,0.4443186506846843
2005-10-04,210.6750031,271.7541707,285.8750043,0.003595833,99115.83333,0.0,2.179166699,-4.304166731,0.196609523,2.0366051416249253,0.4245562287041158
2005-10-05,213.3250032,278.3250041,288.7500043,0.0026,98932.5,0.0,1.679166692,-5.758333419,0.196232347,2.91596070812709,0.2538239821895964
2005-10-06,211.3833365,285.4791709,290.4500043,0.002033333,98594.16667,0.0,0.850000013,-2.950000044,0.195850211,2.7223131590238583,0.1773376922793994
2005-10-07,202.2208363,289.8625043,291.1000043,0.002604167,98189.58333,0.0,1.595833357,-2.191666699,0.195468004,2.592787670876963,0.2170150393213713
2005-10-08,209.9166698,288.1583376,289.5625043,0.0039125,98039.16667,0.0,3.675000055,-2.370833369,0.19508488,2.816160848572638,0.3591718778920609
2005-10-09,206.6625031,279.0833375,288.2500043,0.003595833,98732.5,0.0,1.79583336,-3.475000052,0.19470168,2.4332541827319534,0.361881792328541
2005-10-10,205.8500031,280.0250042,290.3458377,0.002658333,98694.58333,0.0,0.737500011,-4.24166673,0.194338015,2.780109124403068,0.2336334042070985
2005-10-11,201.6291697,292.4833377,290.5250043,0.003245833,98529.16667,0.0,1.216666685,-1.233333352,0.193949316,2.133944489679716,0.2815479157096038
2005-10-12,198.0208363,295.2375044,291.0833377,0.0042375,98729.16667,0.0,1.10833335,-2.633333373,0.193559494,2.256635716838089,0.3554436719780549
2005-10-13,197.0041696,296.0375044,291.2833377,0.004191667,98920.41667,0.0,0.745833344,-1.12083335,0.193184292,1.818795788934888,0.3478339963682738
2005-10-14,190.8416695,292.3583377,291.316671,0.004129167,98666.66667,0.0,0.89166668,0.375000006,0.192795106,1.5104674228111397,0.341046568164946
2005-10-15,192.6583362,312.508338,290.0875043,0.00615,98656.25,0.0,3.420833384,-0.129166669,0.192426815,1.982018695409272,0.5493026619121489
2005-10-16,191.4208362,291.6875043,290.3208377,0.004529167,98672.5,0.0,1.137500017,-8.054166787,0.191425102,2.4647934092507424,0.3986032876603116
2005-10-17,191.0833362,292.3750044,292.6250044,0.0031375,98483.75,0.0,-0.283333338,-3.245833382,0.190395808,2.079231329184038,0.2381583647419085
2005-10-18,186.7041694,297.4916711,292.3750044,0.004220833,98263.75,0.0,0.962500014,2.020833363,0.189362954,1.6985243309562164,0.3247382637826114
2005-10-19,180.408336,309.3291713,289.0125043,0.007225,98922.08333,0.0,0.912500014,2.091666698,0.18832975,1.3224626805323276,0.6933911060692362
2005-10-20,171.3541692,303.5541712,288.3583376,0.006233333,99181.25,0.0,1.812500027,-2.2666667,0.18731116,1.2368108448312782,0.6257489090857792
2005-10-21,180.895836,295.0208377,288.9583376,0.004729167,98879.16667,0.0,0.933333347,-2.387500036,0.186278579,1.377930163882519,0.4552571729638711
2005-10-22,178.220836,293.9625044,289.9708377,0.005029167,98686.25,0.0,1.304166686,-1.275000019,0.185245366,1.19912583800762,0.4527015291150184
2005-10-23,173.0250026,299.1083378,289.7208377,0.005120833,98527.08333,0.0,1.166666684,-0.70000001,0.184212149,1.085236641286532,0.4676533469213674
2005-10-24,173.4416693,296.9666711,290.191671,0.0049375,98562.08333,0.0,0.883333346,-0.520833341,0.183193559,0.974976862462844,0.4376552514878865
2005-10-25,167.1750025,298.2083378,289.179171,0.005470833,98978.75,0.0,1.858333361,1.400000021,0.182160982,1.0184125845410126,0.5197197048343101
2005-10-26,103.4291682,333.9666716,286.8583376,0.006558333,99120.0,0.600000009,0.604166676,3.12083338,0.181127766,0.8172827237018883,0.7257165566929836
2005-10-27,95.8916681,340.4083384,286.0208376,0.007075,98814.58333,0.0,0.116666668,2.395833369,0.180109175,0.6609583187258818,0.8247964727455926
2005-10-28,87.32083463,356.4458386,285.8916709,0.0073125,98801.25,9.600000143,-1.600000024,3.60416672,0.179076588,23.55896691587604,0.8596892507821734
2005-10-29,147.0583355,330.2458383,285.5083376,0.007020833,99223.75,0.600000009,0.954166681,-1.029166682,0.178049049,20.44436200510787,0.8502800896356855
2005-10-30,161.3791691,279.4208375,286.1083376,0.005629167,99675.0,0.0,1.616666691,-2.958333377,0.177007323,14.635277434015295,0.6581365746196038
2005-10-31,159.754169,281.2041709,286.8041709,0.00385,99913.33333,0.0,1.225000018,-3.429166718,0.175992418,14.336917184660486,0.4309659759121038
2005-11-01,138.4375021,290.7708377,287.9583376,0.003525,99246.25,0.0,1.008333348,-1.150000017,0.174969729,7.750898123183813,0.3634323063135308
2005-11-02,137.1791687,312.633338,287.5083376,0.004820833,98560.0,0.0,2.71250004,0.262500004,0.173932026,6.611985663839966,0.5083102510805303
2005-11-03,65.84583431,308.2541713,284.4333376,0.0051375,99041.25,0.400000006,1.725000026,2.491666704,0.172908313,2.408350296414891,0.6672385207938766
2005-11-04,123.0916685,334.1708383,285.0958376,0.0069,99234.58333,3.400000051,0.22916667,1.33750002,0.171870614,12.849088556888312,0.8589995159298099
2005-11-05,111.9750017,290.204171,284.2416709,0.005620833,99303.33333,0.0,1.400000021,-0.720833344,0.170846898,5.2198032434244,0.7414143615033084
2005-11-06,88.58750132,348.1375052,286.5375043,0.0062,98850.0,0.0,1.262500019,3.433333384,0.169809198,7.031580250236411,0.6987964025520156
2005-11-07,74.02916777,352.8291719,287.916671,0.007791666,98417.08333,6.600000098,1.062500016,4.033333393,0.168785486,24.64330062353479,0.7987857093601727
2005-11-08,63.35416761,358.516672,286.2125043,0.008195833,98552.91667,21.50000032,0.325000005,-0.504166674,0.167762406,22.345011521218836,0.940931663749348
2005-11-09,137.6875021,321.0625048,287.6833376,0.006995833,98631.25,0.100000001,-0.087500001,-2.416666703,0.166724706,31.399184040501705,0.7297834823217667
2005-11-10,126.0875019,299.2291711,286.8416709,0.006216667,98898.33333,0.0,0.708333344,0.725000011,0.165700994,13.637421820244308,0.6871232386901347
2005-11-11,135.9791687,292.466671,286.0583376,0.0063,98922.5,0.0,1.725000026,-0.366666672,0.164663291,13.123164944584287,0.7334279251474645
2005-11-12,132.387502,276.5583375,284.7125042,0.00535,99510.41667,0.0,1.950000029,-3.550000053,0.163639579,11.508324656696162,0.6852021704153803
2005-11-13,129.4083353,288.3875043,284.9250042,0.003808333,99640.83333,0.0,1.695833359,-4.02500006,0.162616502,12.624282633933314,0.4815068834138823
2005-11-14,132.0458353,293.4583377,286.6208376,0.005041667,99607.91667,0.0,2.387500036,-6.47083343,0.161578799,8.477889553958146,0.5694639291102521
2005-11-15,135.5166687,272.6083374,288.804171,0.004275,99481.25,0.0,0.670833343,-7.700000115,0.160555087,7.882285453927555,0.4181912754187809
2005-11-16,133.325002,267.4291707,287.466671,0.003258333,99454.58333,0.0,-0.883333346,-2.883333376,0.160075414,4.58253197419192,0.347624009498741
2005-11-17,131.2083353,262.3666706,285.6916709,0.003204167,99437.08333,0.0,-0.537500008,-2.233333367,0.159633991,2.956011657082272,0.3841800630979751
2005-11-18,129.9833353,260.0666705,284.9458376,0.003016667,99554.58333,0.0,-1.220833352,-1.454166688,0.159163957,2.2491194060258843,0.3805527856122837
2005-11-19,129.9791686,258.5416705,284.6333376,0.0031375,99480.41667,0.0,-0.475000007,-1.912500028,0.158707272,1.8366616547000247,0.4038477238448165
2005-11-20,128.8416686,251.0875037,283.9041709,0.0028875,99324.58333,0.0,-0.233333337,-1.991666696,0.158251225,1.4695968071860137,0.3896976750419031
2005-11-21,125.7166685,258.9458372,283.8958376,0.003325,99410.0,0.0,-0.550000008,-1.316666686,0.157809802,1.1782063207068916,0.4493806904327078
2005-11-22,124.3875019,259.0541705,283.8541709,0.0035875,99272.08333,0.0,-0.762500011,-0.908333347,0.157354391,0.9467809803834903,0.4855456311716546
2005-11-23,123.1166685,261.4708372,283.8875042,0.003491667,99095.83333,0.0,-0.008333333,-2.370833369,0.156898345,1.04762541665413,0.4706786827142748
2005-11-24,100.6375015,272.3833374,284.1250042,0.0035375,98864.58333,0.0,0.258333337,-0.68750001,0.156456922,0.5591979915091906,0.4682054465522299
2005-11-25,80.91250121,336.0208383,283.8833376,0.005758333,98858.75,5.40000008,0.812500012,2.508333371,0.156001508,10.037126923057098,0.7745866855572334
2005-11-26,123.2458352,249.0625037,281.3375042,0.004591667,99393.75,0.0,2.995833378,-4.312500064,0.155530838,4.415098785541959,0.7384107183954106
2005-11-27,110.3875016,242.895837,279.2041708,0.0024125,99906.25,0.0,1.408333354,-3.062500046,0.155074156,4.514385324862501,0.4521379548429705
2005-11-28,35.8416672,300.8791712,279.0291708,0.003345833,99689.16667,26.20000039,-0.979166681,1.558333357,0.15487433,14.98196598201118,0.6334077807109857
2005-11-29,37.95416723,335.6708383,278.4375041,0.005158333,99302.08333,6.800000101,-0.383333339,3.075000046,0.154999389,14.13047725846566,1.0140125770062065
2005-11-30,65.72500098,290.4750043,278.1208375,0.00495,99387.91667,0.0,-0.150000002,-0.762500011,0.153985762,6.012627447054507,0.9958831455777716
2005-12-01,39.91666726,344.5166718,282.0541709,0.006741666,98411.66667,19.00000028,-0.425000006,8.866666799,0.153363137,9.746067541605097,1.0220027306696646
2005-12-02,115.4708351,269.862504,280.9000042,0.005141667,98742.91667,3.700000055,2.591666705,0.108333335,0.152824438,20.619274410333038,0.8465672973932585
2005-12-03,115.6875017,249.0125037,278.9625042,0.003575,99677.91667,0.0,2.404166702,-3.229166715,0.152368392,24.11734377926148,0.6798841649028929
2005-12-04,108.4500016,237.0166702,278.4541708,0.002716667,100101.25,0.0,0.812500012,-4.691666737,0.151897723,25.311738112877094,0.5377024415996857
2005-12-05,115.7416684,254.3041705,279.3291708,0.003220833,100109.1667,0.0,0.137500002,-2.016666697,0.151455664,11.602082820168576,0.5995944668396234
2005-12-06,112.4250017,232.9250035,277.6416708,0.0028375,99723.33333,0.0,0.758333345,-3.320833383,0.15100025,9.250194859542262,0.5925422693330371
2005-12-07,36.0416672,306.1458379,278.6333375,0.003270833,99240.0,0.0,0.20416667,-0.654166676,0.150544203,3.072056980259759,0.6337799358124123
2005-12-08,60.64166757,338.8208384,280.7458375,0.005054167,99166.25,0.0,-1.112500017,0.175000003,0.150088157,6.620977113939366,0.8446688697713375
2005-12-09,109.645835,286.7125043,282.9000042,0.005579167,99448.33333,0.0,-0.225000003,-3.154166714,0.149646733,4.186973051854194,0.8068456618044938
2005-12-10,110.3375016,250.4500037,280.9375042,0.003775,99565.0,0.0,-0.041666667,-2.504166704,0.149191323,2.925636124715246,0.6251035990465885
2005-12-11,99.93333482,255.3250038,280.0083375,0.003283333,99222.5,0.0,0.487500007,-2.454166703,0.148735277,2.434672294416137,0.5778127862583833
2005-12-12,94.32916807,265.7208373,278.6291708,0.00315,99026.66667,0.0,0.508333341,-1.762500026,0.148279227,1.9191745659209776,0.6092327705553294
2005-12-13,107.5916683,248.408337,279.0000042,0.003929167,99225.0,0.0,0.183333336,-0.779166678,0.14782318,0.9911895535868692,0.7418911783475581
2005-12-14,106.3250016,246.3041703,278.9458375,0.003645833,99305.83333,0.0,0.0,-2.616666706,0.147367134,0.9838959891034452,0.6915742679269768
2005-12-15,104.5166682,246.3416703,278.2416708,0.00295,99121.66667,0.0,-0.066666668,-1.866666694,0.146911088,0.9806576899309518,0.5868919887380175
2005-12-16,109.2375016,231.1916701,277.0333375,0.00255,98725.83333,0.0,0.887500013,-1.991666696,0.146595206,0.7652272436195249,0.5504611457099531
2005-12-17,41.44166728,259.1958372,276.6625041,0.003270833,98747.5,1.500000022,-1.370833354,1.825000027,0.146300041,0.3187026150514628,0.7251507777998452
2005-12-18,43.49166731,330.1833383,278.0666708,0.005175,98683.33333,36.60000055,-2.291666701,5.891666754,0.145990889,10.667119054579398,1.0377302993170168
2005-12-19,32.34583382,347.8708385,282.3500042,0.006904166,99425.83333,27.30000041,-1.970833363,8.158333455,0.145681102,5.625520100792623,1.0362871533700224
2005-12-20,36.86666722,332.987505,283.1041709,0.007058333,99680.0,8.300000124,-2.800000042,6.24166676,0.145371314,5.547938903554707,1.0090705493597985
2005-12-21,57.22916752,348.6333385,283.7416709,0.007608333,99458.75,10.00000015,-2.008333363,4.820833405,0.145061523,14.34635948982878,1.0395252322872253
2005-12-22,38.69583391,362.0333387,286.1125043,0.008883333,98918.75,21.70000032,0.045833334,6.795833435,0.144766358,8.936374617040784,1.0304348925322495
2005-12-23,73.02500109,344.1750051,287.1500043,0.0093375,99436.66667,2.100000031,-0.595833342,1.870833361,0.144457206,13.536082124921435,1.0168888458881005
2005-12-24,91.51666803,304.8416712,286.4541709,0.007933333,99377.08333,0.0,-1.137500017,0.112500002,0.144147418,7.979016874495154,0.9038782075554628
2005-12-25,57.79583419,335.8583383,286.2166709,0.008208333,98775.83333,2.600000039,-0.800000012,4.379166732,0.14383763,12.326966586074104,0.9442383133396476
2005-12-26,91.81666803,326.3000049,284.4833376,0.00735,98690.83333,14.70000022,0.554166675,5.354166746,0.143527843,28.342657804691445,0.9480303105240612
2005-12-27,30.49583379,347.3625052,283.9833376,0.007104166,99442.5,15.90000024,-2.2166667,6.637500099,0.143232678,16.80165301945105,0.9548181919665728
2005-12-28,67.49166767,361.4583387,285.7583376,0.0084125,99025.41667,28.50000042,0.500000007,7.675000114,0.142923526,25.40237324617888,1.0000521628783554
2005-12-29,96.17083477,277.2875041,281.8041709,0.0057,99467.5,0.0,0.42083334,0.766666678,0.142613738,6.069775804056674,0.8884252673746892
2005-12-30,32.90000049,333.0166716,279.9291708,0.0056,98744.58333,19.40000029,-1.587500024,6.516666764,0.142303951,12.78601125446795,0.9861733167577044
2005-12-31,41.02083394,359.991672,284.2458376,0.007970833,97409.58333,62.30000093,2.337500035,9.037500135,0.142008786,10.582371635744478,1.0310516259280715
2006-01-01,36.47916721,308.7000046,282.0791709,0.006575,98025.41667,9.200000137,-1.979166696,6.233333426,0.141699634,0.5901767899269591,0.9911305527302632
2006-01-02,65.92916765,335.0333383,282.6083375,0.007095833,97538.75,7.800000116,0.20416667,1.066666683,0.141389846,18.35329778789197,1.026621684955763
2006-01-03,59.00833421,288.716671,280.8750042,0.0058625,98899.58333,0.300000004,-0.337500005,4.125000061,0.141080055,3.063633883240458,0.9684516202986544
2006-01-04,63.07083427,325.2666715,282.0333375,0.006583333,99929.58333,0.800000012,-2.162500032,2.612500039,0.14078489,9.632906304356188,1.014837351273777
2006-01-05,100.9000015,281.0291709,282.1791709,0.006141667,100067.0833,0.0,-1.500000022,0.279166671,0.140475738,7.5585190438276975,0.9386595933540371
2006-01-06,101.0708348,275.3083374,282.1833375,0.005658333,99525.83333,0.0,-1.470833355,0.266666671,0.140165951,6.797199817386916,0.8598672761771887
2006-01-07,86.76666796,311.7125046,283.6583376,0.006608333,98978.75,0.0,1.320833353,1.237500018,0.139856163,8.763808703229321,0.903600599370498
2006-01-08,105.9875016,267.3291707,281.5791709,0.005483333,99657.08333,0.0,1.620833357,-2.020833363,0.139546375,5.132788194484771,0.8695900712916155
2006-01-09,108.3375016,250.4916704,279.7958375,0.004241667,99760.0,0.0,0.995833348,-3.079166713,0.139251211,5.260047838722638,0.7616817440073355
2006-01-10,40.0750006,296.7625044,279.9708375,0.004925,99644.16667,0.0,-0.233333337,2.279166701,0.138927436,1.3329174661634942,0.8726739713753021
2006-01-11,95.10000142,325.3708382,281.0750042,0.005929167,99197.08333,0.600000009,0.162500002,1.516666689,0.138617012,7.3209514673405875,0.9689588207171922
2006-01-12,57.80000086,306.3791712,281.2750042,0.005495833,99298.75,0.0,0.516666674,-1.837500027,0.138321848,2.274446129287589,0.8867720124144972
2006-01-13,28.41666709,335.4458383,281.8750042,0.00595,98787.08333,0.100000001,-1.558333357,2.341666702,0.138012696,1.8248597365562644,0.91659234833648
2006-01-14,54.77500082,335.650005,282.0125042,0.006529167,98230.0,8.200000122,0.133333335,4.162500062,0.137702908,11.476886452944536,0.9907791831623244
2006-01-15,112.6250017,254.0875038,279.6000042,0.00485,99349.58333,0.200000003,2.112500031,-1.733333359,0.13739312,8.035794203347702,0.8792519897004438
2006-01-16,47.79166738,300.5916711,279.2625042,0.004095833,100135.8333,0.0,-0.345833338,-0.25416667,0.137856081,3.5760086556523296,0.7662510022095514
2006-01-17,34.66666718,340.3916717,280.7000042,0.005275,100007.5,0.100000001,-1.012500015,3.054166712,0.138338021,7.765728462839807,0.8918731870464125
2006-01-18,51.92500077,317.5666714,280.8250042,0.006,99231.25,8.800000131,2.183333366,4.525000067,0.138819321,9.127069896540496,0.9979271313552917
2006-01-19,115.120835,279.7291708,280.1708375,0.005295833,99520.0,0.500000007,1.533333356,-1.483333355,0.139300625,16.033039675575914,0.9242852467427712
2006-01-20,83.15416791,263.1583373,279.0041708,0.004491667,99801.66667,0.200000003,0.958333348,-0.608333342,0.139796551,4.160569398274846,0.8527803170886099
2006-01-21,95.87500143,308.5708379,280.2875042,0.005641667,99744.58333,2.500000037,0.129166669,0.441666673,0.140278487,16.51684849387882,0.9789122058251164
2006-01-22,123.6375018,251.9958371,281.3083375,0.004945833,99797.08333,0.0,0.91666668,-5.308333412,0.140759791,18.32736392077397,0.80019636534462
2006-01-23,124.1208352,252.6500038,283.4416709,0.0040875,99875.83333,0.0,-0.295833338,-6.566666765,0.141255714,30.9602822242008,0.5722855747385389
2006-01-24,125.5750019,258.8541705,283.3416709,0.004783333,99247.91667,0.0,-0.43333334,-2.595833372,0.141737654,10.097276211348376,0.670011244850319
2006-01-25,117.9791684,250.0375037,280.8541709,0.0045,98964.16667,0.0,-0.691666677,1.33750002,0.142233581,4.458903105661181,0.7449298887065071
2006-01-26,113.483335,271.212504,280.2500042,0.005133333,99215.41667,0.0,1.745833359,0.583333342,0.142715517,4.332487696652552,0.8882901224483364
2006-01-27,105.1416682,303.1000045,281.0083375,0.005404167,99610.0,1.000000015,0.787500012,2.362500035,0.143211443,6.76093728399411,0.8909212239161829
2006-01-28,44.87916734,334.0958383,282.0583375,0.00635,99612.91667,5.40000008,0.641666676,3.912500058,0.143693379,7.976951691953203,0.9741009614742322
2006-01-29,41.35416728,311.308338,281.4083375,0.006466667,99644.16667,0.600000009,-1.079166683,2.729166707,0.144174683,0.3221337634454179,1.037497618186646
2006-01-30,38.21250057,351.9166719,283.1708376,0.007054166,99287.5,4.00000006,0.083333335,3.754166723,0.144670606,10.502418471915142,0.9999783308469946
2006-01-31,106.3708349,268.7166707,280.4458375,0.005533333,99442.08333,0.100000001,0.604166676,-1.037500015,0.145152545,6.696345976423843,0.9467598906775712
2006-02-01,42.06666729,344.0166718,281.6916709,0.006116667,99327.08333,0.800000012,-0.800000012,3.762500056,0.145633849,10.156863310717911,0.9593880199601184
2006-02-02,83.20416791,352.4458386,283.2750042,0.007216666,99150.0,3.700000055,0.620833343,3.12083338,0.146129772,20.885098596766,1.014419758062726
2006-02-03,139.3708354,302.0541712,285.2666709,0.0073625,99315.0,0.0,-0.008333333,0.095833335,0.146611712,16.677445592103414,0.9069394561734146
2006-02-04,150.0666689,295.2041711,284.9708376,0.0068625,99232.91667,0.600000009,0.850000013,1.154166684,0.147093012,17.600316855510016,0.8614692361231437
2006-02-05,156.5333357,240.4041702,281.6750042,0.004125,99541.25,0.0,0.016666667,-4.541666734,0.147588939,16.324197125823304,0.6491348380040786
2006-02-06,147.8750022,246.533337,281.8500042,0.003925,99340.41667,0.0,-1.445833355,-2.187500033,0.148070878,10.138240168052729,0.6090708322492783
2006-02-07,156.204169,264.1541706,282.5791709,0.004466667,99486.66667,0.0,-1.004166682,-1.425000021,0.148552178,8.79090776121786,0.6604501868828566
2006-02-08,159.891669,251.6875038,283.6125042,0.00445,99462.91667,0.0,-0.0125,-3.220833381,0.149033482,7.428182997413726,0.6133474843631522
2006-02-09,162.2583358,253.2250038,284.6666709,0.004529167,99108.33333,0.0,-0.504166674,-2.71250004,0.149529405,6.326626781615157,0.5795037568742569
2006-02-10,162.3083358,264.7208373,285.2791709,0.005329167,99216.66667,0.0,-0.562500008,-0.45833334,0.150011345,4.795569063580433,0.6552706474853198
2006-02-11,119.6416684,289.3000043,285.6333376,0.005858333,99801.25,0.0,0.995833348,-2.129166698,0.150492648,3.433325451860414,0.7077217396134907
2006-02-12,164.2250024,270.4791707,285.5083376,0.0057375,100039.5833,0.0,0.958333348,-4.00000006,0.150988572,4.28618896405075,0.7005712373097726
2006-02-13,168.3000025,262.2083372,286.3125043,0.0051375,99576.25,0.0,0.829166679,-5.300000079,0.151470511,5.13555310326036,0.5920180035099744
2006-02-14,171.6541692,259.9166705,285.3166709,0.004970833,98772.5,0.0,2.2291667,-5.687500085,0.151951811,4.942841399410492,0.6069571366303151
2006-02-15,171.5791692,242.9125036,281.0500042,0.003583333,98728.75,0.0,3.475000052,-4.4708334,0.152433115,3.952445270764112,0.5838368329235286
2006-02-16,172.2291692,219.6291699,277.2208375,0.002433333,99265.0,0.0,1.291666686,-0.67500001,0.152966527,2.063300947139779,0.5211446290476914
2006-02-17,64.20833429,288.1583376,276.1333374,0.00335,98826.66667,0.0,0.487500007,0.525000008,0.153472963,0.9569388106501112,0.7720007789818553
2006-02-18,102.5208349,283.4500042,276.0041708,0.003825,98830.83333,0.0,-0.775000012,1.10833335,0.154006738,1.3347321083804602,0.8897137686064233
2006-02-19,145.0666688,282.7000042,276.6916708,0.003683333,99085.83333,0.0,-0.391666673,-2.154166699,0.154608537,2.100212128241073,0.8176953625259684
2006-02-20,183.1541694,231.3541701,277.2625041,0.003316667,99617.5,0.0,0.779166678,-3.612500054,0.155192538,2.185534139760072,0.7107412325254456
2006-02-21,182.7958361,232.0208368,277.6250041,0.002983333,99556.25,0.0,1.016666682,-3.000000045,0.155654466,2.382437058293842,0.6226871395271512
2006-02-22,184.5333361,238.9916702,279.5166708,0.003341667,99477.08333,0.0,0.475000007,-4.550000068,0.156125135,3.1046238548852623,0.6101210129807855
2006-02-23,186.3666694,250.4375037,282.1708375,0.004241667,99417.91667,0.0,0.091666668,-4.095833394,0.15660444,3.248220250206723,0.644434680145842
2006-02-24,187.1583361,254.5541705,283.0083376,0.00455,99131.66667,0.0,0.637500009,-2.845833376,0.157111414,3.0105400518484835,0.6511124346164578
2006-02-25,160.8500024,276.8291708,284.4000042,0.005429167,99124.16667,0.0,-0.312500005,0.816666679,0.157617653,2.294416906190356,0.7072880255335989
2006-02-26,94.44166807,306.8416712,283.8791709,0.00625,98743.75,4.100000061,-3.070833379,5.475000082,0.158137979,4.741709953397466,0.8399812602833446
2006-02-27,87.21666797,347.8416718,281.7375042,0.006816666,98170.83333,40.1000006,-3.991666726,8.9791668,0.158644165,19.774915266076903,1.053421868120081
2006-02-28,127.6416686,327.5541715,283.3208376,0.006833333,97958.33333,38.00000057,0.679166677,8.47083346,0.159179073,47.05809633253262,0.9460539470540368
2006-03-01,149.1666689,288.9208376,280.4375042,0.005116667,99173.75,1.300000019,-0.266666671,4.550000068,0.159685985,25.348171834488056,0.8736094173561789
2006-03-02,175.0666693,303.1916712,280.5750042,0.005141667,98781.66667,7.700000115,-0.091666668,6.066666757,0.160206274,61.912953514060746,0.8661261954432382
2006-03-03,144.5666688,298.3333378,278.9125042,0.004616667,98270.0,10.20000015,0.129166669,3.804166723,0.161216029,44.12488401757273,0.8686238292479255
2006-03-04,165.5250025,273.5666707,277.9916708,0.004341667,99032.91667,0.300000004,-0.262500004,3.270833382,0.161859058,27.315425193805865,0.8783490294678469
2006-03-05,78.55416784,318.7500047,278.9500042,0.004975,98855.41667,31.10000046,-3.762500056,8.758333464,0.16200742,32.94726825052737,0.9391479202514956
2006-03-06,121.6083351,328.8875049,280.2458375,0.0059625,98758.75,38.40000057,-0.670833343,6.512500097,0.162345202,33.141289969984825,1.0273199136410696
2006-03-07,133.1916687,320.5333381,281.0291709,0.005795833,99180.41667,2.300000034,1.545833356,2.495833371,0.162809502,33.520346515361894,0.9500049762561414
2006-03-08,129.2291686,283.3416709,280.7416709,0.005058333,99463.33333,0.200000003,2.133333365,-2.487500037,0.163316398,22.186243588861156,0.8481417045665615
2006-03-09,188.5791695,300.0291711,281.4000042,0.005404167,98780.41667,0.200000003,3.725000056,-1.483333355,0.163822597,33.20559498325984,0.8600089364056502
2006-03-10,159.7583357,274.3500041,277.4916708,0.003783333,97804.58333,0.0,3.750000056,0.295833338,0.164355582,18.38828355548777,0.7831403533265331
2006-03-11,160.7833357,287.704171,276.5000041,0.003733333,97624.16667,0.0,1.55416669,0.929166681,0.165385731,14.426629938455171,0.8278339982056919
2006-03-12,178.2916693,278.4916708,276.4041708,0.003666667,98437.91667,2.100000031,0.850000013,1.595833357,0.169955368,17.866438619768683,0.8254708647525723
2006-03-13,123.1291685,276.4541708,278.4333375,0.004358333,99417.08333,1.300000019,0.104166668,1.933333362,0.176756544,9.854617816528792,0.8579943331798702
2006-03-14,152.5208356,317.6375047,279.4166708,0.005120833,98761.25,17.40000026,0.645833343,6.512500097,0.169253881,51.47261401552328,0.9347345344618084
2006-03-15,115.9416684,312.7541713,280.0166708,0.005120833,99081.25,2.600000039,-0.575000009,3.595833387,0.167593796,29.73713239721941,0.8993788399036686
2006-03-16,87.68333464,323.5125048,280.1875042,0.005458333,99049.58333,7.500000112,-1.100000016,5.975000089,0.167004463,30.982780526218612,0.947047557393316
2006-03-17,173.3500026,315.4291714,280.5166708,0.005508333,98716.25,6.200000092,1.395833354,1.104166683,0.166664274,50.52024453336459,0.9310271484527688
2006-03-18,242.9916703,252.1375038,280.1833375,0.0042125,98612.08333,0.400000006,2.733333374,-5.625000084,0.166485578,57.64846248163351,0.7278715023123354
2006-03-19,259.1250039,240.7500036,280.5583375,0.003641667,98479.16667,0.0,1.78333336,-5.354166746,0.166321502,43.10741806113286,0.6122744545851148
2006-03-20,86.45416795,290.7333377,280.3958375,0.004545833,98137.5,5.700000085,1.141666684,1.212500018,0.166157425,14.24836020416086,0.7702560072114937
2006-03-21,131.7166686,312.208338,278.9875042,0.005233333,98530.83333,1.800000027,0.525000008,1.858333361,0.165993352,25.018564147423508,0.9820860379573364
2006-03-22,210.4458365,293.5333377,279.9791708,0.005091667,99449.58333,0.0,-0.820833346,1.383333354,0.165843898,31.516391220228225,0.8999229260900896
2006-03-23,125.6125019,307.1708379,281.7625042,0.005495833,99555.0,0.0,-1.241666685,3.104166713,0.165680461,15.343030846021586,0.8598064372322686
2006-03-24,121.3750018,330.8458383,282.7375042,0.0066625,99198.33333,3.800000057,-1.37500002,5.054166742,0.165516385,21.68890524080879,0.9717568069531168
2006-03-25,177.8500027,333.5041716,283.5750042,0.007004166,98422.08333,6.400000095,1.420833355,5.033333408,0.165352308,51.87787996401647,0.957708547315364
2006-03-26,250.0166704,270.7583374,281.2916709,0.005216667,99110.0,0.200000003,1.279166686,-2.291666701,0.165188235,41.27900017764283,0.839165322389247
2006-03-27,211.8375032,284.3541709,281.6958375,0.004933333,98453.33333,1.200000018,-0.67500001,1.300000019,0.165024158,31.51474834965014,0.7667585251554004
2006-03-28,183.8875027,323.3416715,281.6000042,0.0060625,98021.25,4.800000072,-2.162500032,7.120833439,0.164874708,44.385129692170366,0.9443069006449674
2006-03-29,106.6208349,321.2000048,281.1166709,0.005616667,98121.25,19.60000029,-1.158333351,4.358333398,0.164711267,37.77538749833288,0.905332776215912
2006-03-30,137.0291687,324.8625048,281.3166709,0.005454167,98812.08333,1.500000022,-1.354166687,2.004166697,0.164547194,34.225030049180425,0.8732306229865643
2006-03-31,127.0708352,330.3833383,281.3625042,0.006,98517.5,14.50000022,-1.191666684,5.212500078,0.164383118,43.63400754872688,0.954744086021712
2006-04-01,167.9000025,319.6166714,280.4375042,0.005429167,98862.91667,5.300000079,0.075000001,5.458333415,0.164233664,56.73546355795784,0.9240597163901736
2006-04-02,158.729169,330.3916716,282.3125042,0.005995833,99070.41667,2.200000033,-1.870833361,4.516666734,0.164055604,47.76046339835244,0.8990285991628886
2006-04-03,86.99166796,350.5000052,283.1208376,0.007254166,98486.25,19.30000029,-1.800000027,5.862500087,0.163890891,27.873994694628745,1.023491154281854
2006-04-04,171.3291692,319.2541714,281.4208375,0.006266667,98230.0,5.40000008,-1.641666691,2.795833375,0.163741441,49.45423223856905,0.9902904627952251
2006-04-05,219.3583366,302.1333378,281.2208375,0.0056625,97842.08333,3.500000052,1.295833353,1.33750002,0.163563378,62.173653282131056,0.9036217347577256
2006-04-06,230.0416701,292.916671,281.8875042,0.0057625,99100.0,0.0,0.358333339,2.745833374,0.163413288,44.61960058686498,0.8897586438358371
2006-04-07,210.5833365,306.9791712,282.2000042,0.0057625,98679.58333,0.300000004,-1.862500028,3.529166719,0.163249851,36.64288856888474,0.8672639491505441
2006-04-08,141.4125021,321.0125048,281.6791709,0.005629167,98966.25,2.800000042,-1.929166695,6.066666757,0.163100397,30.97341250697068,0.8804710663928816
2006-04-09,207.3000031,317.7083381,282.4041709,0.005583333,99050.0,0.600000009,-0.366666672,2.316666701,0.162922337,34.40824444936518,0.8317914170262578
2006-04-10,201.6583363,315.670838,281.8000042,0.005579167,98531.66667,1.600000024,-0.045833334,4.087500061,0.162772248,30.74815977700339,0.8616560465971621
2006-04-11,116.3083351,329.7666716,282.0500042,0.0062875,98293.75,17.90000027,-2.570833372,6.383333428,0.162608807,42.13553900350283,0.9522824756862128
2006-04-12,129.5833353,350.7416719,283.3208376,0.007379166,98726.66667,31.80000047,-3.508333386,4.433333399,0.162444734,42.32900105268561,1.02963591703404
2006-04-13,262.4250039,320.8041714,284.1041709,0.006941666,99173.33333,3.500000052,-0.308333338,-0.529166675,0.16229085,81.4110045561197,0.9229238618102664
2006-04-14,176.120836,320.7875048,287.7833376,0.0077875,98140.83333,0.0,2.225000033,-1.845833361,0.162124749,41.28114921426064,0.8030697055415943
2006-04-15,129.8875019,317.1375047,285.8916709,0.007704166,98305.0,0.800000012,1.654166691,4.041666727,0.161958098,22.113153684840874,0.901185961314583
2006-04-16,164.0500024,335.712505,282.3791709,0.006295833,98535.0,11.80000018,1.379166687,5.016666741,0.16208198,60.997508371154645,0.9346521440431858
2006-04-17,302.6208378,285.7083376,282.0583375,0.005291667,99203.33333,0.400000006,1.850000028,0.841666679,0.162218493,64.1672547438585,0.8084131363666284
2006-04-18,327.0666715,249.5625037,281.6958375,0.0042125,99562.5,0.0,1.679166692,-4.462500066,0.16234038,54.11203359600839,0.6620998118066834
2006-04-19,322.8833381,271.9875041,285.4541709,0.005325,98999.16667,0.0,1.008333348,-2.137500032,0.162476257,40.76592190592889,0.6457616880977866
2006-04-20,290.3083377,291.754171,287.8833376,0.006429167,98516.66667,0.0,0.737500011,-0.616666676,0.162583524,30.82220487781661,0.6612070915487527
2006-04-21,267.450004,316.6041714,286.8083376,0.007104166,98252.08333,0.0,1.912500028,-1.32500002,0.162718766,24.37988164629933,0.7817982372145459
2006-04-22,211.1166698,326.6625049,286.6333376,0.0078,98311.25,2.800000042,-0.504166674,1.041666682,0.162840656,27.106666429514988,0.8688374863710759
2006-04-23,173.6916693,337.8583384,286.9041709,0.008004166,98663.75,0.600000009,1.091666683,0.387500006,0.16297653,21.19447482346995,0.8789777859094597
2006-04-24,271.1208374,327.8333382,287.2875043,0.008395833,99097.91667,0.100000001,0.141666669,2.754166708,0.163113043,25.34195139722257,0.9030482848076978
2006-04-25,222.27917,319.2166714,286.2541709,0.007591666,98865.83333,0.0,0.795833345,-0.270833337,0.163234933,19.02607287566981,0.871933710540555
2006-04-26,327.5916715,308.6708379,288.7708376,0.008158333,98514.58333,0.0,1.54166669,-3.32500005,0.163370811,23.20262873990357,0.7920207175500698
2006-04-27,335.7208383,303.3666712,291.404171,0.007920833,98480.0,0.0,1.54166669,-5.608333417,0.163492701,25.492108459123774,0.6493661734386807
2006-04-28,335.4791717,312.008338,293.0625044,0.0082,98685.83333,0.0,1.195833351,-4.641666736,0.163622178,24.03974596098964,0.6068418453237129
2006-04-29,331.6291716,323.6833382,292.654171,0.009479166,98817.08333,0.0,1.237500018,-1.98750003,0.163754114,19.42550780152312,0.7206499751377752
2006-04-30,339.5958384,318.7125047,292.216671,0.0096125,98750.83333,0.0,1.37500002,-3.529166719,0.163877821,17.486466598951147,0.7506684190347124
2006-05-01,345.3166718,294.3083377,292.4375044,0.007529166,98511.25,0.0,1.266666686,-3.866666724,0.164011481,16.97315477264305,0.5784519667021254
2006-05-02,344.4750051,296.1000044,292.2333377,0.007079166,98541.25,0.0,0.808333345,-3.708333389,0.164132231,16.197566071340656,0.5510807515181164
2006-05-03,341.5958384,301.1083378,291.0625043,0.007275,98219.16667,0.0,0.720833344,-2.679166707,0.164265743,14.234788027111966,0.6078829494288813
2006-05-04,343.7958385,303.9791712,289.641671,0.0080875,98460.83333,0.0,0.945833347,-0.133333335,0.164401999,12.892526353292904,0.7418484493807918
2006-05-05,343.8416718,299.1750045,288.879171,0.008145833,98718.33333,0.0,1.308333353,-0.300000004,0.164525765,11.539225560058677,0.7869074422065125
2006-05-06,342.1583384,301.7375045,288.8875043,0.0082125,98620.83333,0.0,1.366666687,-1.10833335,0.164660679,10.88386866023528,0.7921370427458496
2006-05-07,307.5708379,328.1333382,290.354171,0.008575,98745.83333,0.0,1.662500025,-2.870833376,0.164782234,10.552849975805271,0.7536223759187328
2006-05-08,343.7000051,311.2041713,292.2625044,0.007966666,98664.16667,0.0,2.383333369,-4.962500074,0.164917803,12.715045262792655,0.6198025829730711
2006-05-09,353.9291719,289.6333376,291.129171,0.006266667,98625.41667,0.0,1.633333358,-5.162500077,0.165039384,12.30068893719753,0.5235716915266768
2006-05-10,345.2875051,295.8666711,292.6583377,0.006595833,98668.33333,0.0,0.358333339,-4.116666728,0.165160336,11.624646233709337,0.5005599023398248
2006-05-11,347.1958385,319.9000048,294.1875044,0.007045833,98568.33333,0.0,1.33750002,-2.195833366,0.165295915,11.593479824292071,0.4855515607917612
2006-05-12,344.6416718,314.9291714,293.816671,0.007779166,98400.0,0.0,1.837500027,-2.775000041,0.165417409,11.193863709336467,0.5476443246610981
2006-05-13,351.5958386,315.1166714,293.2208377,0.008070833,98400.41667,0.0,1.379166687,-1.458333355,0.165552888,10.364401900528897,0.5896871382594151
2006-05-14,350.4541719,323.5375048,294.5041711,0.009083333,98718.33333,0.0,1.56666669,-2.775000041,0.165674431,10.868467488046097,0.6147350795038277
2006-05-15,332.8333383,335.2291717,296.4291711,0.008795833,98360.83333,0.0,1.775000026,-1.36250002,0.165809995,10.507876125294098,0.5269815100661096
2006-05-16,352.0500052,332.825005,295.5041711,0.009545833,98756.66667,0.0,1.620833357,-1.37500002,0.16630467,10.507595401244014,0.6076521264415837
2006-05-17,351.8750052,339.0000051,295.9458377,0.0104875,98605.83333,0.0,1.320833353,-1.483333355,0.166814929,10.350995985950789,0.6487714367089547
2006-05-18,350.5875052,349.0041719,296.3708377,0.011508333,98365.41667,0.0,1.141666684,0.258333337,0.167325182,10.025616737403166,0.6919837211178608
2006-05-19,159.3708357,372.9333389,293.716671,0.010291666,98564.58333,3.500000052,0.950000014,1.087500016,0.167845224,11.990188087862869,0.730264043626952
2006-05-20,186.2291694,366.3833388,287.854171,0.0088125,98698.33333,4.100000061,-1.495833356,3.383333384,0.16835767,23.932221479217127,0.909720338485546
2006-05-21,287.9625043,340.3083384,288.7875043,0.008041666,98160.83333,10.90000016,-0.945833347,3.837500057,0.168879556,120.48894122174616,0.7770524590484034
2006-05-22,187.1458361,342.4833384,286.4125043,0.007233333,97978.33333,7.500000112,0.720833344,4.525000067,0.169387901,81.90702241443012,0.8147604349873613
2006-05-23,191.2875029,350.7291719,287.1500043,0.006979166,99053.75,0.0,-1.412500021,5.687500085,0.169910515,58.07438286996373,0.7571305346821914
2006-05-24,276.2666708,336.425005,288.2333376,0.0077,99419.58333,0.0,0.533333341,2.908333377,0.170419765,41.73287105540991,0.781160500132483
2006-05-25,353.2625053,303.7416712,289.2000043,0.0071625,99169.16667,0.0,2.387500036,-1.550000023,0.170943005,31.73241247185457,0.6808184550497504
2006-05-26,351.8125052,295.0875044,288.054171,0.006083333,98512.91667,0.0,3.77083339,-2.575000038,0.171452124,18.467657674952804,0.618691955205258
2006-05-27,367.5291721,277.3916708,285.9041709,0.005316667,98425.0,0.0,3.945833392,-2.166666699,0.171963472,12.890789287421876,0.6221548432065961
2006-05-28,368.7541722,282.5041709,287.1541709,0.005245833,98943.33333,0.0,2.337500035,-2.837500042,0.17247699,11.994298985037902,0.5683013040547251
2006-05-29,369.2666722,279.8750042,288.2458376,0.0051375,99142.91667,0.0,1.916666695,-1.745833359,0.17299097,11.16496703961466,0.5193238133336749
2006-05-30,355.4125053,298.7666711,290.9250043,0.005483333,99065.0,0.0,2.116666698,-2.695833374,0.173501347,10.625264004838607,0.4661800662310694
2006-05-31,360.7500054,312.108338,292.6708377,0.006791666,98817.5,0.0,2.087500031,-1.775000026,0.174019779,10.235680529588569,0.5157960525041294
2006-06-01,268.9916707,344.2000051,294.2750044,0.008879166,98757.08333,0.0,2.108333365,-0.320833338,0.174529979,7.539494405775954,0.609746811728071
2006-06-02,197.6083363,374.1500056,295.1916711,0.010825,98933.75,0.0,1.941666696,0.691666677,0.175040195,5.551619913167306,0.7037048344402181
2006-06-03,338.4208384,354.2166719,294.5916711,0.010658333,99005.83333,0.0,2.062500031,-1.466666689,0.175550465,8.870179632715612,0.7195224036640206
2006-06-04,345.0583385,346.3875052,296.3750044,0.0096125,98608.33333,0.0,2.562500038,-0.958333348,0.176074884,9.721201012713529,0.5792694503375875
2006-06-05,353.6791719,328.6916716,294.6875044,0.0088625,98485.83333,0.0,1.595833357,-1.437500021,0.176598804,9.47116656592899,0.5916318277146217
2006-06-06,349.6500052,335.5041717,294.7750044,0.009941666,98343.33333,0.0,2.083333364,-1.791666693,0.177108054,9.712440524791967,0.6591409019393503
2006-06-07,351.5375052,330.8958383,295.3125044,0.009204166,98336.25,0.0,2.612500039,-1.670833358,0.177616672,10.449266672034016,0.5903203274652077
2006-06-08,341.9500051,324.0375048,293.354171,0.009020833,98441.25,0.0,1.279166686,-1.258333352,0.178139909,9.645777206730234,0.653902157625165
2006-06-09,355.4583386,322.8625048,293.1750044,0.0085875,98397.08333,0.0,1.016666682,-1.429166688,0.178649158,10.518855181953402,0.6292158669922225
2006-06-10,324.4166715,334.212505,292.866671,0.008970833,98255.83333,0.0,1.245833352,-0.325000005,0.179157776,10.092884688666638,0.6691513796949727
2006-06-11,193.7416696,355.5000053,292.029171,0.008841666,98072.08333,0.0,1.320833353,-0.045833334,0.17966639,5.838680152378603,0.6938794161080732
2006-06-12,351.2625052,328.4541716,291.0458377,0.0082375,98232.08333,0.0,1.341666687,1.754166693,0.180189627,9.60442050336348,0.6891276225299587
2006-06-13,307.6958379,317.4958381,289.7375043,0.007741666,98753.75,0.0,2.291666701,2.020833363,0.18069888,7.355730728215622,0.7078656476234607
2006-06-14,307.7625046,315.4750047,289.079171,0.007154166,99201.25,0.0,1.675000025,0.0,0.181207494,6.789736776350793,0.685572227202394
2006-06-15,326.8916715,329.3916716,291.5333377,0.007429166,98831.25,0.0,1.954166696,-3.141666713,0.181730731,7.924917657464467,0.6062482590725907
2006-06-16,356.129172,331.8666716,295.5875044,0.007775,98691.25,0.0,1.895833362,-4.775000071,0.182353794,9.44048049312032,0.4920761528048792
2006-06-17,357.5333387,337.8958384,297.8208378,0.0082375,98639.16667,0.0,2.112500031,-3.683333388,0.182966547,8.84730917044879,0.4548739995505912
2006-06-18,361.154172,320.6458381,297.2583378,0.0067375,98431.66667,0.0,1.616666691,-2.170833366,0.183593291,7.3764655996304995,0.3841017370991719
2006-06-19,360.8208387,326.7916715,295.4458377,0.008558333,98421.66667,0.0,1.891666695,-3.491666719,0.184206045,7.433757142332296,0.5448921671969956
2006-06-20,360.0458387,333.887505,297.4375044,0.008316666,98544.16667,0.0,1.125000017,-3.333333383,0.184818162,7.7239825797830655,0.4695507631314222
2006-06-21,362.3666721,331.4583383,298.9541711,0.007558333,98519.16667,0.0,1.650000025,-5.275000079,0.185444902,8.726271163850711,0.3894343686898723
2006-06-22,364.6208388,327.9375049,299.7083378,0.007016666,98656.25,0.0,1.512500023,-5.333333413,0.186057655,8.718355571141057,0.3461104543987545
2006-06-23,361.0833387,340.4833384,301.0208378,0.008091666,98666.25,0.0,0.616666676,-3.429166718,0.186669773,7.850179947333339,0.369357140672795
2006-06-24,357.4500053,348.3083385,300.9958378,0.009095833,98575.83333,0.0,0.770833345,-2.337500035,0.187296517,7.44848453138688,0.4154244026569598
2006-06-25,273.9875041,369.0333388,301.0166712,0.010295833,98598.75,0.0,0.570833342,-2.104166698,0.18790927,5.853862978108645,0.4697635772528721
2006-06-26,331.0833383,384.1125057,301.2916712,0.012508333,98390.0,0.0,0.483333341,-0.062500001,0.18853601,6.820767916565192,0.560368951398845
2006-06-27,312.6500047,379.0750056,300.5208378,0.012204166,98217.08333,0.0,0.654166676,1.004166682,0.189148764,6.235230831025731,0.571137817221921
2006-06-28,298.1083378,377.7000056,297.6666711,0.010045833,98541.25,0.0,0.487500007,1.850000028,0.189760881,6.001538912191245,0.5593595369799237
2006-06-29,348.8583385,348.9125052,297.1541711,0.009016666,98735.0,0.0,0.770833345,1.600000024,0.190402244,6.093884770865199,0.5188852095744988
2006-06-30,356.6250053,329.9500049,296.2208377,0.007845833,98913.33333,0.0,0.958333348,0.541666675,0.191015636,5.38820242408531,0.4787518894564648
2006-07-01,357.1583387,337.2083384,295.7291711,0.008229166,98644.58333,0.0,1.925000029,-0.870833346,0.191627754,5.522112228501061,0.5160705519856362
2006-07-02,356.704172,352.5791719,297.0083378,0.0098,98458.75,0.0,1.520833356,-0.504166674,0.192254495,5.324553362571611,0.5673831008034528
2006-07-03,357.2083387,344.6833385,296.0958377,0.009341666,98627.5,0.0,1.13333335,-0.670833343,0.192867248,4.836942041454831,0.5727372989063262
2006-07-04,348.7458385,335.112505,295.7333377,0.008625,98747.08333,0.0,1.354166687,-0.320833338,0.193493988,4.302543519505526,0.541318013071723
2006-07-05,357.0458387,327.1208382,294.4958377,0.008254166,98672.08333,0.0,1.804166694,-1.09583335,0.194106741,4.536416697503189,0.5586456269129476
2006-07-06,361.2125054,322.7875048,294.1208377,0.008091666,98757.5,0.0,1.941666696,-1.420833355,0.194718859,4.692577080138449,0.5610093883718602
2006-07-07,363.0125054,324.9500048,296.0375044,0.007658333,98921.25,0.0,1.637500024,-2.683333373,0.195345602,5.234143859146809,0.4726130890731745
2006-07-08,356.5333386,340.3375051,298.0208378,0.007920833,98797.91667,0.0,0.991666681,-2.137500032,0.195958356,5.3910766746656416,0.4328426217484167
2006-07-09,355.229172,340.4333384,300.0041711,0.006766666,98392.08333,0.0,1.454166688,-2.408333369,0.196585096,5.6693381207243165,0.3270879681576374
2006-07-10,355.804172,336.2666717,298.4166711,0.006983333,98050.41667,0.0,1.670833358,-0.629166676,0.197197849,5.445112281283541,0.3698166235934467
2006-07-11,354.841672,340.8291717,296.6125044,0.009066666,98234.16667,0.0,1.250000019,0.483333341,0.197809967,5.392020693187702,0.5364827584036246
2006-07-12,354.5333386,330.2041716,294.7416711,0.008158333,98547.08333,0.0,1.829166694,0.025,0.198436707,5.419228442854863,0.5431420298720605
2006-07-13,352.8041719,339.2416717,296.1458377,0.008304166,98725.83333,0.0,1.304166686,-1.300000019,0.199049464,5.478447198773336,0.5080809965764173
2006-07-14,353.1375053,336.6833384,297.3833378,0.007291666,98555.83333,0.0,1.166666684,-0.766666678,0.199676204,5.233369664464117,0.4130806247570455
2006-07-15,353.8500053,328.4833382,297.2958378,0.0063875,98548.33333,0.0,1.033333349,-0.858333346,0.20030358,4.960040599914627,0.3637528798469239
2006-07-16,351.0583386,343.6375051,299.3750045,0.006958333,98572.5,0.0,0.641666676,-0.762500011,0.200401376,4.847081683668468,0.3498144067833577
2006-07-17,349.7916719,354.3166719,301.5541712,0.007670833,98410.83333,0.0,0.929166681,-2.312500034,0.200476146,5.214667407464481,0.3384692177583944
2006-07-18,348.2125052,352.3041719,301.9000045,0.006691666,98247.08333,0.0,1.204166685,-2.491666704,0.200550916,4.952411878345317,0.2888645186379914
2006-07-19,326.2125049,368.8000055,301.3500045,0.008145833,98213.33333,0.0,0.670833343,-0.483333341,0.200625687,4.333227490848526,0.3630294214188078
2006-07-20,341.3333384,364.3708388,300.5333378,0.008191666,98412.08333,0.0,0.383333339,-0.333333338,0.20071508,4.309998996013462,0.3838359969656952
2006-07-21,311.0875046,390.8541725,303.8916712,0.0090125,98443.75,0.0,1.408333354,-1.80833336,0.200790486,4.540703208699983,0.3472766850486513
2006-07-22,337.7958384,397.0583392,304.8291712,0.009704166,98267.08333,0.0,1.379166687,-3.300000049,0.200865256,5.131027786141476,0.3537026017851586
2006-07-23,338.4083384,389.6500058,305.1458379,0.008608333,98087.5,0.0,1.437500021,-2.275000034,0.200954653,4.443986032266916,0.3075726354450804
2006-07-24,338.5583384,383.108339,304.4875045,0.007883333,97921.25,0.0,1.633333358,-1.775000026,0.20103006,4.6500011218368,0.2919825923036337
2006-07-25,341.0333384,366.4625055,303.1458379,0.006941666,97712.5,0.0,1.78333336,-1.445833355,0.201108885,4.990053681992604,0.277182633839477
2006-07-26,341.5333384,349.6458385,300.9958378,0.0064625,97905.41667,0.0,1.616666691,0.500000007,0.201201938,5.161926038250206,0.2931476013549513
2006-07-27,342.8666718,345.2041718,299.1083378,0.007679166,98239.16667,0.0,1.733333359,0.937500014,0.201280947,5.481301054736415,0.3909175343100658
2006-07-28,343.0625051,335.8541717,297.4875044,0.007575,98357.91667,0.0,1.270833352,0.283333338,0.201344726,5.217611457812271,0.4255797802036055
2006-07-29,341.0708384,333.700005,296.8541711,0.007166666,98373.75,0.0,1.470833355,0.783333345,0.201437129,5.295336196128048,0.4184643308064572
2006-07-30,336.0583383,333.7208383,296.4250044,0.0067,98434.16667,0.0,2.208333366,-0.812500012,0.201516168,5.468410563259939,0.401815972733176
2006-07-31,341.8291718,322.7625048,295.7000044,0.005345833,98167.08333,0.0,2.737500041,-1.208333351,0.20159459,5.67740902523242,0.3342241271048748
2006-08-01,334.937505,311.170838,294.4125044,0.0051,98272.5,0.0,2.420833369,-2.658333373,0.201672982,5.50242195744924,0.3455504587797477
2006-08-02,332.925005,316.0875047,296.4708378,0.004920833,98490.83333,0.0,1.550000023,-2.475000037,0.201751399,5.402190625603189,0.2944608933033129
2006-08-03,330.8166716,316.8000047,295.9791711,0.004720833,98297.08333,0.0,0.829166679,-0.608333342,0.201829804,4.621747985419376,0.2905297879652933
2006-08-04,326.2791715,327.4541715,296.3291711,0.005520833,98171.25,0.0,0.0125,2.125000032,0.201922823,5.1774878843806125,0.3321496643840227
2006-08-05,321.6333381,341.7833384,296.1541711,0.00685,98489.58333,0.0,0.966666681,2.537500038,0.201987256,5.45221773457431,0.4178937507121872
2006-08-06,320.7875048,338.6458384,295.4208377,0.00745,98437.5,0.0,1.666666692,0.895833347,0.202079654,5.052199443966516,0.4751322911697266
2006-08-07,320.3916714,335.4083383,294.9125044,0.007333333,98510.83333,0.0,1.941666696,1.57916669,0.20215871,5.123445032918544,0.4829187833052043
2006-08-08,321.5500048,321.6125048,293.5833377,0.006416667,98922.08333,0.0,1.520833356,-0.487500007,0.202237133,4.6605380304108674,0.4607689775096245
2006-08-09,320.2333381,333.8458383,297.2958378,0.005358333,98769.58333,0.0,1.437500021,-3.762500056,0.202315541,5.813478612572246,0.3058293522673213
2006-08-10,319.9875048,327.7916716,298.3250044,0.004725,98318.33333,0.0,2.00000003,-2.350000035,0.202393929,5.360553060752227,0.2522909266604933
2006-08-11,321.9541715,313.0625047,296.2791711,0.004420833,98292.08333,0.0,1.670833358,-0.804166679,0.20247236,4.745286961797822,0.2671115361243836
2006-08-12,318.1791714,322.6750048,295.1750044,0.00555,98161.25,0.0,0.637500009,-0.666666677,0.202565377,4.460336126976591,0.358341222825053
2006-08-13,316.4541714,317.9291714,295.5250044,0.005091667,98115.0,0.0,0.90416668,-0.016666667,0.202642484,4.321721620687174,0.321598978141117
2006-08-14,313.133338,322.4041715,295.0750044,0.005379167,98397.08333,0.0,1.725000026,0.979166681,0.202707565,4.661816746105129,0.3502962286250365
2006-08-15,314.520838,314.245838,293.7708377,0.005420833,98512.5,0.0,1.633333358,0.137500002,0.202800611,4.273301033391273,0.3831478427967034
2006-08-16,314.9375047,312.8541713,293.7833377,0.005595833,98437.08333,0.0,1.450000022,-0.437500007,0.202830278,4.091002684861803,0.3949068477344937
2006-08-17,316.7625047,296.0041711,293.2750044,0.003995833,98635.83333,0.0,0.870833346,-1.695833359,0.202871806,3.9498631060370735,0.2916610269485539
2006-08-18,314.5500047,296.3583377,295.4833377,0.0029625,98628.33333,0.0,1.341666687,-1.670833358,0.202899333,3.94701900342216,0.1885777371524382
2006-08-19,309.5041713,300.0333378,294.6833377,0.003070833,98530.0,0.0,1.550000023,0.037500001,0.202926198,3.610792136672567,0.2051436215865303
2006-08-20,305.2666712,317.2208381,294.7000044,0.0046375,98501.66667,0.0,1.291666686,1.316666686,0.202967744,3.755749812009471,0.3093952099483748
2006-08-21,304.5791712,321.0375048,294.3250044,0.005545833,98643.75,0.0,1.529166689,0.375000006,0.202995271,3.554942966505441,0.3792273265563933
2006-08-22,302.6958378,312.0500046,294.2791711,0.004825,98571.25,0.0,1.091666683,-0.720833344,0.203036781,3.339102665314599,0.3306317186886424
2006-08-23,303.8083379,301.7958378,294.4333377,0.003754167,98624.58333,0.0,1.850000028,0.387500006,0.203064302,3.442640668864295,0.2549457817151511
2006-08-24,305.3250045,292.2875044,294.5083377,0.003045833,98377.08333,0.0,1.279166686,-1.008333348,0.203091199,3.254323236322873,0.2053681089533713
2006-08-25,299.2041711,316.7166714,294.4916711,0.004820833,98060.0,0.0,0.86666668,0.425000006,0.203132769,3.254488171785185,0.3243357832679671
2006-08-26,285.6333376,339.2750051,295.3500044,0.0067625,98309.58333,0.0,1.187500018,-0.387500006,0.203160268,3.4345038699165698,0.4326049161458973
2006-08-27,295.6541711,318.1916714,295.4416711,0.00555,98428.75,0.0,1.479166689,-0.829166679,0.203201803,3.4148913120791087,0.3534734372181222
2006-08-28,293.7375044,311.0791713,294.9458377,0.004383333,98407.91667,0.0,1.725000026,-0.104166668,0.203229293,3.355525712400401,0.2877599483991356
2006-08-29,296.8666711,302.7375045,294.5375044,0.0040875,98175.83333,0.0,1.637500024,-0.312500005,0.203256176,3.266965995225486,0.2745437859199179
2006-08-30,291.2000043,305.2083379,293.779171,0.004304167,98167.5,0.0,1.466666689,-2.050000031,0.203283032,3.48776800320319,0.30299860939313
2006-08-31,290.7375043,306.9125046,295.5791711,0.003529167,98212.91667,0.0,0.67500001,-2.729166707,0.20332458,3.651211683422691,0.2223904705771205
2006-09-01,286.4916709,309.3458379,296.0500044,0.003520833,98338.75,0.0,0.412500006,-0.304166671,0.203366778,2.7005056157709366,0.2158341041473091
2006-09-02,213.4041698,317.0125047,294.8166711,0.003925,98382.5,0.0,0.787500012,0.987500015,0.203394301,2.184675328537799,0.2596656237835975
2006-09-03,272.5708374,307.5000046,293.4250044,0.003829167,98245.41667,0.0,1.14583335,0.066666668,0.203435834,2.8495676473337075,0.2757943888701561
2006-09-04,277.9541708,310.6000046,293.154171,0.003770833,98351.25,0.0,1.233333352,-0.408333339,0.203448744,3.0357212031090826,0.2765245084600322
2006-09-05,278.9375042,306.4833379,295.5916711,0.003520833,98672.5,0.0,0.958333348,-0.937500014,0.203489634,2.9379353589993285,0.2227326022037893
2006-09-06,278.2875041,307.2958379,295.6500044,0.003504167,98634.58333,0.0,1.400000021,-0.641666676,0.203531801,3.022480531796546,0.2208015401625177
2006-09-07,276.0375041,313.883338,296.7750044,0.003583333,98202.91667,0.0,1.441666688,-2.312500034,0.203559281,3.479242382645825,0.2098763286095351
2006-09-08,271.600004,311.708338,294.9083377,0.004079167,97855.83333,0.0,1.737500026,-0.225000003,0.203600793,3.089419284020817,0.2669061174265901
2006-09-09,264.5125039,313.5375047,292.0583377,0.0060125,98274.58333,0.0,1.675000025,-0.24166667,0.20362829,2.846867261250739,0.4719562712380501
2006-09-10,268.1208373,310.5750046,292.3750044,0.005420833,98554.58333,0.0,1.533333356,-1.458333355,0.203655204,3.0016136769847246,0.4182970631550981
2006-09-11,265.912504,311.345838,294.091671,0.004366667,98642.5,0.0,1.187500018,-1.245833352,0.203696814,2.9754048849384,0.3029441005810699
2006-09-12,263.4833373,314.558338,296.3875044,0.0034875,98613.33333,0.0,1.333333353,-1.275000019,0.203724321,3.0202543446843437,0.2100145717758945
2006-09-13,262.5416706,311.8875046,297.6166711,0.002408333,98257.91667,0.0,2.68750004,-1.983333363,0.20376581,3.380372380455634,0.1341166353862269
2006-09-14,253.4916704,307.1125046,294.0958377,0.0035625,97606.25,0.0,2.187500033,-1.170833351,0.203793334,3.07419085446535,0.244494177413504
2006-09-15,262.1083372,284.8208376,289.9250043,0.004233333,97897.91667,0.0,3.562500053,-2.775000041,0.203820254,3.0599793808285733,0.3791330782881947
2006-09-16,261.2500039,281.1958375,288.441671,0.003758333,98860.83333,0.0,2.154166699,-3.854166724,0.203462129,2.8880828437822563,0.3740417295707137
2006-09-17,254.8666705,282.0500042,289.8250043,0.00205,98950.83333,0.0,1.466666689,-4.487500067,0.203087199,3.323715684929338,0.1867651702648555
2006-09-18,251.4875037,293.1750044,292.7458377,0.002404167,98549.58333,0.0,1.916666695,-2.600000039,0.202697695,3.1608446507746923,0.181235496939015
2006-09-19,249.058337,297.3375044,292.3458377,0.003825,98300.0,0.0,2.720833374,-2.450000037,0.202307546,3.13909172265798,0.2949334113965294
2006-09-20,246.6791703,289.154171,291.979171,0.0028375,98719.16667,0.0,1.625000024,-5.78333342,0.20194664,3.628993281778262,0.224859919871704
2006-09-21,244.9500037,304.2000045,292.9750044,0.002683333,98570.83333,0.0,1.841666694,-5.175000077,0.20155775,3.750991642887579,0.1994383766235067
2006-09-22,247.7000037,292.8500044,293.3083377,0.002995833,98240.83333,0.0,0.387500006,-7.354166776,0.201182238,4.013740383299332,0.2173410116576302
2006-09-23,245.9125037,282.4041709,292.0708377,0.0024125,98560.41667,0.0,-1.966666696,-4.350000065,0.200792761,3.3456071533180896,0.189772345498848
2006-09-24,242.3625036,291.4208377,292.4708377,0.002716667,98745.0,0.0,-0.166666669,-2.375000035,0.200417206,2.7229543759829884,0.208773739958301
2006-09-25,240.4125036,285.4541709,292.6458377,0.001916667,98741.66667,0.0,0.487500007,-2.575000038,0.200042315,2.7650338939162324,0.1456788646507782
2006-09-26,238.0083369,289.529171,293.554171,0.0021875,98724.58333,0.0,1.170833351,-2.179166699,0.199652836,2.71107632171034,0.1570519770631015
2006-09-27,234.9958368,292.216671,292.816671,0.002695833,98954.16667,0.0,1.341666687,-2.075000031,0.199277288,2.6737974073735256,0.2031522208857416
2006-09-28,231.9875035,289.3375043,292.2500044,0.002804167,98893.33333,0.0,1.308333353,-1.037500015,0.198894591,2.3001748417002994,0.2188417018560872
2006-09-29,230.3833368,284.2583376,290.4583377,0.002720833,98712.5,0.0,1.14583335,-0.275000004,0.198504548,2.0455781341735984,0.2374565687189977
2006-09-30,218.7208366,288.5750043,289.3625043,0.003608333,98558.75,0.0,1.487500022,1.245833352,0.19813477,2.129546311337116,0.3373198919580352
2006-10-01,194.8625029,295.2791711,287.0750043,0.0043,98605.83333,0.0,1.091666683,2.850000042,0.197752165,1.9912315590314704,0.4666635826856087
2006-10-02,215.8916699,303.4250045,287.0125043,0.004904167,98851.66667,0.0,-0.004166667,2.104166698,0.197368964,2.1893902073974374,0.5357516545369432
2006-10-03,205.3458364,291.591671,286.8000043,0.00445,98777.91667,0.0,1.708333359,0.225000003,0.196985737,1.9600562705378608,0.4926037004988955
2006-10-04,106.0750016,319.6666714,286.2666709,0.005554167,98702.91667,0.70000001,0.945833347,1.791666693,0.196602455,1.313203872866422,0.6363419213291303
2006-10-05,121.2166685,349.1041719,286.2791709,0.007233333,98729.58333,2.300000034,-0.237500004,-0.008333333,0.196233772,6.745851646993893,0.8282641890211426
2006-10-06,204.4666697,304.8541712,286.9250043,0.006004167,98752.91667,0.0,0.850000013,-2.091666698,0.195851142,4.830279682673323,0.6590410459731014
2006-10-07,206.4125031,294.3458377,287.6833376,0.005291667,98885.41667,0.0,0.845833346,-1.56666669,0.195468022,4.515811694126741,0.5534326959396765
2006-10-08,210.6041698,282.6875042,289.7958377,0.003666667,98955.0,0.0,0.345833338,-4.120833395,0.195084818,4.92125981350813,0.3346917500511253
2006-10-09,207.5041698,284.4125042,291.0000043,0.00255,98587.08333,0.0,0.108333335,-3.012500045,0.194701641,4.689485952601959,0.2147221384965888
2006-10-10,208.2583364,283.5500042,291.9583377,0.003004167,98471.66667,0.0,0.237500004,-3.37500005,0.194338012,4.341250999754882,0.2377831828515726
2006-10-11,203.2791697,285.1833376,289.1750043,0.003120833,98714.16667,0.0,-0.370833339,-3.091666713,0.193949316,3.565299304180271,0.2957607468333405
2006-10-12,202.262503,286.0333376,290.329171,0.003458333,98415.83333,0.0,1.179166684,-2.837500042,0.193559494,3.3551110310870853,0.3034078323657859
2006-10-13,198.2083363,284.0666709,290.129171,0.003841667,98016.66667,0.0,1.208333351,-0.91666668,0.193184292,2.5864371428232973,0.3399950655516007
2006-10-14,196.4125029,286.5583376,287.9958376,0.005275,98082.08333,0.0,1.54166669,0.141666669,0.192795106,2.181060965022089,0.536168792752181
2006-10-15,187.1000028,298.2541711,287.1041709,0.005733333,98241.66667,0.0,1.32500002,0.029166667,0.192426815,2.0264318967931345,0.6187350386119188
2006-10-16,191.5791695,304.2000045,288.079171,0.005729167,98175.0,0.0,2.800000042,-1.56666669,0.191425102,2.17845752461008,0.5797293934353338
2006-10-17,191.7083362,276.0416708,286.5750043,0.004066667,98393.75,0.0,2.108333365,-5.633333417,0.190395808,2.1660230458035805,0.4551089571803037
2006-10-18,186.8333361,272.1083374,287.554171,0.002970833,99168.33333,0.0,-0.020833334,-4.387500065,0.189362954,2.1761126204451835,0.3142360744781743
2006-10-19,170.8625025,294.9916711,289.154171,0.0028125,99159.58333,0.0,0.558333342,-2.887500043,0.18832975,2.055270647358668,0.2681029548996437
2006-10-20,179.0125027,298.4208378,290.341671,0.003766667,98769.58333,0.0,0.145833336,-4.562500068,0.18731116,2.308272416961999,0.3313815862333309
2006-10-21,182.6166694,280.5708375,291.6833377,0.0027375,98452.08333,0.0,-0.366666672,-3.854166724,0.186278579,2.168143724552994,0.2204305504397181
2006-10-22,180.0250027,282.6541709,290.3750043,0.002283333,98678.33333,0.0,-0.416666673,-0.979166681,0.185245366,1.3272676044051637,0.2002689410261701
2006-10-23,176.4875026,286.6666709,291.029171,0.0029625,98724.58333,0.0,0.462500007,-0.962500014,0.184212149,1.219092310549324,0.2493416127273172
2006-10-24,174.3000026,281.3541709,290.166671,0.002979167,98327.5,0.0,1.454166688,-1.483333355,0.183193559,1.363732599242666,0.2638639299736813
2006-10-25,180.2791694,262.2208372,289.3708376,0.00245,98982.91667,0.0,0.66250001,-6.137500091,0.182160982,1.976568569860655,0.2298970080390696
2006-10-26,177.4541693,249.8791704,287.3458376,0.0012125,99510.0,0.0,-0.19166667,-5.262500078,0.181127766,1.759860399859571,0.130458413147506
2006-10-27,173.4791693,260.9666706,287.7125043,0.001833333,99760.0,0.0,-0.950000014,-0.954166681,0.180109175,0.989622074268508,0.1930682486507244
2006-10-28,160.7458357,270.5291707,288.604171,0.002241667,99328.75,0.0,-0.108333335,-0.937500014,0.179076626,0.803280332328427,0.2218039324372845
2006-10-29,167.0583358,270.1458374,288.2875043,0.002195833,98598.33333,0.0,1.483333355,-0.545833341,0.178049149,1.0573893192470407,0.220149403677357
2006-10-30,164.8458358,262.2750039,284.4166709,0.003620833,98578.33333,0.0,0.875000013,0.079166668,0.177007461,0.7228768279232071,0.4685849033699247
2006-10-31,113.008335,277.5375041,283.5208376,0.004479167,98841.25,0.0,0.708333344,0.183333336,0.175992421,0.3661656205749151,0.6173165004512983
2006-11-01,97.82500146,306.3541712,282.9083375,0.003858333,99045.41667,0.400000006,-0.479166674,1.10833335,0.174969729,0.73890789657551,0.5554079560797458
2006-11-02,53.57083413,350.3208386,285.8625043,0.005445833,99057.5,7.40000011,-1.712500026,4.179166729,0.173932026,19.52759884590385,0.6431377596958877
2006-11-03,74.27083444,355.029172,285.1458376,0.007545833,99217.08333,0.0,-1.341666687,3.258333382,0.172908313,6.734379039579367,0.9361104487812554
2006-11-04,123.9625018,306.0541712,286.1291709,0.007166666,99408.75,0.0,0.591666675,-0.837500012,0.171870614,6.208260966075145,0.8345054901095553
2006-11-05,127.1916686,308.8875046,286.9500043,0.0058375,99520.0,0.0,1.32500002,-1.000000015,0.170846898,6.490030894246976,0.6446646452058626
2006-11-06,137.7416687,315.3250047,288.791671,0.00585,99587.91667,0.0,1.329166686,-3.020833378,0.169809198,6.392601182563447,0.5733389728435482
2006-11-07,139.6125021,310.5416713,289.366671,0.006241667,99145.0,0.0,1.870833361,-1.225000018,0.168785486,4.57497675555356,0.5868065873403866
2006-11-08,143.0041688,314.1291713,289.3583376,0.007070833,98540.41667,0.0,3.216666715,-0.800000012,0.167762406,3.381348693268722,0.6610612811198481
2006-11-09,145.3791688,254.6500038,284.1333376,0.003616667,98886.66667,0.0,2.683333373,-4.100000061,0.166724706,2.200675690899722,0.4785225066469621
2006-11-10,124.8833352,255.8875038,281.5291709,0.002504167,99189.16667,0.0,1.279166686,-2.491666704,0.165700994,1.5947585746256383,0.3966241835257146
2006-11-11,113.5375017,318.8166714,281.9458375,0.004829167,98931.66667,5.900000088,0.25416667,0.937500014,0.164663291,14.588023589460503,0.7414162871077614
2006-11-12,110.795835,262.3791706,281.1833375,0.0041625,99322.91667,0.0,1.487500022,-3.212500048,0.163639579,7.04063085197475,0.6760473445526931
2006-11-13,37.19583389,334.6208383,280.3166708,0.0050625,99065.83333,8.300000124,-0.795833345,5.420833414,0.162616502,21.06459173666773,0.8706785355618799
2006-11-14,125.9208352,318.7416714,284.4375042,0.0071375,98952.08333,2.500000037,1.779166693,0.187500003,0.161578799,25.832193563100237,0.9258975780667223
2006-11-15,123.0750018,288.1000043,283.7375042,0.005729167,99163.75,0.0,0.175000003,-0.683333344,0.160555087,13.422933315599227,0.7806725636639503
2006-11-16,51.86250077,327.7750049,284.0250042,0.006041667,98837.5,0.500000007,-0.837500012,2.304166701,0.160075414,10.936292593942074,0.8048168173053971
2006-11-17,109.8916683,312.8125047,285.0041709,0.007170833,99000.0,0.0,0.041666667,-0.041666667,0.159633991,10.770671211647542,0.8960671115808649
2006-11-18,117.8000018,294.0708377,286.0166709,0.006520833,99177.08333,0.0,0.112500002,-0.745833344,0.159163957,7.667850226207393,0.7631913865503943
2006-11-19,109.7125016,312.633338,286.5458376,0.006483333,99187.91667,0.0,0.195833336,1.683333358,0.158707272,9.300951721750126,0.7328260763229454
2006-11-20,73.30000109,321.4041715,285.4625043,0.006233333,99078.33333,0.0,1.179166684,0.870833346,0.158251225,4.864139985496487,0.7561005902841428
2006-11-21,113.783335,321.4541715,285.9083376,0.006995833,98790.0,0.0,2.787500042,1.354166687,0.157809802,5.822375962873593,0.8214595268370296
2006-11-22,108.9750016,285.7083376,284.8291709,0.005479167,99193.75,0.0,2.358333368,2.212500033,0.157354391,3.664594422312236,0.6940784979351209
2006-11-23,123.6875018,269.0708373,281.8791709,0.004225,99607.91667,0.500000007,2.508333371,-1.13333335,0.156898345,3.7312609176946343,0.6560785487359158
2006-11-24,104.2541682,255.0541705,279.5833375,0.002704167,99386.66667,0.0,2.44583337,-4.758333404,0.156456922,3.014774277610537,0.4909891626299905
2006-11-25,119.3041684,246.0750037,279.5333375,0.0035597223333333,98952.5,0.0,2.166666699,-2.795833375,0.156001508,1.708356580357485,0.6457548618626391
2006-11-26,47.38333404,297.2541711,280.3375042,0.0044152776666666,98678.75,9.40000014,1.441666688,1.77083336,0.155530838,9.269687081787666,0.7553069786985688
2006-11-27,81.10833454,296.2333377,280.0458375,0.005270833,98590.41667,0.900000013,2.166666699,1.604166691,0.155074156,10.046236244324156,0.919272993404904
2006-11-28,101.1208348,268.5958373,278.1333375,0.0036125,99052.5,0.0,3.087500046,-1.225000018,0.154632733,13.661279818238416,0.7237019664657991
2006-11-29,120.1583351,242.4500036,277.9500041,0.0026875,99719.58333,0.0,1.050000016,-4.845833406,0.154177322,16.320117446454685,0.5490839730436499
2006-11-30,115.7458351,242.720837,278.1750041,0.001820833,100179.1667,0.0,0.054166667,-2.2291667,0.153721276,9.504307503416038,0.3678384638053774
2006-12-01,117.2333351,251.2708371,279.4666708,0.002454167,100044.5833,0.0,0.89166668,-4.191666729,0.153265226,8.909289830487985,0.4522127597968485
2006-12-02,116.9583351,236.1583369,281.2875042,0.0024,99729.16667,0.0,0.125000002,-5.708333418,0.152823803,7.248684767504445,0.388592842198013
2006-12-03,115.4291684,240.6125036,281.2208375,0.002504167,100002.9167,0.0,-1.270833352,-1.937500029,0.152368392,3.5917219241130267,0.4084404226564537
2006-12-04,114.0625017,244.883337,280.5666708,0.002408333,99932.5,0.0,-0.983333348,-1.979166696,0.151897723,2.841431496303523,0.4106525208217742
2006-12-05,111.1250017,247.1125037,280.9625042,0.002558333,99561.66667,0.0,-0.533333341,-1.78333336,0.151455664,2.0768165336492688,0.4228914826309715
2006-12-06,112.2666683,248.295837,281.2125042,0.002875,99537.91667,0.0,-0.366666672,-1.208333351,0.15100025,1.4173850854067207,0.4670121265358444
2006-12-07,109.7250016,249.9208371,280.9666709,0.0028625,99420.0,0.0,-0.533333341,-1.262500019,0.150544203,1.1923177805389251,0.4723611837653209
2006-12-08,89.179168,276.7333375,281.9916709,0.0030875,98680.0,0.100000001,-2.179166699,3.437500051,0.150088157,1.4968850983931137,0.4713348731270603
2006-12-09,73.08333442,314.5500047,280.3833375,0.005441667,98323.75,7.800000116,-2.2541667,6.829166768,0.149646733,12.840307423689683,0.92459825252577
2006-12-10,58.0833342,322.4416715,282.1458375,0.006145833,98582.5,8.900000133,0.67500001,4.95416674,0.149191323,19.979879181504295,0.9274692713506644
2006-12-11,33.5125005,310.508338,279.9625042,0.005779167,99817.5,0.400000006,-1.254166685,3.079166713,0.148735277,0.6096652831063116,1.0264018157660006
2006-12-12,45.47083401,341.7541718,281.3541709,0.006266667,99890.0,14.20000021,-1.295833353,3.83333339,0.148279227,15.003995570004864,1.0116486024837854
2006-12-13,28.10416709,346.9666718,283.3000042,0.007266666,99905.0,1.900000028,-0.600000009,4.233333396,0.14782318,5.260090863459349,1.027486944352782
2006-12-14,74.67083445,353.1625053,285.7291709,0.008404166,99610.41667,0.0,-0.350000005,3.537500053,0.147367134,16.75483707634282,1.0069092434038145
2006-12-15,105.8625016,317.9833381,285.5083376,0.0072125,99088.33333,0.500000007,2.575000038,0.116666668,0.146911088,18.525242460071787,0.872300417015037
2006-12-16,101.0708348,257.9208372,278.8416708,0.0028875,98543.33333,0.0,1.866666694,-3.425000051,0.146595206,19.27496322274737,0.5475063425670126
2006-12-17,111.183335,226.7625034,275.8916708,0.002320833,98736.25,0.0,2.195833366,-2.491666704,0.146300041,9.814680762844374,0.5436988613498034
2006-12-18,113.5666684,210.1500031,275.9000041,0.0021875,99830.0,0.0,0.245833337,-3.904166725,0.145990889,7.039826196011175,0.5178295307766988
2006-12-19,112.6000017,205.3916697,275.7000041,0.001683333,99698.75,0.0,-0.320833338,-2.233333367,0.145681102,4.152512393903243,0.4037270240963441
2006-12-20,99.80416815,240.5458369,275.4291708,0.002133333,99908.33333,0.0,-1.000000015,1.420833355,0.145371314,3.3249529400795783,0.5228405081116844
2006-12-21,36.27500054,312.1375047,275.8500041,0.0031375,99624.16667,14.00000021,-0.816666679,2.154166699,0.145061523,20.05215139949135,0.7438540507477924
2006-12-22,105.1083349,274.7166708,277.0333375,0.004425,99697.91667,2.900000043,1.329166686,-2.829166709,0.144766358,15.171974022810751,0.9646172838857298
2006-12-23,40.13333393,298.4333378,278.2541708,0.003883333,100043.3333,0.0,-0.020833334,0.033333334,0.144457206,2.516615961664649,0.7790720064992837
2006-12-24,63.10833427,316.8625047,279.0583375,0.004058333,99967.91667,0.0,-0.725000011,1.212500018,0.144147418,14.357017431174643,0.7688688324971683
2006-12-25,32.72916715,315.258338,279.3833375,0.00465,99884.16667,0.0,-2.129166698,4.575000068,0.14383763,9.305388942249186,0.8604421934353182
2006-12-26,30.16250045,338.5333384,280.7250042,0.005608333,99017.08333,16.90000025,-2.145833365,8.112500121,0.143527843,22.16637550529825,0.9372207511954932
2006-12-27,100.0166682,304.6708379,281.4125042,0.005891667,98293.33333,8.800000131,3.658333388,1.270833352,0.143232678,25.728143068707997,0.932164764408842
2006-12-28,112.2625017,230.3583368,279.4375042,0.003145833,99387.5,0.0,2.612500039,-7.487500112,0.142923526,44.98151867161068,0.577027873917463
2006-12-29,101.5708348,235.6625035,278.1791708,0.002320833,99453.33333,0.0,1.129166683,-4.850000072,0.142613738,23.575926753059218,0.4653129965162589
2006-12-30,110.070835,238.1333369,277.3708375,0.002591667,99543.33333,0.0,0.833333346,-1.941666696,0.142303951,8.328772811127715,0.5507092604134575
2006-12-31,60.21666756,282.6583375,277.9583375,0.003783333,99687.08333,0.0,0.825000012,-0.704166677,0.142008786,2.9953964722922537,0.7722670428482913
2007-01-01,101.6250015,254.4375038,279.2291708,0.004066667,99795.83333,0.0,1.470833355,-4.333333398,0.141699634,4.666513585113367,0.7599807781753686
2007-01-02,67.12083433,290.2750043,280.5666708,0.003225,99523.75,0.0,1.179166684,-4.370833398,0.141389846,6.345009543399654,0.5476557538674244
2007-01-03,72.59166775,287.6458376,280.2750042,0.0044125,99227.5,0.0,0.43333334,1.812500027,0.141080055,2.384041006885239,0.7623249325620266
2007-01-04,89.50000133,304.4333379,281.8458375,0.005754167,99000.41667,0.500000007,2.979166711,-0.483333341,0.14078489,2.9023070266030744,0.8901137466291392
2007-01-05,106.4541683,229.8583368,278.2000041,0.002825,100008.75,0.0,3.250000048,-7.783333449,0.140475738,3.0154890849315783,0.5687221772202354
2007-01-06,102.8916682,246.858337,276.9666708,0.002483333,100463.3333,0.0,1.895833362,-5.116666743,0.140165951,2.2594415068464446,0.548101375542587
2007-01-07,107.1916683,249.6250037,279.6458375,0.003375,100620.8333,0.0,1.233333352,-5.40000008,0.139856163,1.90385799424736,0.6177029714432605
2007-01-08,107.4333349,250.0958371,280.6166708,0.003195833,100233.75,0.0,0.279166671,-5.950000089,0.139546375,2.035965167565923,0.5446877053996001
2007-01-09,108.6291683,251.4458371,281.4500042,0.0037125,99577.08333,0.0,-0.24166667,-2.795833375,0.139236588,1.370596657073253,0.5935232745890553
2007-01-10,73.00416775,261.0166706,280.4458375,0.003495833,98887.08333,0.0,1.458333355,-2.2666667,0.1389268,0.7921872945409956,0.5948028964432567
2007-01-11,113.3541684,225.8458367,276.9916708,0.003125,98704.16667,0.0,2.741666708,-5.320833413,0.138617012,0.7060379629904746,0.67644146620732
2007-01-12,115.9750017,200.212503,274.4958374,0.001579167,99235.0,0.0,0.245833337,-5.825000087,0.138321848,0.7188280093598147,0.4113165651270713
2007-01-13,109.1250016,202.4541697,273.6541707,0.0012875,99797.5,0.0,0.316666671,-4.583333402,0.138012696,0.6910028821422265,0.3586232121661007
2007-01-14,114.1541684,221.6333366,275.0583374,0.001654167,99889.16667,0.0,0.258333337,-1.77083336,0.137702908,0.4805292932811136,0.4163418724666344
2007-01-15,117.6333351,214.2416699,275.6291708,0.002041667,100234.5833,0.0,-0.300000004,-3.062500046,0.13739312,0.4435121758231424,0.4948194484112757
2007-01-16,114.1125017,215.9625032,274.5250041,0.002266667,100068.75,0.0,0.341666672,-1.604166691,0.137856081,0.2260755071149347,0.5940842180826069
2007-01-17,117.9958351,250.6000037,276.0416708,0.002633333,99425.83333,0.0,0.983333348,-4.387500065,0.138725213,0.4854248061096146,0.6145562992625219
2007-01-18,116.9291684,236.5041702,278.8375042,0.002470833,99768.75,0.0,0.245833337,-5.575000083,0.139008149,0.7751715701887365,0.4744656724076099
2007-01-19,107.2208349,257.9541705,281.1125042,0.002820833,99458.33333,0.0,1.045833349,-5.466666748,0.139387727,0.9873270344785082,0.4610092652579943
2007-01-20,119.7166685,239.5791702,279.7833375,0.002791667,99209.58333,0.0,2.47083337,-7.358333443,0.139839785,0.9577314946007338,0.4989714329883272
2007-01-21,120.8750018,244.4166703,281.4416709,0.002408333,99603.33333,0.0,1.279166686,-6.854166769,0.140293746,1.2791339433907276,0.3853459801685306
2007-01-22,123.3708352,238.3166702,280.8791709,0.002058333,99732.91667,0.0,0.487500007,-4.24166673,0.140774414,1.0310413584353684,0.3427914023864057
2007-01-23,123.2583352,239.2750036,279.4750042,0.002541667,99886.66667,0.0,0.037500001,-1.037500015,0.14125635,0.4975290687102043,0.4673246478867712
2007-01-24,125.8125019,235.8750035,278.6166708,0.0026625,99586.66667,0.0,-0.441666673,-0.90416668,0.141737654,0.4610481838443015,0.518313979966845
2007-01-25,125.6750019,241.2541703,279.9083375,0.002775,99452.91667,0.0,-0.845833346,0.466666674,0.142233581,0.5145241855239839,0.4929031871122118
2007-01-26,107.5541683,249.4375037,280.1166708,0.00335,99008.33333,0.0,-0.245833337,0.825000012,0.142715517,0.3304114418242876,0.5838627402536405
2007-01-27,84.76666793,305.1291712,280.4083375,0.004279167,98898.33333,0.0,-0.512500008,0.979166681,0.143211443,0.6172199296688521,0.7300604602386872
2007-01-28,117.0625017,289.4458376,280.6833375,0.00455,99007.08333,0.0,-0.104166668,-0.720833344,0.143693379,0.7617345389916275,0.7624754916535196
2007-01-29,128.9666686,262.5083372,281.2250042,0.004316667,99260.41667,0.0,-0.766666678,-1.637500024,0.144174683,0.576363788724154,0.6986391326533097
2007-01-30,132.875002,254.8375038,281.6541709,0.003408333,98810.41667,0.0,1.029166682,-2.804166708,0.144670606,0.748413756685202,0.5331787689864399
2007-01-31,135.5708354,245.133337,280.6750042,0.003795833,98685.83333,0.0,0.475000007,-0.90416668,0.145152545,0.4359275791478971,0.6343957072196997
2007-02-01,146.6916689,239.1416702,279.6875042,0.0035,98806.25,0.0,1.175000018,-1.633333358,0.145633849,0.499649714614575,0.6272049728679362
2007-02-02,147.2833355,237.4666702,278.5208375,0.0034625,99160.41667,0.0,0.312500005,-1.32500002,0.146129772,0.4124534118532752,0.6757046492772668
2007-02-03,130.912502,274.7000041,279.2958375,0.003295833,99759.16667,0.0,-0.395833339,-0.25416667,0.146611712,0.6586228260206465,0.612837457164364
2007-02-04,141.9250021,281.3833375,280.7791709,0.0027375,99767.08333,0.0,-0.141666669,-2.2541667,0.147093012,0.9296400755688908,0.459213546156915
2007-02-05,143.9166688,271.337504,282.8750042,0.003620833,99426.25,0.0,-1.408333354,0.295833338,0.147588939,0.831669093036435,0.5244088731604369
2007-02-06,150.4375022,271.2166707,284.0083376,0.0046,99189.58333,0.0,-0.479166674,2.937500044,0.148070878,0.9676207212302124,0.6156433192530065
2007-02-07,69.6791677,335.437505,284.6083376,0.006583333,98902.91667,4.900000073,-1.150000017,3.616666721,0.148552178,4.739891936265545,0.8438744235520668
2007-02-08,59.45833422,337.3458384,281.8375042,0.0066125,98948.33333,7.40000011,-1.900000028,4.02500006,0.149033482,10.116339475758211,1.02293472536151
2007-02-09,39.23750058,348.3708385,282.3125042,0.006929166,99026.25,26.6000004,-1.745833359,4.958333407,0.149529405,10.467510527897296,1.0385114487417182
2007-02-10,46.61250069,357.2250053,284.0541709,0.007883333,98744.58333,28.50000042,-2.029166697,5.57916675,0.150011345,11.733616572448932,1.0471043687257025
2007-02-11,111.7166683,330.4541716,282.6166709,0.006658333,98420.0,4.200000063,-0.304166671,4.162500062,0.150492648,31.277842597430254,0.9714770719589204
2007-02-12,99.67916815,309.5083379,281.5708375,0.0056375,98969.58333,3.600000054,-0.166666669,2.795833375,0.150988572,28.09481276749124,0.8883791330916014
2007-02-13,148.3541689,294.3166711,281.1416709,0.005554167,99128.33333,3.600000054,1.070833349,-0.90416668,0.151470511,34.709199370351506,0.9028917699382074
2007-02-14,164.2500024,259.4875039,281.1000042,0.004675,99737.5,0.0,1.650000025,-3.416666718,0.151951811,30.126178697692637,0.7668404862039623
2007-02-15,120.7416685,310.1291713,282.4208375,0.0048,100217.9167,0.0,1.908333362,-2.67500004,0.152433115,26.43787791656366,0.7227030316189275
2007-02-16,166.7083358,289.9708377,284.8333376,0.0058625,100440.8333,0.0,0.970833348,-4.754166738,0.152966527,23.362624944299714,0.7517648449434561
2007-02-17,170.2375025,283.1833376,287.8000043,0.005683333,99794.16667,0.0,-0.175000003,-4.550000068,0.153472963,20.24107039715393,0.5953076783540422
2007-02-18,173.9250026,275.9000041,286.3833376,0.005525,98654.16667,0.0,2.162500032,-4.091666728,0.15399275,12.137064386644138,0.6278339360496337
2007-02-19,174.8750026,250.5750037,283.1916709,0.003825,98586.25,0.0,3.166666714,-8.858333465,0.154498547,9.05456729440454,0.5376325142754278
2007-02-20,173.1083359,269.1333373,282.6458375,0.0045375,99058.75,0.0,1.33750002,-0.858333346,0.155032957,6.029115178851224,0.6650153628554907
2007-02-21,76.47083447,330.9791716,282.3375042,0.005775,99048.75,0.500000007,0.237500004,5.175000077,0.155554012,2.830649161567561,0.8642526365089944
2007-02-22,117.3000017,328.2041716,281.9416709,0.005925,98234.58333,14.80000022,1.445833355,6.245833426,0.156054979,47.37011656287573,0.9035061113590211
2007-02-23,150.3625022,271.8708374,279.3000042,0.004333333,99004.16667,0.70000001,2.02500003,0.70000001,0.15658956,23.12506115919876,0.7994224600424701
2007-02-24,50.67500076,317.9625047,279.7625042,0.0046125,99605.41667,2.900000043,-0.500000007,2.854166709,0.157111066,15.26988907356492,0.8289106349909124
2007-02-25,107.2458349,319.5833381,280.4416708,0.005583333,98691.66667,9.100000136,3.33750005,5.308333412,0.157617399,34.973233911877,0.9483794550707524
2007-02-26,86.31250129,317.3666714,280.1958375,0.005329167,98686.66667,8.300000124,2.2666667,4.287500064,0.158137769,29.144865057017498,0.9207162605764136
2007-02-27,122.8333352,291.829171,278.1583375,0.004525,98365.41667,4.200000063,2.87916671,3.55416672,0.15865672,33.870740742435714,0.8986308281880925
2007-02-28,143.8583355,271.175004,277.7916708,0.004245833,98665.83333,0.800000012,2.816666709,0.641666676,0.159192866,24.0024587155076,0.8679665476060684
2007-03-01,142.3916688,270.912504,277.8791708,0.0039,99494.58333,0.0,2.020833363,0.258333337,0.159700498,19.766237118727528,0.799003804364256
2007-03-02,198.9958363,292.429171,280.3791708,0.004625,99777.08333,0.0,0.537500008,-1.420833355,0.160206954,28.26938144328,0.7976834331952946
2007-03-03,214.1708365,275.4833374,282.3500042,0.00475,99827.08333,0.0,0.308333338,-3.745833389,0.160727205,23.223027256603988,0.7158328786463949
2007-03-04,193.9458362,286.1750043,283.7208376,0.005441667,99658.75,0.0,-1.587500024,0.529166675,0.161233476,15.182150836114694,0.7460360144028428
2007-03-05,124.4375019,318.3125047,284.2208376,0.0050625,99297.5,0.0,0.875000013,0.695833344,0.161753658,9.701397260918476,0.6686629187276567
2007-03-06,221.1125033,276.0250041,285.3250043,0.005375,99223.33333,0.0,0.712500011,-1.237500018,0.162274577,11.041875815759306,0.6589375389130993
2007-03-07,87.87500131,314.695838,284.2416709,0.006033333,99084.16667,0.0,0.616666676,2.358333368,0.162795534,3.26913640971872,0.7940686358723232
2007-03-08,197.6708363,303.4208379,284.8625042,0.006704166,99248.33333,0.0,0.608333342,-1.075000016,0.163316444,7.591072466673165,0.8478337405321604
2007-03-09,112.3916683,308.2333379,283.2833376,0.0051125,99128.33333,0.0,0.787500012,0.483333341,0.163822684,3.692899870835429,0.7180830131020498
2007-03-10,218.3541699,288.791671,283.3000042,0.004925,99508.75,0.0,0.279166671,-2.345833368,0.164342886,5.761132461595073,0.6936196606356306
2007-03-11,231.3958368,293.6208377,286.4666709,0.005445833,99505.83333,0.0,1.225000018,-4.316666731,0.164878497,6.504092508611754,0.6207588089813683
2007-03-12,229.6583368,303.0750045,289.1583376,0.0069375,99256.66667,0.0,0.679166677,-2.316666701,0.16538535,6.360325114746679,0.6617901235607258
2007-03-13,235.3500035,306.1833379,290.3625043,0.007454166,98903.75,0.0,1.295833353,-2.145833365,0.16590055,6.415710543966385,0.6558150072867346
2007-03-14,236.2750035,292.6375044,288.679171,0.006808333,99006.25,0.0,1.308333353,-1.604166691,0.166410024,5.620090903048724,0.6682145700946979
2007-03-15,238.1416702,293.9875044,288.6125043,0.0062,99108.75,0.0,0.808333345,-3.562500053,0.166933853,5.974179096674549,0.6117757881121624
2007-03-16,247.6416704,284.5958376,289.0583376,0.006233333,99032.91667,0.0,-0.604166676,-1.441666688,0.166813092,5.480437678751832,0.5971195069734427
2007-03-17,247.0541703,297.4958378,290.3083377,0.006870833,98850.83333,0.0,1.075000016,-2.145833365,0.166635028,5.8596667922139,0.6062660880021543
2007-03-18,247.7250037,297.0666711,289.029171,0.007254166,98762.08333,0.0,2.095833365,-2.466666703,0.166484943,5.47815563817624,0.6943161608770971
2007-03-19,225.4583367,300.6791711,287.7750043,0.007220833,98727.08333,0.0,1.98750003,0.858333346,0.166321502,4.57997374971302,0.7494888576986221
2007-03-20,225.7500034,324.3708382,285.4208376,0.006629166,98701.25,0.0,2.100000031,0.783333345,0.166157425,4.964921459371795,0.8032765666571101
2007-03-21,259.0916705,276.3500041,285.2708376,0.005083333,98766.25,0.0,2.420833369,-6.379166762,0.165993352,5.656862627795391,0.6225508041918809
2007-03-22,264.3583373,260.5125039,285.8916709,0.003920833,98810.0,0.0,0.162500002,-5.558333416,0.165843898,6.200128466849479,0.460990974185081
2007-03-23,263.0666706,281.5250042,287.829171,0.004604167,98560.0,0.0,1.416666688,-4.333333398,0.165680461,6.514782555266033,0.4753995426010317
2007-03-24,250.0916704,301.9041712,288.4333376,0.0056125,98598.75,0.0,1.712500026,-3.112500046,0.165516385,6.01978319617421,0.5573951599200384
2007-03-25,221.5333366,313.3000047,287.2833376,0.007079166,98947.08333,0.0,1.675000025,0.654166676,0.165352308,4.534175037024928,0.7604773485170042
2007-03-26,166.4000025,317.2833381,285.0250042,0.006741666,98815.83333,0.70000001,2.620833372,2.295833368,0.165188235,3.2726321499380595,0.8397034435984142
2007-03-27,243.6500036,282.3375042,281.3041709,0.004258333,99042.08333,0.0,4.833333405,-2.583333372,0.165024158,4.2137880924262925,0.6839479811624084
2007-03-28,277.1875041,245.995837,281.0875042,0.0034,99647.91667,0.0,2.570833372,-6.187500092,0.164874708,4.729215320148242,0.5576811419340107
2007-03-29,280.8708375,248.8041704,283.3916709,0.003391667,99581.66667,0.0,0.291666671,-4.945833407,0.164711267,5.501573977468378,0.4750667611696995
2007-03-30,252.7708371,272.0541707,285.2625043,0.0042375,99328.75,0.0,0.645833343,-2.579166705,0.164547194,5.027851219967676,0.5222077249800449
2007-03-31,270.0541707,293.1000044,287.2000043,0.005341667,99100.0,0.0,1.608333357,-1.841666694,0.164383118,5.83489597213243,0.5778606624183001
2007-04-01,165.6916691,324.6500048,287.966671,0.006545833,98669.58333,0.0,2.133333365,-1.037500015,0.164233664,3.7052544724432575,0.6705987348800367
2007-04-02,280.4541708,286.3375043,286.6708376,0.0058,98783.33333,0.0,1.708333359,-2.295833368,0.164055604,5.407725866279378,0.647560255367455
2007-04-03,250.5708371,292.679171,286.6708376,0.004504167,98996.25,0.0,1.087500016,-2.004166697,0.163890891,5.111888615931693,0.5039665866650995
2007-04-04,222.11667,328.2666716,287.8875043,0.00525,98986.25,0.0,1.366666687,0.24166667,0.163741441,5.065046715830183,0.5423620522200283
2007-04-05,231.0708368,314.420838,288.654171,0.005154167,98843.33333,0.0,1.366666687,-1.31250002,0.163563378,4.98386383645703,0.5058500690403108
2007-04-06,292.816671,311.7416713,291.329171,0.006420833,98497.5,0.0,2.370833369,-2.066666697,0.163413288,6.671215818078857,0.5289967115167328
2007-04-07,183.6250027,333.4541716,288.7375043,0.007791666,98511.25,0.0,1.791666693,1.54166669,0.163249851,3.592147814861212,0.758032744010085
2007-04-08,140.6375021,327.1708382,286.7708376,0.006716666,98656.25,0.0,1.291666686,0.033333334,0.163100397,2.4675093776049226,0.7440278771351351
2007-04-09,287.2916709,323.8708382,287.4333376,0.0067375,98827.08333,0.0,2.358333368,-0.337500005,0.162922337,5.6936872896589215,0.7158322592479522
2007-04-10,299.2625045,268.7458373,284.8500042,0.004066667,99227.91667,0.0,2.750000041,-4.787500071,0.162772248,5.360249173793553,0.5146095068195617
2007-04-11,206.0125031,320.6000048,285.4791709,0.005170833,98776.66667,4.00000006,2.558333371,0.237500004,0.162608807,12.359649488184356,0.6246177933828913
2007-04-12,309.9291713,262.0916706,282.8375042,0.004579167,99060.0,0.0,3.15833338,-3.59166672,0.162444734,8.359654530185942,0.6624466113550949
2007-04-13,303.4291712,266.2333373,283.8416709,0.003654167,99253.33333,0.0,1.487500022,-3.570833387,0.162290062,8.782670611249195,0.4948915899548628
2007-04-14,169.7916692,326.5833382,284.9208376,0.005966667,99035.0,8.400000125,1.737500026,0.725000011,0.162129655,36.397018931841984,0.7500177491684656
2007-04-15,302.4250045,277.0791708,283.3750042,0.005258333,99058.33333,8.500000127,2.766666708,-6.304166761,0.161957738,117.1066548954946,0.7334836345943624
2007-04-16,317.0666714,271.0333374,286.4958376,0.004008333,98939.16667,0.0,2.00000003,-6.479166763,0.162080969,77.28253372058931,0.4534265897897667
2007-04-17,324.8166715,283.6708376,288.0083376,0.0052875,99018.33333,0.0,3.741666722,-1.766666693,0.162212511,30.690561826460872,0.5421279656387489
2007-04-18,314.1916713,265.9208373,281.1666709,0.003570833,99415.0,0.0,4.4958334,-3.112500046,0.162334525,12.710580652808751,0.5811564029016123
2007-04-19,137.3541687,295.8791711,282.2875042,0.004079167,98994.16667,0.0,1.179166684,0.779166678,0.162468849,6.0271786863170975,0.6122115161626683
2007-04-20,298.2166711,308.8458379,283.1625042,0.005029167,98291.66667,1.100000016,0.620833343,-1.175000018,0.162589324,18.615342898383588,0.7061682148292696
2007-04-21,152.8208356,308.2083379,284.1833376,0.0055,98610.83333,0.0,0.658333343,2.125000032,0.162723094,5.798111420660119,0.7232439244779262
2007-04-22,260.9208372,319.8958381,281.9708375,0.005883333,98641.25,0.500000007,0.475000007,3.208333381,0.162845723,8.245872095983897,0.8990712005046859
2007-04-23,325.6791715,280.6625042,284.0750042,0.0050625,99065.0,0.100000001,1.383333354,-2.020833363,0.162978266,10.410531381659023,0.6736648289202105
2007-04-24,329.7250049,286.4000043,286.4083376,0.0047875,99326.66667,0.0,1.570833357,-2.120833365,0.163118304,10.183487180297428,0.546833912268379
2007-04-25,309.6541713,286.2791709,287.9000043,0.00505,99056.66667,0.0,1.975000029,-2.462500037,0.163239249,8.595092703501821,0.5216465436081377
2007-04-26,318.5125047,293.0875044,288.0250043,0.0050625,98787.5,0.0,2.579166705,-6.545833431,0.163374836,8.389425696495142,0.5172868987759122
2007-04-27,331.8958383,301.3791712,290.8208377,0.00545,98660.41667,0.0,0.958333348,-4.550000068,0.163481806,9.056128321419784,0.4645242394997667
2007-04-28,325.5916715,316.4000047,293.7208377,0.006141667,98645.83333,0.0,0.120833335,-1.687500025,0.163616694,9.105441172565916,0.4360393582661284
2007-04-29,325.7291715,303.9333379,293.0333377,0.006241667,98573.75,0.0,1.09583335,0.025,0.163752904,7.992970573975698,0.4622335955230802
2007-04-30,340.1791717,301.4000045,290.7583377,0.006,98701.66667,0.0,1.262500019,-0.875000013,0.163874543,7.361520966632829,0.5136577751677678
2007-05-01,253.6791704,297.0083378,289.566671,0.005258333,98367.91667,0.0,2.041666697,0.733333344,0.164010108,4.842256979147746,0.4842097393580922
2007-05-02,238.6125036,340.2666717,286.3166709,0.006666666,98576.25,0.0,2.116666698,2.533333371,0.164131681,4.319239541889541,0.7603067507540375
2007-05-03,289.454171,282.0291709,284.2000042,0.004741667,98978.33333,0.0,2.866666709,0.579166675,0.164267245,4.11206576170214,0.6251476249779441
2007-05-04,285.9041709,317.9958381,283.1250042,0.0055,98729.58333,4.100000061,1.850000028,-0.583333342,0.164403441,17.4224251176479,0.7776934121412794
2007-05-05,343.3250051,278.4458375,285.8583376,0.0045125,99015.83333,0.0,2.2041667,-6.204166759,0.164522432,11.37033432291477,0.5328366429769215
2007-05-06,347.4458385,292.2458377,290.204171,0.004445833,99173.33333,0.0,0.966666681,-6.49583343,0.16465516,12.590779999882107,0.396201173903599
2007-05-07,345.7708385,325.8708382,295.9875044,0.0068875,98980.0,0.0,-1.058333349,-4.766666738,0.164775792,12.796164505618965,0.4265982415594187
2007-05-08,346.2875052,322.9333381,295.0291711,0.0061625,98668.75,0.0,0.095833335,-0.379166672,0.164910754,13.969076545191704,0.4035536433727655
2007-05-09,349.9125052,309.908338,293.8708377,0.005995833,98416.25,0.0,0.858333346,1.358333354,0.165033257,8.785516481722231,0.4207494992833502
2007-05-10,347.5875052,305.6833379,292.1625044,0.006529167,98691.66667,0.0,1.004166682,1.020833349,0.165163037,7.475458000698321,0.5113185045632195
2007-05-11,334.5208383,300.2083378,290.791671,0.0049125,98695.83333,0.0,0.758333345,0.037500001,0.165297845,6.955358783608007,0.4196402801642943
2007-05-12,353.9041719,292.2833377,289.5000043,0.005425,98722.5,0.0,1.545833356,0.183333336,0.165422511,6.07453169922905,0.5035130530770876
2007-05-13,362.4791721,284.4291709,289.141671,0.005,98929.58333,0.0,1.679166692,-3.533333386,0.165554666,5.844380574308852,0.4759057155356106
2007-05-14,364.5125054,287.8000043,292.091671,0.0043,98695.0,0.0,0.762500011,-4.137500062,0.165674906,6.658617068922326,0.338264255242236
2007-05-15,348.8458385,302.3875045,293.6083377,0.004954167,98512.5,0.0,1.525000023,-1.920833362,0.165810374,6.202440976333834,0.3537250650328474
2007-05-16,359.129172,300.2416711,291.141671,0.0057625,98652.91667,0.0,2.2541667,-2.412500036,0.166304902,5.915477490516052,0.4812011520579197
2007-05-17,357.5000053,301.5041712,290.9458377,0.005920833,98551.66667,0.0,2.541666705,-1.612500024,0.166815137,5.738490485504069,0.5001034849493781
2007-05-18,342.3416718,310.233338,290.7458377,0.006070833,98664.16667,0.0,2.325000035,-1.36250002,0.16732536,5.484790737022869,0.5199382997598749
2007-05-19,359.3458387,308.2250046,291.2500043,0.006129167,98764.16667,0.0,2.095833365,-1.725000026,0.167850194,5.738168478755467,0.5088841853532274
2007-05-20,295.5916711,335.6833383,292.9750044,0.005529167,98621.25,0.0,2.92916671,-3.345833383,0.16836101,5.833280055095324,0.4111648126126248
2007-05-21,367.9416721,295.2375044,292.0333377,0.0052125,98530.41667,0.0,2.300000034,-5.700000085,0.168877815,6.53788900940332,0.4108721696058128
2007-05-22,374.2375056,277.4791708,292.0958377,0.0033,98479.58333,0.0,1.895833362,-6.841666769,0.169387278,7.110627388239814,0.2589634897681768
2007-05-23,367.9791721,288.5875043,292.966671,0.003720833,98626.25,0.0,0.66250001,-6.287500094,0.169910515,6.971685368585609,0.2768503492356342
2007-05-24,357.5583387,302.6583378,293.2583377,0.003625,98532.08333,0.0,0.741666678,-1.450000022,0.170419765,5.622286560607831,0.2645905157776466
2007-05-25,331.5125049,315.4916714,294.2583377,0.0039125,98419.58333,0.0,1.287500019,-1.462500022,0.170942981,5.492734842509757,0.2680363605779786
2007-05-26,359.329172,319.1583381,293.829171,0.005508333,98295.41667,0.0,1.062500016,-0.962500014,0.171451568,5.743207587615483,0.3870670440543658
2007-05-27,358.1583387,316.8000047,293.2958377,0.006979166,98282.5,0.0,1.195833351,-0.245833337,0.171963661,5.455675160884197,0.5069333428866124
2007-05-28,367.6125055,317.2916714,293.4708377,0.0064125,98327.5,0.0,0.750000011,-2.075000031,0.172476688,5.873747264896384,0.4609239638643465
2007-05-29,372.0041722,308.6625046,294.4291711,0.004925,98369.58333,0.0,0.716666677,-1.679166692,0.172989842,5.851020397605492,0.3336784546871729
2007-05-30,366.0666721,314.0291713,293.229171,0.005375,98612.08333,0.0,1.158333351,0.095833335,0.173504393,5.565262827369597,0.3933587051748068
2007-05-31,364.0791721,319.3375048,292.3875044,0.006079167,98632.5,0.0,1.35000002,0.637500009,0.174019698,5.609604522565959,0.4690990323647819
2007-06-01,347.4958385,324.0208382,293.941671,0.0063125,98380.41667,0.0,1.091666683,0.854166679,0.174529973,5.418745128358294,0.4408642171010802
2007-06-02,353.0500053,315.1041714,293.054171,0.005545833,98279.58333,0.0,1.204166685,0.029166667,0.1750402,5.305447881863128,0.4089436233823632
2007-06-03,305.4625046,323.9875048,293.416671,0.006075,98527.91667,0.0,1.712500026,0.145833336,0.175550442,4.729634105587551,0.4390361212634152
2007-06-04,327.4125049,342.9208384,294.7291711,0.007466666,98623.75,0.0,2.108333365,0.537500008,0.176074883,5.525636310393821,0.4978651981144885
2007-06-05,185.5500028,354.5625053,292.5958377,0.007979166,98514.16667,0.0,3.950000059,0.108333335,0.176598804,3.356737442563477,0.6069727765690588
2007-06-06,345.3208385,297.3750044,289.5375043,0.005475,98677.5,0.0,3.816666724,-3.866666724,0.177108054,5.152765522662326,0.506697911928362
2007-06-07,359.2250054,288.4208376,289.0333376,0.0039,98794.16667,0.0,2.041666697,-4.220833396,0.177616672,5.431662866779289,0.3733004884996903
2007-06-08,367.2500055,280.1166708,291.0125043,0.003070833,98476.66667,0.0,1.33750002,-1.616666691,0.178139909,5.20824727230701,0.2580839010656907
2007-06-09,334.1916716,305.1875045,293.5250044,0.003520833,98433.75,0.0,1.925000029,-2.00000003,0.178649158,5.43604398862585,0.2524929356087835
2007-06-10,340.7250051,337.8083384,295.4375044,0.0046375,98357.91667,0.0,2.591666705,-2.250000034,0.179157776,6.309069584654201,0.2952203162923096
2007-06-11,357.241672,316.2875047,294.9250044,0.005070833,98143.75,0.0,2.408333369,-4.704166737,0.17966639,6.62262210345314,0.3324266298420236
2007-06-12,361.7625054,308.6958379,295.2916711,0.003520833,98488.33333,0.0,2.2541667,-5.370833413,0.180189627,6.904352298399808,0.2264520672731736
2007-06-13,351.1833386,333.4458383,297.8000044,0.004445833,98735.0,0.0,1.766666693,-5.125000076,0.18069888,6.891009693385197,0.2460460143677975
2007-06-14,355.1875053,347.9583385,299.7166711,0.005816667,98370.41667,0.0,1.658333358,-5.087500076,0.181207494,6.969680203622391,0.2859452379367789
2007-06-15,358.6708387,349.4583385,300.4208378,0.005945833,98042.91667,0.0,2.44583337,-5.84583342,0.181730731,7.114378770390348,0.279409851547856
2007-06-16,361.9708387,334.8666717,298.4583378,0.006816666,98099.16667,0.0,1.558333357,-0.175000003,0.182353794,5.807569028188122,0.3602676509530108
2007-06-17,361.4791721,329.5250049,296.9916711,0.006229167,98371.25,0.0,1.083333349,-3.241666715,0.182966547,6.320935225117428,0.3606895070783812
2007-06-18,364.4958388,323.8125048,297.7541711,0.004466667,98161.66667,0.0,1.191666684,-3.125000047,0.183593291,6.302337253253649,0.2464441703640498
2007-06-19,362.6916721,325.8458382,298.2666711,0.004420833,98275.83333,0.0,1.125000017,1.158333351,0.184206045,5.52227710396196,0.2367765144856163
2007-06-20,362.6333387,317.4166714,294.9750044,0.005554167,98740.83333,0.0,1.333333353,2.062500031,0.184818162,5.505775864237939,0.3651997790905696
2007-06-21,361.6625054,322.0916715,294.9875044,0.005133333,98874.16667,0.0,1.908333362,-1.191666684,0.185444902,5.402426238798465,0.337724348750406
2007-06-22,351.1208386,317.9333381,295.3541711,0.004466667,98614.16667,0.0,2.954166711,-2.816666709,0.186057655,5.584405305545036,0.2865497009977948
2007-06-23,364.3000054,313.5750047,295.5041711,0.00435,98336.25,0.0,2.620833372,-2.800000042,0.186669773,5.501572808149735,0.2757259657676908
2007-06-24,366.8708388,299.3583378,294.2875044,0.003370833,98367.91667,0.0,3.404166717,-4.045833394,0.187296517,5.547154233228403,0.2303898319229556
2007-06-25,367.7041721,296.9875044,293.8125044,0.003195833,98593.33333,0.0,2.045833364,-5.14583341,0.18790927,5.392795378881019,0.2254834428216663
2007-06-26,360.016672,318.0875047,295.9166711,0.003570833,98511.25,0.0,1.575000023,-2.454166703,0.18853601,4.831942451808319,0.2210791146300662
2007-06-27,357.3500053,325.4958382,295.5791711,0.004720833,98653.75,0.0,2.070833364,-1.516666689,0.189148764,4.908457272610332,0.2988185755651367
2007-06-28,356.079172,333.0666716,295.7041711,0.0057875,98713.75,0.0,2.612500039,-0.008333333,0.189760881,5.097173420287776,0.3637594088224716
2007-06-29,352.5750053,337.7541717,295.0458377,0.007158333,98752.91667,0.0,2.829166709,0.483333341,0.190387621,5.159238752744439,0.4686843931434351
2007-06-30,361.5541721,313.9666713,293.7958377,0.005383333,98823.75,0.0,1.779166693,-0.383333339,0.191015001,4.892160758647853,0.3811061491604084
2007-07-01,359.929172,318.2500047,293.9833377,0.004816667,98734.16667,0.0,1.933333362,-0.175000003,0.191627754,5.159102495840228,0.3367320088895446
2007-07-02,356.0000053,329.3416716,295.1000044,0.004966667,98782.5,0.0,2.258333367,-0.65000001,0.192254495,5.565559627578796,0.3242010710061677
2007-07-03,361.7416721,332.9208383,296.7500044,0.004954167,98905.83333,0.0,1.983333363,-2.145833365,0.192867248,6.034266726656489,0.2926878321678732
2007-07-04,357.866672,353.5000053,299.4041711,0.005483333,98480.0,0.0,1.779166693,-2.783333375,0.193493988,6.422436514720549,0.2749251540859722
2007-07-05,354.5041719,368.5166722,301.7166712,0.006233333,98123.75,0.0,0.750000011,-1.35000002,0.194106741,5.847331725083223,0.2716398455561575
2007-07-06,350.5333386,376.0000056,302.3166712,0.0065625,98121.25,0.0,0.850000013,0.145833336,0.194718859,5.700582588941995,0.2761268243349161
2007-07-07,357.004172,356.2958386,299.0250045,0.0071125,98253.33333,0.0,0.725000011,0.245833337,0.195345602,5.7443653170496605,0.3639302602766986
2007-07-08,357.9458387,348.8750052,297.9375044,0.006679166,98263.75,0.0,0.43333334,-0.704166677,0.195958356,5.671833438767894,0.364843982243654
2007-07-09,354.0125053,350.1041719,298.3708378,0.006179167,98153.33333,0.0,2.141666699,1.154166684,0.196585096,6.131505264272043,0.3284766835172439
2007-07-10,340.1583384,340.7750051,297.6583378,0.005270833,98352.91667,0.0,0.620833343,1.54166669,0.197197849,5.488327444033237,0.2930704823528077
2007-07-11,300.6666711,376.5916723,296.7583378,0.0055125,98545.41667,0.0,1.000000015,2.308333368,0.197809967,5.803628304681322,0.3243224886426521
2007-07-12,353.2208386,335.3208383,294.5291711,0.006245833,98730.41667,0.0,1.245833352,3.166666714,0.198436707,5.946511329610721,0.4220991660681174
2007-07-13,355.2000053,331.4500049,294.8333377,0.005416667,98862.91667,0.0,1.775000026,0.979166681,0.199049464,5.676875575530239,0.3597292173228997
2007-07-14,355.791672,329.6875049,295.8708377,0.0049,98752.08333,0.0,2.425000036,-0.404166673,0.199676204,5.824548027175567,0.3049672719935041
2007-07-15,353.1416719,340.1375051,297.2000044,0.005558333,98628.33333,0.0,2.554166705,-0.262500004,0.20030358,5.965951416628836,0.3186353052842459
2007-07-16,354.4625053,340.6333384,297.6375044,0.006241667,98404.58333,0.0,2.100000031,-0.125000002,0.200401376,5.823334202625402,0.3476705859518699
2007-07-17,341.5875051,333.612505,294.9791711,0.005758333,98353.33333,0.0,2.112500031,1.254166685,0.200476146,5.577477236295374,0.3770414330770932
2007-07-18,255.9500038,385.9041724,294.6583377,0.008920833,98479.58333,3.600000054,1.620833357,0.750000011,0.200550916,18.434089301565876,0.5965624777847823
2007-07-19,346.1916718,336.9416717,293.7625044,0.007570833,98558.33333,0.0,2.48333337,-1.866666694,0.200625687,12.59947607766532,0.5356378685732721
2007-07-20,345.8250052,326.5708382,293.979171,0.005595833,98411.25,0.0,2.512500037,-0.19166667,0.20071508,10.997892545243133,0.3900248156787988
2007-07-21,344.2416718,345.6458385,294.9250044,0.006308333,98610.0,0.0,2.375000035,0.625000009,0.200790486,9.980885500016448,0.4155175963488169
2007-07-22,344.8833385,345.4208385,295.9125044,0.005983333,98749.16667,0.0,2.208333366,-0.529166675,0.200865256,9.106431763983323,0.3714323447375968
2007-07-23,344.7500051,354.4083386,298.4458378,0.006358333,98537.5,0.0,2.750000041,-1.908333362,0.200954653,8.595328084436675,0.3377991841780723
2007-07-24,344.2416718,356.4208386,298.5375044,0.006933333,98286.25,0.0,1.741666693,-0.979166681,0.20103006,8.087669066949053,0.3653926004245411
2007-07-25,347.8333385,342.5541718,297.2875044,0.0065625,98174.58333,0.0,1.016666682,0.133333335,0.201108865,7.49202816413049,0.3724893036601419
2007-07-26,352.4750053,311.2041713,294.4583377,0.004054167,98365.0,0.0,0.920833347,-0.100000001,0.201201904,6.362170767367031,0.2741694950365996
2007-07-27,348.6083385,320.4916714,295.2208377,0.004079167,98451.25,0.0,1.31250002,-0.595833342,0.201280988,6.189819280632005,0.2634094242533955
2007-07-28,351.1083386,321.1041715,297.4416711,0.004025,98418.75,0.0,1.654166691,-1.295833353,0.201344761,6.12906428361362,0.2269011166917957
2007-07-29,347.1875052,323.9583382,296.8000044,0.0044875,98263.33333,0.0,2.00000003,-1.087500016,0.201437152,6.038192873395656,0.2625957946751514
2007-07-30,344.1750051,324.7000048,296.0708377,0.0046625,98076.66667,0.0,1.262500019,-1.050000016,0.201516164,5.7548914954944985,0.2846959790900346
2007-07-31,342.7916718,330.4416716,297.5250044,0.0043375,98011.25,0.0,1.000000015,-0.462500007,0.20159458,5.597779449827084,0.2422812290768088
2007-08-01,338.0333384,324.1333382,298.0250044,0.00455,98280.83333,0.0,0.770833345,1.670833358,0.201672943,5.420619325042202,0.2472763767078117
2007-08-02,328.6708382,329.3875049,298.3416711,0.003845833,98412.91667,0.0,1.266666686,0.91666668,0.201751351,5.18010749244055,0.2053397217476344
2007-08-03,330.4375049,330.8791716,297.6833378,0.003991667,98484.16667,0.0,1.487500022,0.145833336,0.201829796,5.233458482421999,0.2219068335657434
2007-08-04,332.275005,327.0833382,298.5541711,0.003808333,98356.25,0.0,1.458333355,0.958333348,0.201922886,5.130195070096222,0.2006446764909679
2007-08-05,332.3583383,318.5208381,297.2708378,0.004079167,98180.41667,0.0,2.291666701,0.937500014,0.20198725,5.299276138878001,0.231782250598355
2007-08-06,327.2708382,313.8541713,293.4250044,0.005929167,98457.08333,0.0,1.925000029,0.729166678,0.202079668,4.823294118183133,0.427966198132874
2007-08-07,326.1083382,314.3416714,291.9583377,0.005720833,98617.5,0.0,1.912500028,-0.19166667,0.202158697,4.710671592567811,0.4534809368988431
2007-08-08,323.1375048,320.6541714,293.579171,0.005304167,98563.33333,0.0,1.683333358,-0.416666673,0.202237108,4.847812810290841,0.3795996746677421
2007-08-09,321.9875048,328.1083382,294.8708377,0.005579167,98500.0,0.0,1.520833356,0.125000002,0.202315518,4.909796912042468,0.3683076037973199
2007-08-10,322.8708381,325.7041715,295.5000044,0.005033333,98526.25,0.0,1.700000025,-0.89166668,0.202393923,5.020599061338541,0.3197374430278804
2007-08-11,323.9375048,313.1541713,295.3250044,0.00395,98392.08333,0.0,2.045833364,-0.220833337,0.202472345,4.8948345895440335,0.2532871129811539
2007-08-12,322.6583381,308.1041713,293.6375044,0.004216667,98588.33333,0.0,1.804166694,-0.47083334,0.202565351,4.67762580965612,0.3007526443937743
2007-08-13,319.4166714,306.5791712,293.1625044,0.003125,98739.16667,0.0,1.716666692,-0.508333341,0.202644377,4.636313442379812,0.2299479863472914
2007-08-14,317.2750047,308.4750046,293.504171,0.002870833,98555.83333,0.0,1.866666694,-0.133333335,0.202708185,4.682561249182765,0.2064021662345349
2007-08-15,314.6791714,324.4750048,295.9166711,0.003895833,98293.33333,0.0,2.44583337,0.100000001,0.202800542,5.057805683908402,0.2406671096927304
2007-08-16,315.5875047,321.1041715,295.4625044,0.004941667,98366.25,0.0,3.258333382,-1.041666682,0.202830166,5.232286933254026,0.3141272739364154
2007-08-17,316.2416714,304.3125045,294.0125044,0.004045833,98456.66667,0.0,3.000000045,-2.383333369,0.202871686,5.098696053905945,0.2815376425430402
2007-08-18,314.6791714,303.1750045,294.3750044,0.003391667,98252.08333,0.0,2.762500041,-1.666666692,0.202899255,4.958522710555489,0.2302888521590297
2007-08-19,272.0250041,332.212505,294.5500044,0.004729167,98297.08333,0.0,1.716666692,0.641666676,0.202926206,4.230083828595002,0.3177888929680964
2007-08-20,299.6625045,347.1875052,295.1125044,0.006891666,98577.08333,0.0,1.929166695,-0.258333337,0.202967749,4.859926471279468,0.4485751528407996
2007-08-21,299.3666711,349.7791719,296.8125044,0.005695833,98483.33333,0.0,1.970833363,-1.304166686,0.202995255,5.123662824553019,0.3337965185240312
2007-08-22,299.0333378,358.9125053,298.8083378,0.0061125,98009.58333,0.0,1.825000027,-1.995833363,0.203036776,5.302098217080508,0.3160560456729272
2007-08-23,299.6333378,353.6666719,299.5250045,0.005829167,97715.83333,0.0,1.31250002,-1.420833355,0.203064301,4.902709078574341,0.287917198842463
2007-08-24,300.3083378,340.5375051,298.1125044,0.0053875,97797.91667,0.0,1.470833355,0.770833345,0.203091222,4.672188525366979,0.2898221732514588
2007-08-25,298.3375044,340.2791717,297.0708378,0.005625,98144.16667,0.0,1.612500024,2.191666699,0.203132733,5.026687691003455,0.3233970076278984
2007-08-26,297.0833378,336.062505,296.4583378,0.006295833,98235.41667,0.0,1.629166691,0.970833348,0.203160242,4.621811840553268,0.3760497855414819
2007-08-27,299.1208378,318.8250048,294.9083377,0.004433333,98124.16667,0.0,1.012500015,-0.287500004,0.203201804,4.120305342573226,0.2908751750283215
2007-08-28,290.5833377,332.2916716,296.4083378,0.003433333,98179.16667,0.0,0.750000011,0.370833339,0.203229335,4.107970374701838,0.2055810652457763
2007-08-29,284.7166709,363.0958387,299.2541711,0.004816667,98232.91667,0.0,1.254166685,0.070833334,0.203256206,4.589399489618502,0.2430578188244971
2007-08-30,272.9458374,372.1333389,300.3333378,0.0055,98300.83333,0.0,1.662500025,0.850000013,0.203283098,4.513159343758409,0.2604836119207653
2007-08-31,278.9541708,384.1500057,301.2000045,0.007145833,98290.83333,0.0,2.050000031,0.495833341,0.20332462,4.742096884891922,0.3215354400541417
2007-09-01,281.3375042,361.0333387,299.3875045,0.006591667,98295.83333,0.0,1.800000027,-0.441666673,0.203366761,4.344702852438242,0.3302049139427055
2007-09-02,283.7958376,335.712505,298.4583378,0.003845833,98238.75,0.0,2.362500035,-1.662500025,0.20339435,4.183605513020529,0.2035453493705045
2007-09-03,280.9458375,334.062505,297.9375044,0.003783333,98182.5,0.0,3.066666712,-1.679166692,0.203435845,4.221418697146695,0.2064905927484715
2007-09-04,280.8750042,333.7458383,297.0625044,0.006125,98302.08333,0.0,3.733333389,-1.966666696,0.203448636,4.247987271456716,0.3528883757118577
2007-09-05,280.3291708,326.9041715,296.5083378,0.005216667,98172.91667,0.0,0.983333348,-5.545833416,0.203489567,4.366650470744097,0.3104456542356831
2007-09-06,279.1541708,325.0625048,297.2750044,0.003845833,98038.75,0.0,0.637500009,-3.395833384,0.203531775,3.7706406512272737,0.2181536095152838
2007-09-07,273.7000041,333.6291716,296.1500044,0.005820833,98531.66667,0.0,1.466666689,2.375000035,0.203559308,3.594470884807764,0.3553501718839181
2007-09-08,273.5041707,322.2125048,294.8500044,0.005083333,98543.75,0.0,1.033333349,-0.066666668,0.20360082,2.959362575629377,0.3361561570432063
2007-09-09,271.550004,327.4625049,296.1750044,0.004345833,98240.83333,0.0,1.79583336,-1.10833335,0.203628338,3.3685731158060657,0.2641176066768768
2007-09-10,269.1791707,326.4041715,295.4833377,0.004879167,98520.41667,0.0,1.637500024,0.187500003,0.203655242,3.1628946226307977,0.3102432132029747
2007-09-11,266.125004,329.7041716,295.0625044,0.0053375,98609.16667,0.0,1.920833362,0.120833335,0.203696723,3.233948759096191,0.3486003701632362
2007-09-12,264.8333373,330.5250049,294.7291711,0.006508333,98611.25,0.0,1.879166695,0.870833346,0.203724284,3.1796232943342058,0.4339101028906197
2007-09-13,235.1958368,322.0708381,292.4833377,0.007058333,98684.58333,0.0,2.283333367,1.833333361,0.203765768,2.6711724282097338,0.5416696748354644
2007-09-14,238.9666702,334.9291717,291.4125043,0.006745833,98828.75,0.0,2.220833366,1.854166694,0.203793205,2.854844850784206,0.5547026174292323
2007-09-15,257.1250038,305.5125046,290.0458377,0.004891667,98830.83333,0.0,2.008333363,-0.387500006,0.203822648,2.6156404758798746,0.4388546675610227
2007-09-16,258.2916705,301.8583378,290.516671,0.005258333,98791.66667,0.0,1.937500029,-0.787500012,0.203456563,2.488881215413428,0.4575734123395017
2007-09-17,255.3708371,313.570838,292.154171,0.005425,98585.41667,0.0,2.287500034,-2.041666697,0.203086259,2.744135593596359,0.4246134645749765
2007-09-18,252.2500038,311.0041713,292.5083377,0.005041667,98507.08333,0.0,1.941666696,-1.154166684,0.202698913,2.4951058955219514,0.3856046116228715
2007-09-19,238.4000036,297.8916711,290.354171,0.004791667,98132.91667,0.70000001,3.462500052,-1.737500026,0.202307569,2.8799429122099323,0.4185065047877131
2007-09-20,219.6500033,310.8916713,286.1250043,0.005166667,98306.25,1.400000021,0.579166675,1.070833349,0.201946682,4.825396922185136,0.5951119317442978
2007-09-21,232.4791701,302.7875045,287.829171,0.0048125,98381.66667,0.0,-0.208333336,2.2416667,0.201557789,3.779561385425507,0.4960116934651302
2007-09-22,88.56666799,329.7416716,288.3083376,0.0057625,98235.0,3.200000048,1.054166682,3.070833379,0.201182263,7.396929197797775,0.5748280177331935
2007-09-23,211.5500032,337.1791717,286.9666709,0.0078,98658.75,0.400000006,0.68750001,-0.941666681,0.200792674,12.29069054623601,0.8530047185414453
2007-09-24,241.8250036,290.6083377,288.2500043,0.005129167,99000.41667,0.0,0.120833335,-2.154166699,0.200417068,8.400109869672583,0.5175960422383197
2007-09-25,241.5250036,277.8583375,289.0583376,0.002395833,98998.33333,0.0,0.43333334,-2.029166697,0.200042098,7.342286353067481,0.2294276656821859
2007-09-26,242.1583369,281.8083375,291.404171,0.002166667,98849.58333,0.0,0.008333333,-1.616666691,0.199652573,6.288421104844541,0.1782944303641876
2007-09-27,236.5583369,288.4333376,292.2583377,0.002266667,98486.25,0.0,1.175000018,0.037500001,0.199277146,5.217141875264506,0.1760737436409679
2007-09-28,217.2000032,303.2166712,289.754171,0.004875,98116.25,0.0,2.637500039,0.270833337,0.198893378,3.5864888944610134,0.4423982827194094
2007-09-29,231.1833368,281.4083375,286.0208376,0.004345833,98676.66667,0.0,1.100000016,-3.004166711,0.198509526,2.631735651724448,0.5059257812278832
2007-09-30,218.7875033,273.4458374,285.9416709,0.002004167,98766.66667,0.0,1.404166688,-1.037500015,0.198138837,2.6700609752934685,0.2347574574863044
2007-10-01,216.6166699,301.3750045,288.4250043,0.003841667,98977.91667,0.0,2.191666699,-1.916666695,0.197752312,2.714368695759776,0.3832025285284602
2007-10-02,221.39167,289.5375043,288.7875043,0.003395833,99070.83333,0.0,1.508333356,-3.587500053,0.197368938,2.628895660705292,0.3311755083766342
2007-10-03,219.3750033,290.929171,289.7083377,0.0027125,98626.25,0.0,2.420833369,-2.029166697,0.196989601,2.631699094965244,0.2481640478097531
2007-10-04,220.71667,272.9500041,287.2750043,0.00335,98217.5,0.0,4.545833401,-4.137500062,0.196606724,2.2654692861966934,0.3574143191545303
2007-10-05,214.5500032,271.4791707,284.0583376,0.003675,98407.91667,0.0,3.404166717,-2.308333368,0.196236489,1.575117868148058,0.486331662327216
2007-10-06,212.6708365,269.3916707,286.0416709,0.0030625,99245.0,0.0,1.295833353,-3.583333387,0.195842318,1.7995065109137038,0.3580843916646981
2007-10-07,210.3250031,280.0875042,286.7208376,0.002245833,99306.25,0.0,1.129166683,-3.020833378,0.195467546,1.9617475958661688,0.2512426922941971
2007-10-08,208.9083364,284.8500042,287.6833376,0.002679167,98745.0,0.0,0.908333347,-0.329166672,0.195084798,1.7070020869593707,0.2798046695247462
2007-10-09,177.3000026,287.979171,287.766671,0.0030125,98326.66667,0.0,0.429166673,3.650000054,0.194701652,1.6991273043066548,0.3115846766295584
2007-10-10,180.1500027,326.0500049,285.2375043,0.006458333,98762.5,11.50000017,-0.533333341,4.420833399,0.194338006,47.84716133327237,0.7926729377135663
2007-10-11,166.4791691,292.3458377,284.8500042,0.005520833,98923.33333,0.0,-0.041666667,-0.475000007,0.193949316,16.193347397498854,0.6964800364254711
2007-10-12,62.3791676,347.1583385,284.3125042,0.005770833,98390.0,7.40000011,-1.804166694,1.841666694,0.193559494,28.59403591520897,0.750622439504013
2007-10-13,184.4875027,318.2791714,284.3291709,0.006875,98596.66667,0.100000001,-0.308333338,-1.179166684,0.193184292,33.735795697841304,0.8951203666545492
2007-10-14,194.8416696,293.129171,287.1458376,0.0059125,98691.25,0.0,0.087500001,1.075000016,0.192795106,24.90798605138151,0.639241230202128
2007-10-15,108.9666683,312.2666713,286.2666709,0.006216667,98422.5,0.0,1.029166682,2.47083337,0.192426815,12.959072774946788,0.7102211673320769
2007-10-16,104.4916682,317.6083381,286.1541709,0.007091666,98405.41667,1.500000022,1.583333357,2.116666698,0.191425102,11.42117552536618,0.8160879306040555
2007-10-17,167.6875025,309.3000046,284.4875042,0.0064625,98672.91667,0.100000001,1.533333356,1.737500026,0.190395808,14.188220331001675,0.8331733306744512
2007-10-18,57.94166753,343.5291718,287.0541709,0.005966667,99115.83333,0.0,0.108333335,1.766666693,0.189362954,6.397468928366989,0.6517805503049396
2007-10-19,69.96250104,363.2000054,285.9875043,0.007166666,98951.66667,1.300000019,0.408333339,4.200000063,0.18832975,8.78958437660103,0.8384895096076798
2007-10-20,182.7291694,288.804171,286.5625043,0.006145833,99029.58333,0.600000009,3.179166714,-2.250000034,0.18731116,12.190939971554313,0.6928075458663296
2007-10-21,180.2000027,272.5791707,286.5208376,0.00335,99627.08333,0.0,1.10833335,-6.358333428,0.186278579,12.208270813268594,0.3809618887119239
2007-10-22,180.0041693,288.979171,289.5625043,0.002816667,99819.16667,0.0,-0.245833337,-3.466666718,0.185245366,9.95852203004658,0.2632678393548568
2007-10-23,178.4250027,292.2958377,290.2750043,0.0037375,99665.83333,0.0,-0.90416668,-0.679166677,0.184212149,6.10081779304619,0.3332168264144631
2007-10-24,177.095836,284.6041709,291.5083377,0.004045833,99282.91667,0.0,-0.066666668,-0.837500012,0.183193559,4.183001432044213,0.3321898362564668
2007-10-25,171.8708359,282.9833376,290.7083377,0.0040875,98763.75,0.0,1.045833349,-2.541666705,0.182160982,3.9149905172687376,0.3512670696650674
2007-10-26,167.6500025,296.6916711,290.616671,0.0052375,98347.08333,0.0,-0.929166681,-1.266666686,0.181127766,3.0881022216425817,0.4508232652506864
2007-10-27,160.5583357,304.1333379,289.679171,0.004541667,98845.83333,0.0,-0.325000005,-1.075000016,0.180109175,2.8063896697875883,0.4172191460226636
2007-10-28,161.6041691,307.6500046,290.1125043,0.005245833,99489.16667,0.0,-0.183333336,1.079166683,0.179076604,2.468929370361429,0.4717444323666548
2007-10-29,142.0333354,334.5833383,291.8375043,0.006504167,99190.0,0.0,0.637500009,1.129166683,0.178049178,2.2956909138551644,0.5225398757465588
2007-10-30,161.2833357,303.7458379,288.8333376,0.006141667,99170.41667,0.0,1.379166687,-0.67500001,0.177007377,1.7682585443950811,0.5977868726806437
2007-10-31,161.7833357,291.591671,287.5583376,0.005516667,99348.75,0.0,1.295833353,-3.37500005,0.175992419,1.5456769876747667,0.5844208339947222
2007-11-01,156.5000023,285.6625043,287.7208376,0.0050625,99320.83333,0.0,0.87916668,-3.412500051,0.174969729,1.4620182279449854,0.5304961094770666
2007-11-02,158.004169,276.2166708,289.054171,0.003975,99164.16667,0.0,-0.020833334,-4.333333398,0.173932026,1.7350581449199227,0.3813907275047683
2007-11-03,158.4708357,272.6500041,290.341671,0.003295833,99268.75,0.0,-0.791666678,-2.620833372,0.172908313,1.5463365010874357,0.2914242414494208
2007-11-04,156.0625023,261.0625039,289.6250043,0.002741667,99231.25,0.0,-1.608333357,-0.500000007,0.171870614,1.0946009359625108,0.2537265489164503
2007-11-05,153.5083356,262.7458372,288.479171,0.002816667,99077.5,0.0,-0.362500005,-1.495833356,0.170846898,1.0060621031985004,0.2802555606945996
2007-11-06,152.3833356,265.700004,288.9833376,0.002995833,98910.41667,0.0,0.358333339,-2.708333374,0.169809198,1.277391635728992,0.2880217433852018
2007-11-07,149.2958356,275.4291708,289.379171,0.003091667,98937.91667,0.0,-0.062500001,-2.175000032,0.168785486,1.1922969528592144,0.2898206358135081
2007-11-08,147.4750022,264.4708373,287.8208376,0.003395833,98908.33333,0.0,-0.041666667,1.083333349,0.167762406,0.7163911457907722,0.3520645134620691
2007-11-09,143.5958355,275.5875041,284.8916709,0.004616667,98793.75,0.0,0.387500006,2.295833368,0.166724706,0.8184559719610315,0.5800357951028219
2007-11-10,52.37083411,314.9791714,284.0041709,0.0058125,98907.08333,2.600000039,-0.316666671,2.708333374,0.165700994,1.1232093646020032,0.7759206996945305
2007-11-11,136.275002,329.1708382,285.7416709,0.007620833,98839.16667,7.900000118,1.183333351,-2.495833371,0.164663291,24.634289582990785,0.905237263608344
2007-11-12,82.51250123,285.0666709,285.2083376,0.003933333,99204.16667,0.0,1.016666682,-2.854166709,0.163639579,14.892916899071668,0.4858651329402003
2007-11-13,119.5416684,337.3458384,285.9333376,0.0040125,99545.83333,0.0,0.162500002,-0.166666669,0.162616502,14.384360848368352,0.4739721952259187
2007-11-14,131.6208353,298.7000045,287.9125043,0.005454167,99242.08333,0.0,0.716666677,-3.495833385,0.161578799,11.83400017813522,0.5639904002856883
2007-11-15,129.3583353,304.4625045,288.0583376,0.005679167,98882.5,0.0,0.67500001,-0.562500008,0.160555087,6.590704022536782,0.5795967953438937
2007-11-16,90.17083468,317.8750047,286.4375043,0.006008333,98905.41667,0.0,1.616666691,-0.841666679,0.160075414,3.9578876447774536,0.6820549788620615
2007-11-17,95.77500143,338.2791717,286.4166709,0.005804167,99134.16667,0.0,0.858333346,0.47083334,0.159633991,4.76516847356098,0.6613103570069921
2007-11-18,124.4291685,296.2750044,285.3958376,0.005566667,99084.16667,0.0,0.958333348,-0.175000003,0.159163957,3.0716054763624587,0.6782738042063569
2007-11-19,105.4500016,300.3166711,284.3875042,0.006195833,98989.58333,0.100000001,1.762500026,1.183333351,0.158707272,1.722756889362962,0.8067458112236756
2007-11-20,131.5708353,258.9833372,283.7916709,0.004816667,99188.75,0.0,1.675000025,-4.762500071,0.158251225,1.6274979596804051,0.6541062469196469
2007-11-21,130.9916686,240.7333369,283.0625042,0.0022875,99167.5,0.0,0.475000007,-4.895833406,0.157809802,2.159668794976024,0.3262631337714509
2007-11-22,129.4791686,241.4083369,282.7333375,0.0022625,99152.91667,0.0,-0.25416667,-2.041666697,0.157354391,1.4296552628755217,0.3299385352594232
2007-11-23,130.987502,228.5958367,283.4916709,0.0017375,99204.58333,0.0,-0.291666671,-5.245833412,0.156898345,1.852862307214956,0.240815442156862
2007-11-24,123.1291685,223.69167,280.9875042,0.001204167,99162.5,0.0,-0.170833336,-2.43333337,0.156456922,1.07237644241067,0.197908939315237
2007-11-25,98.14166813,282.5625042,280.6250042,0.00165,98923.75,0.0,0.262500004,-0.320833338,0.156001508,1.0976784744612649,0.2773855344741768
2007-11-26,121.8166685,249.9083371,280.3750042,0.001925,99285.83333,0.0,0.108333335,-1.879166695,0.155530838,0.9041801779354572,0.3304695198691438
2007-11-27,124.5916685,264.2500039,282.1875042,0.002291667,99434.16667,0.0,1.129166683,-2.541666705,0.155074156,1.112049831123956,0.3478329551427015
2007-11-28,120.1916685,248.4541704,284.0291709,0.002191667,99785.41667,0.0,0.683333344,-5.637500084,0.154632733,1.322493328087247,0.2946717261463894
2007-11-29,122.2666685,250.5458371,282.4666709,0.001908333,99373.75,0.0,0.875000013,-3.433333384,0.154177322,1.0280740532737618,0.2840163019628439
2007-11-30,121.6083351,235.1833368,279.8375042,0.002204167,98629.58333,0.0,2.212500033,-4.820833405,0.153721276,0.7390605256886671,0.3901870188463513
2007-12-01,119.2750018,224.1750033,277.6666708,0.002154167,98076.25,0.0,1.991666696,-1.404166688,0.153265226,0.3761657297390459,0.4416320693265382
2007-12-02,36.92083388,287.2916709,278.7041708,0.003704167,99281.66667,0.900000013,-1.800000027,5.637500084,0.152823803,0.3403378639747669,0.7144824678618439
2007-12-03,56.34166751,333.975005,282.9416709,0.004254167,99949.16667,0.70000001,-3.475000052,8.391666792,0.152368392,1.3787131869811482,0.6165801088543503
2007-12-04,55.73333416,357.9333387,284.3875042,0.0065375,100075.0,10.10000015,-1.058333349,3.616666721,0.151897723,22.900813405117667,0.8605672613280068
2007-12-05,110.633335,305.4166712,284.4166709,0.006891666,99385.83333,0.0,0.170833336,-3.062500046,0.151455664,12.872335347525915,0.8991808139032791
2007-12-06,45.01250067,320.1916714,283.4416709,0.006279167,98645.83333,3.500000052,0.400000006,-0.554166675,0.15100025,4.088861571251218,0.8683111883832503
2007-12-07,109.7750016,308.7666713,282.3291709,0.006066667,98002.5,6.500000097,2.820833375,-3.466666718,0.150544203,33.72638751078084,0.8988221659435451
2007-12-08,112.6500017,246.733337,281.4166709,0.003879167,98837.08333,0.0,2.837500042,-6.287500094,0.150088157,39.9947097888781,0.6169706788374967
2007-12-09,111.7750017,240.8125036,281.1166709,0.003045833,99337.08333,0.0,0.275000004,-5.695833418,0.149646733,28.58462918853593,0.4970315843542794
2007-12-10,113.3041684,260.0250039,280.5500042,0.002779167,99055.83333,0.0,0.45833334,-3.508333386,0.149191323,16.029190681997356,0.4702692717381893
2007-12-11,111.3125017,230.6666701,280.1291708,0.002479167,99130.0,0.0,-0.67500001,-5.091666743,0.148735277,11.137759928166552,0.432243251158008
2007-12-12,65.87500098,276.7750041,278.1791708,0.002333333,99849.58333,0.0,-0.041666667,-0.370833339,0.148279227,2.0411120677755976,0.4696830939150777
2007-12-13,108.3750016,241.6333369,278.5250042,0.0026625,99694.16667,0.0,0.283333338,-2.900000043,0.14782318,3.9086649604626422,0.5222288376740453
2007-12-14,88.48333465,249.2166704,278.1625041,0.002595833,99527.08333,0.0,0.0125,-1.57916669,0.147367134,2.024781905642982,0.5214475652459086
2007-12-15,105.9458349,246.7666703,277.8333375,0.003183333,99684.16667,0.0,0.750000011,-0.633333343,0.146911088,1.5821474695277773,0.655542823757001
2007-12-16,88.13750131,262.0833372,279.4833375,0.0042875,99274.16667,0.0,-0.270833337,1.779166693,0.146595206,0.9284111994644478,0.7830334526950357
2007-12-17,60.7125009,317.3041714,280.4875042,0.005475,98743.75,1.200000018,0.045833334,4.583333402,0.146300041,1.5155930662521817,0.9275212665156044
2007-12-18,48.35416739,334.9666717,280.6000042,0.005904167,98688.33333,9.700000145,-1.016666682,6.05000009,0.145990889,12.394111207117335,0.9919149968476432
2007-12-19,80.18333453,281.7000042,279.9375042,0.005416667,99199.58333,0.200000003,-0.020833334,2.400000036,0.145681102,5.538360902420332,0.9577282143351772
2007-12-20,103.4666682,295.1958377,279.2833375,0.004995833,99124.58333,7.900000118,1.354166687,2.804166708,0.145371314,24.597753631538147,0.9238384828308126
2007-12-21,107.8500016,230.9791701,276.8666708,0.003175,99756.66667,0.0,1.300000019,-4.416666732,0.145061523,18.83440932225214,0.7008097869793287
2007-12-22,72.78333442,263.8291706,277.3125041,0.00275,100154.1667,0.0,0.237500004,-2.158333365,0.144766358,10.987723251622262,0.5903810660164288
2007-12-23,66.825001,314.995838,279.1375042,0.0032875,100341.6667,0.0,0.258333337,-0.862500013,0.144457206,11.62913029123476,0.6217043188380182
2007-12-24,108.7125016,271.5041707,280.1333375,0.004054167,100115.4167,0.0,1.500000022,-3.979166726,0.144147418,12.224156575919093,0.7136648544950885
2007-12-25,68.09166768,237.4166702,277.4708375,0.002304167,100147.0833,0.0,1.075000016,-4.762500071,0.14383763,8.014437127622086,0.489102731198876
2007-12-26,110.8541683,234.5958368,276.5916708,0.002629167,99832.5,0.0,2.220833366,-3.575000053,0.143527843,5.4495176106798136,0.5922872306728089
2007-12-27,68.45000102,247.845837,275.2166708,0.0021375,99762.08333,0.100000001,1.391666687,-3.57916672,0.143232678,3.4760454030360286,0.5311878918629904
2007-12-28,48.15000072,316.1166714,276.1791708,0.003295833,99410.41667,2.600000039,-1.141666684,2.745833374,0.188652845,7.288888370616677,0.7614962352627909
2007-12-29,40.5500006,324.6166715,276.5791708,0.004275,99435.0,2.00000003,-0.625000009,2.429166703,0.213454574,5.596367911149712,0.9600762752578552
2007-12-30,106.0541682,277.0375041,278.0791708,0.0047875,99842.91667,0.100000001,1.070833349,-2.158333365,0.18655126,4.596332423697171,0.970449780184937
2007-12-31,112.545835,232.8291701,278.3458375,0.003070833,100081.6667,0.0,0.058333334,-5.129166743,0.168571159,6.673738425953032,0.6123361095839862
2008-01-01,87.74583464,258.8333372,277.7208375,0.0024875,99834.16667,0.0,-1.779166693,-1.008333348,0.155880771,4.235572276882727,0.5171224640151569
2008-01-02,98.83750147,251.1833371,278.4333375,0.003045833,99360.83333,0.0,-2.112500031,2.441666703,0.150025685,3.3166284608760703,0.5992724395629034
2008-01-03,40.42916727,312.270838,279.9416708,0.004729167,98700.83333,11.50000017,-2.362500035,5.837500087,0.145777219,27.89837243077919,0.8317253808953431
2008-01-04,35.7291672,344.6458385,281.0416709,0.0063875,97603.75,89.90000134,-1.587500024,10.26666682,0.141321491,7.867028968626736,1.0294551925474893
2008-01-05,57.50416752,314.9791714,280.6500042,0.005608333,98696.25,14.30000021,2.758333374,8.225000123,0.140480189,22.492103642116444,0.9390380207053268
2008-01-06,53.15833413,305.0291712,278.7166708,0.0048625,98049.58333,1.900000028,0.987500015,4.191666729,0.140165951,12.16393231710946,0.9254565497393032
2008-01-07,84.30000126,293.3375044,279.2875042,0.004995833,98647.08333,2.600000039,0.612500009,0.920833347,0.139856163,13.013112535442362,0.9191204473882664
2008-01-08,26.84583373,318.1666714,279.1375042,0.005070833,99140.0,10.90000016,-1.275000019,4.25416673,0.140426935,9.557484985652623,0.9474690557910012
2008-01-09,66.72916766,300.5208378,278.2708375,0.00505,99519.58333,0.900000013,-0.645833343,0.058333334,0.141379812,9.350434626733866,1.0066406374981332
2008-01-10,37.9458339,337.8291717,279.8458375,0.005583333,99535.0,5.200000077,-0.983333348,1.508333356,0.139964398,14.469740371095323,0.9968702704325924
2008-01-11,94.48750141,290.7750043,280.3000042,0.005554167,99613.33333,0.200000003,-0.779166678,0.170833336,0.139164421,11.584967815654004,0.9616278647737508
2008-01-12,75.57916779,320.4250048,281.1958375,0.005533333,99646.25,0.600000009,-0.116666668,-1.633333358,0.138572346,15.14998793269596,0.9008398355233662
2008-01-13,111.9500017,259.5333372,280.1458375,0.004720833,99859.16667,0.0,0.070833334,-3.050000045,0.138115693,10.961594565245523,0.8281737694742203
2008-01-14,105.4333349,250.5333371,279.3666708,0.003595833,99835.0,0.0,-0.279166671,-2.233333367,0.137762036,9.259302703246718,0.6658249052229672
2008-01-15,116.3208351,257.5458372,280.1916708,0.0036,99849.58333,0.0,0.612500009,-3.983333393,0.137423638,13.296166370588203,0.6294805456156519
2008-01-16,116.0208351,238.3583369,281.0000042,0.0030125,99497.5,0.0,0.44583334,-7.891666784,0.137856717,14.546032614356164,0.4963594128998998
2008-01-17,117.1208351,238.4583369,281.2833375,0.002745833,99526.25,0.0,-0.329166672,-6.141666758,0.138338021,9.156284643048595,0.4438104840231235
2008-01-18,117.3083351,243.5750036,280.0625042,0.002920833,99446.66667,0.0,-0.120833335,-5.166666744,0.138819321,5.155750382881231,0.513244990572167
2008-01-19,117.2916684,244.0125036,279.6500042,0.003325,99695.83333,0.0,-0.620833343,-1.13333335,0.139300625,2.2903607138451774,0.6027823726231174
2008-01-20,119.4583351,238.6125036,277.6166708,0.003708333,98920.83333,0.0,1.400000021,-0.754166678,0.139797187,1.44208315259085,0.769524815432715
2008-01-21,55.99583417,269.2833373,276.8250041,0.0037625,98505.0,1.500000022,0.837500012,-0.079166668,0.140281666,0.5837496718000136,0.8225079609649792
2008-01-22,31.70833381,315.445838,276.8666708,0.004329167,98914.16667,11.00000016,-1.508333356,-1.695833359,0.27611733,8.057142508319151,0.9474958914893896
2008-01-23,43.55000065,314.708338,276.6583375,0.0041125,98954.16667,5.700000085,-1.12083335,-1.704166692,0.411251722,11.135995249106289,0.913930380426426
2008-01-24,50.59583409,309.8750046,277.1083375,0.004508333,98220.83333,4.500000067,-1.787500027,1.454166688,0.365659112,9.52282945258721,0.963066225709486
2008-01-25,52.20416744,322.8125048,277.9541708,0.005079167,98184.58333,34.60000052,-5.562500083,4.112500061,0.268152287,10.45593011633807,1.021451458715409
2008-01-26,69.25833437,333.650005,280.3583375,0.005825,98789.58333,40.4000006,-4.70000007,7.525000112,0.247052573,20.100209805929257,0.9961436337462426
2008-01-27,72.55833441,323.3250048,281.0375042,0.0059625,97820.83333,15.00000022,-2.679166707,4.25416673,0.178671597,21.64399668461412,0.9633729861923797
2008-01-28,98.83333481,295.2125044,279.9041708,0.0048625,98002.5,1.300000019,3.529166719,1.854166694,0.152756464,22.785142213142816,0.8513413597049222
2008-01-29,50.12083408,297.1750044,277.9541708,0.004408333,99383.33333,2.300000034,1.36250002,2.01250003,0.153596985,8.315152198270075,0.8973665797113692
2008-01-30,85.25000127,297.2958378,277.0833375,0.004433333,99606.66667,0.100000001,1.920833362,1.183333351,0.155443947,12.328023898826444,0.9621176762533056
2008-01-31,44.87500067,317.6500047,277.8416708,0.0047375,99672.5,13.90000021,-0.329166672,3.829166724,0.151177224,13.453169200149162,0.974902865407086
2008-02-01,111.0166683,284.9958376,277.8583375,0.00475,99487.08333,3.100000046,1.275000019,1.050000016,0.146941019,18.61876592483638,0.9745071926757696
2008-02-02,45.99583402,295.7166711,277.5375041,0.004354167,99312.91667,8.000000119,0.554166675,2.845833376,0.146848207,9.807887476543156,0.9122305844962536
2008-02-03,80.12500119,308.7208379,278.8125042,0.005108333,97984.16667,8.000000119,3.445833385,3.429166718,0.1467643,21.516854902287797,0.9650811605333198
2008-02-04,143.8708355,261.6041706,279.8583375,0.004341667,99043.33333,0.0,1.929166695,-4.520833401,0.147135609,30.374042822103785,0.7706786680725894
2008-02-05,141.8416688,248.020837,278.7250042,0.0032,99792.08333,0.0,0.812500012,-4.437500066,0.14759021,26.34804923031248,0.6195017811210333
2008-02-06,148.7416689,262.0208372,278.4166708,0.004104167,100006.25,0.0,1.050000016,-1.479166689,0.148070878,12.775940030450474,0.8137008187171509
2008-02-07,119.2833351,276.3791708,278.6041708,0.003975,99947.5,0.0,0.837500012,-2.625000039,0.148552178,9.56120686351518,0.7773073727076277
2008-02-08,154.341669,258.0416705,280.8458375,0.004325,99781.25,0.0,0.804166679,-3.816666724,0.149033482,9.227078915420533,0.7222868678049679
2008-02-09,157.791669,259.4916705,282.7541709,0.004166667,99583.75,0.0,0.041666667,-4.4958334,0.149529405,8.891102880903055,0.6093985867281121
2008-02-10,159.0833357,266.062504,282.4708375,0.004479167,99456.66667,0.0,0.0,-2.191666699,0.150011345,6.090451257830759,0.6669992609919976
2008-02-11,161.1583357,273.6333374,284.2333376,0.005454167,99482.5,0.0,0.129166669,-3.404166717,0.150492648,4.692695153348715,0.7211316482827812
2008-02-12,162.2125024,274.2583374,284.9166709,0.005058333,99322.08333,0.0,-0.43333334,-2.500000037,0.150988572,4.3285057714522575,0.6378595765841952
2008-02-13,162.6041691,262.0250039,284.2000042,0.004841667,98857.08333,0.0,1.345833353,-4.750000071,0.151470511,3.2470634824895868,0.6375497903950189
2008-02-14,172.2625026,228.9708367,281.1541709,0.0030125,99096.66667,0.0,0.383333339,-6.991666771,0.151951811,2.983719600529429,0.4891379353999272
2008-02-15,169.9583359,245.0625037,281.4208375,0.0031,99217.5,0.0,-0.200000003,-4.654166736,0.152433115,2.4414672713839822,0.4948024125558242
2008-02-16,170.2958359,258.1791705,281.6750042,0.00425,99482.5,0.0,-0.22916667,-0.325000005,0.152941262,2.462917606314072,0.6684108565435406
2008-02-17,172.6916692,259.3166705,282.6750042,0.004904167,99330.41667,0.0,0.250000004,-1.537500023,0.153435957,1.536162252618899,0.7192972837560045
2008-02-18,165.5916691,266.6666706,283.4791709,0.005416667,99108.33333,0.0,-1.029166682,0.387500006,0.153944635,1.3743059597810778,0.7506487141244141
2008-02-19,95.37916809,298.0750044,282.3666709,0.005266667,99022.91667,0.300000004,-1.029166682,1.587500024,0.15443933,0.9237319990948956,0.786407863283586
2008-02-20,125.3958352,319.7541714,282.0625042,0.00635,98997.08333,1.700000025,0.454166673,0.795833345,0.154948009,4.246700207765878,0.9678032361842632
2008-02-21,55.48750083,316.420838,281.1958375,0.006116667,98695.83333,4.200000063,-2.308333368,3.425000051,0.155442704,2.913368118778833,0.9863100805440695
2008-02-22,108.3166683,328.3291716,281.0291709,0.006166667,98325.83333,2.00000003,-0.65000001,2.733333374,0.155947529,11.998512847394888,1.0020796008820996
2008-02-23,86.54583462,296.5583378,280.5375042,0.005766667,98711.66667,6.7000001,-2.2541667,1.537500023,0.156438536,11.283773812026013,0.9732419713282568
2008-02-24,67.16666767,343.7625051,281.5708375,0.006683333,98122.5,31.10000046,-4.175000062,9.587500143,0.156943512,13.14672688388444,1.044171313288772
2008-02-25,157.4958357,326.8833382,281.9541709,0.006354167,99600.0,0.0,0.266666671,1.533333356,0.157434382,30.03654912507341,0.9815784660579192
2008-02-26,179.3125027,274.4416708,283.0083376,0.0054625,99832.91667,0.0,0.466666674,-3.329166716,0.157939323,22.64592539260598,0.7872223111810853
2008-02-27,183.3541694,284.4000042,284.5916709,0.005616667,99526.66667,0.0,0.491666674,-2.862500043,0.158430365,19.62222550524489,0.7253130887208649
2008-02-28,191.9666695,274.6000041,285.9333376,0.005658333,98937.5,0.0,0.779166678,-4.800000072,0.158949952,16.060329466637516,0.66429987106432
2008-02-29,162.5333358,283.0458376,286.0541709,0.006258333,98878.75,0.0,0.245833337,-0.937500014,0.159441494,8.330380820685999,0.7284557086377301
2008-03-01,205.5833364,291.079171,285.1833376,0.006629166,99283.75,0.0,2.350000035,-1.233333352,0.15994637,8.706145930661236,0.8208908202446448
2008-03-02,216.6583366,255.8041705,284.4166709,0.0047625,99753.33333,0.0,1.775000026,-8.016666786,0.16043734,7.650466232490023,0.6236784414674351
2008-03-03,208.6875031,260.9625039,283.3916709,0.003891667,99745.41667,0.0,0.308333338,-3.800000057,0.160942167,6.336107013776302,0.5459975191554456
2008-03-04,225.5583367,260.7500039,284.3666709,0.0046375,99532.5,0.0,0.816666679,-3.395833384,0.161433231,5.663558507759403,0.6079992478772854
2008-03-05,231.2833368,245.170837,284.2416709,0.004054167,99136.66667,0.0,0.400000006,-5.791666753,0.161938065,5.647333689511588,0.5338662074002829
2008-03-06,174.5208359,255.2416705,282.8541709,0.003733333,99528.33333,0.0,-0.037500001,-2.525000038,0.16242897,3.3963343425532644,0.5420235012865062
2008-03-07,217.9666699,260.9083372,282.1166709,0.0043125,99705.0,0.0,0.22916667,-1.545833356,0.162933995,4.068894462541934,0.65952308170715
2008-03-08,226.64167,284.3083376,284.7541709,0.005116667,99570.41667,0.0,1.475000022,-2.01250003,0.163439519,4.846076149827596,0.6538889418909914
2008-03-09,211.2250031,273.1500041,284.7333376,0.004220833,99394.58333,0.0,0.958333348,-4.479166733,0.163945022,5.019214889496505,0.5392029922100101
2008-03-10,156.091669,309.9041713,286.2625043,0.005695833,99515.41667,0.0,0.054166667,-0.43333334,0.16443597,3.734239843579737,0.6581255205017297
2008-03-11,222.5125033,297.6125044,285.8291709,0.006575,99795.41667,0.0,1.041666682,-1.954166696,0.164941021,4.496063256466605,0.784003407513441
2008-03-12,184.7000028,296.6583378,285.8666709,0.005620833,99414.16667,0.0,1.125000017,-2.279166701,0.165432012,3.9561817019001215,0.6660109906635066
2008-03-13,197.5750029,328.3125049,285.8125043,0.007191666,99059.16667,0.0,1.712500026,1.479166689,0.165939656,4.576912306464076,0.8521489360248664
2008-03-14,169.6625025,285.2083376,282.3875042,0.005375,99126.25,0.0,3.595833387,1.358333354,0.166437545,2.8008007583663237,0.8022815318867224
2008-03-15,161.1416691,296.0166711,279.9166708,0.004533333,98928.33333,0.0,2.770833375,-0.679166677,0.166934979,2.666016996256457,0.8005118149399986
2008-03-16,250.9833371,249.120837,281.2541709,0.003883333,98987.91667,0.0,2.100000031,-6.200000092,0.166813092,4.726727446554599,0.6255236630867282
2008-03-17,225.1708367,264.1458373,282.3625042,0.0036125,99502.91667,0.0,1.166666684,-4.741666737,0.166635028,4.752967020972953,0.5421797325185997
2008-03-18,234.8791702,290.1875043,285.1208376,0.005691667,99541.25,0.0,1.762500026,-3.366666717,0.166484943,4.775928818193578,0.7095771354687973
2008-03-19,193.8666696,297.1625044,285.7291709,0.006504167,99315.83333,0.0,1.870833361,-1.487500022,0.166321502,3.54337686469198,0.7769644059276533
2008-03-20,259.4166705,261.9916706,283.4041709,0.0052875,99375.41667,0.0,2.416666703,-1.10833335,0.166157425,4.182481963372978,0.7384557527677583
2008-03-21,264.4458373,254.6750038,283.8375042,0.004170833,99918.75,0.0,1.604166691,-3.404166717,0.165993352,4.958909450444085,0.5688113355277744
2008-03-22,266.825004,255.7916705,284.0083376,0.004216667,99717.5,0.0,1.150000017,-3.908333392,0.165843898,5.202320019527627,0.5673433391185985
2008-03-23,265.187504,265.1958373,285.8416709,0.0050625,99469.16667,0.0,1.037500015,-1.77083336,0.165680461,4.906413945914515,0.6011811528979563
2008-03-24,248.9625037,280.6416708,287.0333376,0.005483333,99218.75,0.0,1.962500029,-2.550000038,0.165516385,5.421718652285049,0.6004249626909258
2008-03-25,267.837504,285.4750043,285.4958376,0.005475,99095.0,0.0,2.975000044,-0.875000013,0.165352308,5.668257848896873,0.662756992247695
2008-03-26,233.2541701,271.412504,282.6125042,0.004729167,99305.0,0.0,2.837500042,0.141666669,0.165188235,4.107322447822846,0.6964060518893785
2008-03-27,256.5458372,254.8666705,280.1291708,0.003666667,99633.75,0.0,2.966666711,-4.05000006,0.165024158,4.336543700998908,0.642532765340749
2008-03-28,107.6625016,307.0625046,281.4750042,0.004004167,98973.75,0.0,0.616666676,0.154166669,0.164874708,1.9811843184355773,0.6351826072859468
2008-03-29,212.8500032,315.995838,282.2958375,0.00615,98672.91667,0.0,0.312500005,-0.945833347,0.164711267,4.577882293538208,0.9194892700554134
2008-03-30,278.9583375,273.2916707,281.8000042,0.004275,98618.75,0.0,2.645833373,-3.804166723,0.164547194,5.573900670209984,0.6608218011478785
2008-03-31,272.7958374,249.2666704,282.1291709,0.003641667,99235.83333,0.0,1.104166683,-3.55416672,0.164383118,5.3086603147821565,0.5538369948446156
2008-04-01,236.3208369,302.1375045,283.6375042,0.00425,98976.25,0.0,0.637500009,-1.516666689,0.164219041,5.574983173326082,0.5819328000754941
2008-04-02,276.9750041,285.9583376,284.2833376,0.005,98864.58333,0.0,0.22916667,0.162500002,0.164054968,6.062815685245448,0.6547759611833913
2008-04-03,296.0208377,275.3125041,284.2416709,0.005291667,99222.91667,0.0,1.029166682,0.370833339,0.163890891,6.238762208824176,0.6974305720924608
2008-04-04,236.7125035,281.9958375,285.3375043,0.0053875,99285.83333,0.0,1.345833353,0.283333338,0.163741441,4.946889344668529,0.6603365210742072
2008-04-05,253.5958371,281.5583375,283.7625042,0.005245833,98839.16667,0.0,2.67500004,-1.616666691,0.163563378,5.457786302826964,0.7112729548431053
2008-04-06,300.2250045,281.5333375,282.9375042,0.004825,98810.83333,0.0,2.270833367,-0.075000001,0.163413288,6.644254041910947,0.6915449909154903
2008-04-07,309.0083379,247.108337,281.9666709,0.003833333,99237.91667,0.0,2.545833371,-3.241666715,0.163249851,6.164512911985699,0.5895084164315605
2008-04-08,251.4375037,290.704171,282.6000042,0.003745833,98847.08333,0.0,2.820833375,-1.750000026,0.163100397,6.0279344662097945,0.549526101331865
2008-04-09,303.4833379,265.900004,282.6791709,0.004445833,98806.25,0.0,2.275000034,-1.491666689,0.162922337,6.111121895074742,0.6484484396926747
2008-04-10,310.1000046,277.9750041,286.4166709,0.005104167,99158.33333,0.0,1.833333361,-4.633333402,0.162772248,7.943950170380611,0.5816961083812389
2008-04-11,315.283338,277.2708375,288.8583376,0.004966667,99359.58333,0.0,0.104166668,-5.204166744,0.162608807,9.144396835985884,0.4835600030588078
2008-04-12,313.695838,296.5500044,291.3458377,0.006441667,99288.33333,0.0,-1.525000023,-0.720833344,0.162444734,7.911361572750978,0.5344089797472454
2008-04-13,313.0500047,301.4875045,292.2375044,0.006575,99080.41667,0.0,-0.837500012,0.112500002,0.16229085,7.5365644950689745,0.5144991749305642
2008-04-14,311.7750046,293.6583377,290.1083377,0.0063125,98635.83333,0.0,3.100000046,-0.025,0.162124749,8.017156204362184,0.5629483314194236
2008-04-15,323.7625048,256.2500038,283.8541709,0.004416667,99130.0,0.0,3.787500056,-3.77083339,0.161958098,6.932949184106316,0.5969126290139247
2008-04-16,326.2916715,266.3958373,285.8166709,0.004179167,99262.91667,0.0,1.470833355,-5.358333413,0.16208198,8.853155604277154,0.4960759212814111
2008-04-17,326.7375049,270.7458374,287.5500043,0.004783333,99117.91667,0.0,0.250000004,-2.795833375,0.162218493,8.747882998095557,0.5058314747762918
2008-04-18,327.0916715,277.8416708,287.754171,0.005266667,98753.75,0.0,0.91666668,-0.325000005,0.162334027,8.584496077637699,0.5475470274915202
2008-04-19,333.2541716,268.750004,285.8916709,0.005316667,98114.58333,0.0,3.804166723,-3.595833387,0.162468,9.319369032480031,0.6207063695049436
2008-04-20,274.5291708,255.3958371,281.1666709,0.003416667,99046.25,0.0,4.029166727,-2.125000032,0.16258838,6.358074020517852,0.554003184148154
2008-04-21,315.2500047,252.1583371,280.2333375,0.003229167,99283.75,0.0,2.429166703,-0.925000014,0.162723678,7.034154775334096,0.559818077237075
2008-04-22,105.8000016,319.5208381,281.3541709,0.004820833,99011.25,0.800000012,0.304166671,3.12083338,0.162847293,3.063502287434145,0.7713965386384525
2008-04-23,218.0000032,324.4625048,283.4833376,0.006341667,98845.0,0.800000012,1.608333357,2.616666706,0.162982016,6.987674361298362,0.8762546816431187
2008-04-24,334.412505,262.7791706,283.2208376,0.004420833,99532.5,0.0,1.775000026,-2.795833375,0.163117708,9.444620898284168,0.6261080583481506
2008-04-25,294.3166711,289.116671,286.9958376,0.004604167,99598.75,0.0,1.491666689,-3.500000052,0.163239291,10.468009880623413,0.5073345374309195
2008-04-26,322.7250048,312.208338,291.2375043,0.006220833,99428.33333,0.0,0.970833348,-4.525000067,0.16337485,13.066010104464445,0.5203809654522837
2008-04-27,312.970838,317.7833381,293.7125044,0.007095833,99107.08333,0.0,1.225000018,-3.958333392,0.163484321,12.685216631654448,0.5064004574334544
2008-04-28,316.8708381,314.7875047,293.491671,0.006725,98833.75,0.0,2.325000035,-1.970833363,0.163626475,11.77272726532978,0.4852439389050032
2008-04-29,342.0375051,289.7208377,289.416671,0.0062,98587.5,0.0,3.983333393,-2.391666702,0.163750465,10.521628152318907,0.5777479043194655
2008-04-30,338.112505,256.3666705,284.0625042,0.003733333,99022.91667,0.0,3.487500052,-5.775000086,0.16387172,8.321902363877834,0.4969995092829611
2008-05-01,346.3333385,267.2791706,286.6250043,0.003841667,99110.41667,0.0,1.54166669,-5.770833419,0.164009472,9.517937258348455,0.4316363996882036
2008-05-02,283.8333376,296.8791711,287.9833376,0.004291667,98905.41667,0.0,1.187500018,-3.191666714,0.164130853,7.795849189813438,0.4402395782490352
2008-05-03,340.0833384,295.7125044,289.216671,0.004933333,98781.66667,0.0,1.779166693,-2.450000037,0.164265854,8.756147646323829,0.4665947822037982
2008-05-04,348.8250052,291.866671,290.241671,0.005525,98224.16667,0.0,1.612500024,-2.766666708,0.164400824,8.44961774674643,0.4864925209892605
2008-05-05,334.850005,304.7083379,291.2250043,0.005895833,98264.16667,0.0,0.800000012,-3.504166719,0.164526244,8.11416351258118,0.4878066170309075
2008-05-06,344.4458385,310.0375046,291.6583377,0.006929166,98485.0,0.0,1.595833357,-1.829166694,0.164660652,7.451572384261294,0.5590243156279072
2008-05-07,349.2708385,308.1916713,291.9583377,0.006554167,98475.0,0.0,3.250000048,-4.808333405,0.164782216,7.814883803101465,0.5187872197011103
2008-05-08,354.1291719,287.7708376,290.8125043,0.005320833,98657.08333,0.0,1.891666695,-4.325000064,0.164903184,6.797971563307913,0.4537402916508776
2008-05-09,355.0375053,288.8875043,290.479171,0.004829167,98432.91667,0.0,2.379166702,-3.979166726,0.165038755,7.022368104108027,0.4197057023275566
2008-05-10,352.2500052,294.9125044,291.0333377,0.004866667,98672.08333,0.0,2.083333364,-4.191666729,0.165160333,7.319739979619237,0.4092813572699428
2008-05-11,351.5958386,305.3041712,291.9875044,0.0054375,98567.08333,0.0,2.154166699,-3.129166713,0.165295895,7.443033474532571,0.4300089254702677
2008-05-12,354.2083386,284.7541709,290.4000043,0.004125,98595.41667,0.0,3.083333379,-7.408333444,0.165417487,8.36145936468448,0.3609186673589715
2008-05-13,358.2000053,291.7083377,292.1708377,0.004058333,98838.33333,0.0,0.987500015,-5.38750008,0.165553062,8.475556264695687,0.3181253427896788
2008-05-14,350.5250052,333.8458383,296.5750044,0.006054167,99020.83333,0.0,0.795833345,-6.370833428,0.16567467,9.92063881669513,0.3619246589001795
2008-05-15,353.3250053,347.8875052,299.9041711,0.007991666,98917.5,0.0,-1.850000028,-6.029166757,0.165810218,10.287048839937624,0.3906764559059142
2008-05-16,356.204172,346.5166718,300.1791711,0.008029166,98741.66667,0.0,-0.345833338,-2.937500044,0.166304872,9.129874147149142,0.385474216754272
2008-05-17,361.2958387,333.4583383,299.6291711,0.006429167,98930.41667,0.0,1.420833355,-2.658333373,0.166815124,8.829957177198047,0.3195129808903361
2008-05-18,363.7583388,327.3208382,299.5333378,0.005779167,98732.08333,0.0,1.691666692,-2.945833377,0.167325348,8.734628291232012,0.288273195023793
2008-05-19,357.3500053,323.3833382,297.0291711,0.006145833,98427.5,0.0,1.345833353,-1.470833355,0.167850247,7.784404530033688,0.3552582049774276
2008-05-20,345.0750051,335.950005,295.5833377,0.007866666,98295.83333,0.0,2.387500036,-0.950000014,0.168361161,7.639225479203716,0.4960096583819959
2008-05-21,368.1500055,289.866671,291.9750044,0.005045833,98652.91667,0.0,4.029166727,-7.775000116,0.168877149,8.543028676869815,0.3996977551723061
2008-05-22,371.2458389,278.7916708,290.204171,0.004058333,97988.33333,0.0,3.333333383,-9.266666805,0.16939629,8.288628527557513,0.3573466808407642
2008-05-23,340.4083384,291.354171,290.1250043,0.004470833,97167.5,0.0,2.245833367,-6.108333424,0.169907192,7.017038257062906,0.3923542218891482
2008-05-24,146.2416688,354.6375053,287.0125043,0.006329167,97947.91667,0.0,-0.033333334,3.12083338,0.170417421,2.8115797604439776,0.6851032572522342
2008-05-25,223.45417,342.0750051,286.0833376,0.006604166,98615.0,0.0,-0.245833337,0.883333346,0.170942298,3.8858247407325184,0.7651817738905383
2008-05-26,286.8083376,321.0791715,289.054171,0.006941666,98444.58333,0.400000006,1.366666687,0.625000009,0.171453168,5.302711025799333,0.6612014073988536
2008-05-27,320.0750048,313.4166713,288.779171,0.006079167,98627.08333,2.600000039,1.050000016,-0.170833336,0.171963426,15.165759080731132,0.590528122976835
2008-05-28,330.8916716,309.8250046,288.4625043,0.005733333,98687.5,0.0,1.583333357,1.650000025,0.17247369,10.022091940757072,0.5688302394059248
2008-05-29,366.9708388,298.5083378,288.3125043,0.0055625,98932.08333,0.0,1.812500027,0.516666674,0.172983967,9.784708595072148,0.5586635681860206
2008-05-30,369.3958388,297.8916711,289.2625043,0.005125,98948.33333,0.0,1.045833349,-1.245833352,0.173508831,9.391663596804609,0.4841074116684805
2008-05-31,368.2375055,315.4750047,290.2625043,0.005654167,98879.16667,0.0,1.79583336,0.162500002,0.174019692,9.085243092114986,0.5005184757456085
2008-06-01,356.4500053,306.9208379,290.6250043,0.0059375,98870.0,0.0,2.191666699,-1.12083335,0.174529952,7.775207056654676,0.5135208608642249
2008-06-02,357.741672,301.4833378,292.3500044,0.005004167,98795.41667,0.0,2.845833376,-3.608333387,0.175040203,8.144195099947733,0.387698152667429
2008-06-03,251.6958371,337.7833384,293.5708377,0.0058375,98652.91667,0.0,3.395833384,-2.43333337,0.17555043,6.47303959710956,0.4183653034981305
2008-06-04,357.4208387,306.3791712,292.3958377,0.00625,98394.16667,0.0,3.57916672,-5.233333411,0.176074883,7.783181607774347,0.4808638374499221
2008-06-05,348.8791719,300.9250045,291.9125043,0.004308333,98484.16667,0.0,2.400000036,-5.416666747,0.176598804,7.891420479205742,0.3420409885049673
2008-06-06,362.7041721,297.2041711,293.1125044,0.004791667,98596.25,0.0,3.475000052,-5.225000078,0.177108054,8.176831463479397,0.3531793103671026
2008-06-07,367.7958388,292.5125044,294.1666711,0.004458333,98619.58333,0.0,2.670833373,-7.570833446,0.177616672,8.824800579148578,0.3077957132132329
2008-06-08,364.0708388,300.9416712,295.6041711,0.004475,98644.58333,0.0,1.345833353,-6.420833429,0.178139909,8.660308251222837,0.2827974084472723
2008-06-09,360.541672,321.6000048,297.2000044,0.0049625,98499.58333,0.0,1.800000027,-5.212500078,0.178649158,8.64714067822033,0.2841074038984461
2008-06-10,370.8916722,311.9916713,296.9916711,0.005220833,98440.41667,0.0,2.325000035,-7.120833439,0.179157776,9.082045078438822,0.3025161669282848
2008-06-11,370.7416722,286.6791709,294.4500044,0.003525,98816.25,0.0,0.775000012,-7.295833442,0.17966639,8.559632787319796,0.2396008914338803
2008-06-12,370.6500055,297.7666711,296.2458377,0.003945833,98581.25,0.0,-0.158333336,-5.941666755,0.180189627,8.376017759275891,0.2395999417690059
2008-06-13,365.4916721,312.6625047,297.2833378,0.004229167,98578.33333,0.0,0.220833337,-3.300000049,0.18069888,7.626719829370333,0.2410967307591467
2008-06-14,365.0625054,314.2500047,297.1750044,0.003895833,98527.08333,0.0,1.304166686,-1.250000019,0.181207494,7.038753826152746,0.2234403781486351
2008-06-15,364.4916721,310.383338,294.7416711,0.004391667,98444.16667,0.0,1.35000002,-1.020833349,0.181730731,6.869020103736664,0.2920704347129561
2008-06-16,365.2333388,312.4625047,295.3541711,0.0044875,98427.91667,0.0,1.316666686,-2.066666697,0.182353794,7.18904767956183,0.2873424755000509
2008-06-17,364.1625054,313.508338,295.6500044,0.004608333,98703.75,0.0,1.750000026,-2.866666709,0.182966547,7.477087588564152,0.2905799170612707
2008-06-18,365.0375054,314.3750047,296.6708378,0.004279167,99012.08333,0.0,2.104166698,-4.02500006,0.183593291,7.743864429819326,0.2543027624831988
2008-06-19,345.7833385,322.7000048,298.1583378,0.003854167,98776.66667,0.0,1.270833352,-2.754166708,0.184206045,6.749696200980864,0.2088343424729102
2008-06-20,356.6708386,336.737505,298.4083378,0.0038375,98571.66667,0.0,0.454166673,-0.850000013,0.184818162,6.326905380235266,0.2044052388294762
2008-06-21,257.5875038,373.4666722,299.5875045,0.004579167,98539.58333,0.0,0.787500012,-0.716666677,0.185444902,4.874694839151272,0.2272363432056486
2008-06-22,366.0083388,320.1083381,298.1083378,0.003895833,98739.58333,0.0,2.337500035,-1.825000027,0.186057655,6.563179896876599,0.211648524411724
2008-06-23,365.4041721,304.4208379,295.7791711,0.0034625,98631.25,0.0,1.725000026,-1.858333361,0.186669773,6.098607900678824,0.2164480015570707
2008-06-24,361.3541721,320.6083381,296.2541711,0.004445833,98520.41667,0.0,1.883333361,-3.487500052,0.187296517,6.586232917071347,0.2696572656592073
2008-06-25,362.2083387,320.8125048,295.7833377,0.004691667,98381.25,0.0,2.150000032,-2.679166707,0.18790927,6.270396942428902,0.2924676975293256
2008-06-26,360.079172,326.3041715,296.3041711,0.005175,98407.08333,0.0,2.150000032,-3.941666725,0.18853601,6.575494872658411,0.3125676958452306
2008-06-27,358.8375053,332.4458383,297.5833378,0.004633333,98186.25,0.0,0.775000012,-3.212500048,0.189148764,6.343057269990711,0.2583553058073434
2008-06-28,357.029172,337.8791717,297.0750044,0.0055125,98334.16667,0.0,2.137500032,0.516666674,0.189760881,6.058716506378985,0.3174623676827129
2008-06-29,359.916672,326.0041715,295.6750044,0.0053625,98655.0,0.0,1.600000024,1.316666686,0.190387621,5.82199363381707,0.3374493898954354
2008-06-30,360.191672,318.7833381,294.9000044,0.004745833,98736.25,0.0,0.633333343,2.175000032,0.191015001,5.765470411855096,0.3134820364301307
2008-07-01,336.6958384,322.6541715,295.2541711,0.0052875,98667.91667,0.0,1.812500027,-0.21666667,0.191627754,5.247806406232923,0.3414870215945256
2008-07-02,359.754172,327.6708382,296.8083378,0.00465,98380.0,0.0,2.170833366,-0.950000014,0.192254495,5.961755353990173,0.2722899301798525
2008-07-03,361.041672,335.4916717,297.0750044,0.0055,98345.0,0.0,2.441666703,-0.483333341,0.192867248,6.130961928889867,0.3167773934217702
2008-07-04,359.816672,336.125005,296.1458377,0.006683333,98455.0,0.0,2.637500039,-0.025,0.193493988,6.059451730638316,0.407790400650149
2008-07-05,358.3583387,334.562505,296.4625044,0.005733333,98515.0,0.0,2.495833371,-2.725000041,0.194106741,6.369408284817252,0.3433391217108623
2008-07-06,358.791672,349.1125052,300.0083378,0.005995833,98143.33333,0.0,2.150000032,-4.087500061,0.194718859,6.63822024209566,0.2890231744190012
2008-07-07,360.941672,352.1666719,302.1375045,0.005704167,97912.5,0.0,1.14583335,-4.729166737,0.195345602,5.814067827149681,0.2420165465612486
2008-07-08,360.729172,358.3250053,304.1958379,0.005275,97935.83333,0.0,0.733333344,-4.533333401,0.195958356,2.3846239705005505,0.1987037040532057
2008-07-09,363.2125054,349.3666719,304.4541712,0.004129167,98001.25,0.0,1.654166691,-4.937500074,0.196585096,3.400255020848666,0.1533537689488127
2008-07-10,363.7916721,344.3833385,304.2375045,0.003395833,97914.16667,0.0,2.358333368,-3.308333383,0.197197849,3.4357236437120755,0.1275833325154996
2008-07-11,368.3916722,319.1625048,300.3208378,0.0029,97992.08333,0.0,1.895833362,-3.241666715,0.197809967,5.225659020612588,0.1370158254959248
2008-07-12,363.1041721,316.9541714,297.4666711,0.0038375,98405.41667,0.0,1.583333357,-0.800000012,0.198436707,5.492339704578397,0.215975050372411
2008-07-13,356.966672,337.6333384,297.9333378,0.005370833,98574.58333,0.0,1.608333357,0.754166678,0.199049464,5.7647168636694,0.294379295514114
2008-07-14,354.2875053,349.0583385,298.6916711,0.00625,98377.08333,0.0,1.879166695,0.850000013,0.199676204,5.9921453299008745,0.3266517736987064
2008-07-15,355.141672,338.6458384,297.1666711,0.006108333,98577.5,0.0,1.904166695,0.695833344,0.200288957,5.828836885817473,0.3506917785061758
2008-07-16,354.9583386,332.200005,295.9583377,0.005220833,98768.75,0.0,1.929166695,0.258333337,0.200386117,5.719878120867637,0.3232543064734168
2008-07-17,360.5708387,319.0500048,296.8708378,0.004245833,98637.5,0.0,1.916666695,-0.733333344,0.20047551,5.602907621106803,0.2483288696126728
2008-07-18,359.5750054,317.1333381,297.0291711,0.003908333,98451.66667,0.0,1.470833355,-1.650000025,0.200550916,5.6034222206795015,0.2259755956799425
2008-07-19,359.3000054,317.2500047,297.9166711,0.003504167,98052.5,0.0,1.687500025,-1.80833336,0.200625687,5.6091621965939416,0.1912407152759438
2008-07-20,356.8458387,310.370838,295.7916711,0.003179167,98087.08333,0.0,1.216666685,0.187500003,0.20071508,5.114022207707277,0.1974885023036477
2008-07-21,356.029172,304.0333379,292.9708377,0.003891667,98527.08333,0.0,1.520833356,0.258333337,0.200790486,5.0911302397062,0.2891947138577901
2008-07-22,357.0583387,297.3000044,293.416671,0.003508333,98444.58333,0.0,1.850000028,-2.004166697,0.200865256,5.412569534763723,0.2533303973687739
2008-07-23,351.9000052,322.6291715,296.8833378,0.003545833,98426.25,0.0,1.933333362,-3.287500049,0.200954653,6.075161596311122,0.2067862446966908
2008-07-24,355.254172,314.458338,297.6416711,0.003020833,98296.25,0.0,1.80833336,-2.479166704,0.20103006,5.669175506518254,0.1680375718841762
2008-07-25,351.1375052,323.4833382,298.1791711,0.003508333,98345.0,0.0,2.166666699,-3.016666712,0.201108848,5.882327334494709,0.1890278741199663
2008-07-26,349.4791719,322.8333381,298.5125044,0.0031375,98374.16667,0.0,2.870833376,-2.750000041,0.201201869,5.786225906099646,0.1657452408648103
2008-07-27,349.9500052,316.7916714,297.0541711,0.003975,98415.0,0.0,2.083333364,0.045833334,0.201280976,5.368441889644102,0.2293963683846748
2008-07-28,346.8583385,314.6541714,294.8166711,0.004620833,98561.25,0.0,1.679166692,-0.075000001,0.201344716,5.153927429071763,0.3062551632213366
2008-07-29,338.2333384,326.2458382,294.5958377,0.003820833,98600.41667,0.0,2.250000034,-0.954166681,0.201437121,5.544009685395345,0.2568142764640662
2008-07-30,341.2708384,324.4166715,295.1541711,0.004375,98577.08333,0.0,2.120833365,-1.087500016,0.201516138,5.505785492324237,0.2840368878420529
2008-07-31,341.7250051,324.5541715,295.8541711,0.004566667,98315.0,0.0,1.658333358,-0.341666672,0.201594519,5.266848730273461,0.283252157530373
2008-08-01,331.1291716,319.4791714,295.4458377,0.0033375,98306.66667,0.0,2.512500037,-1.475000022,0.201672993,5.478571493777392,0.2122437518766414
2008-08-02,330.8708383,330.8041716,297.1250044,0.004166667,98292.08333,0.0,3.200000048,-2.558333371,0.20175143,5.922225312759672,0.2391275051570994
2008-08-03,332.925005,319.1000048,296.6250044,0.004304167,98205.83333,0.0,1.754166693,-0.487500007,0.201829814,5.030829360449983,0.2544142955652991
2008-08-04,335.2833383,307.0250046,295.0791711,0.003758333,98299.16667,0.0,1.300000019,0.079166668,0.201922843,4.680446383054124,0.2444397452441475
2008-08-05,318.1833381,314.6875047,295.3708377,0.0035625,98492.5,0.0,0.937500014,0.245833337,0.201987271,4.377896828347983,0.2280290510502144
2008-08-06,304.7750045,355.4875053,297.1041711,0.0036875,98475.41667,0.0,1.10833335,-0.604166676,0.202079701,5.046362078193999,0.2122905910646577
2008-08-07,320.1833381,344.2000051,297.6375044,0.003691667,98385.83333,0.0,1.854166694,0.24166667,0.20215874,5.264864300858835,0.2055924281291664
2008-08-08,326.5083382,324.1458382,296.2541711,0.005295833,98289.58333,0.0,2.079166698,0.720833344,0.202237156,5.118775525007551,0.3204605080519178
2008-08-09,325.6250049,309.8250046,294.3458377,0.004716667,98555.0,0.0,2.279166701,-0.70000001,0.20231554,4.910731275247999,0.3218225914870561
2008-08-10,321.7666715,318.5083381,294.8125044,0.004658333,98693.75,0.0,1.812500027,-2.466666703,0.202393946,5.2326226554545565,0.3092351349791687
2008-08-11,319.5458381,324.1916715,297.1083378,0.003,98452.91667,0.0,1.620833357,-3.641666721,0.202472348,5.558522529113231,0.172627899169465
2008-08-12,320.6291714,325.4333382,298.5750044,0.002858333,98210.83333,0.0,1.833333361,-1.879166695,0.202565395,4.957911806848218,0.15018285719807
2008-08-13,316.333338,339.2541717,299.9250045,0.003716667,98055.83333,0.0,1.962500029,-3.633333387,0.202629805,5.203237566408212,0.1798857692787217
2008-08-14,310.0041713,348.3750052,300.9000045,0.003895833,98080.41667,0.0,1.716666692,-1.954166696,0.20270762,4.622079979539095,0.1780380627963159
2008-08-15,312.395838,343.3833385,300.7791711,0.002870833,98170.41667,0.0,2.479166704,-1.241666685,0.202800579,4.265835366933262,0.1322549459561001
2008-08-16,202.4333363,361.2333387,298.9583378,0.004,98067.5,0.0,2.416666703,-0.237500004,0.202830251,3.607785110450881,0.2050994141672791
2008-08-17,292.6500044,347.9500052,295.8166711,0.0053625,98087.91667,0.0,1.804166694,1.166666684,0.202871784,4.990040741257995,0.332609271502861
2008-08-18,307.5541712,335.600005,294.9708377,0.006641666,98322.5,0.0,2.2041667,1.837500027,0.202899319,5.053559662347709,0.4349669892949293
2008-08-19,302.7791712,325.9166715,294.1333377,0.0058375,98505.41667,0.0,3.016666712,-0.258333337,0.202926232,4.877818101518121,0.4033779787016941
2008-08-20,292.9500044,344.1166718,294.4416711,0.005891667,98465.0,0.0,2.791666708,-0.975000015,0.202967747,5.049557735363027,0.3992501328940271
2008-08-21,296.2125044,358.7708387,296.3750044,0.007404166,98252.91667,0.0,2.791666708,-1.837500027,0.202995283,5.399947006505765,0.4445823860056554
2008-08-22,299.6166711,335.562505,297.1750044,0.005470833,98130.83333,0.0,1.737500026,-2.079166698,0.203036778,5.015330501948341,0.3125105216569926
2008-08-23,298.4416711,338.4541717,296.8625044,0.004975,98212.91667,0.0,1.887500028,-1.116666683,0.203064301,4.906965706028612,0.2898703789878836
2008-08-24,302.6375045,325.1333382,297.0375044,0.004016667,98254.16667,0.0,2.375000035,-1.616666691,0.203091193,4.97990220314114,0.2316562914491279
2008-08-25,296.7333378,321.4250048,297.3083378,0.003904167,98121.66667,0.0,3.33750005,-2.108333365,0.203132744,5.13790922045727,0.2212028945437837
2008-08-26,293.8333377,323.4083382,296.5000044,0.0044125,98095.0,0.0,2.316666701,-4.283333397,0.20316026,5.404546037354791,0.2625142472827956
2008-08-27,295.4416711,316.1416714,298.4083378,0.002341667,98180.0,0.0,1.354166687,-4.508333401,0.203201797,4.864448602253776,0.1242337794630408
2008-08-28,294.9333377,336.362505,300.9750045,0.002741667,98141.25,0.0,0.887500013,-4.966666741,0.203229337,3.824634804961361,0.1248182435318938
2008-08-29,291.6333377,338.475005,300.8708378,0.002908333,97905.0,0.0,1.59166669,-3.245833382,0.203256207,3.816083263817784,0.1329001857467739
2008-08-30,295.4083377,313.5166713,298.1416711,0.002945833,97611.25,0.0,2.545833371,-1.150000017,0.203283099,4.261888541878253,0.1578921358755506
2008-08-31,297.7083378,292.691671,295.3250044,0.00305,97786.25,0.0,3.60416672,-5.183333411,0.20332466,5.048941481717202,0.1943718968730029
2008-09-01,295.0916711,282.5125042,293.8625044,0.002291667,98496.25,0.0,0.991666681,-6.979166771,0.203366796,4.915663799496491,0.161028793270762
2008-09-02,289.016671,299.4083378,296.2333377,0.001758333,98567.5,0.0,0.587500009,-4.775000071,0.203394298,4.3378413044369255,0.1068365850484519
2008-09-03,286.6958376,309.0083379,297.1750044,0.001808333,98422.08333,0.0,0.908333347,-3.175000047,0.203435821,3.828543840441835,0.1036040327251887
2008-09-04,284.9500042,312.5416713,298.1333378,0.001983333,98294.58333,0.0,0.900000013,-2.720833374,0.203448763,3.48492537155042,0.1071014831513561
2008-09-05,283.1500042,312.5166713,298.6166711,0.001883333,98090.83333,0.0,1.262500019,-3.445833385,0.203489649,3.4015415996099283,0.0985867839346779
2008-09-06,283.6750042,312.270838,298.8416711,0.001979167,98113.33333,0.0,1.666666692,-3.408333384,0.203531801,3.3777940201574066,0.102239965234369
2008-09-07,279.3791708,308.9875046,298.5583378,0.002004167,98001.25,0.0,2.020833363,-2.120833365,0.203559295,3.1990174153429165,0.1051835327891935
2008-09-08,278.9083375,297.1875044,295.4291711,0.002733333,97934.16667,0.0,1.195833351,0.454166673,0.203600812,2.7969773953805626,0.1733413268266249
2008-09-09,275.3208374,300.9583378,294.0708377,0.004158333,97892.5,0.0,1.558333357,1.858333361,0.203613745,3.191665438320918,0.2866677003975541
2008-09-10,273.0416707,303.8750045,292.8750044,0.004358333,98010.0,0.0,1.162500017,-0.525000008,0.203654631,2.8254878174230806,0.3241135873119818
2008-09-11,275.7375041,292.4500044,294.5166711,0.003095833,98292.08333,0.0,1.087500016,-1.529166689,0.203696779,2.938109956196591,0.2084515363491354
2008-09-12,270.3583374,291.3000043,294.004171,0.002408333,98265.41667,0.0,1.637500024,-0.733333344,0.20372432,2.866508050850535,0.1673498951480793
2008-09-13,266.5916706,292.491671,292.3708377,0.002858333,98330.83333,0.0,1.129166683,-0.42083334,0.203765816,2.6128005735680566,0.220119419551668
2008-09-14,268.2916707,282.3958375,292.6583377,0.0023375,98615.41667,0.0,0.43333334,0.120833335,0.203793352,2.191160785595919,0.1772984942650745
2008-09-15,264.1541706,300.3541711,294.4583377,0.002804167,98720.0,0.0,0.654166676,0.025,0.203820253,2.52997572891118,0.1903206544554184
2008-09-16,253.7041704,303.8625045,294.6125044,0.002645833,98521.25,0.0,1.170833351,0.512500008,0.203462086,2.829420084276064,0.1775117650513894
2008-09-17,257.3583372,305.4750046,293.079171,0.004241667,98633.33333,0.0,1.270833352,1.56666669,0.203087205,3.226700023446173,0.3134109768939839
2008-09-18,249.8250037,284.3208376,288.941671,0.003541667,98690.41667,0.0,1.462500022,0.533333341,0.202697587,2.693309680479097,0.3406574852812357
2008-09-19,233.3708368,295.3791711,289.329171,0.003975,98658.75,0.0,1.36250002,0.954166681,0.2023074,2.7096288025291257,0.372774094525474
2008-09-20,245.0250037,310.8625046,289.5208376,0.005458333,98764.16667,0.0,2.183333366,-0.512500008,0.201946523,3.15621613455826,0.5061415858368324
2008-09-21,234.2708368,309.7166713,290.2500043,0.005020833,98678.75,0.0,2.48333337,-1.645833358,0.201557604,3.3220602824728345,0.4439084358921917
2008-09-22,245.4250037,301.5166712,292.5208377,0.004433333,98728.75,0.0,2.083333364,-4.4708334,0.201182073,4.1119137216996124,0.3395732029029619
2008-09-23,244.3250036,283.3083376,291.5833377,0.002070833,98752.91667,0.0,1.033333349,-3.15833338,0.200792581,3.685184897097743,0.1683201668491466
2008-09-24,237.2208369,290.9750043,292.9958377,0.002333333,98541.25,0.0,1.275000019,-0.887500013,0.200417116,2.942198148082952,0.1731466029324807
2008-09-25,225.22917,305.4458379,292.866671,0.002933333,98495.83333,0.0,1.562500023,-0.787500012,0.200042188,3.07628909249725,0.2193372981530944
2008-09-26,232.2875035,319.6500048,294.7083377,0.004008333,98560.83333,0.0,0.595833342,-1.195833351,0.199652675,3.147380390745523,0.2674426346899022
2008-09-27,231.0000034,324.9458382,295.4125044,0.004675,98585.83333,0.0,0.770833345,-1.595833357,0.199271479,3.3664972480159023,0.2987556979304506
2008-09-28,229.9208368,329.7083382,297.3125044,0.003916667,98550.0,0.0,0.308333338,-2.141666699,0.198893574,3.5559439875721246,0.2228236115458938
2008-09-29,228.1208367,327.8041716,297.4083378,0.004195833,98527.08333,0.0,1.295833353,0.612500009,0.198501245,3.126669238181367,0.2372698399145728
2008-09-30,219.9333366,331.3500049,295.5375044,0.004895833,98754.58333,0.0,1.066666683,0.208333336,0.198137563,2.965934937053272,0.3110067776159305
2008-10-01,208.6875031,329.0375049,294.6083377,0.005291667,98700.83333,0.0,1.845833361,0.816666679,0.197745954,3.1342443681708856,0.3557623707026404
2008-10-02,204.9875031,355.4500053,294.154171,0.006295833,98549.16667,0.0,1.75833336,2.600000039,0.197367657,3.775244578295078,0.4346802273059253
2008-10-03,121.4875018,335.4958383,291.1250043,0.007579166,98333.33333,6.500000097,1.666666692,1.195833351,0.196989885,14.58809121747308,0.6315210676938161
2008-10-04,171.5166692,355.6375053,290.1958377,0.009758333,98120.83333,11.90000018,1.087500016,2.937500044,0.196612081,65.77569383029461,0.860867274457733
2008-10-05,113.7916684,352.5916719,289.9208377,0.0077375,98696.25,0.0,0.579166675,0.633333343,0.196233914,23.535504470198315,0.6988004545038293
2008-10-06,209.0625031,311.395838,290.6500043,0.007445833,99009.58333,0.0,1.187500018,-2.600000039,0.195851397,36.23663139241001,0.6438548172229809
2008-10-07,210.8625031,298.5125044,292.2375044,0.004829167,99232.08333,0.0,1.558333357,-3.379166717,0.195468111,32.960112815851,0.3784647490546551
2008-10-08,209.3291698,297.6708378,292.5750044,0.0041375,98920.83333,0.0,1.545833356,-4.920833407,0.19508494,22.35600059285896,0.3164514712050015
2008-10-09,215.1833365,266.3958373,290.4708377,0.002895833,98669.58333,0.0,2.816666709,-6.866666769,0.194701662,13.742886191747326,0.2524179471237701
2008-10-10,210.1083365,253.6166704,287.7750043,0.002504167,98863.75,0.0,2.737500041,-8.49583346,0.194338011,8.755398002166116,0.2602806847638633
2008-10-11,208.2250031,255.8583371,286.7500043,0.002720833,98780.41667,0.0,1.462500022,-6.754166767,0.193949316,6.295259799808077,0.3021890675572855
2008-10-12,205.5333364,252.8791704,287.0125043,0.0020125,99310.41667,0.0,0.791666678,-5.916666755,0.193559494,5.681493516359666,0.2208741887011358
2008-10-13,201.212503,268.7333373,288.3875043,0.001983333,99750.83333,0.0,0.266666671,-5.629166751,0.193184292,5.53852062507689,0.1998664073703948
2008-10-14,196.7291696,281.4833375,288.941671,0.0023125,99508.75,0.0,0.454166673,-2.970833378,0.192795106,4.5921520303540895,0.224273644713733
2008-10-15,192.4541695,288.629171,289.929171,0.003079167,99052.5,0.0,1.054166682,-3.029166712,0.192426815,4.243277552774474,0.278944890894503
2008-10-16,190.3291695,294.3208377,291.4833377,0.0029125,99084.16667,0.0,0.875000013,-3.475000052,0.191425102,4.21035175598243,0.2390352217499424
2008-10-17,189.0958362,295.3166711,292.6125044,0.003075,99033.33333,0.0,-0.620833343,-0.44583334,0.190395808,2.8331138100761963,0.2349010455032519
2008-10-18,151.2791689,299.5333378,291.2083377,0.00295,98825.83333,0.0,1.250000019,-0.325000005,0.189362954,2.127091129080638,0.2457306941024765
2008-10-19,178.6500027,295.5208377,290.354171,0.003858333,98969.58333,0.0,1.216666685,-1.204166685,0.18832975,2.3493278565870765,0.3398617787240405
2008-10-20,179.420836,288.854171,289.2125043,0.003854167,99060.0,0.0,1.970833363,-2.041666697,0.18731116,2.2342698975053987,0.3656526078992231
2008-10-21,181.570836,281.6833375,289.7500043,0.003495833,99475.0,0.0,1.237500018,-4.95416674,0.186278579,2.461164336066224,0.3217204936807674
2008-10-22,183.6000027,275.8583374,290.5583377,0.0021375,99325.0,0.0,-0.42083334,-4.683333403,0.185245366,2.462049183733554,0.1865099421044775
2008-10-23,181.0125027,279.4416708,291.8583377,0.002229167,99133.33333,0.0,-0.587500009,-1.283333352,0.184212149,1.483593893674882,0.1787518553478164
2008-10-24,177.3625026,279.5833375,291.9500044,0.002216667,98955.0,0.0,0.041666667,-2.00000003,0.183193559,1.5899740805782223,0.1764056257398735
2008-10-25,176.1125026,281.2583375,291.8708377,0.002520833,99017.08333,0.0,-0.441666673,-1.237500018,0.182160982,1.3042707517057937,0.2017434866919316
2008-10-26,172.0333359,285.3291709,292.0875044,0.0026375,99079.16667,0.0,-0.275000004,-0.912500014,0.181127766,1.1309175186019575,0.2083442022782504
2008-10-27,167.4791692,285.3125043,292.5500044,0.003016667,99246.66667,0.0,0.195833336,-0.175000003,0.180109175,0.703507323663905,0.2318498167539288
2008-10-28,168.0958358,301.1625045,291.729171,0.0036375,99365.83333,0.0,1.175000018,-1.054166682,0.179076476,1.3902605209648615,0.294763610840836
2008-10-29,161.5250024,290.1833377,290.3208377,0.003570833,99102.08333,0.0,0.562500008,-0.550000008,0.178049166,0.9612584807897852,0.3156303335874328
2008-10-30,73.63333443,331.6625049,288.3958376,0.003933333,98647.08333,1.900000028,-1.066666683,2.350000035,0.177007446,2.510772750615564,0.3917758122184276
2008-10-31,78.83333451,365.1708388,287.1833376,0.008445833,99106.66667,12.10000018,-4.145833395,6.7375001,0.175992418,36.41292402181332,0.9147291338288024
2008-11-01,53.70416747,373.2625056,289.154171,0.009654166,98980.83333,14.40000021,-3.137500047,7.945833452,0.174969729,38.30234966157588,0.918629196262921
2008-11-02,96.62083477,347.4166718,286.8958376,0.008445833,98764.58333,5.000000075,-0.533333341,5.116666743,0.173932026,36.87858032756833,0.9289358339446712
2008-11-03,46.21250069,335.8166717,285.3000043,0.007508333,98807.08333,4.400000066,-0.525000008,3.641666721,0.172908313,14.521567337111083,0.9181341076479016
2008-11-04,145.6791688,292.8375044,284.1916709,0.006608333,98668.33333,1.500000022,3.045833379,1.241666685,0.171870614,30.374102071520166,0.8690087320679125
2008-11-05,66.65833433,308.8208379,284.0750042,0.0049125,99520.41667,0.0,1.070833349,-1.179166684,0.170846898,12.741166923234967,0.6567095667138362
2008-11-06,137.0041687,333.3958383,284.6041709,0.004875,99872.08333,0.0,0.062500001,-1.141666684,0.169809198,29.50165937256562,0.6311938304108691
2008-11-07,143.6500021,283.8250042,285.7125043,0.0053875,99671.25,0.0,1.045833349,-3.733333389,0.168785486,21.56362324217672,0.6465889110066512
2008-11-08,92.15833471,305.2208379,286.1750043,0.00565,99085.83333,0.0,1.425000021,-0.870833346,0.167762406,8.13715466658998,0.6537800739860014
2008-11-09,139.2916687,289.9833377,284.9458376,0.006004167,98311.66667,1.400000021,3.600000054,-2.945833377,0.166724706,14.889754597422185,0.7479698560738772
2008-11-10,129.1083353,280.7250042,284.5541709,0.005170833,98835.83333,0.0,1.708333359,-3.141666713,0.165700994,9.65919681044627,0.6647718647928544
2008-11-11,68.61666769,313.3000047,284.4541709,0.0057875,99391.66667,0.0,1.233333352,-1.020833349,0.164663291,3.675746753042112,0.7532649850197608
2008-11-12,129.5750019,329.1166716,285.9458376,0.0068875,99739.16667,0.0,1.083333349,-1.908333362,0.163639579,7.217593806484745,0.8144841280050084
2008-11-13,131.887502,298.3750044,287.7208376,0.006820833,99592.91667,0.0,1.891666695,-4.225000063,0.162616502,4.77970280087314,0.7167087060904762
2008-11-14,134.1208353,292.491671,289.329171,0.0052375,99482.91667,0.0,1.058333349,-6.975000104,0.161578799,6.469583729343119,0.4952739977919508
2008-11-15,134.975002,280.6000042,290.4875043,0.003695833,99461.25,0.0,-0.91666668,-4.662500069,0.160555087,5.967439118495257,0.3243899772549799
2008-11-16,132.162502,274.2166708,288.0708376,0.004341667,99309.16667,0.0,-0.979166681,-0.841666679,0.160075414,2.468978786969488,0.4446459634804238
2008-11-17,128.4458352,279.9833375,288.066671,0.005258333,99376.66667,0.0,-1.645833358,0.729166678,0.159633991,2.179769167962607,0.5390372878635755
2008-11-18,127.8625019,278.1416708,288.0083376,0.005283333,99419.58333,0.0,-0.600000009,0.529166675,0.159163957,1.4576479542994851,0.5438958456032289
2008-11-19,124.0541685,274.6958374,286.9375043,0.005325,99259.16667,0.0,0.791666678,-0.504166674,0.158707272,1.1895575432564685,0.5870071616847742
2008-11-20,125.8958352,278.6208375,284.9708376,0.005783333,99291.25,0.0,1.520833356,-0.333333338,0.158251225,1.217630834508651,0.7264250913501671
2008-11-21,126.3000019,268.3208373,284.2458376,0.0043125,99469.58333,0.0,1.762500026,-5.270833412,0.157809802,1.628352630736026,0.5696320576235696
2008-11-22,122.6291685,263.5375039,283.1750042,0.003566667,99175.0,0.0,1.59166669,-3.487500052,0.157354391,1.382074631570842,0.5048851352656462
2008-11-23,125.3958352,255.7083371,283.5291709,0.003595833,99099.16667,0.0,0.137500002,-2.695833374,0.156898345,1.1238996348052286,0.4965895336594209
2008-11-24,119.2333351,265.7541706,284.1875042,0.004175,99038.33333,0.0,-0.68750001,0.750000011,0.156456922,0.7477844965548094,0.5512336924718283
2008-11-25,78.64583451,314.670838,284.0875042,0.004433333,98974.16667,0.0,-0.758333345,1.77083336,0.156001508,0.984363668097558,0.5889059139244316
2008-11-26,72.24583441,320.8791714,284.5708376,0.005841667,98608.33333,0.400000006,0.345833338,-1.287500019,0.155530838,0.9005244981250204,0.7484511862765368
2008-11-27,115.6000017,306.5333379,283.0125042,0.006329167,98907.91667,0.100000001,0.487500007,-0.725000011,0.155074156,1.391861907657273,0.903414601614314
2008-11-28,117.1583351,264.3333373,283.3916709,0.005354167,99562.91667,0.0,1.045833349,-2.754166708,0.154632733,0.715090035034052,0.7498105944434078
2008-11-29,117.0250017,271.1333374,283.9458376,0.003366667,99508.75,0.0,0.404166673,-5.79583342,0.154177322,1.716755141057862,0.4539339606697591
2008-11-30,117.5291684,267.7708373,285.0875042,0.003979167,99400.83333,0.0,-0.450000007,-2.529166704,0.153721276,1.18192186324835,0.4964828484074332
2008-12-01,113.6625017,268.900004,284.2041709,0.0050125,99385.41667,0.0,-1.058333349,0.966666681,0.153265226,0.6838514549167477,0.6633869684127865
2008-12-02,116.4708351,264.8958373,283.0583376,0.0050375,99362.08333,0.0,1.070833349,-1.850000028,0.152823803,0.6962587568575569,0.7201051588077741
2008-12-03,112.520835,246.1166703,281.2125042,0.003241667,99411.25,0.0,0.900000013,-4.333333398,0.152368392,0.9205783714021412,0.5259030585038573
2008-12-04,117.8333351,235.4625035,279.1708375,0.002495833,99112.91667,0.0,0.408333339,-3.487500052,0.151897723,0.7438364846356982,0.4651248454752218
2008-12-05,115.0000017,232.6541701,279.6583375,0.002025,99376.66667,0.0,-1.316666686,-2.987500045,0.151455664,0.7924515652043628,0.3657203442427287
2008-12-06,114.345835,235.0958368,278.6208375,0.002116667,99698.33333,0.0,-0.958333348,-1.35000002,0.15100025,0.5077609293731982,0.4123968624715382
2008-12-07,111.0166683,243.1500036,279.7125042,0.002466667,99330.83333,0.0,0.854166679,-2.737500041,0.150544203,0.6614999773099144,0.4436038023466077
2008-12-08,110.3125016,256.4083372,281.1541709,0.0032,99010.41667,0.0,1.216666685,-3.695833388,0.150088157,0.7899299346179914,0.5191299804891958
2008-12-09,112.1750017,242.0916703,281.1416709,0.002320833,99414.58333,0.0,0.483333341,-5.13333341,0.149646733,0.9721120631715486,0.3783667320089455
2008-12-10,109.370835,255.5208371,280.9541709,0.002995833,100059.1667,0.0,-0.25416667,-1.087500016,0.149191323,0.4562398704652157,0.4979706164564484
2008-12-11,108.0500016,258.2875038,280.4416708,0.0027375,99531.25,0.0,0.0,-1.720833359,0.148735277,0.5665465753099943,0.468944783781026
2008-12-12,101.0083348,257.0583372,279.8625042,0.002879167,98675.0,0.0,0.962500014,-2.800000042,0.148279227,0.556947190426052,0.5090256574319475
2008-12-13,71.6083344,266.537504,279.2375042,0.003325,98127.91667,0.0,4.233333396,-2.291666701,0.14782318,0.3902476117836401,0.6106364375980688
2008-12-14,39.45000059,286.9708376,276.1375041,0.003125,98434.58333,2.300000034,2.01250003,2.2291667,0.147376035,0.6133867841557189,0.7170784334350895
2008-12-15,69.68750104,280.9166709,275.9333374,0.003991667,98041.25,4.900000073,1.170833351,3.383333384,0.146934612,3.59467393887272,0.925763623565677
2008-12-16,65.97916765,298.5250044,276.5416708,0.003604167,98567.08333,2.400000036,-0.100000001,1.279166686,0.151470389,7.677933562910821,0.8045104079288533
2008-12-17,111.0875017,218.1250033,274.5166708,0.002554167,99006.25,0.0,-0.120833335,-3.779166723,0.166007403,5.852165712254917,0.6627305119067572
2008-12-18,78.54166784,230.6000034,273.8625041,0.002258333,98810.41667,0.70000001,1.216666685,-0.258333337,0.163487634,1.889393868966904,0.6133926014003389
2008-12-19,98.85833481,291.591671,277.5791708,0.004291667,99551.25,4.00000006,1.158333351,3.129166713,0.152958272,13.202351875694562,0.8986350592033114
2008-12-20,78.23750117,266.9541706,277.0083375,0.003895833,99983.75,0.0,0.787500012,-1.900000028,0.148452953,4.573044824792999,0.8532156248640788
2008-12-21,28.63333376,323.7083382,277.0583375,0.003779167,99439.16667,5.100000076,-0.600000009,1.650000025,0.147044529,11.231204659130194,0.820230730575651
2008-12-22,63.60000095,291.416671,277.8291708,0.004675,98317.5,0.600000009,2.783333375,1.562500023,0.145757543,6.861844041478042,0.9498024472688624
2008-12-23,67.85833434,287.1041709,276.2375041,0.003991667,98518.75,0.500000007,1.166666684,1.12083335,0.145021145,7.112403323705852,0.9101795196460876
2008-12-24,34.20416718,319.3541714,277.3583375,0.004658333,98467.5,10.30000015,-3.691666722,4.750000071,0.144525073,11.930370496001428,0.9800314671106816
2008-12-25,83.92916792,311.1750046,279.8708375,0.0049625,97769.58333,10.10000015,3.162500047,2.466666703,0.144014378,29.923256274920657,0.8687967525304526
2008-12-26,107.6458349,233.3791701,276.7916708,0.003058333,99017.5,0.400000006,2.48333337,-2.67500004,0.143600958,17.306628474847116,0.6736511207431418
2008-12-27,40.2000006,291.404171,276.4250041,0.00315,99991.25,0.200000003,-0.308333338,1.125000017,0.143263831,5.73170600330839,0.7192712087324754
2008-12-28,47.60416738,329.0583382,277.7791708,0.004379167,100102.0833,0.500000007,-1.179166684,3.000000045,0.142949593,11.533118049110762,0.909059152252368
2008-12-29,85.32500127,323.9000048,279.1250042,0.004883333,99750.0,0.0,0.21666667,2.091666698,0.142625183,12.554001257694898,0.9188529716052376
2008-12-30,111.3375017,245.1625037,278.5125042,0.004095833,99590.83333,0.0,0.87916668,-3.59166672,0.142303951,5.917260507197135,0.80323937829979
2008-12-31,110.6041683,243.7916703,278.3291708,0.003445833,99493.33333,0.0,0.945833347,-2.941666711,0.142008786,5.8120630433751845,0.6838759225129318
2009-01-01,56.26250084,270.775004,277.9791708,0.003679167,99396.25,0.0,0.862500013,-3.004166711,0.141699634,2.4701766377191694,0.7477116333240491
2009-01-02,70.36250105,306.4041712,278.0916708,0.0043375,98725.0,1.400000021,1.866666694,1.616666691,0.141389846,5.447064918877716,0.8686211039601867
2009-01-03,107.1291683,234.8833368,275.9250041,0.0035125,98890.83333,0.0,1.637500024,-4.900000073,0.141080055,2.5680080920732573,0.8221848842635036
2009-01-04,103.5291682,219.1958366,275.4416708,0.002216667,99240.0,0.0,0.083333335,-3.016666712,0.14078489,2.934803993607672,0.5391433196719368
2009-01-05,37.18750055,303.7625045,275.9291708,0.002833333,99543.75,0.900000013,-1.345833353,1.683333358,0.140475738,3.405942738455638,0.6673884048572436
2009-01-06,99.79583482,279.7458375,277.3833375,0.003708333,99691.25,0.0,1.341666687,-2.375000035,0.140165951,3.241824248154546,0.788462843135342
2009-01-07,105.3041682,257.0958372,278.3625041,0.003995833,99755.41667,0.0,1.154166684,-3.062500046,0.139856163,1.9329008361724085,0.7932554563166888
2009-01-08,83.50416791,270.2791707,279.3500042,0.004125,99457.08333,0.0,1.041666682,-1.700000025,0.139546375,1.4691621361495,0.7618036394467042
2009-01-09,110.6750016,237.8083369,279.8666708,0.003195833,99777.5,0.0,0.825000012,-6.350000095,0.139236588,2.422675785801164,0.5711582944871443
2009-01-10,111.333335,231.1458368,279.4333375,0.002170833,100378.3333,0.0,-0.533333341,-4.995833408,0.1389268,2.4578895829445138,0.4022741227691327
2009-01-11,110.7125016,243.8666703,281.3416709,0.002358333,100582.9167,0.0,-0.095833335,-4.537500068,0.138617012,2.5123079142069367,0.3836838404469765
2009-01-12,110.9166683,276.5791708,286.8625043,0.003908333,100143.3333,0.0,-0.475000007,-6.675000099,0.138321848,3.5665672210189663,0.4368244503019641
2009-01-13,114.3416684,261.8583372,286.3333376,0.003883333,100002.9167,0.0,-1.000000015,-4.4958334,0.138012696,2.5139507848682285,0.4487943324256396
2009-01-14,115.0500017,250.6791704,283.0458376,0.003104167,99758.75,0.0,-0.679166677,-2.479166704,0.137702908,1.5349062754765423,0.4458863702427506
2009-01-15,118.3958351,240.4666702,282.3416709,0.002445833,99521.66667,0.0,-0.608333342,-4.054166727,0.13739312,1.8372093906343927,0.3676722074413598
2009-01-16,117.6958351,245.4250037,284.3166709,0.002595833,99688.75,0.0,-1.195833351,-3.620833387,0.137856081,1.9145376510874483,0.3420058822740163
2009-01-17,118.8041684,243.7791703,283.4541709,0.003104167,99776.25,0.0,-0.770833345,-1.245833352,0.138338021,0.8810316777244136,0.4338105481216159
2009-01-18,119.2333351,247.8250037,282.7041709,0.003295833,99793.33333,0.0,-1.462500022,-0.337500005,0.138819321,0.872968878323851,0.4846927903496328
2009-01-19,120.3083351,248.7000037,282.4833375,0.0029875,99792.91667,0.0,-1.683333358,-1.004166682,0.139300625,1.0217306376470945,0.4459972233205518
2009-01-20,119.9708351,244.8375036,281.8750042,0.002725,99470.83333,0.0,-1.066666683,-1.341666687,0.139796551,0.8840921040431874,0.4226894044382303
2009-01-21,64.25833429,295.5791711,281.6041709,0.0028875,99031.25,0.0,-0.562500008,-1.12083335,0.140278487,0.6809835566141635,0.4542671370047775
2009-01-22,39.68333392,348.0458385,282.0125042,0.006566667,98882.91667,4.70000007,-1.012500015,1.491666689,0.140759791,3.4763015503256933,1.0030930322901284
2009-01-23,41.93333396,351.3125052,283.6500042,0.007295833,99040.0,0.200000003,-0.645833343,-0.183333336,0.141255714,3.720082059294937,0.9987855375705704
2009-01-24,79.39166785,343.5958385,284.1083376,0.007333333,99120.0,0.0,0.612500009,1.437500021,0.141737654,4.084559254653151,0.9742004933458384
2009-01-25,66.937501,311.5750046,281.9458375,0.005991667,99035.0,0.100000001,2.366666702,-0.791666678,0.142233581,1.532078244654369,0.920854355980901
2009-01-26,128.5625019,251.2916704,279.5625042,0.0041875,98969.16667,0.300000004,1.904166695,-4.112500061,0.142715517,2.145183956663105,0.7582212960806356
2009-01-27,129.0166686,232.2625035,278.9916708,0.002595833,100033.3333,0.0,0.250000004,-4.054166727,0.143211443,2.4784922991873897,0.4944173454713541
2009-01-28,129.8916686,253.2666704,279.8166708,0.002825,100440.0,0.0,1.10833335,-3.204166714,0.143693379,2.3987587694930657,0.5100067600502055
2009-01-29,134.0083353,245.0291703,282.4833375,0.003141667,100040.0,0.0,-0.108333335,-5.600000083,0.144174683,2.597875440661914,0.47017372789829
2009-01-30,134.987502,246.5250037,281.7750042,0.003179167,99888.33333,0.0,-0.141666669,-3.037500045,0.144670606,1.874589049804942,0.4986093053086609
2009-01-31,135.650002,251.3541704,282.2708375,0.003720833,99492.91667,0.0,0.137500002,-2.983333378,0.145152545,1.6125420538197328,0.5618837095542134
2009-02-01,149.4083356,240.5958369,282.2250042,0.002995833,99392.5,0.0,0.691666677,-4.841666739,0.145633849,1.981773096423527,0.4533601246405053
2009-02-02,148.6333355,250.8208371,282.3541709,0.003154167,99651.66667,0.0,-1.004166682,-1.241666685,0.146129772,1.5625616065115189,0.4743681796475678
2009-02-03,148.9125022,254.3583371,282.6708375,0.0035875,99446.66667,0.0,-2.366666702,1.379166687,0.146611712,1.466015428299407,0.5269459631222579
2009-02-04,141.8833354,263.2708373,283.5583376,0.00405,98890.41667,0.0,-2.208333366,1.57916669,0.147093012,1.3155201998471753,0.5570345792359501
2009-02-05,90.27500135,298.2708378,282.0333375,0.005116667,98514.58333,1.000000015,-1.383333354,4.054166727,0.147588939,1.0785498792063315,0.7775784599919279
2009-02-06,90.75416802,334.8041717,282.7625042,0.006316667,98307.91667,5.200000077,-1.400000021,3.675000055,0.148070878,9.790390474298388,0.9114959948191108
2009-02-07,151.7041689,266.812504,280.5458375,0.0048375,98444.16667,0.100000001,-0.212500003,-4.370833398,0.148552178,7.043764878623494,0.8137444761324752
2009-02-08,101.7750015,268.3208373,281.0541709,0.0045125,98411.66667,0.0,1.329166686,-1.437500021,0.149033482,3.3672955786835583,0.7326555011043195
2009-02-09,156.8000023,283.2083376,279.9333375,0.004641667,98244.58333,1.300000019,3.379166717,0.087500001,0.149529405,8.261251306798409,0.8130340062464106
2009-02-10,126.1750019,248.933337,277.2666708,0.002975,99057.91667,0.0,2.158333365,-0.725000011,0.150011345,4.146286931671681,0.6337551903675444
2009-02-11,89.47500133,298.5708378,278.3583375,0.004491667,99142.91667,4.70000007,0.604166676,4.645833403,0.150492648,11.513412255037434,0.8864739111912776
2009-02-12,110.6791683,303.4916712,278.1416708,0.0046,99168.33333,1.300000019,1.479166689,0.716666677,0.150988572,13.04966753630888,0.9220657654445342
2009-02-13,120.7666685,302.2291712,278.1291708,0.004316667,98722.5,10.30000015,1.637500024,4.400000066,0.151470511,40.78667500970643,0.8621421094082252
2009-02-14,78.3083345,303.7833379,277.9833375,0.0040125,98669.16667,4.800000072,0.050000001,5.620833417,0.151951811,37.08656470118736,0.8092510530236294
2009-02-15,63.65833428,317.9125047,277.8250041,0.004733333,98261.25,20.4000003,-4.762500071,8.845833465,0.15420377,24.46684830093052,0.9613869418632738
2009-02-16,88.45000132,322.3333381,279.2083375,0.005433333,97497.5,31.60000047,-2.683333373,5.266666745,0.154280691,25.52767648445075,0.9934458734494584
2009-02-17,84.9708346,316.3166714,279.1041708,0.004879167,98070.41667,26.6000004,-1.925000029,5.466666748,0.153951072,32.91472821154811,0.9039280242525076
2009-02-18,120.0000018,314.5166714,279.7333375,0.004816667,99381.66667,2.00000003,-2.125000032,3.166666714,0.154168226,30.06731814489416,0.8654128979626131
2009-02-19,169.4625025,272.2083374,280.3833375,0.004558333,99656.25,0.0,-3.141666713,1.929166695,0.154583742,26.10157254463063,0.7850065166810144
2009-02-20,177.108336,284.0708376,282.8416709,0.004770833,99455.83333,0.0,-1.420833355,1.154166684,0.155060296,22.16815799595162,0.6927358923528705
2009-02-21,112.283335,287.1500043,282.7875042,0.004333333,99027.08333,0.0,-0.508333341,1.54166669,0.155554012,10.07476763798521,0.6288061595220961
2009-02-22,58.57916754,340.1666717,282.8208375,0.006720833,98739.58333,17.20000026,-1.787500027,6.150000092,0.156061497,21.958630398328555,0.970223876958943
2009-02-23,124.9416685,335.9083383,283.7125042,0.007004166,98955.0,12.50000019,-1.500000022,6.391666762,0.156589864,44.63301974652043,0.9540047749122678
2009-02-24,152.4458356,314.3166714,284.3041709,0.0066,99290.83333,1.700000025,0.21666667,4.01250006,0.157111374,38.15997688808659,0.8668181109588141
2009-02-25,59.29166755,324.4916715,283.7875042,0.006958333,99117.5,1.400000021,0.075000001,3.054166712,0.157617685,9.38744480168213,0.944532101357774
2009-02-26,141.8041688,328.6291716,282.9208375,0.0066125,99332.5,1.200000018,0.220833337,2.108333365,0.158137924,28.37165495665428,0.953820601372681
2009-02-27,184.5666694,272.6375041,283.2375042,0.005558333,99393.33333,0.0,1.316666686,-1.245833352,0.158644207,21.754321343090155,0.7852215342515357
2009-02-28,160.4750024,296.2833377,282.6750042,0.004629167,99188.33333,0.0,-1.937500029,0.691666677,0.159179136,19.832556254343796,0.6779916632960332
2009-03-01,74.85416778,342.4291718,283.5833376,0.006716666,98849.58333,12.30000018,-2.808333375,5.108333409,0.159686024,33.74284145742851,0.9218679654031504
2009-03-02,81.86250122,343.6250051,284.8625042,0.007695833,98546.25,17.40000026,-1.412500021,7.120833439,0.160206203,30.07035558085051,0.9663589021748396
2009-03-03,106.8500016,326.9083382,282.8083375,0.006345833,98495.83333,7.800000116,-0.441666673,8.516666794,0.160727177,45.48683607799156,0.9146032072590046
2009-03-04,170.1208359,302.7958378,281.6166709,0.005595833,98502.5,1.900000028,0.083333335,5.150000077,0.161233376,43.63854358405776,0.8748966728674539
2009-03-05,126.3458352,287.7500043,279.6875042,0.004554167,99245.41667,0.200000003,-0.604166676,1.441666688,0.161753676,18.49331610826021,0.8197405962780803
2009-03-06,210.6708365,276.0208374,280.3000042,0.004625,99190.0,0.0,1.737500026,-0.862500013,0.162274644,27.657282732256974,0.7973523156208311
2009-03-07,227.4666701,256.3416705,281.3666709,0.0042875,99165.41667,0.0,0.554166675,-3.270833382,0.162795464,23.10340822579087,0.6865345013439716
2009-03-08,225.6750034,258.4333372,281.8583375,0.0047,98896.25,0.0,0.958333348,-1.183333351,0.163316384,15.987597761995673,0.7256582573734007
2009-03-09,238.5333369,239.4916702,281.3750042,0.004058333,98847.08333,0.0,3.15833338,-4.300000064,0.163822678,11.800462500739847,0.6473823371455627
2009-03-10,236.1583369,230.9583368,278.8083375,0.0030375,99322.5,0.0,1.295833353,-3.850000057,0.164342936,8.490507590582238,0.5818615460420515
2009-03-11,241.0791703,240.9125036,279.9333375,0.0033625,99033.33333,0.0,0.495833341,-2.233333367,0.164878518,7.886661059429501,0.5937037685260974
2009-03-12,244.0791703,245.9125037,281.4500042,0.0038875,99121.25,0.0,0.541666675,-2.2166667,0.16538543,6.969766252993299,0.6186557627310807
2009-03-13,247.5875037,253.0458371,283.8916709,0.0046125,99234.58333,0.0,0.579166675,-2.2541667,0.165900553,6.584811183649824,0.6224635537608999
2009-03-14,227.1875034,262.3541706,283.3333376,0.005129167,98827.08333,0.0,1.520833356,0.195833336,0.166410024,5.280865421807967,0.7158097708779585
2009-03-15,82.30833456,328.9166716,282.7750042,0.006341667,98827.08333,0.0,1.016666682,4.433333399,0.166933853,1.788125171618312,0.9191553204184318
2009-03-16,83.11250124,356.4375053,284.6541709,0.007825,99251.66667,0.0,0.758333345,5.754166752,0.166813092,1.7539458422212817,1.003490079114539
2009-03-17,178.0416693,306.8833379,284.0291709,0.00675,99711.25,0.0,1.195833351,0.720833344,0.166635028,4.239904079098318,0.9068694189178184
2009-03-18,245.658337,282.5625042,285.5166709,0.00585,99525.83333,0.0,1.55416669,-3.041666712,0.166484943,5.891990026827363,0.7102462648537856
2009-03-19,231.9041701,298.6750045,286.9708376,0.005941667,98932.08333,0.0,1.420833355,-3.237500048,0.166321502,6.571638992072166,0.6514001450424379
2009-03-20,248.0791704,283.7583376,286.9708376,0.0058875,98577.5,0.0,1.470833355,-2.179166699,0.166157425,6.445335262262891,0.6431482735887604
2009-03-21,162.7791691,309.6875046,284.9833376,0.0064875,98309.58333,1.000000015,2.020833363,0.520833341,0.165993352,4.832033165649918,0.8061440129339968
2009-03-22,201.6666697,305.2208379,282.0958375,0.0052375,98716.25,1.400000021,3.937500059,1.275000019,0.165843898,7.166885422941313,0.7941721073376791
2009-03-23,261.9041706,244.6000036,281.3166709,0.003475,99851.66667,0.0,2.633333373,-5.091666743,0.165680461,8.049870312041943,0.5622126294240415
2009-03-24,268.1541707,262.5166706,283.7041709,0.0043375,99682.5,0.0,2.041666697,-5.608333417,0.165516385,8.76408263400725,0.595468478380882
2009-03-25,261.7833372,278.5166708,286.6541709,0.005041667,99339.58333,0.0,1.729166692,-4.283333397,0.165352308,9.286469788812315,0.5666847265273476
2009-03-26,264.2166706,295.7291711,287.1708376,0.005595833,98990.0,0.0,2.791666708,-5.14583341,0.165188235,9.735744268386751,0.6058416504451146
2009-03-27,269.2333373,277.2666708,286.1333376,0.0048375,98992.5,0.0,1.400000021,-5.945833422,0.165024158,9.262000789328445,0.5607781143575037
2009-03-28,272.5958374,275.5541708,285.7625043,0.004954167,98855.83333,0.0,1.129166683,-3.487500052,0.164874708,7.983404974720113,0.5877651732316267
2009-03-29,275.6291708,259.0541705,284.4666709,0.00425,98584.16667,0.0,2.66250004,-5.620833417,0.164711267,8.220614817902014,0.5482001308073956
2009-03-30,283.6083376,241.6958369,282.3666709,0.002958333,99093.75,0.0,1.383333354,-6.975000104,0.164547194,8.358385401290027,0.4420481682626875
2009-03-31,277.8708375,262.7375039,284.5291709,0.0039,99092.5,0.0,1.345833353,-4.004166726,0.164383118,7.538003457764082,0.5035355532652517
2009-04-01,287.1208376,285.7583376,286.8000043,0.004854167,98797.08333,0.0,3.045833379,-5.995833423,0.164219041,9.355376109611525,0.5374482262289225
2009-04-02,294.7041711,280.0916708,286.7541709,0.00545,98514.16667,0.0,3.020833378,-4.116666728,0.164054968,7.992148188325226,0.6035067907195504
2009-04-03,302.9666712,252.6750038,285.3750043,0.004183333,98620.41667,0.0,3.504166719,-6.112500091,0.163890891,8.21222838677859,0.5080384459154624
2009-04-04,303.8208379,246.8166703,283.5750042,0.003441667,98935.0,0.0,0.741666678,-4.525000067,0.163741441,6.7500658246527,0.4730457937524588
2009-04-05,306.0333379,249.5500037,283.8000042,0.003604167,99137.91667,0.0,-1.983333363,1.10833335,0.163563378,5.970122618647433,0.4889226215727023
2009-04-06,302.9333378,263.4166706,286.2375043,0.004025,99077.08333,0.0,-2.329166701,-0.004166667,0.163413288,6.428821395180716,0.4637856808504189
2009-04-07,217.3708366,294.0250044,286.5666709,0.004920833,98536.25,1.500000022,0.033333334,2.2416667,0.163249851,6.426551160571236,0.5518008213435782
2009-04-08,163.8208358,327.6083382,284.3000042,0.006516667,98753.33333,1.500000022,-1.158333351,4.491666734,0.163100397,5.435971140026775,0.8514783125308737
2009-04-09,150.7625022,346.0958385,284.5916709,0.006870833,98795.83333,0.900000013,0.308333338,3.762500056,0.162922337,6.644581636856172,0.8807555753873885
2009-04-10,235.8208368,308.5375046,283.2458376,0.005783333,98365.41667,1.300000019,1.650000025,-1.583333357,0.162772248,12.93768396466806,0.8081018432130692
2009-04-11,289.6333376,277.4333375,283.6833376,0.004958333,98687.5,0.100000001,2.920833377,-3.270833382,0.162608807,11.22358612875168,0.6748515667562884
2009-04-12,293.504171,286.9916709,285.0291709,0.004983333,99495.41667,0.0,2.020833363,-2.650000039,0.162444734,11.477114216228884,0.6247905397230008
2009-04-13,310.8500046,292.5375044,287.691671,0.005916667,99173.33333,0.0,2.45833337,-3.229166715,0.16229085,11.83492896392418,0.6202628780397922
2009-04-14,326.3416715,249.295837,285.1625042,0.0039625,98535.41667,0.0,4.92916674,-8.433333459,0.162124749,11.674882090993291,0.4876550973622816
2009-04-15,327.5666715,243.033337,283.2875042,0.0033125,98829.58333,0.0,4.26666673,-6.887500103,0.161958098,10.105332114391436,0.4637286889821567
2009-04-16,315.8541714,257.5333372,283.7833376,0.0036125,99508.33333,0.0,1.941666696,-3.637500054,0.162081452,8.660991319448652,0.492436687437046
2009-04-17,287.4583376,290.8000043,286.4125043,0.00435,99589.16667,0.0,1.854166694,-3.38750005,0.162211803,8.917208638916609,0.49803834351907
2009-04-18,323.9333382,296.4708378,289.7500043,0.005916667,99262.5,0.0,0.900000013,-3.645833388,0.162332882,9.967367545252758,0.5433459535552273
2009-04-19,325.9791715,302.8666712,292.679171,0.006475,99217.5,0.0,-0.770833345,-1.662500025,0.16246943,9.835935224831127,0.4934790449481564
2009-04-20,331.7833383,303.4083379,294.4333377,0.006745833,99192.08333,0.0,-1.150000017,-1.55416669,0.162589826,9.506127291864445,0.4607460904336468
2009-04-21,334.5666717,302.5416712,296.8916711,0.00655,98804.58333,0.0,-0.24166667,-1.854166694,0.162724382,9.105724490380744,0.3832577637544083
2009-04-22,337.3958384,295.7291711,296.5375044,0.006141667,98455.41667,0.0,1.116666683,-0.845833346,0.162842249,8.15797522370337,0.3658937414023914
2009-04-23,178.1041693,316.8791714,293.4583377,0.006320833,98212.91667,0.0,2.158333365,-0.604166676,0.16297653,4.075157017557342,0.45415959678394
2009-04-24,328.5708382,295.1041711,287.2750043,0.005916667,98531.25,0.0,1.970833363,-0.425000006,0.163113043,6.382276356062032,0.6332706855150141
2009-04-25,338.7416717,265.3541706,284.9916709,0.003895833,99038.33333,0.0,1.904166695,-1.691666692,0.163234933,5.815791263224874,0.4874180203307023
2009-04-26,333.300005,271.2541707,285.4041709,0.004416667,98966.66667,0.0,1.183333351,-2.491666704,0.163370296,5.637918371719145,0.5372154094652604
2009-04-27,339.9666717,274.7541708,286.7750043,0.004608333,98630.0,0.0,1.512500023,-0.991666681,0.163486901,5.831282076549337,0.5102050090804917
2009-04-28,340.6208384,266.0541706,284.7625042,0.005429167,98751.25,0.0,2.68750004,-0.070833334,0.163621646,4.9233842540599095,0.6877338327132311
2009-04-29,344.4625051,259.6666705,282.2833375,0.004354167,99254.58333,0.0,1.854166694,-0.345833338,0.16375557,4.547497147350544,0.6553894947573556
2009-04-30,202.9166697,296.6958378,283.8416709,0.0045125,99225.41667,0.0,0.962500014,-0.108333335,0.16387791,2.9265511395190327,0.6109655566643625
2009-05-01,102.7250015,354.9250053,284.9291709,0.006216667,99002.5,2.00000003,-1.900000028,2.566666705,0.164011402,3.2922468620914747,0.7807521675635578
2009-05-02,93.9375014,357.0083387,285.4208376,0.008375,98748.75,7.000000104,-0.766666678,5.491666748,0.164132064,12.630204959828358,1.0153130617713162
2009-05-03,159.616669,362.5375054,286.0166709,0.008141666,99134.16667,3.900000058,-0.958333348,5.570833416,0.16426475,38.32868780715076,0.9524796212189324
2009-05-04,135.6708354,358.6083387,288.0375043,0.008791666,98996.25,1.900000028,-0.991666681,4.491666734,0.164406066,31.900438401310577,0.8994994175902624
2009-05-05,183.7458361,369.6708388,287.9208376,0.009095833,98809.58333,5.800000086,-0.008333333,6.208333426,0.164521039,62.54717220878602,0.9359509342575068
2009-05-06,208.3000031,346.5333385,288.4208376,0.008504166,99114.58333,0.0,0.295833338,3.945833392,0.164656836,44.37771809848016,0.8496833180519454
2009-05-07,346.0125052,299.7833378,289.6500043,0.007283333,99272.08333,0.0,1.704166692,-2.966666711,0.164776492,46.41662532771716,0.6732278029048023
2009-05-08,355.879172,280.8541709,289.8208377,0.004754167,99003.75,0.0,1.55416669,-5.316666746,0.164911667,29.197731142882084,0.4334757539776857
2009-05-09,351.6291719,285.7958376,290.6583377,0.004920833,98657.08333,0.0,1.995833363,-4.683333403,0.165035599,18.86916431948004,0.4237732273286382
2009-05-10,335.325005,293.7875044,291.654171,0.004658333,98715.41667,0.0,1.912500028,-4.604166735,0.165165241,14.612132337852284,0.3767989242694938
2009-05-11,352.2666719,308.0541713,293.2833377,0.005258333,98591.66667,0.0,2.691666707,-2.758333374,0.165299407,13.299569276783808,0.3834410004567981
2009-05-12,357.891672,290.3125043,291.4875043,0.005166667,98705.83333,0.0,2.416666703,-3.245833382,0.16542032,10.1983159267322,0.4223090092788847
2009-05-13,323.0166715,295.5958377,290.7708377,0.004270833,98902.08333,0.0,2.450000037,-4.825000072,0.165553129,8.786239569215219,0.3660751525515933
2009-05-14,296.3041711,342.2000051,292.1125044,0.006020833,98904.16667,0.0,2.529166704,-2.058333364,0.165674673,8.075684996953408,0.4740162052773188
2009-05-15,351.1625052,327.8833382,293.9958377,0.007770833,98751.66667,0.0,2.191666699,-5.004166741,0.165810225,8.336003333614634,0.5429315116479652
2009-05-16,360.354172,314.1541713,295.8333377,0.0064,98481.25,0.0,0.900000013,-4.533333401,0.166304891,8.5210863306164,0.3981454185520452
2009-05-17,360.8833387,325.4083382,299.1083378,0.005841667,98572.91667,0.0,-0.025,-2.054166697,0.16681514,8.127751486857917,0.2983876395803747
2009-05-18,358.0750053,323.5791715,298.1666711,0.005754167,98347.5,0.0,1.691666692,-1.070833349,0.167325416,7.533113886894833,0.3102737924689346
2009-05-19,359.379172,318.0583381,294.5958377,0.006616666,98335.0,0.0,1.983333363,-0.91666668,0.167850254,6.824317807757705,0.4435368330882078
2009-05-20,360.4750054,305.3708379,292.7375044,0.00615,98452.91667,0.0,0.895833347,-1.983333363,0.168361165,6.246196120607377,0.4633984656441407
2009-05-21,362.3541721,302.1541712,293.1375044,0.005004167,98452.91667,0.0,0.795833345,-1.837500027,0.168886038,6.252709746482393,0.3677303666172259
2009-05-22,364.1708388,302.0708378,292.7083377,0.004908333,98344.58333,0.0,1.204166685,-1.075000016,0.169396907,6.068467597688015,0.3701094287660064
2009-05-23,363.2166721,312.3250047,292.441671,0.0063125,98367.08333,0.0,1.258333352,-0.337500005,0.169907132,5.962523290072019,0.4841411447247367
2009-05-24,366.5875055,304.0000045,290.6833377,0.006654166,98456.25,0.0,1.291666686,-0.837500012,0.17041739,5.581005091153459,0.5709672679935314
2009-05-25,362.4916721,318.7125047,291.816671,0.0069,98520.0,0.0,1.904166695,-2.275000034,0.17094228,5.976542404648291,0.5513216772922988
2009-05-26,366.6125055,315.4291714,294.5458377,0.005495833,98410.0,0.0,2.250000034,-5.512500082,0.171453178,7.424076960260707,0.3698265873890483
2009-05-27,364.3375054,333.8333383,297.9583378,0.005875,98299.16667,0.0,1.258333352,-3.962500059,0.171963446,7.344228767221328,0.320629982305324
2009-05-28,363.4416721,339.9291717,298.0666711,0.006308333,98293.33333,0.0,1.183333351,-0.995833348,0.172473715,6.431761456241289,0.3420200072344529
2009-05-29,362.2041721,335.9833383,296.9625044,0.006891666,98482.5,0.0,1.708333359,-0.225000003,0.172983926,6.290059161587806,0.400209701760947
2009-05-30,361.6750054,343.4791718,295.2791711,0.008458333,98655.0,0.0,1.229166685,1.191666684,0.173508821,6.20485312835855,0.5453607177902826
2009-05-31,360.454172,337.137505,294.0708377,0.007970833,98581.66667,0.0,1.462500022,0.720833344,0.174019694,5.9806759410590296,0.5533627800221719
2009-06-01,301.2875045,341.8166718,293.7500044,0.00785,98367.08333,0.0,1.79583336,0.629166676,0.174529979,5.019336735173823,0.5547426997674278
2009-06-02,234.8500035,354.2291719,292.8750044,0.009329166,98413.75,0.200000003,1.525000023,0.325000005,0.175040225,4.011331065048077,0.6966345991200888
2009-06-03,268.612504,358.4458387,293.6833377,0.009395833,98439.16667,2.100000031,0.733333344,-1.012500015,0.175550475,11.183002583838547,0.6672337293452832
2009-06-04,284.6125042,347.4000052,291.5208377,0.008045833,98389.16667,5.900000088,1.354166687,1.741666693,0.176074884,47.96779476918093,0.6541514174442923
2009-06-05,260.5666705,339.0041717,290.6375043,0.008241666,98358.33333,1.000000015,2.195833366,1.754166693,0.176598804,28.26728901828368,0.7085489094948694
2009-06-06,223.0125033,345.8458385,289.591671,0.0080125,98584.58333,0.600000009,1.575000023,1.079166683,0.177108054,19.402762326970432,0.7382622826311087
2009-06-07,349.0583385,323.6416715,291.104171,0.007454166,98535.41667,0.0,1.57916669,0.25416667,0.177616672,21.97608986367079,0.6232065423055686
2009-06-08,358.2250053,314.833338,291.916671,0.00685,98208.33333,0.0,1.933333362,-0.766666678,0.178139909,15.076722068473424,0.5421595629105384
2009-06-09,334.9041717,314.870838,292.066671,0.006920833,98162.5,0.0,2.154166699,-0.045833334,0.178649158,10.822505201395495,0.5423519167431247
2009-06-10,339.1500051,334.7541717,290.691671,0.007270833,98377.5,0.100000001,2.337500035,0.741666678,0.179157776,9.515098510066228,0.6230508575192288
2009-06-11,334.325005,323.5166715,291.266671,0.006929166,98488.33333,0.0,2.379166702,-0.808333345,0.17966639,8.13091350105821,0.5730921105523125
2009-06-12,351.2958386,318.2208381,291.3500043,0.006554167,98382.08333,0.0,2.120833365,-0.620833343,0.180189627,7.891250052813603,0.5386367759028547
2009-06-13,316.8791714,338.0333384,290.716671,0.006575,98461.66667,0.0,1.900000028,1.029166682,0.18069888,6.929641964464546,0.5630077094688266
2009-06-14,342.9833384,314.9375047,290.2083377,0.006408333,98649.58333,0.0,1.695833359,0.441666673,0.181207494,6.56911602662128,0.5679266073323078
2009-06-15,226.7750034,334.5666717,291.479171,0.006425,98520.41667,0.0,1.600000024,0.091666668,0.181730731,4.423021343947428,0.52445198075502
2009-06-16,311.220838,342.6958384,293.4583377,0.007083333,98469.58333,0.0,1.483333355,-1.654166691,0.182353794,6.268902545586264,0.5102762206342806
2009-06-17,342.2750051,350.8458386,295.1000044,0.007433333,98390.83333,0.0,2.2291667,-1.13333335,0.182966547,7.032591328479185,0.4832897862787512
2009-06-18,358.0625053,344.8750051,297.1875044,0.007370833,98297.91667,0.0,1.995833363,-3.525000053,0.183593291,7.535689522718835,0.4214417318879264
2009-06-19,352.7166719,341.2916718,297.8333378,0.006208333,97942.91667,0.0,2.887500043,-3.962500059,0.184206045,7.517157045011556,0.3401472074969682
2009-06-20,337.7791717,320.6875048,294.3791711,0.005541667,97764.16667,0.0,4.112500061,-4.816666738,0.184818162,6.755177786387472,0.3743053047346449
2009-06-21,357.6208387,308.3541713,292.641671,0.005720833,98140.41667,0.0,3.716666722,-4.450000066,0.185444902,6.12115405592101,0.4322850441143808
2009-06-22,366.7333388,305.2916712,294.0375044,0.005108333,98304.16667,0.0,1.654166691,-4.812500072,0.186057655,6.216452571121556,0.3543726132056595
2009-06-23,363.9833388,324.8916715,298.4250044,0.005504167,97869.16667,0.0,1.458333355,-4.691666737,0.186669773,6.449985271058472,0.2908000252431329
2009-06-24,361.6541721,332.0458383,298.8625045,0.005258333,98036.25,0.0,1.545833356,-2.312500034,0.187296517,5.692359846658864,0.271083800844998
2009-06-25,362.0416721,322.3958381,296.1875044,0.005704167,98320.41667,0.0,1.56666669,-0.558333342,0.18790927,5.016958865411303,0.3466862622181822
2009-06-26,363.4458387,323.2833382,296.5583378,0.006133333,98331.66667,0.0,1.000000015,-1.595833357,0.18853601,4.888926361860287,0.3644751748194462
2009-06-27,362.4583387,332.5958383,299.7083378,0.005425,98500.83333,0.0,0.533333341,-3.166666714,0.189148764,5.431305234825411,0.2671769310502142
2009-06-28,361.3208387,345.9000052,302.0458378,0.005320833,98442.08333,0.0,0.854166679,-2.820833375,0.189760881,5.09488693450047,0.2281915190503875
2009-06-29,363.5625054,328.3958382,301.1125045,0.003579167,98118.75,0.0,1.816666694,-1.562500023,0.190402244,4.786857412790914,0.1615963031699632
2009-06-30,366.0000055,316.0375047,299.4416711,0.003425,98017.91667,0.0,1.583333357,-0.941666681,0.191015637,5.046138053176393,0.1705365700375098
2009-07-01,366.3375055,330.3416716,298.8000045,0.005270833,98112.91667,0.0,1.36250002,0.245833337,0.191627754,5.408763366269104,0.2729598559229607
2009-07-02,365.8583388,330.7416716,298.8083378,0.005625,98234.16667,0.0,1.275000019,0.491666674,0.192254495,5.507225559928296,0.291515585869201
2009-07-03,365.3166721,324.8375048,298.0333378,0.004870833,98441.66667,0.0,1.062500016,1.433333355,0.192867248,5.716343119466512,0.2650126819075284
2009-07-04,367.7791721,315.295838,297.6666711,0.004091667,98580.41667,0.0,1.233333352,0.475000007,0.193493988,5.506303633001625,0.2279176491629307
2009-07-05,369.0125055,312.9750047,296.5875044,0.004629167,98565.0,0.0,1.920833362,0.875000013,0.194106741,5.843659834933834,0.2752530913838437
2009-07-06,370.3041722,298.2375044,293.904171,0.0045625,98654.16667,0.0,1.804166694,0.004166667,0.194718859,5.419829577979344,0.3202767864351442
2009-07-07,371.5500055,281.6500042,293.4458377,0.002616667,98487.91667,0.0,1.854166694,-0.945833347,0.195345602,5.373116109617024,0.188684258792504
2009-07-08,368.0666722,301.0500045,294.5250044,0.003858333,98502.5,0.0,2.729166707,-2.575000038,0.195958356,6.222827270552326,0.2602148477655252
2009-07-09,364.6666721,307.0666712,294.9666711,0.0038375,98519.16667,0.0,2.787500042,-2.820833375,0.196585096,6.355864661923113,0.2518877477473045
2009-07-10,366.7833388,299.6625045,294.7750044,0.0033375,98555.0,0.0,2.183333366,-1.004166682,0.197197849,5.702959902910438,0.2217553496207715
2009-07-11,336.3916717,299.8791711,294.5083377,0.002929167,98641.66667,0.0,2.312500034,-1.354166687,0.197809967,5.34024464752474,0.1980329733436519
2009-07-12,364.6416721,300.2250045,295.0916711,0.003133333,98751.66667,0.0,2.375000035,-1.12083335,0.198436707,5.7578934121934,0.2045706384614538
2009-07-13,368.8750055,292.016671,294.7583377,0.002870833,98913.75,0.0,1.862500028,-5.116666743,0.199049464,6.67171841681086,0.191639821493865
2009-07-14,365.9125055,310.5000046,298.2916711,0.003033333,98513.33333,0.0,0.808333345,-5.308333412,0.199676204,6.581350344068597,0.1626111469467291
2009-07-15,369.1750055,307.5333379,301.0250045,0.002266667,98438.33333,0.0,1.550000023,-3.33750005,0.20030358,4.414114538044005,0.1032013528970905
2009-07-16,368.4500055,304.3750045,299.1333378,0.002525,98743.75,0.0,1.645833358,-1.416666688,0.200401376,5.217118221675818,0.1290057419739363
2009-07-17,364.1666721,310.195838,300.9125045,0.002208333,98815.41667,0.0,1.679166692,-1.908333362,0.200476146,4.314630063852416,0.1016013964927629
2009-07-18,356.029172,334.2416716,301.9916712,0.002108333,98551.25,0.0,1.679166692,-2.004166697,0.200550916,2.7915736984334134,0.0908060268826397
2009-07-19,353.6291719,341.3500051,302.3791712,0.0025,98431.66667,0.0,2.00000003,-2.629166706,0.200625687,2.515551698298745,0.105140323687999
2009-07-20,355.7208386,328.3916716,300.9291712,0.002245833,98363.75,0.0,2.525000038,-1.10833335,0.20071508,4.468089840006198,0.1027534868779357
2009-07-21,351.0250052,318.4916714,298.0208378,0.003141667,98465.41667,0.0,2.116666698,-0.841666679,0.200790486,5.496328299833205,0.1711020640106479
2009-07-22,352.7958386,315.8541714,297.7708378,0.003220833,98436.66667,0.0,1.891666695,-1.154166684,0.200865256,5.481839328368625,0.1780251587986822
2009-07-23,355.404172,318.1458381,297.7291711,0.003358333,98332.08333,0.0,1.475000022,-1.245833352,0.200954653,5.46284442551264,0.1858948300783061
2009-07-24,355.9750053,312.9916713,297.0166711,0.003554167,98405.83333,0.0,1.125000017,-0.170833336,0.20103006,5.060599235674347,0.205558305226398
2009-07-25,354.8500053,314.695838,296.6458378,0.004429167,98542.91667,0.0,1.31250002,-0.279166671,0.201108764,5.171736713728033,0.2623686002954419
2009-07-26,354.1458386,321.9416715,299.0208378,0.003904167,98623.33333,0.0,1.520833356,-1.179166684,0.201201828,5.35319268433424,0.2005694595756854
2009-07-27,350.9958386,335.6666717,300.9541712,0.004120833,98505.83333,0.0,1.787500027,-1.625000024,0.201280955,5.240043060637485,0.1885348037744844
2009-07-28,345.8791718,341.0375051,300.2958378,0.004325,98162.5,0.0,2.112500031,-0.620833343,0.201344764,5.464747024021251,0.2050010141540437
2009-07-29,339.6875051,356.4458386,299.1333378,0.006654166,98111.66667,0.0,2.2166667,0.541666675,0.201437144,5.97137475762309,0.3377943072876187
2009-07-30,340.6458384,349.9666719,297.8916711,0.0070625,98341.25,0.0,1.641666691,1.12083335,0.201516185,5.771571687579367,0.3871555825807504
2009-07-31,325.5083382,347.8166718,297.4750044,0.0068375,98460.0,0.0,1.479166689,0.933333347,0.201594586,5.380994830235269,0.3848349316834964
2009-08-01,315.2166714,341.2750051,297.3041711,0.006158333,98457.91667,0.0,1.529166689,0.370833339,0.201673015,5.022847853686158,0.3502038299273781
2009-08-02,328.9375049,342.6791718,297.0500044,0.0063625,98542.91667,0.0,1.866666694,0.983333348,0.20175144,5.492255201458069,0.3677486677471364
2009-08-03,327.8541716,332.7958383,295.5791711,0.006425,98601.25,0.0,1.80833336,0.912500014,0.201829817,5.221071140442062,0.4064722562450159
2009-08-04,327.4375049,324.1666715,294.3458377,0.005604167,98641.66667,0.0,1.754166693,0.704166677,0.201922846,5.037886654977859,0.3827137975299648
2009-08-05,326.7416715,319.4333381,294.1750044,0.0052,98637.91667,0.0,2.195833366,0.525000008,0.20198726,5.084615008846448,0.3588802862769117
2009-08-06,268.4083373,330.4875049,291.6875043,0.0063875,98621.66667,0.0,2.845833376,0.816666679,0.202079638,4.181016272155142,0.5150881154826294
2009-08-07,319.1458381,322.9000048,291.554171,0.006266667,98837.08333,0.0,2.104166698,-1.316666686,0.20215868,4.761537593557514,0.5107398057935953
2009-08-08,321.6041715,330.0333383,294.8791711,0.005475,98835.83333,0.0,1.700000025,-2.716666707,0.202237103,5.481753685300441,0.3624769006252402
2009-08-09,321.9958381,327.6875049,296.5583378,0.0041625,98642.08333,0.0,1.637500024,-3.38750005,0.202315531,5.7704919827573775,0.248138693073351
2009-08-10,318.5875047,344.2583385,300.1250045,0.0039625,98523.75,0.0,1.441666688,-2.500000037,0.202393949,5.2000899729620365,0.1904269826368065
2009-08-11,319.1750048,336.587505,298.9666711,0.004354167,98591.66667,0.0,2.170833366,-0.600000009,0.202472384,5.1537626866730495,0.2243407804522442
2009-08-12,315.9625047,337.662505,298.8875045,0.005420833,98669.58333,0.0,2.804166708,-1.98750003,0.202565381,5.555741104556553,0.2808461731762194
2009-08-13,314.458338,348.0875052,299.7375045,0.005025,98562.08333,0.0,3.500000052,-2.908333377,0.202640005,5.870112951651154,0.2472021638155953
2009-08-14,317.5500047,328.2791716,297.4125044,0.0054875,98462.91667,0.0,2.795833375,-2.2041667,0.202708212,5.398144936787372,0.310031954791062
2009-08-15,317.7791714,314.3416714,295.9291711,0.0041,98603.75,0.0,1.704166692,-2.850000042,0.202800609,5.053979659363852,0.2538851982239794
2009-08-16,315.795838,318.1208381,296.9708378,0.003304167,98463.75,0.0,1.625000024,-2.850000042,0.202830295,4.927890814702249,0.1917445193219051
2009-08-17,313.758338,321.7583381,297.6958378,0.003145833,98372.08333,0.0,1.720833359,-2.066666697,0.20287181,4.561922706527348,0.1745539688943025
2009-08-18,313.2791713,324.1291715,298.1125044,0.003491667,98249.16667,0.0,1.045833349,-1.78333336,0.202899359,4.222066379849123,0.188701962136883
2009-08-19,310.045838,327.5541715,298.8125045,0.003766667,98113.33333,0.0,1.75833336,-0.912500014,0.202926213,4.011320756332005,0.1949187527989813
2009-08-20,308.7583379,325.1416715,296.8166711,0.004841667,98167.08333,0.0,1.954166696,0.437500007,0.202967765,3.978451647853424,0.282756519218361
2009-08-21,307.3625046,329.8666716,296.9750044,0.005375,98403.33333,0.0,1.262500019,-0.850000013,0.202995286,3.724498382530559,0.3116470500442357
2009-08-22,305.5791712,321.3791715,298.2625044,0.003316667,98247.91667,0.0,1.37500002,-0.200000003,0.2030368,3.5576056015852644,0.1776322320196861
2009-08-23,305.7500046,317.9708381,296.1958377,0.00505,98314.16667,0.0,1.637500024,1.175000018,0.203064276,3.931972207220664,0.3067518061977999
2009-08-24,305.3083379,292.3833377,292.641671,0.003766667,98434.16667,0.0,0.983333348,-0.150000002,0.20309121,3.3062845895323947,0.2854737229354775
2009-08-25,303.0458378,295.6458377,292.879171,0.003295833,98605.83333,0.0,1.262500019,-0.325000005,0.203132725,3.5746323921403267,0.2465249281743373
2009-08-26,303.1583379,290.954171,293.4125044,0.0024875,98723.33333,0.0,1.050000016,0.091666668,0.20316027,3.495525086080272,0.1801733273644775
2009-08-27,294.3333377,302.6291712,293.904171,0.002883333,98858.33333,0.0,1.216666685,-0.0125,0.203201811,3.7187418030232977,0.2028220832743311
2009-08-28,264.5083373,330.8708383,297.1708378,0.002795833,98722.91667,0.0,2.150000032,-2.404166702,0.203229339,4.532094767798536,0.1607106252206026
2009-08-29,285.5500043,353.0041719,299.9750045,0.003325,98541.25,0.0,2.250000034,-2.987500045,0.203256226,4.872235668051512,0.1612467024262637
2009-08-30,292.5708377,331.7083383,298.3541711,0.004720833,98041.66667,0.0,2.200000033,0.050000001,0.203283139,4.633088102421268,0.2509190613058087
2009-08-31,286.0375043,329.5708382,295.6458377,0.005254167,98180.0,0.0,1.125000017,1.600000024,0.20332462,4.471579977546084,0.3296294280508788
2009-09-01,284.6833376,326.2750049,295.2583377,0.0050625,98484.16667,0.0,1.300000019,1.050000016,0.203366797,4.277771185500483,0.3262631254578785
2009-09-02,229.2375034,341.8208384,296.0625044,0.004245833,98514.16667,0.0,1.704166692,-0.900000013,0.203394341,3.77004946154361,0.26054314047528
2009-09-03,279.7791708,339.3208384,298.5166711,0.004125,98467.5,0.0,2.529166704,-1.729166692,0.203435831,4.841570091799958,0.218064296215487
2009-09-04,283.1458376,319.4208381,297.0708378,0.003695833,98461.66667,0.0,2.387500036,-0.512500008,0.203448744,4.442607794867183,0.2131711854221373
2009-09-05,276.6125041,308.8375046,294.4833377,0.004545833,98340.83333,0.0,3.233333382,-0.387500006,0.20348964,4.443874280946255,0.3068684457088649
2009-09-06,262.4416706,327.2541715,293.6083377,0.007079166,98706.66667,0.0,3.200000048,-0.945833347,0.203531759,4.118637698311959,0.5064451713190936
2009-09-07,273.4166707,312.7500047,293.1875044,0.0049875,98685.41667,0.0,3.187500047,-3.475000052,0.203559315,4.590970393146794,0.366224310547924
2009-09-08,275.3916708,298.4333378,293.5208377,0.002854167,98277.91667,0.0,1.633333358,-2.44583337,0.203600835,4.082682904515039,0.2044127272698995
2009-09-09,274.0458374,303.2166712,293.979171,0.003075,98392.08333,0.0,1.629166691,-1.016666682,0.203628379,3.618400754694767,0.2142831507415204
2009-09-10,268.0208373,318.7666714,295.6166711,0.0033125,98719.58333,0.0,1.179166684,-1.237500018,0.203655246,3.548465265078455,0.2093318374349722
2009-09-11,266.875004,326.8541715,298.2333378,0.0032625,98563.75,0.0,1.487500022,-1.545833356,0.203696758,3.5551462996021037,0.1756005225368436
2009-09-12,244.0625036,354.4958386,298.4250044,0.0028,98064.16667,0.0,2.666666706,-1.141666684,0.20372429,3.7425052426932095,0.148226318010627
2009-09-13,236.5250035,330.6875049,294.5500044,0.005329167,97844.58333,0.0,1.962500029,2.625000039,0.203765803,3.3968247914610137,0.3564589718648021
2009-09-14,225.4208367,356.2500053,291.8625043,0.007479166,98405.0,0.0,2.104166698,2.287500034,0.203793364,3.0163979968555448,0.5951744387396223
2009-09-15,251.0750037,327.4833382,292.116671,0.006629166,98842.08333,0.0,2.2541667,-1.370833354,0.203820272,2.999343478426616,0.5214452573653152
2009-09-16,254.1541705,320.0958381,293.104171,0.005729167,98848.75,0.0,2.262500034,-1.658333358,0.203462095,3.130613664442037,0.4235818027001909
2009-09-17,245.6041703,331.6250049,295.0500044,0.005383333,98632.91667,0.0,2.191666699,-2.820833375,0.203087174,3.491352855954021,0.351949440348058
2009-09-18,249.4375037,333.8708383,296.8958378,0.0054,98239.16667,0.0,0.416666673,-1.641666691,0.202697666,3.0146562859032757,0.314080572607439
2009-09-19,244.9750037,325.5375049,297.5208378,0.004733333,98252.5,0.0,2.2666667,-0.808333345,0.202307531,3.078161583147052,0.2651089646355978
2009-09-20,246.7291703,330.3500049,295.9583377,0.005433333,98609.16667,0.0,0.691666677,-1.354166687,0.201946654,2.878757843521253,0.3358679566092963
2009-09-21,251.6666704,315.395838,298.1500044,0.003808333,98752.5,0.0,0.47083334,-3.270833382,0.201557784,3.2758646503505773,0.2064038399524109
2009-09-22,247.9125037,310.8666713,298.1916711,0.00215,98744.16667,0.0,0.450000007,-2.300000034,0.201182283,2.8013769469157404,0.1162240878961502
2009-09-23,248.3375037,305.5208379,298.0625044,0.001825,98599.58333,0.0,1.537500023,-2.625000039,0.200792753,2.860741376729871,0.0992795335702817
2009-09-24,244.920837,308.8125046,297.2458378,0.002466667,98454.58333,0.0,1.679166692,-1.575000023,0.200417191,2.6738311736028515,0.1407628279842585
2009-09-25,242.6000036,306.6291712,297.0708378,0.003070833,98438.33333,0.0,0.275000004,-1.037500015,0.200042309,2.04575469963657,0.1770799658241039
2009-09-26,239.6000036,317.9791714,298.9833378,0.003729167,98685.41667,0.0,0.779166678,-2.766666708,0.19965343,2.569330581301087,0.1921299234368784
2009-09-27,236.6041702,315.0916714,299.1666711,0.002716667,98424.16667,0.0,1.008333348,-3.083333379,0.199273629,2.4183190540098574,0.1380739910160384
2009-09-28,225.6208367,305.8083379,296.5541711,0.0024,97910.41667,0.0,2.770833375,-0.65000001,0.198894845,2.3039892059881697,0.1420457880470445
2009-09-29,230.9875034,298.5875044,292.7083377,0.003054167,98127.5,0.0,4.466666733,-3.012500045,0.198509107,2.7391742376751003,0.229788981413388
2009-09-30,232.5833368,271.9833374,289.1458376,0.002791667,99200.0,0.0,2.2041667,-5.37500008,0.198136718,2.260326271331283,0.2663687254622712
2009-10-01,224.7458367,279.2416708,290.691671,0.0021625,99274.16667,0.0,0.875000013,-5.408333414,0.197752179,2.4048469795599696,0.1869975483866131
2009-10-02,222.8625033,283.9000042,290.9500043,0.0015875,98673.75,0.0,1.395833354,-3.187500047,0.197368814,2.1493694916805044,0.134218793051406
2009-10-03,221.7625033,279.3666708,290.029171,0.0023625,98021.25,0.0,3.275000049,-4.754166738,0.19698567,2.37671102698983,0.2104395188552421
2009-10-04,190.7000028,264.1083373,286.8291709,0.0024625,97840.41667,0.0,3.59166672,-5.325000079,0.196602484,1.8040971228987992,0.2694880253261235
2009-10-05,215.7916699,274.5875041,286.7708376,0.003033333,98550.0,0.0,0.579166675,-3.200000048,0.19623395,1.6285214410805138,0.335650710018005
2009-10-06,214.0958365,280.4000042,287.866671,0.003275,98749.58333,0.0,-0.47083334,-3.837500057,0.195851293,1.7784057083387053,0.3379804372751137
2009-10-07,212.2916698,284.0583376,289.7375043,0.002920833,98619.16667,0.0,0.391666673,-3.079166713,0.195467956,1.8234783175234293,0.2667048203832916
2009-10-08,210.2958365,277.9333375,288.9750043,0.002891667,98768.75,0.0,0.845833346,0.058333334,0.195084784,1.2080812087843054,0.2777585043516255
2009-10-09,207.0666698,288.241671,289.3875043,0.003441667,98950.0,0.0,1.162500017,-1.045833349,0.194701541,1.5629236752412452,0.3224967503788977
2009-10-10,207.9750031,281.6166709,289.8833377,0.0030875,98457.08333,0.0,1.258333352,-2.962500044,0.194338008,2.06740361423876,0.2788371366432645
2009-10-11,203.6208364,282.6583375,289.2083376,0.003695833,98049.16667,0.0,1.445833355,0.587500009,0.193949316,1.672406662905396,0.347146506076923
2009-10-12,172.0875026,292.3625044,286.2000043,0.004858333,97952.91667,0.0,-0.300000004,3.875000058,0.193559494,1.6010658183898685,0.5548285975358838
2009-10-13,61.25833425,362.8291721,286.6208376,0.007870833,97318.75,44.60000066,-3.291666716,9.250000138,0.193184292,55.13771764489718,0.8685912019431995
2009-10-14,132.2083353,352.3791719,288.0708376,0.00915,98019.58333,4.200000063,-0.345833338,7.554166779,0.192795106,38.9844824070903,0.9249163401110864
2009-10-15,69.36250103,371.3791722,289.9250043,0.009975,99190.83333,0.100000001,-1.129166683,2.262500034,0.192426815,15.72065408707803,0.9051493386467644
2009-10-16,174.6791693,339.9000051,291.0458377,0.010233333,99216.25,0.600000009,1.31250002,-2.362500035,0.191425102,27.47779149544537,0.8646707954727499
2009-10-17,166.1333358,331.2208383,292.5625044,0.0080125,98767.5,0.0,1.650000025,-1.558333357,0.190395808,22.9024498583817,0.6123567190615947
2009-10-18,144.5750022,334.8291717,292.2250044,0.007991666,98523.75,0.0,2.304166701,-0.708333344,0.189362954,14.611216191936784,0.6223308075634959
2009-10-19,107.5541683,332.9583383,289.2000043,0.00795,98564.16667,1.900000028,1.791666693,2.054166697,0.18832975,11.799003134609674,0.7510627170375097
2009-10-20,168.5708358,312.458338,287.8458376,0.0080125,98980.41667,0.100000001,0.666666677,-2.2291667,0.18731116,11.027690072154808,0.8299506618161815
2009-10-21,165.7750025,306.2791712,288.5250043,0.007025,98846.25,0.0,1.59166669,-2.862500043,0.186278579,9.1313206166802,0.6952787507097101
2009-10-22,175.6250026,307.7708379,290.0000043,0.007308333,98834.58333,0.0,1.858333361,-3.625000054,0.185245366,7.973117459535209,0.6576191070506316
2009-10-23,168.4375025,308.1791713,290.2208377,0.00585,98897.5,0.0,1.437500021,-4.120833395,0.184212149,7.43629518795893,0.5193326846562447
2009-10-24,162.1250024,317.0833381,290.8458377,0.005891667,98897.5,0.0,1.466666689,-3.10833338,0.183193559,6.226131218769321,0.5025751363254938
2009-10-25,171.0750025,293.2000044,289.829171,0.004845833,98872.08333,0.0,1.308333353,-5.004166741,0.182160982,5.445642635162969,0.441010103044332
2009-10-26,168.2375025,301.2750045,290.3875043,0.004095833,98989.58333,0.0,1.56666669,-3.645833388,0.181127766,5.178601523870823,0.3600869015108419
2009-10-27,173.1291692,274.9166708,289.4708376,0.004383333,98970.83333,0.0,3.80833339,-8.200000122,0.180109175,4.941336575587578,0.4086221089588246
2009-10-28,168.9750025,255.1875038,286.2541709,0.0028625,99190.41667,0.0,2.145833365,-7.250000108,0.179076548,3.904395023473649,0.3298491387347578
2009-10-29,162.8500024,271.4208374,284.7708376,0.002395833,99196.66667,0.0,1.512500023,-4.750000071,0.178049186,3.255564642265394,0.3046886625569295
2009-10-30,163.0291691,285.5708376,286.0500043,0.0039125,99247.91667,0.0,0.887500013,-2.895833376,0.177007456,2.686374151488367,0.4572323748615507
2009-10-31,160.4875024,287.3083376,288.0375043,0.005691667,99310.41667,0.0,1.170833351,-2.400000036,0.175992422,2.209674034244116,0.5841780695070767
2009-11-01,155.079169,291.8083377,288.6083376,0.006208333,99162.08333,0.0,0.704166677,-2.608333372,0.174969729,2.045502267650465,0.6130932437599247
2009-11-02,152.5041689,291.729171,288.9458376,0.005833333,99196.66667,0.0,0.20416667,-2.270833367,0.173932026,1.940660280252236,0.5638091273412607
2009-11-03,151.8708356,287.3416709,288.9250043,0.005058333,99030.0,0.0,-0.862500013,-0.745833344,0.172908313,1.612257868412962,0.4887394193088838
2009-11-04,147.1708355,287.754171,288.5458376,0.005566667,98648.33333,0.0,-1.57916669,2.570833372,0.171870614,1.7931190986090797,0.5490989879287133
2009-11-05,74.83333445,319.1333381,287.3291709,0.007191666,98806.66667,0.0,-1.200000018,4.562500068,0.170846898,0.798032110114827,0.7691540105116572
2009-11-06,54.60416748,357.8458387,287.7125043,0.008358333,98998.33333,0.0,0.179166669,3.045833379,0.169809198,0.6679053357421414,0.8734953825967964
2009-11-07,145.9250022,290.6500043,285.4625043,0.006716666,98968.33333,0.0,1.56666669,-3.204166714,0.168785486,1.0742301535767926,0.8138241352534975
2009-11-08,140.2958354,261.7541706,283.8416709,0.003275,99043.75,0.0,1.537500023,-4.233333396,0.167762406,1.4427455206245745,0.4426036192112094
2009-11-09,130.7166686,260.6083372,282.8833375,0.002720833,98924.58333,0.0,0.712500011,-1.012500015,0.166724706,0.8312182067077352,0.3918509924215339
2009-11-10,121.5291685,286.4916709,284.4875042,0.0034,99237.08333,0.0,1.458333355,-1.641666691,0.165700994,1.1803200548493111,0.4408488850327541
2009-11-11,112.220835,318.5125047,285.2333376,0.004966667,98930.0,0.0,1.950000029,-1.029166682,0.164663291,1.2712397515820144,0.6107944397809796
2009-11-12,140.6291688,274.4416708,284.1375042,0.0048625,98500.83333,0.0,2.779166708,-3.920833392,0.163639579,1.2361424134312022,0.6406695063983519
2009-11-13,130.3916686,249.2291704,281.3208375,0.003066667,98556.25,0.0,2.341666702,-3.779166723,0.162616502,1.0495847869127777,0.4895723321818594
2009-11-14,135.9583354,256.0916705,281.2583375,0.003066667,99042.08333,0.0,1.208333351,-3.050000045,0.161578799,1.059983264587531,0.4941045517926427
2009-11-15,133.7583353,247.9500037,280.5458375,0.002341667,99503.75,0.0,0.287500004,-2.475000037,0.160555087,0.9761450951056204,0.3981453725071071
2009-11-16,133.2416687,244.733337,280.5125042,0.002525,99490.41667,0.0,-0.941666681,0.779166678,0.160075414,0.7297447819728577,0.4302504753274375
2009-11-17,128.1625019,248.4541704,279.5291708,0.002829167,99027.91667,0.0,0.208333336,2.337500035,0.159633991,0.7796776043727003,0.5137682423876078
2009-11-18,129.8625019,264.6375039,279.6041708,0.004245833,99122.91667,0.600000009,1.837500027,-2.858333376,0.159163957,0.796429839697163,0.7677439268136751
2009-11-19,120.0416685,248.7791704,279.3583375,0.003083333,99222.91667,0.0,0.875000013,-2.654166706,0.158707272,0.7855688344249346,0.5677575876951495
2009-11-20,46.24583402,273.1125041,279.0208375,0.004091667,98587.5,10.20000015,0.162500002,3.891666725,0.158251225,7.403930753220161,0.7664906055208296
2009-11-21,125.7458352,263.0333373,280.2958375,0.005354167,99215.0,0.200000003,0.862500013,-1.237500018,0.157809802,7.767944323206574,0.9235604493445814
2009-11-22,83.23333457,310.595838,280.1166708,0.0046875,99189.58333,1.500000022,1.041666682,0.333333338,0.157354391,11.603488485811564,0.8184677111558142
2009-11-23,123.2500018,255.1083371,280.6666708,0.004033333,99542.5,0.100000001,0.695833344,-4.995833408,0.156898345,14.446401389314014,0.6803322676490468
2009-11-24,110.3041683,271.612504,282.9291709,0.003166667,99537.5,0.0,-0.045833334,-3.204166714,0.156456922,13.406488429030883,0.457460098436457
2009-11-25,122.2958352,259.8333372,282.6416709,0.003358333,99402.91667,0.0,0.008333333,-2.608333372,0.156001508,8.162254132771043,0.4940468522993815
2009-11-26,114.1416684,260.3958372,283.1416709,0.003583333,99211.25,0.0,0.112500002,0.162500002,0.155530838,1.7977346690464946,0.5085764485583364
2009-11-27,109.095835,296.4250044,283.3375042,0.004929167,98863.75,0.500000007,1.725000026,-1.320833353,0.155074156,5.711294786336689,0.6879597844554023
2009-11-28,122.4875018,249.9083371,282.7333375,0.003808333,98953.33333,0.0,3.479166719,-9.816666813,0.154632733,5.4350133185895615,0.5542482170021003
2009-11-29,121.0375018,237.1833369,283.0791709,0.0017875,99187.08333,0.0,0.212500003,-6.125000091,0.154177322,5.6451959188361895,0.2547112835305114
2009-11-30,117.8041684,251.0375037,282.2416709,0.002566667,99171.66667,0.0,-0.316666671,-1.420833355,0.153721276,2.338081255073228,0.3871108672458145
2009-12-01,116.8333351,250.1166704,282.1750042,0.003358333,98969.58333,0.0,-0.504166674,-0.720833344,0.153265226,1.3007086740367244,0.5077847368349744
2009-12-02,117.8875018,243.3500036,280.9958375,0.003470833,98744.16667,0.0,-0.050000001,-1.062500016,0.152823803,1.0013256121507017,0.5677105041849809
2009-12-03,118.4166684,234.1875035,280.0166708,0.003054167,98860.0,0.0,0.416666673,-3.183333381,0.152368392,1.104629587328617,0.5352096830154756
2009-12-04,109.3666683,236.9458369,279.2791708,0.002983333,99349.58333,0.0,-0.425000006,-0.587500009,0.151897723,0.4875349198729743,0.5530966700144392
2009-12-05,117.1208351,241.5250036,279.1083375,0.0030125,98935.83333,0.0,0.770833345,-2.666666706,0.151455664,0.8656254597098297,0.5628648600017527
2009-12-06,111.8041683,213.6500032,275.7458374,0.002033333,98283.33333,0.0,1.55416669,-1.929166695,0.15100025,0.4710492982112459,0.4791628628932789
2009-12-07,80.4250012,284.7166709,274.8291708,0.0026125,97865.41667,0.0,1.816666694,-0.983333348,0.151947376,0.4980316367802904,0.6550153402000749
2009-12-08,114.3166684,209.3458365,272.2583374,0.001891667,98624.16667,0.0,0.566666675,-1.600000024,0.152903403,0.3111071142832703,0.577139691734386
2009-12-09,115.3833351,206.8833364,272.5166707,0.002075,99367.5,0.0,-0.958333348,-0.70000001,0.152300491,0.2369983808112195,0.6257574261644779
2009-12-10,82.18333456,238.3000036,272.5833374,0.001983333,99152.08333,0.0,-1.270833352,-0.137500002,0.151665154,0.2649402468985709,0.5938812817822859
2009-12-11,31.72083381,313.7791713,274.9875041,0.003045833,98746.66667,5.600000083,-1.662500025,1.187500018,0.150666149,4.8466241608704514,0.7617440066912573
2009-12-12,41.05833395,332.1208383,277.8041708,0.005083333,98295.41667,21.40000032,-2.2291667,4.337500065,0.149416006,12.230017522631115,1.0343581240433697
2009-12-13,57.99166753,329.1625049,279.9166708,0.0058375,97983.75,7.300000109,0.21666667,3.641666721,0.148205922,15.606347689728384,1.0209638903478873
2009-12-14,83.15000124,293.8208377,280.0250042,0.0057,99179.16667,0.0,-0.237500004,2.245833367,0.147508278,8.78568020126349,1.0015080052898768
2009-12-15,36.67916721,333.262505,280.9708375,0.005866667,99385.0,0.900000013,-3.054166712,5.329166746,0.146978481,9.789856773901889,0.9674810697727648
2009-12-16,52.36250078,342.4000051,282.3333375,0.006295833,99546.66667,11.70000017,-1.98750003,4.150000062,0.14662318,22.660807516272502,0.9472028915549524
2009-12-17,97.43750145,292.8000044,281.2083375,0.005820833,99748.75,0.0,-0.47083334,-0.141666669,0.146300677,10.952275318977703,0.947804729333971
2009-12-18,104.5333349,297.1666711,282.1833375,0.005383333,99689.16667,0.0,0.095833335,-0.633333343,0.145990889,12.486958750145565,0.8194195226632361
2009-12-19,87.75416797,292.7500044,282.7125042,0.005366667,99372.5,0.0,0.429166673,-1.712500026,0.145681102,9.061508162723385,0.7854611566998788
2009-12-20,50.75416742,315.095838,281.9708375,0.005770833,99098.33333,0.100000001,-0.620833343,2.295833368,0.145371314,5.1827421512852805,0.8859657761448638
2009-12-21,59.38333422,311.6000046,281.9916709,0.006570833,98891.66667,4.900000073,-0.070833334,2.737500041,0.145061523,5.287566586287476,1.0052488671724966
2009-12-22,100.7250015,258.9333372,280.9458375,0.004820833,98695.41667,0.100000001,3.366666717,-4.433333399,0.144766358,15.089114326563552,0.7908568039409952
2009-12-23,109.4375016,235.4000035,279.2000042,0.003020833,99409.58333,0.0,0.816666679,-5.212500078,0.144457206,18.483044013466102,0.5634982031884961
2009-12-24,109.9666683,234.9541702,278.3375041,0.002370833,99454.16667,0.0,-0.120833335,-4.316666731,0.144147418,13.16604692922859,0.4700651599477382
2009-12-25,110.2041683,236.8791702,278.3083375,0.002958333,99166.25,0.0,-0.858333346,-1.691666692,0.14383763,4.823892526673847,0.5860539630577849
2009-12-26,90.64583468,247.770837,277.3791708,0.003016667,98824.16667,0.100000001,-1.545833356,1.500000022,0.143527843,3.4627943141877555,0.636010823497944
2009-12-27,80.81666787,311.0541713,278.5875042,0.004604167,99157.08333,6.800000101,-1.36250002,3.187500047,0.143232678,16.88059055356184,0.8942674023312007
2009-12-28,62.28333426,279.7375042,278.1666708,0.0046,99430.0,0.0,-0.183333336,-1.333333353,0.142923526,2.8363104324209725,0.9228693316628882
2009-12-29,65.72083431,272.8791707,277.8208375,0.004033333,99150.83333,0.0,0.116666668,-0.475000007,0.142613738,2.063856558290741,0.8268702337737381
2009-12-30,100.0750015,300.3583378,278.2875041,0.004829167,99290.41667,3.900000058,-0.43333334,1.525000023,0.142303951,14.818039314588868,0.9592766671486752
2009-12-31,51.4708341,313.433338,279.3208375,0.004866667,99790.41667,0.0,-1.691666692,2.283333367,0.142008786,7.809755559864836,0.9036264505664404
2010-01-01,38.53750057,340.6041717,281.2875042,0.006054167,99815.41667,4.100000061,-1.287500019,4.666666736,0.141699634,10.484236060631918,0.9811002478241484
2010-01-02,93.26250139,291.7500043,281.9583375,0.0063625,99744.58333,0.100000001,-0.837500012,0.416666673,0.141389846,7.510626296090095,0.9840120743468423
2010-01-03,98.55416814,277.3791708,280.9083375,0.0047875,99472.91667,0.0,-0.43333334,-1.78333336,0.141080055,9.10160932008539,0.7936254579332314
2010-01-04,102.1708349,257.8333372,279.1000042,0.0039,99364.16667,0.0,-0.441666673,-0.65000001,0.14078489,4.861671993884972,0.7322699851455764
2010-01-05,85.01250127,268.700004,279.2875042,0.0035,99332.5,0.0,0.658333343,-1.875000028,0.140475738,6.366541188610629,0.6483950289440104
2010-01-06,53.6625008,301.2083378,279.9041708,0.003895833,99347.5,0.0,1.062500016,-2.454166703,0.140165951,5.563026773723471,0.6914555053328226
2010-01-07,100.7791682,297.6875044,280.5333375,0.004829167,99302.5,0.0,0.754166678,-2.233333367,0.139856163,5.631245207741887,0.8201344925356963
2010-01-08,44.24166733,312.3041713,281.1500042,0.0054,99254.58333,0.0,-0.250000004,-0.479166674,0.139546375,1.5827088556674744,0.8784441237166312
2010-01-09,68.36250102,295.1375044,280.0583375,0.0053125,99546.66667,0.0,-0.933333347,0.825000012,0.139249939,1.639539812822768,0.9347147945694116
2010-01-10,84.61250126,291.7083377,281.0333375,0.0048125,99500.83333,0.0,-0.741666678,0.583333342,0.1389268,2.360680540755554,0.7911464087758383
2010-01-11,92.41250138,310.1375046,281.6958375,0.004533333,99347.5,0.0,-1.816666694,2.366666702,0.138617012,2.9698694948686324,0.7109880838851227
2010-01-12,52.72500079,332.0333383,282.5166709,0.006279167,98849.58333,10.80000016,-2.441666703,6.47083343,0.138321848,19.146566150997003,0.9264367792537052
2010-01-13,75.21250112,323.9916715,283.7791709,0.007058333,98895.0,10.60000016,-0.037500001,4.104166728,0.138012696,20.13424839060396,0.9564923422219712
2010-01-14,100.2875015,279.9875042,282.5416709,0.005608333,99802.5,0.0,0.504166674,-2.141666699,0.137702908,12.306612270460834,0.8340173611202123
2010-01-15,99.32916815,288.3375043,280.8291709,0.0049125,99432.08333,0.0,-0.545833341,0.583333342,0.13739312,10.921653581551142,0.8184710453212012
2010-01-16,103.0416682,284.0333376,280.8291709,0.005070833,98832.08333,0.0,-1.729166692,2.958333377,0.137856081,12.252892473014615,0.8397528297196765
2010-01-17,41.15833395,337.1791717,281.0541709,0.0056375,98403.75,2.100000031,-1.004166682,4.912500073,0.138338021,11.651855588666558,0.915238365476626
2010-01-18,53.9125008,341.3833384,282.1291709,0.006808333,97490.41667,27.50000041,-3.541666719,7.491666778,0.138819321,14.687211888618608,1.0172224259491771
2010-01-19,64.85000097,335.7541717,281.9083375,0.00645,96932.91667,36.20000054,-2.45833337,9.612500143,0.139300625,26.01601785746337,0.9727462772293692
2010-01-20,63.81250095,331.0000049,281.1291709,0.0062375,96504.16667,41.80000062,-2.991666711,8.562500128,0.139796551,21.125680584047146,0.9879826774717394
2010-01-21,65.35833431,323.6750048,280.1708375,0.005925,96037.91667,21.30000032,-1.895833362,4.225000063,0.140278487,17.914627117551735,0.997912487433794
2010-01-22,84.23333459,300.3083378,278.6625042,0.005229167,96118.33333,3.900000058,0.800000012,0.820833346,0.140759791,17.4456534888908,0.97935909231685
2010-01-23,49.15833407,304.4625045,278.4041708,0.005025,98052.08333,2.300000034,-0.029166667,2.70000004,0.141255714,8.042699189530989,0.977659712785238
2010-01-24,46.00000069,315.870838,279.1500042,0.005470833,99354.16667,6.000000089,-2.029166697,3.379166717,0.141737654,7.922300040195131,1.0235202216025692
2010-01-25,38.32916724,337.112505,279.6125042,0.005741667,99032.91667,35.10000052,-3.812500057,4.666666736,0.142233581,9.889840274196516,1.036679862138526
2010-01-26,78.24166783,327.0791715,280.0416708,0.005925,98512.5,11.00000016,-1.454166688,2.158333365,0.142715517,21.17943264109824,1.032846887644032
2010-01-27,120.1416685,270.4541707,280.5458375,0.005541667,98843.33333,0.0,0.004166667,-3.050000045,0.143211443,13.2617331575696,0.9359763962077462
2010-01-28,115.9166684,275.3333374,280.7666709,0.004554167,99051.25,0.0,-0.066666668,-2.020833363,0.143693379,15.322771427003952,0.7591315877388083
2010-01-29,92.92916805,301.3458378,281.0166709,0.0052875,98893.33333,0.0,-1.254166685,2.095833365,0.144174683,11.673522532559238,0.864919282991583
2010-01-30,86.87083463,316.5625047,281.8333375,0.006195833,98818.75,1.200000018,-0.179166669,1.670833358,0.144670606,10.558518775357795,0.9574953761167566
2010-01-31,97.46250145,295.4375044,281.7000042,0.0057875,98933.33333,0.0,-0.812500012,-0.43333334,0.145152545,7.364365124416818,0.9036440458714744
2010-02-01,92.12083471,289.6875043,280.8541709,0.005295833,98699.16667,0.0,-1.78333336,1.937500029,0.145633849,5.769498047000492,0.8743245667172077
2010-02-02,91.5208347,309.0000046,280.8333375,0.0054,98465.0,0.0,-0.975000015,0.625000009,0.146129772,6.5184066426285066,0.8906867059012946
2010-02-03,129.5916686,288.466671,281.2791709,0.005545833,98302.08333,0.0,-0.183333336,2.512500037,0.146611712,5.658199207282383,0.8856043448746599
2010-02-04,99.43333482,308.4375046,281.9083375,0.00585,98202.5,4.300000064,-2.291666701,4.112500061,0.147093012,13.067516723077478,0.8938136694272091
2010-02-05,91.47500136,328.5958382,282.7666709,0.006695833,98187.91667,22.00000033,-2.895833376,5.370833413,0.147588939,29.671349227443063,0.9647571616798488
2010-02-06,70.55000105,333.762505,282.6250042,0.006708333,98326.66667,7.000000104,-2.2666667,5.033333408,0.148070878,22.631968933200135,0.9772899954627576
2010-02-07,147.4708355,286.0958376,281.0916709,0.0057,98690.41667,3.400000051,1.887500028,-2.066666697,0.148552178,33.229008805457994,0.9256867034462312
2010-02-08,139.6541687,267.0291706,280.8458375,0.0053125,98875.41667,0.0,1.075000016,-1.637500024,0.149033482,17.690439097529097,0.879147886841521
2010-02-09,86.90000129,314.0666713,279.5458375,0.005408333,98578.75,9.600000143,-0.037500001,-0.24166667,0.149529405,21.636359028550075,0.9765462873001426
2010-02-10,104.8208349,264.2083373,279.8958375,0.005104167,98895.41667,0.0,1.116666683,-2.020833363,0.150011345,9.30573110944583,0.902318189788088
2010-02-11,60.5750009,324.8333382,280.7500042,0.0058875,99234.58333,0.0,-0.654166676,2.162500032,0.150492648,10.14066631783922,0.9843328969678612
2010-02-12,107.1916683,334.3416716,282.2875042,0.0064875,99372.08333,0.0,-2.054166697,5.004166741,0.150988572,17.00899470326565,0.9773771259112698
2010-02-13,161.3833357,276.4458375,283.0041709,0.006091667,99520.41667,0.0,-1.300000019,2.091666698,0.151470511,14.599748980366815,0.8753933047440374
2010-02-14,125.6291685,274.5875041,283.2833376,0.0057,99399.58333,0.0,-0.058333334,-0.166666669,0.151951811,6.181697731516996,0.8027918363043155
2010-02-15,157.0958357,283.3958376,284.1333376,0.006066667,99352.08333,0.0,1.004166682,-2.966666711,0.152433115,10.72602361332881,0.8064607647706755
2010-02-16,151.2375023,295.4916711,285.3208376,0.006841666,99226.25,0.0,1.045833349,-2.825000042,0.152966527,8.436788506772626,0.8389978174332569
2010-02-17,167.0125025,289.1708376,285.7458376,0.006704166,99019.16667,0.0,0.479166674,-2.679166707,0.153472963,7.971534614595592,0.7975812235556419
2010-02-18,170.7916692,278.2833375,285.1750042,0.0066875,98650.83333,0.0,-0.062500001,0.020833334,0.15399275,7.739103098002584,0.8232921907419217
2010-02-19,171.2708359,279.9541708,284.1791709,0.006854166,98398.75,0.0,-0.287500004,2.2416667,0.154498547,4.876627328875993,0.8996285025971508
2010-02-20,173.9083359,277.2000041,283.1083376,0.005870833,98316.66667,0.0,1.525000023,-0.104166668,0.155032957,5.163790666637558,0.8275907630097833
2010-02-21,159.3458357,268.5916707,281.5625042,0.0055625,98415.0,0.0,2.016666697,0.575000009,0.155554012,3.4408644176110843,0.8721469380469642
2010-02-22,181.4916694,251.4333371,280.5291708,0.004504167,99076.25,0.0,-0.133333335,-1.891666695,0.15605502,3.845359664289164,0.763417163026554
2010-02-23,87.55833464,293.9250044,280.8500042,0.004241667,99425.0,11.60000017,-2.350000035,2.537500038,0.156589669,25.834713556882587,0.7056379966866196
2010-02-24,110.1750016,333.6916716,280.7083375,0.006120833,99118.33333,14.10000021,-1.82083336,3.762500056,0.157111282,32.33353162582571,1.02509129366127
2010-02-25,137.2583354,285.8416709,281.2083375,0.005875,99465.0,0.0,-0.841666679,0.304166671,0.15761763,18.134811095581306,0.953903468079664
2010-02-26,80.7750012,342.5875051,282.7625042,0.006716666,98780.0,15.60000023,-3.683333388,6.7125001,0.158137902,31.073009991457184,0.9738701711842308
2010-02-27,112.4666683,307.3958379,280.9041709,0.006,97910.0,3.300000049,-1.162500017,1.187500018,0.158644112,22.93485376758863,0.9792759036910672
2010-02-28,174.0708359,271.9166707,282.3250042,0.0055375,98426.25,0.0,0.600000009,-2.491666704,0.15917888,29.754312038061517,0.8242036185924153
2010-03-01,181.420836,294.5000044,283.7791709,0.005316667,98936.25,0.0,-1.404166688,2.587500039,0.159685708,35.6719797396128,0.7207753470554332
2010-03-02,147.3500022,318.8208381,283.2291709,0.0064125,98587.08333,3.800000057,-0.587500009,4.4958334,0.160206026,33.747979067908055,0.8990476616285551
2010-03-03,90.22083468,327.5208382,282.4041709,0.006266667,98489.16667,9.000000134,0.25416667,5.283333412,0.160726909,32.87701299276101,0.928306741981546
2010-03-04,209.6708365,272.4333374,279.8666708,0.005116667,98740.0,3.000000045,1.14583335,-1.262500019,0.161233129,41.71879245477184,0.9049405918029104
2010-03-05,161.0958357,287.554171,279.4666708,0.0046125,98984.16667,0.0,-1.283333352,1.870833361,0.161753424,29.503048465408877,0.8409055735690781
2010-03-06,164.2208358,303.4333379,281.5125042,0.004970833,98471.25,0.0,-0.529166675,-1.454166688,0.162274438,27.891784572939414,0.7825048701230471
2010-03-07,222.6375033,275.6000041,283.7708376,0.005420833,98272.5,0.0,1.937500029,-2.2041667,0.162795412,28.803197107968103,0.7303767032003143
2010-03-08,204.062503,272.3583374,283.2791709,0.005629167,98572.5,0.0,3.516666719,-0.658333343,0.163316327,17.19820465619391,0.7864404693628982
2010-03-09,193.9500029,260.8250039,279.3333375,0.003825,99164.16667,0.0,2.92916671,-3.225000048,0.163822678,12.224893054762424,0.7051399513080107
2010-03-10,201.137503,273.4583374,279.5041708,0.004241667,99195.0,2.500000037,1.900000028,-0.87916668,0.164342981,18.72993029676721,0.7729206329347492
2010-03-11,161.0333357,267.725004,279.9000042,0.004158333,99375.0,0.0,0.250000004,-0.233333337,0.164878522,10.261565596128037,0.7384638172808913
2010-03-12,85.62500128,325.0666715,281.8416709,0.0058625,99088.75,6.900000103,-0.787500012,4.01250006,0.165385404,19.80905587579457,0.9079398761984676
2010-03-13,208.7750031,263.7958373,280.2916708,0.005104167,99244.16667,0.600000009,1.279166686,-1.629166691,0.165900553,25.33280678063821,0.8809502637005809
2010-03-14,239.9916702,250.9000037,280.6333375,0.0035,99422.5,0.0,1.004166682,-4.795833405,0.166410024,33.096811659700435,0.5910195055174238
2010-03-15,238.2833369,263.5791706,282.6541709,0.004525,99537.5,0.0,-0.587500009,-1.083333349,0.166933853,20.49059835620924,0.6660110047773456
2010-03-16,193.0458362,295.6375044,286.0291709,0.005975,99638.33333,0.0,-0.450000007,0.545833341,0.166813092,14.97109448707612,0.7019791288579378
2010-03-17,232.4625035,301.4375045,287.6583376,0.006366667,99516.66667,0.0,0.395833339,-3.550000053,0.166635028,16.01553150979508,0.6712078426907817
2010-03-18,258.4291705,264.4041706,286.0958376,0.0053125,99010.41667,0.0,0.516666674,-5.216666744,0.166484943,13.65653592414754,0.6174822332392169
2010-03-19,264.7000039,246.3791703,286.3666709,0.0041875,99054.16667,0.0,-0.425000006,-3.762500056,0.166321502,12.626012869861642,0.4783020492577287
2010-03-20,252.7166704,259.4500039,286.8166709,0.0049625,99174.58333,0.0,-0.90416668,2.004166697,0.166157425,10.062277827376084,0.5509380398887709
2010-03-21,248.7041704,271.8875041,285.0500042,0.005395833,99294.58333,0.0,0.404166673,1.029166682,0.165993352,9.139694236405044,0.674205156592239
2010-03-22,262.5208372,276.2583374,285.6125043,0.005895833,99180.0,0.0,1.550000023,-3.087500046,0.165843898,9.334241605805012,0.7087978596655398
2010-03-23,269.2333373,257.5375038,285.7208376,0.0046125,99046.25,0.0,0.741666678,-5.137500077,0.165680461,10.980100177965882,0.5498008601500137
2010-03-24,242.895837,276.8083375,286.0083376,0.005083333,98929.16667,0.0,-0.220833337,1.429166688,0.165516385,8.026687698634294,0.5937880548509611
2010-03-25,179.2041693,311.733338,283.8458376,0.0061875,98921.25,2.400000036,1.754166693,3.995833393,0.165352308,8.651924378767141,0.8349481849425527
2010-03-26,231.2083368,273.8625041,281.7791709,0.004841667,99541.66667,0.0,1.495833356,-1.604166691,0.165188235,8.888823407321016,0.7564986602961522
2010-03-27,272.0791707,259.6625039,283.0458376,0.0042875,99577.5,0.0,-1.158333351,-0.912500014,0.165024158,10.429009329824543,0.6147428305380283
2010-03-28,232.3333368,284.1791709,284.6791709,0.005141667,99420.83333,0.0,-0.45833334,3.508333386,0.164874708,9.119415135595322,0.6593954566019556
2010-03-29,116.7166684,346.7833385,286.4250043,0.007279166,98932.91667,0.900000013,0.562500008,4.633333402,0.164711267,6.499358233510629,0.8272290680956939
2010-03-30,181.0375027,333.8166716,285.1625042,0.0071125,98175.0,3.000000045,3.666666721,5.670833418,0.164547194,13.86102425702528,0.8721161419370042
2010-03-31,219.0208366,297.8875044,280.2500042,0.0047625,98365.83333,0.70000001,1.966666696,4.295833397,0.164383118,13.165172759675556,0.817062914027342
2010-04-01,185.9750028,317.8375047,280.9875042,0.005054167,98637.08333,2.70000004,1.320833353,-1.037500015,0.164233664,22.03622809483393,0.8262681877925169
2010-04-02,84.34166792,318.6416714,281.0500042,0.005308333,98947.08333,4.800000072,0.870833346,2.791666708,0.164055604,15.960733061324156,0.8668058597830497
2010-04-03,201.050003,285.7625043,279.8458375,0.004945833,98905.83333,0.0,1.741666693,0.029166667,0.163890891,23.29263314180322,0.8774667066005225
2010-04-04,192.8083362,296.7375044,280.0916708,0.004729167,98341.25,13.00000019,0.104166668,4.608333402,0.163741441,64.7490184345621,0.820103072634106
2010-04-05,196.3583363,298.3583378,279.7583375,0.0049,98198.75,7.500000112,2.066666697,3.558333386,0.163563378,60.44888168605082,0.8683932043862266
2010-04-06,291.7708377,259.7958372,280.4875042,0.0043625,99681.25,0.0,1.266666686,-1.412500021,0.163413288,50.58740865175543,0.7460690970846985
2010-04-07,303.4250045,267.3916707,283.8541709,0.0047125,99712.08333,0.0,0.695833344,-4.020833393,0.163249851,49.73756475047018,0.6406342572925056
2010-04-08,306.6458379,275.7500041,285.8500043,0.00555,99029.58333,0.0,2.150000032,-2.991666711,0.163100397,33.42196785402056,0.6557978021099857
2010-04-09,308.1791713,260.9041706,284.8750042,0.004641667,98672.5,0.0,1.466666689,-6.662500099,0.162922337,23.70832624353537,0.5831096878239733
2010-04-10,195.6541696,300.3791711,284.7916709,0.005141667,98212.91667,0.0,-0.129166669,1.787500027,0.162771524,13.02159213760956,0.6465029627522025
2010-04-11,168.9250025,314.3250047,282.8833375,0.006066667,98195.0,19.60000029,-3.12083338,6.233333426,0.16261449,66.70417873684306,0.8672700853285659
2010-04-12,176.0750026,329.9208382,281.7125042,0.006133333,97891.25,21.30000032,-1.900000028,6.920833436,0.162443102,63.17859451485912,0.9467431178737388
2010-04-13,239.7458369,302.1458378,283.1541709,0.006304167,98727.08333,2.200000033,1.087500016,0.683333344,0.162285137,50.13675803996951,0.8896199436926426
2010-04-14,220.81667,302.4250045,283.4291709,0.005608333,98822.08333,0.500000007,0.679166677,1.016666682,0.162134984,38.55771124092091,0.7775874042701079
2010-04-15,285.2000042,284.9666709,283.6291709,0.005329167,98962.91667,0.0,-0.425000006,-0.337500005,0.161951018,37.26828821657826,0.7300100997688652
2010-04-16,314.183338,289.091671,285.3041709,0.005804167,99028.75,0.0,0.508333341,2.491666704,0.162075401,31.84302354178078,0.7111402825863711
2010-04-17,308.9708379,283.6250042,285.9333376,0.006016667,99039.58333,0.0,0.950000014,0.608333342,0.162212421,24.65464469593812,0.7070978446299372
2010-04-18,326.3291715,282.0500042,288.1583376,0.006191667,98567.08333,0.0,0.704166677,-2.250000034,0.162334597,21.27331761590011,0.6257995458779005
2010-04-19,182.1250027,310.783338,287.2791709,0.006320833,98369.58333,0.0,0.375000006,1.550000023,0.1624694,10.61449811358227,0.6752348902841643
2010-04-20,216.3083366,339.6333384,285.7875043,0.006954166,98269.58333,3.800000057,1.787500027,3.395833384,0.162587653,26.43267476708185,0.818795056032805
2010-04-21,195.1625029,312.2916713,281.8333375,0.005616667,98254.16667,2.600000039,3.754166723,-3.545833386,0.162720283,23.2116020681076,0.8630327546012353
2010-04-22,314.145838,287.466671,283.7458376,0.005375,98000.83333,0.0,2.595833372,-4.850000072,0.162840656,30.129468403478576,0.7234171506303269
2010-04-23,332.6458383,280.5833375,285.8208376,0.005958333,98599.58333,0.0,0.42083334,-1.233333352,0.162976257,28.72471414493988,0.7023463098856086
2010-04-24,334.187505,283.8000042,286.8791709,0.0061125,99127.08333,0.0,1.254166685,-1.858333361,0.163113124,22.765713070372165,0.6755054125800914
2010-04-25,340.8166717,280.0708375,289.1708376,0.005291667,99257.08333,0.0,0.779166678,-3.37500005,0.163234767,22.464714305321973,0.5043839998400196
2010-04-26,310.895838,272.3541707,288.0958376,0.0044875,98715.0,0.0,0.862500013,-0.541666675,0.163370811,16.733993574948194,0.4560888328088955
2010-04-27,215.7750032,340.7833384,286.5416709,0.006491667,98167.5,3.400000051,1.754166693,5.100000076,0.163492701,23.110154218768,0.7264187105240534
2010-04-28,224.60417,316.7541714,284.4875042,0.006145833,98579.58333,0.400000006,3.450000051,3.866666724,0.163625525,15.618924117159676,0.791597787057566
2010-04-29,323.3666715,270.2166707,282.7166709,0.004745833,98888.33333,0.200000003,3.270833382,-2.837500042,0.16375526,17.118016852875893,0.6910164253872328
2010-04-30,335.3458383,259.3375039,282.7541709,0.003920833,99186.66667,0.0,2.225000033,-5.637500084,0.163879248,16.214029205425756,0.5711574072097729
2010-05-01,331.5958383,276.7583375,285.1458376,0.004625,98933.33333,0.0,2.208333366,-5.475000082,0.164012466,15.977648470986423,0.5721209173955992
2010-05-02,344.9791718,278.6208375,288.0583376,0.0050875,98852.5,0.0,1.837500027,-6.166666759,0.164131388,17.484054099508167,0.5190557152962265
2010-05-03,337.4083384,302.2041712,291.1500043,0.006245833,99208.75,0.0,1.812500027,-3.825000057,0.164267854,16.681939226011615,0.5242231837979773
2010-05-04,337.7208384,289.8333377,289.3875043,0.00595,99360.83333,0.0,1.870833361,-3.958333392,0.1644036,14.22231009267202,0.559851553439606
2010-05-05,353.9000053,269.412504,288.429171,0.003983333,99048.75,0.0,2.454166703,-5.658333418,0.164525073,15.878103635210978,0.3975103998444382
2010-05-06,345.6041718,260.1041705,287.804171,0.003979167,99235.0,0.0,1.175000018,-6.116666758,0.164660649,14.10751945279976,0.4143546530760595
2010-05-07,348.7291719,271.1958374,287.0916709,0.004120833,99102.91667,0.0,1.220833352,-3.55416672,0.164782226,11.97604856042324,0.4489824897335568
2010-05-08,348.9208385,284.6541709,287.2416709,0.004654167,98835.0,0.0,2.150000032,-0.716666677,0.164917801,11.125212112014331,0.5007713345063782
2010-05-09,239.5291702,307.6208379,286.4041709,0.0064375,98671.25,0.0,2.512500037,0.245833337,0.165039384,6.801740431358466,0.7306477223286837
2010-05-10,178.6750027,325.6583382,285.0000042,0.006666666,98882.5,2.200000033,3.116666713,3.045833379,0.165160333,6.838691564942624,0.8323090129135772
2010-05-11,330.5333383,276.8875041,282.4333375,0.004683333,99188.33333,0.0,2.787500042,-2.279166701,0.165295909,9.923151834402312,0.6972990539016997
2010-05-12,347.1041718,288.6000043,288.166671,0.0057,99142.91667,0.0,1.766666693,-4.479166733,0.165417465,12.53190718412404,0.5791577616198029
2010-05-13,348.7791719,297.8875044,289.441671,0.0056125,98673.33333,0.0,1.220833352,-3.404166717,0.165553024,12.59401490669615,0.5226149516771922
2010-05-14,355.5208386,301.5375045,291.7958377,0.005704167,98645.0,0.0,0.991666681,-2.083333364,0.165674588,12.618845363789196,0.4569521113999019
2010-05-15,345.2208385,308.6958379,291.8125043,0.006325,98744.16667,0.0,0.670833343,-0.862500013,0.165810164,11.53667191220701,0.5066615043208105
2010-05-16,316.4291714,322.2250048,291.9125043,0.007120833,98500.83333,0.0,1.137500017,0.220833337,0.166304774,9.896588939535995,0.5654226222265188
2010-05-17,221.3208366,339.7333384,289.2583376,0.007479166,98259.16667,1.800000027,0.483333341,2.754166708,0.166814959,9.621074953332398,0.7017498218915875
2010-05-18,219.3208366,345.7708385,285.1958376,0.00675,98810.83333,0.500000007,0.412500006,2.441666703,0.167325203,8.573799673636774,0.8311799055974363
2010-05-19,111.7416683,348.1083385,288.0583376,0.0074625,99095.83333,0.100000001,0.712500011,1.054166682,0.167850123,4.668457352778078,0.7632409022583617
2010-05-20,330.8375049,292.9375044,285.7291709,0.006183333,99255.0,0.0,2.112500031,-2.175000032,0.168361074,8.847966070659089,0.738186295817344
2010-05-21,366.7291721,267.425004,286.8916709,0.004141667,98803.33333,0.0,4.404166732,-2.91666671,0.168886034,10.353331659584704,0.455835002131195
2010-05-22,323.4666715,268.050004,283.4333376,0.004079167,98849.58333,1.500000022,4.287500064,-1.750000026,0.169396919,10.036623150447788,0.5655688420443433
2010-05-23,352.0166719,271.150004,283.5708376,0.003804167,98675.41667,0.400000006,3.004166711,-4.491666734,0.16990718,10.820896809171073,0.5216450025937158
2010-05-24,180.8416694,315.6416714,286.6958376,0.005116667,98732.5,0.0,1.666666692,0.42083334,0.170432052,6.630836250362959,0.5700345404424301
2010-05-25,147.1666689,354.7250053,286.1291709,0.007145833,98806.66667,1.600000024,-1.429166688,3.525000053,0.170942892,7.423281169884852,0.8270400311456418
2010-05-26,244.0041703,329.0583382,284.9541709,0.006683333,98597.5,0.800000012,-0.162500002,3.78333339,0.171453136,10.68450579758645,0.8345334024740366
2010-05-27,202.4041697,319.0750048,284.6541709,0.006104167,98482.91667,10.20000015,0.875000013,3.995833393,0.171963355,59.61161119205117,0.7767445908595109
2010-05-28,335.0541717,299.5000045,283.9958376,0.005604167,99036.66667,1.000000015,1.962500029,0.691666677,0.172473621,61.64205321256446,0.7495100772516844
2010-05-29,371.9125055,285.9875043,287.8000043,0.005604167,99376.66667,0.0,1.258333352,-4.004166726,0.172983945,47.348046895357285,0.5845594947046902
2010-05-30,362.3958387,302.0666712,291.3708377,0.005620833,98892.5,0.0,1.016666682,-3.545833386,0.173508849,31.216588007849797,0.4637166688390297
2010-05-31,307.3666712,333.650005,292.279171,0.0060375,98509.16667,0.0,2.550000038,-1.016666682,0.174019742,20.048339066635148,0.4684846122729124
2010-06-01,321.1541715,338.550005,291.929171,0.00865,98600.83333,0.0,2.2041667,-0.029166667,0.174529966,14.880266738466425,0.6868187360017615
2010-06-02,304.7250045,346.2083385,292.5708377,0.0087875,98753.75,0.0,2.079166698,0.308333338,0.175040234,12.345053770100533,0.6711412874944597
2010-06-03,210.9000031,382.0875057,292.1375044,0.009954166,98720.83333,0.0,1.904166695,1.804166694,0.175550473,7.94543989494352,0.7810004055770489
2010-06-04,254.7208371,387.9791724,293.3125044,0.0101375,98704.58333,0.0,0.42083334,3.612500054,0.176074881,8.89949100096822,0.7387325070389724
2010-06-05,327.4375049,361.5833387,293.7125044,0.009720833,98905.0,0.0,1.295833353,0.91666668,0.176598804,10.57814039462832,0.6923213706556418
2010-06-06,344.3958385,356.3500053,295.5083377,0.010370833,98845.0,0.0,2.075000031,0.395833339,0.177108054,9.937791121837174,0.6605900174397245
2010-06-07,346.1208385,338.2583384,295.6708377,0.0103875,98755.83333,0.0,1.937500029,-1.562500023,0.177616672,8.709839849919558,0.6544960088605102
2010-06-08,347.3916718,331.5333383,295.2791711,0.0090375,98642.91667,0.0,1.400000021,-0.870833346,0.178139909,8.341108589038466,0.5826318042673613
2010-06-09,329.3250049,346.5833385,294.7125044,0.009229166,98785.83333,0.0,2.120833365,1.033333349,0.178649158,7.80080243928821,0.6170321721751463
2010-06-10,363.3708387,300.6458378,292.241671,0.0070875,98902.91667,0.0,3.875000058,-4.437500066,0.179157776,7.962057143643938,0.5534639028604508
2010-06-11,364.9666721,295.5291711,292.166671,0.005491667,98862.91667,0.0,2.220833366,-8.29166679,0.17966639,9.64778067124557,0.4307019377205603
2010-06-12,364.4666721,306.0458379,294.3333377,0.005795833,98816.25,0.0,0.462500007,-6.295833427,0.180189627,9.647618632282205,0.3968105765074241
2010-06-13,363.1375054,322.3416715,297.1416711,0.0066125,98867.91667,0.0,0.037500001,-3.479166719,0.18069888,9.000541288747295,0.3813329883642182
2010-06-14,359.8750054,327.6041715,297.1291711,0.0062375,98714.58333,0.0,1.166666684,-1.637500024,0.181207494,8.414309935374376,0.3594217433585404
2010-06-15,356.741672,322.4708381,295.1833377,0.007391666,98282.08333,0.0,1.670833358,-2.270833367,0.181730731,8.302911098166641,0.4775926296218276
2010-06-16,369.9166722,292.204171,294.2958377,0.0053125,98479.16667,0.0,2.616666706,-6.183333425,0.182353794,10.23461304075594,0.3633219063685076
2010-06-17,356.241672,301.1625045,293.4333377,0.005058333,98778.75,0.0,1.050000016,-3.475000052,0.182966547,8.601696550251853,0.3661119702207987
2010-06-18,355.691672,300.5833378,292.7583377,0.004745833,98414.16667,0.0,2.129166698,-2.070833364,0.183593291,8.3290089351818,0.356987789234955
2010-06-19,362.7541721,301.3375045,291.154171,0.006908333,98742.5,0.0,2.312500034,-0.89166668,0.184206045,7.318946063829468,0.5769501736881167
2010-06-20,363.4583387,300.4541711,291.0708377,0.006295833,98923.33333,0.0,2.137500032,-3.079166713,0.184818162,7.660013114410429,0.5295568649508793
2010-06-21,365.1500054,310.3500046,294.0000044,0.005804167,98728.33333,0.0,1.625000024,-5.366666747,0.185444902,9.34776084327826,0.4053240052085384
2010-06-22,357.554172,324.7625048,296.1000044,0.006579167,98739.16667,0.0,1.14583335,-2.704166707,0.186057655,8.218065947328501,0.4037224238060495
2010-06-23,357.741672,336.025005,296.8750044,0.006441667,98685.0,0.0,1.512500023,-1.679166692,0.186669773,8.057018030064242,0.3768441015696804
2010-06-24,347.9541719,337.262505,296.5208378,0.006791666,98570.83333,0.0,1.670833358,-0.954166681,0.187296517,7.458052959635324,0.4055036655597132
2010-06-25,353.5541719,339.4333384,294.7416711,0.008029166,98577.08333,0.0,1.245833352,-0.262500004,0.18790927,7.006181877002403,0.5347054479554225
2010-06-26,355.829172,349.2041719,297.4333378,0.008591666,98510.83333,0.0,1.600000024,-3.125000047,0.18853601,8.088404810185578,0.4850351511007725
2010-06-27,359.616672,346.3125052,300.0333378,0.007820833,98285.41667,0.0,1.083333349,-4.295833397,0.189148764,8.74350746546448,0.3769818827614725
2010-06-28,357.1958387,352.1166719,301.1750045,0.007433333,97997.91667,0.0,1.445833355,-4.145833395,0.189760881,8.705436960594673,0.3339655528477629
2010-06-29,357.716672,349.4833385,301.0916712,0.0071,98038.75,0.0,2.220833366,-3.095833379,0.190402244,8.362581706403633,0.3206902846906035
2010-06-30,362.7916721,324.7750048,298.3583378,0.005745833,98285.41667,0.0,2.2166667,-3.391666717,0.191015636,8.28792026125906,0.306081947038583
2010-07-01,366.9541721,315.3041714,296.7666711,0.005695833,98292.91667,0.0,2.554166705,-3.450000051,0.191627754,8.230319178369749,0.3340807327061814
2010-07-02,364.6791721,324.3416715,295.3541711,0.006229167,98155.41667,0.0,2.541666705,-3.862500058,0.192254495,8.270666766724995,0.3977601947780089
2010-07-03,368.0791722,311.0375046,295.8833377,0.005583333,98233.33333,0.0,1.625000024,-5.658333418,0.192867248,8.759089611903644,0.3454068359555075
2010-07-04,367.5666721,317.0291714,297.0833378,0.005433333,98435.83333,0.0,0.608333342,-5.308333412,0.193493988,8.74541949007288,0.3130683857490846
2010-07-05,366.7791721,322.6750048,297.8333378,0.005654167,98491.25,0.0,0.837500012,-2.420833369,0.194106741,7.311866591423651,0.3115194407579243
2010-07-06,363.4166721,327.8833382,296.6750044,0.0059,98281.25,0.0,1.479166689,0.058333334,0.194718859,6.642317377554887,0.3479494996239115
2010-07-07,361.4958387,326.9625049,296.3041711,0.006183333,98237.08333,0.0,0.816666679,-0.083333335,0.195345602,6.071227871233663,0.3728253830021915
2010-07-08,357.3750053,341.2625051,297.0208378,0.0069875,98343.75,0.0,1.241666685,-0.483333341,0.195958356,6.396773919331386,0.4037709969311084
2010-07-09,355.0208386,358.241672,299.1916711,0.008545833,98375.41667,0.0,1.200000018,-0.833333346,0.196585096,6.535698421133586,0.4334775565186888
2010-07-10,357.0000053,354.0083386,299.7583378,0.008233333,98409.16667,0.0,0.816666679,-0.125000002,0.197197849,6.003306036867056,0.4039055505929361
2010-07-11,357.229172,348.5583385,299.1083378,0.0074375,98374.16667,0.0,0.65000001,0.200000003,0.197809967,5.711806364736595,0.3791355168373624
2010-07-12,355.0750053,347.9625052,299.3875045,0.006820833,98329.58333,0.0,1.408333354,-0.670833343,0.198436707,5.939501483487653,0.3418021411653944
2010-07-13,352.7375053,344.0333385,296.5166711,0.007016666,98384.16667,0.0,1.658333358,0.179166669,0.199049464,5.901579199786982,0.4182503333107429
2010-07-14,353.8958386,342.8208384,297.5666711,0.005716667,98502.5,0.0,0.979166681,-0.629166676,0.199676204,5.719862999495261,0.32011111089792
2010-07-15,348.5708385,363.8541721,300.1583378,0.00685,98632.5,0.0,1.262500019,-1.775000026,0.20030358,6.360439047883,0.3289054564774982
2010-07-16,347.7208385,375.5333389,301.7666712,0.007504166,98510.41667,0.0,1.633333358,-2.008333363,0.200401376,6.553825015042811,0.32735003684493
2010-07-17,349.7083385,369.6291722,301.0250045,0.007983333,98558.33333,0.0,1.654166691,-0.42083334,0.200476146,6.217794958754752,0.3639242640416456
2010-07-18,353.7708386,357.7000053,301.0083378,0.006925,98465.41667,0.0,1.862500028,-1.895833362,0.200554095,6.406065394631852,0.3156915697317566
2010-07-19,355.9208386,336.4333383,299.8333378,0.00565,98382.5,0.0,1.691666692,-2.670833373,0.200626323,6.339426100232274,0.2758669824165459
2010-07-20,356.504172,327.7500049,298.4708378,0.005120833,98195.41667,0.0,1.400000021,-2.058333364,0.20071508,6.026068236557348,0.2707035447807188
2010-07-21,353.2041719,330.2541716,296.9375044,0.00615,98097.08333,0.0,1.329166686,-0.45833334,0.200790486,5.524940255377078,0.3562827543796695
2010-07-22,351.8500052,335.0708383,297.8791711,0.006458333,98268.33333,0.0,0.670833343,-0.170833336,0.200865256,5.208100432001191,0.3540402480264534
2010-07-23,350.1125052,340.5500051,298.5750044,0.006208333,98346.66667,0.0,0.900000013,0.308333338,0.200954653,5.402304666295489,0.3266500966612679
2010-07-24,349.3208385,338.3833384,298.4583378,0.0060875,98382.08333,0.0,0.958333348,-0.616666676,0.20103006,5.439889421087925,0.3226583611793793
2010-07-25,345.8666718,347.5958385,298.3125044,0.006504167,98307.5,0.0,1.158333351,-0.045833334,0.201108842,5.592286587925154,0.3475120214596997
2010-07-26,346.6500052,337.9666717,297.2291711,0.006075,98240.0,0.0,1.091666683,0.920833347,0.201201896,5.572404779122288,0.3462698640374773
2010-07-27,346.1791718,327.1041715,294.8916711,0.006116667,98290.41667,0.0,1.36250002,0.437500007,0.201280949,5.337640342150522,0.4024137977015518
2010-07-28,348.8875052,320.1500048,293.991671,0.006145833,98566.25,0.0,1.041666682,1.450000022,0.201344723,5.335202044047156,0.4287009541068132
2010-07-29,350.0833385,312.5291713,294.4875044,0.00515,98755.83333,0.0,1.13333335,-0.483333341,0.201437122,5.060794161869479,0.3490300877907409
2010-07-30,349.3041719,310.7000046,295.1000044,0.004545833,98573.75,0.0,1.345833353,-0.600000009,0.201516168,5.158524446555152,0.2961039117776359
2010-07-31,346.6041718,321.9083381,296.2708377,0.005758333,98402.91667,0.0,1.241666685,-0.566666675,0.201594573,5.2108306014243695,0.3484942730455437
2010-08-01,340.0208384,309.7458379,296.1375044,0.004308333,98412.08333,0.0,0.845833346,-0.883333346,0.201673009,4.827550451545636,0.2628965810115376
2010-08-02,337.1583384,307.7000046,296.4958378,0.0037,98520.83333,0.0,1.195833351,-0.187500003,0.201751388,4.727193356142422,0.2211369668173123
2010-08-03,335.775005,315.5375047,296.4208378,0.004329167,98632.5,0.0,1.32500002,-0.758333345,0.201829804,5.020311305234672,0.2602203329093419
2010-08-04,332.5416716,327.3708382,297.5291711,0.0051375,98472.08333,0.0,1.645833358,-0.295833338,0.201922846,5.208859732130842,0.2882437648625262
2010-08-05,328.5750049,329.6625049,296.4458378,0.00585,98297.91667,0.0,1.620833357,-0.112500002,0.201987269,5.158604011547119,0.3499090160094866
2010-08-06,329.7833382,318.7791714,295.8916711,0.004870833,98153.75,0.0,1.716666692,-1.004166682,0.202079668,5.321357145424825,0.3009311105706348
2010-08-07,325.9416715,327.2875049,296.8791711,0.005179167,98071.25,0.0,1.900000028,-1.716666692,0.202158694,5.793650774559517,0.3010259890065528
2010-08-08,320.9083381,341.8000051,296.5500044,0.006558333,98089.58333,0.0,1.708333359,-0.87916668,0.202237119,5.749269675373344,0.3889688202005797
2010-08-09,321.9958381,327.8750049,294.8375044,0.0066875,98280.83333,0.0,1.183333351,0.212500003,0.202315495,5.235470115835608,0.4413987437158441
2010-08-10,323.3583382,317.1791714,294.1500044,0.005508333,98297.91667,0.0,1.250000019,0.479166674,0.202393939,5.274801324671537,0.37943772812149
2010-08-11,317.7083381,322.0541715,293.9625044,0.005883333,98397.5,0.0,1.966666696,0.883333346,0.202472355,5.700469737648593,0.4104308581657285
2010-08-12,317.6750047,331.2083383,294.5041711,0.0066,98501.66667,0.0,1.066666683,-1.083333349,0.202565371,5.710357512721008,0.4456895594348516
2010-08-13,316.6250047,329.5041716,296.3458377,0.0055625,98171.66667,0.0,1.308333353,-0.68750001,0.202644402,5.83319363750554,0.334317790124868
2010-08-14,315.5500047,324.5916715,294.7333377,0.005654167,98261.66667,0.0,1.125000017,0.733333344,0.202708173,5.511426307986351,0.3755298930360356
2010-08-15,316.9500047,316.4791714,294.1750044,0.005358333,98452.5,0.0,1.429166688,-0.291666671,0.202800581,5.301975150432996,0.3691125541757963
2010-08-16,313.6416713,325.8291715,296.2083377,0.005066667,98408.75,0.0,1.387500021,-0.954166681,0.202830266,5.465505063776639,0.3078252118066772
2010-08-17,317.8166714,310.4000046,295.6083377,0.004366667,98351.25,0.0,1.316666686,0.300000004,0.202871808,4.945193328373064,0.275060406100428
2010-08-18,315.5791714,300.6916711,293.6458377,0.003904167,98482.08333,0.0,1.433333355,0.0,0.202899321,4.689206247413792,0.2780191932002018
2010-08-19,316.458338,301.7291712,295.3916711,0.003079167,98416.66667,0.0,1.658333358,-1.712500026,0.202926207,5.156144921508285,0.1966880419746318
2010-08-20,313.183338,309.6083379,296.0416711,0.003579167,98164.58333,0.0,1.545833356,0.104166668,0.202967722,4.649146532700887,0.219133129428699
2010-08-21,310.795838,309.2458379,294.9500044,0.005120833,98147.5,0.0,1.729166692,1.379166687,0.202995187,4.717137347356774,0.3352000750824485
2010-08-22,307.3500046,307.1416712,293.291671,0.004741667,98627.5,0.0,1.983333363,-1.995833363,0.203036666,4.834144789438586,0.3457110390097852
2010-08-23,308.1833379,307.0625046,295.3791711,0.0034375,98804.58333,0.0,0.683333344,-5.36250008,0.203064196,6.030060963089952,0.2206121860996897
2010-08-24,306.2125046,322.6291715,298.6625045,0.003241667,98504.58333,0.0,-0.379166672,-2.220833366,0.203091144,4.795713209140199,0.1699397259769905
2010-08-25,301.3125045,332.0750049,301.4125045,0.002345833,98206.25,0.0,0.279166671,-1.370833354,0.203132705,3.3887832209711988,0.1041546700003599
2010-08-26,299.0333378,336.7666717,299.1708378,0.004425,98220.0,0.0,1.854166694,1.920833362,0.203160259,5.097879506337922,0.2243772929995977
2010-08-27,300.7583378,311.2125046,295.9625044,0.004341667,98140.83333,0.0,1.670833358,-1.600000024,0.203201821,4.689236686976374,0.2670425658061353
2010-08-28,145.2250022,340.2666717,292.754171,0.0056375,97850.83333,0.0,2.90416671,-1.279166686,0.203229351,2.7522556895814567,0.4217430039222079
2010-08-29,286.9958376,310.8125046,290.304171,0.005733333,98257.5,0.0,1.700000025,-1.475000022,0.203256212,4.044318938924937,0.502993238242051
2010-08-30,286.3541709,309.5958379,291.504171,0.0046875,98387.91667,0.0,2.620833372,-1.158333351,0.203283114,4.43987970964883,0.381506145652021
2010-08-31,289.454171,316.5041714,293.266671,0.005458333,98795.0,0.0,1.791666693,-3.241666715,0.203324629,4.86522354135313,0.3992615255989677
2010-09-01,283.1333376,326.1333382,294.9708377,0.004054167,98615.41667,0.0,0.733333344,-4.595833402,0.203366758,5.591341729811754,0.2663010031800544
2010-09-02,283.6666709,338.4416717,297.9083378,0.004391667,98307.5,0.0,-0.233333337,-1.358333354,0.203394284,4.371501700853586,0.2404202704955006
2010-09-03,280.8083375,337.0833384,297.3083378,0.0045,98436.25,0.0,1.537500023,0.183333336,0.203435813,4.415940008787858,0.2557791131975542
2010-09-04,284.7416709,317.5583381,296.4250044,0.004204167,98512.91667,0.0,1.841666694,-0.86666668,0.203448697,4.382054812905275,0.2523362596364805
2010-09-05,284.2416709,309.870838,296.5291711,0.003454167,98333.75,0.0,1.420833355,-3.570833387,0.20348959,5.082522922435442,0.2056342700176255
2010-09-06,282.8125042,295.6833377,294.3583377,0.0024375,98107.91667,0.0,0.695833344,-4.945833407,0.203531764,5.386569195067096,0.1654302791368185
2010-09-07,276.8833375,303.0833378,295.4541711,0.002641667,97921.66667,0.0,2.237500033,-1.512500023,0.20355929,4.441954091434153,0.1672496511795683
2010-09-08,180.6291694,341.1208384,293.6125044,0.007691666,98004.58333,7.600000113,3.195833381,0.220833337,0.203600803,34.55073734487362,0.5462078001396432
2010-09-09,261.8041706,322.6875048,290.479171,0.007641666,98550.0,9.300000139,1.516666689,-0.70000001,0.203626446,74.24164966792264,0.6649315989265647
2010-09-10,270.462504,305.0958379,291.1625043,0.005075,98745.0,0.0,1.304166686,-2.829166709,0.203655241,64.81475545684661,0.4236256003570412
2010-09-11,269.6958374,300.5875045,292.516671,0.004008333,98685.41667,0.0,0.350000005,-1.079166683,0.203696779,31.382114798848463,0.3069657469247037
2010-09-12,265.4208373,311.683338,294.3166711,0.003658333,98584.16667,0.0,1.370833354,-1.612500024,0.203724297,25.37952250420443,0.2501370003311991
2010-09-13,264.5250039,306.1791712,292.854171,0.004179167,98626.66667,0.0,1.629166691,0.587500009,0.203765836,15.336015425884042,0.3131537408501118
2010-09-14,264.7541706,292.2708377,292.0833377,0.0032375,98725.0,0.0,1.408333354,-0.737500011,0.203793396,10.851249933018526,0.2548928406243019
2010-09-15,258.8416705,298.3833378,293.3708377,0.003241667,98693.75,0.0,2.2666667,-1.387500021,0.20382029,9.062162091254176,0.2353396772979449
2010-09-16,247.0375037,322.0208381,293.6500044,0.004354167,98692.91667,0.0,2.2541667,-1.525000023,0.203462105,7.8099492207292736,0.3106472442955419
2010-09-17,241.1958369,333.7791716,294.5125044,0.006275,98402.91667,0.0,2.125000032,-0.225000003,0.203087213,6.659283398570266,0.423099686826223
2010-09-18,247.420837,336.875005,294.4166711,0.0086375,98481.66667,0.0,1.754166693,2.383333369,0.202697718,5.655279793768873,0.5863280736231583
2010-09-19,141.8750021,354.616672,293.6083377,0.009216666,98493.75,0.0,0.641666676,3.450000051,0.202307596,3.1949694597485645,0.6579401277850188
2010-09-20,245.458337,320.6500048,292.1583377,0.007870833,98499.58333,0.0,1.925000029,-2.691666707,0.201946681,4.485470733097049,0.6153502560636664
2010-09-21,229.3583368,308.5250046,292.091671,0.005308333,98005.83333,0.0,2.083333364,-2.429166703,0.201557792,4.432670123321456,0.4146699703328803
2010-09-22,243.833337,307.7166713,290.4333377,0.0050125,98003.75,0.0,2.620833372,-0.825000012,0.201182275,4.316257052134424,0.4350115490767325
2010-09-23,236.4000035,300.6583378,289.8625043,0.005025,98532.08333,0.0,1.583333357,-1.458333355,0.200792744,3.7285866748928975,0.4547691575578129
2010-09-24,241.7375036,299.4708378,292.2208377,0.003541667,98893.33333,0.0,0.829166679,-2.058333364,0.200417238,4.116805978458704,0.2769056207583149
2010-09-25,241.2875036,296.2375044,293.7833377,0.003245833,98924.16667,0.0,-0.075000001,-1.550000023,0.200042294,3.698766744670603,0.2301970501688077
2010-09-26,239.8625036,298.9458378,295.2666711,0.002625,98636.66667,0.0,1.595833357,-3.35000005,0.199652762,4.728536260467551,0.1693485947126077
2010-09-27,241.6250036,294.4541711,295.5333377,0.002383333,98496.66667,0.0,0.804166679,-3.595833387,0.199276451,4.616002257816104,0.151043952463268
2010-09-28,236.5083369,300.6666711,297.8750044,0.0019875,98425.0,0.0,0.033333334,-2.083333364,0.198894896,3.601860536877332,0.1091541547514073
2010-09-29,231.2166701,311.133338,299.1083378,0.001825,98225.83333,0.0,0.375000006,-1.845833361,0.198501403,3.3231622967925345,0.0928912946818262
2010-09-30,227.3375034,313.3541713,297.5583378,0.002133333,98033.75,0.0,1.004166682,-1.612500024,0.198137605,3.530663817235401,0.1189497651346646
2010-10-01,223.0333367,307.4000046,295.2416711,0.002816667,98441.25,0.0,1.275000019,-1.241666685,0.19774962,3.3595815677912086,0.1816328859763576
2010-10-02,180.1250027,323.1083381,295.0791711,0.003766667,98605.0,0.0,0.808333345,-0.654166676,0.19736909,2.363053307572011,0.2457439833456248
2010-10-03,135.287502,356.0000053,294.5250044,0.004141667,98492.08333,0.0,1.137500017,0.900000013,0.196985523,2.4639104451154923,0.2792940055542027
2010-10-04,208.3208364,313.120838,290.6708377,0.006041667,98482.08333,0.0,2.737500041,-1.870833361,0.196602452,3.162238739708865,0.5189606737782958
2010-10-05,208.4458364,316.8041714,291.379171,0.0053125,98610.83333,0.0,1.587500024,-5.979166756,0.196233877,4.114233696428487,0.4368001141932632
2010-10-06,207.3250031,325.6458382,291.5375043,0.005816667,98747.5,0.600000009,-0.575000009,0.337500005,0.195851355,3.675317659267437,0.4741348319661641
2010-10-07,204.1458364,314.9791714,290.4375043,0.006541667,99022.5,0.0,1.129166683,2.533333371,0.195468018,3.194163514137637,0.5734696344575101
2010-10-08,198.7416696,308.1583379,288.7708376,0.005808333,99380.0,0.0,0.475000007,1.404166688,0.195084785,2.747998427922237,0.56883339980667
2010-10-09,188.0083361,311.8750046,289.904171,0.0044875,99510.41667,0.0,1.608333357,-2.075000031,0.194701653,3.104874242397324,0.409062056141336
2010-10-10,198.7666696,326.8458382,292.0250044,0.004716667,99255.83333,0.0,2.120833365,-3.904166725,0.194338006,4.145875178524981,0.3747226245352733
2010-10-11,200.6666697,322.1166715,293.7083377,0.005445833,98781.25,0.0,1.57916669,-6.341666761,0.193949316,4.645692993533035,0.3874694940980021
2010-10-12,203.0541697,301.6625045,294.3250044,0.00335,98981.66667,0.0,-0.24166667,-4.979166741,0.193559494,4.388337979753529,0.2298596982182677
2010-10-13,202.2791697,294.1500044,293.7958377,0.00275,99000.41667,0.0,-0.604166676,-1.550000023,0.193184292,2.76904012879581,0.1950307530490253
2010-10-14,189.6666695,304.1333379,294.2750044,0.002616667,99033.33333,0.0,0.129166669,-0.387500006,0.192795106,1.855193069717884,0.1801934340936706
2010-10-15,190.0750028,302.4041712,293.6625044,0.0026125,98870.41667,0.0,0.775000012,-0.137500002,0.192426815,2.115735680771592,0.1865782223315536
2010-10-16,176.6375026,301.6541712,291.166671,0.003708333,98798.75,0.0,0.900000013,1.020833349,0.191425102,2.2049442256554173,0.309632309329688
2010-10-17,115.4541684,329.1416716,288.316671,0.004704167,98893.33333,1.300000019,0.825000012,-0.0125,0.190395808,2.59860573576257,0.4721449565875312
2010-10-18,177.0625026,332.8208383,287.991671,0.007645833,98988.75,0.0,0.612500009,-1.57916669,0.189362954,3.044190724918024,0.784545068384849
2010-10-19,183.9208361,308.5541713,291.0208377,0.005820833,98762.08333,0.0,0.47083334,-2.316666701,0.18832975,2.9837193493444114,0.4903617755708243
2010-10-20,182.5833361,297.8375044,290.541671,0.005108333,98545.0,0.0,0.670833343,-0.475000007,0.18731116,2.3409121224203115,0.442703623275986
2010-10-21,175.4083359,298.0916711,288.7833376,0.006120833,98776.66667,0.0,0.570833342,2.970833378,0.186278579,2.0115698719367234,0.5953167364986073
2010-10-22,120.6958351,324.3000048,287.4250043,0.006966666,98875.41667,0.0,0.495833341,2.837500042,0.185245366,1.2257640919181114,0.7409461022276441
2010-10-23,53.02083412,359.6708387,286.7166709,0.008070833,98831.66667,6.800000101,-0.391666673,4.745833404,0.184212149,9.190653487711264,0.8988204600226759
2010-10-24,53.45833413,375.6791723,287.2625043,0.009583333,98517.5,45.00000067,1.345833353,6.887500103,0.183193559,17.88441262134547,1.026417082951449
2010-10-25,167.8916692,305.7875046,286.5583376,0.00725,98892.5,1.200000018,2.400000036,-0.100000001,0.182160982,28.792372855769525,0.816370848955264
2010-10-26,174.9125026,264.7458373,284.8333376,0.004595833,99155.83333,0.0,2.466666703,-3.487500052,0.181127766,28.59277579242429,0.5817968398292077
2010-10-27,148.0833355,258.3791705,283.8208376,0.0034625,99197.08333,0.200000003,-1.254166685,-1.029166682,0.180109175,12.026853385564271,0.4693260294888342
2010-10-28,75.64166779,338.1416717,285.0250042,0.004529167,98997.08333,0.900000013,-2.912500043,2.404166702,0.179076459,17.128339673590173,0.565161927964236
2010-10-29,52.88750079,361.6666721,285.3583376,0.006866666,98965.83333,13.80000021,-1.691666692,-0.045833334,0.178049111,27.12516738033217,0.8377607473492851
2010-10-30,54.95000082,365.5916721,287.1458376,0.0084875,98651.66667,0.900000013,-1.59166669,2.100000031,0.177007325,18.726875392894776,0.9172742231502078
2010-10-31,129.2291686,354.0000053,287.1750043,0.008508333,99348.75,0.0,-1.77083336,3.270833382,0.175992414,29.645956744669917,0.9242539254998544
2010-11-01,152.8708356,309.3083379,287.3291709,0.007229166,99790.41667,0.0,0.050000001,-0.429166673,0.174969729,17.247131033197977,0.7808625319208274
2010-11-02,152.7333356,297.0208378,288.341671,0.006541667,99850.83333,0.0,0.758333345,-3.270833382,0.173932026,19.063027818631628,0.6618513194907645
2010-11-03,147.0708355,299.7041711,289.641671,0.006666666,99363.75,0.0,-1.179166684,-0.729166678,0.172908313,11.055421461171264,0.6171263118568218
2010-11-04,143.8625021,301.6666712,289.029171,0.006179167,99033.33333,0.0,-1.062500016,-1.170833351,0.171870614,9.51048877025216,0.5930494012386859
2010-11-05,140.9833354,309.0666713,290.6250043,0.0068875,98538.33333,0.0,-0.854166679,2.308333368,0.170846898,8.461719991203797,0.5936859322474679
2010-11-06,143.8541688,303.3708379,288.8208376,0.007058333,98550.41667,0.0,0.016666667,2.737500041,0.169809198,5.945824027477705,0.6832660355815766
2010-11-07,69.17500103,343.9708385,287.516671,0.008204166,98841.25,43.00000064,0.870833346,4.225000063,0.168785486,30.16052202366464,0.8670459571739938
2010-11-08,143.3041688,274.7916708,283.7041709,0.006283333,99142.5,1.100000016,1.966666696,-1.77083336,0.167762406,16.407233697999526,0.8579269495042459
2010-11-09,75.72500113,280.2625042,281.5500042,0.004691667,99268.75,0.400000006,0.716666677,-1.062500016,0.166724706,4.794089201574993,0.7426266610732217
2010-11-10,133.8833353,302.0291712,282.2416709,0.005733333,99026.66667,2.100000031,1.229166685,0.400000006,0.165700994,19.328711643202663,0.8634507119250397
2010-11-11,140.6708354,259.6333372,283.7458376,0.0045625,99731.25,0.0,0.475000007,-4.245833397,0.164663291,20.582137432981117,0.6249060126513634
2010-11-12,137.4458354,257.8375038,282.9583375,0.003933333,100229.5833,0.0,0.945833347,-3.525000053,0.163639579,14.356247084874685,0.5710333036054808
2010-11-13,134.6458353,270.9083374,285.8791709,0.003875,100038.75,0.0,1.220833352,-6.666666766,0.162616502,18.017659850163003,0.461649907761521
2010-11-14,130.1666686,305.5125046,289.3750043,0.005104167,99563.75,0.0,1.654166691,-6.745833434,0.161578799,14.862672295375893,0.4816333260358253
2010-11-15,132.100002,305.0125045,290.7875043,0.006620833,99256.25,0.0,1.270833352,-6.358333428,0.160555087,9.573988792403933,0.5689335750713371
2010-11-16,133.250002,278.7666708,287.9708376,0.005354167,99119.58333,0.0,0.975000015,-5.175000077,0.160075414,6.163307967361179,0.5508685893831692
2010-11-17,130.3291686,255.5541705,284.8458376,0.0035875,98946.25,0.0,-0.020833334,-2.391666702,0.159633991,3.5797450861936677,0.4528114959954208
2010-11-18,123.7458352,259.8125039,283.4166709,0.004629167,99038.75,0.0,-0.025,1.166666684,0.159163957,1.8413032447372093,0.6437781869930678
2010-11-19,104.8041682,290.4708377,282.9916709,0.005470833,98527.91667,0.200000003,1.737500026,-0.029166667,0.158707272,2.0774447130353444,0.7789969313204521
2010-11-20,53.87916747,297.2125044,280.1416708,0.005279167,98093.33333,20.2000003,1.691666692,3.087500046,0.158251225,10.384918300277809,0.910008382279636
2010-11-21,77.84166783,311.4916713,279.8750042,0.005158333,97922.5,37.50000056,2.087500031,3.187500047,0.157809802,24.51289438134181,0.9042320337405788
2010-11-22,85.70833461,292.066671,280.6166708,0.005008333,99075.0,0.500000007,2.500000037,1.504166689,0.157354391,12.496513266827437,0.8437364181728191
2010-11-23,114.320835,308.2666713,281.5625042,0.0053875,98813.75,5.000000075,2.612500039,2.316666701,0.156898345,30.289463573102854,0.8481311299663226
2010-11-24,125.6541685,228.9208367,277.5416708,0.0025625,99269.16667,0.0,1.691666692,-5.175000077,0.156456922,31.996159007181895,0.5364678754113973
2010-11-25,116.8250017,231.0666701,276.0041708,0.002279167,99607.5,0.0,0.304166671,-3.012500045,0.156001508,14.066569601964003,0.5343116000117507
2010-11-26,114.9291684,236.9958369,277.0166708,0.0025625,99685.0,0.0,-0.733333344,0.408333339,0.155530838,5.383508209925923,0.5591971231787171
2010-11-27,79.82916786,297.8750044,277.3250041,0.0039375,98712.08333,15.30000023,0.579166675,2.766666708,0.155074156,24.483861688255374,0.8324072722742638
2010-11-28,116.1375017,250.3333371,277.3916708,0.004083333,98880.41667,1.000000015,2.391666702,-2.71250004,0.154632733,14.251961539852084,0.8606241912122591
2010-11-29,111.4041683,235.9000035,276.5375041,0.0029,99882.91667,0.0,-0.454166673,-2.02500003,0.154177322,11.138576893546931,0.6561656370944182
2010-11-30,100.0208348,279.8833375,278.4666708,0.003325,100210.4167,0.0,-1.275000019,1.641666691,0.153721276,14.8897625123787,0.6582464649296027
2010-12-01,55.57916749,311.4000046,279.2791708,0.003266667,99731.66667,0.0,-1.087500016,1.912500028,0.153265226,12.036660997298869,0.6079546769075942
2010-12-02,50.17500075,325.6000049,280.0791708,0.002983333,99114.16667,0.100000001,-0.850000013,1.725000026,0.152823803,11.526356040012638,0.5218702242387383
2010-12-03,57.98750086,344.8833385,281.2916709,0.0058875,99017.08333,8.200000122,-0.079166668,0.508333341,0.152368392,18.35205109603157,0.9461892016977697
2010-12-04,37.25416722,331.4208383,282.2500042,0.0062375,98806.66667,0.0,-2.412500036,2.062500031,0.151897723,8.13861103729417,0.9367595258280738
2010-12-05,49.86666741,346.4791718,283.0791709,0.007004166,98967.91667,2.200000033,-3.454166718,3.258333382,0.151455664,11.908524559444745,0.9958590461963004
2010-12-06,69.5791677,348.7916719,284.1500042,0.007670833,99083.75,53.20000079,-2.920833377,5.975000089,0.15100025,20.61928467930561,1.0158154086699167
2010-12-07,83.80416792,309.9750046,283.3541709,0.0067,99726.25,0.0,-1.583333357,1.420833355,0.150544203,8.315890150016752,0.9422091226057644
2010-12-08,38.57916724,327.5291715,283.7458376,0.007166666,99392.5,9.000000134,-1.445833355,3.587500053,0.150088157,6.261490586812905,0.9782533476128948
2010-12-09,68.17083435,338.8458384,284.3750042,0.007654166,99410.83333,1.800000027,-0.266666671,1.983333363,0.149646733,15.742919500389704,1.0017125418409456
2010-12-10,76.33750114,346.8041718,285.6083376,0.008195833,99344.58333,0.0,0.737500011,2.441666703,0.149191323,17.29441572633966,0.9872122824268385
2010-12-11,65.24166764,332.1625049,285.0750042,0.00755,99698.33333,0.0,0.333333338,-0.900000013,0.148735277,9.270493435515244,0.9456248060308532
2010-12-12,106.5958349,292.6875044,284.7000042,0.0071,99793.33333,0.0,-0.583333342,-1.466666689,0.148279227,8.374243278909601,0.912681666707052
2010-12-13,100.5250015,283.3583376,284.3375042,0.006291667,99338.75,0.0,0.575000009,-1.166666684,0.14782318,5.686013042617601,0.8248750406047968
2010-12-14,66.72083433,319.5083381,283.6708376,0.006708333,98680.0,14.00000021,1.858333361,2.487500037,0.147367134,17.55354294218611,0.9137349974906964
2010-12-15,109.0625016,269.000004,280.9875042,0.005104167,98720.41667,1.400000021,1.079166683,-1.533333356,0.146911088,13.10748931259844,0.835147292969214
2010-12-16,109.6041683,234.7250035,278.3208375,0.003979167,98713.33333,0.0,-0.479166674,-1.14583335,0.146595206,4.6388212245706,0.7839928411128916
2010-12-17,28.10833375,298.5916711,278.4500041,0.004920833,98385.41667,19.10000028,-1.983333363,1.54166669,0.146300041,1.4452599698152775,0.9575530126016346
2010-12-18,70.16666771,331.2333383,281.1708375,0.006220833,97905.0,9.800000146,-0.466666674,5.854166754,0.145990889,21.09923839312605,0.9967825754676818
2010-12-19,59.61666756,343.0916718,283.1500042,0.0071375,97585.41667,32.20000048,1.062500016,5.929166755,0.145681102,19.715738737624708,0.9958503639460362
2010-12-20,51.26666743,316.6208381,281.3833375,0.005816667,97784.16667,15.10000023,0.625000009,6.058333424,0.145371314,19.878098291616787,0.917367561426312
2010-12-21,66.975001,321.4666715,281.0541709,0.005845833,98085.41667,11.20000017,-3.020833378,4.94166674,0.145061523,23.030726241594166,0.9459906824757448
2010-12-22,50.18333408,330.6750049,281.4166709,0.006295833,98029.16667,20.70000031,-2.075000031,2.720833374,0.144766358,14.10736773182368,0.9931495218054798
2010-12-23,96.83333478,272.6083374,281.0333375,0.005816667,99222.5,0.0,-0.500000007,1.091666683,0.144457206,5.739200705044201,0.9535506515749032
2010-12-24,102.7625015,270.8666707,280.4166708,0.005383333,99408.33333,0.0,-2.520833371,3.237500048,0.144147418,9.126366832577006,0.9226436729800956
2010-12-25,42.04583396,296.2333377,280.1958375,0.005508333,98603.33333,18.00000027,-4.020833393,5.583333417,0.14383763,7.073510300752032,0.9508670254918716
2010-12-26,69.0666677,303.0541712,280.1708375,0.005670833,98976.25,10.30000015,0.529166675,4.983333408,0.143527843,12.761303324700783,0.9843266089018126
2010-12-27,81.72083455,296.0583377,280.1000042,0.005416667,99895.41667,2.400000036,0.320833338,-0.016666667,0.143232678,11.402266014633511,0.953618040589616
2010-12-28,31.38750047,325.0833382,279.9541708,0.005575,99350.0,16.30000024,-0.212500003,1.570833357,0.142923526,8.05505456755271,0.986074691978524
2010-12-29,94.59166808,308.3041713,280.8916709,0.005675,97818.33333,36.20000054,3.116666713,0.595833342,0.142613738,25.83371796418819,0.9261628806629666
2010-12-30,98.49166813,234.2791702,276.8041708,0.003008333,98662.91667,0.0,2.716666707,-3.654166721,0.142303951,19.94998664640833,0.6596761211922029
2010-12-31,103.8625015,232.8166701,275.9208374,0.002933333,98911.25,0.0,0.179166669,-1.641666691,0.142008786,7.1080023162020405,0.6869644456268056
2011-01-01,43.35416731,311.320838,275.6250041,0.003854167,99052.08333,7.700000115,-2.654166706,3.166666714,0.288142048,15.582465106162536,0.9233552262333428
2011-01-02,39.24166725,321.2125048,276.1958374,0.0046,98920.83333,32.20000048,-2.895833376,0.250000004,0.379233678,7.384201293836754,1.0563238618926034
2011-01-03,99.25833481,282.9208375,277.3791708,0.0048,98985.83333,0.0,-0.775000012,-1.237500018,0.243356539,9.511055855715783,1.0136505353940326
2011-01-04,105.3833349,239.5333369,277.1500041,0.004320833,99538.33333,0.0,-0.745833344,-0.504166674,0.216151228,1.554960139253809,0.9326240699999588
2011-01-05,106.3791683,236.2375035,277.6708375,0.004345833,99853.33333,0.0,-0.870833346,-0.712500011,0.194870143,1.364425231353467,0.9068277061953464
2011-01-06,108.3916683,228.0166701,276.6500041,0.0034875,99720.41667,0.0,-0.704166677,-1.487500022,0.177671419,3.463437075582497,0.7815018289288533
2011-01-07,107.4583349,231.8000035,277.1166708,0.003379167,99261.66667,0.0,0.220833337,-2.2416667,0.164267047,5.152497375666936,0.729071596254749
2011-01-08,96.81666811,247.7041704,276.9750041,0.003641667,99024.16667,0.0,1.391666687,-2.545833371,0.154316247,4.840412604776731,0.7917751744322563
2011-01-09,107.4791683,225.45417,276.3666708,0.003429167,99051.66667,0.0,1.741666693,-4.016666727,0.149340449,3.9565800621925726,0.7789050289294381
2011-01-10,101.1916682,219.9666699,274.6083374,0.0024,99430.83333,0.0,0.091666668,-3.312500049,0.145725226,3.962038802954796,0.621244680929734
2011-01-11,41.14583395,293.7750044,275.3208374,0.002875,99472.91667,0.300000004,-1.78333336,1.12083335,0.143124077,3.4015725123005964,0.7070486281588179
2011-01-12,44.808334,332.3291716,277.9916708,0.004608333,99869.58333,1.300000019,-2.212500033,2.316666701,0.141121835,4.589665453489699,0.9401737840310764
2011-01-13,67.84166768,327.5041715,279.8166708,0.005583333,99996.25,4.70000007,-1.170833351,1.54166669,0.139250565,10.940937765865858,1.003524594774985
2011-01-14,100.5458348,291.1625043,281.7208375,0.006,100150.8333,0.100000001,0.150000002,-2.762500041,0.138156221,7.632586889355551,0.9469991138398038
2011-01-15,109.845835,280.8083375,283.0166709,0.005054167,99963.33333,0.0,1.079166683,-4.304166731,0.137521549,12.377994952854952,0.7289154010123473
2011-01-16,102.1083349,295.3416711,282.8708375,0.005120833,99624.16667,0.0,1.158333351,-2.100000031,0.137882149,8.288825154352654,0.7433419118733334
2011-01-17,110.6291683,288.979171,282.2875042,0.0054875,99631.25,0.0,1.35000002,-3.512500052,0.138338021,5.95162038574534,0.8288778179977803
2011-01-18,116.3208351,251.4291704,280.9583375,0.003795833,99337.91667,0.0,1.475000022,-5.341666746,0.138819321,6.622736965107749,0.6262195407811818
2011-01-19,116.4708351,264.2750039,283.3791709,0.004266667,99130.41667,0.0,1.858333361,-4.537500068,0.139300625,6.319240553334196,0.5954217300666778
2011-01-20,121.1500018,248.5875037,283.5791709,0.003991667,99388.75,0.0,0.337500005,-5.595833417,0.139796551,5.926172804434552,0.5510027721277823
2011-01-21,119.0000018,257.6000038,282.1833375,0.004316667,99330.0,0.0,-0.500000007,-1.341666687,0.140278487,2.409218624584386,0.6546905599479392
2011-01-22,119.8666685,272.3916707,283.8166709,0.004970833,99088.75,0.0,-0.24166667,-4.179166729,0.140759791,3.743566290973712,0.6732267559835703
2011-01-23,117.9791684,247.5125037,283.7583376,0.0040375,99239.58333,0.0,-1.083333349,-3.429166718,0.141255714,3.1471247225934125,0.5498094124402167
2011-01-24,112.870835,262.8708373,281.9833375,0.003916667,99417.08333,0.0,-0.070833334,-2.320833368,0.141737654,2.3862897346946417,0.6027241186883917
2011-01-25,126.7333352,262.0041706,282.7666709,0.004620833,99315.41667,0.0,0.350000005,-3.666666721,0.142233581,2.782823222356765,0.6734297441468329
2011-01-26,124.9125019,249.8625037,282.3166709,0.00395,99402.08333,0.0,-0.758333345,-3.558333386,0.142715517,2.7539155345830424,0.5940858155115777
2011-01-27,130.1750019,252.6875038,280.6416708,0.003970833,99670.83333,0.0,-1.479166689,-0.062500001,0.143211443,1.7524622657789537,0.6718133292343799
2011-01-28,129.2625019,242.8375036,279.6458375,0.003879167,99351.66667,0.0,-0.475000007,-0.079166668,0.143693379,1.1359907029641332,0.701021983429903
2011-01-29,119.0458351,260.0333372,279.0375042,0.00465,99062.5,0.0,0.562500008,0.920833347,0.144174683,1.249554654489064,0.8742585457098264
2011-01-30,72.56250108,311.7916713,280.3666708,0.005604167,98794.58333,10.90000016,0.066666668,2.416666703,0.144670606,11.825780690434316,0.9578738797348942
2011-01-31,128.0750019,260.0500039,279.9541708,0.005054167,99527.91667,0.0,0.483333341,-3.216666715,0.145152545,10.914940021062806,0.8955535724870506
2011-02-01,145.0458355,256.0041705,281.5000042,0.004295833,99589.58333,0.0,0.870833346,-5.108333409,0.145633849,19.97198313322099,0.6845140195831325
2011-02-02,151.5250023,223.55417,280.9000042,0.002854167,99837.91667,0.0,-0.604166676,-4.641666736,0.146129772,16.64167639599415,0.4751453472130411
2011-02-03,145.6458355,238.2125035,279.8041708,0.0029,100225.4167,0.0,0.491666674,-2.791666708,0.146611712,9.417286441941693,0.5228829588271676
2011-02-04,151.5708356,253.5750038,281.7708375,0.003604167,100175.4167,0.0,0.70000001,-5.095833409,0.147093012,10.10308629816256,0.5670511951646164
2011-02-05,148.6916689,271.587504,284.2750042,0.004520833,99860.0,0.0,1.112500017,-5.733333419,0.147588939,9.219207480320726,0.598321870425478
2011-02-06,152.2500023,276.5625041,285.6625043,0.005,99779.58333,0.0,1.050000016,-6.075000091,0.148070878,8.403426737197377,0.6027309493932408
2011-02-07,156.8958357,261.6250039,284.8166709,0.0047625,99646.25,0.0,1.033333349,-4.341666731,0.148552178,5.892541926647661,0.6065524981333652
2011-02-08,159.9791691,244.2666703,284.1625042,0.003891667,99278.75,0.0,1.754166693,-7.450000111,0.149033482,7.588672520137003,0.5159375551905455
2011-02-09,163.0083358,238.2833369,282.3291709,0.0034625,99565.41667,0.0,-0.0125,-5.912500088,0.149529405,5.595346819537247,0.5211764220580113
2011-02-10,163.8916691,239.4750036,282.2708375,0.00355,99482.91667,0.0,-0.212500003,-4.008333393,0.150011345,4.1448314422166455,0.5360323034043195
2011-02-11,148.7833356,257.5916705,280.9666709,0.0036125,99439.58333,0.0,-0.554166675,-1.812500027,0.150492648,2.8378046116915803,0.5962413613026707
2011-02-12,165.6000025,250.4083371,281.3708375,0.004279167,99690.41667,0.0,-1.720833359,2.300000034,0.150988572,2.785283289134879,0.6886305675505632
2011-02-13,168.7166692,239.0291702,280.3416708,0.004054167,99297.91667,0.0,-1.016666682,1.825000027,0.151470511,2.2140779168305835,0.6976831114028642
2011-02-14,68.36666769,284.9875042,279.2916708,0.0048375,98807.91667,6.300000094,-1.437500021,5.720833419,0.151951811,5.4719382809174775,0.8911821899651194
2011-02-15,81.62500122,323.7916715,282.4958375,0.006633333,98928.33333,13.6000002,-1.116666683,7.537500112,0.152433115,23.096447974242157,0.9808608072080048
2011-02-16,123.0166685,323.8958382,281.4666709,0.0058875,97998.75,40.5000006,2.00000003,6.208333426,0.152966527,46.10239935398722,0.9252654135953078
2011-02-17,75.02916778,308.2750046,277.5416708,0.004541667,98350.83333,28.00000042,-0.462500007,6.454166763,0.167291704,24.79308224872636,0.9420171354699884
2011-02-18,138.2125021,279.5000042,277.5708375,0.004654167,98400.41667,3.100000046,-0.729166678,2.325000035,0.226247567,21.56046726394469,0.9638426151493606
2011-02-19,69.76666771,310.2125046,277.3833375,0.0047125,97878.75,7.900000118,0.804166679,-0.100000001,0.207084784,16.138754736172665,0.9837511247068648
2011-02-20,147.4458355,259.4416705,277.2375041,0.004395833,98846.25,1.400000021,0.758333345,-1.641666691,0.187576139,19.2472379655809,0.936369535656116
2011-02-21,89.21250133,283.2541709,277.8666708,0.004325,98969.16667,0.0,-1.016666682,0.787500012,0.173097169,10.978997930286202,0.8821750645672947
2011-02-22,182.5875027,239.6750036,277.3791708,0.0038375,99039.58333,0.0,-0.912500014,-1.675000025,0.164860049,19.583511169913983,0.8108325341170556
2011-02-23,185.9958361,239.1166702,279.1000042,0.003783333,99114.58333,0.0,1.10833335,-2.2416667,0.16055638,19.3282616879238,0.7085801138101041
2011-02-24,95.54583476,272.5916707,279.0250042,0.0044375,99194.58333,2.00000003,2.091666698,1.316666686,0.158872393,9.209687246612685,0.8361501159889562
2011-02-25,129.2708353,315.0375047,279.2000042,0.005133333,98505.41667,22.60000034,2.116666698,2.062500031,0.158193004,38.20795072934973,0.948849024501402
2011-02-26,186.8583361,230.5333368,275.9333374,0.003179167,98421.66667,0.300000004,1.670833358,-2.562500038,0.158434229,26.993288524090563,0.7401862706868548
2011-02-27,195.5541696,225.9333367,275.7208374,0.002870833,98720.0,0.0,0.641666676,-1.575000023,0.158843145,20.142346782825875,0.6807530193392891
2011-02-28,159.5458357,259.1625039,277.7250041,0.00415,99332.91667,0.0,-0.25416667,3.57916672,0.159236262,14.5587400062415,0.8581520829013439
2011-03-01,182.5208361,290.5708377,279.7666708,0.004575,99316.66667,0.0,-1.008333348,3.79583339,0.159711961,18.02923806493893,0.819550304799343
2011-03-02,87.36666797,309.5625046,278.4625041,0.004895833,98809.16667,13.7000002,-2.741666708,6.500000097,0.160206767,27.16164975802107,0.9559500653165474
2011-03-03,141.3291688,316.0625047,281.7875042,0.0061,99328.33333,0.0,-0.666666677,2.816666709,0.160727133,29.088519378825243,0.950524848354689
2011-03-04,206.4958364,275.4666708,282.6458375,0.005504167,99692.91667,0.0,-0.954166681,0.875000013,0.161233334,28.791044643435768,0.8118543110021839
2011-03-05,192.1000029,277.4916708,282.4875042,0.005070833,99656.66667,0.100000001,0.466666674,1.408333354,0.161753503,22.590317137886032,0.7557653427741124
2011-03-06,69.70000104,350.1250052,283.7750042,0.007016666,98949.16667,14.70000022,-0.616666676,0.991666681,0.162274359,25.820902175588444,0.95163387650245
2011-03-07,191.7000029,287.0208376,283.2458376,0.0062625,98614.58333,1.400000021,3.358333383,-2.92916671,0.162795364,44.04292988199201,0.8772721552010336
2011-03-08,108.5750016,329.4333382,282.8583375,0.006025,99382.08333,0.0,0.920833347,1.37500002,0.163316393,22.91787693600572,0.8732065040070399
2011-03-09,175.4458359,315.5125047,284.5041709,0.007295833,99719.58333,0.0,-0.029166667,1.383333354,0.163822712,25.80469938322022,0.949526942557584
2011-03-10,124.0375018,320.6500048,285.0958376,0.007275,99337.5,1.500000022,0.950000014,2.808333375,0.16434285,17.846910821900877,0.906623561803005
2011-03-11,229.9708368,273.6375041,283.1333376,0.0060875,99333.75,0.0,1.229166685,-1.037500015,0.164878388,22.21979939119826,0.8655438716387841
2011-03-12,190.3125028,288.7208376,283.2750042,0.005470833,99247.08333,0.0,0.770833345,1.233333352,0.16538534,15.767082203534224,0.7697675258448614
2011-03-13,109.270835,314.0791713,283.8500042,0.006204167,99279.16667,5.700000085,-1.187500018,3.687500055,0.165900554,22.386413910887345,0.839990671572915
2011-03-14,163.2083358,317.1583381,283.5666709,0.007025,99554.58333,2.900000043,-0.887500013,3.370833384,0.166410024,29.07597619648495,0.972156606756104
2011-03-15,91.90000137,355.3958386,285.1333376,0.007983333,99377.5,19.50000029,-0.508333341,4.579166735,0.166933853,33.210261522938524,0.992813187799028
2011-03-16,164.3916691,334.850005,285.0125042,0.007245833,99192.91667,5.300000079,2.925000044,3.354166717,0.166813092,60.41351277056851,0.9066992899059336
2011-03-17,236.4791702,251.3291704,280.9125042,0.004325,99523.75,0.400000006,1.562500023,1.679166692,0.166635028,40.80116684519068,0.7171169378880189
2011-03-18,115.6291684,321.6791715,279.8458375,0.005129167,98892.08333,20.4000003,0.287500004,6.595833432,0.166484943,45.2354609915773,0.9098664646465152
2011-03-19,134.2708353,312.9041713,278.3833375,0.004875,98420.0,13.6000002,-1.116666683,5.712500085,0.166559285,41.51036256335978,0.95343252642407
2011-03-20,110.1250016,322.8416715,279.2000042,0.005345833,97246.66667,41.30000062,-2.804166708,6.362500095,0.166237534,35.63118622672404,0.9755009050098988
2011-03-21,166.2708358,284.3833376,279.8875042,0.005066667,97689.16667,1.400000021,1.966666696,0.637500009,0.166006068,31.21924438335929,0.8852769670101754
2011-03-22,168.2000025,284.7833376,280.5458375,0.005054167,98831.25,1.900000028,-0.67500001,2.170833366,0.165843898,31.522848841556705,0.8535342729480967
2011-03-23,165.5833358,324.9375048,280.6375042,0.005658333,98374.58333,27.50000041,-4.920833407,7.004166771,0.165680461,59.70991018589463,0.9451383867939804
2011-03-24,127.8541686,325.7666715,281.1833375,0.005983333,97907.08333,38.80000058,-0.350000005,8.616666795,0.170300651,45.17426386134841,0.957923190845539
2011-03-25,92.69583471,329.2000049,280.4750042,0.005795833,98326.66667,3.200000048,0.937500014,6.516666764,0.173545006,26.526664812365837,0.9785726614289671
2011-03-26,142.3625021,330.1458383,280.8416709,0.006125,98364.58333,9.500000142,0.391666673,5.058333409,0.166387957,42.74559144461273,1.0086590658795869
2011-03-27,128.5083352,307.8958379,280.5958375,0.005908333,98714.58333,0.600000009,0.895833347,3.300000049,0.165263848,23.693030626415204,0.9931650437344194
2011-03-28,258.0125038,285.2458376,281.1958375,0.005675,99168.33333,0.300000004,0.741666678,-0.404166673,0.164935107,43.45679271604188,0.9194723972880754
2011-03-29,208.1000031,291.304171,283.6500042,0.005579167,99417.5,0.0,1.316666686,-3.150000047,0.164727162,31.6423819584663,0.7666884630447223
2011-03-30,262.4125039,304.3208379,286.3541709,0.006666666,99680.0,0.0,1.454166688,-4.770833404,0.16454783,31.63688806420504,0.766919254838591
2011-03-31,280.7000042,285.6041709,289.0083376,0.006658333,99433.33333,0.0,0.920833347,-5.329166746,0.164383118,25.80508727846535,0.6424829197232844
2011-04-01,275.8791708,290.0375043,289.4583376,0.007354166,98642.5,0.0,0.333333338,-2.612500039,0.164233664,18.11515001098032,0.6838441705854844
2011-04-02,288.466671,307.3500046,289.8583377,0.00765,98123.33333,0.0,2.616666706,-4.054166727,0.164055604,16.644981177681338,0.6896474378643976
2011-04-03,298.6875045,248.8166704,284.6500042,0.004295833,98931.25,0.0,2.258333367,-7.033333438,0.163890891,14.417567912473832,0.5492788592696544
2011-04-04,289.891671,274.1791708,285.0166709,0.004529167,99305.0,0.0,0.66250001,-3.991666726,0.163741441,12.06364770746746,0.5672350123625682
2011-04-05,252.9625038,301.8125045,286.5333376,0.006241667,98873.33333,0.0,1.508333356,-1.845833361,0.163563378,9.718933261523516,0.70385194564132
2011-04-06,300.4916711,270.000004,286.4333376,0.005479167,98806.66667,0.0,2.704166707,-5.445833414,0.163413288,11.73530676269731,0.621534787011842
2011-04-07,198.237503,297.2916711,283.3000042,0.004754167,98476.66667,0.300000004,4.608333402,-1.720833359,0.163249851,7.831440004286838,0.6626156087293392
2011-04-08,294.2333377,255.6500038,279.7125042,0.003704167,98160.41667,0.200000003,1.983333363,-3.550000053,0.163098161,8.460613487964912,0.6583056900480587
2011-04-09,229.4208368,260.2125039,281.4041709,0.003695833,98512.08333,0.0,1.33750002,-3.500000052,0.162927446,7.122465865139334,0.5863823358438783
2011-04-10,283.6958376,274.6875041,282.9916709,0.004508333,99390.41667,0.0,0.725000011,0.050000001,0.162768329,8.875765448946357,0.6475651782874384
2011-04-11,308.7666713,273.1041707,283.9333376,0.005583333,99659.58333,0.0,1.55416669,-0.570833342,0.162608906,8.727049490545355,0.7545866979318798
2011-04-12,309.3625046,275.5083374,284.5375042,0.006095833,99072.08333,0.0,1.966666696,-1.745833359,0.162442541,8.632068939753397,0.7864420676456713
2011-04-13,263.4708373,278.3791708,283.8291709,0.005904167,99024.16667,0.500000007,3.33750005,0.995833348,0.162285448,7.533603945768503,0.7984395184235215
2011-04-14,239.8791702,292.9083377,282.5208375,0.004570833,99908.75,0.0,1.433333355,-0.120833335,0.162127179,7.447200650352993,0.6814195828810583
2011-04-15,108.9541683,335.7708383,283.0916709,0.005783333,99821.25,0.0,0.233333337,1.891666695,0.161958098,3.94655986942374,0.8286676228729519
2011-04-16,222.6375033,343.9583385,287.616671,0.008416666,99267.5,0.0,1.604166691,-0.833333346,0.16208198,8.031195463691509,0.8875201793437203
2011-04-17,275.6500041,325.9083382,289.8375043,0.008920833,98741.66667,0.0,2.629166706,-0.508333341,0.162218493,9.46247898506977,0.810363676683011
2011-04-18,124.8750019,369.3750055,288.9250043,0.0094625,98585.41667,0.0,1.504166689,2.420833369,0.16234038,4.830190030010833,0.9101683761736896
2011-04-19,262.2250039,335.6541717,287.5000043,0.008475,98788.33333,0.0,-0.0125,0.225000003,0.162476257,9.646757286957255,0.8961652534669097
2011-04-20,124.4708352,345.8791718,287.791671,0.0069125,98655.41667,0.0,0.887500013,3.008333378,0.162583524,5.042995426240116,0.7161853018954152
2011-04-21,294.6541711,319.9416714,286.1125043,0.007645833,98800.0,0.300000004,0.89166668,0.166666669,0.162718766,9.348055039905624,0.8858246204142685
2011-04-22,276.4250041,296.5750044,287.0041709,0.006129167,98912.91667,0.0,1.300000019,-1.812500027,0.162843958,8.092860101657575,0.6703572795740577
2011-04-23,117.8041684,331.5083383,286.4458376,0.006983333,98626.25,0.0,0.566666675,1.279166686,0.162979321,3.274637994974757,0.7900633449446467
2011-04-24,241.8000036,344.3833385,286.5541709,0.008075,98614.16667,0.100000001,0.750000011,2.2541667,0.163114073,7.562369553785196,0.9069580367141662
2011-04-25,227.2583367,337.275005,287.2958376,0.0081375,99037.91667,0.500000007,1.691666692,2.429166703,0.163234933,7.280627255897051,0.874254953742095
2011-04-26,336.412505,271.4708374,285.3416709,0.0058875,99294.58333,0.0,2.120833365,-3.066666712,0.163370366,9.1408319387635,0.7214842092009709
2011-04-27,331.2708383,274.7833374,285.2208376,0.004608333,99145.0,0.0,1.833333361,-2.308333368,0.163486644,9.66030964326776,0.5684316047517949
2011-04-28,339.2458384,281.5041709,286.4083376,0.0060625,99169.16667,0.0,2.400000036,-1.13333335,0.163620972,9.442460670334594,0.691367893027883
2011-04-29,348.4208385,253.3541704,284.1875042,0.004283333,99562.5,0.0,3.36250005,-6.070833424,0.163754086,10.832577609492638,0.5685302586443551
2011-04-30,351.2625052,255.3583371,286.3500043,0.0041625,99689.58333,0.0,0.925000014,-6.533333431,0.163872746,12.28869500261436,0.479022995418314
2011-05-01,349.3583385,265.625004,287.8583376,0.004620833,99453.33333,0.0,0.187500003,-4.020833393,0.164007597,11.073097681002029,0.480530082392957
2011-05-02,335.1916717,282.6458375,289.291671,0.004941667,99495.83333,0.0,0.800000012,-1.016666682,0.164129484,9.1082950365994,0.4684908127573134
2011-05-03,343.6458385,286.0541709,289.0708376,0.005475,99474.16667,0.0,0.929166681,-2.175000032,0.164266618,9.538142711423024,0.5263870566677673
2011-05-04,350.6125052,283.9250042,290.8750043,0.005658333,99160.41667,0.0,0.050000001,-5.516666749,0.164400762,11.774053177375317,0.4830563919727281
2011-05-05,345.4791718,288.454171,292.2708377,0.005825,98893.33333,0.0,1.020833349,-2.912500043,0.164521284,9.862295588246807,0.4539963576938792
2011-05-06,335.7916717,307.1541712,292.9000044,0.006779166,98539.16667,0.0,1.962500029,-1.812500027,0.16465399,9.243890626278594,0.5060707260787326
2011-05-07,319.2666714,313.2541713,290.5208377,0.008504166,98399.16667,0.0,2.220833366,-0.741666678,0.164773399,7.382795532040934,0.7368854913269905
2011-05-08,344.0291718,298.9166711,289.279171,0.008279166,98351.66667,0.0,2.816666709,0.245833337,0.164910895,7.108222294898552,0.7764991784765649
2011-05-09,352.2791719,281.1541709,287.0833376,0.005854167,98552.08333,0.0,2.645833373,-4.358333398,0.165039381,7.450890354484956,0.6346383453969157
2011-05-10,354.4458386,282.3000042,288.3583376,0.0052125,98652.91667,0.0,1.550000023,-4.575000068,0.165160326,8.134917272135713,0.5204825728245723
2011-05-11,242.7291703,317.5291714,289.5375043,0.006745833,98514.16667,0.0,1.420833355,-0.604166676,0.165295893,4.785286776342347,0.6232770367587972
2011-05-12,343.5583385,306.7416712,288.9250043,0.0072875,99005.0,0.0,1.233333352,-0.691666677,0.165417461,6.510707153691732,0.7039452274867704
2011-05-13,353.6041719,291.579171,289.0875043,0.005958333,98844.58333,0.0,1.35000002,-1.037500015,0.165553004,6.557252867832186,0.5686185355838144
2011-05-14,310.1416713,293.329171,288.404171,0.006008333,98341.25,0.0,2.212500033,1.366666687,0.165674604,5.7432321932685255,0.5962761045880381
2011-05-15,206.6208364,318.7333381,283.2791709,0.005291667,98231.25,3.000000045,1.245833352,5.095833409,0.165810184,6.731197306892414,0.7367296125754912
2011-05-16,232.3416701,303.3041712,282.2166709,0.005208333,98817.5,4.100000061,-1.429166688,4.016666727,0.166305081,21.096342144816116,0.7840642886388944
2011-05-17,104.9458349,339.4875051,281.8750042,0.006279167,98230.0,14.80000022,-1.950000029,4.137500062,0.166819821,37.61704677157469,0.9618454087450692
2011-05-18,313.220838,321.0625048,285.2875043,0.007145833,98234.16667,2.200000033,1.433333355,-0.287500004,0.167332316,81.50372661852168,0.8694633340991336
2011-05-19,357.6333387,292.8625044,288.029171,0.0062,98639.58333,0.200000003,1.550000023,-3.283333382,0.167844021,72.10591647955252,0.6323966098813227
2011-05-20,334.0541716,303.2458379,289.991671,0.0060625,98845.83333,0.0,1.562500023,-1.620833357,0.168357881,38.9640959147778,0.5458700755987268
2011-05-21,357.729172,315.3250047,291.1583377,0.0069375,98678.75,0.0,1.833333361,-1.179166684,0.16887873,26.80962651136208,0.5788587650732083
2011-05-22,336.250005,306.9208379,290.3208377,0.007345833,98447.08333,0.0,2.525000038,-2.383333369,0.16939302,14.586167653747452,0.6450157436649693
2011-05-23,363.9208388,300.0125045,289.0333376,0.0067875,98558.33333,0.0,3.279166716,-3.029166712,0.169913284,11.780229875157104,0.6481355488935386
2011-05-24,341.4541718,286.4875043,287.604171,0.005366667,98937.5,0.0,2.01250003,-2.133333365,0.170423143,9.787726566700808,0.5644835804761063
2011-05-25,165.0250025,319.6291714,284.9458376,0.0061625,98836.25,9.600000143,1.187500018,2.791666708,0.170936652,39.01618479700525,0.7717905653721
2011-05-26,245.5000037,316.3916714,286.1791709,0.006633333,99234.16667,0.100000001,1.533333356,2.412500036,0.171450786,38.316032077831466,0.7685021818203525
2011-05-27,242.895837,320.8541714,286.7708376,0.0062875,99232.5,0.0,2.200000033,0.350000005,0.171964653,26.87027498625893,0.7005558800089184
2011-05-28,274.4166708,316.7458381,285.6166709,0.005495833,98644.16667,1.300000019,3.595833387,-0.541666675,0.172476179,28.418194661322158,0.656958484221282
2011-05-29,360.066672,283.3541709,284.9583376,0.004879167,98255.41667,0.900000013,4.466666733,-5.341666746,0.172984163,25.655232060125485,0.6069684719674482
2011-05-30,252.0500038,299.9250045,287.7333376,0.0058375,98656.66667,0.0,2.320833368,-0.47083334,0.173508797,14.920676068896825,0.6071217601674344
2011-05-31,270.737504,318.2500047,285.9000043,0.006320833,98773.33333,0.70000001,0.379166672,4.137500062,0.174019618,13.299377220113309,0.7424846539518106
2011-06-01,171.8458359,327.6666715,285.1416709,0.0061875,99031.25,2.900000043,0.512500008,3.358333383,0.174529893,17.943188280152654,0.7663753187506961
2011-06-02,239.1791702,321.4083381,285.0333376,0.006491667,99342.91667,0.400000006,0.779166678,1.812500027,0.17504017,19.01904735179642,0.8124261662244239
2011-06-03,172.6958359,319.9541714,286.3458376,0.0068,98910.0,0.500000007,-1.308333353,1.920833362,0.175550376,11.156300682037145,0.7766420058569341
2011-06-04,115.6833351,359.0125053,285.6291709,0.008483333,98430.0,17.40000026,-5.650000084,2.062500031,0.176074878,39.23865545202307,1.0110359960150432
2011-06-05,210.1291698,346.7541718,286.5333376,0.008270833,98865.83333,7.900000118,-2.287500034,0.541666675,0.176598804,73.41433472423526,0.9326034720868602
2011-06-06,114.383335,347.7125052,288.8833376,0.008933333,98753.75,2.300000034,1.425000021,0.512500008,0.177108054,28.13496321246683,0.8630588749297987
2011-06-07,342.0500051,321.6458381,290.466671,0.009708333,98935.0,0.100000001,0.850000013,-1.858333361,0.177616672,71.89664311559463,0.8487379445688893
2011-06-08,358.7208387,317.2666714,292.8458377,0.008579166,98631.25,0.0,1.204166685,-1.279166686,0.178139909,52.06984048508978,0.6432206652661457
2011-06-09,361.3250054,320.4833381,294.8708377,0.008908333,98817.08333,0.0,0.970833348,-1.929166695,0.178649158,32.402266738534266,0.5899749435607013
2011-06-10,354.0375053,321.9833381,294.7291711,0.008104166,98635.41667,0.0,1.812500027,-2.225000033,0.179157776,20.369729787796203,0.540436589050585
2011-06-11,348.7625052,319.5375048,292.954171,0.008404166,98302.08333,0.0,2.325000035,-1.900000028,0.17966639,13.656466426770455,0.6237487887368359
2011-06-12,348.9458385,332.900005,292.7208377,0.009541666,98237.08333,0.0,1.354166687,-1.037500015,0.180189627,12.39941872615705,0.7181327063534066
2011-06-13,352.7375053,350.0708385,295.4625044,0.010958333,98607.5,0.0,2.350000035,-2.466666703,0.18069888,10.566501257304148,0.6982975132790544
2011-06-14,355.8833386,352.3291719,298.3958378,0.011770833,98731.25,0.0,1.595833357,-3.600000054,0.181207494,10.332439490962194,0.628462466711426
2011-06-15,361.6291721,336.2958383,298.6666711,0.009091666,98451.25,0.0,1.862500028,-4.895833406,0.181730731,10.608700500248672,0.4762405193522455
2011-06-16,356.0125053,309.8291713,295.8416711,0.006808333,98040.83333,0.0,1.937500029,-5.537500083,0.182353794,9.559547187452647,0.4214386177054335
2011-06-17,359.4583387,314.508338,295.5208377,0.006733333,98045.83333,0.0,1.429166688,-3.79583339,0.182966547,8.440860382242398,0.4250985171908197
2011-06-18,349.8041719,332.0916716,296.0166711,0.008025,98302.08333,0.0,1.237500018,-1.800000027,0.183593291,7.395402218836253,0.4927685438053849
2011-06-19,360.416672,332.725005,296.6041711,0.008841666,98316.66667,0.0,1.77083336,-5.495833415,0.184206045,8.404121183878107,0.5238743925720398
2011-06-20,361.2833387,333.3833383,298.4666711,0.008191666,98202.08333,0.0,0.86666668,-5.408333414,0.184818162,8.816567709285007,0.4331752702756449
2011-06-21,361.3583387,344.5916718,300.6708378,0.009175,98092.08333,0.0,0.508333341,-2.825000042,0.185444902,7.748267719537298,0.4250489543045951
2011-06-22,358.304172,344.7208385,299.9000045,0.008308333,98111.66667,0.0,1.56666669,-2.045833364,0.186057655,7.467571133879308,0.4029477651220191
2011-06-23,359.0083387,332.7916716,296.4958378,0.0086875,98113.33333,0.0,1.879166695,-1.629166691,0.186669773,6.737188799764281,0.5170760185289618
2011-06-24,362.3041721,322.4833381,296.3666711,0.008258333,98231.66667,0.0,1.454166688,-2.625000039,0.187296517,6.731476735623211,0.4960155530508831
2011-06-25,360.2833387,327.4791715,296.2083377,0.008,98234.16667,0.0,1.408333354,-1.862500028,0.18790927,6.505686957052065,0.4851775109178567
2011-06-26,357.4208387,330.9333383,295.7541711,0.008166666,98279.16667,0.0,1.529166689,-1.78333336,0.18853601,6.409583522508166,0.5094725997511907
2011-06-27,351.1750052,331.6666716,294.6333377,0.00755,98130.83333,0.0,1.78333336,-0.716666677,0.189148764,6.114155001186854,0.5038808770882021
2011-06-28,179.5625027,350.1083386,290.7375043,0.009341666,98070.0,16.30000024,1.287500019,2.2416667,0.189760881,69.42413588106251,0.7956741166803928
2011-06-29,244.8916703,366.2625055,290.266671,0.010166666,98398.33333,0.500000007,1.345833353,0.850000013,0.190402244,57.68235317061018,0.8953590409653325
2011-06-30,350.8958386,340.6083384,294.2833377,0.0106625,98780.41667,0.0,1.416666688,-2.408333369,0.191015636,56.263783716727325,0.7320060367817545
2011-07-01,362.9375054,336.925005,296.8250044,0.009391666,98518.33333,0.0,1.33750002,-3.612500054,0.191627754,35.42697606697781,0.5501632103264836
2011-07-02,361.9500054,349.0000052,299.9708378,0.009720833,98107.08333,0.0,1.37500002,-2.970833378,0.192254495,23.737710891827238,0.4694532360515886
2011-07-03,364.3166721,346.6250052,300.9416712,0.009325,98086.66667,0.0,1.679166692,-4.141666728,0.192867248,16.908559282619976,0.4251313206033854
2011-07-04,362.9041721,346.2583385,300.9125045,0.008833333,98212.91667,0.0,1.062500016,-3.054166712,0.193493988,13.501864755235816,0.4039276846961214
2011-07-05,361.2000054,348.4416719,301.4375045,0.008720833,98349.58333,0.0,0.545833341,-2.637500039,0.194106741,11.51842876136412,0.3872004884289866
2011-07-06,358.4083387,347.0708385,300.6041711,0.008175,98347.5,0.0,0.758333345,-0.875000013,0.194718859,10.214921712277356,0.3812055202835631
2011-07-07,358.0333387,346.8875052,299.0666711,0.0087,98423.75,0.0,0.70000001,0.320833338,0.195345602,9.137887063168202,0.444822247581749
2011-07-08,357.3208387,353.5875053,298.9583378,0.010333333,98285.41667,0.0,0.708333344,-1.637500024,0.195958356,7.94367466408219,0.5310174986854636
2011-07-09,362.4875054,332.8583383,297.9958378,0.008220833,98069.16667,0.0,1.479166689,-1.100000016,0.196585096,7.3172793954290976,0.446594748180509
2011-07-10,357.4583387,330.5291716,296.1458377,0.008075,98208.75,0.0,1.354166687,-1.36250002,0.197197849,6.794429888545802,0.4914720624997895
2011-07-11,356.2875053,330.2875049,294.5166711,0.008875,98323.33333,0.0,1.570833357,-0.141666669,0.197809967,6.288118773619588,0.5977698273478829
2011-07-12,353.7083386,333.1416716,294.0625044,0.009170833,98491.66667,0.0,1.512500023,0.262500004,0.198436707,6.078842777583935,0.6364188931931993
2011-07-13,348.4375052,340.9416717,293.641671,0.009745833,98344.58333,0.0,1.837500027,0.262500004,0.199049464,5.957007027549009,0.6932203517130993
2011-07-14,353.5291719,323.2333381,292.191671,0.008279166,98412.08333,0.0,1.804166694,-0.925000014,0.199676204,5.67859355086202,0.6453422019499028
2011-07-15,353.1083386,326.4166715,293.041671,0.008345833,98287.5,0.0,1.695833359,-0.329166672,0.20030358,5.711782136810651,0.6159437988647224
2011-07-16,352.8833386,325.9916715,293.0208377,0.008645833,98268.33333,0.0,2.066666697,0.366666672,0.200401376,5.666903770762503,0.6387926108980292
2011-07-17,350.6291719,330.6041716,292.3708377,0.0086375,98382.08333,0.0,1.625000024,0.833333346,0.200476146,5.579449794952356,0.6655181302184715
2011-07-18,346.2500052,334.2833383,293.154171,0.007808333,98455.83333,0.0,1.412500021,0.945833347,0.200554731,5.705756572491994,0.5732132552000682
2011-07-19,350.0416719,343.6916718,295.0375044,0.009504166,98700.0,0.0,1.937500029,-0.770833345,0.200625687,5.94355133554927,0.6222613790258571
2011-07-20,350.8541719,345.2125051,297.7291711,0.0088625,98588.75,0.0,1.162500017,-2.71250004,0.20071508,6.599019804120718,0.4918491472040375
2011-07-21,349.4500052,345.9125052,299.2583378,0.008029166,98330.41667,0.0,1.191666684,-2.191666699,0.200790486,6.53588303424911,0.4054677322305597
2011-07-22,347.3916718,346.0416718,298.4166711,0.007591666,98143.75,0.0,1.379166687,-2.366666702,0.200865256,6.647121314321763,0.4024148275998143
2011-07-23,347.3541718,342.1875051,297.3083378,0.0077125,98205.83333,0.0,1.091666683,-0.754166678,0.200954653,5.787522283889136,0.4373508402167813
2011-07-24,348.7500052,330.9916716,295.5875044,0.007241666,98662.91667,0.0,1.14583335,0.375000006,0.20103006,5.497241320305993,0.4581901108497697
2011-07-25,353.7083386,309.8125046,294.7166711,0.006020833,98772.91667,0.0,1.675000025,-0.854166679,0.201108868,5.523295344052925,0.402377186187637
2011-07-26,346.8458385,333.6208383,296.7541711,0.007154166,98347.91667,0.0,1.733333359,-2.529166704,0.201201902,6.441302698856431,0.4201711710758111
2011-07-27,347.1125052,333.712505,298.3875044,0.0067625,98237.5,0.0,0.641666676,-2.304166701,0.201280934,6.189051458775179,0.3594342264373674
2011-07-28,345.5958385,335.4291717,298.8416711,0.006475,98390.83333,0.0,0.629166676,-1.829166694,0.201344744,5.934921200861201,0.3354321090910969
2011-07-29,341.3500051,341.2375051,298.5166711,0.006358333,98375.41667,0.0,1.208333351,-1.737500026,0.201437119,6.105260349611191,0.3358130378497674
2011-07-30,338.0166717,350.0916719,297.0208378,0.007541666,98447.5,0.0,1.029166682,-0.212500003,0.201516175,5.575169379818076,0.4362530953735802
2011-07-31,339.3875051,347.8291718,297.2833378,0.008016666,98457.91667,0.0,0.820833346,0.67500001,0.201594575,5.511232043921849,0.4564565541053002
2011-08-01,331.3958383,336.600005,296.2625044,0.0075125,98642.08333,0.0,0.591666675,0.804166679,0.201673012,5.098496178522077,0.4559933757893046
2011-08-02,334.0583383,323.0458381,296.2333377,0.0065125,98615.83333,0.0,0.929166681,-0.166666669,0.201751428,4.859244608222141,0.3958945420948622
2011-08-03,333.1791716,321.0500048,296.3750044,0.005583333,98345.41667,0.0,1.662500025,-1.870833361,0.201829807,5.779982664459901,0.3355662767988202
2011-08-04,327.6875049,327.6375049,295.6125044,0.006708333,98315.41667,0.0,1.633333358,-0.404166673,0.20192285,5.233507120568866,0.4223021946950818
2011-08-05,327.2041715,332.0416716,295.2750044,0.0075875,98537.91667,0.0,0.920833347,-0.583333342,0.201987251,4.949698750152956,0.4887574157055098
2011-08-06,325.5125049,330.1541716,295.2958377,0.007066666,98490.0,0.0,1.183333351,-0.104166668,0.202079662,4.959506395096212,0.454403311857196
2011-08-07,323.7166715,335.2458383,295.6625044,0.007441666,98557.08333,0.0,1.166666684,-0.170833336,0.202158712,5.003919992072062,0.4681803321476394
2011-08-08,325.0250048,325.7666715,295.5375044,0.006325,98522.5,0.0,1.091666683,-0.720833344,0.202237127,4.966072097844177,0.4008500578060354
2011-08-09,324.0458382,324.5625048,296.2625044,0.005725,98384.58333,0.0,1.36250002,-1.650000025,0.20231555,5.444466618458739,0.3465886643080045
2011-08-10,323.0666715,326.6791715,297.6291711,0.005258333,98214.58333,0.0,1.587500024,-2.387500036,0.202393941,5.944439124665245,0.2924790035522041
2011-08-11,321.3875048,327.0791715,296.4333378,0.0057875,98357.91667,0.0,1.575000023,-1.766666693,0.202472347,5.566843946731938,0.3466460133915938
2011-08-12,314.4750047,332.2708383,296.4875044,0.005825,98519.16667,0.0,1.495833356,-1.583333357,0.202565387,5.438605311255807,0.3483122438441748
2011-08-13,316.483338,334.9833383,297.1041711,0.005975,98410.83333,0.0,2.050000031,-1.983333363,0.202644416,5.891396096584533,0.3437571255246633
2011-08-14,316.6666714,320.9166714,296.2958377,0.004816667,98324.58333,0.0,2.43333337,-1.091666683,0.202708213,5.488874259578403,0.2908285074782928
2011-08-15,312.8750047,318.1541714,294.8583377,0.005154167,98432.91667,0.0,1.754166693,-1.475000022,0.20280061,4.961266450268585,0.3402819569739274
2011-08-16,314.470838,326.4916715,296.7875044,0.005695833,98483.75,0.0,1.200000018,-1.700000025,0.202830266,4.874187255356788,0.3343056113272684
2011-08-17,313.9916713,317.8041714,296.1458377,0.004983333,98698.75,0.0,1.179166684,-1.529166689,0.202871794,4.547721387172151,0.3048159458721923
2011-08-18,312.158338,320.2541714,296.1208377,0.00465,98660.41667,0.0,1.720833359,-2.200000033,0.202899347,4.916430513500406,0.2847511246494711
2011-08-19,309.7208379,322.2208381,296.3625044,0.0048375,98286.25,0.0,1.729166692,-1.400000021,0.202926247,4.483290232186805,0.2907873498063251
2011-08-20,306.0000046,328.6791716,294.7625044,0.006445833,98191.66667,0.0,1.316666686,0.087500001,0.202967757,3.867029595386513,0.4270346228572859
2011-08-21,305.0791712,324.9666715,293.816671,0.0066125,98474.58333,0.0,1.116666683,0.325000005,0.202995305,3.5942230863104827,0.4658652223587847
2011-08-22,303.8083379,321.6166715,293.7250044,0.005866667,98663.75,0.0,1.041666682,-0.308333338,0.203036802,3.531985875725693,0.4164828058036396
2011-08-23,300.1833378,325.8250049,294.3666711,0.005175,98608.33333,0.0,0.958333348,-1.55416669,0.203064333,3.91862016024442,0.352830481183565
2011-08-24,297.7500044,334.1416716,296.8291711,0.0045875,98366.25,0.0,1.004166682,-0.25416667,0.203091231,3.6469847131421615,0.268252674370806
2011-08-25,298.6083378,330.2916716,295.9166711,0.005041667,98374.58333,0.0,1.458333355,-0.520833341,0.203132732,3.857690152501856,0.3117090491686555
2011-08-26,295.9583377,334.9208383,296.7666711,0.005745833,98286.66667,0.0,0.654166676,-0.645833343,0.203160271,3.527620023747374,0.3369919802386645
2011-08-27,297.7625044,327.1208382,297.1333378,0.005729167,98465.41667,0.0,1.195833351,-0.87916668,0.203201794,3.68294442739309,0.3292137385864332
2011-08-28,298.0208378,320.6416714,297.1833378,0.004979167,98475.0,0.0,1.100000016,-1.266666686,0.203229319,3.711198889708562,0.285278479980987
2011-08-29,295.1375044,317.5375047,296.6875044,0.004370833,98288.75,0.0,1.958333363,-2.2541667,0.203256216,4.319731973781555,0.2575913310863083
2011-08-30,291.0583377,317.2416714,294.7916711,0.004575,98054.16667,0.0,1.470833355,-1.241666685,0.203283113,3.745390485465372,0.3021234158937484
2011-08-31,289.2583376,325.9125049,295.8333377,0.005525,97885.41667,0.0,1.237500018,-1.766666693,0.203324607,3.893578863048009,0.3416319442167881
2011-09-01,291.3958377,318.3500047,297.1208378,0.005008333,98131.66667,0.0,0.620833343,-2.91666671,0.203366761,4.212914355707499,0.2870346331217748
2011-09-02,291.2583377,310.1375046,297.3416711,0.003383333,98426.66667,0.0,0.475000007,-3.870833391,0.203394303,4.610150087824066,0.1919015750593883
2011-09-03,287.8250043,312.0000046,297.2083378,0.003279167,98347.5,0.0,0.941666681,-1.920833362,0.203435836,3.745801388068438,0.1873506356022472
2011-09-04,282.7125042,317.9791714,296.7250044,0.003841667,98324.58333,0.0,0.775000012,-0.025,0.203448744,2.989564468757492,0.2259718260774081
2011-09-05,279.9416708,321.3458381,295.7791711,0.004408333,98363.75,0.0,1.287500019,0.416666673,0.203489642,3.3573508741249776,0.2748265788396437
2011-09-06,274.0875041,325.6333382,296.7208378,0.0048125,98633.75,0.0,0.70000001,-0.279166671,0.203531802,2.9545631585701666,0.2840395519986736
2011-09-07,260.1000039,334.812505,297.9916711,0.004608333,98799.58333,0.0,0.337500005,0.062500001,0.20355932,2.5828832932212333,0.2522744501203949
2011-09-08,270.337504,332.7916716,297.5291711,0.004045833,98856.25,0.0,1.670833358,-1.550000023,0.203600763,3.850284615180504,0.2278804376955416
2011-09-09,270.7208374,338.262505,299.4708378,0.004179167,98528.33333,0.0,0.787500012,-4.516666734,0.20362814,4.780178288963989,0.2088083340750708
2011-09-10,268.537504,335.8208383,298.8958378,0.003833333,98052.91667,0.0,0.141666669,-3.425000051,0.203654955,4.328140431089635,0.1972603263152555
2011-09-11,261.4708372,344.4208385,296.1791711,0.00665,98306.25,0.0,1.508333356,2.758333374,0.203696453,4.066680677295741,0.4043193461002368
2011-09-12,252.4958371,352.7125053,295.6458377,0.008420833,98791.66667,0.0,1.279166686,0.612500009,0.203723988,3.260338169546376,0.5315871125133609
2011-09-13,256.7208372,354.1541719,296.7333378,0.0071,98898.33333,0.0,1.300000019,-0.941666681,0.203765504,3.5121408525314464,0.4198553140672846
2011-09-14,256.2291705,341.8250051,295.2875044,0.005854167,98590.0,0.0,1.845833361,-1.166666684,0.20379304,3.637734609077999,0.3770121492821158
2011-09-15,255.4958371,325.8416715,293.366671,0.005783333,98335.41667,0.0,1.587500024,-0.145833336,0.203819979,3.015820018998956,0.4184448584188776
2011-09-16,254.2125038,320.3958381,292.841671,0.006216667,98330.83333,0.0,1.691666692,-0.679166677,0.203461938,2.847429942766636,0.4647946717372234
2011-09-17,252.7666704,312.2750047,293.416671,0.006016667,98704.16667,0.0,1.679166692,-1.870833361,0.203087188,2.8618856459752537,0.4355982561909222
2011-09-18,250.6791704,322.1916715,295.1666711,0.0047,98910.41667,0.0,1.425000021,-3.012500045,0.202697696,3.3634963247362784,0.3059330471745831
2011-09-19,251.7458371,317.2791714,296.4208378,0.003575,98811.25,0.0,0.920833347,-2.45833337,0.202307549,3.018868045115489,0.2152778201184189
2011-09-20,250.1916704,323.3916715,297.3416711,0.003708333,98601.25,0.0,1.14583335,-2.908333377,0.20194666,3.1344709874600563,0.2107085524873184
2011-09-21,248.9916704,321.8125048,298.2541711,0.003970833,98473.33333,0.0,1.220833352,-1.979166696,0.201557802,2.623653382326444,0.2132624390471503
2011-09-22,246.0916703,323.6541715,298.4708378,0.004216667,98578.75,0.0,1.237500018,-2.208333366,0.201182257,2.5712256624105723,0.223776627602524
2011-09-23,241.6875036,322.5000048,297.5791711,0.003875,98672.5,0.0,1.320833353,-2.375000035,0.200792766,2.847785950601839,0.2171952794990201
2011-09-24,235.9875035,329.9958383,295.9000044,0.003925,98281.66667,0.0,1.975000029,-0.295833338,0.200417208,2.8395462648994982,0.242687594560018
2011-09-25,225.2833367,323.6333382,293.154171,0.006145833,98510.41667,0.0,2.258333367,0.937500014,0.200042322,2.7392762709818683,0.4514185038042665
2011-09-26,230.8833368,324.4500048,292.1333377,0.006925,98808.33333,0.0,2.166666699,-1.712500026,0.199652807,2.92456706268563,0.5439575214291293
2011-09-27,224.6250033,330.8208383,294.1333377,0.005691667,98817.91667,0.0,1.712500026,-2.695833374,0.199276409,3.589460359421699,0.3945484632591322
2011-09-28,226.0125034,336.7791717,296.1875044,0.005433333,98812.91667,0.0,0.045833334,-1.383333354,0.198893976,3.121624303546409,0.3318797330704351
2011-09-29,225.5083367,328.1375049,296.8416711,0.004541667,98570.83333,0.0,0.091666668,1.025000015,0.198508662,2.8940482435631774,0.2659228527713269
2011-09-30,221.51667,324.7125048,293.8333377,0.005279167,98405.83333,0.0,0.770833345,2.825000042,0.198134574,3.987264794513007,0.3712841588873198
2011-10-01,214.6125032,311.3500046,290.1375043,0.006475,98610.41667,0.0,0.108333335,3.80833339,0.197752148,3.3054197248111192,0.5762139633413046
2011-10-02,217.3583366,298.2541711,288.316671,0.005916667,98864.16667,0.0,1.495833356,1.10833335,0.19736901,2.60946734076801,0.593665273425036
2011-10-03,116.3208351,307.5458379,287.2208376,0.005583333,98739.58333,5.200000077,0.025,2.462500037,0.196985717,8.824496958207702,0.600986159354579
2011-10-04,117.3291684,348.0583385,285.5333376,0.007645833,98480.0,6.500000097,0.475000007,1.658333358,0.196602799,24.250271305258703,0.9175066952264356
2011-10-05,131.1041686,332.2208383,285.1541709,0.0069625,97922.08333,23.60000035,1.80833336,4.837500072,0.196233968,53.833964175779904,0.851997138661031
2011-10-06,134.6458353,330.4875049,283.8625042,0.0061,98385.0,0.500000007,1.825000027,0.375000006,0.195849425,27.47875628816948,0.8177603206798622
2011-10-07,206.4875031,290.516671,286.0041709,0.006,99220.0,0.0,1.233333352,-3.125000047,0.19546752,30.2637093744484,0.7031189024963906
2011-10-08,207.3000031,293.8375044,288.079171,0.005525,99162.08333,0.0,1.470833355,-3.750000056,0.195084721,26.104269498938372,0.5646909838868086
2011-10-09,204.3583364,296.9125044,289.4000043,0.006004167,98792.91667,0.0,1.504166689,-2.345833368,0.194701529,16.1262973855272,0.5612671050785241
2011-10-10,61.22500091,354.5541719,289.9500043,0.009070833,98553.33333,8.900000133,1.645833358,1.066666683,0.194338008,16.164742577246134,0.8165032822783875
2011-10-11,156.4458357,374.1000056,289.8583377,0.010529166,98823.75,1.200000018,0.437500007,1.775000026,0.193949316,40.58786254786294,0.9559797683147818
2011-10-12,194.4625029,309.1625046,290.3458377,0.007570833,99054.16667,0.0,1.179166684,-3.991666726,0.193559494,38.80714428098314,0.6678034397773279
2011-10-13,184.8166694,316.6291714,291.6208377,0.005783333,98773.33333,0.0,0.479166674,-3.10833338,0.193184292,29.3242587220266,0.4690597327680995
2011-10-14,170.5208359,327.8333382,293.3083377,0.006566667,98400.0,0.0,-0.150000002,-1.608333357,0.192795106,15.73990092085754,0.4771689085455056
2011-10-15,122.1666685,344.5750051,294.2333377,0.007316666,98384.58333,0.0,0.25416667,-0.058333334,0.192426815,6.215529708229235,0.5018469935288413
2011-10-16,150.1000022,351.1625052,291.966671,0.008145833,98720.0,0.0,0.512500008,1.437500021,0.191425102,8.726960448056644,0.6460378814946995
2011-10-17,184.3291694,327.6625049,293.229171,0.008391666,99173.75,0.0,-0.220833337,-2.029166697,0.190395808,7.059710594199991,0.6176253149630029
2011-10-18,184.9291694,320.6916714,292.9500044,0.007175,99059.16667,0.0,-0.258333337,-0.320833338,0.189362954,6.142392589868278,0.5367626444358335
2011-10-19,183.9208361,318.3000047,291.454171,0.0075875,98818.33333,0.0,1.333333353,-0.287500004,0.18832975,4.470817328937638,0.6222008316859095
2011-10-20,180.570836,313.0000047,291.7750043,0.007758333,98809.58333,0.0,0.945833347,-1.970833363,0.18731116,3.434373024792867,0.6233655026434918
2011-10-21,178.1166693,304.9166712,290.7708377,0.006920833,99103.75,0.0,1.162500017,-1.775000026,0.186278579,2.862815686848105,0.5944299462987338
2011-10-22,181.3625027,301.0125045,291.4083377,0.0062375,99236.66667,0.0,0.270833337,-2.45833337,0.185245366,2.7732678531096275,0.5151560083880359
2011-10-23,174.5333359,291.479171,291.3458377,0.0053,98860.83333,0.0,-0.587500009,0.083333335,0.184212149,2.008635639743212,0.4378016485965841
2011-10-24,171.6166692,298.8958378,291.2833377,0.0057125,98684.16667,0.0,0.312500005,-0.058333334,0.183193559,1.9336947190821725,0.4729040214425081
2011-10-25,176.0291693,292.5000044,290.179171,0.005829167,98903.75,0.0,0.758333345,-3.837500057,0.182160982,2.168426284546932,0.5188978957380509
2011-10-26,179.5625027,253.5666704,288.1625043,0.002808333,99238.75,0.0,0.212500003,-5.804166753,0.181127766,2.6263115799371266,0.2856984782269713
2011-10-27,168.1708358,262.7083372,286.2958376,0.002095833,99140.41667,0.0,-0.258333337,-2.104166698,0.180109175,1.638473608845884,0.2407202350930069
2011-10-28,171.3833359,266.112504,287.7500043,0.002695833,99141.66667,0.0,-0.200000003,-1.441666688,0.179076537,1.4030815739440126,0.2814487102358547
2011-10-29,167.2083358,277.8250041,289.6083376,0.003120833,99331.25,0.0,0.625000009,-3.033333379,0.178049199,1.9373974148708035,0.2894173685481049
2011-10-30,162.9958358,291.2375043,289.9125043,0.003825,99167.08333,0.0,1.166666684,-3.837500057,0.17700742,2.13647499634193,0.3472825814980734
2011-10-31,159.7125024,309.0208379,292.054171,0.005358333,99006.66667,0.0,1.083333349,-3.35000005,0.175992415,2.0118826778575185,0.423851512668793
2011-11-01,163.0833358,275.1291708,290.954171,0.004283333,99151.66667,0.0,-0.237500004,-7.004166771,0.174969729,2.5791467208577608,0.3638016685308265
2011-11-02,160.6208357,241.3583369,288.8333376,0.001391667,99325.41667,0.0,-1.529166689,-4.283333397,0.173932026,2.0623667525448988,0.135666835554289
2011-11-03,134.4833353,261.4625039,285.2250043,0.002504167,98573.75,0.0,1.854166694,1.54166669,0.172908313,1.0542467028135027,0.3070206591687646
2011-11-04,152.5000023,280.0916708,282.0708375,0.0042625,98220.41667,0.0,1.937500029,-0.829166679,0.171870614,0.9541073347308112,0.6441838530724195
2011-11-05,40.5250006,284.7916709,280.2833375,0.003575,98595.0,2.200000033,1.36250002,-0.270833337,0.170846898,0.4045244754551452,0.6133429383574222
2011-11-06,81.45416788,313.9791713,281.1250042,0.005920833,98657.91667,10.70000016,1.016666682,1.016666682,0.169809198,13.64711071950387,0.9590296882337424
2011-11-07,145.8875022,271.6583374,281.2208375,0.0051875,99352.91667,0.0,1.14583335,-2.604166705,0.168785486,17.667650597685554,0.8406040783511761
2011-11-08,144.6750022,252.3791704,281.3208375,0.003929167,99821.66667,0.0,0.333333338,-1.200000018,0.167762406,11.29109495222296,0.6353183221836717
2011-11-09,140.9875021,255.1333371,281.7416709,0.003775,99778.75,0.0,-1.35000002,0.479166674,0.166724706,10.026939517951217,0.5927599901909857
2011-11-10,131.825002,258.9833372,281.6500042,0.003541667,99280.83333,0.0,-2.679166707,2.400000036,0.165700994,11.230856610780505,0.5568334222750003
2011-11-11,72.06666774,296.3625044,283.2625042,0.003720833,98514.58333,1.100000016,-3.091666713,3.537500053,0.164663291,12.889409130249332,0.5201114050349985
2011-11-12,100.9000015,330.9250049,282.4375042,0.005479167,98505.83333,2.70000004,-1.116666683,0.116666668,0.163639579,14.826940077557207,0.8099471173761893
2011-11-13,135.2833353,280.4583375,284.3875042,0.005970833,98675.83333,0.0,0.654166676,-1.775000026,0.162616502,8.62788649208243,0.7749849107005963
2011-11-14,133.975002,274.8375041,284.2250042,0.0053625,98809.58333,0.0,1.012500015,-1.841666694,0.161578799,6.989706635873815,0.7046099552723758
2011-11-15,132.4458353,267.3916707,283.5083376,0.004425,99102.5,0.0,1.404166688,-3.479166719,0.160555087,6.36796713474916,0.6119794700479826
2011-11-16,131.1708353,273.7000041,283.6958376,0.0041125,99383.33333,0.0,1.025000015,-2.708333374,0.160075414,5.103208850161004,0.5632015566638239
2011-11-17,128.1000019,273.2416707,283.3875042,0.0047625,99312.08333,0.0,0.975000015,-0.279166671,0.159633991,3.028828128905042,0.6654592156431377
2011-11-18,80.65833454,276.3666708,281.6750042,0.005025,98790.41667,0.70000001,3.13333338,1.191666684,0.159163957,1.5428700409111846,0.784799572609565
2011-11-19,108.8541683,275.4916708,279.3416708,0.0040125,98622.08333,0.100000001,1.629166691,2.083333364,0.158707272,2.266061627593503,0.7352337827713801
2011-11-20,67.087501,319.4791714,278.4250041,0.004733333,98137.91667,31.70000047,-3.237500048,3.791666723,0.158251225,25.97891170531745,0.920368349456349
2011-11-21,71.51250107,307.3875046,280.4208375,0.005508333,99112.91667,0.0,-1.150000017,1.850000028,0.157809802,8.926726448248118,0.9409901871789214
2011-11-22,53.99583414,323.9291715,281.9708375,0.005908333,99500.0,0.0,-1.666666692,5.258333412,0.157354391,9.356843911840508,0.910752001322338
2011-11-23,103.4583349,294.9000044,282.0500042,0.005266667,98880.41667,0.0,-2.2541667,6.033333423,0.156898345,13.574400669451926,0.8024316271058457
2011-11-24,92.02916804,330.1208383,281.9083375,0.0057125,98569.16667,19.8000003,-0.195833336,2.48333337,0.156456922,33.15396909420097,0.8760640924254185
2011-11-25,111.133335,298.5375044,280.9666709,0.005654167,99669.58333,0.0,0.200000003,0.175000003,0.156001508,14.207830606582798,0.9353759997012197
2011-11-26,118.9875018,265.737504,281.4166709,0.004641667,100069.1667,0.0,-0.166666669,-2.487500037,0.155530838,12.679485461018704,0.7474469792225868
2011-11-27,117.7250018,267.3083373,282.0083375,0.004458333,99940.0,0.0,-1.100000016,0.958333348,0.155074156,8.917470718289207,0.6885103869684603
2011-11-28,116.7166684,267.0041706,281.4875042,0.004391667,99707.5,0.0,0.645833343,-1.54166669,0.154632733,7.528841122550778,0.7012145618501161
2011-11-29,119.4708351,254.0708371,281.6166709,0.004066667,99585.0,0.0,0.250000004,-3.095833379,0.154177322,7.152855072064606,0.6428021283577978
2011-11-30,120.6375018,245.4375037,282.1416709,0.003466667,99584.58333,0.0,1.070833349,-5.270833412,0.153721276,7.87056264021974,0.5286238362563823
2011-12-01,120.8625018,239.1083369,284.2750042,0.002670833,99758.33333,0.0,0.691666677,-7.500000112,0.153265226,9.02765093815453,0.3531187431550515
2011-12-02,118.8541684,241.4750036,283.9708376,0.002095833,99297.91667,0.0,0.741666678,-7.266666775,0.152823803,7.0108893472900125,0.2815124166327638
2011-12-03,118.6625018,230.5291701,283.2041709,0.0019625,99412.91667,0.0,-0.304166671,-6.566666765,0.152368392,4.779201433505936,0.2779218611337496
2011-12-04,116.8333351,236.7375035,281.3750042,0.0019375,99736.25,0.0,0.22916667,-5.108333409,0.151897723,3.1394312660023864,0.3118487831542762
2011-12-05,116.2916684,229.2416701,280.3416708,0.002058333,99653.75,0.0,-1.000000015,-5.079166742,0.151455664,2.2787877161549384,0.355488635962099
2011-12-06,114.2416684,229.5625034,277.6791708,0.0019,99935.83333,0.0,-0.300000004,-0.875000013,0.15100025,0.8914705490100086,0.3965588368707419
2011-12-07,111.3041683,243.9291703,279.3125042,0.002529167,99841.25,0.0,0.154166669,-1.333333353,0.150544203,0.9827998405776376,0.4701201943975756
2011-12-08,114.370835,243.583337,279.0125042,0.0027875,99345.41667,0.0,-0.441666673,-1.512500023,0.150088157,0.8857200539652743,0.5265031370577448
2011-12-09,114.583335,231.7541701,278.5541708,0.0028,99357.91667,0.0,-1.091666683,-0.945833347,0.149646733,0.5937096000625928,0.5462243473077594
2011-12-10,111.5125017,230.5541701,278.4166708,0.002475,99379.58333,0.0,-1.025000015,0.041666667,0.149191323,0.4700267658758688,0.4876238747817656
2011-12-11,107.5208349,240.6250036,278.9333375,0.002966667,98767.08333,0.0,0.275000004,-0.441666673,0.148735277,0.3565143820393519,0.5601816692677787
2011-12-12,88.80000132,255.8208371,277.8416708,0.003429167,98308.33333,0.0,-0.158333336,-1.862500028,0.148279227,0.3883578742709853,0.6960104200309867
2011-12-13,109.3291683,242.833337,277.9541708,0.003120833,98620.41667,0.0,-0.500000007,-0.970833348,0.14782318,0.4281142690528619,0.6304044959618982
2011-12-14,109.258335,240.7208369,278.5541708,0.003275,99423.33333,0.0,-0.491666674,0.529166675,0.147367134,0.319135153815164,0.6393080458854863
2011-12-15,81.76250122,302.9166712,279.7083375,0.004720833,99626.66667,3.000000045,0.47083334,-0.170833336,0.146911088,3.1878524590958683,0.8517672689022856
2011-12-16,107.2291683,248.2291704,280.3000042,0.003591667,99737.5,0.0,-0.166666669,-5.433333414,0.146595206,2.143483099894014,0.6226230219132874
2011-12-17,110.1875016,250.0791704,282.0458375,0.0031875,99490.0,0.0,-0.68750001,-2.775000041,0.146300041,2.0944712882243395,0.488781964060597
2011-12-18,106.6458349,242.933337,280.0583375,0.003316667,99262.5,0.0,0.495833341,-0.741666678,0.145990889,0.7765686695280842,0.5818895128320569
2011-12-19,109.9625016,244.9750037,280.2583375,0.003158333,99184.58333,0.0,0.295833338,-5.737500085,0.145681102,1.61880203774906,0.5460436361731078
2011-12-20,109.3416683,234.7666702,280.7208375,0.002129167,99177.91667,0.0,-0.112500002,-4.854166739,0.145371314,1.8084651730804489,0.3564902762842767
2011-12-21,111.8166683,240.4500036,279.9166708,0.002266667,99094.58333,0.0,0.245833337,-4.345833398,0.145061523,1.473071175150634,0.400928629748956
2011-12-22,114.170835,208.8625031,279.2000042,0.00155,99719.58333,0.0,-1.175000018,-5.570833416,0.144766358,1.4604111356722802,0.2900345384628035
2011-12-23,92.74583472,222.6458367,276.8000041,0.0012,100457.9167,0.0,-0.033333334,-2.179166699,0.144457206,0.637466824904946,0.2680065761025178
2011-12-24,111.533335,221.27917,276.8500041,0.001425,100443.75,0.0,-0.258333337,-2.129166698,0.144147418,0.673602024602604,0.3170797884907694
2011-12-25,110.9500017,218.9791699,276.9375041,0.001929167,100103.3333,0.0,-0.300000004,-0.608333342,0.14383763,0.2521149774404062,0.4251473637084737
2011-12-26,110.3750016,231.2875034,277.5958375,0.00255,99814.58333,0.0,0.608333342,-2.637500039,0.143527843,0.5389896855012138,0.5347264314903812
2011-12-27,101.2166682,251.5875037,279.1833375,0.00325,99925.0,0.0,1.200000018,-2.529166704,0.143232678,0.5574493715907851,0.6101006027785558
2011-12-28,49.4416674,315.470838,280.5041708,0.00325,99942.5,0.0,0.116666668,-0.845833346,0.142923526,0.5770577543297377,0.5566250551017465
2011-12-29,88.44583465,317.3041714,281.6625042,0.0043375,99681.66667,0.0,0.554166675,-0.495833341,0.142613738,0.9637389811527286,0.6841239187928078
2011-12-30,58.4958342,316.7083381,281.7500042,0.005829167,99167.5,0.0,1.233333352,2.137500032,0.142303951,0.3406474671976977,0.9091840454193532
2011-12-31,105.4958349,259.3125039,280.6500042,0.0045625,99564.58333,0.0,0.175000003,-2.762500041,0.142008786,0.4020741962735931,0.7706487719023687
2012-01-01,103.4583349,263.2375039,280.7041708,0.0030875,99530.0,0.0,-1.616666691,-1.166666684,0.141699634,0.6084322610860387,0.5193785600474103
2012-01-02,96.48750144,262.9625039,279.8125042,0.0038125,99549.16667,0.0,-1.708333359,2.650000039,0.141389846,0.4687181807996107,0.682376715372312
2012-01-03,104.2375016,256.0875038,281.6000042,0.0045125,99856.66667,0.0,0.712500011,-1.508333356,0.141080055,0.3051025051745535,0.7160369844628548
2012-01-04,103.3583349,266.025004,280.9958375,0.003979167,99970.0,0.0,0.25416667,-2.545833371,0.14078489,0.5163489483076371,0.6589365857151601
2012-01-05,100.8541682,259.0541705,281.0083375,0.003141667,99790.83333,0.0,1.512500023,-3.391666717,0.140475738,0.7090262271551415,0.5188698111349795
2012-01-06,99.96666816,261.4583372,281.3375042,0.004029167,99309.58333,0.0,1.800000027,-3.475000052,0.140165951,0.5682143822458902,0.6474033755551263
2012-01-07,107.2333349,249.9916704,281.2875042,0.003483333,99470.83333,0.0,1.225000018,-5.545833416,0.139856163,0.8144708298265546,0.562538324567537
2012-01-08,110.0291683,232.8333368,280.3833375,0.001870833,99584.58333,0.0,0.262500004,-5.587500083,0.139546375,1.0555637315504742,0.3219510197902347
2012-01-09,109.9625016,236.0000035,279.9125042,0.002329167,99605.83333,0.0,0.19166667,-1.725000026,0.139236588,0.4108684931087057,0.414229162898217
2012-01-10,96.90000144,253.8208371,280.4791708,0.002929167,99400.0,0.0,0.150000002,-1.012500015,0.1389268,0.2555836732116055,0.4998171564140258
2012-01-11,112.5416683,239.2791702,281.0041709,0.002633333,99273.33333,0.0,-0.587500009,-2.775000041,0.138617012,0.5163991092155097,0.4327835085327682
2012-01-12,112.6625017,239.1208369,280.6958375,0.0025375,99168.75,0.0,-0.520833341,-2.170833366,0.138321848,0.3981024425782304,0.4255533319596745
2012-01-13,113.7916684,239.7958369,280.4541708,0.002470833,99476.66667,0.0,-1.620833357,-1.266666686,0.138012696,0.3453272864324117,0.4226655728280054
2012-01-14,113.9291684,234.3583368,279.8416708,0.0023125,99434.16667,0.0,-1.508333356,1.10833335,0.137702908,0.2655036633442475,0.412584194424225
2012-01-15,113.5541684,235.6250035,277.7000041,0.002591667,99015.83333,0.0,0.741666678,-0.554166675,0.13739312,0.1397386657974874,0.5351502676644523
2012-01-16,119.5458351,211.9208365,275.9625041,0.002225,99346.25,0.0,2.175000032,-4.358333398,0.137856081,0.1746140660663832,0.5218048066171802
2012-01-17,85.16666794,226.5375034,274.4041708,0.001454167,99888.75,0.0,0.858333346,-1.345833353,0.138338021,0.0416922418541046,0.3838058391398461
2012-01-18,85.95833461,283.7875042,276.3000041,0.002345833,99990.41667,0.0,-0.283333338,2.845833376,0.138819321,0.188086194473512,0.5404602235302622
2012-01-19,34.72083385,319.1833381,278.2416708,0.0037625,99447.91667,3.100000046,-0.670833343,5.325000079,0.139300625,1.3479426290310972,0.7509997071207161
2012-01-20,31.3708338,336.9958384,278.9375042,0.005420833,98883.33333,27.0000004,-1.929166695,5.079166742,0.139796551,10.497092088965069,1.0244956714856233
2012-01-21,69.0416677,329.8208382,282.0250042,0.006379167,98059.58333,26.10000039,3.491666719,4.525000067,0.140278487,23.18882347635883,0.9655125180959276
2012-01-22,41.30416728,313.5416713,280.7625042,0.0057125,99124.58333,10.90000016,-1.283333352,3.400000051,0.140759791,8.785597975596888,0.9531926880546449
2012-01-23,86.37083462,333.362505,281.0250042,0.0063375,98288.33333,38.20000057,-1.387500021,2.137500032,0.143843986,25.26193576492393,1.0297427114947642
2012-01-24,71.92500107,304.7375045,282.1500042,0.006091667,99494.58333,0.0,0.033333334,-0.462500007,0.144643181,5.953007912556956,0.927536444051394
2012-01-25,105.9541682,297.7416711,282.6583375,0.006266667,100189.5833,0.0,-0.412500006,0.408333339,0.143335392,9.341269963370571,0.9281373252207548
2012-01-26,87.08333463,299.6041711,282.3458375,0.0061375,99857.5,0.200000003,1.137500017,-0.950000014,0.143086814,6.112725268951862,0.9254760819834814
2012-01-27,128.5666686,259.3791705,281.0708375,0.004766667,99828.75,0.400000006,0.491666674,-5.025000075,0.143344958,9.801605798708026,0.7841656773709861
2012-01-28,132.5083353,233.1375035,282.1958375,0.002870833,99999.16667,0.0,-0.329166672,-4.216666729,0.143735977,11.730796223302589,0.4379664725208538
2012-01-29,126.5625019,253.9583371,281.9750042,0.003325,99808.75,0.0,-0.950000014,-0.208333336,0.144189942,4.716029985507001,0.5139828421406822
2012-01-30,122.8750018,285.0791709,281.8708375,0.004270833,99170.83333,0.0,1.045833349,-2.2291667,0.144671242,5.631408334034665,0.6606622401521945
2012-01-31,126.6833352,263.6166706,282.1250042,0.004820833,99050.0,0.0,0.979166681,-1.825000027,0.145152545,3.0949543651516054,0.732003833233023
2012-02-01,132.4208353,303.4750045,281.7875042,0.005525,99423.33333,0.0,0.604166676,1.266666686,0.145633849,4.260191147457949,0.8617496050748297
2012-02-02,146.4500022,263.4083373,281.5041709,0.004004167,99630.0,0.0,0.44583334,-4.950000074,0.146129772,3.1437247160334927,0.6381152794548578
2012-02-03,150.9916689,239.7208369,281.9583375,0.0029375,98967.5,0.0,-0.22916667,-2.895833376,0.146611712,2.9405374583245214,0.4507687356937459
2012-02-04,150.4791689,249.3041704,281.8208375,0.0036375,99152.08333,0.0,-1.712500026,0.125000002,0.147093012,2.257071570223909,0.5645132135125451
2012-02-05,148.8500022,251.5541704,281.5875042,0.003591667,99264.16667,0.0,-1.979166696,-0.425000006,0.147588939,2.0772760589626387,0.5670248478362588
2012-02-06,130.9333353,274.5000041,282.0166709,0.003616667,98888.75,0.0,-3.012500045,1.058333349,0.148070878,2.2519731045261024,0.5523402238275774
2012-02-07,56.57916751,325.7291715,282.1625042,0.005408333,98437.91667,26.9000004,-4.754166738,4.175000062,0.148552178,39.34187097687517,0.8140490725913684
2012-02-08,132.8833353,318.0916714,282.9708375,0.006708333,99284.58333,1.000000015,-0.725000011,0.42083334,0.149033482,23.49401186476245,0.9639023052620171
2012-02-09,151.2500023,283.0375042,283.0708376,0.005483333,99733.33333,0.0,-0.729166678,-0.016666667,0.149529405,16.554735273495602,0.7860989582882617
2012-02-10,142.6458355,282.1083375,284.3208376,0.005558333,99410.83333,0.0,-0.295833338,2.983333378,0.150011345,16.24327111059036,0.7300751332503713
2012-02-11,142.9291688,306.7666712,282.3458375,0.00545,99010.83333,0.0,1.062500016,0.091666668,0.150492648,13.701120668803233,0.8148397807694131
2012-02-12,134.3208353,274.1750041,281.9583375,0.004783333,98879.16667,0.0,1.558333357,-2.775000041,0.150988572,7.61020824008284,0.7333625448515728
2012-02-13,88.80416799,318.6625047,279.9791708,0.0050125,98597.08333,2.500000037,2.070833364,0.100000001,0.151470511,10.079595456134516,0.8783362540079083
2012-02-14,162.5708358,265.4416706,281.4208375,0.005279167,98890.41667,0.0,1.941666696,-2.745833374,0.151951811,8.60457080052392,0.839849450077287
2012-02-15,172.9083359,256.7250038,280.9916709,0.004070833,99137.08333,0.0,2.02500003,-3.900000058,0.152443287,8.70996496690867,0.6686916700177625
2012-02-16,172.9125026,238.7083369,281.3208375,0.0028625,99571.66667,0.0,0.212500003,-5.000000075,0.152941262,8.171458563395372,0.4616866827252799
2012-02-17,153.5458356,273.9375041,282.4916709,0.003833333,99567.5,0.0,1.204166685,-2.425000036,0.153435957,5.86624594576257,0.57065318501277
2012-02-18,169.0625025,273.1000041,282.2708375,0.004820833,99358.75,0.0,2.562500038,-2.558333371,0.153944635,4.23249257367703,0.727013217279932
2012-02-19,179.958336,242.0750036,280.9916709,0.003095833,99207.08333,0.0,2.520833371,-4.220833396,0.15443933,4.365866637281215,0.5088932566730944
2012-02-20,106.4291683,313.7250047,281.1791709,0.004304167,99259.58333,0.0,-0.308333338,1.658333358,0.154948009,3.180589324643143,0.6988106197335241
2012-02-21,166.9666692,306.7250046,284.3125042,0.005770833,99579.16667,0.0,1.016666682,-3.291666716,0.155442704,3.8685419635287897,0.7596946540259386
2012-02-22,181.9625027,281.7666709,288.3833376,0.005883333,99754.58333,0.0,1.141666684,-5.687500085,0.155947568,4.988987503236867,0.5930638088615969
2012-02-23,184.6000028,273.9708374,287.2916709,0.004483333,99290.83333,0.0,1.437500021,-6.812500102,0.156438503,5.869826826694202,0.4830301978120854
2012-02-24,187.8750028,262.5750039,286.3958376,0.003254167,99002.5,0.0,0.733333344,-4.870833406,0.156943478,5.444701275026868,0.3707873524924019
2012-02-25,184.6916694,251.5708371,283.3333376,0.0037875,99450.83333,0.0,2.200000033,-3.804166723,0.157434413,3.659768660115811,0.5319072043552598
2012-02-26,122.5500018,245.4000037,279.5208375,0.002375,99262.08333,0.0,1.437500021,-4.979166741,0.157939363,2.622178247404912,0.4325641442396016
2012-02-27,175.5250026,275.9583374,278.9416708,0.002825,98347.91667,0.0,1.587500024,-2.68750004,0.158430361,3.0988328903400904,0.5308572633794552
2012-02-28,141.3166688,256.2000038,279.2541708,0.003104167,98811.25,0.0,1.683333358,-0.054166667,0.158949855,1.781179933097481,0.5733816857655216
2012-02-29,132.8041686,306.7041712,280.5250042,0.0047375,99050.0,12.70000019,2.633333373,5.704166752,0.15944143,43.31915699255023,0.8029837982432818
2012-03-01,150.1916689,305.5916712,279.7208375,0.004766667,99383.75,6.200000092,3.116666713,2.787500042,0.159946469,49.25528115374826,0.8571932865793285
2012-03-02,215.7625032,261.1500039,281.2791709,0.00445,99808.33333,0.0,0.329166672,-4.162500062,0.160437334,43.478817034154666,0.721501176152636
2012-03-03,219.1833366,263.9375039,282.7166709,0.003904167,99935.41667,0.0,-0.19166667,-2.925000044,0.160942292,34.654231488055935,0.5744849757274434
2012-03-04,220.89167,271.9166707,285.2583376,0.004858333,99649.16667,0.0,-0.47083334,-0.937500014,0.161433261,21.75604071096596,0.600813990350791
2012-03-05,224.1500033,264.1916706,285.5875043,0.004741667,98993.33333,0.0,0.708333344,-1.062500016,0.16193815,16.59844475032503,0.569916191293137
2012-03-06,230.1375034,265.8541706,285.1875042,0.004479167,98683.33333,0.0,3.583333387,-4.370833398,0.162429136,13.88316768196674,0.5511487819244226
2012-03-07,235.1541702,237.6708369,282.6666709,0.002766667,99264.58333,0.0,1.058333349,-6.187500092,0.162934074,10.07940467859948,0.4057496794894878
2012-03-08,236.1750035,244.7875036,283.1333376,0.002970833,99677.08333,0.0,-0.283333338,-2.612500039,0.163439694,7.431495745401762,0.4238643017518609
2012-03-09,236.5875035,254.0541705,283.6166709,0.003775,99876.66667,0.0,-0.754166678,0.787500012,0.163945274,6.297499143442931,0.5223291841586711
2012-03-10,226.0833367,260.2833372,284.3000042,0.003929167,99084.58333,0.0,0.86666668,-0.066666668,0.164436153,5.125367810234748,0.5151134302113675
2012-03-11,207.0083364,292.316671,283.5208376,0.005525,98681.66667,0.100000001,1.929166695,0.262500004,0.164941013,3.5555483656329487,0.7602232713771131
2012-03-12,176.558336,280.1083375,281.2083375,0.0045375,98713.75,0.0,0.633333343,3.15833338,0.16543204,1.890038377711729,0.7311736944865683
2012-03-13,87.17916797,339.4000051,283.1291709,0.006258333,98425.0,24.70000037,-0.145833336,8.195833455,0.165939648,49.42398899573556,0.8819418324760718
2012-03-14,77.07916782,344.1750051,282.6583375,0.006945833,98803.75,21.00000031,-0.387500006,3.82083339,0.166437545,24.11603927184982,1.014497113477264
2012-03-15,62.12083426,353.3458386,283.4125042,0.007379166,99110.83333,2.800000042,-0.716666677,5.029166742,0.166934979,16.08742591346285,1.0272566363733844
2012-03-16,106.8500016,355.566672,284.5208376,0.007804166,98625.41667,9.40000014,0.733333344,6.150000092,0.166813092,37.49324134094832,1.003419373146461
2012-03-17,203.4708364,292.5375044,281.4625042,0.005391667,97609.16667,6.600000098,3.054166712,1.054166682,0.166635028,59.35154197848456,0.8442144620398773
2012-03-18,238.1875035,262.7125039,279.8916708,0.003941667,97594.58333,0.0,4.862500072,-2.545833371,0.166484943,51.941054100666726,0.6878443595730558
2012-03-19,111.8000017,267.0666706,278.1916708,0.003429167,98615.83333,0.0,1.412500021,-0.166666669,0.166321502,10.210072588236557,0.6811366947562898
2012-03-20,81.14583454,329.9041716,280.5000042,0.004429167,99256.25,0.0,-1.462500022,2.195833366,0.166157425,13.13153569670193,0.7535886184983964
2012-03-21,147.5166689,351.6541719,283.6625042,0.00635,99268.75,0.0,-0.554166675,2.745833374,0.165993352,16.510659480245877,0.8705763448398576
2012-03-22,148.6708355,349.5541719,285.6333376,0.007620833,98687.91667,0.0,0.875000013,2.529166704,0.165843898,11.806004935008009,0.9103720738497538
2012-03-23,254.2833371,249.5625037,281.1833375,0.004191667,98765.0,0.0,-0.066666668,2.633333373,0.165680461,10.400153373643311,0.6769603647820526
2012-03-24,115.6708351,306.8291712,280.0333375,0.004591667,98568.33333,5.900000088,-2.604166705,5.425000081,0.165516385,23.093358041301343,0.801337508047938
2012-03-25,164.5791691,317.1833381,278.8333375,0.005029167,98318.33333,20.60000031,0.491666674,1.416666688,0.165352308,47.59196135073729,0.9519725038659986
2012-03-26,173.9125026,282.3458375,280.0333375,0.004579167,98669.16667,3.500000052,0.045833334,2.966666711,0.165188235,39.66221067827358,0.7999735284927159
2012-03-27,93.55416806,330.7833383,280.8125042,0.005741667,98708.75,26.7000004,-2.887500043,7.633333447,0.165024158,36.41073937168105,0.9507525381327928
2012-03-28,187.4458361,330.6500049,282.3916709,0.006333333,98654.16667,19.10000028,-0.358333339,5.84583342,0.164874708,65.54403967118941,0.9405547737903404
2012-03-29,129.7583353,331.0333383,283.3333376,0.006154167,99019.58333,1.000000015,-0.24166667,3.837500057,0.164711267,32.2583960982272,0.8605283370972563
2012-03-30,126.9541686,355.291672,284.7041709,0.007679166,98947.5,1.700000025,0.095833335,5.216666744,0.164547194,28.28772992129056,0.9784920696227436
2012-03-31,168.8333358,343.6458385,286.1208376,0.0079625,98158.75,14.00000021,0.125000002,8.550000127,0.164383118,73.22865791853188,0.9160204387239904
2012-04-01,226.6500034,293.279171,282.0583375,0.005195833,98994.58333,1.700000025,2.883333376,0.166666669,0.164233664,48.93287832846694,0.7921021757429926
2012-04-02,270.2208374,274.4458374,281.9541709,0.0040125,99595.0,0.0,1.35000002,-3.595833387,0.164055604,46.90722361727251,0.6198115150258732
2012-04-03,260.3000039,287.5458376,284.8958376,0.004991667,98927.91667,0.0,1.720833359,-0.120833335,0.163890891,29.98169501039237,0.6278276095765388
2012-04-04,289.4750043,269.462504,283.2000042,0.004954167,99063.33333,0.0,3.741666722,-0.883333346,0.163741441,19.496884293760413,0.6993205781726582
2012-04-05,305.2541712,236.9583369,279.7458375,0.0030875,99225.83333,0.0,3.395833384,-3.650000054,0.163563378,13.903564044795104,0.5533808456961603
2012-04-06,300.2166711,241.0291703,280.1208375,0.0030125,99492.91667,0.0,1.491666689,-2.116666698,0.163413288,11.944732337092908,0.5274578901470272
2012-04-07,298.2041711,247.6791704,280.9833375,0.0032375,99348.75,0.0,-0.129166669,0.245833337,0.163249851,13.717246397509523,0.5332466610012441
2012-04-08,274.1708374,272.6125041,282.7416709,0.0038625,98963.75,0.0,-0.054166667,1.912500028,0.163104438,10.164427604923372,0.5618723589941405
2012-04-09,289.4000043,268.837504,283.6666709,0.004191667,98830.41667,0.0,-0.145833336,3.504166719,0.162927122,10.395360965181627,0.5719735456358246
2012-04-10,162.2625024,320.0875048,284.4791709,0.0058875,98476.25,10.80000016,-0.483333341,3.825000057,0.162770184,47.04761331472915,0.7579520404873061
2012-04-11,237.8458369,318.0625047,283.5458376,0.006495833,98326.66667,3.600000054,0.637500009,4.045833394,0.162612056,57.057883499515874,0.8890896372272267
2012-04-12,223.29167,325.7916715,282.8666709,0.0057375,98613.75,13.3000002,0.004166667,6.520833431,0.162444734,95.13804293618344,0.8246436295850236
2012-04-13,197.7250029,326.0000049,283.0791709,0.006129167,98109.58333,7.500000112,1.787500027,3.195833381,0.16229085,71.69885232117373,0.8638928907442612
2012-04-14,285.6416709,292.1833377,282.6083375,0.0050875,98531.66667,0.800000012,3.725000056,-3.12083338,0.162124749,71.76244414965653,0.743549889119371
2012-04-15,275.2791708,286.6625043,284.9458376,0.005358333,99359.58333,0.0,1.320833353,-1.870833361,0.161958098,42.96793732361836,0.6746301326496117
2012-04-16,288.1583376,296.1958377,286.0958376,0.005233333,99450.41667,0.0,1.725000026,-0.079166668,0.16208198,34.60973800051881,0.6109836829265184
2012-04-17,230.1666701,301.2291712,285.8541709,0.005829167,99350.0,0.0,1.533333356,-0.312500005,0.162218493,19.063315506003,0.6908225258343709
2012-04-18,241.5750036,327.0125049,287.2166709,0.006766666,99143.33333,0.0,1.562500023,-0.579166675,0.16234038,18.28046022919366,0.7315373466569746
2012-04-19,222.0000033,354.4666719,289.5625043,0.0081,99243.75,0.0,1.304166686,-1.100000016,0.162476257,15.859869460321304,0.7527253609638429
2012-04-20,321.0291715,328.7916716,292.6833377,0.009191666,99114.58333,0.0,1.595833357,-4.416666732,0.162583524,17.912892060607806,0.6996146213488629
2012-04-21,321.6041715,331.6708383,293.979171,0.008729166,98696.66667,0.0,0.966666681,-2.354166702,0.162718766,17.34625416056539,0.6101800227015653
2012-04-22,319.6458381,334.425005,294.9541711,0.009270833,98425.83333,0.0,0.037500001,0.0125,0.162840656,19.00664725178602,0.608415855034374
2012-04-23,318.7708381,328.1458382,293.554171,0.009725,98487.08333,0.0,-0.133333335,3.695833388,0.162977292,13.465477856477856,0.6965285507548674
2012-04-24,307.6750046,322.9416715,290.1125043,0.008604166,98755.41667,0.0,0.058333334,3.016666712,0.163113863,11.268733077107443,0.768044238412864
2012-04-25,226.5250034,335.575005,289.2958376,0.0088375,98585.41667,0.0,0.370833339,3.900000058,0.163232001,7.980614926351611,0.8299427998887925
2012-04-26,288.304171,328.8083382,288.3875043,0.007666666,98289.16667,0.0,3.262500049,2.008333363,0.163368026,10.298110723564925,0.7612719570617816
2012-04-27,319.1208381,275.4250041,285.0166709,0.004829167,99435.83333,0.0,2.208333366,-3.595833387,0.163486793,9.8681950608799,0.605603981219718
2012-04-28,337.875005,290.816671,287.5375043,0.005,99132.08333,0.0,2.691666707,-6.533333431,0.163622537,13.694071231796888,0.5292515876469662
2012-04-29,342.6041718,300.6625045,291.8875043,0.0064,98504.58333,0.0,1.54166669,-5.279166745,0.16375572,14.097208418414448,0.5090079306149317
2012-04-30,322.9000048,312.945838,292.4875044,0.006220833,98489.58333,0.0,2.129166698,-2.154166699,0.163875053,11.93725909093281,0.4763302417982163
2012-05-01,333.0791716,297.1625044,289.4750043,0.006616666,98377.91667,0.0,2.300000034,-2.558333371,0.164010119,10.416187405045427,0.6129577152382922
2012-05-02,314.045838,283.7791709,288.5750043,0.005054167,98421.66667,0.0,1.625000024,-1.775000026,0.164131707,8.9650000821268,0.4964604063315969
2012-05-03,248.7666704,330.0041716,286.7000043,0.0057,98637.08333,0.0,0.691666677,3.500000052,0.164267252,8.016461602530853,0.634234511192672
2012-05-04,333.562505,293.9958377,287.2583376,0.006575,99162.5,0.0,2.337500035,-1.170833351,0.164403442,8.387302216125194,0.7090154375067165
2012-05-05,353.2125053,272.0000041,287.991671,0.0046,99535.83333,0.0,1.516666689,-6.491666763,0.164524979,11.41469335601574,0.474618363104289
2012-05-06,357.2833387,274.2708374,290.741671,0.004145833,99260.83333,0.0,0.933333347,-7.050000105,0.164660442,13.346419655884713,0.3573132447182207
2012-05-07,358.5250053,283.9541709,292.2958377,0.004520833,99013.33333,0.0,0.0125,-4.237500063,0.164775526,11.241662865793876,0.3522232065785884
2012-05-08,350.3000052,293.6333377,293.9750044,0.0047625,98718.33333,0.0,0.712500011,-3.775000056,0.16491505,10.864867079344558,0.3330642230814322
2012-05-09,352.2125052,301.6083378,294.9250044,0.004458333,98468.75,0.0,1.308333353,-2.245833367,0.165039296,10.03079218702782,0.2932410588932251
2012-05-10,359.1375054,289.5625043,293.0583377,0.005070833,98389.16667,0.0,1.212500018,-3.720833389,0.165160551,10.343969712433957,0.3742369708038938
2012-05-11,362.4333387,289.3833376,293.1458377,0.0049625,98520.41667,0.0,0.775000012,-3.862500058,0.165296849,10.3041424026951,0.3647283584693351
2012-05-12,361.7083387,292.3125044,294.5291711,0.004554167,98779.58333,0.0,0.22916667,-2.079166698,0.165419923,8.891944343375275,0.3079280829454126
2012-05-13,356.7250053,291.3208377,293.7958377,0.004275,98869.16667,0.0,0.354166672,-0.21666667,0.165553558,7.045807844330994,0.3027822236295615
2012-05-14,356.8625053,305.6708379,291.216671,0.0064125,98956.25,0.0,0.704166677,2.45833337,0.165676135,8.315983896540843,0.53457386418853
2012-05-15,355.516672,314.2416713,290.9333377,0.0071625,98849.16667,0.0,1.441666688,-0.629166676,0.16581196,7.748963804208024,0.6072900614958312
2012-05-16,352.9500053,313.383338,291.8708377,0.007370833,98784.58333,0.0,1.212500018,-0.89166668,0.16630507,7.5398892561171795,0.5885062253520531
2012-05-17,303.9041712,317.5666714,292.0708377,0.006104167,98325.83333,0.0,2.045833364,-1.36250002,0.166813684,7.087264709927733,0.4790238257871568
2012-05-18,364.5958388,290.029171,291.7958377,0.004779167,98442.91667,0.0,2.554166705,-5.370833413,0.167336924,10.04806020281242,0.3820674663689144
2012-05-19,342.5083384,296.3041711,293.054171,0.0039,98590.0,0.0,1.408333354,-3.137500047,0.167846174,8.49587300208807,0.2884900374606652
2012-05-20,357.9125053,314.308338,294.6625044,0.004325,98668.75,0.0,1.087500016,-1.858333361,0.168355379,8.218061052533415,0.2897064866539193
2012-05-21,348.5416719,321.0375048,295.0875044,0.0062,98662.91667,0.0,2.087500031,0.0,0.168877524,7.668239510156472,0.4045287776893821
2012-05-22,355.654172,320.0875048,293.2833377,0.007345833,98940.83333,0.0,3.037500045,-0.479166674,0.169391593,7.717927818002131,0.5375599067222447
2012-05-23,367.7583388,301.7208378,292.0333377,0.005608333,98794.16667,0.0,3.220833381,-5.037500075,0.169909223,8.996289420852836,0.4432568263814539
2012-05-24,371.9916722,289.5500043,290.8833377,0.004566667,98245.0,0.0,3.37500005,-5.504166749,0.170429548,9.018867687933763,0.3860560742915595
2012-05-25,317.4208381,278.9791708,289.054171,0.003941667,97853.33333,0.0,4.900000073,-5.979166756,0.17094293,7.903398412196301,0.3731932553514732
2012-05-26,319.4791714,301.9583378,287.8375043,0.0049375,98280.0,2.600000039,3.266666715,-2.516666704,0.171453184,10.767778954676158,0.508093015312974
2012-05-27,350.0083385,300.4375045,288.0500043,0.005879167,99053.33333,0.0,1.408333354,0.016666667,0.171963425,10.69512691805794,0.601370891584351
2012-05-28,368.9583388,297.7583378,289.6375043,0.005270833,98901.66667,0.0,1.854166694,-0.804166679,0.17247371,9.699992944046224,0.485776601588208
2012-05-29,374.6583389,296.0083377,290.904171,0.005241667,98800.83333,0.0,1.112500017,-1.075000016,0.172983956,9.213958323158169,0.4450355444819277
2012-05-30,372.3375055,310.8750046,294.9000044,0.0054875,98909.16667,0.0,1.412500021,-2.541666705,0.173508805,9.229226804626933,0.3631070280438931
2012-05-31,366.8958388,329.6750049,297.5333378,0.006108333,98741.66667,0.0,1.412500021,-3.487500052,0.174019744,9.450745531615402,0.343564854563653
2012-06-01,351.7583386,345.5875051,299.0708378,0.0069,98199.58333,0.0,2.004166697,-3.204166714,0.174529969,8.973261766198663,0.3518989473675783
2012-06-02,346.0166718,337.350005,296.7666711,0.007458333,98125.0,0.0,3.391666717,-2.454166703,0.175040205,8.106803100515261,0.4367102642052826
2012-06-03,350.9291719,325.5833382,294.4916711,0.006520833,98304.16667,0.0,2.154166699,-0.575000009,0.175550439,7.009493260077688,0.4398006774008218
2012-06-04,248.820837,342.8958384,291.4375043,0.0072125,98309.16667,0.500000007,1.908333362,2.900000043,0.176074884,5.593571033622503,0.5890239344280997
2012-06-05,331.6458383,298.0375044,288.5833376,0.005816667,99140.83333,0.0,3.229166715,-1.595833357,0.176598804,5.798192293477585,0.5752232766463419
2012-06-06,354.9250053,299.2500045,290.616671,0.0046625,99215.0,0.0,2.383333369,-5.587500083,0.177108054,7.61664223532414,0.4048712897580898
2012-06-07,352.5375053,310.0666713,292.154171,0.004975,98696.66667,0.0,2.420833369,-3.054166712,0.177616672,7.271410906972871,0.3898314857644812
2012-06-08,364.7708388,303.1291712,291.6208377,0.005375,98549.16667,0.0,2.987500045,-3.112500046,0.178139909,7.121398755933704,0.4349523353328258
2012-06-09,367.7625055,274.6375041,291.454171,0.0033125,98716.25,0.0,2.079166698,-6.616666765,0.178649158,8.183397343100532,0.2713556661775939
2012-06-10,368.7958388,286.6166709,294.4666711,0.0034375,98685.83333,0.0,0.850000013,-7.583333446,0.179157776,9.403023690770992,0.2331043592115614
2012-06-11,365.9791721,305.9916712,296.6250044,0.00365,98653.75,0.0,0.754166678,-4.379166732,0.17966639,8.417942831947489,0.2167312694132555
2012-06-12,358.916672,327.2041715,298.3500044,0.004341667,98550.83333,0.0,2.058333364,-3.241666715,0.180189627,8.406895382200476,0.2320223624782199
2012-06-13,359.966672,340.2833384,298.6875045,0.006975,98317.5,0.0,2.400000036,-4.591666735,0.18069888,9.17666550924672,0.364413551239902
2012-06-14,362.7708387,334.150005,298.6416711,0.006341667,97980.83333,0.0,2.03750003,-4.516666734,0.181207494,9.234586977325382,0.3310982593948059
2012-06-15,362.5750054,325.1291715,298.3458378,0.004933333,98049.58333,0.0,2.116666698,-6.412500096,0.181730731,10.289667760109095,0.2623662206342889
2012-06-16,359.2625054,335.8833383,299.8791711,0.0051125,98267.91667,0.0,0.991666681,-5.283333412,0.182353794,9.696610442143127,0.2486545650122427
2012-06-17,358.3958387,336.2916717,300.0375045,0.004179167,98172.5,0.0,1.262500019,-3.200000048,0.182966547,8.659598489229252,0.2011641775714979
2012-06-18,361.7916721,332.7833383,297.3416711,0.006525,98136.25,0.0,1.608333357,0.008333333,0.183593291,7.527615082609312,0.3690039301235757
2012-06-19,363.9000054,324.6125048,297.5291711,0.006158333,98188.75,0.0,1.404166688,-2.420833369,0.184206045,8.083178921375017,0.3445243013061255
2012-06-20,362.0041721,326.1958382,297.9583378,0.004766667,98262.08333,0.0,1.466666689,-3.708333389,0.184818162,8.960265268921548,0.2600442197950323
2012-06-21,356.966672,324.6208382,295.1083377,0.0042625,98015.41667,0.0,1.812500027,-0.995833348,0.185444902,7.6147910452295156,0.2759340285431951
2012-06-22,151.5625023,336.4708383,291.141671,0.006479167,98324.58333,0.0,1.950000029,1.200000018,0.186057655,3.030264545683273,0.5392461821863844
2012-06-23,339.8916717,310.9166713,289.466671,0.006604166,98373.75,0.0,2.475000037,1.533333356,0.186669773,6.145975118225505,0.6121020934241601
2012-06-24,365.0375054,287.2375043,288.5958376,0.004716667,98612.08333,0.0,1.941666696,1.462500022,0.187296517,6.301121126544794,0.4635783198676709
2012-06-25,363.4166721,292.216671,290.2875043,0.00455,98842.08333,0.0,2.370833369,1.533333356,0.18790927,6.79746929774175,0.4019809550513097
2012-06-26,359.941672,300.4625045,291.054171,0.005379167,98890.83333,0.0,2.295833368,-1.395833354,0.18853601,6.6179874490261374,0.4527848155624305
2012-06-27,361.7833387,306.7416712,293.1583377,0.004141667,98422.5,0.0,1.829166694,-2.620833372,0.189148764,7.422698651395006,0.3038595265081634
2012-06-28,359.6250054,314.7041714,293.766671,0.004491667,98542.5,0.0,1.912500028,0.187500003,0.189760881,6.680166894954506,0.3176528549340791
2012-06-29,357.991672,322.0958381,294.3583377,0.006020833,98844.16667,0.0,2.058333364,0.041666667,0.190387621,6.548512471320702,0.4116934432178882
2012-06-30,350.2250052,346.7833385,295.4500044,0.0073625,98665.83333,0.0,2.466666703,-0.050000001,0.191015,6.874455676468807,0.4697984779121038
2012-07-01,358.2375053,352.6875053,296.3083377,0.008808333,98458.75,0.0,2.408333369,-0.425000006,0.191627754,6.843978981553018,0.5321633942777705
2012-07-02,356.4250053,351.9166719,296.6000044,0.007625,98235.0,0.0,1.991666696,-1.529166689,0.192254495,6.846228302616249,0.4515254041388264
2012-07-03,360.891672,338.525005,296.5666711,0.006666666,98242.5,0.0,2.329166701,-2.920833377,0.192867248,7.12506092746985,0.395608578250654
2012-07-04,359.5333387,341.7833384,297.8708378,0.005779167,98156.66667,0.0,1.395833354,-1.620833357,0.193493988,6.540068460291648,0.3166079788371059
2012-07-05,362.3583387,324.2041715,295.9000044,0.005233333,98302.5,0.0,1.904166695,-0.21666667,0.194106741,6.1198908838899975,0.3236520306450618
2012-07-06,362.6291721,318.5583381,294.3500044,0.00495,98622.91667,0.0,1.220833352,-0.441666673,0.194718859,5.663987419077036,0.3378886299319052
2012-07-07,362.4791721,326.8416715,296.6458378,0.004745833,98624.16667,0.0,1.129166683,-0.962500014,0.195345602,5.945455373039077,0.281358596572593
2012-07-08,364.4083388,325.6708382,298.2791711,0.003704167,98523.75,0.0,2.091666698,-1.208333351,0.195958356,6.468443798991454,0.198743516599507
2012-07-09,363.7916721,325.0083382,297.1458378,0.004241667,98579.16667,0.0,1.77083336,-0.741666678,0.196585096,6.1912802175339285,0.243834586292664
2012-07-10,360.1125054,333.675005,298.5708378,0.004458333,98497.5,0.0,1.087500016,-1.908333362,0.197197849,6.381617421176009,0.2349926992010306
2012-07-11,358.2958387,344.6500051,300.6000045,0.004833333,98282.08333,0.0,1.245833352,-1.441666688,0.197809967,6.170748772018305,0.2252869403825491
2012-07-12,358.2208387,347.1458385,300.7166711,0.005108333,98062.08333,0.0,1.787500027,-1.595833357,0.198436707,6.46241119307806,0.2359416879577736
2012-07-13,358.9250053,330.8291716,298.8833378,0.0045625,98061.66667,0.0,1.900000028,-0.945833347,0.199049464,6.21311688251679,0.2349792942775774
2012-07-14,359.1875054,319.8083381,295.5041711,0.005370833,98265.83333,0.0,1.183333351,0.837500012,0.199676204,5.634250833430349,0.3401879742474471
2012-07-15,354.1208386,333.9916716,296.2416711,0.005233333,98303.33333,0.0,1.33750002,-1.13333335,0.20030358,6.027310301032139,0.3169646115145608
2012-07-16,355.1458386,328.6208382,295.6083377,0.005908333,98102.08333,0.0,1.59166669,1.779166693,0.200401376,6.173893643991952,0.3712285052894028
2012-07-17,351.8916719,315.3541714,292.304171,0.006658333,98417.91667,0.0,1.287500019,2.966666711,0.200476146,5.73266455724274,0.5153682536112829
2012-07-18,350.8583386,322.9583381,292.279171,0.006116667,98622.08333,0.0,1.491666689,0.862500013,0.200550916,5.485325813338211,0.4751716830484114
2012-07-19,351.4875052,315.5291714,293.5250044,0.004504167,98670.0,0.0,1.295833353,1.32500002,0.200625687,5.642546330865778,0.3237869848189611
2012-07-20,354.7958386,314.6250047,294.6375044,0.00455,98778.75,0.0,2.070833364,-1.054166682,0.20071508,5.94316993541536,0.3055895494986847
2012-07-21,350.6125052,337.3166717,297.9958378,0.004654167,98609.58333,0.0,1.945833362,-3.675000055,0.200790486,7.246381401816637,0.2542297596820245
2012-07-22,348.3083385,347.2875052,300.0000045,0.004475,98334.58333,0.0,1.36250002,-1.495833356,0.200865256,6.140434373594399,0.2162401493188545
2012-07-23,339.7041717,353.0125053,298.9958378,0.00425,98377.5,0.0,0.791666678,-0.366666672,0.200954653,5.557794010506364,0.2181174408191089
2012-07-24,348.2458385,340.2625051,296.9125044,0.006195833,98412.91667,0.0,0.758333345,2.875000043,0.20103006,6.5538490413106585,0.360640742243254
2012-07-25,347.9125052,330.6916716,296.4416711,0.0053625,98559.58333,0.0,1.212500018,0.637500009,0.201108837,5.590123033556496,0.321685455306074
2012-07-26,353.3875053,310.7875046,295.3458377,0.003641667,98477.08333,0.0,1.650000025,0.333333338,0.201201943,5.570673245334281,0.2334183372139367
2012-07-27,350.1541719,309.1000046,294.6416711,0.0036875,98506.66667,0.0,1.716666692,-0.066666668,0.201280945,5.496864087267681,0.2469160773478995
2012-07-28,346.2458385,323.5916715,295.1083377,0.004795833,98592.5,0.0,1.80833336,-1.004166682,0.20134475,5.8250671618835845,0.3122873626158681
2012-07-29,347.2958385,318.9000048,295.4875044,0.004566667,98699.16667,0.0,1.56666669,-0.750000011,0.201437144,5.583720485566219,0.2908252225822316
2012-07-30,348.9208385,316.3541714,296.8500044,0.003804167,98582.91667,0.0,1.366666687,-1.537500023,0.201516194,5.774355258377259,0.2226554098472307
2012-07-31,346.5000052,327.4125049,299.1333378,0.003741667,98496.25,0.0,1.75833336,-1.845833361,0.201594595,6.04340263000812,0.1906877840079036
2012-08-01,340.4958384,311.3166713,298.4041711,0.003108333,98619.16667,0.0,1.487500022,-0.920833347,0.201672999,5.219948450297918,0.1656872380582279
2012-08-02,337.687505,313.0125047,298.2291711,0.003220833,98644.16667,0.0,1.058333349,-0.537500008,0.201751413,4.853358197875429,0.1735427531756917
2012-08-03,330.8583383,317.0500047,298.1458378,0.003183333,98317.5,0.0,1.12083335,0.19166667,0.20182982,4.7957940510675146,0.1718131994683555
2012-08-04,318.9666714,327.7333382,297.8375044,0.0040125,98176.25,0.0,0.908333347,1.904166695,0.201922843,5.443482448728698,0.2203084870943987
2012-08-05,325.3791715,341.9333384,295.7666711,0.00415,98612.91667,0.0,0.862500013,2.087500031,0.201987294,5.8507800159658965,0.2595755611144784
2012-08-06,324.9333382,322.9958381,296.3000044,0.004091667,98852.08333,0.0,1.675000025,1.050000016,0.202079676,5.152151063518846,0.2483155481605119
2012-08-07,324.8958382,328.9125049,297.6208378,0.004604167,98824.16667,0.0,1.379166687,0.362500005,0.202158691,4.752666574620268,0.257812206156807
2012-08-08,326.9583382,320.2208381,297.2375044,0.0035125,98653.75,0.0,1.929166695,-1.258333352,0.202237102,5.037633755440096,0.2009512519091741
2012-08-09,314.933338,328.6958382,299.6083378,0.003070833,98450.41667,0.0,2.050000031,-2.275000034,0.202315516,4.901676630520867,0.1520603513794578
2012-08-10,325.9541715,316.8416714,299.5375045,0.002283333,98191.25,0.0,1.791666693,-1.629166691,0.202393907,4.392083446223407,0.1132439566077579
2012-08-11,321.4875048,329.6791716,300.7333378,0.002904167,98030.41667,0.0,0.666666677,-0.995833348,0.202472324,3.701949844348938,0.1339614348528723
2012-08-12,315.8625047,342.3875051,300.6083378,0.003175,98144.58333,0.0,0.966666681,0.808333345,0.202565373,3.816260232214245,0.1477104804696545
2012-08-13,306.2416712,368.3875055,301.5875045,0.0039375,98174.16667,0.0,0.983333348,-0.20416667,0.202644405,3.8966350776782632,0.1729828178022217
2012-08-14,235.7958368,377.4250056,301.7583378,0.004804167,97983.75,0.0,1.916666695,-0.804166679,0.202708193,3.4451840814339145,0.2085507679938519
2012-08-15,304.6000045,356.191672,299.8375045,0.004833333,98033.75,0.0,1.162500017,1.695833359,0.2028006,4.44724539488199,0.2350976445559585
2012-08-16,310.0291713,344.4791718,298.5250044,0.004266667,98218.33333,0.0,1.570833357,0.583333342,0.202830276,4.263611086104493,0.2248701908043457
2012-08-17,311.883338,321.0708381,297.4166711,0.002891667,98375.83333,0.0,2.066666697,0.225000003,0.202871784,4.179474703066425,0.1631873333923716
2012-08-18,278.4166708,351.9500052,297.7750044,0.003745833,98387.08333,0.0,1.787500027,0.25416667,0.202899319,4.045541248333981,0.2068871849763994
2012-08-19,308.3500046,329.2958382,296.0875044,0.004370833,98351.25,0.0,1.908333362,-0.937500014,0.202926196,4.272689138936205,0.2673612217615118
2012-08-20,309.4916713,318.6666714,296.4125044,0.003475,98306.25,0.0,2.133333365,-2.070833364,0.202967751,4.543158880481385,0.2082924114632836
2012-08-21,313.0500047,304.4291712,296.0208377,0.002958333,98206.25,0.0,2.47083337,-0.962500014,0.202995273,4.263082507174208,0.1814306814800048
2012-08-22,307.6458379,308.0625046,295.7541711,0.003095833,98285.83333,0.0,1.933333362,-0.90416668,0.203036779,3.995566279532464,0.1931448007547932
2012-08-23,306.4875046,313.008338,295.6541711,0.00375,98352.91667,0.0,1.112500017,0.354166672,0.20306434,3.531835176792918,0.235556783548763
2012-08-24,306.1666712,313.0500047,295.4291711,0.003945833,98269.16667,0.0,0.895833347,0.70000001,0.20309122,3.510836149947647,0.2510910965984947
2012-08-25,303.4333379,304.7458379,294.8250044,0.0038125,98205.83333,0.0,1.258333352,0.86666668,0.203132702,3.5480787053054725,0.2516405816266309
2012-08-26,298.2458378,314.1541713,293.2958377,0.00425,98169.16667,0.0,1.629166691,0.945833347,0.203160278,3.7683844780951534,0.308343763260882
2012-08-27,300.5000045,294.7208377,291.9333377,0.003825,98672.08333,0.0,2.120833365,-0.620833343,0.203201809,3.615316345712055,0.3038483823593724
2012-08-28,296.5708378,297.1416711,293.3208377,0.003279167,98640.83333,0.0,1.75833336,-0.316666671,0.203229282,3.4941721244243458,0.2386784774035272
2012-08-29,301.0958378,291.1625043,294.5833377,0.003166667,98456.25,0.0,1.475000022,-1.504166689,0.203265635,3.617256340956667,0.2126981672637156
2012-08-30,294.6833377,298.8291711,296.1083377,0.001708333,98037.5,0.0,1.304166686,-1.562500023,0.203283626,3.655989928254881,0.1040317898517392
2012-08-31,293.7208377,292.9708377,293.491671,0.003270833,98149.16667,0.0,1.612500024,0.600000009,0.203324565,3.3595204414616364,0.2343729811787756
2012-09-01,292.166671,288.879171,290.7333377,0.004075,98628.75,0.0,1.520833356,-0.395833339,0.203366775,3.1069294008377573,0.3491573503122898
2012-09-02,288.2958376,296.7750044,292.929171,0.0033125,98639.58333,0.0,1.54166669,-1.775000026,0.203394349,3.6219382180978976,0.2470811281584184
2012-09-03,288.9083376,298.5833378,294.6875044,0.002608333,98532.91667,0.0,1.125000017,-0.400000006,0.203435828,3.114627272420036,0.1742071162898693
2012-09-04,287.704171,291.8958377,294.8250044,0.002129167,98707.91667,0.0,0.979166681,-0.266666671,0.203448673,2.884442910151072,0.1412522111453714
2012-09-05,218.0958366,310.2041713,295.4125044,0.002604167,98669.16667,0.0,0.791666678,0.68750001,0.203489582,2.1663467484951098,0.1665598655089989
2012-09-06,258.6291705,342.2833384,294.2541711,0.0021875,98631.66667,0.0,0.44583334,1.920833362,0.203531792,3.749127124489033,0.1502223195184089
2012-09-07,274.2291708,311.9250046,293.0625044,0.0026375,98751.25,0.0,0.66250001,0.862500013,0.20355929,2.9303694439458337,0.1953178455351663
2012-09-08,270.1083374,326.8833382,293.929171,0.002870833,98721.25,0.0,1.912500028,-0.570833342,0.203600766,3.3964327469607003,0.2013496108929331
2012-09-09,271.0083374,314.8375047,294.4125044,0.002870833,98522.5,0.0,1.620833357,-0.308333338,0.203628294,2.9642241332303567,0.1950080980906215
2012-09-10,274.1791708,291.2250043,293.3125044,0.002875,98419.16667,0.0,1.487500022,-1.379166687,0.203655147,2.741234696518997,0.2088990936956361
2012-09-11,269.662504,306.1625046,295.2583377,0.003341667,98302.5,0.0,0.91666668,-0.90416668,0.203696531,2.4166140041548285,0.214963277098955
2012-09-12,260.0083372,302.1500045,294.7083377,0.003216667,98677.91667,0.0,0.804166679,0.550000008,0.203724013,2.036239098676914,0.2148763194831148
2012-09-13,251.8833371,323.3125048,295.6541711,0.00385,98960.41667,0.0,0.329166672,0.21666667,0.203765572,1.837237664962946,0.2433320690940801
2012-09-14,254.9833371,325.7000049,296.8708378,0.003775,98863.33333,0.0,0.67500001,-0.441666673,0.203793131,2.043789115443217,0.2212964526452502
2012-09-15,263.9916706,301.2958378,294.3333377,0.0032,98897.08333,0.0,0.958333348,0.791666678,0.203820051,2.1132438775718465,0.2192665932974227
2012-09-16,259.6291705,298.5000044,295.0666711,0.00255,98845.0,0.0,0.712500011,-0.158333336,0.203461895,1.792531791652622,0.166899894740462
2012-09-17,258.4833372,299.8958378,294.7708377,0.002533333,98778.75,0.0,0.712500011,0.058333334,0.203086964,1.8064189125792465,0.168749198437493
2012-09-18,257.2083372,293.8500044,293.3333377,0.002175,98815.41667,0.0,1.308333353,-0.125000002,0.202697432,2.050184589376548,0.1584666719355894
2012-09-19,249.0166704,293.954171,293.0833377,0.002183333,98863.75,0.0,1.191666684,-0.429166673,0.202307286,1.9508785966552729,0.1616582062295194
2012-09-20,248.120837,292.3125044,292.004171,0.002533333,98890.83333,0.0,1.066666683,-0.850000013,0.201946386,1.963993826678669,0.2007880441232752
2012-09-21,241.2458369,305.4125046,292.4000044,0.003058333,98631.25,0.0,1.300000019,-1.237500018,0.201557525,2.183171032012382,0.2358078313773936
2012-09-22,243.3250036,292.004171,293.0375044,0.002341667,98458.33333,0.0,1.35000002,-1.900000028,0.201182061,2.292764409984945,0.1731665415684464
2012-09-23,208.6208364,317.4916714,294.7416711,0.002466667,98453.75,0.0,1.304166686,-1.754166693,0.200792609,2.1522932182863364,0.1640631305449559
2012-09-24,240.8875036,304.2666712,293.8375044,0.003516667,98497.08333,0.0,1.150000017,-1.462500022,0.200417157,2.1541265026045204,0.2474926077252466
2012-09-25,238.3416702,310.1916713,294.9958377,0.003454167,98493.33333,0.0,1.233333352,-3.091666713,0.200042336,2.705041586919629,0.2262596757462819
2012-09-26,236.5208369,309.5583379,295.4875044,0.00325,98407.91667,0.0,0.800000012,-1.829166694,0.199652803,2.2175144388025148,0.2063633825359939
2012-09-27,233.0958368,317.2541714,294.9750044,0.004116667,98366.66667,0.0,-0.004166667,-0.075000001,0.199277258,1.4305855392695348,0.2696549997465786
2012-09-28,230.5875034,321.2041715,296.7333378,0.003858333,98253.75,0.0,1.245833352,-1.637500024,0.198893596,2.2611107259802457,0.2266737216673961
2012-09-29,230.5916701,318.4375047,296.2375044,0.004108333,98605.41667,0.0,1.13333335,-2.358333368,0.198503615,2.42766595750897,0.2496554519654783
2012-09-30,228.3375034,309.6791713,295.8666711,0.00295,98925.83333,0.0,0.833333346,-2.591666705,0.198134572,2.5093058681530134,0.1839727150355664
2012-10-01,224.2000033,309.4333379,296.4250044,0.002420833,98805.83333,0.0,0.629166676,-1.82083336,0.197752001,2.2288220408158037,0.1457316698094213
2012-10-02,209.1916698,307.9333379,296.8041711,0.0017,98545.41667,0.0,1.416666688,-2.125000032,0.197366996,2.400288228027073,0.0997394940649948
2012-10-03,215.3250032,300.4333378,296.8958378,0.0017875,98434.58333,0.0,0.708333344,-0.816666679,0.196989037,1.6881315163873285,0.1041732952430087
2012-10-04,215.7500032,307.2958379,294.4875044,0.003470833,98815.41667,0.0,0.683333344,2.866666709,0.196606486,2.787356623852144,0.2353701063864149
2012-10-05,201.0333363,306.7250046,291.854171,0.005433333,99109.16667,0.0,0.483333341,2.44583337,0.196231663,2.2250985374502763,0.4356951326024487
2012-10-06,209.8250031,302.1458378,289.9750043,0.006258333,98934.58333,0.0,0.86666668,0.395833339,0.195844683,1.7914508955331006,0.5646119046148345
2012-10-07,211.6000032,288.041671,289.504171,0.004808333,98819.58333,0.0,0.812500012,-0.387500006,0.195467682,1.7331065528399858,0.4465971444066138
2012-10-08,206.1833364,292.2458377,288.691671,0.005058333,98749.58333,0.0,1.55416669,1.508333356,0.195084906,2.13151361490415,0.4947702509938418
2012-10-09,204.0958364,295.1041711,287.8625043,0.005591667,98907.91667,0.0,1.266666686,0.450000007,0.194701599,1.9185998295445583,0.578143074917697
2012-10-10,201.6416697,311.020838,289.529171,0.004995833,98708.75,0.0,1.570833357,-0.616666676,0.19433801,2.405303932209853,0.4627466434339121
2012-10-11,197.7833363,299.5541711,289.9500043,0.004766667,98522.5,0.0,1.479166689,0.220833337,0.193949316,2.1858262393931795,0.4289332195558573
2012-10-12,196.9166696,303.6500045,288.429171,0.0064625,98752.91667,0.0,0.641666676,2.495833371,0.193559494,2.2560840001770224,0.6429887427889905
2012-10-13,190.2000028,301.8500045,287.4416709,0.005795833,99550.41667,0.0,1.31250002,-0.783333345,0.193184292,2.047569635259924,0.6199528762733455
2012-10-14,192.8250029,307.6166713,290.1833377,0.005683333,99295.0,0.0,1.550000023,-1.700000025,0.192795106,2.579058474617821,0.5077819991112411
2012-10-15,158.1125024,323.9833382,290.9625043,0.006425,98885.41667,0.0,1.737500026,-1.98750003,0.192426815,2.396749087536983,0.5439487165685731
2012-10-16,182.8875027,344.2250051,293.466671,0.006916666,98650.41667,0.0,2.633333373,-2.387500036,0.191425102,3.3909111372221648,0.4989252968151233
2012-10-17,186.9625028,308.5291713,294.6208377,0.005016667,98598.75,0.0,1.183333351,-5.645833417,0.190395808,3.913754541644865,0.3366648132621573
2012-10-18,189.3291695,285.3166709,294.1750044,0.0013875,98677.91667,0.0,-0.508333341,-2.404166702,0.189362954,2.5083729756757096,0.0957977550402592
2012-10-19,184.4041694,299.9250045,292.5750044,0.004025,98837.5,0.0,0.679166677,2.67500004,0.18832975,2.382981482890108,0.3075877126512418
2012-10-20,176.5375026,305.0708379,290.316671,0.005633333,98348.33333,0.0,1.779166693,-1.629166691,0.18731116,1.8285800368790408,0.4942817195648279
2012-10-21,112.0166683,295.6583377,288.4958376,0.004033333,98165.0,0.0,2.887500043,-3.15833338,0.186278579,1.468782273023171,0.3971868309431841
2012-10-22,153.3833356,330.1125049,285.7375043,0.005745833,98069.58333,13.4000002,1.445833355,4.633333402,0.185245366,63.145830935905074,0.6773891590321571
2012-10-23,146.0041688,314.183338,284.1500042,0.005841667,98612.08333,5.300000079,1.191666684,4.616666735,0.184212149,49.85458261791604,0.7699043336428145
2012-10-24,95.9666681,333.5666716,284.3125042,0.0061375,98962.5,1.900000028,0.745833344,2.758333374,0.183193559,27.83090012786972,0.8029606065511274
2012-10-25,133.1208353,315.2250047,284.0041709,0.0063125,99566.25,0.0,-0.87916668,-0.19166667,0.182160982,19.81697413889152,0.8482825211861824
2012-10-26,168.2041692,282.3125042,285.8583376,0.004116667,99545.83333,0.0,1.645833358,-5.208333411,0.181127766,38.21670134246131,0.488698545275871
2012-10-27,163.8125024,305.6041712,288.666671,0.004620833,99142.5,0.0,1.670833358,-4.116666728,0.180109175,23.7859635743055,0.4545109642059526
2012-10-28,158.9083357,317.4291714,291.254171,0.006416667,98763.75,0.0,0.89166668,-3.250000048,0.179076438,13.28194630446404,0.5326112161328053
2012-10-29,162.3125024,315.3250047,291.3958377,0.006483333,98940.0,0.0,1.129166683,-1.304166686,0.178049221,8.61443244588623,0.5342818885331613
2012-10-30,161.2791691,294.091671,289.7333377,0.006075,98923.33333,0.0,0.633333343,-0.20416667,0.177007314,5.014679977024338,0.5565754888327881
2012-10-31,122.7833352,305.2916712,289.0125043,0.006441667,98675.41667,1.900000028,-0.041666667,3.491666719,0.175992416,8.038549750893086,0.6166722424492955
2012-11-01,116.6416684,343.5625051,286.5833376,0.0081125,98740.83333,11.80000018,-0.062500001,1.850000028,0.174969729,37.82636133887208,0.910588892622102
2012-11-02,134.4166687,300.4500045,286.8708376,0.0071625,98939.58333,0.0,0.270833337,-0.416666673,0.173932026,15.83661771876439,0.790478730765715
2012-11-03,145.7041688,304.2208379,289.091671,0.005929167,99115.83333,0.0,0.658333343,-1.054166682,0.172908313,21.536088481401148,0.5672352920965049
2012-11-04,146.6291689,307.5416712,290.3375043,0.005404167,99366.66667,0.0,1.258333352,-4.22916673,0.171870614,35.43538491272074,0.4784461860417544
2012-11-05,147.6291689,298.8625045,291.329171,0.005079167,99346.25,0.0,-0.220833337,-3.195833381,0.170846898,18.91056546936816,0.4220659928297734
2012-11-06,145.0333355,293.9625044,290.6500043,0.005166667,99135.83333,0.0,-0.754166678,0.279166671,0.169809198,6.973705942510278,0.4473408496069356
2012-11-07,141.9291688,287.9208376,289.129171,0.005275,98868.75,0.0,0.587500009,-0.050000001,0.168785486,4.780986432135917,0.5021767926420315
2012-11-08,122.5625018,287.1791709,286.3708376,0.005558333,98381.66667,0.0,3.429166718,-0.600000009,0.167762406,4.071204072593124,0.6303968049790104
2012-11-09,123.2333352,291.6625043,281.7666709,0.004220833,98452.91667,0.0,2.354166702,1.408333354,0.166724706,3.15083347094141,0.6528402158952866
2012-11-10,141.7500021,248.045837,279.7208375,0.003620833,98867.08333,0.0,2.295833368,-1.12083335,0.165700994,1.906891241322412,0.647752033724986
2012-11-11,124.2375019,257.1583372,279.4625042,0.002733333,99689.16667,0.0,0.187500003,-0.920833347,0.164663291,1.809265197191523,0.5020095007795856
2012-11-12,105.3125016,292.604171,281.5500042,0.003216667,99986.25,0.0,0.283333338,0.679166677,0.163639579,2.039223287821281,0.5128344457599935
2012-11-13,112.845835,306.7666712,284.4750042,0.0035375,99699.16667,0.0,-0.312500005,-0.787500012,0.162616502,2.291821678950811,0.4611991747274631
2012-11-14,125.8208352,297.6375044,286.1750043,0.005125,99215.83333,0.0,-0.004166667,-3.075000046,0.161578799,1.8367860282935131,0.5938086505585489
2012-11-15,112.5250017,285.1916709,285.3375043,0.004779167,99036.25,0.0,-0.800000012,-0.262500004,0.160555087,1.0665662895558106,0.5843016905280496
2012-11-16,36.87500055,320.9125048,284.0458376,0.005375,98791.25,2.400000036,-1.945833362,3.308333383,0.160075414,2.0791403856980293,0.7146725226982217
2012-11-17,82.05000122,358.741672,285.5750043,0.0083,98478.75,70.50000105,-1.929166695,5.129166743,0.159633991,30.380881888234413,0.993242075640444
2012-11-18,103.5708349,320.0500048,282.9791709,0.006483333,98867.91667,11.40000017,-0.166666669,4.68750007,0.159163957,32.513823629973835,0.9271389927750348
2012-11-19,41.33333395,342.0333384,283.2750042,0.005866667,99361.66667,0.0,-1.329166686,5.245833412,0.158707272,22.17249439981424,0.826415930830401
2012-11-20,42.52083397,358.6375053,285.6666709,0.008166666,99163.33333,14.20000021,-1.091666683,6.06250009,0.158251225,18.354329226113062,0.978109847849798
2012-11-21,94.35833474,354.0000053,286.8791709,0.0089125,99072.91667,11.40000017,-0.037500001,2.637500039,0.157809802,31.16380084245564,0.9844011779397
2012-11-22,101.4250015,298.0708378,284.8625042,0.006929166,99555.83333,2.100000031,0.47083334,-3.116666713,0.157354391,17.352409706585608,0.8790030700175296
2012-11-23,122.6916685,271.8291707,284.6250042,0.005541667,99646.25,0.0,1.054166682,-3.312500049,0.156898345,22.453772807520394,0.7148910785419224
2012-11-24,121.0916685,268.1416707,283.5958376,0.004870833,99434.58333,0.0,0.741666678,-3.183333381,0.156456922,18.294254663831037,0.6719152262462514
2012-11-25,120.7416685,270.8833374,284.5291709,0.004995833,99005.41667,0.0,0.908333347,-2.191666699,0.156001508,12.427171738755344,0.6444535438543165
2012-11-26,120.5833351,262.0291706,283.8625042,0.005266667,98946.66667,0.0,-0.800000012,-0.450000007,0.155530838,4.599872230739063,0.7100751870587625
2012-11-27,107.8416683,273.5583374,283.4916709,0.005591667,99193.75,0.0,-1.825000027,2.475000037,0.155074156,5.672197810906374,0.7749137922882521
2012-11-28,44.08333399,335.6583383,283.5291709,0.006595833,98788.75,57.40000086,-3.208333381,6.970833437,0.154632733,26.669864133064056,0.9080404330208948
2012-11-29,43.24583398,343.7833385,284.3208376,0.0077375,98818.75,8.200000122,-3.179166714,8.170833455,0.154177322,9.137935414840634,1.0102510214893283
2012-11-30,47.90000071,360.0375054,285.7541709,0.008366666,98347.5,126.8000019,-0.266666671,8.162500122,0.153721276,20.0359270114474,0.9880675820740324
2012-12-01,47.42500071,344.1791718,285.2666709,0.007929166,98680.83333,21.70000032,-0.566666675,6.570833431,0.153265226,16.388760609944732,0.9705065254601988
2012-12-02,74.80000111,359.1500054,287.4458376,0.009283333,98230.83333,72.00000107,0.933333347,7.683333448,0.152823803,28.69449727147291,0.9795646585914308
2012-12-03,92.38333471,287.2750043,283.2875042,0.006345833,99212.91667,0.0,-0.887500013,0.116666668,0.152368392,3.847318584678884,0.8918215644642447
2012-12-04,35.75833387,344.2000051,283.1875042,0.006604166,99444.16667,12.20000018,-2.020833363,3.854166724,0.151897723,17.61516607282516,0.9366073148666754
2012-12-05,26.43750039,364.6125054,284.5500042,0.007945833,99316.25,23.70000035,-1.000000015,3.854166724,0.151455664,11.187529887605226,1.0267828436593374
2012-12-06,104.9541682,317.9458381,284.5000042,0.007620833,99192.08333,0.0,0.791666678,-2.733333374,0.15100025,15.592460505842311,0.9868533623580829
2012-12-07,112.783335,254.2791705,282.7958375,0.0053125,99230.0,0.0,0.995833348,-3.904166725,0.150544203,12.552230402324524,0.7720347566477299
2012-12-08,105.4333349,250.8500037,280.7208375,0.003875,99140.41667,0.0,0.658333343,-4.066666727,0.150088157,13.89449236101632,0.6485529325660346
2012-12-09,106.9625016,263.3000039,282.7500042,0.003933333,99406.25,0.0,1.333333353,-6.287500094,0.149646733,18.352701256895923,0.5744093883030357
2012-12-10,109.9291683,268.987504,284.3125042,0.004720833,99512.91667,0.0,0.266666671,-5.587500083,0.149191323,11.020935458021455,0.6210551521813277
2012-12-11,96.75833478,255.6583371,281.6791709,0.0047625,99084.58333,0.0,0.375000006,-0.820833346,0.148735277,1.1355201790945526,0.7458043594781549
2012-12-12,93.80416806,282.0708375,281.1250042,0.0056,98334.58333,0.0,1.604166691,0.487500007,0.148279227,2.421417353702904,0.9040898809470584
2012-12-13,107.6125016,259.4833372,280.8500042,0.004716667,98524.58333,0.500000007,0.983333348,-2.375000035,0.14782318,2.832244356245558,0.7775523010793148
2012-12-14,81.31250121,260.0041705,277.7416708,0.003779167,98447.91667,0.0,0.529166675,-1.250000019,0.147367134,1.3540173594742388,0.773593944718562
2012-12-15,58.84166754,260.2291705,276.3958375,0.0041,98900.83333,12.50000019,-0.966666681,0.379166672,0.146911088,0.0,0.9279205662207568
2012-12-16,25.60000038,327.7208382,277.5916708,0.004920833,99038.75,5.000000075,-2.104166698,3.600000054,0.146945522,7.994124673781347,1.024164060623907
2012-12-17,101.3000015,317.1500047,281.4208375,0.006158333,98874.16667,4.900000073,0.583333342,3.654166721,0.146386508,26.87930592543734,0.9795527762973648
2012-12-18,106.7541683,248.208337,278.7208375,0.004345833,98882.91667,0.200000003,2.47083337,-4.454166733,0.146018864,15.88625071934258,0.8339074971583228
2012-12-19,88.51666799,234.0958368,275.5958374,0.002570833,99565.83333,0.0,0.454166673,-1.300000019,0.14569636,5.483212281189013,0.6204000635772797
2012-12-20,63.53333428,259.4416705,276.2833375,0.0030875,99529.58333,0.300000004,-2.258333367,5.454166748,0.145386573,15.265688695683655,0.7089019045363627
2012-12-21,39.10833392,339.2875051,279.3416708,0.005408333,98685.83333,59.00000088,-1.225000018,7.379166777,0.14506343,17.362910599128327,0.9916409957989596
2012-12-22,56.32083417,328.3583382,280.7416709,0.005958333,98502.5,38.10000057,-0.108333335,7.625000114,0.144766358,17.502679903869502,0.9893956967450898
2012-12-23,37.12916722,327.4750049,280.6500042,0.005995833,98655.83333,58.20000087,-1.087500016,7.675000114,0.144457206,8.64748611116558,1.0035084412869075
2012-12-24,93.22500139,290.741671,280.4041708,0.0058375,98969.16667,0.70000001,0.083333335,0.404166673,0.144147418,9.587022706531307,0.9969256241901044
2012-12-25,42.14583396,304.1458379,278.5291708,0.004795833,99193.75,11.60000017,-1.31250002,2.387500036,0.14383763,8.990116999121582,0.9356696836971174
2012-12-26,45.89583402,321.8208381,278.6666708,0.005316667,98417.5,10.90000016,1.229166685,1.570833357,0.143527843,11.99712917690334,1.0192667600323235
2012-12-27,101.5458348,280.3416708,278.8333375,0.004945833,99162.5,0.0,1.475000022,-3.091666713,0.143232678,14.072653725041167,0.9442364360616208
2012-12-28,46.25416736,276.5291708,277.6625041,0.004595833,99427.5,0.0,-1.31250002,0.133333335,0.142923526,0.0,0.9554684409110382
2012-12-29,77.04583448,295.7875044,278.4416708,0.0045875,99212.08333,0.0,-1.187500018,-1.508333356,0.142613738,9.86632373131141,0.9007180574485137
2012-12-30,110.4416683,245.120837,278.2333375,0.0041125,99173.33333,0.0,0.925000014,-3.887500058,0.142303951,8.820968437055686,0.8190748352959056
2012-12-31,97.48750145,238.1375035,277.5541708,0.0032875,99485.41667,0.0,0.708333344,-3.620833387,0.142008786,7.83927272344702,0.6891371561278159
2013-01-01,105.6291682,244.608337,277.0333375,0.003483333,99677.91667,0.0,0.829166679,-2.2416667,0.141699634,5.034371718744962,0.759188511747974
2013-01-02,107.9000016,227.2958367,277.5791708,0.003454167,99622.91667,0.0,-0.658333343,-1.841666694,0.141389846,2.6305611682226653,0.7237910474360664
2013-01-03,105.3833349,226.3958367,277.2416708,0.003254167,99554.58333,0.0,-1.129166683,0.300000004,0.141080055,1.474069967148894,0.6979403839628922
2013-01-04,100.0333348,247.4250037,278.1666708,0.003120833,99749.16667,0.0,-0.141666669,-1.729166692,0.14078489,3.028727908083354,0.6281230757417852
2013-01-05,90.50833468,260.4750039,278.3416708,0.003575,99566.25,0.0,-0.900000013,1.35000002,0.140475738,2.288293746180334,0.7094059458345416
2013-01-06,85.04166793,314.4625047,278.6958375,0.0052,99214.58333,21.50000032,0.90416668,-2.295833368,0.140165951,21.98230707618165,1.0029170882898686
2013-01-07,96.3291681,276.6208375,280.4291708,0.005208333,99491.66667,0.0,1.329166686,-3.137500047,0.139856163,11.984286521082982,0.8926258859641524
2013-01-08,106.8875016,264.3333373,280.3458375,0.004583333,99415.83333,0.0,1.558333357,-4.825000072,0.139546375,17.375893185348698,0.789456148302728
2013-01-09,77.86666783,281.8000042,279.4541708,0.004820833,98987.5,0.0,1.250000019,-1.179166684,0.139236588,5.562057416717993,0.8796836078961037
2013-01-10,89.85416801,251.8375038,276.6791708,0.003841667,98958.33333,0.0,3.508333386,-2.545833371,0.1389268,5.404375213709367,0.8525087402586166
2013-01-11,90.60833468,245.633337,276.1583374,0.0030875,99362.08333,0.0,2.725000041,-3.212500048,0.138617012,6.512290805808206,0.7140808729054529
2013-01-12,112.7041683,231.2791701,276.0708374,0.003183333,99412.5,0.0,1.158333351,-3.295833382,0.138321848,4.526218299494507,0.7412593112127763
2013-01-13,115.5083351,208.6958364,274.2916708,0.0023625,99430.0,0.0,0.925000014,-3.725000056,0.138012696,3.910938221310565,0.6257905407668835
2013-01-14,114.3916684,216.3458366,275.1708374,0.002129167,99917.08333,0.0,-0.162500002,-4.841666739,0.137702908,4.706103963972868,0.5316988197680462
2013-01-15,116.0083351,237.2916702,276.8166708,0.002641667,100124.5833,0.0,0.729166678,-3.066666712,0.13739312,3.601287230809568,0.5873302057726805
2013-01-16,118.5708351,233.5291701,278.5291708,0.003158333,100147.9167,0.0,0.150000002,-3.329166716,0.137856081,2.813643410557113,0.6221198162833007
2013-01-17,120.2833351,228.6791701,279.2666708,0.003425,99845.83333,0.0,-0.67500001,-2.383333369,0.138338021,1.888997558185106,0.6387093976012602
2013-01-18,122.6458352,224.21667,280.1125042,0.003425,99639.16667,0.0,-1.308333353,-1.695833359,0.138819321,1.5352590594013873,0.6009114750582266
2013-01-19,121.6666685,224.32917,278.9291708,0.0031375,99621.25,0.0,-1.112500017,-1.950000029,0.139300625,1.484087386148394,0.5977374291577363
2013-01-20,124.2833352,222.35417,279.4333375,0.003058333,99635.0,0.0,-0.691666677,-2.020833363,0.139796551,1.3932466308114697,0.5625386896927443
2013-01-21,125.7750019,230.0291701,281.0583375,0.003691667,99501.25,0.0,-1.37500002,-0.779166678,0.140278487,1.050346209531266,0.6058462257465812
2013-01-22,120.8125018,234.8125035,281.2416709,0.003670833,99363.75,0.0,-1.800000027,0.545833341,0.140759791,1.1231408556153344,0.5940499074589116
2013-01-23,54.28750081,304.8958379,281.4875042,0.004208333,99017.5,3.000000045,-2.079166698,2.683333373,0.141255714,4.38978647429343,0.6672917441909754
2013-01-24,33.5625005,351.9500052,282.4083375,0.007004166,99403.75,14.30000021,-1.800000027,0.187500003,0.141737654,12.89426181750998,1.0468930803702212
2013-01-25,38.54166724,359.4708387,284.1083376,0.007845833,99388.75,0.0,-0.225000003,-0.275000004,0.142233581,12.125539886639544,1.0451098330150537
2013-01-26,124.1791685,300.8458378,282.7500042,0.006629166,98930.0,0.0,1.587500024,-1.050000016,0.142715517,16.52390654188673,0.963460748814282
2013-01-27,129.4958353,253.9958371,278.8541708,0.0041125,98995.0,0.0,3.054166712,-3.295833382,0.143211443,15.304821626299915,0.7826691673034202
2013-01-28,123.4666685,262.2541706,279.0208375,0.003620833,99439.58333,0.0,2.558333371,-3.437500051,0.143693379,14.45602099797098,0.6841518278920894
2013-01-29,129.8166686,264.4750039,281.6583375,0.004620833,99777.91667,0.0,2.033333364,-3.708333389,0.144174683,10.07244443727596,0.7297242033864468
2013-01-30,135.062502,259.9458372,282.9416709,0.004775,99950.41667,0.0,1.058333349,-5.454166748,0.144670606,8.893070334784714,0.692075990581007
2013-01-31,136.1791687,257.3833372,282.5708375,0.004883333,99822.91667,0.0,-0.354166672,-2.245833367,0.145152545,4.904709047805163,0.7249106181267051
2013-02-01,148.5916689,250.6458371,282.3833375,0.0049,99605.83333,0.0,-1.358333354,-0.854166679,0.145633849,4.018338448376079,0.7351294484913835
2013-02-02,137.7666687,262.9541706,283.1333376,0.005054167,99754.58333,0.0,-1.416666688,0.045833334,0.146129772,3.454934082742596,0.7216651399762751
2013-02-03,150.5625022,262.5625039,283.2333376,0.005454167,99658.75,0.0,-0.387500006,-0.833333346,0.146611712,3.3426031429546743,0.7727814969861624
2013-02-04,149.8708356,251.5375037,281.5708375,0.004754167,99308.75,0.0,0.325000005,-2.2541667,0.147093012,2.567101169998172,0.7517475144489261
2013-02-05,150.1625022,254.1291705,281.7208375,0.005083333,99008.33333,0.0,0.591666675,-0.441666673,0.147588939,2.350804427372661,0.7931659561220996
2013-02-06,153.6708356,251.2375037,280.4541708,0.005095833,99266.66667,0.0,1.529166689,-2.320833368,0.148070878,1.768375844263495,0.8698630498949497
2013-02-07,130.3083353,266.687504,280.4458375,0.005183333,99218.33333,1.300000019,2.083333364,1.500000022,0.148552178,2.2979676834328564,0.8848789573559593
2013-02-08,150.7458356,276.4083375,279.9458375,0.004770833,98884.58333,1.000000015,1.570833357,-1.900000028,0.149033482,4.447961309741558,0.8403718121512336
2013-02-09,162.9416691,230.7916701,279.4166708,0.003416667,99020.83333,0.0,1.458333355,-5.79583342,0.149529405,4.376505218347437,0.6253027336405953
2013-02-10,162.4791691,241.4958369,279.3958375,0.003570833,99208.33333,0.0,0.179166669,-3.179166714,0.150011345,3.299364990304827,0.6557082249747895
2013-02-11,165.9625025,243.5750036,281.2791709,0.003891667,99322.5,0.0,0.337500005,-4.250000063,0.150492648,3.5160063963770822,0.6279044241729592
2013-02-12,164.1041691,254.0666705,281.6500042,0.004316667,99742.91667,0.0,-0.312500005,-1.700000025,0.150988572,2.7177021771913985,0.6818404574502046
2013-02-13,165.8708358,260.9166706,283.0583376,0.0048,99877.5,0.0,0.200000003,-3.270833382,0.151470511,2.864814017988857,0.6897140528177161
2013-02-14,169.0791692,258.4958372,282.4708375,0.004375,99672.91667,0.0,0.416666673,-5.575000083,0.151951811,3.4752406443347583,0.6529041402529326
2013-02-15,170.6291692,261.7666706,285.3916709,0.005066667,99784.16667,0.0,-1.183333351,-2.720833374,0.152433115,2.820409922502375,0.621884717086372
2013-02-16,171.2375026,257.4583372,284.0583376,0.004845833,99580.83333,0.0,-0.995833348,-1.033333349,0.152966527,2.150969981762465,0.6489173160363269
2013-02-17,177.258336,252.2500038,283.6041709,0.004683333,98997.5,0.0,0.783333345,-3.179166714,0.153472963,2.5424786498619905,0.6428488090418542
2013-02-18,155.1708356,244.245837,280.3916708,0.003795833,98787.08333,0.0,1.32500002,-2.379166702,0.15399275,1.804730836294796,0.6476184789528094
2013-02-19,85.79166795,280.8291709,279.2875042,0.004929167,98373.33333,3.200000048,1.762500026,1.683333358,0.154498547,1.9810937182171493,0.904338845264406
2013-02-20,173.5708359,250.2708371,278.7333375,0.003825,98404.58333,1.500000022,2.670833373,-4.662500069,0.155032957,7.59480307576684,0.7297752049200301
2013-02-21,184.4541694,237.5375035,279.3125042,0.003354167,99132.91667,0.0,2.258333367,-4.775000071,0.155554012,7.134352218148139,0.6190474752473957
2013-02-22,165.3125025,262.7250039,282.0458375,0.0039875,99511.66667,0.0,1.454166688,-3.958333392,0.156055185,6.440280250691881,0.6115898144981772
2013-02-23,183.1708361,270.8916707,281.8958375,0.004454167,99425.0,0.0,2.187500033,-3.025000045,0.156589922,5.7316176622300805,0.6896076811174046
2013-02-24,188.6083361,243.8500036,281.5416709,0.003333333,99672.08333,0.0,1.295833353,-6.200000092,0.157111412,6.659004287120244,0.5300677370142175
2013-02-25,191.7375029,258.4541705,281.7125042,0.004325,99509.16667,0.0,0.983333348,-2.895833376,0.15761771,4.571490362855785,0.678642320586256
2013-02-26,195.3916696,242.5333369,282.4958375,0.003754167,99479.58333,0.0,0.633333343,-5.129166743,0.158137915,5.552750743087106,0.5582161981832333
2013-02-27,189.9000028,257.3666705,282.5083375,0.003854167,99641.66667,0.0,0.862500013,-2.91666671,0.158644123,4.5226385291227,0.5735308758262251
2013-02-28,122.7041685,312.2791713,284.6166709,0.005229167,99983.75,0.0,1.154166684,-1.937500029,0.159174583,3.4484208633355404,0.6772400330049038
2013-03-01,207.4541698,283.5291709,284.3291709,0.0059125,100242.9167,0.0,0.304166671,-2.875000043,0.159686026,4.29695505315857,0.782656780073089
2013-03-02,182.5958361,297.0583378,286.5250043,0.006454167,99736.66667,0.0,-0.725000011,0.183333336,0.160206279,3.9902271141151417,0.7345732286978426
2013-03-03,122.1125018,338.675005,286.8791709,0.007579166,99079.16667,0.0,0.845833346,0.075000001,0.160727198,3.1642522362320147,0.8371849212309471
2013-03-04,213.2583365,278.7791708,283.7291709,0.006383333,99023.33333,0.0,0.162500002,-0.066666668,0.161233456,4.498062603385115,0.8690674388182792
2013-03-05,184.7375028,270.7083374,281.7083375,0.0053875,98838.75,0.0,0.154166669,3.466666718,0.161753769,2.8549046218329432,0.8399051896153602
2013-03-06,147.3375022,320.4333381,281.4208375,0.00555,98401.66667,21.50000032,0.245833337,8.558333461,0.162274568,64.60659659390515,0.8785718260760019
2013-03-07,185.5000028,276.1458374,279.2708375,0.00445,98850.83333,2.900000043,-0.862500013,1.850000028,0.162795425,34.13708116374079,0.8213468903327769
2013-03-08,221.7375033,270.0666707,280.4500042,0.003895833,98400.41667,0.0,1.537500023,-4.120833395,0.163316306,43.96075507001223,0.659408907279631
2013-03-09,237.9125035,246.320837,282.0041709,0.003870833,99105.0,0.0,1.825000027,-4.366666732,0.163822615,30.634101251606037,0.5929558327446285
2013-03-10,241.3166703,240.7875036,282.7833375,0.003608333,99885.41667,0.0,0.666666677,-4.462500066,0.164342946,20.805257690901318,0.5282899479911044
2013-03-11,236.4250035,267.650004,285.4125043,0.004783333,99650.41667,0.0,0.825000012,-2.820833375,0.164878529,15.154272142026825,0.585509481187156
2013-03-12,236.8875035,286.0250043,287.7875043,0.006304167,99203.33333,0.0,0.587500009,-1.845833361,0.165385404,12.270049875985436,0.6569636729013933
2013-03-13,232.3083368,288.9625043,288.7000043,0.007220833,99277.91667,0.0,-0.791666678,-0.050000001,0.165900552,10.14103660840805,0.7096863201528764
2013-03-14,213.5458365,308.1000046,288.8000043,0.0077,99242.91667,0.0,-0.058333334,0.258333337,0.166410024,9.539716177221534,0.7516314933255157
2013-03-15,217.6750032,300.4458378,288.679171,0.007375,99077.91667,0.0,1.57916669,-2.658333373,0.166933853,6.138915366484952,0.72435494804768
2013-03-16,231.2541701,291.204171,287.8583376,0.006525,98942.08333,0.0,2.287500034,-3.466666718,0.166813092,6.399672742999837,0.6750602417427012
2013-03-17,242.8541703,268.187504,285.9916709,0.004816667,99104.58333,0.0,2.591666705,-4.212500063,0.166635028,6.86216569180601,0.5642582911558364
2013-03-18,188.2916695,290.7458377,284.7541709,0.004529167,99048.33333,0.0,0.86666668,-2.733333374,0.166484943,4.998989569452919,0.5757739626056664
2013-03-19,163.1500024,331.2583383,285.7625043,0.005729167,99076.25,0.400000006,0.091666668,1.170833351,0.166321502,5.4487644948395975,0.6812271492814117
2013-03-20,86.01250128,350.2958386,283.7791709,0.007229166,99057.5,7.000000104,-1.045833349,5.700000085,0.166157425,12.46596476552414,0.9812520549992598
2013-03-21,252.6291704,281.8875042,283.7958376,0.006408333,99160.41667,0.100000001,1.14583335,-2.829166709,0.165993352,22.340916775309903,0.8697626582184045
2013-03-22,270.0458374,238.0791702,283.6750042,0.003720833,99130.83333,0.0,1.729166692,-6.887500103,0.165843898,21.973011891915256,0.5089831571246642
2013-03-23,266.0833373,244.770837,283.1333376,0.003320833,99291.25,0.0,1.150000017,-5.079166742,0.165680461,16.02179910910835,0.4719666315621417
2013-03-24,239.4208369,294.5375044,284.6208376,0.004379167,99082.5,0.0,0.629166676,-2.487500037,0.165516385,13.438010320691683,0.5618857920404151
2013-03-25,256.7208372,276.7333375,284.8041709,0.005220833,98817.08333,0.0,0.520833341,0.066666668,0.165352308,12.40698514377996,0.6599439024334585
2013-03-26,149.9791689,320.4083381,284.8291709,0.006225,98660.83333,0.300000004,1.141666684,0.625000009,0.165188235,7.008107642889188,0.7843210646451039
2013-03-27,165.3625025,336.625005,286.0833376,0.007375,98640.83333,0.0,0.416666673,1.59166669,0.165024158,7.610300731101608,0.8547171417967673
2013-03-28,155.291669,340.5708384,285.5666709,0.007520833,98884.58333,1.400000021,-0.466666674,3.525000053,0.164874708,8.212905761573655,0.9042101394040624
2013-03-29,225.0208367,306.0125046,286.6041709,0.006975,99127.5,0.0,-1.175000018,0.120833335,0.164711267,11.3495925557587,0.7848980741002703
2013-03-30,143.1541688,337.700005,289.179171,0.008495833,99005.83333,0.400000006,-0.295833338,2.179166699,0.164547194,7.642216646915305,0.8073103326512437
2013-03-31,199.337503,343.3375051,288.1458376,0.0084125,99004.58333,9.900000148,-1.025000015,3.925000058,0.164383118,55.28917574214394,0.8547306352235412
2013-04-01,192.1458362,325.7208382,286.5666709,0.00715,99172.5,3.300000049,-0.758333345,2.308333368,0.164219041,45.1759339453078,0.8069469583753661
2013-04-02,269.000004,308.0958379,287.3000043,0.007045833,99354.16667,0.100000001,0.779166678,-1.258333352,0.164054968,43.99584446750765,0.7591813191526885
2013-04-03,277.2166708,297.5541711,287.8458376,0.0069875,99229.16667,0.100000001,0.429166673,0.183333336,0.163890891,31.975634237797344,0.7255980725446346
2013-04-04,104.8458349,338.7833384,286.1791709,0.007870833,98865.83333,16.00000024,-0.862500013,4.325000064,0.163741441,39.17031311421083,0.9084876065439792
2013-04-05,178.420836,319.6166714,286.2916709,0.008058333,99253.33333,0.600000009,0.120833335,3.100000046,0.163563378,37.14152258352606,0.9268617815768402
2013-04-06,155.516669,338.1041717,285.9208376,0.007416666,99278.75,0.0,1.062500016,2.345833368,0.163413288,30.30997012356142,0.8744585860294963
2013-04-07,215.0041699,326.6166715,286.9708376,0.007645833,99063.33333,0.800000012,2.370833369,1.641666691,0.163249851,34.82902320304138,0.8393442765024203
2013-04-08,300.6958378,285.8000043,285.6708376,0.006008333,98510.0,0.0,4.537500068,-4.804166738,0.163100397,30.68024305932273,0.7146706607369379
2013-04-09,308.3583379,269.6083374,286.7708376,0.004654167,99168.33333,0.0,2.058333364,-6.95416677,0.162922337,25.455693022235938,0.5182339117323167
2013-04-10,305.6625046,298.0458378,289.954171,0.005945833,99341.66667,0.0,2.154166699,-5.766666753,0.162772248,21.060991526605815,0.5393461077178224
2013-04-11,289.5000043,312.3916713,290.9583377,0.006979166,98794.58333,0.0,3.450000051,-5.858333421,0.162608807,17.03062083097268,0.5904788702629642
2013-04-12,314.233338,283.5083376,289.616671,0.006133333,98421.25,0.0,1.595833357,-4.487500067,0.162444734,14.019160766798578,0.5632755041775955
2013-04-13,305.8666712,295.1791711,288.8083376,0.006020833,98235.0,0.0,2.325000035,-3.179166714,0.16229085,12.418000537019736,0.5814379092948376
2013-04-14,314.095838,276.9000041,286.9166709,0.00465,98305.0,0.0,2.87916671,-5.141666743,0.162124749,12.603255183916168,0.5083655226140752
2013-04-15,323.6666715,266.0958373,284.5375042,0.004633333,98387.5,0.0,3.416666718,-4.016666727,0.161958098,10.362379597159403,0.5936299715432893
2013-04-16,328.2500049,253.3750038,283.8500042,0.003520833,98893.75,0.0,3.204166714,-7.737500115,0.16208198,12.158044061951822,0.4748398204868754
2013-04-17,328.8208382,253.5041704,284.9750042,0.0034625,99607.08333,0.0,1.029166682,-6.187500092,0.162218493,11.072945079913726,0.4361751425077809
2013-04-18,325.3125048,269.550004,286.0625043,0.00395,99692.08333,0.0,1.016666682,-5.245833412,0.16234038,10.401843624514282,0.4632974109285993
2013-04-19,320.2625048,296.3166711,289.2083376,0.005558333,99486.66667,0.0,1.441666688,-3.454166718,0.162461634,9.768037501934568,0.5297439365636394
2013-04-20,330.8291716,280.9083375,289.204171,0.005070833,99253.33333,0.0,1.370833354,-5.82083342,0.162582888,10.800812693380044,0.4822782679415583
2013-04-21,327.4708382,287.6250043,289.8875043,0.005141667,98967.5,0.0,0.970833348,-4.858333406,0.162718766,10.062397635806969,0.4666347997242944
2013-04-22,332.525005,296.8875044,292.029171,0.005666667,98842.91667,0.0,0.404166673,-4.754166738,0.162840656,10.320678683365584,0.4482060789927215
2013-04-23,342.1583384,277.2375041,292.4083377,0.004933333,98760.41667,0.0,-0.22916667,-5.804166753,0.16297653,10.881257153190324,0.3806752224047082
2013-04-24,341.7791718,285.3250043,292.529171,0.005004167,98547.91667,0.0,-0.495833341,-3.233333382,0.163113043,9.027167830157662,0.3823941375782858
2013-04-25,340.8125051,275.7541708,289.9375043,0.004604167,98683.75,0.0,1.483333355,-2.020833363,0.163234933,7.773805002150253,0.4153214058020203
2013-04-26,335.2666717,299.2541711,289.8875043,0.0059375,99203.75,0.0,1.383333354,-1.508333356,0.163370811,7.545981000758908,0.5401473994698198
2013-04-27,336.200005,309.5208379,292.391671,0.0068375,99373.33333,0.0,1.295833353,-1.920833362,0.163492701,8.03831836189352,0.5314394402274112
2013-04-28,334.9958383,317.2125047,294.041671,0.007491666,98927.5,0.0,1.233333352,-2.950000044,0.163628575,8.776320211048322,0.5228680281029381
2013-04-29,336.7541717,319.3416714,294.8958377,0.006416667,98450.83333,0.0,1.841666694,-4.970833407,0.163750465,10.99706996964807,0.4227310145078975
2013-04-30,346.4833385,303.0458378,293.7750044,0.005875,98201.66667,0.0,1.620833357,-6.537500097,0.16387172,11.73285018011203,0.4138311042289525
2013-05-01,354.1291719,268.2166707,293.104171,0.0036375,98835.0,0.0,-0.391666673,-7.941666785,0.164007597,13.091613239178166,0.2688985122662978
2013-05-02,352.5625053,286.5583376,294.8125044,0.004429167,99367.5,0.0,-0.816666679,-3.758333389,0.164129484,9.654260773448856,0.296029553066496
2013-05-03,350.5250052,289.366671,295.0250044,0.004366667,99099.58333,0.0,-0.104166668,-2.320833368,0.164265361,8.12056053193033,0.2872752025936752
2013-05-04,353.4833386,292.2250044,294.4958377,0.004583333,98154.58333,0.0,0.304166671,-4.591666735,0.164401874,10.028063449703208,0.3085751171264747
2013-05-05,331.7208383,298.8416711,291.5875043,0.0053125,97676.25,0.0,-1.225000018,2.44583337,0.164523558,7.423555158889076,0.4269868571188795
2013-05-06,170.9583359,341.0583384,288.2000043,0.007083333,98356.66667,1.300000019,-1.254166685,2.475000037,0.164655865,4.779516271570011,0.7124597082818726
2013-05-07,164.1083358,347.0416718,288.9958376,0.00725,98685.83333,1.000000015,1.216666685,-0.325000005,0.164777152,6.395584612468017,0.6948765594042593
2013-05-08,183.5541694,355.3500053,289.3750043,0.007791666,99027.5,0.0,0.645833343,0.200000003,0.164909622,7.141429052912536,0.7312679702917461
2013-05-09,320.3291714,343.1583384,291.4750043,0.008716666,99168.75,0.0,1.10833335,-0.262500004,0.165034345,10.073928388447936,0.7163846319136307
2013-05-10,344.8333385,338.3958384,293.991671,0.009479166,99194.58333,0.0,1.745833359,-1.070833349,0.165163028,9.355395167054976,0.6654317938810514
2013-05-11,344.9750051,340.0208384,294.7875044,0.008941666,99077.08333,0.0,1.383333354,-1.37500002,0.165296205,9.167457588464018,0.596802481523213
2013-05-12,344.9166718,327.1750049,295.6208377,0.007720833,99032.91667,0.0,1.616666691,-0.233333337,0.165417545,8.63124019382475,0.4893378430084263
2013-05-13,351.2958386,314.0125047,294.6708377,0.006916666,98906.25,0.0,1.57916669,-1.187500018,0.165553073,8.165627642645873,0.4641831309023051
2013-05-14,346.8000052,323.7625048,296.2833377,0.006645833,98690.41667,0.0,1.912500028,-3.395833384,0.165674627,9.387933498279192,0.4030732325384452
2013-05-15,348.1833385,315.1041714,294.3875044,0.005833333,98603.75,0.0,3.012500045,-3.270833382,0.165810773,9.293392416768086,0.3971841358332101
2013-05-16,270.5583374,336.825005,291.8375043,0.006791666,98739.16667,0.0,3.241666715,-0.925000014,0.166307587,6.595699781573766,0.5431573258066985
2013-05-17,358.7208387,301.5500045,289.3333376,0.006579167,98656.66667,0.0,2.316666701,-0.637500009,0.166816229,6.8748970252548265,0.616813279722606
2013-05-18,360.7458387,292.2583377,289.5583376,0.0050875,98950.0,0.0,2.329166701,-2.237500033,0.167325381,7.385349438323881,0.4715035757612305
2013-05-19,365.8708388,294.2541711,291.166671,0.004870833,99142.08333,0.0,2.187500033,-5.545833416,0.167850229,9.220111290659432,0.4081101315747945
2013-05-20,354.3250053,290.7708377,293.6125044,0.0042875,98897.08333,0.0,1.000000015,-5.308333412,0.168361101,9.454297020303216,0.3072406749555751
2013-05-21,369.0916722,304.5833379,294.2416711,0.004733333,98468.75,0.0,2.791666708,-2.137500032,0.168885926,8.796531571344921,0.3247671628543709
2013-05-22,375.8291723,258.0791705,287.9833376,0.003191667,98660.0,0.0,4.316666731,-7.441666778,0.169396758,9.624767324216377,0.3265890914201149
2013-05-23,373.0208389,269.7166707,287.941671,0.003495833,98633.75,0.0,2.583333372,-4.275000064,0.169906986,7.962574743600568,0.3585899748328842
2013-05-24,368.7958388,280.8833375,289.7958377,0.003783333,98742.91667,0.0,2.479166704,-3.033333379,0.170417297,7.888310883943041,0.3446008260377949
2013-05-25,363.2958387,283.7416709,289.0458376,0.003870833,98578.75,0.0,2.766666708,-2.650000039,0.170942234,7.589976319935517,0.3694024140083032
2013-05-26,366.9958388,301.4458378,289.8500043,0.005641667,98798.75,0.0,3.562500053,-1.379166687,0.171453107,7.527521772087221,0.5123710326013068
2013-05-27,137.5166687,338.0333384,290.1625043,0.007608333,98917.91667,0.0,1.945833362,0.008333333,0.171963329,2.4962565830135843,0.6780949420724955
2013-05-28,290.4458377,368.3166722,289.3625043,0.008870833,98748.75,0.0,0.645833343,1.79583336,0.172473579,6.070952760594298,0.8308759069681128
2013-05-29,330.3000049,344.3375051,290.8583377,0.007095833,98466.66667,0.0,1.875000028,0.066666668,0.172983873,6.883787602719306,0.6021773923826241
2013-05-30,371.8916722,299.8375045,292.254171,0.005670833,98513.33333,0.0,2.441666703,-3.441666718,0.173508779,8.234547948390462,0.4407447076070593
2013-05-31,375.1000056,295.7625044,293.666671,0.004008333,98806.66667,0.0,1.979166696,-5.341666746,0.174019711,9.916010749724135,0.2860063144334254
2013-06-01,349.1958385,319.9250048,297.8583378,0.004533333,98590.0,0.0,1.720833359,-5.825000087,0.174529969,10.488309901819257,0.2496402569967412
2013-06-02,356.5875053,328.2791716,297.7666711,0.0052875,98036.25,0.0,1.841666694,-4.820833405,0.175040241,10.07036398213316,0.2911404410734498
2013-06-03,358.5208387,329.1250049,298.2666711,0.005641667,97932.91667,0.0,0.683333344,-3.525000053,0.175550445,8.791696378840381,0.3011091243448152
2013-06-04,357.7583387,326.8750049,296.6791711,0.005795833,98217.08333,0.0,1.533333356,-1.166666684,0.176074881,7.289895440857203,0.3414965496752613
2013-06-05,357.6375053,327.3041715,295.6333377,0.006141667,98477.5,0.0,1.479166689,-1.287500019,0.176598804,7.073724069259258,0.3867722792451336
2013-06-06,356.416672,340.0666717,297.2750044,0.007245833,98403.33333,0.0,1.612500024,-2.016666697,0.177108054,7.485228578612776,0.4125459675652588
2013-06-07,359.1125054,346.0625052,300.9125045,0.007008333,98269.16667,0.0,1.533333356,-3.56666672,0.177616672,8.339898934660582,0.320658244791403
2013-06-08,355.9125053,352.3333386,301.1958378,0.006416667,98074.58333,0.0,0.645833343,-4.750000071,0.178139909,8.710575006873714,0.2881610735696847
2013-06-09,351.1000052,352.2166719,299.9833378,0.00705,97972.5,0.0,1.895833362,-0.745833344,0.178649158,6.852288095640444,0.3397501952254975
2013-06-10,298.0458378,352.7416719,293.1583377,0.007554166,98124.58333,0.300000004,1.31250002,2.558333371,0.179157776,6.05909471260769,0.5525449786725269
2013-06-11,356.3625053,316.6958381,292.1250044,0.006616666,98453.33333,0.0,0.991666681,0.66250001,0.17966639,6.058472344118114,0.518142736242696
2013-06-12,364.0416721,307.5708379,293.7833377,0.0050875,98471.66667,0.0,2.429166703,-2.491666704,0.180189627,7.359971569283732,0.3591591152744105
2013-06-13,369.6250055,289.6875043,293.1375044,0.003633333,98789.58333,0.0,3.333333383,-6.233333426,0.18069888,9.31974433726742,0.2679078693815388
2013-06-14,358.6250053,292.2458377,294.0000044,0.003391667,98760.41667,0.0,1.279166686,-5.404166747,0.181207494,8.776318063310676,0.2369281916232032
2013-06-15,365.0250054,303.6291712,295.2333377,0.003641667,98370.83333,0.0,1.354166687,-2.841666709,0.181730731,7.891865099300069,0.2347854188319804
2013-06-16,361.6250054,317.5208381,294.9916711,0.004729167,98684.16667,0.0,2.766666708,-2.029166697,0.182353794,8.224185063726352,0.3104564390454262
2013-06-17,362.6500054,314.9000047,295.6250044,0.004704167,98822.08333,0.0,2.745833374,-1.500000022,0.182966547,8.173761735417887,0.2974341298899901
2013-06-18,357.6375053,311.1791713,293.7833377,0.006041667,98630.83333,0.0,3.366666717,-1.345833353,0.183593291,7.887095720607223,0.4272092713505911
2013-06-19,364.9041721,299.1166711,291.3625043,0.0052,98720.0,0.0,3.56666672,-2.570833372,0.184206045,7.739810810999447,0.428476171909699
2013-06-20,364.1291721,302.3666712,292.5833377,0.004154167,98748.33333,0.0,3.016666712,-4.170833395,0.184818162,8.583032709340294,0.3170061828050179
2013-06-21,365.5416721,309.995838,294.8333377,0.004441667,98631.25,0.0,2.616666706,-4.512500067,0.185444902,8.891376057225877,0.2942867367580791
2013-06-22,363.0041721,309.3625046,295.4500044,0.003570833,98527.91667,0.0,2.200000033,-4.379166732,0.186057655,8.713329830046499,0.2275350725666575
2013-06-23,181.3875027,349.8708385,295.8958377,0.005875,98174.58333,0.0,2.770833375,-0.304166671,0.186669773,4.19698688208888,0.3629552767159299
2013-06-24,91.15000136,388.3708391,292.1375044,0.010083333,98183.75,1.700000025,0.654166676,3.358333383,0.187296517,3.315833126441759,0.7868306936286575
2013-06-25,106.8541683,397.8500059,291.8750043,0.012458333,98593.75,3.300000049,-1.645833358,5.079166742,0.18790927,6.774389378630851,0.9925224483686615
2013-06-26,232.7958368,399.737506,293.8583377,0.012229166,98900.0,1.500000022,-1.187500018,2.833333376,0.18853601,25.43083664898807,0.8630540644889597
2013-06-27,348.8041719,363.3416721,297.4708378,0.009979166,99000.83333,0.0,1.508333356,-1.720833359,0.189148764,27.16013183786452,0.564884746133116
2013-06-28,353.1083386,363.3125054,299.9333378,0.007575,98779.16667,0.0,1.995833363,-2.920833377,0.189760881,19.704527862046383,0.369150037802089
2013-06-29,355.866672,360.4875054,302.3166712,0.0061875,98452.08333,0.0,2.091666698,-3.137500047,0.190387621,15.462491424622012,0.2612259589696541
2013-06-30,355.6708386,360.1250054,303.0791712,0.005625,98193.75,0.0,1.925000029,-3.541666719,0.191015001,12.103371775763796,0.2265875597932239
2013-07-01,256.2541705,375.9833389,302.7791712,0.006625,98099.16667,0.0,1.633333358,-1.745833359,0.191627754,8.293589250202725,0.2712939486235568
2013-07-02,323.7083382,388.2125058,304.1666712,0.0073625,98252.91667,0.0,1.425000021,-2.837500042,0.192254495,9.241940126765176,0.2787023839009866
2013-07-03,341.3208384,392.9958392,304.4458379,0.007854166,98321.66667,0.0,0.900000013,-2.708333374,0.192867248,8.971304899373331,0.2927907104429448
2013-07-04,352.7375053,392.2083392,305.3916712,0.007375,98045.83333,0.0,2.150000032,-3.954166726,0.193493988,6.524370804983511,0.2597283844956694
2013-07-05,357.079172,365.9125055,302.3916712,0.006445833,97728.75,0.0,2.162500032,-2.554166705,0.194106741,8.432424097981649,0.2689549834892011
2013-07-06,354.9333386,363.6750054,298.8291711,0.0079875,97757.5,0.0,0.691666677,0.658333343,0.194718859,7.560356554451797,0.4114301160503729
2013-07-07,358.6125053,343.0666718,298.2625044,0.006683333,97971.66667,0.0,0.545833341,1.158333351,0.195345602,6.890609879538184,0.3569358336683916
2013-07-08,358.7500053,330.2166716,296.9958378,0.005091667,98312.91667,0.0,0.554166675,1.029166682,0.195958356,6.445727007582608,0.2945751287147607
2013-07-09,358.4583387,332.6541716,297.3375044,0.005504167,98665.41667,0.0,-0.025,1.729166692,0.196585096,6.5852525039015175,0.3130308373721162
2013-07-10,356.2708386,343.4458385,299.3041711,0.005104167,98620.83333,0.0,0.641666676,0.820833346,0.197197849,6.32116682125812,0.2578126826715114
2013-07-11,358.5708387,334.2583383,297.5291711,0.005495833,98373.75,0.0,1.395833354,0.733333344,0.197809967,6.379316762741914,0.3080404257970991
2013-07-12,359.5333387,327.1333382,296.5875044,0.0054,98334.16667,0.0,1.300000019,0.900000013,0.198436707,6.185807514115895,0.320335324184466
2013-07-13,356.3125053,326.6958382,296.6083378,0.0046125,98366.66667,0.0,1.14583335,0.158333336,0.199049464,5.877655992797224,0.2733632214320181
2013-07-14,359.0333387,321.0958381,297.1166711,0.003833333,98530.41667,0.0,1.045833349,-0.895833347,0.199676204,5.912066589154597,0.2206421760368954
2013-07-15,356.3125053,321.6500048,296.0750044,0.003620833,98304.58333,0.0,1.104166683,0.070833334,0.200288957,5.712785325703512,0.2215483036664714
2013-07-16,355.754172,321.1958381,294.6375044,0.0050875,98275.83333,0.0,1.241666685,2.154166699,0.200386117,6.324288415693094,0.3399497552599157
2013-07-17,355.0250053,321.6166715,294.5333377,0.005095833,98862.08333,0.0,1.500000022,0.108333335,0.20047551,5.768511587082723,0.3447514892323512
2013-07-18,353.9250053,330.3500049,297.3500044,0.0042125,98835.41667,0.0,1.433333355,-1.158333351,0.200550916,6.194854451692417,0.23980290656226
2013-07-19,351.9500052,335.1416717,298.2958378,0.0041125,98500.0,0.0,1.329166686,-0.962500014,0.200625687,6.087363465706496,0.2203781840182212
2013-07-20,350.6291719,343.6041718,299.7208378,0.004358333,98112.91667,0.0,0.89166668,-1.100000016,0.20071508,5.973533976355702,0.2136402998672945
2013-07-21,346.7500052,358.1125053,300.5875045,0.004925,97894.16667,0.0,1.420833355,-0.483333341,0.200790486,6.176728117543524,0.2288224180345111
2013-07-22,335.4583383,355.6375053,300.1000045,0.005991667,98290.0,0.0,0.491666674,2.520833371,0.200865256,6.567732804295289,0.2876860363463946
2013-07-23,262.6875039,376.2500056,299.3375045,0.007029166,98698.75,0.0,0.416666673,2.691666707,0.200954653,5.689566916297774,0.3546198099925698
2013-07-24,322.7458381,381.1250057,299.7291711,0.006495833,98672.5,0.0,1.516666689,0.66250001,0.20103006,6.367225941534136,0.3200754998503906
2013-07-25,340.9208384,372.2541722,301.2666712,0.005825,98462.5,0.0,2.162500032,-1.033333349,0.201108863,6.756376624168184,0.2615340786589988
2013-07-26,340.3958384,360.7625054,300.6291711,0.005254167,98688.33333,0.0,2.03750003,0.333333338,0.201201917,6.388846403393354,0.2454916589366969
2013-07-27,340.7416717,362.0958387,300.8500045,0.005345833,98537.5,0.0,1.929166695,0.645833343,0.201280976,6.37270107574933,0.246165238575868
2013-07-28,344.4958385,341.9833384,299.5208378,0.004583333,98152.91667,0.0,2.00000003,0.141666669,0.201344762,6.152221715423235,0.2274513536087201
2013-07-29,337.9583384,322.5208381,297.3375044,0.003979167,98154.58333,0.0,1.558333357,1.366666687,0.201437143,5.822025234930101,0.225129971592556
2013-07-30,341.2500051,323.1625048,295.2625044,0.004620833,98758.33333,0.0,1.254166685,1.020833349,0.201516164,5.577284585613035,0.298551491526483
2013-07-31,340.5083384,327.1875049,295.7000044,0.0041125,98844.16667,0.0,1.600000024,0.362500005,0.201594542,5.704829088510669,0.2588889282892454
2013-08-01,335.9166717,315.9375047,295.4875044,0.004183333,98685.83333,0.0,2.312500034,-0.750000011,0.2016729,5.855368258589608,0.266376855806637
2013-08-02,333.6791716,317.0666714,296.0625044,0.003925,98503.33333,0.0,2.395833369,-2.895833376,0.201751292,6.639171529465767,0.2408289186768925
2013-08-03,330.3083383,317.7000047,295.7500044,0.003425,98472.5,0.0,1.812500027,-0.991666681,0.201829749,5.643808131098457,0.2141415839191537
2013-08-04,328.3833382,320.0250048,295.3291711,0.003441667,98450.83333,0.0,1.504166689,0.820833346,0.201922817,5.43307266494572,0.2207663218964787
2013-08-05,327.5000049,321.6625048,295.0166711,0.0039625,98584.58333,0.0,1.170833351,0.954166681,0.201987167,5.277064296857569,0.2594642764249846
2013-08-06,325.2791715,316.7291714,294.0875044,0.0040625,98590.0,0.0,1.470833355,1.13333335,0.20207951,5.33067220626582,0.2817649260180278
2013-08-07,325.5375049,317.8250047,293.9458377,0.0050375,98698.33333,0.0,1.900000028,1.991666696,0.202158597,5.695965262588835,0.3528638871513447
2013-08-08,310.908338,322.9041715,293.3625044,0.0064625,98675.41667,0.0,1.812500027,0.583333342,0.202237109,4.904728348077271,0.469323792656788
2013-08-09,320.5958381,323.3250048,293.629171,0.0063,98476.25,0.0,1.912500028,0.958333348,0.202315521,5.226466577517081,0.4490680458263621
2013-08-10,316.0166714,331.6833383,294.2166711,0.007141666,98667.08333,0.0,1.512500023,1.250000019,0.202393938,5.154841993009788,0.4917583538807387
2013-08-11,317.2583381,330.2625049,294.4458377,0.00585,98696.66667,0.0,2.062500031,-0.583333342,0.202472353,5.411865889062959,0.3972567785910071
2013-08-12,316.8541714,327.4875049,295.5041711,0.004929167,98610.83333,0.0,1.854166694,0.054166667,0.202565384,5.320751287498193,0.3133090416119492
2013-08-13,317.0583381,324.3000048,296.2708377,0.004308333,98711.25,0.0,1.512500023,-0.612500009,0.202629795,5.156866191662203,0.2615572804724985
2013-08-14,315.1791714,328.3375049,296.9083378,0.0041625,98523.33333,0.0,2.412500036,-1.345833353,0.20270755,5.916829330913786,0.2426197964375961
2013-08-15,314.633338,329.1416716,297.6041711,0.004508333,98500.41667,0.0,2.43333337,-0.89166668,0.2028006,5.76836881925631,0.2518723988804149
2013-08-16,296.2458377,342.9916718,297.7958378,0.0055625,98546.66667,0.0,2.033333364,-0.466666674,0.20283028,5.329958259851679,0.307335822319261
2013-08-17,300.3666711,353.6333386,297.9166711,0.005416667,98603.75,0.0,2.01250003,-1.058333349,0.202871828,5.761814318853944,0.2972777888524698
2013-08-18,306.0541712,350.3541719,298.9666711,0.005508333,98273.75,0.0,1.516666689,-1.845833361,0.202899361,5.816109988553245,0.2828919906598895
2013-08-19,168.6916692,368.6250055,300.6625045,0.004975,98180.83333,0.0,-0.558333342,-0.379166672,0.202926248,2.2364981284851546,0.2307981473304803
2013-08-20,291.879171,367.9208388,299.1750045,0.005675,98402.5,0.0,-1.516666689,-5.675000085,0.202967787,7.583650612609484,0.2882236911171916
2013-08-21,297.1625044,353.0500053,297.9958378,0.006020833,98305.0,0.0,1.262500019,-0.337500005,0.202995275,5.056713045172191,0.3278668359443219
2013-08-22,301.5000045,332.4791716,295.7166711,0.005441667,98383.75,0.0,1.458333355,1.666666692,0.203036765,5.165511548300633,0.3406184077449134
2013-08-23,299.1500045,328.0208382,295.3333377,0.00485,98275.0,0.0,1.404166688,-0.370833339,0.203064316,4.538230539913884,0.3104689059003379
2013-08-24,294.3750044,335.3291717,296.2166711,0.0059375,98250.0,0.0,2.287500034,-0.162500002,0.203091219,4.835213413611317,0.3599674917983338
2013-08-25,282.0833375,348.0458385,293.8375044,0.006191667,98409.16667,0.0,2.104166698,1.020833349,0.203132745,4.663199981644807,0.4353622414741011
2013-08-26,295.1250044,331.1666716,293.9583377,0.0072125,98629.58333,0.0,1.891666695,0.43333334,0.203160265,4.146010125558425,0.5044730693133183
2013-08-27,294.7500044,326.4958382,294.9958377,0.005533333,98344.16667,0.0,2.066666697,-0.583333342,0.203201819,4.247399120365348,0.3619031855135452
2013-08-28,293.0750044,325.9375049,295.1416711,0.005604167,98248.33333,0.0,2.48333337,0.095833335,0.20322933,4.234204283740288,0.3629035673524842
2013-08-29,289.7958377,335.1416717,296.0125044,0.006579167,98600.83333,0.0,2.070833364,0.883333346,0.203256207,4.026575374477803,0.4053193924735473
2013-08-30,287.616671,337.5541717,296.1750044,0.005970833,98823.75,0.0,1.804166694,-1.654166691,0.203283128,4.308064609582704,0.3650299813936073
2013-08-31,286.1083376,339.6083384,297.3791711,0.005429167,98489.16667,0.0,1.850000028,-0.175000003,0.203324554,4.210620393006769,0.3074375435052852
2013-09-01,276.2500041,348.2625052,297.1625044,0.0053625,98395.41667,0.0,2.154166699,-0.045833334,0.203366766,4.509071408467987,0.3073809517929995
2013-09-02,273.1166707,359.1708387,296.0833377,0.007179166,98452.5,0.0,1.658333358,1.016666682,0.203394257,4.522892148935097,0.4397093262412336
2013-09-03,279.7291708,331.1916716,294.4000044,0.006891666,98505.41667,0.0,1.883333361,0.504166674,0.203435774,4.180099325866924,0.4684139393350604
2013-09-04,279.4125042,322.9708381,294.1083377,0.0062125,98607.5,0.0,2.195833366,0.058333334,0.203448723,4.301140899597397,0.4304030998588495
2013-09-05,280.1875042,316.020838,294.0458377,0.0060375,98653.75,0.0,2.362500035,-0.454166673,0.203489647,4.398086109990688,0.4201022514329089
2013-09-06,277.6041708,313.108338,294.004171,0.0047375,98650.41667,0.0,1.529166689,-3.483333385,0.203531823,5.301753606471227,0.3304885022297595
2013-09-07,278.2666708,315.545838,296.1916711,0.003466667,98343.75,0.0,0.183333336,-2.504166704,0.203559315,4.773576625235868,0.2106924906657129
2013-09-08,272.7000041,325.3833382,297.3333378,0.0035875,98195.41667,0.0,1.087500016,-1.266666686,0.203600819,4.159588392398768,0.2031062294758888
2013-09-09,268.762504,337.2208384,299.0250045,0.004016667,98086.66667,0.0,1.745833359,-1.300000019,0.203613743,4.3899300600144455,0.205174979966895
2013-09-10,268.387504,334.0583383,299.0458378,0.003841667,97972.5,0.0,1.59166669,-1.645833358,0.203654621,4.272559790881553,0.1957635499505114
2013-09-11,258.6708372,335.050005,296.1291711,0.0052875,98389.58333,0.0,1.854166694,1.950000029,0.203696797,4.25211704890876,0.3227363572299477
2013-09-12,261.3625039,333.675005,295.4791711,0.005445833,98616.25,0.0,1.854166694,0.208333336,0.203724306,3.729175956308772,0.3467003648136517
2013-09-13,257.9583372,341.1166717,295.5625044,0.005204167,98331.25,0.0,2.2416667,-1.754166693,0.203765776,4.180108559053347,0.328671732620156
2013-09-14,258.3500038,336.9791717,296.4458378,0.004679167,98014.58333,0.0,1.558333357,-1.13333335,0.203793256,3.6171484383598336,0.2790706712098164
2013-09-15,260.9041706,315.3125047,294.6083377,0.004533333,97965.83333,0.0,2.2541667,0.091666668,0.203820117,3.57693725563994,0.3025094480843344
2013-09-16,255.6375038,315.7125047,293.1458377,0.0054875,98258.33333,0.0,2.416666703,-1.508333356,0.203461874,3.696563634854417,0.4022413363838734
2013-09-17,253.4333371,319.7583381,293.9750044,0.006054167,98086.66667,0.0,2.837500042,-2.075000031,0.203086909,4.054244721987808,0.420687447403688
2013-09-18,257.0208372,300.5125045,293.1958377,0.004379167,98443.33333,0.0,1.862500028,-5.237500078,0.202697344,4.953541092577057,0.3205995050487122
2013-09-19,253.4875038,292.016671,292.229171,0.002679167,98281.25,0.0,1.82083336,-3.82083339,0.202307189,4.663112646175514,0.2080652327750158
2013-09-20,247.7250037,302.5000045,293.2000044,0.0033875,97993.33333,2.70000004,2.516666704,-0.066666668,0.201946296,10.341518691188748,0.2468014699425287
2013-09-21,148.7916689,333.4333383,289.7250043,0.007316666,98155.0,22.70000034,2.212500033,3.700000055,0.201557435,76.42153396027213,0.6654833762495846
2013-09-22,235.4958368,305.7208379,287.1666709,0.0061,98530.0,4.00000006,1.875000028,-0.725000011,0.201181924,59.44727081125521,0.6575367328164846
2013-09-23,233.8416702,315.783338,289.8250043,0.004879167,98734.58333,0.0,2.01250003,-3.137500047,0.200792434,63.463571642929736,0.4435448609958276
2013-09-24,239.2833369,312.2250047,291.6458377,0.0056375,98474.58333,0.0,2.841666709,-1.404166688,0.200416922,34.2128838408462,0.4551283090138597
2013-09-25,240.5750036,288.3875043,289.916671,0.004429167,98472.91667,0.0,3.725000056,-3.754166723,0.200042064,20.626423399710383,0.3992149515787691
2013-09-26,238.8875036,284.3458376,288.616671,0.0037625,98559.58333,3.700000055,2.283333367,-5.191666744,0.1996526,47.27928552857657,0.3691022400078422
2013-09-27,230.3625034,277.1375041,288.3625043,0.0028375,98962.5,0.0,1.162500017,-4.837500072,0.1992771,21.37008722085896,0.2841444660413557
2013-09-28,230.7333368,285.3250043,289.279171,0.002595833,98927.91667,0.0,1.225000018,-1.379166687,0.19889359,13.30526607581224,0.2448884479662542
2013-09-29,159.766669,332.912505,292.241671,0.005779167,98796.66667,0.0,2.329166701,3.000000045,0.198503702,8.935309915198943,0.4508111682727399
2013-09-30,157.2208357,364.8000054,293.091671,0.009504166,98873.75,0.0,2.070833364,3.858333391,0.198134772,6.349827838762071,0.70341120004243
2013-10-01,217.1708366,326.6000049,290.6958377,0.007004166,98750.83333,0.0,2.245833367,-1.862500028,0.197752238,6.516126352645001,0.6023173567185426
2013-10-02,224.14167,297.0416711,290.5875043,0.004658333,98675.83333,0.0,2.158333365,-4.462500066,0.197368935,6.412240953845725,0.4030605440547551
2013-10-03,219.0000033,277.6291708,290.5000043,0.003133333,99035.41667,0.0,2.00000003,-6.791666768,0.196990592,6.6526441535424325,0.2736223784432535
2013-10-04,224.3875033,264.3625039,290.0875043,0.002125,99236.66667,0.0,-0.800000012,-8.120833454,0.196607729,6.713017704609438,0.1909163341216774
2013-10-05,222.6583367,260.7666706,290.0250043,0.00165,99394.16667,0.0,-0.941666681,-3.225000048,0.196233829,4.519599363370007,0.1490719953399292
2013-10-06,218.4541699,262.8583373,289.8333377,0.001675,99181.25,0.0,-0.591666675,0.187500003,0.195851196,2.784256810013297,0.1528743566704281
2013-10-07,213.7458365,269.1583373,290.1083377,0.001679167,98742.91667,0.0,1.675000025,-2.066666697,0.19546794,3.600474438452387,0.1499105746422926
2013-10-08,209.8125031,270.4083374,289.454171,0.0019625,98484.16667,0.0,1.975000029,-4.833333405,0.195084732,4.236224720380699,0.1822435763477919
2013-10-09,206.8125031,283.5875042,289.729171,0.003375,97920.0,0.0,2.616666706,-7.020833438,0.194701198,4.515725368690016,0.3061543841534637
2013-10-10,205.0791697,283.4375042,287.791671,0.003520833,98311.25,0.0,1.208333351,-2.958333377,0.194337994,2.926875207970276,0.3635113442074581
2013-10-11,203.375003,278.3875041,288.079171,0.0036125,98877.08333,0.0,0.979166681,-1.279166686,0.193949316,2.279714111132374,0.3681598562621323
2013-10-12,200.5708363,281.9208375,288.7208376,0.003925,98746.66667,0.0,1.470833355,-2.020833363,0.193559494,2.498333168481549,0.383179810160511
2013-10-13,199.2958363,283.7500042,288.6333376,0.003825,98722.91667,0.0,1.537500023,-4.258333397,0.193184292,3.076322706857294,0.3754495955942687
2013-10-14,198.6958363,279.7666708,289.1625043,0.003475,99199.58333,0.0,0.083333335,-3.970833393,0.192795106,2.960281746290524,0.3312115553147251
2013-10-15,200.6166697,270.6583374,290.141671,0.002833333,99085.41667,0.0,-0.404166673,-4.537500068,0.192426815,3.2837751655687275,0.2532868819604225
2013-10-16,188.9375028,270.0958374,289.5583376,0.002270833,99085.41667,0.0,-0.795833345,-1.862500028,0.191425102,2.123018021451666,0.2107461777597972
2013-10-17,194.7166696,276.5291708,290.191671,0.0026125,99158.75,0.0,0.087500001,-1.391666687,0.190395808,1.8722391305888504,0.2329713429592956
2013-10-18,191.6958362,276.6250041,289.8583377,0.002575,98915.0,0.0,0.387500006,-2.558333371,0.189362954,2.30475593930278,0.2340091222006002
2013-10-19,190.0291695,278.7708375,291.5083377,0.0029625,99016.25,0.0,-0.037500001,-1.162500017,0.18832975,1.525225875305653,0.2425876539729202
2013-10-20,187.8500028,278.2000041,291.391671,0.002975,98918.33333,0.0,0.362500005,-1.929166695,0.18731116,1.8096964587843696,0.2451764269420836
2013-10-21,185.7458361,273.7458374,291.629171,0.002795833,98712.08333,0.0,0.333333338,-2.258333367,0.186278579,1.8149465024987417,0.2264971488345717
2013-10-22,182.5833361,285.0250042,291.8750043,0.0032375,98766.66667,0.0,-0.062500001,-0.554166675,0.185245366,1.02953880075426,0.2583754177450839
2013-10-23,180.533336,282.4916709,291.954171,0.003591667,98659.58333,0.0,0.545833341,-1.029166682,0.184212149,1.180255429155179,0.2849018996662513
2013-10-24,178.0750027,276.1833374,290.1750043,0.003283333,98702.08333,0.0,0.750000011,-0.520833341,0.183193559,0.9859184859275284,0.2917559650757946
2013-10-25,170.4375025,277.2166708,288.4333376,0.003225,99127.5,0.0,0.137500002,-0.487500007,0.182160982,0.8158478730749732,0.322002543682622
2013-10-26,173.9416693,280.7083375,289.754171,0.003391667,99243.75,0.0,0.150000002,-1.683333358,0.181127766,1.2746992965867554,0.3113251766729926
2013-10-27,171.7208359,274.3875041,289.429171,0.003225,98687.5,0.0,1.212500018,-1.487500022,0.180109175,1.2746706246967252,0.3005848621735946
2013-10-28,118.5041684,286.9500043,286.0375043,0.0048,97723.33333,0.0,2.71250004,-1.491666689,0.179076443,0.894834196538423,0.5527896302725004
2013-10-29,128.8833353,307.9666713,284.2750042,0.005441667,98454.58333,0.0,-0.075000001,0.633333343,0.178049066,0.8018999218079507,0.7100562460509806
2013-10-30,161.6625024,306.0458379,285.6291709,0.005079167,99101.66667,0.0,0.370833339,-1.475000022,0.177007379,1.195628245383827,0.6094612091068242
2013-10-31,160.2416691,282.0375042,285.8958376,0.0045,99285.41667,0.0,0.658333343,-2.070833364,0.175992418,1.092686133265162,0.5314853418493327
2013-11-01,155.029169,286.0083376,287.1750043,0.004225,99195.83333,0.0,0.208333336,-0.787500012,0.174969729,0.8382389839365837,0.4582522025696423
2013-11-02,148.6333355,282.7666709,287.3250043,0.004033333,98902.5,0.0,1.208333351,-1.162500017,0.173932026,0.9745241992292992,0.4319041644217762
2013-11-03,147.1916689,266.675004,287.2666709,0.003191667,98907.08333,0.0,2.412500036,-7.354166776,0.172908313,2.117319647281449,0.3430996917927389
2013-11-04,154.3833356,266.6708373,287.1833376,0.002508333,98825.0,0.0,2.016666697,-7.758333449,0.171870614,2.395186844135137,0.2708938634126377
2013-11-05,147.3750022,272.2166707,286.9125043,0.002458333,99305.41667,0.0,1.054166682,-5.095833409,0.170846898,1.864811592678282,0.2715689169954564
2013-11-06,122.0666685,300.7416711,287.941671,0.003033333,99607.91667,0.0,-0.225000003,-0.541666675,0.169809198,0.6378311463315184,0.3142214784045201
2013-11-07,125.8458352,308.0250046,287.3833376,0.003066667,99374.58333,0.0,0.437500007,0.283333338,0.168785486,0.7611061794292364,0.3286998016623301
2013-11-08,144.5083355,282.0708375,288.0333376,0.003466667,99033.75,0.0,1.525000023,-2.375000035,0.167762406,1.2987207664145757,0.3549148233383587
2013-11-09,141.3666688,276.9708375,287.3125043,0.004091667,98717.08333,0.0,0.366666672,-1.741666693,0.166724706,0.8674955160197947,0.4376874977516353
2013-11-10,139.1083354,277.2666708,286.8750043,0.004229167,98965.83333,0.0,-0.862500013,1.75833336,0.165700994,0.8716989122798189,0.4667417737918433
2013-11-11,127.6750019,275.9833374,285.5333376,0.0036875,99155.83333,0.0,-0.850000013,1.991666696,0.164663291,0.8394353178112729,0.4455399912556704
2013-11-12,46.38333402,334.3333383,287.2791709,0.003929167,99480.41667,0.0,-0.137500002,0.654166676,0.163639579,0.2854414607266625,0.424480564578291
2013-11-13,133.587502,300.1583378,288.441671,0.004308333,99699.58333,0.0,0.466666674,-3.291666716,0.162616502,1.374031583341653,0.4324173779122204
2013-11-14,134.8833353,277.0500041,287.2458376,0.00405,99055.83333,0.0,1.75833336,-3.195833381,0.161578799,1.219731452301317,0.4366196105440239
2013-11-15,135.8416687,264.9375039,285.5666709,0.0036375,98289.58333,0.0,2.800000042,-5.704166752,0.160555087,1.4948283925719938,0.4346956913478624
2013-11-16,125.8750019,274.4166708,283.4041709,0.003195833,98124.58333,0.0,1.470833355,-2.191666699,0.160075414,0.9025191531675132,0.4407141936666957
2013-11-17,129.7833353,264.0500039,282.5750042,0.003725,98656.25,0.0,0.566666675,-1.000000015,0.159633991,0.532805290360736,0.5463432944238881
2013-11-18,110.495835,275.3125041,282.2125042,0.003845833,99045.41667,0.200000003,-0.245833337,1.945833362,0.159163957,0.6110580844294917,0.5804534040146291
2013-11-19,41.08333395,335.650005,282.0541709,0.0055375,99017.91667,16.70000025,-0.387500006,3.80833339,0.158707272,24.62649584874751,0.8446285560760148
2013-11-20,85.47500127,338.562505,283.9291709,0.007320833,98588.75,5.700000085,0.21666667,2.529166704,0.158251225,25.923274985428066,0.9790529604976816
2013-11-21,126.3916686,310.7750046,284.7333376,0.006129167,98695.83333,4.300000064,0.20416667,-4.837500072,0.157809802,53.334638715373984,0.7774843927166509
2013-11-22,130.4458353,239.7166702,284.6875042,0.002583333,99206.25,0.0,-2.162500032,-8.020833453,0.157354391,84.98225802351278,0.3304014589638686
2013-11-23,127.9875019,240.0791702,285.7500043,0.0022625,99061.25,0.0,-1.370833354,-5.737500085,0.156898345,31.644758485691604,0.2692050996971536
2013-11-24,125.7750019,240.9625036,282.3500042,0.002679167,99292.5,0.0,-0.112500002,-1.020833349,0.156442299,4.457873122636768,0.4015927655773206
2013-11-25,123.4208352,237.2708369,280.4250042,0.00255,99756.66667,0.0,-0.520833341,0.541666675,0.156000872,2.9315441825177464,0.4383201588618391
2013-11-26,116.9833351,254.5166705,281.4541709,0.003108333,99658.33333,0.0,-1.262500019,0.358333339,0.155530838,3.615545669332289,0.4971973300416638
2013-11-27,103.8208349,275.0625041,280.9083375,0.002970833,98892.5,0.0,-1.32500002,1.266666686,0.155074156,3.793176842346924,0.4896024100159555
2013-11-28,110.4041683,283.4375042,282.7000042,0.0034,98574.58333,0.0,-0.970833348,-0.666666677,0.154632733,3.375300299424876,0.4940452172881348
2013-11-29,116.8166684,281.3083375,284.4916709,0.0035625,99195.83333,0.0,0.391666673,-2.212500033,0.154177322,3.22535848515894,0.4615979944035687
2013-11-30,116.4000017,267.125004,283.9875042,0.003816667,99640.41667,0.0,-0.275000004,-1.429166688,0.153721276,1.868309310182619,0.5138467734388875
2013-12-01,112.820835,273.3416707,283.9958376,0.003966667,99773.75,0.0,0.070833334,-2.595833372,0.153265226,1.871646504917396,0.5344565844861302
2013-12-02,110.2250016,260.1333372,282.7291709,0.003441667,99369.58333,0.0,1.437500021,-1.975000029,0.152823803,1.4098170862980806,0.5031346694938843
2013-12-03,109.1750016,279.1000042,281.2333375,0.003929167,98500.0,0.0,2.808333375,-2.958333377,0.152368392,1.323417407389495,0.630690095355722
2013-12-04,118.4000018,218.5666699,278.0041708,0.001895833,98808.75,0.0,1.520833356,-5.38750008,0.151897723,1.1339315468483315,0.3823340501702538
2013-12-05,118.2000018,206.5666697,275.2750041,0.001520833,99177.08333,0.0,0.245833337,-3.058333379,0.151455664,0.5420061352949741,0.3741432101879738
2013-12-06,78.74583451,223.5208367,273.4541707,0.001616667,99302.5,0.200000003,0.933333347,0.566666675,0.15100025,0.2062717717804111,0.4546968712062769
2013-12-07,102.6833349,261.9750039,274.8833374,0.0031625,98765.41667,12.20000018,2.875000043,0.079166668,0.158672051,17.267733626424786,0.7970674549920528
2013-12-08,116.3166684,224.6500033,274.0000041,0.002225,99653.75,0.0,0.262500004,-3.32500005,0.158467139,15.361333660784853,0.6034013018087917
2013-12-09,116.0041684,198.5416696,273.1958374,0.001316667,100047.9167,0.0,0.208333336,-5.150000077,0.157554601,19.540429053490808,0.3802495707934166
2013-12-10,112.7041683,216.8000032,274.6375041,0.001658333,100061.6667,0.0,-0.275000004,-1.475000022,0.156141701,5.794271639946524,0.431071452780269
2013-12-11,111.070835,237.4416702,275.8916708,0.00215,99585.83333,0.0,-0.258333337,-1.587500024,0.154271674,5.9818641553458685,0.5080119466452299
2013-12-12,111.7000017,231.1833368,277.1041708,0.002508333,99572.08333,0.0,-0.737500011,-0.791666678,0.152325985,3.1510791643879,0.5433605958387706
2013-12-13,110.7500017,238.2708369,279.0333375,0.002704167,99641.25,0.0,0.725000011,-2.808333375,0.150638427,4.698559550845142,0.5115370354259265
2013-12-14,109.1541683,240.0166702,278.9958375,0.002504167,99841.25,0.0,0.391666673,-4.558333401,0.14912253,4.424260631522788,0.4759032884997508
2013-12-15,110.4416683,241.2583369,279.2958375,0.0028875,99997.08333,0.0,-0.612500009,-1.154166684,0.147959494,1.991832130963039,0.538191230810149
2013-12-16,109.045835,240.3500036,278.6500042,0.0022875,99690.83333,0.0,-0.654166676,-2.304166701,0.147173768,2.2878043220298707,0.4447346922889676
2013-12-17,109.0041683,249.5833371,280.1625042,0.002404167,99383.33333,0.0,-1.225000018,-0.575000009,0.146588687,1.836397016839799,0.4192670368700517
2013-12-18,60.97083424,273.5958374,279.9000042,0.002595833,98795.0,0.0,0.512500008,-2.054166697,0.146149199,1.2266685513895017,0.4582943775241268
2013-12-19,110.3666683,252.2916704,280.4541708,0.002983333,98171.25,0.0,2.220833366,-7.270833442,0.145759303,1.728380415889156,0.5036377911340344
2013-12-20,107.0000016,245.970837,281.1833375,0.002041667,98684.58333,0.0,0.870833346,-6.433333429,0.145399288,1.8942559872564424,0.3294637379057972
2013-12-21,106.5416683,267.9041707,281.5208375,0.0025375,98830.41667,0.0,1.412500021,-4.029166727,0.145076146,1.5234979374922464,0.4006791222479733
2013-12-22,106.2291682,262.8041706,281.4708375,0.0033,99235.83333,0.0,0.600000009,-4.616666735,0.144766358,1.085408724223926,0.5250166679796741
2013-12-23,106.4208349,265.4458373,282.4333375,0.003954167,99829.58333,0.0,-0.025,-2.145833365,0.144457206,0.7462410360382605,0.5925400506649322
2013-12-24,105.6708349,269.9583374,281.5875042,0.0036625,99917.5,0.0,-0.21666667,-2.895833376,0.144147418,0.7773404197987658,0.5820130436230465
2013-12-25,111.1666683,241.2708369,281.5291709,0.002704167,99708.33333,0.0,-0.425000006,-3.283333382,0.14383763,0.7611098684730799,0.4305430934666159
2013-12-26,111.5166683,235.8625035,280.2916708,0.002475,99710.83333,0.0,-1.425000021,-1.158333351,0.143527843,0.4925357074524278,0.4291796035713124
2013-12-27,102.5583349,242.7041703,279.5083375,0.0022875,99548.75,0.0,-1.175000018,0.358333339,0.143232678,0.3814561081993211,0.4181953480124514
2013-12-28,112.470835,244.6041703,280.5958375,0.002316667,99294.58333,0.0,0.620833343,-3.979166726,0.142923526,0.7415576193329421,0.391709689055685
2013-12-29,111.8416683,239.5333369,282.4708375,0.0018625,99295.83333,0.0,-0.029166667,-5.304166746,0.142613738,1.012187785590002,0.2768990747992295
2013-12-30,108.2916683,245.7666703,280.8041709,0.0020625,99511.25,0.0,-0.900000013,-0.345833338,0.142303951,0.3550879612141774,0.344500466470985
2013-12-31,90.40416801,290.7125043,280.5958375,0.0023625,99507.08333,0.0,-0.175000003,-0.129166669,0.142008786,0.5717819655266698,0.4003141651552856
2014-01-01,100.9625015,262.9916706,283.0041709,0.002854167,99476.25,0.0,-0.262500004,-2.033333364,0.141699634,0.5028889454330709,0.4099714991241158
2014-01-02,102.5833349,271.6791707,283.9750042,0.003408333,99326.66667,0.0,-0.116666668,-2.050000031,0.141389846,0.5430393541219608,0.4578117037760102
2014-01-03,103.0500015,273.1458374,284.5083376,0.0034,99023.33333,0.0,0.508333341,-1.841666694,0.141080055,0.5575320777638045,0.439285834676658
2014-01-04,108.0958349,256.3083372,283.7208376,0.003170833,98972.91667,0.0,-0.404166673,-3.383333384,0.14078489,0.706052008394006,0.431719965891418
2014-01-05,110.0125016,228.7000034,283.0625042,0.001383333,99335.83333,0.0,-1.004166682,-4.845833406,0.140475738,1.0619733770597806,0.1976378917243997
2014-01-06,96.62083477,256.0375038,282.3375042,0.001825,99569.16667,0.0,-1.10833335,-0.541666675,0.140165951,0.39281290277947,0.2745538048040086
2014-01-07,102.1583349,293.8708377,282.4125042,0.002425,99315.0,0.0,0.770833345,0.104166668,0.139856163,0.6782192632081729,0.3620315568174356
2014-01-08,99.95833482,264.6416706,281.1041709,0.003654167,99313.33333,0.0,1.845833361,-1.308333353,0.139546375,0.4629943291686434,0.5966728433804224
2014-01-09,96.98750145,281.9291709,282.2833375,0.004683333,99290.41667,0.0,1.766666693,-1.720833359,0.139236588,0.5020493299663807,0.7051900811295275
2014-01-10,103.3375015,295.6583377,283.0666709,0.004366667,99567.91667,0.0,1.420833355,-1.804166694,0.1389268,0.7059557064368944,0.6251502261134806
2014-01-11,71.20000106,292.3000044,281.6000042,0.0046625,99361.66667,0.0,2.02500003,0.466666674,0.138617012,0.3062605381785388,0.7361713092883713
2014-01-12,111.2750017,264.2791706,281.6791709,0.0049375,99796.66667,0.0,1.56666669,-2.87916671,0.138321848,0.3741430141592436,0.7787660058120464
2014-01-13,113.8791684,259.0958372,283.8000042,0.003570833,100177.5,0.0,0.633333343,-6.000000089,0.138012696,0.9294896995893422,0.4894802426653712
2014-01-14,116.7500017,243.658337,285.1291709,0.0025,100365.8333,0.0,-0.608333342,-4.487500067,0.137702908,0.9394014955234724,0.3140810473030914
2014-01-15,116.9500017,251.7000038,286.6541709,0.00185,100068.75,0.0,-0.804166679,-4.704166737,0.13739312,1.1553896533882635,0.2094668102988168
2014-01-16,119.5375018,243.5791703,285.9166709,0.001933333,99719.16667,0.0,-0.883333346,-3.275000049,0.137856081,0.7854127945533911,0.2290231418281332
2014-01-17,119.1666684,250.5541704,285.4250043,0.002291667,99485.83333,0.0,-1.491666689,-0.925000014,0.138338021,0.4276163417766836,0.2798182172350477
2014-01-18,120.5041685,248.445837,284.8291709,0.0024375,99362.5,0.0,-0.895833347,-1.57916669,0.138819321,0.4459213988369992,0.3092978337461596
2014-01-19,121.0666685,246.6125037,284.4791709,0.002495833,99256.25,0.0,-1.304166686,-0.737500011,0.139300625,0.3855500442238346,0.3238565535872612
2014-01-20,123.0666685,248.1250037,284.8708376,0.002483333,99435.0,0.0,-1.36250002,-0.375000006,0.139796551,0.4067401848101561,0.3144671126182001
2014-01-21,119.4041684,248.9791704,285.3000043,0.002316667,99666.25,0.0,-0.425000006,-1.383333354,0.140278487,0.4203950230441553,0.2857500047734679
2014-01-22,125.6458352,247.2750037,284.7250042,0.001895833,99350.83333,0.0,0.983333348,-4.408333399,0.140759791,1.1912650995097187,0.2422172042674154
2014-01-23,125.8000019,252.9625038,286.0416709,0.001841667,98734.58333,0.0,-0.612500009,-5.575000083,0.141255714,1.5924579803644017,0.214230381781866
2014-01-24,116.9416684,276.9500041,286.4958376,0.002641667,99230.41667,0.0,-3.78333339,-1.129166683,0.141737654,1.310502730141593,0.2997076497107478
2014-01-25,103.5833349,281.1958375,286.3250043,0.002904167,99691.66667,0.0,-1.558333357,0.091666668,0.142233581,0.644494252016505,0.3347722054513159
2014-01-26,127.5833352,259.9000039,284.4250042,0.002608333,99290.41667,0.0,0.566666675,-1.966666696,0.142715517,0.776020080236759,0.3398021381956696
2014-01-27,100.7583348,268.7708373,284.5750042,0.002879167,99215.41667,0.0,0.979166681,-1.833333361,0.143211443,0.5811036182660091,0.371054701495588
2014-01-28,37.33333389,352.5958386,286.4125043,0.004079167,99448.75,0.0,0.975000015,-1.54166669,0.143693379,0.542356055616089,0.4663717536360013
2014-01-29,68.39583435,355.691672,285.2875043,0.0071375,99293.33333,0.400000006,1.804166694,0.45833334,0.144174683,0.6619993230298311,0.8778130968190406
2014-01-30,98.80416814,327.1125049,283.8875042,0.007033333,98640.0,0.0,1.925000029,-0.895833347,0.144670606,0.5681485610551419,0.9437360832510684
2014-01-31,136.1458354,273.8916707,282.5000042,0.004283333,98618.33333,0.400000006,2.016666697,-4.033333393,0.145152545,0.8981024916891858,0.6312060929684927
2014-02-01,148.9666689,233.9583368,279.6666708,0.0023375,99133.75,0.0,1.54166669,-3.929166725,0.145633849,0.7929380397497557,0.4208822587520641
2014-02-02,104.4708349,281.6541709,278.3375041,0.0027625,98806.25,7.900000118,-1.729166692,2.091666698,0.146129772,17.442322299729227,0.544152740401917
2014-02-03,142.2833355,272.7541707,277.6000041,0.00315,98815.41667,0.200000003,0.90416668,-1.333333353,0.146611712,11.700196957125206,0.653739097248908
2014-02-04,131.637502,262.1458372,277.9291708,0.002683333,98993.75,0.0,2.262500034,-3.10833338,0.147093012,9.05112686189541,0.5450442328605997
2014-02-05,110.558335,272.4500041,277.6791708,0.002316667,99279.58333,0.100000001,1.208333351,-0.983333348,0.147588939,5.996812472462725,0.4803484028695637
2014-02-06,59.50833422,322.0458381,278.2250041,0.003879167,98866.66667,33.00000049,-0.912500014,2.150000032,0.148070878,27.676058126526137,0.7706662548734985
2014-02-07,56.95833418,316.283338,279.4041708,0.005295833,98707.08333,8.70000013,0.450000007,4.766666738,0.148552178,16.142781336701745,0.9669917971610522
2014-02-08,41.90833396,353.4166719,282.2708375,0.0069125,98821.25,59.30000088,0.029166667,7.179166774,0.149033482,12.05876326768911,1.0368109792487537
2014-02-09,52.05833411,363.3666721,284.9875042,0.008283333,99020.0,66.10000098,1.083333349,4.895833406,0.149529405,17.09795683151333,1.03644606907307
2014-02-10,146.4833355,322.1625048,285.2166709,0.007883333,99294.16667,6.900000103,0.033333334,0.595833342,0.150011345,33.79252206119292,0.9741316851266084
2014-02-11,153.0250023,280.0916708,283.9000042,0.005741667,99543.33333,0.0,1.450000022,-1.550000023,0.150492648,24.33701949383401,0.7768211778535106
2014-02-12,150.3000022,297.7583378,284.0250042,0.005025,99457.08333,0.0,0.0125,1.604166691,0.150988572,23.917255626434734,0.6735817184460947
2014-02-13,87.39166797,334.387505,285.2416709,0.006770833,99397.08333,0.0,-0.504166674,2.195833366,0.151470511,12.779823288521134,0.8361357104597829
2014-02-14,149.4958356,325.7583382,285.8500043,0.007904166,99163.33333,0.0,-0.65000001,2.90416671,0.151951811,13.39775225278472,0.9352316407232052
2014-02-15,105.1458349,317.5375047,286.1208376,0.00715,98834.58333,0.0,-0.89166668,4.695833403,0.152433115,7.249496447346945,0.8282123016270078
2014-02-16,163.5416691,293.791671,283.8000042,0.005883333,98970.41667,0.400000006,0.616666676,1.254166685,0.152966527,9.66765651526547,0.7967540261111817
2014-02-17,165.7375025,250.7791704,282.1416709,0.003645833,99177.91667,0.0,2.195833366,-1.516666689,0.153472963,6.286684422241873,0.5536741632939463
2014-02-18,136.437502,285.4458376,282.2041709,0.003433333,99278.75,0.0,2.2666667,-1.737500026,0.15399275,5.424563467744183,0.519710838916005
2014-02-19,174.1166693,278.3416708,284.0541709,0.004695833,99146.25,0.0,2.041666697,-2.275000034,0.154498547,4.547122673990327,0.6262615579712276
2014-02-20,131.375002,286.7875043,283.4333376,0.003633333,99459.58333,0.0,1.195833351,-3.995833393,0.155032957,3.422863414006689,0.5068634622946082
2014-02-21,174.0833359,281.2416709,283.6666709,0.00385,99263.75,0.0,0.945833347,-4.108333395,0.155554012,3.2530351487105165,0.5276548693727716
2014-02-22,181.445836,270.4958374,285.0083376,0.004270833,98889.16667,0.0,0.712500011,-3.508333386,0.156055256,2.66217264325941,0.5329375464726056
2014-02-23,185.8458361,264.9791706,285.6000043,0.004320833,98695.41667,0.0,0.804166679,-1.916666695,0.156589941,2.229420463692016,0.5173423196823723
2014-02-24,186.9208361,267.6583373,285.4916709,0.004379167,98721.66667,0.0,0.19166667,-1.454166688,0.15711139,1.928926394012996,0.5282538717278273
2014-02-25,183.9208361,275.2875041,286.2083376,0.004908333,98621.25,0.0,-0.437500007,1.241666685,0.157617593,1.63874957803079,0.5640525695736569
2014-02-26,70.38333438,324.8916715,284.7791709,0.006845833,98587.91667,14.40000021,-1.683333358,3.966666726,0.158137878,26.976505899206227,0.864790217175993
2014-02-27,83.95833458,349.2750052,285.1083376,0.007904166,98192.5,51.00000076,-1.604166691,6.395833429,0.158644178,31.47956101567037,0.9728665256389846
2014-02-28,106.7791683,342.9875051,285.5000043,0.007854166,97432.08333,32.30000048,-4.300000064,3.800000057,0.159179106,41.76045553302929,0.9345451153213612
2014-03-01,110.9375017,335.7416717,284.1833376,0.007033333,97403.33333,23.90000036,-4.391666732,3.12083338,0.159686009,43.72943969042176,0.9135503224171512
2014-03-02,93.6375014,351.2416719,285.0833376,0.006920833,98344.16667,0.200000003,-0.354166672,3.958333392,0.160206272,26.786993455238235,0.8545740013029917
2014-03-03,69.89166771,344.2625051,284.0916709,0.007575,99097.91667,11.00000016,-0.366666672,4.4833334,0.160727196,20.379855537569654,1.0072081898545118
2014-03-04,127.4250019,348.4291719,284.2958376,0.007670833,99200.0,17.70000026,-0.854166679,3.254166715,0.161233346,42.23232537309958,1.0070984124199134
2014-03-05,130.925002,335.862505,285.5916709,0.007766666,99125.0,6.600000098,-0.604166676,3.354166717,0.161753717,43.097268677919416,0.9344835731044836
2014-03-06,199.825003,324.8916715,286.7541709,0.007591666,98960.41667,1.800000027,1.791666693,3.304166716,0.162274656,57.426161224946405,0.8444726311347984
2014-03-07,213.4250032,273.6541707,284.0625042,0.004879167,99475.41667,0.0,1.125000017,-3.57916672,0.162795522,41.36078422845131,0.6525066867890531
2014-03-08,220.2833366,268.5458373,284.5416709,0.0048375,99289.58333,0.0,0.591666675,-2.370833369,0.163316422,26.276530319387348,0.6252963116482404
2014-03-09,133.350002,328.7250049,285.9541709,0.0054625,99373.75,0.900000013,0.800000012,-0.45833334,0.163822644,17.526606920630904,0.6432485139433468
2014-03-10,229.0500034,315.4166714,285.3250043,0.006104167,99281.25,1.800000027,1.854166694,-2.962500044,0.164342911,31.63591610118248,0.74876513050524
2014-03-11,241.9666703,257.5958372,285.6875043,0.004045833,99508.75,0.0,0.483333341,-6.937500103,0.164878456,23.132100863387244,0.4855797686479375
2014-03-12,247.158337,250.1291704,286.2916709,0.003558333,99427.91667,0.0,-2.258333367,-5.658333418,0.165385373,16.62063278095917,0.4099959734615004
2014-03-13,250.1083371,246.8625037,284.7208376,0.003483333,99066.66667,0.0,-0.450000007,-2.812500042,0.165900553,10.646235245441405,0.4438916092868525
2014-03-14,227.6416701,266.400004,285.4625043,0.003545833,99032.91667,0.0,1.025000015,-2.612500039,0.166410024,9.066790608509567,0.4299108476878188
2014-03-15,247.5541704,275.7416708,287.579171,0.0048,99622.08333,0.0,1.029166682,-4.291666731,0.166933853,9.103094300359412,0.5092042811521122
2014-03-16,240.2500036,274.6250041,288.3208376,0.0044125,99657.08333,0.0,0.933333347,-2.245833367,0.166813092,7.847382353285902,0.446170592406632
2014-03-17,254.0791705,270.5166707,286.6291709,0.004666667,99242.08333,0.0,2.175000032,-3.500000052,0.166635028,7.463713689224891,0.5248830762288622
2014-03-18,256.7833372,253.1125038,285.8875043,0.0035125,98869.58333,0.0,0.558333342,-6.7250001,0.166484943,8.647677333939834,0.4133444204331183
2014-03-19,249.5791704,256.1166705,284.6416709,0.0035375,98937.91667,0.0,-0.741666678,-2.379166702,0.166321502,5.947261564205228,0.4525987552197352
2014-03-20,257.9041705,269.5583374,286.8958376,0.003845833,99006.66667,0.0,0.170833336,-2.820833375,0.166157425,6.904400149246122,0.4240302610324565
2014-03-21,260.7041706,270.4791707,286.9833376,0.003979167,98681.66667,0.0,0.329166672,-2.554166705,0.165993352,6.716590311502126,0.4347850021282868
2014-03-22,266.1291706,265.5083373,286.8250043,0.003929167,98913.33333,0.0,0.90416668,-2.970833378,0.165843898,6.8778008620230775,0.4348297311393231
2014-03-23,267.162504,268.787504,287.2291709,0.003995833,99161.25,0.0,0.762500011,-2.312500034,0.165680461,6.710248965512245,0.4317096862174614
2014-03-24,270.8041707,264.4625039,287.0666709,0.004004167,99184.58333,0.0,0.495833341,-2.016666697,0.165516385,6.476086362633307,0.4373475287710323
2014-03-25,176.9500026,282.9500042,285.0083376,0.0048125,98748.75,3.400000051,1.379166687,1.112500017,0.165352308,9.02662662449575,0.5996769563858909
2014-03-26,140.5541688,313.5916713,283.6208376,0.006425,98202.08333,9.300000139,1.950000029,3.500000052,0.165188235,32.15011936859853,0.8738462829072078
2014-03-27,152.0541689,312.1791713,284.0708376,0.0065625,98635.41667,0.70000001,1.275000019,2.925000044,0.165024158,26.28057534769428,0.8697259508709244
2014-03-28,118.0875018,348.1375052,285.1250042,0.007458333,99234.58333,0.100000001,-0.508333341,3.895833391,0.164874708,19.170577979045188,0.92670445987419
2014-03-29,176.408336,352.7416719,285.8958376,0.007975,98968.33333,20.50000031,1.150000017,4.908333406,0.164711267,68.95030304551516,0.9389019978627112
2014-03-30,257.1083372,282.5208375,282.4208375,0.005041667,98950.41667,0.200000003,2.908333377,0.24166667,0.164547194,46.11183517107156,0.7494886376257212
2014-03-31,171.6041692,292.4500044,280.9416709,0.004816667,98737.91667,26.30000039,0.437500007,4.22916673,0.164383118,57.70792472890573,0.7907407906598217
2014-04-01,200.3291697,288.579171,279.3791708,0.004754167,98480.0,8.70000013,-0.037500001,4.779166738,0.164233664,59.55413762642661,0.8676028374049592
2014-04-02,274.0125041,299.1375045,280.8875042,0.0049,98657.08333,18.60000028,-0.454166673,-0.395833339,0.164055604,76.92555394733388,0.8067712887706545
2014-04-03,248.6291704,277.6208375,282.8583375,0.004204167,99030.83333,0.0,0.754166678,0.454166673,0.163890891,39.33356630171573,0.6071586778984115
2014-04-04,126.0458352,322.4458381,282.7041709,0.005658333,98840.41667,7.600000113,1.058333349,1.691666692,0.163741441,37.054166458993805,0.8241815775905226
2014-04-05,250.0625037,300.2208378,283.7500042,0.005479167,99006.66667,0.100000001,1.929166695,-2.316666701,0.163563378,59.2069992951918,0.744796426731206
2014-04-06,292.754171,293.2333377,287.3041709,0.005591667,99452.08333,0.0,1.391666687,-4.108333395,0.163413288,58.62918782516908,0.6029256401156236
2014-04-07,301.3000045,289.979171,289.391671,0.005679167,99296.66667,0.0,0.087500001,-2.858333376,0.163249851,36.28284286713392,0.53387974214459
2014-04-08,291.4000043,299.7583378,291.541671,0.005483333,99166.25,0.0,-0.19166667,-1.062500016,0.163103962,25.77833589377408,0.4487406995307754
2014-04-09,279.9250042,306.6833379,291.579171,0.005958333,98903.33333,0.0,0.908333347,-1.175000018,0.162921012,19.4040277480626,0.4851671739381445
2014-04-10,310.4916713,287.991671,289.8125043,0.005454167,98768.33333,0.0,-0.120833335,0.008333333,0.162765693,18.90805952720143,0.4963833775429323
2014-04-11,297.9666711,293.6583377,291.9583377,0.005491667,98522.5,0.0,0.66250001,-0.333333338,0.162609039,14.43005537300126,0.4348959813966812
2014-04-12,309.3916713,296.7750044,289.6125043,0.005695833,98352.08333,0.0,1.13333335,0.283333338,0.162444734,13.661352097078575,0.5228686595345456
2014-04-13,320.3916714,286.8833376,289.6833376,0.005583333,98587.91667,0.0,0.625000009,-2.179166699,0.16229085,13.543597697548336,0.5114362447423545
2014-04-14,315.6666714,267.3541707,289.066671,0.003691667,98941.66667,0.0,0.991666681,-3.662500055,0.162124749,15.042651642889965,0.3531257342256793
2014-04-15,320.4375048,285.9291709,291.0875043,0.004325,98812.08333,0.0,1.129166683,-2.2541667,0.161958098,14.827974673627825,0.3629917566549323
2014-04-16,318.8541714,293.0458377,290.3250043,0.004391667,98533.33333,0.0,1.812500027,-5.225000078,0.16208198,17.90721028426488,0.3858542464244692
2014-04-17,316.5000047,308.7625046,291.3500043,0.005608333,98222.5,0.0,2.150000032,-3.737500056,0.162218493,15.630832185942529,0.4601583002668316
2014-04-18,307.6291713,331.0916716,292.4708377,0.0072625,98405.41667,0.0,2.145833365,-4.03750006,0.16234038,14.890129758717764,0.5561980984247867
2014-04-19,317.7541714,297.6750044,290.3958377,0.005225,98598.75,0.0,2.100000031,-1.500000022,0.162476257,11.922113686149194,0.4573008453916871
2014-04-20,314.6000047,294.7875044,289.766671,0.00515,99155.83333,0.0,1.54166669,-2.629166706,0.162583524,11.311810346800076,0.4719268707727055
2014-04-21,265.8458373,311.8000046,290.8000043,0.003954167,98862.08333,0.0,2.725000041,-1.179166684,0.162718766,10.542840334051348,0.3381660501273672
2014-04-22,332.7833383,292.704171,288.829171,0.00505,98690.0,0.0,3.995833393,-1.250000019,0.162841156,11.292701033673604,0.4892823801724753
2014-04-23,301.3583378,285.9083376,286.4208376,0.004025,99154.58333,0.0,2.875000043,-2.166666699,0.162977272,8.97482221622671,0.4585655067575678
2014-04-24,283.1250042,313.670838,287.1250043,0.0048,98921.66667,0.0,2.533333371,0.304166671,0.163112296,8.377781176181966,0.520883991091862
2014-04-25,221.3833366,329.8208382,287.9750043,0.007108333,98320.41667,6.800000101,3.400000051,0.65000001,0.163231737,30.789998689178965,0.7252541449061182
2014-04-26,260.1958372,288.991671,283.0916709,0.00545,98317.08333,1.600000024,3.016666712,-1.36250002,0.163362529,24.50045227093994,0.7691386859926579
2014-04-27,178.3791693,331.6916716,283.3625042,0.005483333,98900.41667,0.0,1.179166684,1.945833362,0.163481495,15.24396311248836,0.7642950892410854
2014-04-28,330.9125049,291.9375044,286.4916709,0.005783333,99362.91667,0.0,0.525000008,-1.995833363,0.163616865,20.66012866968501,0.6571987970718087
2014-04-29,338.9375051,292.0333377,290.079171,0.004608333,99431.66667,0.0,1.429166688,-5.59166675,0.163752945,19.44915193596748,0.4150614559716528
2014-04-30,345.7875052,292.5583377,293.3083377,0.004170833,99274.58333,0.0,-1.150000017,-3.270833382,0.16387449,17.992915838235454,0.3057686249135253
2014-05-01,328.4625049,301.2916712,294.6583377,0.0042125,99090.83333,0.0,-1.341666687,0.21666667,0.164010028,14.575460586083114,0.2834508193747959
2014-05-02,338.6333384,293.6250044,293.6708377,0.004033333,98991.66667,0.0,1.066666683,0.337500005,0.164131593,12.633197058979915,0.2882541627839931
2014-05-03,346.3000052,295.8208377,292.691671,0.005375,98680.41667,0.0,2.425000036,-0.24166667,0.164267153,11.60442020152515,0.4071077589797063
2014-05-04,329.7208382,296.2250044,290.0958377,0.0058375,98647.5,0.0,2.620833372,-0.391666673,0.164403385,9.771597786770563,0.5210664677591886
2014-05-05,341.4125051,300.0250045,288.8958376,0.005754167,98691.25,0.0,3.708333389,-1.395833354,0.164525012,10.075150878796723,0.5551154766979186
2014-05-06,344.5791718,287.5833376,286.7250043,0.004304167,98531.25,0.400000006,4.270833397,-5.80833342,0.164660623,11.480479296587909,0.477621023369526
2014-05-07,351.5375052,282.0750042,288.7708376,0.004091667,98490.41667,0.0,2.416666703,-3.741666722,0.164782241,11.16380296512955,0.3971264790620584
2014-05-08,169.4083359,343.0791718,289.7125043,0.005070833,98604.16667,1.300000019,1.308333353,0.562500008,0.1649178,8.245542121374497,0.4636976626916813
2014-05-09,264.1666706,347.7125052,289.4250043,0.0076875,98925.0,0.0,2.291666701,0.66250001,0.165039404,9.86981898427177,0.7184275131688309
2014-05-10,353.1291719,294.9166711,289.4583376,0.0048125,99077.08333,0.0,3.408333384,-4.612500069,0.165160349,12.87435854279143,0.4494729969432455
2014-05-11,362.7958387,270.7916707,288.5375043,0.003583333,99289.16667,0.0,1.512500023,-5.862500087,0.165295907,12.872017585572268,0.3559503168101368
2014-05-12,356.7625053,282.2250042,291.6208377,0.003391667,99199.16667,0.0,0.450000007,-4.00000006,0.165417502,12.88490271138136,0.2762685649916671
2014-05-13,358.679172,301.0125045,294.3833377,0.003829167,99248.33333,0.0,-0.795833345,-3.116666713,0.165553078,13.199847597205084,0.2624951615980834
2014-05-14,361.6333387,303.5208379,295.8416711,0.0036,99294.58333,0.0,-0.22916667,-1.658333358,0.165674644,11.984502562919928,0.2256911887626197
2014-05-15,347.6333385,304.7458379,296.5875044,0.0031375,99132.5,0.0,0.541666675,0.500000007,0.165810219,10.496003827516803,0.1876317908424898
2014-05-16,348.7000052,305.1000045,295.5083377,0.0033,98922.5,0.0,1.629166691,-0.312500005,0.16630491,11.172622605367978,0.2103646117706625
2014-05-17,343.2000051,306.6958379,294.8750044,0.0048375,98567.08333,0.0,2.404166702,-0.570833342,0.166815146,11.46346645051646,0.3194819455368388
2014-05-18,359.616672,310.7375046,293.1708377,0.005820833,98435.0,0.0,3.620833387,-2.379166702,0.167325375,12.277062353125595,0.4267745565839388
2014-05-19,271.4666707,314.3916714,291.1750043,0.0058,98483.33333,0.0,3.075000046,-1.137500017,0.167850155,7.965620643405153,0.4824773856237321
2014-05-20,303.4583379,321.5041715,289.5375043,0.006308333,98590.41667,0.0,2.220833366,-0.716666677,0.168360977,7.579715364422181,0.5833056264492843
2014-05-21,352.0958386,320.3500048,291.3875043,0.00655,98610.41667,0.0,1.479166689,-1.945833362,0.168885844,8.528437104522045,0.5382620762122006
2014-05-22,349.1833385,328.9791716,294.1916711,0.006233333,98545.41667,0.0,1.304166686,-2.750000041,0.169396692,8.893253999289488,0.4293486519236855
2014-05-23,317.6541714,331.2083383,295.9625044,0.0056625,98673.75,0.0,1.675000025,-2.383333369,0.169906947,7.762621209332334,0.350174154497521
2014-05-24,347.2375052,344.8291718,297.2708378,0.006516667,98594.58333,0.0,2.225000033,-4.554166735,0.170431874,9.247937274368557,0.3718453922566879
2014-05-25,359.066672,337.387505,298.3750044,0.005991667,98505.0,0.0,1.975000029,-3.283333382,0.170942806,7.9912920597938015,0.3195706039493307
2014-05-26,369.4750055,321.3541715,298.2083378,0.005108333,98552.91667,0.0,2.804166708,-3.291666716,0.171453136,8.408361200001252,0.2753338504611622
2014-05-27,372.9166722,308.3250046,296.0500044,0.004875,98660.0,0.0,2.400000036,-1.57916669,0.171963446,7.3916355090634465,0.2998235144111985
2014-05-28,382.8625057,277.0833375,293.241671,0.003070833,98795.83333,0.0,3.204166714,-5.700000085,0.172473679,9.384674717777148,0.2249757593718752
2014-05-29,380.7375057,283.2708376,293.654171,0.0031375,98683.33333,0.0,1.291666686,-4.500000067,0.172983934,8.604592993430332,0.223764540284282
2014-05-30,378.7250056,280.2916708,293.191671,0.002841667,98450.0,0.0,1.12083335,-0.358333339,0.173508815,6.224372896710618,0.2081071778405731
2014-05-31,381.8416724,279.6625042,291.616671,0.003658333,98580.83333,0.0,1.116666683,0.0125,0.174019694,6.235652614293224,0.2962105294680546
2014-06-01,363.2500054,294.7791711,294.5666711,0.003295833,98510.83333,0.0,0.320833338,-1.025000015,0.174529949,6.343400944684902,0.2217251242956262
2014-06-02,365.2083388,290.9875043,294.2000044,0.003120833,98201.25,0.0,0.658333343,0.345833338,0.175040222,6.135574492267732,0.214099869241073
2014-06-03,364.3250054,300.5708378,293.791671,0.004729167,98438.75,0.0,1.004166682,0.68750001,0.17555047,6.47258297071474,0.3335774770320615
2014-06-04,361.041672,316.4000047,296.0541711,0.004570833,98399.58333,0.0,1.14583335,-1.779166693,0.176074884,7.359741600052999,0.2803031195906993
2014-06-05,361.4458387,320.8333381,298.1500044,0.0042125,98198.75,0.0,1.216666685,-2.479166704,0.176598804,7.801914997520912,0.2270286314327272
2014-06-06,364.1333388,319.9958381,297.5500044,0.004066667,98087.08333,0.0,1.383333354,-1.175000018,0.177108054,6.989815538017156,0.2269856970496923
2014-06-07,364.6375054,321.3125048,299.2458378,0.0039875,98148.75,0.0,1.36250002,-2.795833375,0.177616672,7.667751229125326,0.2011441089668605
2014-06-08,364.5250054,328.9375049,300.1916711,0.004191667,98287.5,0.0,0.833333346,-4.620833402,0.178139909,8.394073374609807,0.2001649046205213
2014-06-09,364.1041721,340.4125051,301.8583378,0.004920833,98074.58333,0.0,0.762500011,-3.220833381,0.178649158,7.196266470520447,0.212565908502557
2014-06-10,363.3625054,346.0250052,303.5750045,0.004829167,97934.58333,0.0,1.32500002,-3.220833381,0.179157776,5.273265686165672,0.1885304962222101
2014-06-11,361.8166721,331.9750049,299.1750045,0.004641667,98047.08333,0.0,1.733333359,-0.220833337,0.17966639,6.382219135656485,0.2348909783805145
2014-06-12,365.6208388,303.5875045,294.3458377,0.004820833,98227.5,0.0,2.033333364,0.975000015,0.180189627,6.165193218130499,0.3278368949212103
2014-06-13,368.3250055,297.7375044,293.6958377,0.0044125,98447.91667,0.0,2.220833366,-2.2291667,0.18069888,6.599939016851966,0.3131323654913878
2014-06-14,341.5750051,307.4250046,295.0208377,0.0033625,98546.66667,0.0,1.754166693,-4.108333395,0.181207494,7.349889135451353,0.2200351155070659
2014-06-15,360.1375054,309.5291713,293.954171,0.003241667,98083.75,0.0,2.137500032,-2.508333371,0.181730731,7.010719581629994,0.2255396380145372
2014-06-16,357.3208387,306.3041712,293.6083377,0.004833333,98134.58333,0.0,2.562500038,-0.875000013,0.182353794,6.253210069463481,0.3437737035061147
2014-06-17,368.2625055,298.1166711,294.3208377,0.004229167,98493.33333,0.0,1.533333356,-3.775000056,0.182966547,7.158697770578513,0.2888265202236298
2014-06-18,369.3916722,298.2625044,294.8958377,0.003133333,98695.0,0.0,0.912500014,-4.137500062,0.183593291,7.511709479174297,0.2069364134190437
2014-06-19,364.7125054,302.4208378,295.4041711,0.002816667,98539.58333,0.0,1.687500025,-0.958333348,0.184206045,6.10965846636296,0.1800067051074048
2014-06-20,351.5458386,318.0875047,297.0375044,0.0033875,98459.16667,0.0,2.120833365,-1.429166688,0.184818162,6.5360299676338585,0.1957774891077707
2014-06-21,365.8916721,307.8708379,296.1375044,0.003129167,98348.75,0.0,2.48333337,-1.358333354,0.185444902,6.800579693265046,0.1908204145516097
2014-06-22,367.1708388,296.4666711,295.7208377,0.0026,98337.08333,0.0,2.237500033,-1.750000026,0.186057655,6.641784035688084,0.1626269536973447
2014-06-23,356.7750053,316.5625047,296.0833377,0.0034,98416.66667,0.0,2.337500035,-2.312500034,0.186669773,7.056773408984824,0.2081672963522083
2014-06-24,357.8625053,329.8416716,297.3291711,0.004141667,98460.0,0.0,2.933333377,-2.2041667,0.187296517,7.475653895855992,0.2351714962668511
2014-06-25,348.2041719,339.1083384,297.1208378,0.005804167,98402.5,0.0,3.320833383,-1.170833351,0.18790927,7.189524651697288,0.3335630689955574
2014-06-26,343.1250051,350.5916719,294.7125044,0.007029166,98487.91667,0.0,2.658333373,1.054166682,0.18853601,6.629391702936639,0.468530032451071
2014-06-27,350.6583386,345.4083385,296.6333378,0.007516666,98532.5,0.0,2.658333373,0.179166669,0.189148764,6.631961199803941,0.4455531995834419
2014-06-28,360.9208387,336.687505,297.4875044,0.007045833,98417.08333,0.0,2.366666702,-0.962500014,0.189760881,6.677690471180378,0.3960881622565301
2014-06-29,360.1375054,330.4791716,298.6666711,0.0039125,98464.16667,0.0,1.866666694,-2.391666702,0.190402244,7.050226406403869,0.2049718382981697
2014-06-30,357.841672,342.3083384,302.3000045,0.003416667,98250.0,0.0,1.025000015,-3.425000051,0.191015637,5.459998849194089,0.1440898362369487
2014-07-01,364.5083388,348.8583385,302.6875045,0.0042375,98013.33333,0.0,2.112500031,-0.812500012,0.191627754,5.642199613566224,0.1742998224824097
2014-07-02,362.7000054,340.6708384,299.1041711,0.005054167,98140.83333,0.0,1.32500002,0.212500003,0.192254495,6.168366677455055,0.257095118702038
2014-07-03,363.8583388,335.362505,298.2333378,0.004695833,98313.33333,0.0,1.462500022,-0.062500001,0.192867248,6.205688860803805,0.2521059697883144
2014-07-04,373.3416722,304.5708379,298.0958378,0.003116667,98444.58333,0.0,1.450000022,0.304166671,0.193493988,5.741414710818765,0.1689400344289788
2014-07-05,377.0791723,292.1500044,297.5500044,0.002279167,98799.16667,0.0,1.254166685,0.408333339,0.194106741,5.4573390673726445,0.1281378667031983
2014-07-06,374.2875056,296.2000044,298.0166711,0.0018125,98767.5,0.0,1.533333356,-0.395833339,0.194718859,5.639720603560972,0.0990404103962586
2014-07-07,273.8500041,336.9208384,299.8791711,0.0021,98439.58333,0.0,1.204166685,-0.279166671,0.195345602,4.102891798760536,0.1023152638155996
2014-07-08,198.900003,378.320839,299.9708378,0.003283333,98426.25,0.0,0.020833334,0.683333344,0.195958356,3.222743606814217,0.1590795526421221
2014-07-09,347.5541718,359.7708387,300.1000045,0.005645833,98378.75,0.0,0.550000008,0.729166678,0.196585096,5.899590081862731,0.2713258093132759
2014-07-10,359.0833387,332.0083383,297.9375044,0.005141667,98370.83333,0.0,0.737500011,2.2416667,0.197197849,6.552745875228256,0.2811654239913905
2014-07-11,356.1458386,342.3500051,297.2416711,0.0057,98458.75,0.0,0.595833342,3.366666717,0.197809967,7.252307725803337,0.3253721108749511
2014-07-12,355.3500053,336.7083384,297.2833378,0.005416667,98840.0,0.0,1.262500019,0.770833345,0.198436707,6.011996741352526,0.3096135004481921
2014-07-13,349.0833385,337.9833384,298.9208378,0.003941667,98718.33333,0.0,1.679166692,-1.037500015,0.199049464,6.223758885865304,0.2039064634401398
2014-07-14,350.2333386,339.6500051,299.9416711,0.0036,98344.58333,0.0,0.841666679,-1.520833356,0.199676204,5.984583843294769,0.1745794342940757
2014-07-15,232.7208368,386.3083391,300.1500045,0.004404167,98440.41667,0.0,0.037500001,2.050000031,0.20030358,4.9780667406459,0.2111602265742887
2014-07-16,183.6916694,398.5541726,299.0875045,0.0067875,98645.83333,0.0,0.579166675,1.745833359,0.200401376,4.177571801654602,0.3473884914263188
2014-07-17,300.6958378,374.1458389,297.3333378,0.006120833,98556.66667,0.0,1.937500029,1.045833349,0.200476146,6.187903387924047,0.3478056669248789
2014-07-18,344.2833385,353.7708386,296.5708378,0.0055375,98487.5,0.0,1.866666694,0.837500012,0.200550916,6.514068871355169,0.3293383067864134
2014-07-19,346.7166718,353.4708386,297.5541711,0.0056125,98450.83333,0.0,1.262500019,1.083333349,0.200625687,6.318051787670249,0.3143507056465773
2014-07-20,317.0958381,352.3416719,297.5416711,0.005025,98493.75,0.0,0.370833339,2.295833368,0.20071508,6.176613309436296,0.2817808974582888
2014-07-21,231.2583368,367.6250055,296.0166711,0.006370833,98747.5,0.0,1.008333348,2.325000035,0.200790486,4.8652963233064845,0.3929683233087581
2014-07-22,322.9916715,352.7333386,296.1833377,0.0074125,98839.58333,0.0,0.870833346,3.004166711,0.200865256,6.34266292036236,0.453009000355639
2014-07-23,348.2375052,329.6291716,295.1333377,0.006625,98957.5,0.0,2.175000032,1.704166692,0.200954653,6.190232854281542,0.4323270703723925
2014-07-24,355.479172,316.295838,296.3416711,0.004025,98777.91667,0.0,1.683333358,-3.975000059,0.20103006,7.313770883058703,0.2434666255285066
2014-07-25,352.0583386,318.0166714,298.8583378,0.002729167,98327.08333,0.0,1.354166687,-2.779166708,0.201108844,6.473211998991424,0.141149823051955
2014-07-26,341.1708384,322.7750048,299.2875045,0.002704167,98393.33333,0.0,1.508333356,-1.054166682,0.201201887,5.546724902038252,0.1364085503910567
2014-07-27,217.4291699,361.2500054,300.3125045,0.0033375,98570.83333,0.0,0.837500012,0.66250001,0.201280969,3.392010487871104,0.1586958655459153
2014-07-28,284.5708376,345.2125051,300.0125045,0.003920833,98824.16667,0.0,0.025,2.029166697,0.201344724,5.022226314878398,0.1902639486019767
2014-07-29,294.2250044,365.9208388,299.6250045,0.003925,98859.16667,0.0,0.041666667,1.737500026,0.201437127,5.538211841124041,0.1949701895536224
2014-07-30,330.4625049,364.0916721,299.3958378,0.003954167,98707.08333,0.0,0.416666673,0.320833338,0.201516214,5.414004486728077,0.1988111830111681
2014-07-31,334.900005,352.7666719,300.8041711,0.004145833,98558.33333,0.0,1.679166692,-0.741666678,0.201594594,5.857369478671986,0.1914645266960479
2014-08-01,329.4208382,340.3958384,301.0833378,0.003195833,98430.83333,0.0,2.004166697,-0.512500008,0.201673008,5.338265077822905,0.1449966099530633
2014-08-02,331.8708383,330.2083383,299.7291711,0.002908333,98395.83333,0.0,1.854166694,0.541666675,0.201751453,5.50202833592478,0.1429033101585624
2014-08-03,328.5500049,329.5458382,298.4750044,0.003983333,98448.33333,0.0,0.725000011,2.720833374,0.201829813,6.178330537118256,0.2110612453417371
2014-08-04,203.3583364,348.2291719,297.1375044,0.003945833,98514.16667,0.0,0.312500005,2.179166699,0.20192287,3.9829733793361553,0.2267934019697985
2014-08-05,154.966669,394.2791725,296.5208378,0.008516666,98890.83333,3.100000046,-0.187500003,-2.537500038,0.2019873,11.174593755744596,0.5101474128574195
2014-08-06,283.4458376,392.8166725,297.5416711,0.009383333,98906.25,0.200000003,0.495833341,-3.404166717,0.202079684,14.026047310866392,0.528381585988566
2014-08-07,319.0416714,356.8875053,298.6291711,0.0059625,98561.66667,0.0,1.633333358,-3.179166714,0.202158688,12.753480059913912,0.3133820826618298
2014-08-08,316.2000047,346.4958385,298.3958378,0.005075,98330.83333,0.0,1.670833358,-0.770833345,0.202237113,10.467183042301937,0.2698629592110159
2014-08-09,313.733338,339.4500051,298.4208378,0.004629167,98361.66667,0.0,1.32500002,-1.33750002,0.20231552,8.840586890715285,0.2458636444627126
2014-08-10,320.8250048,327.3208382,296.1541711,0.0044875,98545.0,0.0,0.525000008,1.070833349,0.20239393,7.681351216936965,0.2739202002234565
2014-08-11,317.0166714,330.1666716,296.2041711,0.004470833,98539.58333,0.0,0.45833334,1.78333336,0.202472341,7.150918584504028,0.2720556731606551
2014-08-12,300.5458378,337.4083384,296.7208378,0.006266667,98523.33333,0.0,1.420833355,2.966666711,0.202565368,6.900887094916401,0.3694521905385799
2014-08-13,314.595838,336.225005,296.4125044,0.006879166,98537.08333,0.0,1.954166696,1.666666692,0.20264439,6.555605485844993,0.4133072294071004
2014-08-14,312.545838,340.1000051,295.6708377,0.006875,98531.66667,0.0,1.458333355,0.350000005,0.202708196,5.950894043570989,0.4321969912269342
2014-08-15,305.5666712,328.4750049,296.5166711,0.0051625,98547.08333,0.0,0.937500014,0.42083334,0.20280061,5.226429983510172,0.3082365392055402
2014-08-16,316.4291714,319.4791714,296.3458377,0.004358333,98674.16667,0.0,1.245833352,0.466666674,0.202830241,5.118157648945439,0.2632856421770974
2014-08-17,312.408338,311.3250046,296.2500044,0.003454167,98666.66667,0.0,1.537500023,-0.162500002,0.202871693,4.798234647818715,0.2098732072823498
2014-08-18,310.7125046,322.7916715,296.7458378,0.003716667,98342.5,0.0,1.562500023,0.041666667,0.202899254,4.796227964650395,0.2183821122261785
2014-08-19,306.6000046,328.4458382,295.9208377,0.004966667,98077.91667,0.0,1.400000021,0.833333346,0.202926229,4.60624012862287,0.3060679601118796
2014-08-20,302.4375045,334.0083383,295.0166711,0.005491667,98252.91667,0.0,1.458333355,1.641666691,0.20296771,4.641564289828029,0.3583842683610678
2014-08-21,298.8250045,340.5166717,294.8791711,0.0061125,98466.25,0.0,1.083333349,1.387500021,0.202995269,4.3044378851271,0.4031698569015746
2014-08-22,301.6291712,334.912505,295.5708377,0.005733333,98403.33333,0.0,1.725000026,0.716666677,0.203036819,4.425931507105107,0.362171635060323
2014-08-23,303.2250045,323.6291715,295.3958377,0.005579167,98425.41667,0.0,0.837500012,0.704166677,0.203064344,3.991416189382108,0.3563210512624665
2014-08-24,302.7500045,319.6375048,296.4291711,0.003883333,98262.08333,0.0,1.850000028,-0.270833337,0.203091222,4.500628027209931,0.2324271216768691
2014-08-25,293.054171,329.6708382,295.3583377,0.005795833,98137.5,0.0,1.745833359,2.008333363,0.203132733,4.847021829803452,0.3699275633975633
2014-08-26,296.5958378,325.9166715,294.9125044,0.0052,98526.66667,0.0,1.862500028,-0.270833337,0.203160241,4.623509067793652,0.3424883728814665
2014-08-27,293.9625044,328.2041716,295.7875044,0.004291667,98738.75,0.0,1.754166693,-0.316666671,0.203201759,4.761647263983183,0.2684362491404988
2014-08-28,292.491671,336.837505,297.2250044,0.004466667,98716.66667,0.0,1.962500029,-0.095833335,0.203229335,5.093242253744683,0.2558961564919768
2014-08-29,256.1291705,341.8583384,297.6125044,0.004716667,98444.58333,0.0,2.079166698,-0.408333339,0.203256221,4.707998736695339,0.2632297192500603
2014-08-30,283.9250042,333.0916716,296.8041711,0.0039,98320.83333,0.0,2.525000038,-0.65000001,0.203283128,5.30091499867576,0.2282926698981459
2014-08-31,290.7208377,317.8375047,296.5000044,0.003783333,98371.66667,0.0,2.066666697,-1.962500029,0.203324605,5.1311224505024216,0.225717840567896
2014-09-01,285.3583376,333.0583383,298.6458378,0.003791667,98252.5,0.0,1.516666689,-2.975000044,0.20336678,5.33674438785481,0.1984621419663061
2014-09-02,284.7833376,332.7041716,299.6041711,0.003820833,97973.75,0.0,1.462500022,-1.000000015,0.203394315,4.20006491751254,0.188329210079211
2014-09-03,285.4083376,320.5583381,296.6875044,0.0047625,97922.91667,0.0,0.91666668,-0.979166681,0.203435847,3.7524057142487104,0.2796292174606412
2014-09-04,288.279171,307.2583379,297.3166711,0.002683333,97894.58333,0.0,0.925000014,-2.2666667,0.20344876,4.1839153915840654,0.1516043263580634
2014-09-05,286.1000043,302.0583378,296.8708378,0.0023375,98193.33333,0.0,1.320833353,-1.550000023,0.203489629,3.739107263772941,0.136099293166338
2014-09-06,283.3416709,302.8083378,295.6416711,0.002804167,98490.83333,0.0,0.970833348,0.383333339,0.20353177,3.0263417038495017,0.1765264354881433
2014-09-07,277.4541708,305.3541712,294.3291711,0.002891667,98330.83333,0.0,1.200000018,0.308333338,0.203559294,3.249905122342016,0.1970557583931995
2014-09-08,277.5166708,301.2291712,294.0250044,0.0034125,98209.58333,0.0,1.287500019,0.645833343,0.203600813,3.363894141335672,0.2366860812095871
2014-09-09,274.5208374,299.7583378,292.654171,0.003208333,98564.16667,0.0,1.491666689,-0.283333338,0.203625145,3.4625860714860184,0.2432880115635928
2014-09-10,272.3583374,307.9791713,295.0500044,0.002920833,98533.75,0.0,0.937500014,-1.77083336,0.203655268,3.96779881031466,0.1907650875773664
2014-09-11,267.9208373,315.995838,297.0750044,0.002779167,98382.5,0.0,0.733333344,-0.375000006,0.203696779,3.2268520215335865,0.1601296318932561
2014-09-12,259.2583372,318.6750047,297.4458378,0.003045833,98351.66667,0.0,1.162500017,-0.062500001,0.203724262,3.4420889353966886,0.1715423098177911
2014-09-13,264.6458373,324.8791715,298.1083378,0.003558333,98226.25,0.0,1.900000028,-0.600000009,0.203765798,4.290802958735648,0.1923081877692602
2014-09-14,258.2833372,333.725005,298.3458378,0.003645833,98186.66667,0.0,1.304166686,-0.908333347,0.203793333,4.163221813841108,0.1941650342190494
2014-09-15,252.4416704,336.675005,297.3500044,0.0040875,98313.33333,0.0,1.379166687,1.37500002,0.20382022,4.41972408337189,0.2314579584631029
2014-09-16,251.3666704,317.1708381,294.8958377,0.004229167,98366.25,0.0,1.787500027,0.091666668,0.203462065,3.942284497214231,0.278378803324079
2014-09-17,251.1708371,326.2375049,295.2708377,0.0045,98107.5,0.0,0.266666671,2.979166711,0.203087223,4.824029943331776,0.2886804099049946
2014-09-18,216.5625032,355.8750053,295.8250044,0.008675,98152.91667,3.300000049,-0.691666677,4.67500007,0.202697696,12.69931137946962,0.5381490173654538
2014-09-19,245.245837,341.4625051,295.1875044,0.00815,98418.33333,0.0,1.304166686,-0.720833344,0.202307548,10.168807054440402,0.5271851352710243
2014-09-20,242.9750036,342.6625051,295.5708377,0.006545833,98519.58333,0.0,0.820833346,1.962500029,0.201946627,8.737877839882636,0.413985323039697
2014-09-21,188.6750028,352.8583386,295.3375044,0.006520833,98617.5,0.0,0.837500012,1.641666691,0.201557762,6.162038141651843,0.4187734404986609
2014-09-22,238.0166702,338.1708384,294.2625044,0.006533333,98749.58333,0.0,1.483333355,1.241666685,0.201182251,6.342569241721421,0.4489683400797836
2014-09-23,236.5833369,330.8458383,294.4041711,0.0061625,98624.58333,0.0,1.762500026,1.13333335,0.20079272,5.588485882599642,0.4192523685111999
2014-09-24,236.0708369,334.500005,295.1291711,0.007425,98502.08333,0.0,1.508333356,2.654166706,0.200417195,5.255937882722741,0.4824264786279981
2014-09-25,178.720836,352.1000052,293.429171,0.008379166,98543.33333,18.80000028,2.2166667,3.033333379,0.200042258,96.38779896861216,0.605179133807388
2014-09-26,207.9125031,326.8916715,290.229171,0.007033333,98830.41667,0.800000012,2.45833337,-0.979166681,0.199652774,45.6522747636522,0.6236266910925183
2014-09-27,225.3458367,319.9250048,290.366671,0.005858333,98519.58333,0.0,2.583333372,-3.166666714,0.199276248,38.56188787990348,0.513275440969764
2014-09-28,95.94583476,357.7375053,290.929171,0.006729166,98498.33333,0.0,0.737500011,-0.979166681,0.198893599,10.562130679744664,0.568674562660689
2014-09-29,221.94167,321.6458381,290.1000043,0.0073375,98712.91667,0.0,1.354166687,-0.858333346,0.198503722,14.235475749096588,0.6552187818952425
2014-09-30,225.65417,318.5375047,292.229171,0.006254167,98591.25,0.0,1.883333361,-2.558333371,0.198134763,11.552106392673169,0.4872332371709848
2014-10-01,228.1041701,293.404171,293.9000044,0.003879167,98573.33333,0.0,0.350000005,-6.05000009,0.197752053,10.803837503523098,0.2721557858586245
2014-10-02,226.2333367,277.8541708,292.516671,0.002191667,98850.83333,0.0,-0.387500006,-3.954166726,0.197368958,7.750724885434964,0.1681233546029794
2014-10-03,221.65417,295.1208377,293.4875044,0.002333333,99121.66667,0.0,-0.762500011,-1.683333358,0.196985697,5.954449103835152,0.1688965343114652
2014-10-04,220.3208366,295.5833377,294.7041711,0.0025125,98980.83333,0.0,0.166666669,-1.562500023,0.196602359,4.859868210036646,0.1683958776511161
2014-10-05,218.7708366,302.3583378,296.0916711,0.002608333,98737.5,0.0,-0.175000003,-1.937500029,0.196233749,4.489199513756903,0.1601359619411543
2014-10-06,215.7625032,302.6833378,296.7625044,0.002845833,98624.58333,0.0,0.629166676,-1.716666692,0.195851266,3.782437603947736,0.1675238277439906
2014-10-07,209.6958365,309.6833379,296.9750044,0.002966667,98512.08333,0.0,1.404166688,-1.187500018,0.195468007,3.388159819261902,0.1721999599279114
2014-10-08,210.2250031,308.8375046,296.0416711,0.003095833,98428.33333,0.0,2.400000036,-2.245833367,0.195084879,3.588407721381514,0.1900504522730061
2014-10-09,206.3958364,304.0791712,294.8250044,0.003354167,98419.58333,0.0,2.262500034,-1.812500027,0.194701715,3.163157869034541,0.2218705942788909
2014-10-10,203.212503,308.7708379,293.5625044,0.004970833,98693.75,0.0,1.825000027,-1.725000026,0.194338014,2.7366406486742108,0.3565851489131541
2014-10-11,195.1333362,310.870838,293.479171,0.004325,98825.83333,0.0,2.166666699,-2.737500041,0.193949316,3.074813147715006,0.3122897692764898
2014-10-12,201.7916697,296.4666711,294.5375044,0.003454167,98836.25,0.0,0.370833339,-5.216666744,0.193559494,3.812534987868911,0.2335655821719395
2014-10-13,191.0458362,299.9791711,294.004171,0.0017875,98572.08333,0.0,-0.104166668,-1.983333363,0.193184292,2.586436611858314,0.1245971745159156
2014-10-14,169.7500025,300.0375045,291.154171,0.0031,98329.16667,0.0,0.67500001,2.804166708,0.192795106,2.548542001112867,0.2578130986264692
2014-10-15,168.3041692,328.4750049,289.5500043,0.006820833,98501.25,2.900000043,1.766666693,4.450000066,0.192426815,6.700331159171991,0.6296174401962916
2014-10-16,162.4875024,316.9791714,289.6000043,0.005916667,98914.16667,0.900000013,0.841666679,-0.091666668,0.191425102,7.466038061891645,0.5466841879661835
2014-10-17,144.7458355,331.4291716,289.5083376,0.005391667,98662.5,0.0,0.279166671,3.454166718,0.190395808,6.2142188388547925,0.4998470235387735
2014-10-18,183.9000027,315.9250047,290.679171,0.006095833,98679.16667,0.0,0.591666675,0.820833346,0.189362954,5.7187190506773415,0.5243825171519955
2014-10-19,181.895836,320.2500048,291.5708377,0.00685,98416.66667,0.0,1.050000016,0.704166677,0.18832975,4.646145208252987,0.5553209643702217
2014-10-20,150.8833356,323.1208381,291.2083377,0.007820833,98335.0,0.0,1.558333357,2.737500041,0.18731116,2.951563937957276,0.648228379830863
2014-10-21,174.0000026,293.3875044,287.9458376,0.006266667,98936.66667,0.0,2.2666667,-0.058333334,0.186278579,2.403288456515112,0.6446112842894627
2014-10-22,157.3750023,303.5541712,287.6333376,0.004408333,98922.91667,0.0,1.641666691,-0.512500008,0.185245366,2.4622794470429987,0.4627319866050192
2014-10-23,91.90000137,334.2666716,289.166671,0.0056125,98900.0,0.0,1.275000019,1.404166688,0.184212149,1.5802910705214632,0.5331834943320519
2014-10-24,173.4458359,305.0208379,287.991671,0.006125,98718.33333,0.0,-0.587500009,1.141666684,0.183193559,2.040409428433793,0.6267742649787179
2014-10-25,125.1875019,329.1041716,290.0500043,0.007104166,98503.75,8.200000122,0.225000003,7.587500113,0.182160982,45.1772765120939,0.6350695497299246
2014-10-26,169.3166692,294.0250044,288.0958376,0.006779166,99205.83333,0.0,2.091666698,-1.925000029,0.181127766,13.842343023053274,0.6924290907368549
2014-10-27,146.3416688,291.8583377,286.6458376,0.004429167,99055.83333,0.0,2.020833363,-4.479166733,0.180109175,12.385657559113907,0.4966899819272485
2014-10-28,163.3666691,292.279171,287.3458376,0.003770833,99049.58333,0.0,1.908333362,-2.787500042,0.179076487,9.845416506234962,0.4038439398175032
2014-10-29,146.5916689,319.1750048,290.2375043,0.004129167,99127.5,0.0,0.941666681,-3.10833338,0.178049129,8.372345642567147,0.367026917505876
2014-10-30,145.4208355,318.3166714,291.5375043,0.00525,98655.41667,0.0,0.925000014,-1.37500002,0.177007429,5.457693759802661,0.4275449581456316
2014-10-31,93.25000139,349.6500052,289.9583377,0.007216666,98322.5,7.800000116,1.170833351,2.150000032,0.17599242,27.242949215654985,0.6477342719966201
2014-11-01,124.2875019,323.0125048,286.8291709,0.0071625,98159.16667,0.0,2.287500034,0.108333335,0.174969729,16.15253188872018,0.7863944451893847
2014-11-02,155.8958357,281.3583375,285.9083376,0.0049875,99110.83333,0.200000003,1.54166669,-3.462500052,0.173932026,17.1303874699838,0.587540472177417
2014-11-03,114.7041684,291.241671,285.0583376,0.003470833,99476.66667,0.0,0.941666681,-3.237500048,0.172908313,11.530752895099196,0.434231776161796
2014-11-04,138.4458354,299.4541711,286.5333376,0.003579167,99671.66667,0.0,1.258333352,-2.666666706,0.171870614,10.012317268791469,0.4068695867005319
2014-11-05,143.4666688,296.6041711,286.5500043,0.003941667,99570.0,0.0,0.945833347,-3.841666724,0.170846898,7.282109685588528,0.4471291875678523
2014-11-06,144.6541688,300.7166711,288.566671,0.004975,99337.91667,0.0,0.654166676,-0.320833338,0.169809198,4.775418037342514,0.4934999286264666
2014-11-07,144.0583355,294.8333377,289.2500043,0.005354167,99415.0,0.0,0.900000013,-2.608333372,0.168785486,4.02513683664206,0.5085495419136752
2014-11-08,141.7875021,291.3875043,288.1125043,0.0051375,99246.25,0.0,0.275000004,-2.454166703,0.167762406,3.087510035714339,0.5243928077208059
2014-11-09,141.5500021,287.7208376,288.666671,0.004720833,98762.5,0.0,0.429166673,-2.116666698,0.166724706,2.7072071703089087,0.4625673098189704
2014-11-10,143.8708355,285.4166709,288.7875043,0.005095833,98294.58333,0.0,-0.245833337,-3.029166712,0.165700994,2.4650758971662534,0.4930725712374933
2014-11-11,123.3041685,279.4041708,286.3083376,0.003929167,98386.66667,0.0,-0.141666669,0.425000006,0.164663291,1.200891035564452,0.4474901805989252
2014-11-12,115.6541684,294.5541711,286.3000043,0.0048375,98684.16667,0.500000007,0.329166672,0.750000011,0.163639579,1.719125003180796,0.5529096452253417
2014-11-13,92.40416804,339.4083384,286.1000043,0.006683333,98844.16667,21.70000032,0.166666669,1.825000027,0.162616502,34.881917340957585,0.7752988021409415
2014-11-14,107.7791683,312.783338,285.5458376,0.007179166,99046.25,0.400000006,1.716666692,-1.058333349,0.161578799,16.915411609808608,0.8657406568938729
2014-11-15,120.5666685,298.3666711,285.4916709,0.005879167,99265.83333,0.0,1.370833354,-1.833333361,0.160555087,18.25262029526993,0.7131063310300965
2014-11-16,120.7666685,271.8416707,284.7708376,0.003770833,99579.16667,0.0,0.558333342,-3.962500059,0.160075414,22.15881135229171,0.4814026314189345
2014-11-17,134.7541687,257.2583372,282.8791709,0.001829167,99670.83333,0.0,-0.287500004,-1.804166694,0.159633991,12.60820185367534,0.2654966829272098
2014-11-18,117.7250018,258.5625039,281.0916709,0.001583333,99323.33333,0.0,-1.720833359,0.116666668,0.159163957,8.124422876969392,0.2587841880576665
2014-11-19,40.65416727,316.0125047,281.9458375,0.0022125,98969.16667,24.70000037,-2.220833366,3.462500052,0.158707272,65.1264226986993,0.3398112597482954
2014-11-20,70.46666772,334.1791716,282.1666709,0.005895833,99027.5,20.70000031,-0.112500002,1.300000019,0.158251225,23.41573247151752,0.8924876124871242
2014-11-21,75.86250113,306.3416712,281.7916709,0.0060125,99049.16667,1.800000027,-0.170833336,-0.129166669,0.157809802,9.296707971788738,0.93399056181184
2014-11-22,89.391668,343.0750051,283.5541709,0.0068625,99057.08333,11.50000017,1.275000019,3.287500049,0.157354391,32.91223460447988,0.9457208591077654
2014-11-23,101.5833348,278.0583375,283.2000042,0.005354167,99730.0,0.400000006,0.925000014,-3.55416672,0.156898345,19.042192368581382,0.7608699996254715
2014-11-24,122.7333352,269.0708373,282.2541709,0.003558333,100007.9167,0.0,0.591666675,-3.55416672,0.156456922,27.650285231417424,0.5407404126949003
2014-11-25,103.5000015,278.7250042,283.4916709,0.003325,100212.5,0.0,0.062500001,-1.550000023,0.156001508,12.174853379614795,0.4655231983483111
2014-11-26,115.4208351,269.350004,282.7708375,0.003566667,99970.83333,0.0,-0.875000013,-0.208333336,0.155530838,7.196951991975642,0.523080220568618
2014-11-27,115.6458351,270.9291707,282.6333375,0.003641667,99484.16667,0.0,-0.804166679,2.00000003,0.155074156,8.731902553797573,0.5364701695852649
2014-11-28,96.97500145,271.0666707,282.1291709,0.003904167,98833.33333,2.00000003,-1.379166687,3.704166722,0.154632733,12.376628399605782,0.5913505970491415
2014-11-29,81.06250121,306.4500046,281.9375042,0.005354167,98354.58333,23.50000035,-0.187500003,4.412500066,0.154177322,31.67290804260592,0.8176898662217819
2014-11-30,60.5500009,341.5625051,284.2166709,0.0072875,98286.25,31.80000047,-1.912500028,1.720833359,0.153721276,19.863134155383037,0.9530083731265394
2014-12-01,38.32500057,360.3333387,284.6041709,0.007825,99005.0,2.600000039,-2.670833373,3.016666712,0.153265226,11.898393802440545,1.0043509395223966
2014-12-02,33.8500005,361.7833387,285.4416709,0.0084625,98663.75,23.40000035,-2.683333373,1.229166685,0.152823803,11.892322769279168,1.0236189190873748
2014-12-03,32.41250048,358.5958387,285.3416709,0.008445833,98100.83333,92.30000138,-4.166666729,5.841666754,0.152368392,7.835605558447416,1.0225523211292271
2014-12-04,83.04583457,346.5250052,286.1208376,0.008258333,98500.0,4.100000061,-1.14583335,4.72500007,0.151897723,16.313444536116272,0.9533564755435564
2014-12-05,48.08750072,347.5125052,285.9125043,0.008208333,98903.75,9.40000014,-1.387500021,3.304166716,0.151455664,15.20545308906535,0.9646763454302826
2014-12-06,51.89166744,359.3500054,285.8041709,0.0082125,99277.91667,15.60000023,-1.300000019,3.291666716,0.15100025,20.83430400080137,0.9757964990807338
2014-12-07,88.68333465,308.1958379,285.0041709,0.007279166,99592.5,0.0,-1.412500021,1.512500023,0.150544203,10.86589532254552,0.91504824505841
2014-12-08,50.53750075,327.8041716,284.6833376,0.0073125,99402.91667,0.0,-1.462500022,2.92916671,0.150088157,6.645908715845966,0.9373646500668972
2014-12-09,59.79583422,334.3083383,285.3916709,0.007770833,99364.16667,0.0,-0.754166678,1.833333361,0.149646733,6.872748474930342,0.9497805200570252
2014-12-10,57.45000086,329.0750049,285.5291709,0.007591666,98779.58333,2.600000039,-1.32500002,4.070833394,0.149191323,10.031932221878415,0.9140309264741944
2014-12-11,42.50833397,362.5625054,286.0750043,0.008354166,97583.33333,130.7000019,-1.991666696,11.59166684,0.148735277,29.16848961481644,0.9583447618198504
2014-12-12,59.17083422,342.1125051,282.7750042,0.006825,97900.0,73.40000109,1.916666695,1.170833351,0.148279227,20.08817868209289,0.979929520603364
2014-12-13,106.8666683,288.916671,282.1958375,0.006066667,99248.33333,2.70000004,0.450000007,-0.800000012,0.14782318,9.45423208385278,0.9185650862623636
2014-12-14,75.75833446,301.5583378,281.2458375,0.005575,99347.91667,1.100000016,-1.55416669,1.629166691,0.147367134,8.229030034639369,0.9017984760054212
2014-12-15,39.13750058,338.850005,281.4875042,0.006266667,98795.41667,57.50000086,-3.745833389,4.091666728,0.146911088,13.884892601184555,0.9914415413913304
2014-12-16,60.2500009,336.2458383,281.5041709,0.006295833,98571.66667,15.00000022,-2.383333369,4.304166731,0.146595206,19.603645978927503,0.992663677084001
2014-12-17,69.89583437,333.6333383,282.1416709,0.006545833,98625.83333,18.60000028,-0.408333339,2.45833337,0.146300041,20.840254495923872,0.9885487974464802
2014-12-18,55.85000083,347.7291718,282.9375042,0.006883333,99179.58333,13.6000002,-2.783333375,2.429166703,0.145990889,20.6972275879484,0.990238072375424
2014-12-19,52.85000079,334.487505,283.1875042,0.0071625,99236.25,25.90000039,-1.033333349,3.383333384,0.145681102,11.932629861159134,1.0136668197349092
2014-12-20,27.18333374,334.7083383,283.1916709,0.007183333,99353.33333,4.200000063,0.19166667,2.941666711,0.145371314,3.0506502311943637,1.017527559313136
2014-12-21,60.41666757,359.3125054,284.7250042,0.007975,99489.16667,1.700000025,0.720833344,2.408333369,0.145061523,19.74333153763212,1.0203281748257111
2014-12-22,104.0541682,309.5208379,285.7916709,0.008233333,99667.5,0.0,1.225000018,-2.633333373,0.144766358,13.21838198752829,0.9829248807714408
2014-12-23,102.9208349,285.1291709,285.4791709,0.006483333,99462.08333,0.0,1.470833355,-4.420833399,0.144457206,19.32811823466882,0.7885974237678692
2014-12-24,56.13333417,302.5375045,284.1583376,0.006470833,99016.66667,0.200000003,1.383333354,0.033333334,0.144147418,2.324521256760377,0.8558451849055918
2014-12-25,109.0666683,249.7166704,282.0000042,0.004825,99164.58333,0.0,2.937500044,-6.27916676,0.14383763,14.96659006074886,0.7397755232151664
2014-12-26,110.5666683,237.3000035,280.2291708,0.003575,99537.5,0.0,1.32500002,-5.895833421,0.143527843,12.23170465163216,0.6215363430434493
2014-12-27,106.6833349,234.4458368,278.2458375,0.003241667,99767.5,0.0,-0.008333333,-1.55416669,0.143232678,3.235363871238964,0.6489294264023616
2014-12-28,109.458335,262.3708372,278.6000042,0.003695833,100000.0,0.0,1.241666685,-1.366666687,0.142923526,4.633756953490891,0.7233079972265322
2014-12-29,107.1583349,236.7791702,278.4125041,0.003979167,99590.83333,0.0,1.450000022,-2.383333369,0.142613738,1.9494433347732176,0.7858714821516833
2014-12-30,112.8000017,233.4375035,278.3125041,0.003679167,99422.5,0.0,0.22916667,-5.204166744,0.142303951,2.539129124152588,0.7305220373962973
2014-12-31,113.058335,216.3416699,277.8458375,0.002325,99905.83333,0.0,0.0,-6.7250001,0.142008786,3.8331275664813615,0.4794270798074913
2015-01-01,106.2625016,222.6458367,277.2083375,0.0021125,99262.91667,0.0,0.050000001,-3.80833339,0.141699634,2.4771347352133595,0.4528249855736044
2015-01-02,104.7750016,229.9791701,276.9875041,0.002904167,99410.83333,0.0,-0.041666667,0.387500006,0.141389846,0.4956216176905249,0.6333283715447175
2015-01-03,104.5458349,241.6333369,277.2750041,0.003295833,99541.25,0.0,0.266666671,-0.220833337,0.141080055,0.8303776500069442,0.7051092405929887
2015-01-04,78.61250117,266.0583373,277.8916708,0.003566667,99991.66667,0.0,-0.033333334,-0.337500005,0.14078489,0.7123612211210681,0.7337147725055183
2015-01-05,103.7791682,254.1291705,278.9291708,0.00375,100065.0,0.0,-0.416666673,-1.225000018,0.140475738,0.9742932682587332,0.7176095299432924
2015-01-06,105.0375016,257.5833372,279.6541708,0.003716667,99739.16667,0.0,-1.191666684,-0.554166675,0.140165951,1.0495390370350863,0.6738840275502929
2015-01-07,107.2666683,256.0041705,281.5916709,0.004058333,99524.16667,0.0,-1.520833356,-0.666666677,0.139856163,1.0049777874676966,0.6421930966620529
2015-01-08,101.4000015,261.8541706,281.5916709,0.003954167,99138.33333,0.0,-1.045833349,-0.320833338,0.139546375,0.8491526992164509,0.6232840655802099
2015-01-09,75.9666678,290.6958377,282.2916709,0.004233333,98977.91667,0.0,-0.129166669,-1.141666684,0.139236588,0.9183735159595714,0.6350643464432846
2015-01-10,50.60416742,314.9291714,283.0750042,0.0044875,98862.91667,0.0,-0.025,-0.908333347,0.1389268,0.7929510540960096,0.6375401195968903
2015-01-11,104.8041682,292.141671,282.1416709,0.004833333,98921.25,0.0,0.775000012,-1.112500017,0.138617012,1.379510600005453,0.7321141795410119
2015-01-12,98.99583481,293.0375044,282.8708375,0.005395833,99367.08333,0.0,1.620833357,-2.90416671,0.138321848,1.3724299248380394,0.7812397781763818
2015-01-13,111.308335,269.2791707,283.9375042,0.005054167,99562.5,0.0,0.537500008,-4.875000073,0.138012696,1.8326457628557016,0.6822132621225292
2015-01-14,112.608335,249.258337,281.3791709,0.0041875,99495.83333,0.0,-0.850000013,-0.600000009,0.137702908,0.5863135635104697,0.6721786023975338
2015-01-15,96.23750143,266.950004,279.8208375,0.0038875,99783.75,0.0,-1.98750003,1.941666696,0.13739312,1.0801149371907883,0.6970357606087974
2015-01-16,40.0375006,331.1083383,280.8083375,0.005016667,99689.58333,2.900000043,-0.920833347,2.44583337,0.137856081,2.18108224815537,0.8391967862472416
2015-01-17,66.04583432,346.7041718,281.5208375,0.006275,99673.75,0.100000001,-0.050000001,0.520833341,0.138338021,4.170329956142146,0.9992969560289164
2015-01-18,62.4791676,339.6208384,283.2666709,0.007129166,99593.75,0.0,0.550000008,1.020833349,0.138819321,2.147212836238809,1.0071729384730972
2015-01-19,105.3500016,307.7041713,283.3083376,0.00635,99679.58333,0.0,1.200000018,-2.520833371,0.139300625,2.0803832093715973,0.8953421512236358
2015-01-20,110.0041683,268.6791707,283.0958376,0.005516667,99317.91667,0.0,1.458333355,-4.020833393,0.139796551,1.621330772292144,0.7862504912525631
2015-01-21,119.9291685,243.3500036,280.4916708,0.003754167,99200.83333,0.0,1.079166683,-4.745833404,0.140278487,2.036117137437151,0.6387542470096391
2015-01-22,92.52083471,273.8500041,280.8708375,0.004133333,99561.25,0.0,0.341666672,-2.454166703,0.140759791,1.3164894626085468,0.687568863442828
2015-01-23,121.3916685,260.9208372,281.8166709,0.0040375,99971.25,0.0,0.541666675,-4.22916673,0.141255714,2.053141617738246,0.6319472238359238
2015-01-24,122.4958352,271.1333374,284.6958376,0.004216667,99775.0,0.0,0.262500004,-5.558333416,0.141737654,3.043948286067487,0.5420901446683655
2015-01-25,123.7375018,275.6208374,284.8666709,0.004845833,99332.5,0.0,-0.86666668,-2.275000034,0.142233581,1.7383278743328032,0.6131710778258965
2015-01-26,123.3500018,262.3083372,282.6833375,0.004633333,98976.25,0.0,-0.770833345,0.270833337,0.142715517,0.9370378201007196,0.6767673206442018
2015-01-27,94.73333474,306.7416712,283.8875042,0.005941667,99106.25,0.0,-0.950000014,3.78333339,0.143211443,1.3080542206956265,0.8010242583114604
2015-01-28,116.6208351,308.9958379,285.4125043,0.006733333,99711.66667,0.0,-0.387500006,-0.116666668,0.143693379,1.4522042475325805,0.8247081106820947
2015-01-29,126.0750019,279.9791708,284.5666709,0.005670833,99330.83333,0.0,1.387500021,-3.850000057,0.144174683,1.3813064317217485,0.732091144463271
2015-01-30,130.975002,277.6500041,285.1291709,0.005695833,99007.91667,0.0,1.004166682,-4.354166732,0.144670606,1.4485609470790295,0.7058996988311916
2015-01-31,138.1208354,253.1583371,285.3666709,0.0047375,98856.66667,0.0,0.400000006,-5.750000086,0.145152545,1.807236679652156,0.5770364305501756
2015-02-01,114.345835,271.6416707,283.5791709,0.004179167,99136.25,0.0,0.854166679,-2.908333377,0.145633849,1.064117828435408,0.5754193531845344
2015-02-02,80.6125012,326.3041715,285.4166709,0.005633333,99397.91667,0.0,0.466666674,-1.737500026,0.146129772,0.8579573753397597,0.6876169590564316
2015-02-03,98.91666814,314.5166714,283.6333376,0.006166667,99274.58333,0.0,0.787500012,-0.995833348,0.146611712,0.8307739651941961,0.8471563065925676
2015-02-04,140.2875021,287.654171,284.4458376,0.0064,99124.16667,0.0,-0.691666677,2.783333375,0.147093012,1.1055803149364565,0.8312063594683926
2015-02-05,100.1208348,312.058338,284.3083376,0.006395833,98862.91667,0.0,-2.466666703,6.104166758,0.147588939,1.3151519717480151,0.8361496488714529
2015-02-06,47.56666738,358.091672,285.6583376,0.008170833,98332.5,58.20000087,-3.545833386,11.4083335,0.148070878,25.87518093865005,0.9709465115575476
2015-02-07,56.1416675,352.1916719,285.8916709,0.0085625,98489.16667,63.60000095,-1.216666685,8.187500122,0.148552178,16.341262849447777,1.0034649915384544
2015-02-08,56.43750084,360.5583387,287.1458376,0.009383333,98865.0,43.80000065,-3.450000051,6.175000092,0.149033482,15.463165817039554,1.0162830327778882
2015-02-09,82.24583456,349.3916719,285.7791709,0.008233333,99030.41667,8.000000119,-1.204166685,6.887500103,0.149529405,29.913356226006307,0.9774516202998632
2015-02-10,156.8750023,271.7708374,284.2708376,0.0065,99543.75,0.0,0.400000006,-3.025000045,0.150011345,23.28338187869538,0.8577755121230365
2015-02-11,148.1625022,268.4791707,282.3291709,0.005133333,99392.5,0.0,-0.287500004,-2.2041667,0.150492648,18.9299741067912,0.7713287420909858
2015-02-12,157.0458357,280.7000042,284.9916709,0.005625,99505.41667,0.0,-0.945833347,-1.416666688,0.150988572,18.33960109845336,0.7070777571062383
2015-02-13,160.9541691,280.4291708,286.1916709,0.006154167,99340.0,0.0,-0.062500001,-1.98750003,0.151470511,15.108719849432717,0.7131596532457962
2015-02-14,168.3833358,276.9125041,286.3083376,0.0065,99195.41667,0.0,0.183333336,-2.629166706,0.151951811,12.19622667657688,0.7463658116801783
2015-02-15,167.2166692,272.6708374,286.0958376,0.006020833,99093.75,0.0,-0.562500008,-2.500000037,0.152433115,9.75614537074512,0.7004021652445713
2015-02-16,172.4791692,268.3916707,286.2291709,0.006075,98895.0,0.0,-0.354166672,-1.716666692,0.152966527,7.621196177688315,0.6990977891577989
2015-02-17,171.8875026,269.3291707,285.4291709,0.005866667,99024.16667,0.0,-0.058333334,-1.058333349,0.153472963,6.440283392946489,0.7128129067334671
2015-02-18,174.2708359,269.6041707,285.3000043,0.006245833,99330.0,0.0,0.525000008,-1.658333358,0.15399275,5.479548435198547,0.7677950703765982
2015-02-19,169.7000025,282.3791709,285.5166709,0.006633333,99315.41667,0.0,0.0125,-1.400000021,0.154498547,5.355877454612031,0.8036477601554328
2015-02-20,179.8916693,276.1500041,286.3166709,0.006675,99080.83333,0.0,0.441666673,-3.016666712,0.155032957,5.453062624010727,0.765153865934223
2015-02-21,177.2416693,269.7166707,285.2166709,0.0051375,98804.16667,0.0,0.666666677,-3.516666719,0.155554012,6.363867232621173,0.6317004071902373
2015-02-22,185.4708361,258.8708372,285.2541709,0.0050375,98602.91667,0.0,-0.833333346,-6.016666756,0.156055137,8.053599694466735,0.6166012314250592
2015-02-23,190.5458362,238.6041702,283.8208376,0.003729167,99010.83333,0.0,-0.86666668,-6.720833433,0.156589743,9.496475904914108,0.5045224601092498
2015-02-24,190.3375028,236.2208369,282.5458375,0.003375,99844.58333,0.0,0.625000009,-4.779166738,0.157111406,7.510020142684738,0.501966817458368
2015-02-25,187.9291695,256.9208372,283.6000042,0.004608333,99753.75,0.0,0.570833342,-2.220833366,0.157617695,5.31908667105533,0.6375654367532448
2015-02-26,188.7291695,272.6583374,283.9666709,0.004783333,99080.83333,0.0,1.995833363,-5.320833413,0.158137925,8.555802507817155,0.6412726990138192
2015-02-27,191.7375029,289.2958376,285.3125043,0.0058125,98358.33333,0.0,3.383333384,-3.570833387,0.158644212,7.967291882497214,0.7069478057624383
2015-02-28,142.0875021,285.1625042,283.2833376,0.0055625,97970.41667,0.0,2.2041667,-1.895833362,0.159172751,4.09492233689343,0.7721621455570042
2015-03-01,210.0833365,273.3583374,284.1791709,0.005458333,98650.0,0.0,0.162500002,-2.954166711,0.15968598,6.362326087721841,0.7182508089600079
2015-03-02,201.150003,270.262504,283.8083376,0.005083333,98439.16667,0.0,1.000000015,-1.391666687,0.160206235,5.297472042577974,0.6843340046831602
2015-03-03,211.0333365,280.7458375,283.5958376,0.005225,98800.41667,0.0,-0.370833339,-0.66250001,0.160727036,5.564991172830892,0.7161745035997019
2015-03-04,223.5625033,261.3333372,283.3833376,0.004854167,99131.66667,0.0,0.225000003,-2.120833365,0.161233275,5.635000130699773,0.6772262743087923
2015-03-05,225.6583367,254.7916705,284.0416709,0.004395833,99764.58333,0.0,-1.087500016,-0.25416667,0.16175363,4.975270959654894,0.5904041211770003
2015-03-06,229.8041701,255.7333371,284.8625042,0.004875,99867.91667,0.0,-0.354166672,-1.583333357,0.162274564,5.194036849656722,0.6203593388594714
2015-03-07,230.7750034,256.7000038,284.4916709,0.0048125,99304.58333,0.0,0.45833334,-3.191666714,0.162795498,6.31664419663992,0.624245824317002
2015-03-08,229.7625034,269.5083373,286.5958376,0.0057875,99027.08333,0.0,0.795833345,-2.741666708,0.163316433,6.43253553831067,0.6509659288139044
2015-03-09,236.0416702,272.8791707,287.954171,0.0061375,98924.58333,0.0,0.68750001,-3.025000045,0.163822573,7.130694875095504,0.6309049500094113
2015-03-10,199.025003,293.6583377,289.1208376,0.006945833,98653.33333,0.0,0.091666668,0.633333343,0.16434289,4.669259456905472,0.6601533783415877
2015-03-11,70.84583439,355.7583386,286.5625043,0.008008333,98981.66667,1.000000015,-0.516666674,3.758333389,0.164878434,3.121140036837197,0.9023266581442636
2015-03-12,222.1458366,316.1416714,286.4500043,0.007845833,99717.91667,0.0,0.529166675,-2.579166705,0.165385212,7.223823448246871,0.8972212810966999
2015-03-13,219.6791699,302.8458378,287.5000043,0.00695,99413.75,0.0,0.66250001,-2.370833369,0.165900544,7.413721971733373,0.73956099262969
2015-03-14,109.6375016,337.100005,289.041671,0.007891666,99228.75,0.0,0.645833343,-0.520833341,0.166410024,3.48671760515985,0.7582895755018588
2015-03-15,160.1166691,360.6583387,291.5833377,0.0089375,98830.41667,0.0,-0.454166673,1.733333359,0.166933853,7.273246334427223,0.7270224564107367
2015-03-16,156.179169,345.7791718,289.5208376,0.007808333,98950.0,0.0,0.800000012,-0.237500004,0.166813092,6.158330363365854,0.7254153066779279
2015-03-17,243.9666703,312.6166713,287.841671,0.007358333,98932.08333,0.0,2.308333368,-1.937500029,0.166635028,9.17984281227132,0.7620255813690233
2015-03-18,238.3708369,280.1250042,286.4083376,0.005991667,98892.91667,0.0,1.683333358,-4.650000069,0.166484943,9.241546216921426,0.6813866901271598
2015-03-19,244.3375036,278.9208375,288.0708376,0.00555,98883.75,0.0,1.287500019,-4.545833401,0.166321502,10.91338180750524,0.5659608849270046
2015-03-20,220.8125033,302.2333378,289.4458376,0.0066625,98903.75,0.0,1.195833351,-0.833333346,0.166157425,7.721324416509831,0.6216689066831754
2015-03-21,242.833337,317.3583381,287.1875043,0.006491667,99151.25,0.0,1.608333357,-0.350000005,0.165993352,9.561829068842268,0.703206621797663
2015-03-22,220.8250033,316.2875047,288.0708376,0.007508333,99123.33333,0.0,1.441666688,1.962500029,0.165843898,8.61239348377719,0.7675168693510728
2015-03-23,221.4083366,310.633338,286.2208376,0.006775,99388.33333,6.900000103,2.770833375,2.195833366,0.165680461,27.104463060113897,0.7839729999038402
2015-03-24,127.8791686,340.6708384,285.9291709,0.006854166,99659.16667,0.0,1.900000028,0.112500002,0.165516385,12.908387880802003,0.810786353310194
2015-03-25,238.0750035,297.4791711,286.1541709,0.0068,99561.25,0.0,1.329166686,-4.100000061,0.165352308,14.650592147954878,0.7917151043022683
2015-03-26,266.2416706,300.2416711,289.079171,0.007008333,99377.08333,0.0,0.625000009,-3.037500045,0.165188235,16.71803082048151,0.6727876854365259
2015-03-27,268.1791707,305.6583379,290.9958377,0.008091666,99166.66667,0.0,0.512500008,-0.262500004,0.165024158,16.359495865029324,0.6855440679983948
2015-03-28,274.8750041,294.4458377,288.491671,0.006695833,99269.58333,0.0,2.400000036,-5.087500076,0.164874708,13.236431424439584,0.6669792084775363
2015-03-29,277.4875041,271.5208374,288.9833376,0.005058333,99097.91667,0.0,1.983333363,-5.704166752,0.164711267,14.358525818953169,0.4872339971611852
2015-03-30,248.858337,299.5125045,290.766671,0.006583333,98892.91667,0.0,1.13333335,-2.387500036,0.164547194,10.42778293055471,0.5643889873861744
2015-03-31,279.9375042,302.8166712,288.9875043,0.006566667,98887.91667,0.0,3.491666719,-3.075000046,0.164383118,11.80829372922951,0.6310109935539746
2015-04-01,295.6583377,254.4875038,284.4333376,0.003895833,99273.33333,0.0,3.000000045,-5.766666753,0.164233664,11.533470796424377,0.507161292105557
2015-04-02,299.4416711,253.1458371,283.8416709,0.00385,99282.08333,0.0,2.112500031,-6.375000095,0.164055604,11.164963071250654,0.521564702800436
2015-04-03,294.3500044,255.4416705,285.3666709,0.004158333,99372.08333,0.0,1.558333357,-3.754166723,0.163890891,9.87881322793152,0.5091335389084953
2015-04-04,263.4541706,279.1875042,284.8750042,0.0045625,99019.16667,0.0,2.295833368,-1.420833355,0.163741441,8.354480241783932,0.5751780304086027
2015-04-05,217.1083366,301.0208378,283.8333376,0.0051875,98538.75,1.700000025,2.837500042,2.108333365,0.163563378,8.829408984212037,0.6978875920535748
2015-04-06,245.1000037,272.4666707,281.2708375,0.0046375,98541.25,0.100000001,1.016666682,3.845833391,0.163413288,7.399314167946823,0.7427815411705548
2015-04-07,181.908336,324.1791715,281.7833375,0.0055875,98365.83333,25.00000037,-0.120833335,5.245833412,0.163249851,69.85183148345729,0.8624744257142016
2015-04-08,237.5875035,291.654171,281.1750042,0.005325,99029.58333,0.800000012,0.870833346,0.779166678,0.163100397,39.6952436465813,0.8627938500125859
2015-04-09,303.2833379,266.8583373,282.9000042,0.005154167,99036.25,0.0,0.616666676,-1.545833356,0.162922337,38.6306640730902,0.7422945490254065
2015-04-10,309.1125046,272.5541707,285.1166709,0.005041667,98785.41667,0.0,1.37500002,-0.379166672,0.162772248,31.43482750874081,0.6239426122760952
2015-04-11,268.0833373,288.9333376,285.7500043,0.005191667,98920.83333,0.0,1.983333363,-1.262500019,0.162608807,20.239242639493312,0.6168584038948263
2015-04-12,314.4125047,285.4541709,288.5083376,0.005833333,98930.83333,0.0,1.025000015,-3.279166716,0.162444734,19.04835326231428,0.5784560445992043
2015-04-13,315.6500047,282.5458375,290.4333377,0.006116667,98751.66667,0.0,1.908333362,-1.179166684,0.16229085,16.25988449573939,0.5348881534663413
2015-04-14,316.5000047,271.325004,286.9375043,0.0052375,99504.58333,0.0,3.066666712,-4.008333393,0.162124749,12.502957197490508,0.578789020938431
2015-04-15,321.9625048,264.7916706,285.3708376,0.0041375,99637.5,0.0,1.408333354,-7.370833443,0.161958098,12.682664809077572,0.5077950992571607
2015-04-16,327.6875049,264.0333373,287.829171,0.0043125,99104.58333,0.0,-0.104166668,-5.487500082,0.162081026,12.476881760985638,0.4477440723783712
2015-04-17,327.8791716,276.1208374,289.1958376,0.005,98990.0,0.0,0.600000009,-2.545833371,0.162212708,10.70375409314876,0.4745348261144689
2015-04-18,323.2750048,292.1125044,290.391671,0.005525,98900.0,0.0,0.770833345,-1.637500024,0.162334959,10.229899584341362,0.4851639414853331
2015-04-19,324.4625048,304.1958379,291.9000043,0.006745833,98601.66667,0.0,0.541666675,-1.570833357,0.162469408,9.86497226034639,0.5366178692534399
2015-04-20,324.1791715,311.7791713,293.216671,0.00765,98353.33333,0.0,0.854166679,-0.425000006,0.162588904,9.466922891407178,0.5588174757455845
2015-04-21,319.7875048,308.0791713,291.2708377,0.008133333,98220.0,0.0,1.487500022,-0.025,0.162724866,8.123936004528746,0.6706753015622179
2015-04-22,324.8041715,310.720838,289.7000043,0.008441666,98225.41667,0.0,0.791666678,-1.041666682,0.162846091,7.655003058751676,0.769593142316148
2015-04-23,316.358338,313.2166713,290.891671,0.007683333,98213.33333,0.400000006,1.508333356,-2.387500036,0.162977328,8.247465947775607,0.6489785094312375
2015-04-24,289.1208376,316.7708381,291.004171,0.007833333,98278.75,0.0,4.158333395,-2.900000043,0.163113043,7.858490149801588,0.6573667757692644
2015-04-25,255.9875038,345.1791718,287.841671,0.0077125,98668.33333,8.400000125,2.341666702,-0.308333338,0.163234933,50.07946617811475,0.7965736346224221
2015-04-26,298.8708378,311.045838,288.2000043,0.006808333,99026.25,0.0,1.716666692,-2.633333373,0.163370811,30.299056178412457,0.6894614206694465
2015-04-27,334.9791717,303.4000045,291.129171,0.006370833,99024.58333,0.0,1.091666683,-5.13333341,0.163492701,24.425113234602826,0.5344288973970012
2015-04-28,331.4541716,311.0000046,293.066671,0.00715,98750.0,0.0,1.791666693,-3.012500045,0.163628575,18.431436543220485,0.5293424996531422
2015-04-29,336.9791717,313.7750047,292.3500044,0.007583333,98716.66667,0.0,1.775000026,-2.791666708,0.163750465,13.98050019450355,0.58705088794491
2015-04-30,342.7500051,307.2916712,293.129171,0.006708333,98568.33333,0.0,-0.183333336,-4.295833397,0.16387172,12.635044199498829,0.4937959208794587
2015-05-01,342.4208384,312.370838,294.6666711,0.006470833,98412.91667,0.0,-0.162500002,-2.041666697,0.164007597,11.73618179388074,0.432208136925403
2015-05-02,341.7166718,309.1458379,293.879171,0.005654167,98352.5,0.0,1.320833353,-0.579166675,0.164129484,10.414285221471298,0.3963111144250817
2015-05-03,344.6416718,302.1083378,292.2708377,0.005704167,98143.33333,0.0,1.187500018,-1.33750002,0.164265361,8.995019953950907,0.4412070662403246
2015-05-04,348.1208385,293.166671,290.4875043,0.006070833,98323.33333,0.0,1.466666689,-0.316666671,0.164401874,7.893060176653252,0.526751832288363
2015-05-05,341.6625051,301.9125045,290.216671,0.006804166,98453.75,0.0,1.179166684,-1.620833357,0.164523765,7.380160091619719,0.601488656207096
2015-05-06,351.5500052,295.0833377,290.5500043,0.006408333,98265.0,0.0,2.350000035,-3.908333392,0.164659642,8.100448971175986,0.5534930981413961
2015-05-07,340.6125051,283.8916709,289.7375043,0.004395833,98127.91667,0.0,2.120833365,-7.200000107,0.164781529,9.708114966453415,0.3993894360994237
2015-05-08,348.1333385,289.4958376,288.6250043,0.004995833,98177.91667,0.0,1.55416669,-2.900000043,0.164917406,7.34908847496757,0.4879310832545629
2015-05-09,348.3375052,302.2666712,288.691671,0.0060875,98775.41667,0.0,1.458333355,-0.462500007,0.165039296,6.783777939473842,0.595591834957639
2015-05-10,340.1708384,302.6750045,290.3500043,0.006633333,98827.5,0.0,1.075000016,-0.441666673,0.165160551,6.396393407918344,0.583614623446456
2015-05-11,352.7500053,299.0750045,290.254171,0.006420833,98483.33333,0.0,1.691666692,-0.391666673,0.165296425,6.493429255809786,0.5664118433732644
2015-05-12,341.3250051,292.5375044,288.929171,0.006645833,98288.33333,0.0,3.075000046,-0.966666681,0.165418315,6.026050820729764,0.6371439669332215
2015-05-13,322.0666715,294.4250044,288.029171,0.0051875,98487.5,0.0,1.866666694,0.566666675,0.165552506,5.459786996173733,0.5283063585569713
2015-05-14,293.616671,308.3708379,287.629171,0.006229167,98351.25,1.000000015,1.345833353,2.529166704,0.165675568,6.14773330605694,0.6502588581433979
2015-05-15,311.195838,307.7416713,286.6750043,0.0060125,98196.25,0.500000007,2.45833337,-0.041666667,0.165807803,6.858870530826504,0.6671129811549081
2015-05-16,338.312505,302.1208378,287.6583376,0.005870833,98537.91667,0.500000007,1.404166688,0.033333334,0.166307603,8.909151487938914,0.6128471474828606
2015-05-17,321.3458381,305.9083379,288.729171,0.0058375,98723.33333,0.0,1.745833359,-0.270833337,0.166815485,7.366269363058357,0.5694464048851238
2015-05-18,295.7541711,309.3833379,289.391671,0.006304167,98869.16667,0.0,1.829166694,-0.170833336,0.167325382,6.231623065608222,0.5900824736724191
2015-05-19,325.8208382,309.0041713,289.191671,0.0063875,98985.41667,0.0,1.416666688,0.262500004,0.167850219,6.582588296754547,0.6063531432856702
2015-05-20,342.2666718,315.283338,290.3208377,0.0064125,98565.41667,1.400000021,1.212500018,-0.187500003,0.168361112,12.220307740499663,0.5637393502480162
2015-05-21,327.5708382,318.3750047,290.491671,0.007291666,98455.83333,1.600000024,1.162500017,1.287500019,0.168878906,16.11299296641792,0.6333646801371918
2015-05-22,231.6500035,329.6208382,289.379171,0.007708333,98602.08333,0.70000001,1.754166693,0.025,0.169391786,10.490826815084707,0.7201457338809822
2015-05-23,320.2500048,327.6958382,290.3250043,0.0083125,98883.33333,2.00000003,1.295833353,-0.645833343,0.169911858,24.66487074341844,0.7329350035826175
2015-05-24,358.0500053,325.1416715,291.9000043,0.007570833,98690.41667,0.200000003,1.466666689,-1.104166683,0.170419669,20.039980086849507,0.602787083967418
2015-05-25,360.791672,322.2500048,291.829171,0.007325,98470.83333,0.0,1.433333355,0.491666674,0.170942334,15.097118260649347,0.5845259261777257
2015-05-26,362.7583387,315.683338,290.5583377,0.006783333,98528.75,0.0,1.200000018,0.795833345,0.171453203,11.491961062708723,0.5871423418739787
2015-05-27,364.9458388,311.3416713,290.9958377,0.006358333,98635.41667,0.0,1.504166689,0.287500004,0.171963451,9.576370050953702,0.5358063626102724
2015-05-28,343.2083384,315.270838,291.6500043,0.006191667,98692.08333,0.0,1.366666687,-0.91666668,0.172473645,7.954129392764416,0.5008394719343839
2015-05-29,350.5916719,317.8791714,293.0833377,0.005958333,98521.66667,0.0,1.395833354,-0.825000012,0.172983817,7.6220314574238035,0.4396400194988307
2015-05-30,340.9333384,328.6166716,294.6625044,0.0066,98469.58333,0.0,1.033333349,-0.20416667,0.173508674,7.1907538919316,0.4412030611624621
2015-05-31,337.300005,322.1041715,294.7041711,0.006525,98342.08333,0.0,1.237500018,1.195833351,0.174019534,6.204493918639482,0.4345044211409377
2015-06-01,336.237505,323.0083381,292.3750044,0.007008333,98605.41667,0.0,1.658333358,3.287500049,0.174529765,5.804898246976957,0.5410749933927963
2015-06-02,346.3875052,323.5250048,292.241671,0.007720833,98862.91667,0.0,2.320833368,-0.395833339,0.175039975,5.2993903127913615,0.6026771251247314
2015-06-03,341.2416718,323.0041715,293.616671,0.0066375,98470.0,0.0,1.970833363,-2.154166699,0.175550183,5.737714363950217,0.4734638373479964
2015-06-04,343.7708385,343.2333384,293.7458377,0.007045833,98130.0,0.0,2.200000033,-2.850000042,0.176074871,6.383270929945186,0.4968427153295969
2015-06-05,352.7250053,336.7166717,295.6333377,0.007195833,98124.58333,0.0,0.725000011,-2.745833374,0.176598804,6.440962601872782,0.4515345230755805
2015-06-06,353.8583386,347.7583385,297.8916711,0.007683333,98271.25,0.0,1.904166695,-0.795833345,0.177108054,6.544194713475679,0.4208889048010402
2015-06-07,353.2916719,355.0500053,299.2500045,0.008075,98447.91667,0.0,0.929166681,-2.016666697,0.177616672,6.835251563535026,0.4084726189421853
2015-06-08,351.4958386,366.2416721,301.6708378,0.007545833,98321.25,0.0,-0.100000001,-1.662500025,0.178139909,6.858700643835727,0.3303842102513644
2015-06-09,344.2625051,369.9041722,302.3750045,0.008791666,98200.83333,0.0,2.379166702,2.058333364,0.178649158,7.620913115749689,0.3689659113131407
2015-06-10,307.7291713,387.4791724,298.8958378,0.0111625,98395.41667,0.0,1.983333363,0.937500014,0.179157776,6.556100748291444,0.5764199769586943
2015-06-11,355.3750053,360.979172,297.7416711,0.010716666,98382.5,0.0,0.829166679,-0.22916667,0.17966639,6.397690396747734,0.5930594302724103
2015-06-12,362.6416721,344.6083385,301.0750045,0.007379166,98154.58333,0.0,0.975000015,-3.895833391,0.180189627,8.156039736568427,0.3340207178341078
2015-06-13,362.2083387,342.2041718,301.1958378,0.005754167,97950.41667,0.0,1.291666686,-3.075000046,0.18069888,7.7084431631553985,0.2580822224170767
2015-06-14,362.7333387,326.5583382,297.6416711,0.0054375,97870.83333,0.0,1.56666669,-1.233333352,0.181207494,6.642742026329604,0.3011586119552788
2015-06-15,360.879172,315.2416714,295.5208377,0.005691667,98186.66667,0.0,1.187500018,-0.320833338,0.181730731,5.776669974910253,0.3598507020152534
2015-06-16,362.6875054,315.8291714,296.0166711,0.005229167,98425.83333,0.0,1.500000022,-2.041666697,0.182353794,6.692846773247562,0.3214969267375162
2015-06-17,363.3791721,313.6625047,296.8958378,0.004175,98409.58333,0.0,1.812500027,-2.2541667,0.182966547,7.054920331690458,0.2432520546029776
2015-06-18,364.3666721,313.4666713,296.9458378,0.004254167,98369.16667,0.0,1.845833361,-1.062500016,0.183593291,6.501819803165321,0.2470115987252379
2015-06-19,361.5583387,312.383338,295.7833377,0.004829167,98531.66667,0.0,1.79583336,-1.662500025,0.184206045,6.38255479193914,0.3014993938807618
2015-06-20,350.1291719,311.5250046,296.4958378,0.0040375,98390.0,0.0,1.59166669,-1.733333359,0.184818162,6.0391850536894,0.2409877925708409
2015-06-21,358.6083387,315.795838,296.3333377,0.004745833,98365.0,0.0,2.133333365,0.504166674,0.185444902,5.927248934523578,0.2860141595598323
2015-06-22,364.3333388,307.3708379,294.9250044,0.004175,98710.0,0.0,2.212500033,-1.266666686,0.186057655,5.935915244538935,0.2752779861412864
2015-06-23,363.1458387,319.2500048,296.2791711,0.00445,98690.41667,0.0,2.200000033,-2.479166704,0.186669773,6.422585771896147,0.2699634619835996
2015-06-24,360.3750054,333.2791716,297.7583378,0.0056125,98515.83333,0.0,1.77083336,-2.141666699,0.187296517,6.051254386437975,0.3107035673577945
2015-06-25,358.5500053,347.5583385,300.0791711,0.006058333,98370.0,0.0,1.600000024,-2.92916671,0.18790927,6.3353870511038295,0.2914834748717622
2015-06-26,354.3375053,359.0333387,301.1458378,0.006466667,98320.83333,0.0,0.475000007,1.212500018,0.18853601,5.103360648358415,0.2919927678290938
2015-06-27,315.4125047,364.7166721,300.4416711,0.007358333,98573.33333,0.0,0.0,2.554166705,0.189148764,5.422629434931025,0.3472295780342604
2015-06-28,339.8625051,368.7750055,298.9541711,0.006470833,98661.25,0.0,0.383333339,2.70000004,0.189760881,6.258466003959309,0.3338830177958353
2015-06-29,359.7708387,336.1208383,298.1333378,0.005908333,98605.83333,0.0,1.912500028,-0.900000013,0.190402244,5.814808663104795,0.3200647405014056
2015-06-30,354.1625053,354.591672,301.3333378,0.0052375,98346.66667,0.0,1.412500021,-2.750000041,0.191015636,6.617231732402596,0.2339615932546645
2015-07-01,344.4375051,371.1916722,302.7666712,0.005483333,98207.91667,0.0,1.204166685,-0.054166667,0.191627754,5.572042382549428,0.2249548511846374
2015-07-02,341.0541717,370.3625055,301.5166712,0.006004167,98485.0,0.0,1.600000024,0.745833344,0.192254495,6.258246464788317,0.2657121928550658
2015-07-03,347.2458385,386.0000058,301.1500045,0.006566667,98444.16667,0.0,1.570833357,-1.829166694,0.192867248,7.342981697060059,0.2968073254082741
2015-07-04,353.5333386,368.9041722,300.9125045,0.0069,98210.41667,0.0,2.137500032,-0.162500002,0.193493988,7.088462975649751,0.3155128510410048
2015-07-05,354.891672,363.7875054,300.2916711,0.0071375,98310.0,0.0,1.587500024,1.883333361,0.194106741,7.212077199888706,0.3389028399140443
2015-07-06,355.7833386,351.7541719,298.7250045,0.007225,98676.66667,0.0,1.816666694,1.654166691,0.194718859,6.937155301745735,0.3780037785846025
2015-07-07,334.9833383,349.5041719,297.8833378,0.007341666,98688.33333,0.0,2.275000034,0.883333346,0.195345602,6.435979083912741,0.4040824184230723
2015-07-08,355.754172,338.537505,296.4500044,0.0067875,98337.91667,0.0,1.875000028,0.520833341,0.195958356,6.3300104399088,0.4060462442532706
2015-07-09,259.0375039,356.7958387,294.7625044,0.006895833,98141.66667,2.100000031,2.370833369,0.966666681,0.196585096,10.009545867497804,0.4566143660316473
2015-07-10,166.3208358,376.1875056,291.804171,0.008375,98444.16667,0.100000001,1.56666669,0.987500015,0.197197849,5.659123632074127,0.669190011034489
2015-07-11,317.5208381,356.4000053,294.6708377,0.008366666,98631.25,0.0,1.408333354,0.766666678,0.197809967,9.328441217256412,0.5599326372848478
2015-07-12,332.0958383,348.4250052,296.1083377,0.0066125,98704.58333,0.0,2.166666699,0.658333343,0.198436707,8.933394992345038,0.4054192041798795
2015-07-13,351.8791719,338.0791717,295.4625044,0.006358333,98697.91667,0.0,2.016666697,-1.100000016,0.199049464,8.433579930832696,0.4055433724670939
2015-07-14,354.3333386,332.6041716,296.8583378,0.006016667,98390.41667,0.0,1.983333363,-0.587500009,0.199676204,8.02832734702283,0.3512860237769646
2015-07-15,355.6750053,333.900005,296.8291711,0.005641667,98300.83333,0.0,0.983333348,-0.795833345,0.20030358,7.568827122436881,0.3296753802507398
2015-07-16,353.0666719,342.6375051,298.3500044,0.005154167,98358.33333,0.0,1.050000016,-0.400000006,0.200401376,7.3844088706237265,0.2749050260311022
2015-07-17,353.2041719,343.4083385,299.0541711,0.005129167,98210.83333,0.0,0.637500009,0.862500013,0.200476146,7.034835633617655,0.2618773372251786
2015-07-18,353.0416719,342.9666718,299.0208378,0.005479167,98243.75,0.0,1.154166684,2.300000034,0.200550916,7.502625744230434,0.2803988382367396
2015-07-19,348.3625052,352.2333386,299.3333378,0.005745833,98787.5,0.0,1.012500015,2.420833369,0.200625687,7.491497403486536,0.2902086966489338
2015-07-20,345.6541718,365.0333388,299.5166711,0.005954167,98690.0,0.0,2.2666667,-1.78333336,0.20071508,7.773067222453974,0.2971705732172988
2015-07-21,343.6833385,363.2875054,298.9958378,0.005995833,98246.66667,0.0,2.750000041,-1.395833354,0.200790486,7.749312871702732,0.3073074111634861
2015-07-22,345.8291718,343.2333384,297.2541711,0.006054167,98099.16667,0.0,1.887500028,0.816666679,0.200865256,6.654205797694124,0.3440661823004801
2015-07-23,353.4166719,314.7041714,294.9500044,0.005841667,98370.0,0.0,1.908333362,0.500000007,0.200954653,5.984259176580726,0.3832513740980054
2015-07-24,352.4708386,314.9500047,294.5583377,0.005083333,98873.75,0.0,1.441666688,0.341666672,0.20103006,5.738151935434405,0.3434149003686591
2015-07-25,355.9583386,305.2500045,295.2625044,0.004129167,98946.25,0.0,1.404166688,0.041666667,0.201108876,5.590466057362382,0.2672926441683219
2015-07-26,348.1958385,322.3041715,296.1333377,0.004020833,98533.75,0.0,2.062500031,-1.158333351,0.20120195,6.467066070250231,0.2457190721101943
2015-07-27,349.6250052,337.700005,299.3958378,0.005420833,98455.41667,0.0,2.354166702,-3.858333391,0.20128098,7.920188495051719,0.2718586310156676
2015-07-28,350.7250052,333.9833383,300.9041712,0.003816667,98554.58333,0.0,0.150000002,-4.354166732,0.201344775,7.306310602192982,0.1752204180044232
2015-07-29,350.3458386,335.6666717,302.2500045,0.0031875,98470.41667,0.0,-0.041666667,-2.425000036,0.201437167,5.005869906559447,0.1351201749039085
2015-07-30,259.5083372,350.0041719,301.4916712,0.003345833,98614.58333,0.0,1.358333354,-0.004166667,0.201516209,3.824670089454576,0.1484809644200195
2015-07-31,291.2375043,361.8208387,300.0458378,0.004625,98712.91667,0.0,1.025000015,0.158333336,0.20159462,4.650454325251967,0.2237392486590582
2015-08-01,315.245838,355.4708386,298.9625045,0.0044375,98530.83333,0.0,1.612500024,0.279166671,0.201673012,5.299035262822652,0.2285502228944778
2015-08-02,323.7583382,350.9583386,297.9083378,0.005075,98433.75,0.0,1.641666691,0.991666681,0.201751412,5.386651895405032,0.2781858940910677
2015-08-03,327.3041715,331.4458383,295.8750044,0.0049375,98439.16667,0.0,1.720833359,1.204166685,0.201829809,5.0338446410176765,0.3062493182014557
2015-08-04,275.9583374,324.9333382,294.1458377,0.004666667,98504.58333,0.0,1.600000024,0.695833344,0.201922866,3.806495150264861,0.3222192989135965
2015-08-05,321.9416715,335.5083383,295.6541711,0.0060375,98726.25,0.0,1.287500019,0.704166677,0.201987265,4.310963477383041,0.380685985628412
2015-08-06,322.9291715,328.9166716,297.5333378,0.004266667,98435.41667,0.0,1.016666682,-1.183333351,0.202079693,4.47658079136296,0.2392355442891542
2015-08-07,310.883338,348.9833385,297.4833378,0.0041125,98204.58333,0.0,1.487500022,1.620833357,0.202158714,5.209736881936894,0.230747030001535
2015-08-08,321.6125048,336.7916717,296.7166711,0.004954167,98326.25,0.0,2.120833365,-0.487500007,0.202237117,5.21637142803219,0.291563210572741
2015-08-09,312.4625047,330.5083383,297.1291711,0.005,98434.16667,0.0,2.516666704,-1.516666689,0.202315524,5.515683963934642,0.2872951829844215
2015-08-10,310.0250046,333.7166716,297.3916711,0.004666667,98417.5,0.0,2.47083337,-0.820833346,0.20239395,5.520072991000285,0.2638674674402723
2015-08-11,303.9458379,329.6916716,296.4416711,0.0060375,98448.75,0.0,2.354166702,1.075000016,0.202472356,5.286638461129329,0.3617700510779185
2015-08-12,320.3541714,321.0666715,295.2500044,0.0053,98753.33333,0.0,1.720833359,1.608333357,0.202565364,5.457504675930712,0.3426784754180655
2015-08-13,317.6750047,321.1916715,295.3375044,0.005058333,98861.25,0.0,2.108333365,0.920833347,0.202644391,5.546399979952282,0.3256533701859083
2015-08-14,318.6916714,320.0875048,296.1333377,0.0056375,98858.33333,0.0,2.237500033,-0.350000005,0.202708219,5.319782205170617,0.3456508735221524
2015-08-15,317.7041714,319.1333381,297.8500044,0.004041667,98826.25,0.0,1.066666683,-2.800000042,0.202800599,5.768502023914819,0.2232108041272256
2015-08-16,291.591671,328.7791716,300.0250045,0.002620833,98540.83333,0.0,0.825000012,-1.854166694,0.202830297,4.487673591354529,0.1267210020673507
2015-08-17,319.8583381,317.9333381,299.9666711,0.0023125,98296.25,0.0,1.558333357,-1.33750002,0.202871821,4.619281500681702,0.1119217649430038
2015-08-18,300.2958378,313.033338,297.8666711,0.002316667,98326.66667,0.0,1.850000028,0.512500008,0.202899332,4.336560106256418,0.1271688791220074
2015-08-19,310.6416713,315.570838,296.3000044,0.003770833,98376.25,0.0,1.429166688,1.062500016,0.20292623,4.337497356614495,0.2277431736182691
2015-08-20,308.2416713,316.045838,295.3458377,0.004004167,98371.25,0.0,1.595833357,0.291666671,0.202967739,4.08863392145754,0.2563775158262187
2015-08-21,299.1166711,316.8666714,295.2208377,0.0041375,98193.75,0.0,1.775000026,-0.166666669,0.202995275,3.931331717828619,0.2664774364046878
2015-08-22,304.5541712,322.5916715,294.9958377,0.004629167,98302.5,0.0,1.508333356,0.66250001,0.203036785,3.9973083523788255,0.3026386600041636
2015-08-23,293.466671,328.4791716,295.2541711,0.005304167,98520.41667,0.0,1.258333352,1.575000023,0.203064314,4.061707889739164,0.3420513376443133
2015-08-24,298.9875045,331.2666716,295.3583377,0.004308333,98702.08333,0.0,1.712500026,0.400000006,0.20309122,4.147737874734696,0.2765676765652682
2015-08-25,283.6708376,325.4500048,295.4583377,0.00375,98598.75,0.0,1.59166669,-0.025,0.20313272,3.7652831878590978,0.2390010889499812
2015-08-26,287.0500043,335.7333383,297.2166711,0.004666667,98644.16667,0.0,1.687500025,0.44583334,0.20316025,3.9830062537700655,0.2672927758973381
2015-08-27,290.816671,346.5500052,297.9958378,0.004304167,98794.58333,0.0,2.129166698,-0.583333342,0.203201775,4.491902014757115,0.2355524078762736
2015-08-28,263.4541706,361.5416721,299.1833378,0.005183333,98494.58333,0.0,2.741666708,-0.44583334,0.203229285,4.546765810109661,0.2633680601699913
2015-08-29,220.3958366,371.8000055,295.4250044,0.006829166,98473.33333,0.0,1.845833361,3.283333382,0.203256149,4.275501281673558,0.4355849099491515
2015-08-30,283.8083376,316.5458381,293.7833377,0.005883333,98734.58333,0.0,2.975000044,-1.100000016,0.20328303,3.956447178915076,0.4164510010936348
2015-08-31,288.9958376,323.1333381,294.7041711,0.00495,98505.41667,0.0,2.045833364,-2.454166703,0.203324626,4.209652641910906,0.3301715060549562
2015-09-01,287.5375043,318.0500047,295.4500044,0.0043875,98245.41667,0.0,1.358333354,-0.404166673,0.203366811,3.21631716155296,0.2787718631494484
2015-09-02,284.1833376,326.9041715,295.5708377,0.006029167,98336.66667,0.0,2.008333363,-0.137500002,0.203394327,3.3515137687773198,0.3806012875003708
2015-09-03,283.3083376,325.9208382,294.2791711,0.006541667,98275.0,0.0,2.370833369,-0.941666681,0.203435816,3.32248494110572,0.4469185883763749
2015-09-04,286.0125043,300.3250045,292.6625044,0.004904167,98237.91667,0.0,2.766666708,-1.404166688,0.203448729,3.20224189119955,0.3704583683060248
2015-09-05,284.8541709,293.041671,292.2583377,0.00385,98570.41667,0.0,2.079166698,-4.041666727,0.203489634,3.571034543926632,0.2993219713427353
2015-09-06,281.4041709,291.2125043,293.2875044,0.002308333,98735.0,0.0,0.70000001,-3.004166711,0.203531768,3.11741913398208,0.1685259566086763
2015-09-07,281.3708375,300.3000045,295.4958377,0.002045833,98583.33333,0.0,0.670833343,-2.695833374,0.203559286,3.242728645323554,0.1300680638158666
2015-09-08,279.5041708,303.2166712,297.4916711,0.001708333,98462.08333,0.0,0.145833336,-1.779166693,0.2036008,2.8018445453786995,0.0960552607151915
2015-09-09,274.1583374,312.7750047,297.6500044,0.002029167,98365.41667,0.0,0.395833339,0.179166669,0.203619462,2.142497092416217,0.1128975132693261
2015-09-10,264.7625039,335.9416717,300.2333378,0.002916667,98408.33333,0.0,1.433333355,-0.908333347,0.203655226,2.978265538473475,0.1391072955492813
2015-09-11,256.3291705,343.5458385,300.5791711,0.002791667,98438.75,0.0,2.566666705,-0.912500014,0.203696781,3.445272997089606,0.1304905198850303
2015-09-12,205.2458364,355.941672,300.1708378,0.004204167,98440.41667,0.0,2.437500036,-0.491666674,0.203724316,3.132282804957342,0.2013224673929345
2015-09-13,157.9958357,369.0458388,298.8250045,0.004370833,98333.33333,0.0,1.004166682,-1.741666693,0.203765838,2.622077639994122,0.2265209633417843
2015-09-14,142.6250021,356.5833386,295.4875044,0.005916667,97886.66667,0.0,1.200000018,3.479166719,0.203793368,3.006784832178554,0.3736972535199349
2015-09-15,221.3125033,331.3166716,291.9125043,0.0071625,98141.25,0.0,2.308333368,1.537500023,0.203820254,2.973802789508715,0.5666549607663736
2015-09-16,101.7750015,324.5875048,288.2958376,0.00565,98580.83333,9.700000145,1.391666687,2.170833366,0.203462107,25.10867299544889,0.5660494815359804
2015-09-17,236.5666702,323.8708382,287.3750043,0.0074125,99072.08333,3.500000052,-0.095833335,-1.033333349,0.203087229,44.77209133533329,0.7925202898836545
2015-09-18,254.7500038,305.7416712,292.141671,0.005429167,98727.91667,0.0,1.675000025,-3.283333382,0.202697703,49.51556420198215,0.4258892525898364
2015-09-19,253.0250038,304.3166712,294.4625044,0.003795833,98438.75,0.0,0.966666681,-2.491666704,0.20230754,28.828525931547347,0.2568254597321521
2015-09-20,251.6958371,306.7750046,296.2166711,0.002729167,98351.66667,0.0,0.187500003,-1.766666693,0.201946634,17.80530355460781,0.1656299746875574
2015-09-21,243.808337,322.3541715,296.5166711,0.003120833,98170.41667,0.0,0.862500013,-0.545833341,0.201557771,12.403938139812723,0.1856228532456213
2015-09-22,243.0875036,318.0041714,295.9291711,0.003875,98102.08333,0.0,2.079166698,-0.275000004,0.201182246,9.46200295878103,0.2387316668264466
2015-09-23,242.4083369,305.3375045,293.3208377,0.004375,98604.16667,0.0,1.716666692,-0.962500014,0.200792739,6.793815813226098,0.3183217515210556
2015-09-24,224.14167,319.2041714,294.6833377,0.003579167,98540.0,0.0,1.437500021,-1.395833354,0.200417233,6.238153568598475,0.2391265824001697
2015-09-25,233.5791701,318.1750047,295.8583377,0.003108333,98380.41667,0.0,1.891666695,-0.86666668,0.200042335,6.019600748623219,0.1928765765708741
2015-09-26,233.8041702,328.7208382,295.8583377,0.004358333,98507.5,0.0,1.991666696,-0.66250001,0.199652789,5.649622981157975,0.2707902350159109
2015-09-27,215.8875032,329.1666716,296.2750044,0.00485,98228.75,0.0,1.254166685,-1.195833351,0.199278773,4.693604473504423,0.2929279424581569
2015-09-28,227.3916701,330.7333383,294.3333377,0.0038375,98195.0,0.0,1.620833357,0.475000007,0.198893597,4.931097080410965,0.2610819033561087
2015-09-29,218.9875033,309.5375046,292.6375044,0.004091667,98432.08333,0.0,1.608333357,1.212500018,0.198503679,4.150214629226617,0.3101798743227387
2015-09-30,161.6250024,335.7208383,290.329171,0.003741667,98617.08333,0.0,1.320833353,0.391666673,0.198134587,3.278786830932342,0.3289366705359322
2015-10-01,122.0583352,364.1916721,290.179171,0.005720833,98697.91667,0.0,0.141666669,0.954166681,0.197751735,2.624120707807006,0.5081944400248188
2015-10-02,217.0250032,322.8333381,292.004171,0.006741666,98990.83333,0.0,1.695833359,-3.891666725,0.197369004,4.172856264915852,0.5348743172699246
2015-10-03,221.07917,303.1208379,293.191671,0.003833333,98098.75,0.0,1.695833359,-3.441666718,0.196987164,4.540952683328988,0.2797294405642218
2015-10-04,215.5958365,308.8750046,293.0458377,0.003970833,97449.16667,0.0,0.900000013,-5.870833421,0.196608162,5.3028909394082335,0.290482251351677
2015-10-05,212.5333365,315.370838,292.429171,0.004275,98100.41667,0.0,1.13333335,-2.625000039,0.196234659,3.718180108876236,0.3272421011623752
2015-10-06,208.5041698,317.6250047,292.541671,0.005104167,98771.66667,0.0,2.075000031,-0.195833336,0.195851364,3.073640749342861,0.3906142779838669
2015-10-07,202.362503,315.8041714,292.3333377,0.005216667,99095.41667,0.0,1.633333358,0.033333334,0.195468097,2.620105866816436,0.4058143037780398
2015-10-08,205.5125031,325.1916715,293.6625044,0.004745833,99037.91667,0.0,1.495833356,-1.116666683,0.195084949,2.9039587044448067,0.3395097379072294
2015-10-09,209.0458364,310.0625046,294.4166711,0.004441667,98895.83333,0.0,1.862500028,-1.191666684,0.194701616,2.8697468071307286,0.3027758475834178
2015-10-10,199.8458363,318.7000047,294.6416711,0.0049625,98717.08333,0.0,1.712500026,-0.466666674,0.194338006,2.582734177693073,0.3330002439119462
2015-10-11,196.8625029,331.6750049,294.2541711,0.006441667,98745.83333,0.0,1.437500021,-1.908333362,0.193949316,2.8472577084394035,0.4428810310245289
2015-10-12,198.562503,322.4000048,295.0041711,0.005529167,98723.33333,0.0,0.683333344,-1.650000025,0.193559494,2.5406501471590524,0.3628385468942712
2015-10-13,196.0250029,324.2291715,296.6625044,0.004691667,98769.58333,0.0,0.020833334,-0.68750001,0.193184292,1.88312123152221,0.278275057697822
2015-10-14,189.5458362,329.0625049,296.0541711,0.004225,98766.25,0.0,1.445833355,-0.20416667,0.192795106,2.405667054992612,0.2600606211191629
2015-10-15,138.7250021,343.3208384,296.0250044,0.004941667,98584.58333,0.0,1.029166682,0.504166674,0.192426815,1.6269675912560977,0.3041559810874581
2015-10-16,156.3375023,353.2708386,294.6958377,0.006104167,98586.66667,0.0,0.25416667,0.754166678,0.191425102,1.895319152949456,0.4077016621394509
2015-10-17,156.4333357,359.8083387,293.6583377,0.007491666,98471.25,0.0,1.054166682,0.629166676,0.190395808,2.0719106233231304,0.5330142991397542
2015-10-18,174.8458359,323.0666715,291.5333377,0.008629166,98639.58333,0.900000013,2.220833366,-0.391666673,0.189362954,2.398734543969913,0.7028072070559452
2015-10-19,163.9375024,329.2916716,290.7583377,0.007729166,98737.08333,0.70000001,2.775000041,-2.2416667,0.18832975,3.0800879813317623,0.6619284667604459
2015-10-20,184.1750027,304.8041712,290.866671,0.006029167,98827.5,0.0,0.958333348,-5.050000075,0.18731116,3.48665156365634,0.5132589383061806
2015-10-21,183.6833361,290.2083377,292.1500044,0.003625,98703.33333,0.0,0.70000001,-4.995833408,0.186278579,3.9543366669689113,0.2841418622826448
2015-10-22,181.2041694,298.5916711,291.8583377,0.003120833,98640.0,0.0,0.404166673,-2.44583337,0.185245366,2.9775367790744114,0.2490071609532694
2015-10-23,159.3000024,302.7875045,291.7875043,0.003783333,98741.25,0.0,0.375000006,-1.483333355,0.184212149,2.0211521396104746,0.3035325839311084
2015-10-24,151.3583356,317.0041714,290.8125043,0.004025,98671.66667,0.0,1.233333352,-0.183333336,0.183193559,1.8870618567415969,0.3432873453224074
2015-10-25,175.0750026,314.795838,291.6083377,0.004241667,98563.75,0.0,2.450000037,-0.050000001,0.182160982,2.4057936571315275,0.3435639849435001
2015-10-26,173.1833359,297.1458378,290.666671,0.005220833,98754.58333,0.0,1.079166683,-2.287500034,0.181127766,1.874466530852503,0.4498139190509255
2015-10-27,85.56666794,329.0500049,290.4958377,0.004241667,98732.91667,0.0,1.212500018,-1.650000025,0.180109175,1.1947491699515524,0.3693759442822511
2015-10-28,86.69166796,369.7666722,290.141671,0.005833333,98862.5,0.0,0.19166667,-0.729166678,0.179076461,1.3309064813892872,0.5202998438143266
2015-10-29,164.8083358,299.1250045,289.054171,0.006791666,98895.0,0.0,1.195833351,-4.737500071,0.178049071,1.6510103557657658,0.6498735858151876
2015-10-30,160.5166691,295.0375044,291.0875043,0.00385,98960.83333,0.0,1.245833352,-4.866666739,0.177007367,2.484370994577969,0.32361203767086
2015-10-31,153.9625023,308.9750046,290.6458377,0.0036375,98889.16667,0.0,1.78333336,-1.991666696,0.175992417,1.8968992623738816,0.3142422322074855
2015-11-01,54.68333415,350.0250052,288.9833376,0.006258333,99041.66667,7.600000113,1.970833363,0.620833343,0.174969729,13.412149589096124,0.6024794677996343
2015-11-02,117.0208351,344.5583385,286.3291709,0.0075375,98524.16667,30.10000045,3.025000045,-1.879166695,0.173932026,47.78477449931844,0.8584590864839724
2015-11-03,152.1625023,273.8416707,283.2708376,0.0047625,98412.91667,0.100000001,2.658333373,-5.533333416,0.172908313,34.74174497132551,0.6646574757414169
2015-11-04,154.704169,251.4583371,283.2208376,0.003129167,98909.58333,0.0,1.304166686,-5.212500078,0.171870614,26.719892723070515,0.4404000760693429
2015-11-05,131.0208353,270.787504,282.3458375,0.002479167,99456.25,0.0,0.541666675,-2.045833364,0.170846898,11.783454458636946,0.372332432561739
2015-11-06,149.6041689,263.5833373,284.3916709,0.0031,99708.33333,0.0,0.529166675,-2.579166705,0.169809198,9.618275339384963,0.406461432896717
2015-11-07,135.7458354,271.4541707,284.2958376,0.003566667,99356.25,0.0,0.283333338,-0.391666673,0.168785486,4.373807533696652,0.469002833367148
2015-11-08,137.8875021,279.8500042,283.6916709,0.004391667,98791.25,0.0,1.404166688,0.716666677,0.167762406,4.466872413281585,0.5980180210699808
2015-11-09,92.22083471,296.6875044,282.0708375,0.0054375,98575.0,14.60000022,1.462500022,2.729166707,0.166724706,24.92094750649421,0.8247260761185333
2015-11-10,140.8791688,278.1291708,281.3625042,0.005108333,99139.58333,0.300000004,1.400000021,-1.520833356,0.165700994,21.31386531644521,0.8179912034838979
2015-11-11,141.3333354,249.9958371,281.8416709,0.004229167,99973.33333,0.0,1.233333352,-2.883333376,0.164663291,19.185260787088318,0.660828694059351
2015-11-12,139.3666687,255.9208371,282.3500042,0.003754167,99833.75,0.0,0.975000015,-3.708333389,0.163639579,20.44373908534186,0.5657969764265545
2015-11-13,136.1833354,261.9541706,282.7916709,0.003370833,99247.91667,0.0,0.412500006,-3.083333379,0.162616502,14.988866483294704,0.4900906975562144
2015-11-14,135.2791687,261.2791706,283.5875042,0.003666667,98746.66667,0.0,0.383333339,-0.929166681,0.161578799,6.5978383926674455,0.5025877809110668
2015-11-15,97.21250145,306.8625046,282.8625042,0.005404167,98094.58333,13.7000002,2.325000035,1.841666694,0.160555087,33.20409158935036,0.7728634348769681
2015-11-16,133.2791687,246.1791703,281.1833375,0.0033375,99344.16667,0.0,3.441666718,-6.766666767,0.160075414,52.132229249548686,0.5421719510891183
2015-11-17,127.8708352,273.3625041,280.4416708,0.002870833,99846.25,0.0,1.912500028,-4.379166732,0.159633991,27.51721576055603,0.493341683391026
2015-11-18,127.3083352,271.7208374,281.8833375,0.004054167,99565.0,0.0,1.954166696,-4.26666673,0.159163957,13.691167831135488,0.6291001333512815
2015-11-19,125.1583352,276.8833375,283.1458376,0.0041625,99425.41667,0.0,1.504166689,-4.216666729,0.158707272,10.244288213162648,0.5918849018821373
2015-11-20,125.0875019,286.2375043,285.0291709,0.004445833,99232.08333,0.0,0.90416668,-4.270833397,0.158251225,8.381276699488595,0.5559256537362972
2015-11-21,121.5791685,284.1000042,286.6375043,0.004325,99059.16667,0.0,0.395833339,-3.908333392,0.157809802,6.631210504486875,0.4852911371479866
2015-11-22,120.2458351,279.8000042,285.1833376,0.004158333,99022.91667,0.0,-1.345833353,-0.491666674,0.157354391,3.583757228357903,0.5135743337205873
2015-11-23,122.3666685,275.3375041,284.2166709,0.004458333,98599.58333,0.0,0.041666667,0.808333345,0.156898345,2.4948484651655667,0.5848883437625231
2015-11-24,89.08333466,296.6833378,283.3583376,0.005891667,98363.33333,3.200000048,2.350000035,2.162500032,0.156456922,5.194183903816078,0.8169812633799918
2015-11-25,108.2208349,275.0000041,280.9250042,0.0043625,98466.25,0.0,2.520833371,-2.212500033,0.156001508,4.77925069743404,0.715032135187663
2015-11-26,123.0500018,238.9083369,279.1083375,0.003266667,99033.33333,0.0,-0.370833339,-2.833333376,0.155530838,3.3116214042760306,0.6109557082721015
2015-11-27,124.0458352,230.6416701,280.0291708,0.002454167,99378.75,0.0,-0.137500002,-5.850000087,0.155074156,4.246250679101072,0.4319475701314661
2015-11-28,124.1541685,219.4500033,277.8458375,0.001966667,99447.08333,0.0,-1.608333357,-2.837500042,0.154632733,2.458221246754999,0.4036747991441441
2015-11-29,122.7000018,218.2541699,276.6166708,0.001808333,99410.41667,0.0,-1.666666692,-0.47083334,0.154177322,1.5356045786536057,0.4049267731766401
2015-11-30,102.3708349,240.5791703,276.8291708,0.001845833,99546.25,0.0,-1.787500027,0.841666679,0.153721276,1.4270957237060258,0.4076557128683774
2015-12-01,105.5458349,272.7333374,278.8625042,0.0020375,99591.66667,0.0,-0.550000008,0.058333334,0.153265226,1.9077093837729504,0.3898753578782288
2015-12-02,45.52083401,315.9166714,280.0625042,0.002541667,99553.33333,0.0,-1.520833356,1.879166695,0.152823803,1.4414620747523528,0.4470974759669826
2015-12-03,39.20416725,339.5500051,282.3875042,0.0042875,98830.41667,12.30000018,-1.658333358,5.516666749,0.152368392,48.28962788260456,0.6380495533789897
2015-12-04,99.59166815,296.9416711,281.8208375,0.0060875,99265.83333,0.200000003,0.787500012,3.070833379,0.151897723,11.06690895683198,0.9458189979555738
2015-12-05,81.35833455,282.6083375,281.5375042,0.00515,99720.41667,1.000000015,-1.387500021,2.03750003,0.151455664,7.947427443965498,0.8195861671151341
2015-12-06,40.20416727,336.3333383,281.3916709,0.0056625,99647.91667,8.200000122,-2.191666699,5.162500077,0.15100025,23.41842096471477,0.909553862275258
2015-12-07,43.24166731,334.9041717,282.7875042,0.006808333,99835.0,0.100000001,-0.883333346,2.116666698,0.150544203,7.687586298033122,0.9960114858740844
2015-12-08,93.22916806,328.2791716,283.9750042,0.006904166,99575.41667,0.0,-0.512500008,1.100000016,0.150088157,16.085703957989136,0.9296990080770804
2015-12-09,42.8291673,327.3500049,284.4583376,0.007279166,99127.91667,2.400000036,-0.508333341,3.075000046,0.149646733,5.674140742897057,0.944633067375109
2015-12-10,88.85000132,335.987505,284.4583376,0.007408333,98456.25,11.10000017,1.583333357,4.554166735,0.149191323,29.739169696440246,0.9548811662745368
2015-12-11,86.97916796,315.9875047,282.5750042,0.005941667,98272.5,18.00000027,3.462500052,2.125000032,0.148735277,30.82125840794554,0.8680706026771081
2015-12-12,65.72083431,287.3791709,280.5583375,0.004683333,99052.08333,0.100000001,1.658333358,-0.862500013,0.148279227,7.675752827561189,0.7919909107319993
2015-12-13,57.35833419,331.4166716,281.1125042,0.0056375,98798.75,25.20000038,1.266666686,4.404166732,0.14782318,25.012154228062567,0.9152275943038104
2015-12-14,108.0583349,251.4291704,279.0041708,0.004025,98974.58333,0.0,3.562500053,-5.479166748,0.147367134,21.59558781513049,0.7578467445234982
2015-12-15,111.2000017,229.6250034,277.7625041,0.003029167,99393.33333,0.0,1.612500024,-5.533333416,0.146911088,17.62987915027324,0.6251012419557597
2015-12-16,92.40416804,250.1416704,277.9291708,0.0028625,99592.5,0.0,1.033333349,-3.658333388,0.146595206,10.57774590344544,0.5849537513851849
2015-12-17,36.68333388,305.9000046,277.6583375,0.0034375,99670.0,0.0,-0.079166668,1.583333357,0.146300041,4.260251803988637,0.7166068589473737
2015-12-18,39.14583392,318.3666714,279.7416708,0.004941667,99171.25,10.50000016,-1.258333352,3.845833391,0.145990889,17.376817789344564,0.8854778123056429
2015-12-19,77.87916783,314.283338,280.4708375,0.005866667,98681.66667,5.100000076,1.045833349,0.808333345,0.145681102,17.72164863846187,0.9943953302048072
2015-12-20,28.42083376,286.0000043,277.6166708,0.0045625,99140.0,9.600000143,0.825000012,1.587500024,0.145371314,0.0,0.9488726508749564
2015-12-21,32.37500048,338.2416717,279.6958375,0.005766667,99004.58333,23.60000035,-0.270833337,5.725000085,0.145061523,8.717291461944638,1.0348682540458594
2015-12-22,91.03333469,332.2583383,282.8458375,0.006854166,98002.5,13.2000002,3.533333386,2.191666699,0.144766358,27.90763316707977,0.9804199337422268
2015-12-23,107.0583349,263.4375039,281.8375042,0.005058333,98430.41667,0.0,3.308333383,-3.395833384,0.144457206,19.48161627476576,0.7784137401320884
2015-12-24,59.42500089,276.7083375,280.2375042,0.004595833,98530.83333,1.800000027,4.041666727,0.787500012,0.144147418,10.82675781442116,0.7904767973535424
2015-12-25,104.6583349,265.6458373,277.8458375,0.003995833,99067.08333,0.0,2.625000039,-1.725000026,0.14383763,12.31205455471672,0.8170440341487833
2015-12-26,109.7041683,227.0666701,276.9875041,0.003045833,100161.25,0.0,0.47083334,-4.729166737,0.143527843,11.850751048641586,0.6692362649782183
2015-12-27,89.37500133,246.4541703,275.5000041,0.0026875,99800.83333,0.100000001,0.029166667,-0.21666667,0.143232678,2.2686247369704526,0.6545933502183985
2015-12-28,91.66250137,286.3875043,276.0083374,0.0031625,99150.41667,1.800000027,1.062500016,-1.270833352,0.143391462,10.955291732308352,0.737770868830473
2015-12-29,97.23750145,240.8833369,277.4041708,0.003170833,99038.33333,1.300000019,1.529166689,-4.71250007,0.143245707,12.096582382865218,0.6687744700030647
2015-12-30,97.52083479,271.562504,277.3583375,0.003991667,99092.5,0.400000006,0.050000001,-0.387500006,0.142818935,5.744468095804238,0.8451069375070641
2015-12-31,112.895835,228.7833367,278.0333375,0.003245833,99250.83333,0.0,0.358333339,-3.450000051,0.142383898,5.984123992539143,0.6561649479611991
2016-01-01,105.7458349,215.2666699,277.1583375,0.001783333,99065.0,0.0,-1.087500016,-2.866666709,0.141990187,5.958677911387009,0.3828634953171694
2016-01-02,65.59166764,256.7750038,276.1375041,0.0021875,98865.83333,0.0,-2.220833366,-0.233333337,0.141640345,3.1487290512253443,0.5041540090925252
2016-01-03,68.22083435,322.3958381,278.9791708,0.003304167,98340.41667,0.400000006,-3.804166723,2.079166698,0.141275876,5.846731182100967,0.6192224136677048
2016-01-04,32.35833382,332.5333383,280.1708375,0.00495,97791.25,9.40000014,-2.587500039,2.320833368,0.140904418,16.812607674584306,0.8489196151422409
2016-01-05,58.74166754,335.2916717,281.3666709,0.006266667,97277.08333,26.10000039,-1.13333335,5.345833413,0.140532323,20.24781507992245,0.9843400405374984
2016-01-06,61.87083426,316.8791714,280.6208375,0.005820833,97397.08333,19.9000003,-1.550000023,5.37500008,0.140186296,17.770023418564,0.9637302571914378
2016-01-07,77.17916782,309.3708379,279.6875042,0.005583333,97860.83333,0.900000013,0.0125,1.208333351,0.139856163,12.41093919755419,0.9909676386854755
2016-01-08,67.48333434,294.8208377,279.4083375,0.005391667,98553.33333,0.0,-0.633333343,-0.037500001,0.139546375,5.633774095841653,0.9826711349867596
2016-01-09,33.84583384,328.7583382,280.0791708,0.006,98807.08333,6.900000103,-2.075000031,2.429166703,0.139251211,6.321420542834709,1.0463196525936975
2016-01-10,76.22500114,327.9791716,280.9083375,0.006066667,99042.5,0.0,-2.116666698,0.579166675,0.138928072,16.51761796504757,1.0013218723824318
2016-01-11,75.73333446,310.6250046,281.0416709,0.005895833,99314.58333,0.0,-2.570833372,1.033333349,0.138617012,10.674491806064522,0.9668703224035344
2016-01-12,92.11250137,284.7000042,281.7333375,0.0064125,99257.08333,0.0,-1.741666693,2.03750003,0.138321848,4.842104360953648,1.0022145381453915
2016-01-13,36.13333387,343.6458385,283.6458376,0.006854166,98419.58333,17.60000026,-0.666666677,7.37500011,0.138012696,22.40840411691697,0.9327063295358786
2016-01-14,44.02916732,301.4916712,279.8208375,0.0050625,98817.08333,1.300000019,-0.733333344,3.279166716,0.137702908,7.632140217930482,0.8989217813820823
2016-01-15,78.68750117,300.4666711,280.7666709,0.005866667,98426.66667,7.600000113,0.095833335,2.362500035,0.13739312,13.920127821066744,0.9717451138750066
2016-01-16,77.87500116,327.5250049,281.5500042,0.006591667,98778.33333,13.5000002,-1.966666696,3.712500055,0.137856081,17.805736736200338,1.0382160953518569
2016-01-17,39.11250058,336.2083383,284.3208376,0.0080125,98687.08333,10.60000016,-1.887500028,5.883333421,0.138338021,0.1988207519968632,1.044762645528665
2016-01-18,63.12083427,343.8416718,284.9125042,0.008070833,98548.33333,13.3000002,-0.416666673,2.487500037,0.138819321,17.355022349121946,1.0100905334224113
2016-01-19,72.12500107,349.6375052,285.3875043,0.007683333,98391.25,18.40000027,-0.862500013,5.625000084,0.139300625,33.246643195133,0.930148670591793
2016-01-20,85.45000127,303.0416712,283.4875042,0.006033333,98870.0,0.0,-0.86666668,1.333333353,0.139796551,11.62317903277944,0.8336271040936375
2016-01-21,95.70416809,305.3625046,282.4875042,0.0065375,98990.83333,0.0,-1.729166692,2.429166703,0.140278487,10.467102193368335,0.967849856446928
2016-01-22,56.00833417,345.1666718,284.4666709,0.007866666,98355.83333,5.100000076,-2.637500039,7.000000104,0.140759791,10.9845536804763,1.0123574165584408
2016-01-23,55.42083416,336.9166717,284.1666709,0.006583333,98074.16667,4.500000067,-0.075000001,6.479166763,0.141255714,35.63281221031409,0.8619539648233436
2016-01-24,71.80000107,295.9500044,282.2583375,0.005541667,98732.91667,0.0,0.87916668,0.370833339,0.141737654,6.984077410289652,0.8311641577173827
2016-01-25,104.1666682,315.495838,282.9291709,0.006479167,99108.33333,2.400000036,-0.65000001,-0.320833338,0.142233581,19.514786086635677,0.931951777273772
2016-01-26,119.5708351,279.6541708,283.4291709,0.006329167,99306.25,0.0,0.937500014,-1.966666696,0.142715517,12.79885472800214,0.8818293651011638
2016-01-27,111.3125017,293.504171,283.3916709,0.006183333,99406.25,0.0,-0.520833341,-0.041666667,0.143211443,10.453026069328608,0.8645664439449182
2016-01-28,47.74583404,315.0416714,284.0041709,0.006691666,99191.25,0.200000003,-0.195833336,0.795833345,0.143693379,1.9796298753147483,0.8958485521139319
2016-01-29,35.8166672,372.4916722,284.9166709,0.008233333,98665.83333,4.00000006,0.091666668,2.995833378,0.144174683,11.635871031458285,1.031369567433848
2016-01-30,99.48333482,321.8708381,283.8375042,0.005941667,98330.41667,0.70000001,2.379166702,-0.295833338,0.144670606,20.90698680365276,0.7974337948369317
2016-01-31,120.5750018,268.7083373,280.9333375,0.004370833,98061.25,0.0,2.029166697,-4.008333393,0.145152545,17.45318881544976,0.7130414432853228
2016-02-01,143.2833355,233.2041701,280.8541709,0.002483333,98450.0,0.0,3.379166717,-7.425000111,0.145633849,26.771901776946223,0.4089550676047233
2016-02-02,72.99166775,296.7750044,279.3416708,0.004058333,99053.33333,0.400000006,0.45833334,0.162500002,0.146129772,4.795313408121298,0.7468837498501918
2016-02-03,64.54166763,298.0500044,278.3333375,0.0046125,99415.83333,0.200000003,-1.470833355,0.945833347,0.146611712,3.207939442093024,0.914436482690428
2016-02-04,117.3875017,311.045838,280.7916709,0.0057375,99739.16667,1.600000024,-1.129166683,0.70000001,0.147093012,10.030648440561713,0.9613618764068892
2016-02-05,136.8166687,268.8833373,282.2083375,0.0050625,99670.83333,0.0,-0.104166668,-1.241666685,0.147588939,6.445383626098101,0.7691289822944264
2016-02-06,149.8583356,272.9875041,283.3875042,0.005316667,99685.0,0.0,0.195833336,-1.962500029,0.148070878,6.664730384849121,0.7456819587393586
2016-02-07,153.0875023,290.2125043,287.1166709,0.005966667,99392.5,0.0,0.158333336,-4.841666739,0.148552178,8.287338725316584,0.650925284617539
2016-02-08,156.2250023,291.9125043,291.3708377,0.005083333,99255.41667,0.0,-1.545833356,-3.329166716,0.149033482,9.675574855075078,0.4209121348097905
2016-02-09,154.1375023,282.6333375,288.6000043,0.005220833,99105.0,0.0,-1.737500026,0.304166671,0.149529405,5.315458774314654,0.515555988238986
2016-02-10,156.2458357,279.7750042,287.616671,0.005720833,99065.41667,0.0,0.087500001,-0.308333338,0.150011345,3.8645209237049936,0.6020220512462462
2016-02-11,151.6083356,302.4291712,288.479171,0.006266667,98869.58333,0.0,0.0,-1.858333361,0.150492648,4.609588667270703,0.6222186363672889
2016-02-12,146.8750022,299.0458378,288.0708376,0.0068875,98887.91667,0.0,1.454166688,-2.187500033,0.150988572,3.804450832950674,0.7023819545076134
2016-02-13,166.6000025,286.5666709,288.6458376,0.006604166,99062.91667,0.0,1.887500028,-4.125000061,0.151470511,4.845356165139029,0.6499493853752438
2016-02-14,162.2000024,303.8458379,289.8000043,0.00595,99258.75,0.0,2.100000031,-5.483333415,0.151951811,6.884600660572381,0.5446347868251726
2016-02-15,166.3583358,313.0500047,292.7750044,0.00625,99074.58333,0.0,1.037500015,-5.762500086,0.152435022,8.22759153201748,0.4727935550051421
2016-02-16,160.5416691,295.9791711,290.691671,0.006075,98442.5,0.0,0.070833334,-3.212500048,0.152941898,4.956543530685645,0.5209217166406142
2016-02-17,84.46666793,327.9291716,288.8000043,0.0071625,97279.58333,5.800000086,-1.550000023,5.037500075,0.153435957,16.23948783892335,0.6853320793084303
2016-02-18,67.68333434,324.2208382,283.2291709,0.0058875,97200.83333,10.10000015,1.237500018,7.929166785,0.153944635,42.981190016206895,0.8138347459999888
2016-02-19,91.6833347,319.8625048,282.7500042,0.006066667,98388.33333,4.400000066,-0.541666675,5.341666746,0.15443933,36.56857351408321,0.876881452021254
2016-02-20,155.7583357,275.4500041,282.1875042,0.0050125,98993.33333,0.0,0.479166674,-0.725000011,0.154948009,22.56734796429688,0.7574324564135723
2016-02-21,135.012502,278.9791708,282.9583375,0.004970833,99107.08333,0.0,0.850000013,-1.520833356,0.155442704,18.843507941133588,0.7135734211526588
2016-02-22,184.3416694,278.8750042,286.2041709,0.0056,99130.83333,0.0,0.412500006,-3.887500058,0.155947669,31.872193334587603,0.6470404130569635
2016-02-23,179.8250027,270.7583374,287.1500043,0.003254167,98687.5,0.0,-0.279166671,-1.895833362,0.156438608,22.355989336888555,0.3517209968991429
2016-02-24,186.0208361,265.1541706,286.3750043,0.004791667,98764.16667,0.0,-0.537500008,-0.750000011,0.156943511,12.247832436886949,0.5454084918966317
2016-02-25,181.6125027,287.7625043,287.716671,0.005779167,98814.16667,0.0,-0.47083334,-1.529166689,0.157434421,12.295685132587543,0.6026697453897776
2016-02-26,141.4000021,303.9333379,288.341671,0.006520833,98674.58333,0.0,-0.050000001,1.041666682,0.157939352,7.5171203969192275,0.651971620148964
2016-02-27,170.4416692,300.8791712,287.2166709,0.006504167,98821.66667,0.0,1.000000015,-0.720833344,0.15843034,8.046235702603633,0.7008774766762262
2016-02-28,155.7083357,301.1750045,285.1083376,0.0059625,98875.41667,0.0,1.416666688,-0.437500007,0.158949951,5.813962863984127,0.7389849763646454
2016-02-29,180.158336,293.0583377,287.0000043,0.00565,98991.25,0.0,0.720833344,-2.391666702,0.159441537,6.035181445439548,0.6186085562228211
2016-03-01,184.9000028,310.7416713,288.516671,0.0053875,98722.91667,0.0,-0.004166667,1.233333352,0.159946387,6.2762509572378224,0.5328346147301039
2016-03-02,183.1000027,320.8250048,287.9083376,0.0079,98612.5,0.0,-0.237500004,2.995833378,0.160437285,4.2475185073875785,0.8119408864608737
2016-03-03,128.7583353,357.0583387,287.6708376,0.008258333,98519.16667,1.800000027,-0.954166681,3.666666721,0.160942214,5.517595718166916,0.8612072263354347
2016-03-04,125.4875019,343.1666718,286.5833376,0.0087375,98384.16667,1.000000015,-0.729166678,4.200000063,0.161433184,3.974347787700341,0.9771995328560866
2016-03-05,86.04583462,370.8583389,287.4875043,0.0090625,97800.83333,19.9000003,-1.59166669,7.541666779,0.161938198,44.28799835593321,0.9494854552139784
2016-03-06,152.9375023,320.8458381,284.6125042,0.006579167,97451.25,38.60000058,1.395833354,6.525000097,0.162429103,68.74110273622875,0.8307304302856978
2016-03-07,154.4083356,325.5791715,281.6750042,0.005779167,97615.83333,21.40000032,2.03750003,1.654166691,0.16293415,51.70923276229975,0.8918532210015655
2016-03-08,129.0083353,283.8083376,282.8875042,0.004233333,98321.25,0.600000009,1.958333363,-2.091666698,0.163439573,28.69564986527756,0.6057896401832046
2016-03-09,65.1958343,349.4333385,282.3916709,0.006675,98613.75,2.200000033,-1.904166695,3.583333387,0.163945153,15.637797886409356,0.9908891667034784
2016-03-10,53.35833413,362.4000054,285.8833376,0.008145833,98362.08333,12.20000018,-1.295833353,7.004166771,0.16443607,28.774362142552047,0.9539291830996692
2016-03-11,116.8166684,352.0750052,284.5250042,0.007758333,97729.16667,36.10000054,-2.191666699,6.137500091,0.164941049,42.802688474648086,0.9881856690376432
2016-03-12,87.4125013,322.9291715,282.3125042,0.006375,98186.25,11.50000017,0.404166673,5.883333421,0.165432056,28.53966435233324,0.9473508569494716
2016-03-13,71.23333439,357.954172,284.4958376,0.007175,98293.75,18.90000028,-0.120833335,7.825000117,0.165939654,42.90836060725707,0.9209630268734348
2016-03-14,192.2291695,317.6958381,284.7916709,0.005979167,98416.25,2.100000031,1.633333358,2.275000034,0.166437545,54.85443517182436,0.7533650370389638
2016-03-15,194.1541696,297.6416711,284.2208376,0.005070833,99153.75,0.0,1.112500017,-1.816666694,0.166934979,37.36611201497833,0.6687939578770367
2016-03-16,247.6916704,285.1083376,287.616671,0.005233333,98837.91667,0.0,0.454166673,-3.520833386,0.166813092,43.55873964270141,0.5494561150206004
2016-03-17,252.4416704,286.8541709,289.766671,0.005979167,98378.75,0.0,-0.520833341,-2.225000033,0.166635028,29.053724360054247,0.5436146998274448
2016-03-18,251.4750037,286.8416709,289.7125043,0.007070833,98190.0,0.0,0.454166673,-0.945833347,0.166484943,20.074079868264626,0.6438699725964336
2016-03-19,231.8791701,310.0166713,289.5083376,0.0075125,98306.66667,0.0,0.670833343,0.691666677,0.166321502,17.435428692186875,0.6939519310269179
2016-03-20,94.33750141,335.800005,287.616671,0.008045833,98366.25,4.800000072,-0.500000007,4.045833394,0.166157425,15.64760702639222,0.8407138220854438
2016-03-21,98.5583348,344.7333385,285.0375042,0.006775,98360.0,10.90000016,0.304166671,5.212500078,0.165993352,52.489531388248224,0.8392626375651795
2016-03-22,220.4500033,291.2125043,283.1041709,0.004983333,98708.75,0.0,2.045833364,0.537500008,0.165843898,47.334643622650944,0.7054835946934992
2016-03-23,216.2416699,290.9458377,285.3208376,0.005133333,99251.25,0.0,1.004166682,-3.687500055,0.165680461,44.06081049871205,0.6296624671521873
2016-03-24,227.7541701,296.6500044,287.7833376,0.005979167,99193.75,0.0,1.279166686,-2.775000041,0.165516385,32.753351206382234,0.6232042906994381
2016-03-25,241.9208369,304.2791712,288.9250043,0.0063125,98857.08333,0.0,1.854166694,-4.541666734,0.165352308,29.16727818716876,0.6088528693566998
2016-03-26,227.1458367,299.9250045,290.2208377,0.004529167,98304.16667,0.0,1.962500029,-5.108333409,0.165188235,28.21215735643842,0.3996637298331545
2016-03-27,258.7125039,301.6666712,289.2458376,0.0075125,98365.0,0.0,1.229166685,-1.662500025,0.165024158,17.078650026908676,0.7062056924091478
2016-03-28,261.0041706,268.7333373,285.6000043,0.004229167,98142.91667,0.0,3.979166726,-5.341666746,0.164874708,18.42864064698056,0.5035323009726097
2016-03-29,277.9125041,257.6333372,285.1833376,0.002875,98045.83333,0.0,1.716666692,-4.800000072,0.164711267,17.992265327968454,0.3515728452186513
2016-03-30,279.2916708,273.3875041,286.0750043,0.004066667,98140.83333,0.0,0.729166678,-1.812500027,0.164547194,13.565117857391533,0.4691712340503381
2016-03-31,280.1916708,285.2916709,288.304171,0.005520833,98517.91667,0.0,1.645833358,-1.82083336,0.164383118,13.647656338610048,0.5524565648452168
2016-04-01,289.0625043,294.9291711,289.5958376,0.00635,98675.41667,0.0,0.979166681,-1.237500018,0.164233664,13.544595094731932,0.5854636755931502
2016-04-02,289.1125043,307.8375046,290.191671,0.0081,98820.83333,0.0,-0.112500002,0.325000005,0.164055604,14.002868422217114,0.7198610762853
2016-04-03,292.7250044,306.4875046,290.7250043,0.0081375,98599.58333,0.0,0.704166677,0.195833336,0.163890891,12.969400964563974,0.6974077985888595
2016-04-04,299.1541711,300.8041711,290.541671,0.006495833,98784.58333,0.0,2.050000031,-2.554166705,0.163741441,15.258595200166711,0.5643172241028924
2016-04-05,300.0666711,291.6458377,292.1458377,0.004520833,99084.16667,0.0,0.516666674,-4.795833405,0.163563378,19.88821328330273,0.3558214895728721
2016-04-06,304.2416712,304.6791712,295.4750044,0.004795833,98877.08333,0.0,-1.387500021,-2.658333373,0.163413288,18.160800880210367,0.3062050360622548
2016-04-07,299.9250045,312.2166713,295.4125044,0.006045833,98220.41667,0.0,0.958333348,-0.087500001,0.163249851,13.145990129088464,0.3849266578400777
2016-04-08,256.1291705,325.3750048,291.8375043,0.007808333,97865.83333,0.0,0.67500001,2.03750003,0.163098544,11.57674053416715,0.6189410517617988
2016-04-09,150.0541689,356.5833386,290.441671,0.0087625,97778.75,1.800000027,1.445833355,1.833333361,0.162922337,8.949268240500254,0.7583069207692125
2016-04-10,123.9750018,365.0000054,287.3333376,0.0092875,97892.5,3.500000052,0.920833347,0.43333334,0.162772248,14.391378340386584,0.9838464158840862
2016-04-11,175.2458359,358.1958387,288.341671,0.008966666,98401.66667,0.70000001,-0.504166674,0.983333348,0.162611884,18.25235377343015,0.8940334328558482
2016-04-12,290.6500043,317.9208381,288.8208376,0.008470833,98696.25,0.0,1.266666686,-0.366666672,0.162443036,20.370132506834945,0.8212133408692874
2016-04-13,290.5500043,305.7833379,288.2708376,0.006258333,98773.33333,0.0,2.620833372,-0.558333342,0.162285938,15.433742520537663,0.6292415548840298
2016-04-14,294.2916711,301.9166712,285.9416709,0.005308333,98490.41667,3.800000057,2.583333372,1.958333363,0.162129486,32.885902290881944,0.6200507360840658
2016-04-15,321.7083381,268.0666707,285.6000043,0.004354167,98793.75,0.0,2.337500035,-5.195833411,0.161959962,22.01299174601512,0.5218528896539077
2016-04-16,319.5708381,283.5125042,291.429171,0.00375,98842.91667,0.0,0.370833339,-4.92916674,0.162075786,24.934042982112917,0.3080770264809748
2016-04-17,323.3208382,296.1041711,293.5208377,0.004383333,98661.66667,0.0,-0.495833341,-1.54166669,0.162214555,19.59761948112317,0.3151559590152383
2016-04-18,321.7000048,305.7333379,293.704171,0.006079167,98571.66667,0.0,-1.041666682,1.487500022,0.16234038,16.552644604383893,0.4317253268894584
2016-04-19,307.4083379,311.7666713,294.5583377,0.006066667,98347.91667,0.0,0.033333334,1.116666683,0.162476257,14.506440592053568,0.4076663734603165
2016-04-20,323.4791715,311.9541713,293.879171,0.004375,98027.91667,0.0,0.925000014,1.600000024,0.162583524,15.1480219059872,0.3056398988398998
2016-04-21,259.4125039,318.1833381,291.3000043,0.007241666,97990.41667,0.0,0.89166668,3.116666713,0.16271906,10.938178852127672,0.5946509455547886
2016-04-22,215.2125032,333.7791716,287.479171,0.006895833,97677.08333,7.800000116,1.195833351,6.595833432,0.162845614,48.23650517615028,0.7219611847691031
2016-04-23,295.5750044,294.8583377,284.6916709,0.005691667,98630.41667,0.0,1.620833357,-0.104166668,0.162977762,28.853878487837868,0.7235221804367544
2016-04-24,313.358338,316.5875047,288.6125043,0.006554167,98525.41667,0.100000001,2.808333375,-3.125000047,0.163113485,24.85447746564172,0.6429162164115144
2016-04-25,332.3958383,269.087504,286.1541709,0.003725,98287.08333,0.100000001,4.337500065,-7.854166784,0.16323133,21.140537020112387,0.4281465036707497
2016-04-26,301.5666712,281.0291709,287.791671,0.003779167,98420.0,0.0,1.908333362,-4.437500066,0.163361289,16.324442693125416,0.3906148669920838
2016-04-27,184.5541694,343.9583385,287.829171,0.005641667,98134.58333,9.40000014,2.01250003,-1.766666693,0.163481451,61.14076464415518,0.5800113979904676
2016-04-28,312.795838,298.6416711,289.2250043,0.0055,97960.83333,0.200000003,2.091666698,-4.825000072,0.163620293,62.71918420836866,0.5155903973589303
2016-04-29,317.5875047,309.1833379,292.104171,0.005966667,98208.75,0.0,1.595833357,-3.487500052,0.163755263,34.51299886366108,0.4666939662355295
2016-04-30,346.8833385,287.8833376,291.729171,0.004358333,98241.66667,0.0,1.254166685,-7.162500107,0.163877685,24.968713004997557,0.3491804482494587
2016-05-01,343.2041718,306.5208379,294.9916711,0.004633333,98055.83333,0.0,-1.275000019,-3.816666724,0.164011435,20.42979010727145,0.3022285534159821
2016-05-02,340.1291717,304.6708379,293.6875044,0.0057,98260.83333,0.0,-1.083333349,1.187500018,0.164131578,14.87868336312107,0.4039404831049037
2016-05-03,299.1166711,325.3375048,293.8833377,0.005983333,98285.83333,0.0,-0.491666674,0.629166676,0.164266486,12.292476619443894,0.4189901317882508
2016-05-04,285.9166709,340.8166717,294.1750044,0.008016666,97929.16667,0.400000006,0.887500013,-1.308333353,0.164401371,11.424666201613457,0.5492982518070963
2016-05-05,232.7291701,328.7500049,290.0250043,0.0085,97752.91667,9.200000137,1.562500023,-0.275000004,0.16452047,49.189479336762815,0.755265894186835
2016-05-06,220.2041699,326.0666715,287.4208376,0.009083333,97829.16667,1.200000018,0.608333342,-0.24166667,0.164655236,33.15685295165789,0.9561043507879724
2016-05-07,102.4666682,358.266672,288.3875043,0.009204166,97999.58333,0.300000004,-0.19166667,1.950000029,0.164775729,13.524400035284202,0.91124741088877
2016-05-08,292.4875044,355.4583386,288.3000043,0.009754166,98184.58333,8.400000125,0.362500005,0.404166673,0.164909999,86.89448725789605,0.9730369407497854
2016-05-09,321.4458381,337.2041717,291.4375043,0.009716666,98126.66667,0.0,0.541666675,1.225000018,0.16504049,61.21963730587838,0.7920587976786261
2016-05-10,350.1833386,324.3833382,293.7583377,0.008141666,98171.25,0.0,0.083333335,-0.804166679,0.165160563,44.19596447605935,0.5739109166169281
2016-05-11,346.9041718,307.1583379,295.9166711,0.004783333,98315.83333,0.0,0.308333338,-2.2541667,0.165295904,28.70721586340992,0.2955605240507423
2016-05-12,343.1833384,323.8958382,295.9916711,0.007216666,98314.58333,0.0,0.25416667,0.629166676,0.165417507,20.58586592747561,0.4438680172771053
2016-05-13,337.1416717,333.9041716,296.8083378,0.008241666,98113.33333,0.0,0.570833342,1.77083336,0.165553075,13.935226102630768,0.481298879580621
2016-05-14,347.1500052,317.9083381,292.7583377,0.006791666,98165.0,0.0,1.850000028,2.212500033,0.165674659,10.395174303839411,0.5095845838016931
2016-05-15,345.1166718,322.4125048,292.5625044,0.007604166,98202.5,0.0,2.275000034,-1.979166696,0.165810238,8.909501129917471,0.5778252514111658
2016-05-16,358.491672,320.4041714,295.0875044,0.006925,98165.0,0.0,1.550000023,-4.4833334,0.166304888,9.655520181090472,0.4495523077953989
2016-05-17,359.9000054,326.9750049,297.8458378,0.005666667,98205.41667,0.0,0.075000001,-4.912500073,0.166815119,10.608951311045802,0.3110674881370571
2016-05-18,355.7458386,342.1541718,299.9458378,0.00645,98162.91667,0.0,0.245833337,-3.087500046,0.167325357,9.517433623348987,0.3121331649654649
2016-05-19,334.2208383,331.9250049,297.8291711,0.006020833,97734.58333,0.0,2.404166702,-2.195833366,0.167850192,8.355441230435071,0.3292553628147199
2016-05-20,342.1625051,291.8250043,289.2833376,0.005120833,97386.25,1.300000019,4.379166732,-2.087500031,0.168361065,9.13516977277139,0.475438427525566
2016-05-21,262.1625039,308.0583379,285.4375043,0.006570833,98020.83333,3.700000055,2.212500033,1.883333361,0.168885923,17.959296551707244,0.7898436370354087
2016-05-22,304.6750045,299.2541711,286.8125043,0.006525,98432.91667,0.500000007,1.691666692,0.800000012,0.169396783,18.68680153553984,0.7191867924685753
2016-05-23,280.6208375,316.6708381,288.7833376,0.006775,98177.5,0.0,1.829166694,-0.766666678,0.169907052,13.748520773374818,0.6549444467181484
2016-05-24,306.7666712,323.6250048,290.079171,0.0075,97952.91667,0.300000004,1.966666696,-0.070833334,0.170431988,13.69119016085904,0.6654607847227068
2016-05-25,329.3666716,329.7500049,291.029171,0.0082625,98406.25,1.000000015,1.191666684,-0.258333337,0.17094291,18.95769526462676,0.6931787658102229
2016-05-26,346.7083385,331.4916716,292.7708377,0.008891666,98458.33333,0.0,1.254166685,-1.187500018,0.17145318,13.896503359603493,0.6686185097618327
2016-05-27,366.5583388,326.9041715,296.1166711,0.0073125,98184.16667,0.0,1.304166686,-3.12083338,0.17196343,12.588894664679506,0.4457460152924654
2016-05-28,366.6125055,321.5958381,296.9333378,0.005179167,97885.41667,0.0,0.787500012,-4.195833396,0.172473687,12.128262669112347,0.2994686653717538
2016-05-29,366.5666721,329.9916716,297.7375044,0.0067125,98037.91667,0.0,1.050000016,-1.891666695,0.172983939,10.384655751119826,0.3702612407967435
2016-05-30,367.8833388,345.5208385,299.8875045,0.007558333,98192.5,0.0,0.741666678,-2.308333368,0.173508838,10.079586219623833,0.3671477147901416
2016-05-31,368.9416722,353.3541719,302.0125045,0.007770833,97960.83333,0.0,0.725000011,-2.779166708,0.17401973,9.881109156420608,0.3322804202150286
2016-06-01,353.4125053,353.2041719,302.5500045,0.008145833,97724.58333,0.0,0.750000011,-0.566666675,0.174529959,8.31208927109173,0.3367550764647494
2016-06-02,360.241672,335.2208383,300.7833378,0.007133333,98056.25,0.0,1.000000015,-1.35000002,0.175040216,7.651682481886332,0.3281590828650231
2016-06-03,358.8833387,342.7791718,302.2458378,0.006870833,98275.41667,0.0,0.641666676,-3.066666712,0.175550471,8.290473520954224,0.2907528942987412
2016-06-04,323.7166715,355.2083386,302.5250045,0.007529166,98061.66667,0.0,0.637500009,-1.187500018,0.176074884,6.529295540629168,0.3127899276350873
2016-06-05,342.1666718,360.7458387,301.5500045,0.007766666,97927.91667,0.0,1.437500021,-1.12083335,0.176598804,7.249439602637658,0.3410994123857273
2016-06-06,351.5958386,372.1083389,303.5166712,0.00865,97616.66667,0.0,1.516666689,-0.837500012,0.177108054,7.3781509072432705,0.3377352854614422
2016-06-07,348.5750052,375.5958389,300.5750045,0.010766666,97631.66667,0.0,0.745833344,2.075000031,0.177616672,7.454169435157293,0.4992614949838145
2016-06-08,333.737505,346.9250052,299.2166711,0.007620833,97767.5,0.0,1.391666687,1.662500025,0.178139909,6.667760282990729,0.383596480677318
2016-06-09,356.9083387,327.6583382,295.4875044,0.007908333,97837.08333,0.0,1.787500027,0.016666667,0.178649158,6.247761883268548,0.4992380572117788
2016-06-10,345.6208385,327.9375049,296.0833377,0.006879166,97888.33333,0.0,2.233333367,-0.962500014,0.179157776,6.510090827572649,0.4189205419493026
2016-06-11,366.7916721,308.4458379,296.2833377,0.0052125,98141.25,0.0,1.316666686,-4.454166733,0.17966639,8.139012251255883,0.3143816615982536
2016-06-12,364.6916721,321.2833381,299.6416711,0.004008333,98129.16667,0.0,0.900000013,-3.054166712,0.180189627,7.547866444102534,0.1974435473768406
2016-06-13,357.5125053,329.4416716,297.3791711,0.007458333,98299.16667,0.0,2.195833366,-0.895833347,0.18069888,6.624941928736087,0.4215284036757968
2016-06-14,331.6416716,317.0458381,294.1875044,0.006004167,98128.33333,0.0,3.000000045,-1.56666669,0.181207494,6.439628193251097,0.4119199079075739
2016-06-15,201.962503,321.2916715,290.429171,0.005691667,98003.33333,0.0,2.837500042,-0.100000001,0.181730731,3.636668599159605,0.4940826973285236
2016-06-16,335.350005,324.7250048,289.4375043,0.005679167,98463.75,0.0,1.454166688,2.01250003,0.182353794,5.72823106865949,0.5278411035042632
2016-06-17,169.7041692,352.0916719,290.529171,0.008183333,98535.0,0.100000001,1.358333354,2.258333367,0.182966547,3.056044093204724,0.7096865276852354
2016-06-18,328.0875049,344.7333385,290.841671,0.007391666,98748.33333,4.600000069,1.295833353,-0.054166667,0.183593291,29.25226776037357,0.6297451535473779
2016-06-19,342.1166718,316.6791714,294.6875044,0.005545833,98734.16667,0.0,0.504166674,-2.387500036,0.184206045,17.77577468510813,0.3711553883693472
2016-06-20,335.1083383,329.8458382,297.9333378,0.0060625,98456.66667,0.0,1.266666686,-1.870833361,0.184818162,14.512655091761124,0.3318925797689419
2016-06-21,311.5041713,359.316672,301.3041712,0.007033333,98390.0,0.0,0.679166677,-2.595833372,0.185444902,12.403446198396397,0.3148596004343812
2016-06-22,361.8500054,338.762505,300.7083378,0.007066666,98082.08333,0.0,1.166666684,-1.220833352,0.186057655,11.29136277968152,0.326619521207253
2016-06-23,361.5083387,329.4625049,299.6083378,0.006029167,98178.33333,0.0,2.166666699,-0.725000011,0.186669773,9.679206784396722,0.2977249293401923
2016-06-24,363.7000054,326.9083382,297.9708378,0.0067125,98420.0,0.0,1.80833336,-1.933333362,0.187296517,8.763370327136334,0.366510997818477
2016-06-25,364.7458388,331.9708383,300.6291711,0.005654167,98290.0,0.0,0.845833346,-3.758333389,0.18790927,9.359203405224171,0.2631146441968092
2016-06-26,353.4833386,349.5958385,302.7875045,0.0073125,98153.75,0.0,1.741666693,-3.33750005,0.18853601,8.83605917128438,0.299468725066526
2016-06-27,356.7625053,363.5708388,304.3250045,0.00715,98246.66667,0.0,1.641666691,-3.650000054,0.189148764,8.243641753646987,0.2681905332994442
2016-06-28,357.9583387,364.8583388,304.8000045,0.0072625,98170.41667,0.0,1.37500002,-3.112500046,0.189760881,7.376880836298779,0.264888655072541
2016-06-29,349.1083385,356.841672,303.9583379,0.0073375,98027.91667,0.0,1.308333353,-1.933333362,0.190402244,7.138974891764098,0.2804611947221491
2016-06-30,357.2833387,368.6833388,303.7083379,0.009008333,97905.83333,0.0,1.262500019,-2.975000044,0.191015636,8.100295635476485,0.3488868458505669
2016-07-01,361.0583387,370.0333388,304.1333379,0.008891666,97698.33333,0.0,0.654166676,-2.179166699,0.191627754,7.509257361440401,0.3353300459446459
2016-07-02,358.0583387,371.5958389,302.5125045,0.00955,97850.83333,0.0,0.912500014,-0.550000008,0.192254495,6.917622600026252,0.3961780949812615
2016-07-03,360.9958387,357.341672,301.3875045,0.009445833,98046.25,0.0,0.895833347,0.479166674,0.192867248,6.497914303471772,0.4193252602857412
2016-07-04,351.5875052,351.9166719,300.7583378,0.0089,98117.5,0.0,1.387500021,0.633333343,0.193493988,6.39675103765404,0.410292353384564
2016-07-05,362.0958387,343.8500051,298.9541711,0.009604166,98065.83333,0.0,1.33750002,-0.42083334,0.194106741,6.257661784508476,0.4925665390690438
2016-07-06,359.8333387,341.2666718,298.2000044,0.008420833,97992.91667,0.0,1.525000023,-1.425000021,0.194718859,6.578930389286605,0.4515213756626465
2016-07-07,355.504172,345.5875051,297.8958378,0.008625,97994.16667,0.0,1.504166689,-0.42083334,0.195345602,6.259614725217889,0.4710224254359497
2016-07-08,335.2833383,350.3541719,297.5666711,0.008833333,98069.58333,0.0,2.2041667,-1.445833355,0.195958356,6.454001269364678,0.4924583815361628
2016-07-09,352.5083386,357.491672,298.3000044,0.008791666,98204.58333,0.0,2.850000042,-0.020833334,0.196585096,7.09715625389471,0.4695919596233845
2016-07-10,359.891672,320.5416714,294.5958377,0.006495833,98381.25,0.0,3.100000046,-2.579166705,0.197197849,7.066646855631987,0.4356418001366413
2016-07-11,360.979172,329.7750049,297.5291711,0.00665,98219.58333,0.0,1.575000023,-3.862500058,0.197809967,7.652718921378989,0.3721471464769155
2016-07-12,362.5750054,331.5583383,298.1750044,0.007379166,97970.0,0.0,1.937500029,-1.725000026,0.198436707,6.547121695195415,0.3961703715693209
2016-07-13,360.6000054,344.0125051,300.7958378,0.007875,98183.75,0.0,1.100000016,-2.575000038,0.199049464,6.680303074329063,0.36248223589565
2016-07-14,357.9625053,351.1708386,302.4750045,0.007716666,98212.08333,0.0,0.958333348,-2.183333366,0.199676204,6.2390710909119695,0.3220069099826145
2016-07-15,324.0166715,360.4083387,303.1208379,0.007133333,98004.16667,0.0,1.254166685,-2.370833369,0.20030358,5.686190973765937,0.2861002154819981
2016-07-16,354.6333386,355.9333386,302.2416712,0.0073875,97791.25,0.0,1.220833352,-2.087500031,0.200401376,5.989609657593036,0.3111521328516766
2016-07-17,351.6666719,337.475005,298.8000045,0.008154166,97764.58333,0.0,1.512500023,-0.362500005,0.200476146,5.013362380798882,0.4207793704812289
2016-07-18,354.1500053,328.7125049,296.2291711,0.007991666,98086.25,0.0,1.687500025,1.020833349,0.200555367,4.907021695771965,0.483327016190307
2016-07-19,351.3000052,333.562505,296.1875044,0.008029166,98372.91667,0.0,1.533333356,0.145833336,0.200625687,4.61749523536936,0.4882549730153495
2016-07-20,354.1375053,335.4166717,297.4916711,0.00725,98376.25,0.0,1.116666683,-0.112500002,0.20071508,4.696244975260012,0.407293870654722
2016-07-21,352.6375053,332.9791716,298.3791711,0.006391667,98332.91667,0.0,1.379166687,0.179166669,0.200790486,4.94441782523726,0.3402242459540682
2016-07-22,358.7958387,324.6125048,298.7416711,0.0064625,98533.75,0.0,1.345833353,-1.308333353,0.200865256,5.2926376998433655,0.337284086830228
2016-07-23,357.9875053,341.7875051,302.5875045,0.006820833,98344.58333,0.0,1.241666685,-4.250000063,0.200954653,6.831955061912706,0.2831491179002559
2016-07-24,352.7583386,358.6000053,303.9000045,0.007504166,97902.5,0.0,1.441666688,-3.37500005,0.20103006,6.467777033610831,0.2874285850675124
2016-07-25,350.6291719,355.891672,303.4958379,0.007079166,97934.16667,0.0,1.245833352,-1.275000019,0.201108856,5.711613419971901,0.2776357299504859
2016-07-26,349.8000052,360.516672,303.8750045,0.007520833,98009.58333,0.0,0.929166681,-1.745833359,0.20120191,5.981427657154147,0.2887976445234962
2016-07-27,348.6208385,360.729172,305.1125045,0.007591666,97910.83333,0.0,1.241666685,-2.175000032,0.201280929,5.422687747435731,0.2712745109595406
2016-07-28,344.2291718,372.9875056,305.4875046,0.0073875,97907.5,0.0,1.604166691,-2.083333364,0.201344727,4.358259687924868,0.2583877570109608
2016-07-29,338.8583384,385.2666724,305.2500045,0.007866666,97720.83333,0.0,1.504166689,-1.125000017,0.201437109,5.330865396242514,0.2783635470083553
2016-07-30,340.5833384,377.6291723,305.2041712,0.007570833,97543.33333,0.0,1.562500023,-0.133333335,0.201516214,4.865474808778917,0.2681087032176074
2016-07-31,342.9791718,350.0333385,301.4791712,0.006970833,97654.58333,0.0,1.733333359,0.825000012,0.201594591,5.561707890599401,0.3065639636100312
2016-08-01,333.212505,341.5958384,300.2791711,0.007566666,97939.58333,0.0,1.420833355,0.42083334,0.201673034,4.836345274773555,0.3581917140772465
2016-08-02,334.8166717,341.3083384,300.2916711,0.008145833,98146.66667,0.0,1.35000002,0.354166672,0.201751443,4.634653346711487,0.3861379151283678
2016-08-03,332.2333383,351.7375052,302.4708378,0.007166666,98154.58333,0.0,0.862500013,-1.029166682,0.20182981,4.512577927372687,0.2989535153113625
2016-08-04,333.825005,341.1958384,300.3583378,0.007608333,97887.5,0.0,1.333333353,1.012500015,0.201922856,4.5312846821107495,0.3582901792166412
2016-08-05,330.0250049,325.2500048,295.8958377,0.0080125,97834.16667,0.0,1.391666687,0.329166672,0.201987278,4.073524742460987,0.4932927920508693
2016-08-06,326.1583382,341.6083384,297.8583378,0.008516666,97864.16667,0.0,1.387500021,-0.591666675,0.202079671,4.3215653764677775,0.4655404808071613
2016-08-07,328.2916716,334.2416716,297.6333378,0.0076875,97811.25,0.0,1.620833357,-1.104166683,0.202158697,4.495460710561458,0.425730989249835
2016-08-08,325.5041715,337.5666717,299.4166711,0.006966666,97770.41667,0.0,1.716666692,-2.145833365,0.20223713,4.977562551294477,0.3465219868923854
2016-08-09,323.5166715,346.5583385,300.1375045,0.00725,97727.5,0.0,1.966666696,-3.000000045,0.202315541,5.493096027562538,0.3453435648431619
2016-08-10,319.5625048,352.3416719,300.2583378,0.007258333,97854.16667,0.0,1.250000019,-1.737500026,0.202393924,4.793751202032697,0.3437197956141746
2016-08-11,320.6208381,348.7041719,300.2166711,0.007625,98135.83333,0.0,1.600000024,-1.295833353,0.202472322,4.668679854437627,0.3630172653772942
2016-08-12,318.8666714,358.291672,301.7000045,0.007895833,98287.91667,0.0,1.733333359,-0.754166678,0.202565385,4.643029673432481,0.3450014617024116
2016-08-13,316.7125047,359.0125053,302.7333378,0.007308333,98193.33333,0.0,1.500000022,-0.87916668,0.202644425,4.443391582254953,0.3003624390784293
2016-08-14,315.3166714,355.2708386,302.8916712,0.006454167,97933.75,0.0,1.529166689,-0.275000004,0.202708185,4.196224445939628,0.2621348619129676
2016-08-15,316.0291714,342.6166718,301.8666712,0.005520833,97970.83333,0.0,1.31250002,-0.21666667,0.20280056,3.979301494111089,0.2381158210273612
2016-08-16,312.433338,356.079172,301.8583378,0.006879166,97935.83333,0.0,1.458333355,-0.529166675,0.202830261,4.320113687014817,0.2967398874291125
2016-08-17,309.7291713,373.7708389,303.8875045,0.007858333,97757.08333,0.0,1.370833354,-0.525000008,0.202871785,4.298501661881792,0.3007634789541331
2016-08-18,305.8958379,373.7875056,303.3458379,0.00835,97730.83333,0.0,1.050000016,0.183333336,0.202899325,4.125671650611284,0.3296421719560228
2016-08-19,303.5791712,373.5916722,302.5875045,0.008854166,97832.5,0.0,1.862500028,0.337500005,0.202926225,4.60010241274459,0.3656437576380282
2016-08-20,301.2583378,375.1250056,301.4500045,0.009616666,97953.75,0.0,1.545833356,1.004166682,0.202967754,4.593584449365897,0.4249447655346262
2016-08-21,300.6125045,364.1875054,300.9125045,0.008854166,97847.5,0.0,1.658333358,0.691666677,0.202995307,4.274529187693454,0.4033739079045881
2016-08-22,295.6750044,365.0750054,300.2041711,0.007925,97939.58333,0.0,1.229166685,0.454166673,0.2030368,3.9087999020934014,0.3768242579709445
2016-08-23,299.7125045,352.5333386,299.3916711,0.008208333,98178.33333,0.0,1.495833356,0.44583334,0.203064313,3.7444820779856656,0.4105971636267333
2016-08-24,305.5208379,333.4333383,298.9958378,0.007045833,98465.41667,0.0,1.733333359,-0.800000012,0.203091244,3.611746852779616,0.361927639062612
2016-08-25,301.8791712,339.4041717,299.6875045,0.006916666,98124.16667,0.0,0.920833347,-0.570833342,0.203132768,3.1229662371462137,0.3397582737481328
2016-08-26,300.6041711,333.212505,298.4000044,0.0071,97937.91667,0.0,0.691666677,2.2541667,0.203160279,3.496109544796622,0.3759395880906656
2016-08-27,299.1375045,330.1750049,297.2666711,0.007954166,98107.08333,0.0,1.000000015,1.200000018,0.203201819,2.9317044459019583,0.4517398913157799
2016-08-28,297.5416711,321.3333381,296.5666711,0.0072,98407.91667,0.0,1.054166682,0.958333348,0.203229325,2.667390123834075,0.4279767054703605
2016-08-29,272.4000041,336.3208383,297.5083378,0.006725,98466.25,0.0,1.408333354,-0.120833335,0.203256237,2.8100831057767945,0.3777649287766084
2016-08-30,276.4208375,355.1208386,297.5791711,0.0075,98247.5,0.0,2.158333365,-0.670833343,0.203283114,3.703691321442039,0.4185673177086463
2016-08-31,289.4833376,344.6833385,298.1791711,0.007254166,97970.41667,0.0,2.2541667,-1.170833351,0.203324607,4.12996677031444,0.3893634680819843
2016-09-01,284.2208376,333.7291716,297.3291711,0.007795833,98060.83333,0.0,1.729166692,-1.204166685,0.203366738,3.842747791040423,0.440867190929936
2016-09-02,275.8958374,342.7833384,297.7166711,0.007379166,98014.58333,0.0,1.879166695,-1.979166696,0.203394323,4.483853508152425,0.4074496714671795
2016-09-03,283.4833376,334.4833383,297.7458378,0.006291667,97735.0,0.0,1.991666696,-2.437500036,0.203435858,5.083991950387722,0.3458018419747018
2016-09-04,284.5291709,315.6125047,294.4125044,0.007041666,97679.58333,0.0,2.175000032,-1.904166695,0.203448742,4.56656770026217,0.4742294424368585
2016-09-05,282.4916709,316.5625047,295.4125044,0.0056625,97812.08333,0.0,2.004166697,-4.137500062,0.203489644,6.043532849418151,0.3590217786645991
2016-09-06,277.8666708,325.4250048,297.5375044,0.0045,97886.66667,0.0,1.670833358,-3.695833388,0.203531768,5.853995363675065,0.2508489247460294
2016-09-07,273.5958374,344.8666718,299.4666711,0.005695833,98067.5,0.0,0.833333346,-3.541666719,0.203559338,5.422813416322916,0.2833264342110769
2016-09-08,271.5208374,346.0375052,300.1625045,0.00695,98365.41667,0.0,0.895833347,-0.316666671,0.203600813,3.4123966179585943,0.3327212156897625
2016-09-09,271.4833374,347.9208385,300.5125045,0.007358333,98305.41667,0.0,0.950000014,-1.162500017,0.203628362,3.5445927825040053,0.3448391025371768
2016-09-10,268.912504,346.2041718,300.2833378,0.007275,98315.41667,0.0,1.691666692,-1.687500025,0.203655261,3.737973848686837,0.3456210833266598
2016-09-11,265.912504,345.9083385,298.9458378,0.007595833,98283.75,0.0,2.158333365,-0.341666672,0.203696778,3.3615651451169937,0.3906259226721236
2016-09-12,269.862504,312.6625047,294.4875044,0.007170833,97916.66667,0.0,1.691666692,0.304166671,0.203724336,2.532679775786691,0.4818580384934204
2016-09-13,263.3250039,306.4375046,290.579171,0.007441666,97917.5,0.0,1.212500018,1.533333356,0.203765862,2.1306556965125782,0.6392789110380327
2016-09-14,261.5583372,311.6125046,292.1000044,0.0069,98452.08333,0.0,1.645833358,1.087500016,0.203793361,2.2801423956657483,0.5411757123892926
2016-09-15,260.2083372,317.3583381,294.7375044,0.006370833,98522.08333,0.0,1.495833356,-1.570833357,0.203820235,2.5057165717723,0.4241405427735234
2016-09-16,261.6083372,317.7125047,296.9750044,0.005054167,98259.58333,0.0,0.995833348,-2.625000039,0.203462091,2.9094120683010467,0.2926167939714269
2016-09-17,246.8000037,327.5958382,298.5125044,0.004579167,98275.83333,0.0,1.36250002,-1.929166695,0.203087215,2.6846664916736045,0.2416626222225429
2016-09-18,248.9666704,352.8708386,300.6541711,0.006020833,98247.08333,0.0,1.645833358,-1.775000026,0.202697631,2.910981457157333,0.2796419884111633
2016-09-19,246.6791703,359.2625054,301.0500045,0.0080125,98150.41667,0.0,1.875000028,-1.329166686,0.202307506,2.828227560868515,0.3632073332739063
2016-09-20,242.6833369,345.1666718,301.8125045,0.005191667,98017.91667,0.0,1.791666693,0.208333336,0.201946668,2.3657702186762317,0.2247373495392754
2016-09-21,225.8958367,346.6625052,297.1958378,0.004304167,97892.08333,0.0,2.141666699,-0.620833343,0.201557789,2.7099479989627264,0.2449593322055174
2016-09-22,238.7250036,290.2625043,291.191671,0.004716667,98192.91667,0.0,4.083333394,-3.470833385,0.201182259,2.9393383666766213,0.3907886247547102
2016-09-23,231.6250035,309.7541713,292.1625044,0.004520833,98660.41667,0.0,2.512500037,-4.429166733,0.200792748,3.134380442695105,0.3539277862162039
2016-09-24,236.5291702,337.3666717,296.3916711,0.006,98761.66667,0.0,1.404166688,-4.420833399,0.200417194,3.413060035208189,0.3617669435197679
2016-09-25,239.3083369,330.9291716,301.9583378,0.003220833,98700.0,0.0,-0.354166672,-4.720833404,0.200042331,2.575850908407225,0.1392017413658014
2016-09-26,234.9208368,343.2083384,300.9875045,0.004579167,98478.75,0.0,-0.112500002,-1.858333361,0.199652764,2.365650496459085,0.209036031203146
2016-09-27,232.9291701,339.1625051,300.2708378,0.0051625,98165.41667,0.0,1.09583335,-0.491666674,0.199277229,2.030258350495141,0.2450673941712176
2016-09-28,230.0666701,340.4125051,299.8791711,0.0056625,97927.08333,0.0,1.32500002,-0.90416668,0.19889462,2.224537604936024,0.2744494732248158
2016-09-29,228.5791701,328.4583382,297.2041711,0.006354167,98135.0,0.0,1.841666694,0.375000006,0.198510026,2.213120048889253,0.3623435415271017
2016-09-30,215.4416699,315.4750047,295.7333377,0.0036875,98360.83333,0.0,2.512500037,-0.358333339,0.198135687,2.3921339964056973,0.2305278112951227
2016-10-01,226.1208367,283.8250042,289.991671,0.004391667,98577.91667,0.0,2.737500041,-1.57916669,0.197752167,2.139570357673162,0.3943557759195128
2016-10-02,194.2583362,293.3583377,289.629171,0.005033333,98338.75,0.0,3.287500049,-0.354166672,0.19736897,1.8552974834735887,0.4614947323917955
2016-10-03,87.54166797,306.1750046,285.1083376,0.0054,98577.91667,1.200000018,1.008333348,0.750000011,0.196985674,0.8467693582675725,0.6672556900668714
2016-10-04,201.337503,325.5333382,286.6000043,0.007016666,98463.33333,1.000000015,0.44583334,-1.36250002,0.196602374,4.360581210171818,0.7845116860280487
2016-10-05,214.9458365,287.8458376,289.3208376,0.005108333,98490.0,0.0,2.704166707,-4.370833398,0.196233654,3.891883093525924,0.4784951798002034
2016-10-06,209.9708365,295.8750044,291.004171,0.004425,98605.41667,0.0,1.345833353,-4.320833398,0.195850206,4.078639821412433,0.3725766083742801
2016-10-07,204.1791697,307.3833379,292.4625044,0.0038625,98450.0,0.0,0.858333346,-3.36250005,0.195467786,3.9654644555047462,0.2960984283330874
2016-10-08,203.3291697,322.2833381,294.7375044,0.0054125,98230.0,0.0,0.495833341,-2.691666707,0.195084821,3.68587476789466,0.3592708930108676
2016-10-09,205.1875031,312.933338,294.7875044,0.0058375,98226.25,0.0,0.833333346,-0.500000007,0.194701543,2.817136421278864,0.3862721717750096
2016-10-10,193.4708362,320.5208381,295.0041711,0.004716667,98150.83333,0.0,1.14583335,0.579166675,0.19433801,2.800409390596692,0.3077252322462699
2016-10-11,195.6416696,304.3125045,292.416671,0.005329167,98319.58333,0.0,1.437500021,0.387500006,0.193949316,2.4061205212617627,0.4091692503782143
2016-10-12,195.3250029,304.8875045,291.0333377,0.0061875,98507.08333,0.0,1.629166691,-0.645833343,0.193559494,2.300576562723244,0.5194918118341392
2016-10-13,121.2208351,349.7958385,292.554171,0.005641667,98347.91667,0.0,0.495833341,2.350000035,0.193184292,2.2886946197498466,0.4295585579271727
2016-10-14,96.55416811,379.258339,290.541671,0.009329166,98012.5,15.00000022,-0.041666667,7.733333449,0.192795106,80.25595228675485,0.8041250106756533
2016-10-15,69.13333436,352.7666719,288.5500043,0.00785,97925.83333,2.100000031,-0.466666674,5.800000086,0.192426815,36.134421770335976,0.7684493287365517
2016-10-16,76.53750114,352.1125052,287.9458376,0.008179166,97653.75,12.10000018,0.70000001,5.920833422,0.191425102,47.70065556865468,0.830427953388683
2016-10-17,150.5708356,337.0583384,287.7625043,0.007283333,97923.33333,6.200000092,1.625000024,3.504166719,0.190395808,67.27559282009533,0.7504333996376804
2016-10-18,176.9791693,306.6875046,288.4958376,0.006120833,98717.91667,0.0,1.933333362,-1.458333355,0.189362954,39.2842544000162,0.6061506873421543
2016-10-19,181.208336,289.041671,289.2750043,0.004666667,99059.16667,0.0,1.500000022,-5.208333411,0.18832975,46.92764360809807,0.4409515123205376
2016-10-20,179.633336,309.6708379,291.6000043,0.005016667,98868.75,0.0,1.266666686,-4.079166727,0.18731116,26.1061210680915,0.4078094144658448
2016-10-21,174.8458359,305.1666712,291.4958377,0.006545833,98400.83333,0.0,1.31250002,-2.250000034,0.186278579,11.309824242797042,0.5331034130581934
2016-10-22,168.4000025,308.8583379,290.7500043,0.006891666,98005.0,0.0,2.020833363,-2.245833367,0.185245366,7.536232306579839,0.5861397976133466
2016-10-23,141.1958354,297.4875044,288.3875043,0.0055875,98007.5,0.0,0.591666675,1.125000017,0.184212149,4.072359962056234,0.5532284208125052
2016-10-24,96.42083477,338.6541717,288.429171,0.006354167,98045.83333,8.100000121,-1.529166689,7.529166779,0.183193559,58.28715285143992,0.6276834081588774
2016-10-25,41.71250062,370.2208389,287.2333376,0.009379166,98423.75,30.30000045,-1.412500021,5.433333414,0.182160982,15.533040168614235,1.0055137565699863
2016-10-26,135.7666687,353.1500053,289.7375043,0.009433333,98465.41667,1.700000025,-2.329166701,5.041666742,0.181127766,44.87441197480573,0.8600262329028757
2016-10-27,56.19583417,366.4000055,289.991671,0.008825,98289.16667,3.400000051,-1.166666684,4.154166729,0.180109175,31.126064200947248,0.7901317898818341
2016-10-28,51.32916743,370.6541722,287.2666709,0.009725,98128.75,15.50000023,-0.200000003,-0.412500006,0.179076566,19.876425079039457,1.0371969623584798
2016-10-29,99.62500148,367.6208388,288.8583376,0.009745833,98206.25,4.100000061,0.345833338,1.333333353,0.17804907,36.86244045981327,0.9378505993930312
2016-10-30,92.13750137,331.3708383,287.5833376,0.008095833,97930.0,7.700000115,-0.541666675,6.016666756,0.17700734,43.10876436885201,0.8440229081862952
2016-10-31,93.45833473,317.7291714,285.7083376,0.00745,98392.91667,3.700000055,-0.187500003,4.362500065,0.175992416,28.39779059920212,0.8828993799073138
2016-11-01,129.5541686,332.212505,285.1416709,0.007529166,98400.83333,7.900000118,-0.337500005,2.600000039,0.174969729,40.150690493817805,0.9266157669402012
2016-11-02,144.7416688,285.5500043,284.6250042,0.006595833,98929.16667,0.0,-0.833333346,-0.408333339,0.173932026,17.617729095704657,0.8447583524212081
2016-11-03,149.9500022,284.2041709,286.9125043,0.00665,99024.58333,0.0,-0.279166671,-1.487500022,0.172908313,17.582905822325223,0.73253955501744
2016-11-04,149.6500022,283.6666709,287.4125043,0.006483333,98889.16667,0.0,0.283333338,-1.870833361,0.171870614,16.149237270573195,0.6902009701433058
2016-11-05,144.4958355,279.2041708,287.3083376,0.007029166,98724.58333,0.0,1.13333335,-0.954166681,0.170846898,9.50649033752012,0.7521754655102105
2016-11-06,125.7000019,340.0041717,289.654171,0.008208333,98522.5,0.0,0.166666669,1.837500027,0.169809198,13.97181299313841,0.7527986106886713
2016-11-07,120.2583351,343.6666718,287.816671,0.0073125,98895.41667,0.0,-0.429166673,1.604166691,0.168785486,11.173969118104486,0.7582337550922661
2016-11-08,139.0875021,307.6958379,288.529171,0.008433333,98949.16667,0.0,-0.408333339,0.695833344,0.167762406,6.402271469361475,0.8353076431240617
2016-11-09,138.9916687,304.0416712,290.1458377,0.008345833,98847.91667,0.0,1.220833352,-2.183333366,0.166724706,5.422789901849567,0.7440920741049029
2016-11-10,125.0708352,301.1750045,289.8708377,0.0076375,98681.66667,0.0,0.583333342,-2.612500039,0.165700994,4.295534672732693,0.691883099345048
2016-11-11,121.3750018,306.7125046,288.8083376,0.007991666,98590.0,0.0,0.162500002,0.020833334,0.164663291,3.2110357016870634,0.7745522229624706
2016-11-12,135.5041687,326.0458382,290.4958377,0.009095833,98678.33333,0.0,0.945833347,0.512500008,0.163639579,4.309644737746805,0.7916520762280833
2016-11-13,128.9291686,302.4791712,288.5000043,0.008833333,98934.58333,0.0,0.033333334,-1.516666689,0.162616502,2.265275625305736,0.8764546095447157
2016-11-14,128.5875019,300.3375045,288.5458376,0.008483333,98961.66667,0.0,0.495833341,-1.454166688,0.161578799,2.119398610690568,0.839458371295043
2016-11-15,106.8958349,312.2791713,288.654171,0.008291666,98617.91667,0.0,1.437500021,0.22916667,0.160555087,1.7881979973395352,0.8119206145756307
2016-11-16,132.7708353,269.712504,284.5000042,0.004816667,98521.25,0.0,3.320833383,-2.870833376,0.160075414,2.877887882943556,0.6195119732285178
2016-11-17,123.5750018,257.6666705,282.1125042,0.004204167,98728.33333,0.0,0.854166679,-3.237500048,0.159633991,1.8771840452955144,0.6368384966493258
2016-11-18,96.1041681,289.6208376,281.7333375,0.004079167,98620.83333,0.0,-1.916666695,1.254166685,0.159163957,1.7233528551746908,0.6334494514932205
2016-11-19,40.14166726,343.5541718,283.5375042,0.005816667,98152.91667,28.50000042,-2.47083337,7.187500107,0.158707272,48.71029230140656,0.7951720699080236
2016-11-20,82.07083456,346.5333385,284.5000042,0.007766666,98202.91667,1.800000027,-1.641666691,4.616666735,0.158251225,17.532851244487418,0.9957084306257216
2016-11-21,123.6916685,286.9791709,283.9583376,0.006704166,98320.41667,0.800000012,1.537500023,-1.162500017,0.157809802,13.467259706216469,0.8923894847530932
2016-11-22,97.79166812,280.5583375,282.2583375,0.006395833,98856.25,0.0,-0.154166669,0.312500005,0.157354391,4.59476742770488,0.9604741088382296
2016-11-23,115.5458351,289.1708376,282.8583375,0.00565,98966.66667,5.500000082,0.629166676,1.970833363,0.156898345,20.076255500667,0.8154347306042364
2016-11-24,117.4541684,254.2333371,280.0750042,0.004954167,99439.16667,0.0,-0.325000005,0.137500002,0.156456922,5.819825075326644,0.8697187643670349
2016-11-25,99.36666815,284.0791709,280.7583375,0.005329167,98812.5,0.600000009,-1.191666684,3.437500051,0.156001508,11.995176264084956,0.8866848739781168
2016-11-26,53.38333413,323.3291715,281.0666709,0.006154167,98040.41667,8.400000125,-1.870833361,5.220833411,0.155530838,12.606795536181874,0.9945725261701474
2016-11-27,98.25416813,303.3916712,282.1583375,0.005170833,98073.33333,1.200000018,2.504166704,0.954166681,0.155074156,25.599505906659463,0.77563918348312
2016-11-28,102.5708349,317.9916714,282.0541709,0.006158333,98516.25,2.70000004,1.833333361,-0.054166667,0.154632733,23.13336629748439,0.9345644947277424
2016-11-29,117.7166684,259.8625039,282.3000042,0.004829167,98755.0,0.0,1.14583335,-5.500000082,0.154177322,28.08242981375673,0.7224062523327344
2016-11-30,80.99583454,293.016671,280.8125042,0.005104167,98838.33333,0.0,0.629166676,-1.183333351,0.153721276,8.067830696984208,0.8462995870728134
2016-12-01,116.3750017,263.9875039,282.2625042,0.0041625,98832.08333,0.0,1.287500019,-5.295833412,0.153265226,21.4794824673512,0.6247599307258777
2016-12-02,105.9791682,253.4666704,283.6625042,0.00285,99156.25,0.0,0.958333348,-6.125000091,0.152823803,22.52610044468663,0.3902883048435421
2016-12-03,108.2500016,274.1000041,282.8250042,0.003770833,99241.66667,0.0,1.479166689,-5.60416675,0.152368392,11.408206183367788,0.5469731820646334
2016-12-04,92.29583471,287.3083376,282.1541709,0.004808333,98979.16667,0.0,1.316666686,-2.912500043,0.151897723,4.63406135094049,0.728132083679987
2016-12-05,107.7791683,263.1833373,280.9958375,0.005129167,98706.66667,0.0,1.983333363,-3.470833385,0.151455664,2.401807366726091,0.8386390645491913
2016-12-06,113.9250017,233.8041702,278.8500042,0.003979167,98529.16667,0.0,1.841666694,-2.175000032,0.15100025,1.6850354627107662,0.7539507487935829
2016-12-07,67.97500101,277.1416708,278.1458375,0.003725,98880.41667,0.600000009,-0.691666677,-1.78333336,0.150544203,1.8504150192337787,0.7442861196078749
2016-12-08,34.29166718,315.895838,276.0166708,0.004470833,98905.41667,12.50000019,-3.141666713,2.079166698,0.281532452,6.011286206837611,1.0397884241635096
2016-12-09,31.81666714,348.4583385,281.2958375,0.0064875,99027.91667,6.600000098,-1.200000018,3.741666722,0.229776993,9.598830112657168,1.0424315117933147
2016-12-10,33.78333384,372.5666722,286.8458376,0.0086375,98522.91667,16.70000025,1.308333353,4.691666737,0.164983534,22.001703534382937,0.950811502043862
2016-12-11,100.8208348,273.4333374,280.8208375,0.005466667,98784.58333,0.200000003,0.720833344,-1.020833349,0.150181047,8.16255365047933,0.9053902515995228
2016-12-12,109.745835,259.4750039,279.7208375,0.005170833,98887.5,0.0,0.937500014,-2.170833366,0.14911401,7.168994354645752,0.925231643505127
2016-12-13,51.7708341,302.9333378,280.6500042,0.0052125,98786.66667,0.200000003,-0.183333336,-0.44583334,0.148278401,3.3580091707549373,0.8735607892102643
2016-12-14,40.74166727,344.3458385,282.0250042,0.006708333,98582.08333,3.300000049,-2.150000032,5.600000083,0.147588386,7.555646133076491,1.0207432066581443
2016-12-15,46.21666736,361.2125054,285.7541709,0.008558333,97929.58333,31.70000047,-0.408333339,8.437500126,0.146954321,16.15105195572018,1.0064077700813947
2016-12-16,103.3000015,292.379171,282.9208375,0.005516667,97458.75,10.90000016,3.312500049,-1.004166682,0.146595206,32.22605758525004,0.7807414806099682
2016-12-17,112.3166683,219.8666699,277.6375041,0.003158333,98902.91667,0.0,2.258333367,-4.962500074,0.146300041,22.933645346938587,0.6543075471167695
2016-12-18,112.1750017,218.3708366,277.5375041,0.0027375,99489.16667,0.0,0.65000001,-4.258333397,0.145990889,17.324531031027558,0.5745445788807326
2016-12-19,98.16250146,238.7875036,276.5791708,0.002975,99699.58333,0.0,0.0125,-2.083333364,0.145681102,6.665753381017708,0.6699010431381139
2016-12-20,94.2375014,273.7083374,279.0000042,0.0038375,99492.5,0.0,0.525000008,-2.883333376,0.145371314,9.145089138847874,0.7265363433804043
2016-12-21,106.8333349,307.1208379,284.5458376,0.004479167,98985.83333,0.0,-0.037500001,-3.637500054,0.145061523,15.628957928024942,0.5770458527074457
2016-12-22,86.69166796,265.4958373,282.7625042,0.0034875,98499.16667,0.0,-0.441666673,-1.187500018,0.144766358,3.3466430350884204,0.5042257980718294
2016-12-23,43.09166731,317.7708381,280.7041708,0.005270833,97980.0,14.40000021,-0.304166671,4.079166727,0.144457206,18.75212555757179,0.8728502469082603
2016-12-24,106.0375016,263.3125039,278.6291708,0.003966667,97793.75,3.200000048,2.491666704,-1.945833362,0.144147418,22.96453983050599,0.7576303864446594
2016-12-25,101.4791682,233.4875035,275.9750041,0.003516667,98421.25,0.0,-0.612500009,-0.900000013,0.14383763,4.465555778446287,0.8163128004771485
2016-12-26,108.2083349,223.7250033,275.6041708,0.003120833,99190.83333,0.0,-1.558333357,-1.55416669,0.143527843,7.3047769627137455,0.749840392200879
2016-12-27,100.7958348,252.1458371,277.2041708,0.0031875,99513.33333,0.0,-0.050000001,-1.804166694,0.143232678,9.832856201820368,0.6851833416265753
2016-12-28,109.1750016,254.3000038,279.3125042,0.0035625,99420.0,0.0,0.504166674,-3.862500058,0.142923526,14.63891453852824,0.6594016394725515
2016-12-29,109.6041683,253.1125038,281.0000042,0.003929167,99183.75,0.0,-0.512500008,-2.233333367,0.142613738,8.009643895245704,0.6453540652606244
2016-12-30,88.24166798,255.9666705,280.1750042,0.004020833,98708.33333,0.0,0.120833335,-0.029166667,0.142303951,0.1600744088928579,0.6958340127468737
2016-12-31,93.27916806,285.4083376,281.3833375,0.005425,98123.33333,1.500000022,-0.450000007,-1.537500023,0.142303951,5.869999310310128,0.8585640000699729
2017-01-01,104.2041682,243.5875036,278.4708375,0.004891667,98057.5,0.0,1.883333361,-1.33750002,0.141699634,1.462996810983476,0.947314895159832
2017-01-02,54.55416748,280.4500042,277.8583375,0.003875,98120.41667,0.600000009,2.191666699,3.020833378,0.141389846,3.915928185009317,0.7840717943038085
2017-01-03,38.47916724,316.4041714,278.2000041,0.004870833,98537.91667,19.40000029,-1.000000015,4.133333395,0.141080055,11.965004447020585,0.9661628364418968
2017-01-04,49.28750073,339.1208384,282.1208375,0.005954167,97984.58333,19.10000028,0.304166671,4.783333405,0.14078489,27.329948679435454,0.8946210893445922
2017-01-05,85.37916794,268.1958373,278.3000041,0.004066667,98351.66667,0.200000003,1.333333353,-0.966666681,0.140475738,8.762369997912375,0.7994697725248586
2017-01-06,105.1416682,217.8708366,275.0625041,0.00245,98760.0,0.100000001,-0.508333341,-1.495833356,0.140165951,6.158477252645197,0.609492668302145
2017-01-07,44.25833399,308.6875046,276.3166708,0.004008333,98490.0,18.50000028,-2.933333377,3.391666717,0.15402077,17.869537893944816,0.9085431196584238
2017-01-08,45.47916734,353.1000053,282.4250042,0.007075,98095.0,95.30000142,-2.016666697,7.912500118,0.152643503,11.245965697258116,1.0423733621702118
2017-01-09,73.01250109,319.2625048,283.8958376,0.006641666,98017.91667,2.900000043,2.158333365,6.583333431,0.139431773,18.69961421351977,0.885065032901125
2017-01-10,28.02083375,351.9875052,283.1916709,0.006875,97966.25,42.40000063,0.829166679,8.487500126,0.138943966,20.10490755045537,0.9602557700636316
2017-01-11,92.24166804,312.395838,283.1583376,0.006033333,97504.58333,9.500000142,2.312500034,4.745833404,0.138617012,38.898120827416776,0.8406210774742104
2017-01-12,34.37916718,304.5375045,279.5291708,0.005095833,98074.16667,10.70000016,0.525000008,-0.787500012,0.138321848,3.348884685886553,0.9164754650166236
2017-01-13,106.6833349,266.4708373,279.8125042,0.004291667,98741.25,0.100000001,0.145833336,-3.508333386,0.138012696,22.031465479760364,0.7619059328004142
2017-01-14,114.108335,248.6416704,281.2625042,0.003916667,99124.16667,0.0,0.345833338,-2.933333377,0.137702908,18.363737985604168,0.6313994642479607
2017-01-15,114.2416684,251.3708371,278.8666708,0.004254167,98912.08333,0.0,0.629166676,-2.920833377,0.13739312,10.712093245059824,0.8082433108136415
2017-01-16,109.0875016,251.4083371,279.9958375,0.004308333,98946.66667,0.0,0.220833337,-3.512500052,0.137856081,9.832892920408272,0.7567452953599006
2017-01-17,110.5625016,245.0791703,277.6333375,0.004516667,98827.08333,0.0,-0.520833341,0.325000005,0.138338021,3.1840725059534654,0.9352704165612784
2017-01-18,36.69583388,320.5291714,278.8708375,0.005470833,98466.66667,26.9000004,-3.304166716,5.470833415,0.138819321,4.739691257006649,1.0344130657737614
2017-01-19,48.18333405,333.862505,281.3041709,0.005704167,97617.5,16.90000025,0.783333345,5.054166742,0.139300625,25.82385235958865,0.902991365819302
2017-01-20,50.11250075,328.1666716,281.3750042,0.005729167,96675.0,31.20000046,0.095833335,6.433333429,0.139796551,28.55203275605872,0.8938300884727127
2017-01-21,50.31250075,326.9000049,280.9583375,0.005220833,96828.33333,0.500000007,1.550000023,4.962500074,0.140278487,22.28409984810916,0.839550314612151
2017-01-22,50.56250075,331.1083383,281.2541709,0.005608333,97419.16667,32.60000049,-2.554166705,7.325000109,0.140759791,33.89076376923785,0.8890683060711936
2017-01-23,94.18333474,307.3041712,278.8333375,0.004625,97445.83333,2.300000034,0.141666669,3.904166725,0.141255714,26.850031063427384,0.86769850791881
2017-01-24,115.1541684,292.241671,279.4583375,0.004875,98301.66667,2.300000034,-0.737500011,0.329166672,0.141737654,20.1527293023598,0.883147492568241
2017-01-25,76.89166781,259.4375039,278.7083375,0.004425,99170.0,2.600000039,0.416666673,-1.56666669,0.142233581,3.932713556736947,0.8523116885221127
2017-01-26,112.4750017,292.891671,279.0791708,0.004620833,99731.66667,0.0,-0.533333341,0.120833335,0.142715517,17.635140197295353,0.8720947667508322
2017-01-27,131.150002,246.6500037,281.3250042,0.0041,100082.9167,0.0,0.333333338,-4.379166732,0.143211443,24.0245293512458,0.6644854757868357
2017-01-28,132.6708353,241.9125036,280.5583375,0.0041875,100295.0,0.0,-0.383333339,-1.475000022,0.143693379,8.548143678798915,0.7170272273394183
2017-01-29,134.212502,242.7916703,281.2041709,0.004129167,99999.16667,0.0,-0.970833348,-1.387500021,0.144174683,8.088173042241138,0.674232383118467
2017-01-30,135.812502,249.095837,281.5000042,0.004466667,99367.5,0.0,-0.887500013,-1.650000025,0.144670606,7.153687706815014,0.7101481854759079
2017-01-31,116.8166684,272.3916707,282.0250042,0.004966667,98917.5,0.0,-0.625000009,-0.233333337,0.145152545,4.819677992672972,0.7583017673061616
2017-02-01,82.9916679,290.5250043,280.6625042,0.004795833,98512.5,0.400000006,-1.504166689,2.554166705,0.145633849,4.213244474451583,0.8008089202459624
2017-02-02,41.40833395,332.0208383,281.1083375,0.005866667,98377.08333,14.80000022,-3.245833382,5.933333422,0.146129772,19.343473164660814,0.9486392532805368
2017-02-03,43.13750064,360.6458387,284.6416709,0.007583333,97994.16667,27.0000004,-1.10833335,7.758333449,0.146611712,25.961243469903632,0.960980326403214
2017-02-04,61.60833425,350.4416719,284.7625042,0.0072875,98372.91667,3.200000048,-0.504166674,5.491666748,0.147093012,25.900717140994203,0.9195994507985852
2017-02-05,96.43750144,328.4791716,283.5125042,0.006704166,98308.75,0.400000006,-1.545833356,4.4833334,0.147588939,23.722269647059797,0.9195041849324394
2017-02-06,65.09166764,351.3833386,284.5958376,0.0072875,97542.5,10.60000016,-0.65000001,8.350000124,0.148070878,39.03943742281944,0.9220589829752962
2017-02-07,60.77916757,369.1791722,286.5083376,0.00825,97547.08333,32.30000048,0.112500002,8.345833458,0.148552178,43.75508830291086,0.9193594491499704
2017-02-08,54.49166748,366.9875055,286.8041709,0.008520833,98434.16667,10.70000016,-0.725000011,5.987500089,0.149033482,31.47095150327672,0.939694596407861
2017-02-09,59.62083422,369.6791722,287.5125043,0.009095833,98136.25,29.70000044,-1.666666692,10.10416682,0.149529405,36.48338464928606,0.9546841284005168
2017-02-10,106.5791683,332.250005,285.4375043,0.007020833,98179.58333,0.70000001,0.595833342,3.245833382,0.150011345,30.054492256114024,0.8453024571310278
2017-02-11,160.5208357,268.9958373,283.7625042,0.005183333,98828.33333,0.0,1.308333353,-3.487500052,0.150492648,28.630120904456945,0.7027216627532844
2017-02-12,168.1500025,250.7041704,284.9791709,0.003641667,99214.58333,0.0,0.300000004,-4.812500072,0.150988572,33.7554855757539,0.4568103107392373
2017-02-13,144.7541688,285.7541709,284.6625042,0.004670833,98969.16667,0.0,0.0125,-1.395833354,0.151470511,13.157022285575596,0.5969570134199427
2017-02-14,166.6583358,281.6875042,284.7291709,0.005145833,98817.5,0.0,0.329166672,-2.187500033,0.151951811,12.313494690206872,0.6537353184830266
2017-02-15,46.63333403,316.9541714,285.2083376,0.006570833,98697.5,0.0,-1.520833356,2.779166708,0.152433115,2.659036723139832,0.8075170235678394
2017-02-16,123.8541685,349.4166719,286.5166709,0.006908333,97968.33333,5.200000077,-1.075000016,7.425000111,0.152966527,37.92610100522674,0.7727474037738812
2017-02-17,66.40416766,326.9000049,283.1916709,0.006358333,97098.75,50.00000075,-3.550000053,2.083333364,0.153472963,26.824799621123777,0.8802269209429707
2017-02-18,128.7250019,336.9666717,283.4541709,0.007054166,96412.91667,37.50000056,0.658333343,0.245833337,0.15399275,41.48468129643909,0.9525959906829063
2017-02-19,41.96250063,321.8875048,282.7041709,0.005904167,97469.16667,4.600000069,-0.808333345,4.087500061,0.154498547,20.196834081771858,0.8480583189056874
2017-02-20,46.00833402,357.454172,283.8458376,0.007295833,97875.41667,33.6000005,-1.858333361,7.17083344,0.155032957,23.963051533524336,0.9740992879017348
2017-02-21,111.0541683,341.7666718,284.4625042,0.006616666,98357.91667,9.40000014,0.220833337,7.345833443,0.155554012,62.40266830735377,0.851751332789813
2017-02-22,154.4875023,279.4166708,281.2250042,0.004345833,98997.08333,0.400000006,1.904166695,-0.358333339,0.156055185,28.37753034335525,0.7014935783696337
2017-02-23,176.8666693,245.6125037,278.5791708,0.003495833,98970.83333,0.0,2.329166701,-3.275000049,0.156688353,26.443227471143903,0.6781175091382445
2017-02-24,180.683336,237.0458369,278.0125041,0.003854167,99068.75,0.0,0.312500005,-0.629166676,0.157314202,12.348231022510983,0.7788593316108523
2017-02-25,87.37916797,291.066671,279.1000042,0.004008333,98914.16667,0.0,-0.170833336,0.929166681,0.157751189,6.974951687707268,0.7492023352073383
2017-02-26,190.1375028,241.1666703,279.2708375,0.0037375,98335.41667,0.0,0.583333342,0.275000004,0.158211048,10.432831344180368,0.686242221910825
2017-02-27,185.0333361,259.7333372,279.2541708,0.003941667,97992.91667,0.100000001,2.183333366,0.345833338,0.158687423,9.857538232772695,0.7220494837468172
2017-02-28,194.7958362,250.4333371,280.1708375,0.00395,98581.66667,0.0,1.837500027,-2.379166702,0.159193045,8.380337315827994,0.6828960866922482
2017-03-01,217.6958366,247.8625037,281.3791709,0.0041375,99526.66667,0.0,0.608333342,-3.36250005,0.159698689,8.454232167391766,0.6643584073267572
2017-03-02,221.71667,249.1916704,283.0875042,0.004566667,99513.75,0.0,-0.075000001,-2.2166667,0.160206118,7.825166979092353,0.6525055591815323
2017-03-03,191.2083362,272.8791707,284.1250042,0.00515,98925.0,0.0,0.133333335,-1.379166687,0.160726971,6.8108687381913455,0.6820442635468525
2017-03-04,135.225002,303.6000045,284.5125042,0.005779167,98085.41667,6.600000098,1.320833353,2.454166703,0.161233278,22.2482674357934,0.7393996171531003
2017-03-05,178.5250027,291.4708377,280.3750042,0.0048,97695.0,4.400000066,4.679166736,3.437500051,0.161753647,39.98690639681796,0.8108246904411669
2017-03-06,113.5625017,290.8750043,278.6791708,0.004208333,98669.16667,4.900000073,2.283333367,3.545833386,0.162274592,29.318018622975497,0.8081392864863923
2017-03-07,82.01666789,322.4000048,280.7000042,0.0054375,99342.5,0.300000004,-0.920833347,2.591666705,0.162795555,16.901299085252074,0.913234748071829
2017-03-08,196.6291696,297.4333378,283.7333376,0.0062125,99365.41667,0.0,-0.029166667,-0.495833341,0.163316485,27.81671756663605,0.8484927207893004
2017-03-09,217.7625032,302.2375045,287.4250043,0.007375,99077.08333,0.0,1.341666687,-3.020833378,0.163822321,29.0036916644208,0.7859746501627303
2017-03-10,189.1208362,322.8958381,289.5458376,0.008041666,98932.5,0.0,1.425000021,-2.937500044,0.164355694,21.57530655264899,0.7457598939069182
2017-03-11,219.6041699,298.8833378,289.366671,0.006970833,98812.5,0.0,1.57916669,-3.212500048,0.164873532,18.684074704843272,0.6531608330716501
2017-03-12,240.0083369,290.7083377,290.366671,0.006129167,98920.0,0.0,1.670833358,-3.545833386,0.165383881,18.09647090072413,0.5391870171196719
2017-03-13,243.008337,281.3541709,290.279171,0.005570833,98787.91667,0.0,0.983333348,-3.391666717,0.165900552,15.002637561841787,0.4921615011625503
2017-03-14,239.9208369,290.8583377,290.3000043,0.0058625,98569.58333,0.0,0.587500009,-0.912500014,0.166410024,11.652471040686818,0.5160963307906633
2017-03-15,131.5583353,317.1875047,290.1125043,0.006983333,98545.41667,0.0,0.925000014,0.920833347,0.166933853,5.337445249683448,0.6220362739023123
2017-03-16,198.475003,322.3958381,288.291671,0.007258333,98787.08333,0.0,1.116666683,0.462500007,0.166813092,9.03544635142945,0.7289002460843094
2017-03-17,216.1625032,308.4791713,289.1375043,0.0069125,98698.75,0.0,0.262500004,0.020833334,0.166635028,9.493713158316943,0.6565810263370052
2017-03-18,173.3500026,327.8208382,290.616671,0.0072,98332.5,0.0,0.120833335,2.604166705,0.166484943,8.75124609589517,0.6196555970718429
2017-03-19,173.4958359,340.3791717,288.4500043,0.0084625,98483.75,0.0,-0.075000001,1.995833363,0.166321502,7.755678536134684,0.8385499000617704
2017-03-20,122.8916685,332.525005,287.2541709,0.0082875,98303.33333,6.200000092,-1.345833353,4.516666734,0.166157425,15.414161036990825,0.886181773802601
2017-03-21,163.1708358,353.0041719,286.5041709,0.008066666,98031.25,10.90000016,-1.870833361,6.662500099,0.165993352,74.68867687038004,0.9036390662126595
2017-03-22,193.1958362,324.6875048,285.1083376,0.0065,98233.75,8.70000013,1.070833349,3.575000053,0.165843898,75.85221040922309,0.8003739966407202
2017-03-23,224.9625034,278.8791708,282.8666709,0.0056375,98752.08333,0.70000001,1.654166691,0.337500005,0.165680461,40.08137477494597,0.8114073869335358
2017-03-24,97.26250145,344.4833385,283.7875042,0.005945833,98881.25,15.00000022,-1.904166695,6.479166763,0.165516385,64.47789314852805,0.8051704532016813
2017-03-25,230.1083368,320.4875048,284.0875042,0.006704166,98873.33333,1.600000024,0.370833339,0.395833339,0.165352308,52.39670197080523,0.8896468456316211
2017-03-26,92.47916804,318.4500047,284.6666709,0.005983333,98593.75,0.400000006,0.008333333,2.779166708,0.165188235,20.03784222504943,0.7615883778315734
2017-03-27,231.4291701,304.4458379,283.9750042,0.005929167,98726.25,0.200000003,0.725000011,-0.67500001,0.165024158,35.32431056236926,0.7915991777103287
2017-03-28,270.0416707,291.104171,287.2083376,0.004870833,99122.08333,0.0,2.520833371,-6.020833423,0.164874708,44.94439528624831,0.5267555367793302
2017-03-29,200.9208363,325.1125048,290.5750043,0.005491667,98929.58333,0.0,1.695833359,-3.929166725,0.164711267,28.041693391068264,0.4767665044931687
2017-03-30,260.5875039,321.7041715,289.466671,0.005579167,98563.33333,0.0,3.200000048,-3.225000048,0.164547194,25.34939560106581,0.5180973854257437
2017-03-31,281.3875042,260.2291705,286.8708376,0.0029375,98607.91667,0.0,1.891666695,-6.854166769,0.164383118,25.389053626412142,0.3231060838816695
2017-04-01,289.0458376,287.891671,291.8958377,0.0037,98504.58333,0.0,1.204166685,-6.912500103,0.164233664,28.55712093585406,0.2941153752197412
2017-04-02,292.0333377,309.9041713,293.041671,0.006116667,98432.08333,0.0,1.045833349,-4.979166741,0.164055604,21.72619047234766,0.4520897108209195
2017-04-03,300.5458378,261.6125039,291.1083377,0.002920833,98302.08333,0.0,1.445833355,-5.766666753,0.163890891,22.870702646284908,0.2435538739120925
2017-04-04,210.6208365,305.5958379,290.091671,0.004545833,98304.16667,0.0,0.720833344,-2.350000035,0.163741441,11.54474180706454,0.4044654855375634
2017-04-05,250.5958371,321.0833381,290.0625043,0.005508333,98442.5,0.0,-0.454166673,2.137500032,0.163563378,13.090238833802482,0.4917115370190862
2017-04-06,114.2625017,338.9291717,286.9958376,0.004175,98142.91667,15.20000023,-2.166666699,5.554166749,0.163413288,107.9684158428082,0.4533200344331751
2017-04-07,136.4916687,339.0250051,284.0833376,0.006466667,97612.91667,12.30000018,-0.558333342,8.387500125,0.163249851,75.0205078167166,0.8474286019885423
2017-04-08,253.9458371,288.979171,281.5875042,0.005191667,98092.08333,8.900000133,2.533333371,1.491666689,0.163100397,77.16298048563237,0.809942731162155
2017-04-09,261.7750039,271.0041707,281.7541709,0.005325,98957.91667,0.800000012,0.766666678,-0.508333341,0.162925659,44.24811339675431,0.8285565259110634
2017-04-10,278.9625042,293.1750044,285.1166709,0.005179167,98916.25,0.200000003,0.579166675,1.78333336,0.162771193,50.14564286625702,0.6418081267355655
2017-04-11,110.1625016,344.0291718,285.8500043,0.007054166,98457.08333,2.600000039,-0.720833344,3.425000051,0.162614145,26.0008857536567,0.8287139766400131
2017-04-12,113.9375017,345.6541718,285.7166709,0.007291666,98197.5,2.600000039,-1.212500018,6.087500091,0.162443628,31.30430355518487,0.8619423693483148
2017-04-13,222.60417,316.483338,284.5625042,0.006125,98043.33333,10.70000016,1.462500022,4.962500074,0.162289171,92.92488055182528,0.7806916469981536
2017-04-14,306.1083379,258.8250039,282.3500042,0.0041625,98922.08333,0.0,2.345833368,-1.491666689,0.162124749,55.93165047856317,0.6216087949843336
2017-04-15,292.4208377,273.2000041,284.6333376,0.004520833,98817.5,0.0,0.975000015,-2.833333376,0.161958098,41.718973090147166,0.5780276803142582
2017-04-16,126.0541685,320.6166714,285.3375043,0.005908333,98248.75,1.900000028,-0.770833345,3.700000055,0.16208198,22.11230133099243,0.7166098067589772
2017-04-17,86.36666795,354.2041719,284.5000042,0.007054166,98378.33333,0.500000007,-1.962500029,5.300000079,0.162218493,12.296577890799052,0.9059793619182251
2017-04-18,222.1750033,352.8291719,287.3583376,0.007391666,98531.25,1.300000019,-0.43333334,2.183333366,0.16234038,34.39848303493647,0.7868365716236494
2017-04-19,300.4458378,292.1708377,287.2708376,0.005479167,98872.5,0.800000012,0.90416668,2.666666706,0.162470414,33.36758279255328,0.5886360597215485
2017-04-20,306.7833379,308.1666713,286.7750043,0.0065875,99194.16667,4.600000069,2.004166697,1.045833349,0.162589017,54.471595836812966,0.7334974234235183
2017-04-21,328.4250049,291.291671,289.241671,0.0055,99030.41667,0.0,0.89166668,-3.583333387,0.162719537,41.29283941256852,0.5206598926357623
2017-04-22,285.1833376,305.7791712,291.4250043,0.005883333,98288.33333,0.0,1.36250002,-0.220833337,0.162840656,25.45515173273884,0.4807536592813102
2017-04-23,323.2666715,299.5916711,288.4375043,0.0059,98190.83333,0.0,2.912500043,-1.491666689,0.16297653,19.97421423108488,0.5833657621345165
2017-04-24,179.383336,340.6125051,288.2625043,0.006033333,98214.58333,1.100000016,2.145833365,1.158333351,0.163113043,14.952009157038262,0.603514219253973
2017-04-25,183.8500027,328.9291716,287.6708376,0.005779167,98448.75,0.0,1.245833352,-0.645833343,0.163234933,11.623553757302853,0.6022405519201129
2017-04-26,136.0791687,387.0750058,290.4583377,0.0081625,98362.91667,0.0,1.225000018,1.745833359,0.163368685,10.302236900604289,0.7098469862421366
2017-04-27,303.5708379,312.0500046,289.379171,0.006254167,98399.16667,0.0,1.750000026,-2.608333372,0.163491238,14.12794553841559,0.5830888374148192
2017-04-28,345.2416718,271.3041707,289.029171,0.004191667,98570.0,0.0,1.720833359,-6.358333428,0.163628575,17.279614589666885,0.4004156765329472
2017-04-29,346.4500052,274.5875041,290.9958377,0.0034375,98810.0,0.0,0.333333338,-5.912500088,0.163750465,17.84933974792192,0.2901852408424347
2017-04-30,339.6458384,304.4875045,292.9333377,0.0057125,98783.33333,0.0,1.129166683,-3.987500059,0.16387172,14.794322237903774,0.4266079960816638
2017-05-01,336.9541717,318.9500048,295.6125044,0.006433333,98706.25,0.0,1.645833358,-5.650000084,0.164007597,16.91941809486209,0.4066003855141181
2017-05-02,336.187505,340.7333384,298.0833378,0.00705,98385.41667,0.0,1.850000028,-6.116666758,0.164130429,18.240314106874894,0.382205520806929
2017-05-03,339.8583384,347.2375052,299.5708378,0.0080375,98285.0,0.0,0.620833343,-4.641666736,0.164266062,15.79272547426283,0.3982167866235417
2017-05-04,331.8416716,347.1875052,298.5583378,0.009345833,98075.0,0.0,0.104166668,0.25416667,0.164404357,11.270685856085606,0.4908610414624386
2017-05-05,337.550005,330.4166716,295.9333377,0.007158333,97831.66667,0.0,2.087500031,-0.941666681,0.164525132,10.883782596566345,0.4396840389978597
2017-05-06,324.9750048,308.8041713,289.266671,0.005620833,97716.66667,0.0,3.116666713,-4.67500007,0.164660647,10.721975552240444,0.5241939751355355
2017-05-07,340.8750051,302.6708378,291.904171,0.004475,97673.75,0.0,1.504166689,-7.437500111,0.164782226,14.224792513821376,0.3525347353655934
2017-05-08,350.5500052,307.1500046,293.7708377,0.0049625,98089.58333,0.0,0.762500011,-3.370833384,0.164917816,10.63736626836837,0.3492467919689773
2017-05-09,353.4750053,312.1541713,296.6166711,0.005720833,97904.16667,0.0,1.204166685,-3.82083339,0.16503939,11.175789545851496,0.3372841005948521
2017-05-10,344.1000051,323.0083381,296.1000044,0.007391666,97907.08333,0.0,1.004166682,-0.370833339,0.165160338,8.10830776483581,0.4497580566375113
2017-05-11,313.883338,319.9375048,291.616671,0.006691666,98466.25,0.0,1.779166693,1.837500027,0.165299205,7.840170342048313,0.541185842969776
2017-05-12,355.329172,277.8250041,287.3166709,0.004958333,98696.25,0.0,3.895833391,-0.762500011,0.165419837,8.129531454716732,0.5301385478199868
2017-05-13,359.2958387,268.1833373,286.2791709,0.003991667,98603.33333,0.0,3.287500049,-3.608333387,0.165554887,8.681441555977042,0.4564876385939643
2017-05-14,349.4208385,283.3291709,287.9625043,0.004758333,98147.08333,0.0,2.141666699,-3.137500047,0.16567512,8.332996613813508,0.4850255718895668
2017-05-15,354.0708386,295.1541711,289.7458377,0.005275,97919.16667,0.0,2.2041667,-2.941666711,0.165810844,8.899050376737025,0.4779918639039887
2017-05-16,144.0125021,334.1708383,289.5875043,0.005895833,98047.08333,0.0,1.916666695,-0.541666675,0.166304902,3.567929406846831,0.5404180738974642
2017-05-17,353.4291719,298.0333378,288.1708376,0.005070833,98418.75,0.0,1.516666689,-1.725000026,0.166815133,7.844067856727744,0.5113282520482934
2017-05-18,364.0500054,293.8333377,292.4458377,0.0046,98376.25,0.0,1.066666683,-3.870833391,0.167325292,10.02413050204018,0.3527403252550751
2017-05-19,363.4916721,306.7125046,295.9708377,0.004608333,98267.5,0.0,-0.112500002,-2.416666703,0.167850132,9.14015012186426,0.2836655361757674
2017-05-20,362.1541721,323.4041715,298.1291711,0.0064,98207.08333,0.0,0.287500004,-0.883333346,0.168361043,7.6786298801019965,0.3453837764495766
2017-05-21,361.3541721,338.3333384,299.6583378,0.0066625,98118.33333,0.0,0.029166667,-1.062500016,0.168885961,8.012099183442391,0.3278218596029851
2017-05-22,365.6708388,335.800005,300.4625045,0.006920833,98219.16667,0.0,-0.583333342,-1.454166688,0.169396902,8.315727405260821,0.3250106377332494
2017-05-23,358.7958387,343.9166718,301.1000045,0.007783333,98140.41667,0.0,0.500000007,-1.154166684,0.169907162,7.79868595157845,0.3517469122467798
2017-05-24,344.4583385,345.0916718,300.6958378,0.0071125,97698.33333,0.0,0.829166679,1.279166686,0.170432038,7.642847017105394,0.3276933574203819
2017-05-25,369.2791722,316.3166714,293.879171,0.007791666,97300.83333,0.0,0.483333341,2.183333366,0.170942931,7.526887455231787,0.5402927058375336
2017-05-26,361.191672,313.7750047,291.2500043,0.007925,97862.5,0.0,1.025000015,0.783333345,0.171453201,6.550210571386979,0.6519790984922569
2017-05-27,365.3000054,317.8791714,292.3083377,0.008045833,98472.08333,0.0,1.245833352,-0.425000006,0.171963456,6.784197020690923,0.6229428560667242
2017-05-28,365.3958388,335.3416717,295.5583377,0.009120833,98515.41667,0.0,1.10833335,-0.766666678,0.172473704,7.29897832687829,0.5772571693706782
2017-05-29,356.0458386,340.5125051,297.5625044,0.009225,98197.91667,0.0,1.033333349,-0.529166675,0.172983959,7.139205485727314,0.5150965126705689
2017-05-30,335.1541717,334.062505,296.3250044,0.0091375,97963.75,0.0,1.416666688,-0.491666674,0.173508831,6.65822856254579,0.5487165826748167
2017-05-31,256.0458371,373.1208389,293.6958377,0.009108333,98031.25,0.0,1.733333359,-0.041666667,0.174019723,5.893227251603543,0.6436357383882843
2017-06-01,336.950005,343.4166718,294.8375044,0.008833333,98097.91667,0.0,1.57916669,-0.775000012,0.174529966,7.064240393441394,0.5819462240003939
2017-06-02,353.6291719,338.6333384,297.1875044,0.008670833,98135.83333,0.0,1.700000025,-1.908333362,0.175040205,7.998196066330891,0.4949542861281684
2017-06-03,328.5916716,342.8666718,298.0708378,0.007970833,97997.5,0.0,1.000000015,-0.804166679,0.175550476,6.445849438165144,0.4307473427282799
2017-06-04,359.3958387,330.0833383,297.6708378,0.007416666,97939.58333,0.0,1.658333358,-1.283333352,0.176074885,7.173322290839162,0.4103408244326604
2017-06-05,359.1125054,319.4083381,297.8166711,0.006529167,98073.33333,0.0,1.062500016,-2.67500004,0.176598804,7.281366088721207,0.358561909186737
2017-06-06,362.1166721,326.2541715,298.9333378,0.006908333,97966.25,0.0,1.100000016,-0.979166681,0.177108054,6.094456047013115,0.3543874408304941
2017-06-07,336.8166717,330.9333383,297.4041711,0.0068375,97867.91667,0.0,1.800000027,0.400000006,0.177616672,5.692602612225553,0.3841633168480088
2017-06-08,133.0166686,366.5833388,290.3833377,0.007179166,98167.08333,0.70000001,-0.341666672,4.22916673,0.178139909,3.485698365073445,0.626081853309629
2017-06-09,274.1875041,364.5250054,290.3000043,0.0085,98241.25,0.0,0.720833344,1.216666685,0.178649158,5.069767732275817,0.745792137336523
2017-06-10,355.0958386,297.1000044,290.2833377,0.005275,98012.91667,0.0,2.933333377,-0.037500001,0.179157776,5.375530215808014,0.4622465783401228
2017-06-11,325.1500048,297.0333378,287.766671,0.005158333,98031.25,0.500000007,3.708333389,-2.045833364,0.17966639,5.595870294416415,0.5319265093251541
2017-06-12,344.5916718,307.3958379,288.516671,0.006270833,98422.5,0.0,1.891666695,-1.500000022,0.180189627,5.758218577122732,0.6183107493961382
2017-06-13,360.4833387,310.9291713,291.6375043,0.007429166,98612.08333,0.0,1.137500017,-1.937500029,0.18069888,6.418217538524087,0.6009278878676313
2017-06-14,360.6708387,326.9041715,296.1666711,0.0078375,98252.08333,0.0,1.558333357,-2.791666708,0.181207494,7.7748954600071745,0.4766204603572855
2017-06-15,337.4916717,340.4041717,298.6500045,0.006654166,98288.75,0.0,2.045833364,-1.925000029,0.181730731,8.088431090859284,0.3483315904488331
2017-06-16,349.8375052,377.395839,301.0041712,0.009566666,98336.66667,0.0,2.616666706,-4.616666735,0.182353794,10.664903819199486,0.4356543970509883
2017-06-17,351.5125052,377.3166723,302.7333378,0.009225,98128.33333,0.0,2.395833369,-5.525000082,0.182966547,11.649540535017046,0.3788838459602011
2017-06-18,352.0625052,393.8666725,307.0416712,0.008541666,97882.91667,0.0,1.458333355,-7.325000109,0.183593291,7.497543672543661,0.2735340861527822
2017-06-19,352.1041719,396.4291726,306.8000046,0.010470833,97658.33333,0.0,1.220833352,-4.108333395,0.184206045,8.855964144928986,0.3391274929608058
2017-06-20,351.8750052,405.7416727,307.6458379,0.012583333,97778.33333,0.0,1.462500022,-3.308333383,0.184818162,8.921576106745842,0.3891080868428113
2017-06-21,352.8750053,402.9958393,307.2125046,0.010545833,97642.91667,0.0,0.862500013,-3.316666716,0.185444902,7.187586012919654,0.3336659361628236
2017-06-22,358.529172,384.7166724,309.3125046,0.006558333,97493.75,0.0,-0.033333334,-4.812500072,0.186057655,6.267868678616434,0.1842920770884661
2017-06-23,361.1500054,368.2958388,306.7541712,0.007025,97749.16667,0.0,1.283333352,-3.116666713,0.186669773,5.217649439241334,0.228325282169097
2017-06-24,351.6875052,379.658339,305.6625046,0.010333333,98003.75,0.0,0.612500009,-1.470833355,0.187296517,6.959565161222837,0.3581942057139841
2017-06-25,352.8875053,383.4666724,303.7625045,0.012275,97982.08333,0.0,0.758333345,0.941666681,0.18790927,6.866807286196116,0.4742891093250119
2017-06-26,359.504172,341.2000051,299.0875045,0.009258333,98117.08333,0.0,1.320833353,0.975000015,0.18853601,6.295143036329183,0.4713074069720225
2017-06-27,361.2750054,330.6416716,297.3375044,0.008941666,98091.66667,0.0,0.870833346,-0.025,0.189148764,5.524778665527787,0.5055698000664709
2017-06-28,362.0750054,336.937505,298.6208378,0.009341666,97936.66667,0.0,0.854166679,-0.720833344,0.189760881,5.608912983355967,0.4881174491002322
2017-06-29,361.3833387,341.3333384,300.3250045,0.008295833,98018.33333,0.0,1.254166685,-2.150000032,0.190402244,6.413656103202066,0.3919602062478671
2017-06-30,351.7791719,343.5875051,300.9583378,0.008770833,98085.0,0.0,1.487500022,-2.233333367,0.191015636,6.166870782579563,0.3994674928878066
2017-07-01,360.1958387,355.841672,300.1541711,0.009479166,97869.58333,0.0,1.504166689,-1.695833359,0.191627754,6.097382976563988,0.4517368814006619
2017-07-02,358.129172,372.2541722,301.6583378,0.010441666,97881.66667,0.0,1.125000017,-1.675000025,0.192254495,6.015051377687154,0.4554637752085347
2017-07-03,358.841672,363.1500054,301.1500045,0.0097375,98150.0,0.0,0.791666678,0.316666671,0.192867248,5.084527773126257,0.4388109027077121
2017-07-04,361.9958387,344.7708385,300.1750045,0.008091666,98226.25,0.0,0.600000009,1.279166686,0.193493988,5.011621075952253,0.3865424122663225
2017-07-05,341.9916718,339.3916717,300.0083378,0.006958333,98252.91667,0.0,0.045833334,1.700000025,0.194106741,4.955282407148962,0.3357940483842612
2017-07-06,356.454172,354.8375053,301.9791712,0.007379166,98455.83333,0.0,0.308333338,-0.883333346,0.194718859,5.041473118052598,0.3177454052413335
2017-07-07,356.7625053,370.2708389,305.1916712,0.006945833,98407.08333,0.0,1.679166692,-3.062500046,0.195345602,4.641722049165477,0.2483304687116788
2017-07-08,358.7458387,359.3125054,306.1541712,0.004720833,98123.33333,0.0,2.066666697,-3.687500055,0.195958356,4.038384431266796,0.1593348546784527
2017-07-09,357.6750053,352.6291719,303.2041712,0.0067875,97973.33333,0.0,1.412500021,-1.833333361,0.196585096,6.141469225997208,0.2708337446308428
2017-07-10,360.6250054,351.4375052,303.1083378,0.008145833,97903.33333,0.0,1.595833357,-1.950000029,0.197197849,6.5385798528414725,0.3266093835111139
2017-07-11,357.2083387,357.5500053,301.7875045,0.009541666,97827.5,0.0,0.933333347,-0.575000009,0.197809967,5.873694326907012,0.4128415934460137
2017-07-12,355.679172,359.704172,300.9708378,0.0097,97987.91667,0.0,0.195833336,0.175000003,0.198436707,5.504495174629165,0.4410243698661
2017-07-13,357.4250053,353.2500053,300.9833378,0.009625,98164.58333,0.0,0.90416668,-0.183333336,0.199049464,5.815562428622106,0.4380808305198275
2017-07-14,355.791672,354.741672,301.5583378,0.009541666,98283.33333,0.0,1.09583335,-0.854166679,0.199676204,6.103725927726518,0.4203700317459076
2017-07-15,353.6291719,360.9958387,303.0541712,0.009083333,98343.33333,0.0,1.654166691,-1.620833357,0.20030358,6.766510745938346,0.3669856927967825
2017-07-16,352.8708386,367.0666721,305.2500045,0.007416666,98157.91667,0.0,2.145833365,-4.00000006,0.200401376,5.846934319188346,0.2636140432690245
2017-07-17,354.8083386,355.7583386,304.4333379,0.006154167,97839.58333,0.0,2.312500034,-1.716666692,0.200476146,5.462826970865137,0.2284563715821692
2017-07-18,358.9208387,332.8833383,300.8458378,0.006358333,97977.91667,0.0,1.708333359,0.22916667,0.200550916,6.085403380119441,0.2911976875917403
2017-07-19,358.8000053,331.8333383,299.8750045,0.0073875,98268.75,0.0,1.604166691,-1.387500021,0.200625687,6.318020267543647,0.3593947539325663
2017-07-20,355.4208386,340.0708384,300.0041711,0.007883333,98262.91667,0.0,1.904166695,-1.583333357,0.20071508,6.636518421286611,0.380565307374668
2017-07-21,354.679172,347.3583385,301.0916712,0.0079125,98239.58333,0.0,2.250000034,-2.504166704,0.200790486,7.351887115754874,0.358121111672534
2017-07-22,353.0541719,353.6041719,302.6416712,0.008058333,98085.41667,0.0,1.55416669,-2.991666711,0.200865256,7.326816241639395,0.3325897859073417
2017-07-23,348.3916719,359.1250054,303.0958378,0.0089,97823.75,0.0,0.729166678,-0.616666676,0.200954653,5.651733612591793,0.3568161876032606
2017-07-24,347.8958385,354.916672,302.0666712,0.007358333,97680.41667,0.0,1.158333351,1.762500026,0.20103006,6.52041017884471,0.3127502055784926
2017-07-25,342.3125051,358.2375053,299.5208378,0.0078625,97982.08333,0.0,1.291666686,1.020833349,0.201108838,6.27156969902084,0.3895033813775346
2017-07-26,341.5125051,363.1125054,300.4416711,0.009033333,98253.33333,0.0,1.391666687,-0.483333341,0.201201912,6.137921020245115,0.4248867081601878
2017-07-27,341.8208384,369.2000055,302.2875045,0.00865,98230.83333,0.0,1.237500018,-1.837500027,0.201280941,6.727268141921764,0.3649879698939709
2017-07-28,342.7166718,368.5958388,303.4541712,0.008258333,97985.0,0.0,1.77083336,-2.620833372,0.201344739,7.167123729719746,0.3248303560410878
2017-07-29,343.4250051,354.591672,302.2416712,0.0075625,98035.0,0.0,1.258333352,-1.250000019,0.20143711,6.14331516764912,0.31931684660556
2017-07-30,340.7208384,359.9458387,302.3625045,0.007958333,98338.33333,0.0,0.800000012,0.033333334,0.201516169,5.474762542584963,0.3347041832234692
2017-07-31,336.262505,375.9333389,303.5208379,0.0083,98357.08333,0.0,1.320833353,-0.283333338,0.201594597,6.042957803504066,0.3264491664255836
2017-08-01,327.4458382,380.0375057,304.7333379,0.009775,98084.58333,0.0,1.233333352,-0.516666674,0.201673013,5.774657307577106,0.3575781149032543
2017-08-02,270.9833374,390.0166725,305.3125045,0.0100375,97930.41667,0.0,1.412500021,0.512500008,0.201751409,4.847292970991666,0.3546747912245811
2017-08-03,263.9666706,394.4541725,305.7083379,0.008608333,98055.83333,0.0,-0.670833343,3.070833379,0.20182983,4.880087921321023,0.2977807628692192
2017-08-04,260.9750039,413.2750062,304.5958379,0.007841666,98058.75,0.0,2.00000003,1.36250002,0.201922851,5.6267997212613405,0.2890466492558184
2017-08-05,315.7125047,384.7916724,302.6666712,0.008654166,97942.08333,0.0,1.675000025,-0.829166679,0.201987291,6.30633206130512,0.3561414930750629
2017-08-06,307.7625046,372.7458389,300.5416711,0.009220833,97932.5,0.0,2.562500038,-1.391666687,0.202079678,6.411822302307236,0.4297424237253936
2017-08-07,318.5666714,367.6166721,300.2958378,0.0098375,98054.16667,0.0,1.083333349,-0.45833334,0.202158714,5.2671268547153165,0.4657738323362824
2017-08-08,316.9666714,376.4458389,301.2458378,0.009945833,98080.83333,0.0,2.166666699,-0.758333345,0.202237139,5.912949291964721,0.4453674027323519
2017-08-09,314.5875047,379.683339,301.2041712,0.0103375,98000.41667,0.0,1.98750003,-0.141666669,0.202315494,5.587422116949418,0.4636604429362543
2017-08-10,308.2166713,375.0750056,300.4125045,0.010695833,98090.0,0.0,1.741666693,-1.266666686,0.202393945,5.269098347824388,0.5031136928537122
2017-08-11,313.033338,373.1500056,301.1041712,0.010666666,98070.0,0.0,2.220833366,-1.004166682,0.202472375,5.30751397441597,0.4815875022173579
2017-08-12,317.4500047,363.4708387,302.2083378,0.0096875,97892.91667,0.0,2.312500034,-0.825000012,0.202565381,5.110784634121561,0.4092443172686592
2017-08-13,314.1750047,351.9625052,300.7708378,0.00745,97912.91667,0.0,2.379166702,-1.483333355,0.202629824,5.078717057480377,0.3424782863677183
2017-08-14,304.0375045,360.0000054,298.3583378,0.009691666,97740.0,0.0,1.36250002,0.220833337,0.20270758,4.205976456209433,0.5134124624171884
2017-08-15,306.8791712,357.179172,296.5333378,0.010091666,97757.5,0.0,1.450000022,0.341666672,0.202800586,4.19756103213685,0.5971071659787293
2017-08-16,306.9333379,360.3333387,297.8916711,0.009529166,98017.91667,0.0,1.391666687,-0.145833336,0.202830269,4.2743487388100725,0.5206569871192469
2017-08-17,307.5166712,366.7291721,300.2000045,0.010033333,98195.83333,0.0,1.220833352,-0.366666672,0.202871799,4.283784001774777,0.4784392399560904
2017-08-18,304.9416712,367.2916721,301.3583378,0.010125,98195.41667,0.0,1.55416669,-1.416666688,0.202899321,4.631194251519107,0.450930520690819
2017-08-19,304.7166712,373.1791722,302.3708378,0.0107625,97987.5,0.0,1.641666691,-0.333333338,0.202926193,4.461544787916004,0.4508054548441075
2017-08-20,301.4291712,369.1458388,301.0250045,0.0103875,97825.41667,0.0,1.520833356,0.65000001,0.202967731,4.382802458726687,0.4699981623992404
2017-08-21,298.6125044,366.2166721,299.7666711,0.010225,98036.66667,0.0,1.695833359,0.475000007,0.202995288,4.353903964516945,0.4994653530529582
2017-08-22,296.6375044,367.8666721,299.6750045,0.010833333,98344.58333,0.0,1.379166687,-1.54166669,0.203036803,4.426157858145471,0.5337435033870489
2017-08-23,298.9125045,375.5916723,301.9416712,0.010325,98184.16667,0.0,1.633333358,-2.595833372,0.203064313,5.134957740827943,0.4443384474835493
2017-08-24,295.2583377,363.7291721,301.7666712,0.007954166,97855.0,0.0,1.454166688,-0.320833338,0.203091261,4.176521049608407,0.3446715817149725
2017-08-25,299.3416711,353.1458386,300.1250045,0.008195833,97788.33333,0.0,0.829166679,-0.491666674,0.203132731,3.805427764950459,0.3909294801217224
2017-08-26,298.3833378,348.7916719,301.8000045,0.0072125,98055.83333,0.0,0.275000004,-0.079166668,0.203160248,3.1648315955326707,0.3125646544829071
2017-08-27,293.8833377,369.9666722,305.6000046,0.006504167,98205.41667,0.0,1.341666687,-2.287500034,0.203201776,2.5657263834764383,0.2267283665580624
2017-08-28,292.666671,379.1125056,306.0416712,0.007295833,97988.33333,0.0,0.925000014,-2.354166702,0.203229345,2.62646652359521,0.2474784648703893
2017-08-29,287.1791709,380.5750057,305.3291712,0.007504166,97791.25,0.0,1.291666686,-1.395833354,0.203256214,3.407356532721584,0.2645313153958875
2017-08-30,293.9375044,346.3958385,302.6000045,0.006641666,97819.58333,0.0,2.420833369,-1.733333359,0.203283117,4.558071386299426,0.2740402963278679
2017-08-31,293.404171,343.3291718,302.1500045,0.0068875,97897.08333,0.0,0.679166677,-2.670833373,0.203324629,4.459947125803938,0.2919639400745098
2017-09-01,287.9250043,358.6000053,304.6541712,0.005595833,97947.08333,0.0,-1.116666683,-1.975000029,0.203366787,1.9525707920042483,0.2053422102513826
2017-09-02,281.6958375,381.2541723,306.8041712,0.006408333,97888.75,0.0,0.850000013,-2.637500039,0.203394294,2.6261981695959937,0.2079928083300214
2017-09-03,203.0708364,384.6541724,305.9083379,0.007770833,97993.33333,0.0,1.850000028,-2.083333364,0.203435823,1.700153198299719,0.265604979672587
2017-09-04,191.6708362,414.4250062,305.9750046,0.008533333,97915.0,0.0,1.79583336,-0.20416667,0.203448738,2.500053631929451,0.2903338316324957
2017-09-05,264.2708373,387.5625058,301.8875045,0.0101125,98020.0,0.0,1.625000024,0.47083334,0.20348963,4.142727968228948,0.435843874733917
2017-09-06,268.4333373,386.1041724,301.0500045,0.011716666,98211.25,0.0,1.291666686,2.516666704,0.203531769,4.572872658607075,0.5314466905037878
2017-09-07,237.8833369,377.008339,298.0000044,0.009304166,98140.0,0.0,1.304166686,3.137500047,0.203559327,4.340863426659559,0.505684695620522
2017-09-08,268.100004,348.1375052,295.9666711,0.010575,98043.75,0.0,1.437500021,-0.491666674,0.203600837,3.3703483766505022,0.6496266211342874
2017-09-09,264.5166706,362.6583387,299.0625045,0.010404166,98131.66667,0.0,0.89166668,-2.162500032,0.203628389,3.957361738402359,0.5305079494246997
2017-09-10,266.5958373,359.6625054,301.1541712,0.00875,98312.08333,0.0,0.787500012,-2.808333375,0.20365526,4.38263487506353,0.3948645804977644
2017-09-11,253.0583371,375.7083389,303.2458379,0.0078,98080.41667,0.0,0.67500001,-1.279166686,0.203696779,3.5453029911134504,0.3108238920316746
2017-09-12,242.5625036,388.5708391,302.9083378,0.009308333,98005.0,0.0,0.86666668,-2.466666703,0.203724324,4.270621030965211,0.3779656194870525
2017-09-13,258.5041705,365.3833388,299.9791711,0.010266666,97757.91667,0.0,2.150000032,0.045833334,0.203765857,3.8636156511357194,0.4938046069102211
2017-09-14,229.6625034,346.0666718,294.9375044,0.010020833,97747.91667,0.0,2.054166697,-0.500000007,0.203793355,2.95340222820644,0.6537781018158425
2017-09-15,260.4083372,320.2458381,294.1000044,0.008629166,98065.83333,0.0,2.166666699,-2.954166711,0.203820257,3.548974476666753,0.5948537941177051
2017-09-16,222.3458366,328.0041716,295.6291711,0.005508333,98089.16667,0.0,0.983333348,-2.804166708,0.203462083,3.5284577298909547,0.3456084014613448
2017-09-17,256.0625038,312.7500047,295.2875044,0.00535,98066.25,0.0,2.2041667,-1.737500026,0.203087194,3.690494732781185,0.3427131132881025
2017-09-18,247.4291704,338.000005,296.0500044,0.007695833,97976.66667,0.0,3.137500047,-2.016666697,0.202697703,4.069396651239686,0.4700328964296202
2017-09-19,246.145837,313.3875047,291.5375043,0.00585,98217.91667,0.0,3.195833381,-2.995833378,0.202307578,3.829080656847093,0.4742945505478289
2017-09-20,220.85417,342.2541718,293.3708377,0.007183333,98027.91667,0.0,2.954166711,-1.525000023,0.201946661,3.4935611871633645,0.5179798617035503
2017-09-21,236.2458369,300.4333378,289.2875043,0.005258333,97832.5,0.0,3.77083339,-2.404166702,0.201557786,3.4095774979912075,0.4903098318042633
2017-09-22,240.4791703,310.9541713,289.0500043,0.005525,98048.33333,0.0,1.75833336,-2.595833372,0.201182257,3.158571255226928,0.5242852083125972
2017-09-23,244.6125036,292.6583377,291.1125043,0.004066667,98194.16667,0.0,0.316666671,-4.508333401,0.200792722,4.087770699573797,0.3386373887569683
2017-09-24,241.2000036,304.2875045,293.779171,0.003679167,98290.0,0.0,0.108333335,-4.191666729,0.200417179,4.518471644114657,0.2593239493692523
2017-09-25,235.7750035,316.7625047,295.3083377,0.004004167,98277.08333,0.0,0.375000006,-3.395833384,0.200042315,4.353436662142073,0.2567233506516749
2017-09-26,234.9291702,334.2083383,298.2708378,0.004916667,98078.33333,0.0,-0.654166676,-4.516666734,0.199652778,5.327320725531158,0.2627379939285864
2017-09-27,234.9041702,324.8458382,298.3875044,0.004370833,98107.5,0.0,-1.658333358,-2.070833364,0.199277567,4.14386949216021,0.2320070981441533
2017-09-28,231.2208368,311.6666713,295.9458377,0.004758333,98247.91667,0.0,0.366666672,-0.120833335,0.198893457,2.2565699975830764,0.2932886937384505
2017-09-29,189.9500028,340.1500051,296.3291711,0.0053875,98218.75,0.0,1.604166691,0.233333337,0.198503648,3.088825755655135,0.3242847849960154
2017-09-30,227.2833367,329.4500049,295.4958377,0.007195833,98210.0,0.0,1.954166696,-2.370833369,0.198134797,4.2468216846638125,0.455757457804682
2017-10-01,222.3125033,300.8875045,294.3291711,0.004754167,98260.41667,0.0,2.420833369,-6.320833428,0.197750916,5.8696486166851285,0.3237458175108596
2017-10-02,228.6416701,278.0583375,292.604171,0.003095833,98087.91667,0.0,1.712500026,-6.295833427,0.197367441,5.655560882481526,0.2343574469809776
2017-10-03,223.9250033,279.1833375,291.0458377,0.002975,97852.91667,0.0,1.475000022,-6.041666757,0.196985575,5.154845144632615,0.2479200329710707
2017-10-04,219.7750033,284.1208376,290.7583377,0.0034125,98540.83333,0.0,-0.245833337,0.304166671,0.196602832,1.787087440971047,0.2916668158732427
2017-10-05,219.1750033,289.654171,291.6500043,0.003854167,98560.41667,0.0,1.183333351,-2.645833373,0.196232912,3.23480493915373,0.3113448601398231
2017-10-06,216.9000032,294.8666711,294.2708377,0.003279167,98523.33333,0.0,0.770833345,-3.183333381,0.195844074,3.5849037347630883,0.2247107853407828
2017-10-07,210.9666698,301.8625045,294.3291711,0.003995833,98239.58333,0.0,1.804166694,-2.212500033,0.195467594,3.169199801813797,0.2720476463495732
2017-10-08,212.9458365,293.9875044,293.8083377,0.004208333,97890.41667,0.0,1.991666696,-6.820833435,0.195084898,4.842600093584797,0.2948803872027501
2017-10-09,214.2875032,269.9958374,293.429171,0.002379167,98244.16667,0.0,-0.962500014,-5.929166755,0.194701693,4.493442587023231,0.1713119280881521
2017-10-10,198.100003,289.5083376,290.566671,0.003375,98271.25,0.0,0.562500008,-0.045833334,0.194338015,1.502924185251883,0.2912101952933554
2017-10-11,206.7208364,282.5375042,290.6500043,0.003575,98165.83333,0.0,3.058333379,-4.27916673,0.193949316,3.694203131051738,0.3065023643319893
2017-10-12,208.2000031,259.7875039,289.4208376,0.002479167,98661.25,0.0,2.100000031,-6.504166764,0.193559494,4.150080850075168,0.2311323299251606
2017-10-13,202.6291697,278.0750041,289.4958376,0.0030125,98757.91667,0.0,1.341666687,-4.529166734,0.193184292,3.394771502484152,0.2797758898468318
2017-10-14,202.9416697,277.3458375,290.941671,0.0033375,98927.08333,0.0,0.391666673,-5.750000086,0.192795106,3.8424287381420954,0.2830510145163967
2017-10-15,199.1833363,277.8875041,292.141671,0.002320833,98930.83333,0.0,-0.600000009,-2.245833367,0.192426815,2.441871494333729,0.18243117934439
2017-10-16,191.6083362,283.3833376,291.229171,0.002954167,98950.83333,0.0,-0.083333335,-1.80833336,0.191425102,2.052984036719274,0.2460633614758678
2017-10-17,192.5750029,283.5833376,291.379171,0.003216667,98701.25,0.0,1.191666684,-0.300000004,0.190395808,1.7054856966841991,0.2647207153361779
2017-10-18,192.3708362,276.9458375,290.841671,0.003575,98525.83333,0.0,1.316666686,-1.125000017,0.189362954,1.854904470857907,0.3038917344543193
2017-10-19,158.7208357,312.8666713,291.8083377,0.005033333,98059.16667,0.0,1.54166669,2.208333366,0.18832975,2.2339295150169467,0.4005014999169471
2017-10-20,168.1208358,309.0166713,286.8000043,0.006416667,98162.5,5.800000086,3.066666712,1.82083336,0.18731116,14.329335997187393,0.7058833026177359
2017-10-21,118.6041684,303.7375045,285.0875042,0.00505,98980.0,0.0,1.416666688,-0.541666675,0.186278579,6.307250241110336,0.6274236514215384
2017-10-22,174.9625026,314.9291714,288.241671,0.006670833,99416.66667,0.0,1.187500018,-2.495833371,0.185245366,8.052390411288691,0.6763657458548477
2017-10-23,175.2708359,330.0000049,295.5375044,0.007020833,99319.58333,0.0,0.858333346,-6.079166757,0.184212149,10.784083412183158,0.4485486242815046
2017-10-24,173.8291693,336.062505,299.6875045,0.005741667,99102.91667,0.0,-0.450000007,-3.683333388,0.183193559,9.540744776970174,0.28485358710651
2017-10-25,172.6833359,315.2625047,295.7708377,0.005741667,98582.91667,0.0,-0.454166673,-1.425000021,0.182160982,4.963756750104449,0.3589307638023794
2017-10-26,172.3083359,309.8416713,295.3625044,0.005491667,98157.08333,0.0,-0.320833338,-2.2166667,0.181127766,4.563120641707656,0.3504938831304982
2017-10-27,171.5958359,303.4416712,294.3125044,0.005204167,98365.41667,0.0,0.666666677,-3.35000005,0.180109175,4.430986573909821,0.3551348851332447
2017-10-28,168.3291692,305.1500045,294.104171,0.005358333,98245.83333,0.0,0.820833346,-2.779166708,0.179076573,3.736681088838912,0.3699603698777256
2017-10-29,165.9291691,296.0708377,292.666671,0.005475,98036.66667,0.0,0.350000005,-1.466666689,0.178049066,2.4777420010642155,0.4126236180434077
2017-10-30,155.391669,292.6000044,290.2708377,0.006391667,97797.08333,0.0,1.32500002,-1.170833351,0.177007403,1.916815957590635,0.5593133847309779
2017-10-31,162.2000024,284.9791709,287.6500043,0.0066125,97990.41667,0.0,0.366666672,-2.379166702,0.175992418,1.723585370053269,0.6868070145302375
2017-11-01,155.7958357,277.6000041,286.5875043,0.006079167,98148.33333,0.0,0.983333348,-0.862500013,0.174969729,1.3416606576067411,0.6780764387137399
2017-11-02,151.2125023,293.5750044,287.0500043,0.0066,98154.58333,0.0,1.295833353,1.78333336,0.173932026,1.500350974034757,0.7141670856391407
2017-11-03,61.28750091,333.037505,286.8083376,0.006866666,98374.58333,2.200000033,-0.016666667,4.200000063,0.172908313,2.103889783099684,0.7566040252630994
2017-11-04,132.0416686,341.0375051,285.9916709,0.0068125,98270.0,2.200000033,0.770833345,1.187500018,0.171870614,9.535265330264734,0.7913435342100757
2017-11-05,148.9875022,268.4083373,282.1333375,0.004654167,98527.08333,0.0,1.575000023,-0.025,0.170846898,4.159826528782578,0.7025661621699189
2017-11-06,99.92500149,304.3416712,283.7833376,0.0055,98756.25,0.0,1.025000015,-0.691666677,0.169809198,2.8722798232459903,0.7440641378616798
2017-11-07,144.0875021,272.1000041,282.5833375,0.0043,98905.41667,0.0,-0.529166675,-1.329166686,0.168785486,3.010476628016163,0.6319126158782681
2017-11-08,41.75416729,306.1000046,282.8333375,0.005108333,98510.83333,7.600000113,-1.125000017,3.887500058,0.167762406,12.4659724527201,0.7351096707835636
2017-11-09,63.64166762,363.9916721,286.8166709,0.007708333,98178.33333,4.300000064,-0.987500015,5.329166746,0.166724706,31.881742803109656,0.847184455312429
2017-11-10,88.66250132,343.9458385,286.9500043,0.0074625,98443.33333,1.500000022,-0.520833341,2.212500033,0.165700994,22.4344946166263,0.815205774070527
2017-11-11,120.1000018,319.8833381,285.0750042,0.006658333,98626.66667,0.0,-0.400000006,0.883333346,0.164663291,16.92317206357236,0.8249808609263767
2017-11-12,70.30833438,305.6250046,283.6375042,0.006683333,98684.58333,0.0,-0.116666668,2.479166704,0.163639579,4.450503214853876,0.9124211074779908
2017-11-13,67.22916767,336.1833383,286.2708376,0.007845833,98825.0,0.500000007,-0.658333343,3.162500047,0.162616502,7.441990656201373,0.899762719802178
2017-11-14,125.4750019,303.6291712,284.9791709,0.005883333,99037.08333,0.100000001,-0.208333336,2.004166697,0.161578799,10.983816099255362,0.7366843206150873
2017-11-15,39.82083393,334.9833383,283.8875042,0.006166667,98586.25,15.00000022,-0.612500009,4.104166728,0.160555087,24.7792153052118,0.8269955283833296
2017-11-16,52.84583412,355.5208386,285.1375042,0.0071375,97850.0,4.70000007,1.12083335,4.337500065,0.160075414,32.772682989047404,0.873738719531404
2017-11-17,125.6541685,292.0875044,284.0291709,0.005454167,98476.66667,0.200000003,0.812500012,0.370833339,0.159633991,18.632562680022247,0.7237000367310032
2017-11-18,132.125002,242.4541703,282.2666709,0.003475,99153.33333,0.0,0.195833336,-2.90416671,0.159163957,21.44447172825012,0.5231179952293539
2017-11-19,109.3125016,260.6791706,281.1458375,0.003620833,98937.08333,0.0,-0.250000004,-0.020833334,0.158707272,4.255578415377187,0.5873026781438407
2017-11-20,32.67083382,349.4958385,282.8000042,0.006079167,98638.33333,4.300000064,-1.479166689,3.600000054,0.158251225,16.27131115264841,0.8779338896345963
2017-11-21,96.36250144,340.3416717,284.4666709,0.007679166,98969.58333,0.100000001,-1.383333354,1.462500022,0.157809802,16.424179602365925,0.9943947728740258
2017-11-22,120.4625018,302.2041712,287.0666709,0.008354166,98930.41667,0.0,-1.258333352,1.408333354,0.157354391,9.836394892266668,0.9101296446128824
2017-11-23,86.76250129,330.0083383,288.0000043,0.008870833,98854.58333,0.0,0.604166676,0.266666671,0.156898345,6.736006101423048,0.9085163325049856
2017-11-24,102.2833349,335.112505,289.2583376,0.009075,98622.91667,0.0,1.241666685,-1.604166691,0.156456922,8.832614105482149,0.8546347310402804
2017-11-25,115.6583351,310.9500046,287.1083376,0.008033333,98480.0,0.0,-0.541666675,0.133333335,0.156001508,6.114901398261998,0.8688142358476971
2017-11-26,52.48333412,349.5250052,288.6000043,0.008670833,98192.91667,5.500000082,-0.833333346,6.362500095,0.155530838,19.443603712636552,0.8483624746470805
2017-11-27,117.7500018,297.2041711,284.3708376,0.00615,98266.66667,0.800000012,1.904166695,1.637500024,0.155074156,14.97003924124522,0.7958188106476537
2017-11-28,115.6333351,265.5208373,281.8958375,0.005320833,98847.08333,0.0,0.850000013,-2.375000035,0.154632733,6.957269979131842,0.8189992084683392
2017-11-29,118.3541684,261.8916706,284.2583376,0.00455,98929.16667,0.0,1.683333358,-6.325000094,0.154177322,14.242931042789913,0.5972365550578044
2017-11-30,104.8000016,269.7833374,284.0375042,0.0037125,98968.33333,0.0,0.962500014,-3.933333392,0.153721276,9.03945486905511,0.494784620430294
2017-12-01,114.495835,264.2000039,282.3916709,0.0042125,98741.25,0.0,1.450000022,-3.283333382,0.153265226,4.8213573566258,0.6261449336179923
2017-12-02,89.62500134,284.9833376,281.5666709,0.004620833,98584.58333,0.0,0.945833347,-1.454166688,0.152823803,2.6448982515724757,0.7255435249485508
2017-12-03,111.933335,284.5083376,283.1583376,0.004279167,98600.83333,0.0,1.633333358,-1.025000015,0.152368392,3.506073884448176,0.6029173330178831
2017-12-04,117.4333351,238.8958369,282.7166709,0.002891667,99267.08333,0.0,-0.262500004,-6.633333432,0.151897723,3.679383303031452,0.422653433945526
2017-12-05,116.0375017,241.3166703,284.1416709,0.002183333,99395.83333,0.0,-0.24166667,-5.829166754,0.151455664,3.827307654766137,0.2902024807372222
2017-12-06,112.5375017,255.8416705,285.2291709,0.002591667,99422.5,0.0,-0.379166672,-2.237500033,0.15100025,2.1887088693080274,0.3203954984936522
2017-12-07,116.2833351,251.6500037,286.8416709,0.002333333,99705.41667,0.0,-0.795833345,-2.991666711,0.150544203,2.468601403037291,0.2600060989213817
2017-12-08,114.8666684,248.9875037,284.9000042,0.002754167,99872.91667,0.0,-1.225000018,-0.245833337,0.150088157,0.9823269317634789,0.349617464723136
2017-12-09,112.645835,252.3166704,283.7833376,0.003133333,99622.91667,0.0,-0.966666681,-1.383333354,0.149646733,1.0389555124455896,0.4276110292339506
2017-12-10,114.5250017,245.7750037,284.3750042,0.003004167,99485.83333,0.0,-1.616666691,-1.82083336,0.149191323,1.157762122257926,0.3934565988914419
2017-12-11,114.4000017,241.1541703,283.6458376,0.002925,99446.66667,0.0,-1.370833354,-1.187500018,0.148735277,0.7994853347095578,0.4021840884645197
2017-12-12,115.145835,235.8625035,283.0333376,0.002925,99524.16667,0.0,-0.504166674,-2.479166704,0.148279227,0.8528414889168481,0.4195179279420966
2017-12-13,112.708335,237.1375035,282.2750042,0.002929167,99050.0,0.0,0.354166672,-3.041666712,0.14782318,0.8544364219293124,0.4402397791601391
2017-12-14,111.733335,265.6833373,287.2875043,0.003329167,98785.83333,0.0,0.762500011,-5.258333412,0.147367134,1.7767907632485709,0.356954535903813
2017-12-15,100.0625015,263.2833373,282.9083375,0.004104167,98981.66667,0.0,0.045833334,-1.383333354,0.146911088,0.4146664334239189,0.5904155567893816
2017-12-16,109.5541683,267.4916707,285.0625042,0.003429167,98555.41667,0.0,2.504166704,-6.96666677,0.146595206,1.558181070857083,0.4249277808016751
2017-12-17,107.2666683,266.2583373,285.6375043,0.002316667,98589.16667,0.0,1.09583335,-7.004166771,0.146300041,1.7578843483344198,0.2763918269515373
2017-12-18,102.3750015,276.0375041,283.6083376,0.0038375,98915.41667,0.0,-0.258333337,-0.295833338,0.145990889,0.347787449172746,0.5261624511029216
2017-12-19,95.49583476,280.5791708,281.6833375,0.004091667,98913.33333,0.0,0.479166674,1.391666687,0.145681102,0.4138973846589651,0.6394622842694583
2017-12-20,105.5083349,291.3833377,282.3250042,0.004325,98765.41667,0.200000003,2.591666705,-0.462500007,0.145371314,0.6988839149882438,0.6459528976930374
2017-12-21,111.0791683,233.1750035,280.1375042,0.002720833,99308.33333,0.0,0.483333341,-4.937500074,0.145061523,0.6798358073203061,0.4749563340489837
2017-12-22,82.21250123,267.200004,278.3333375,0.0024875,99385.0,0.0,0.479166674,-0.779166678,0.144766358,0.3306535268614008,0.4929984337968837
2017-12-23,74.92500112,294.4416711,279.9500042,0.0036,99402.5,0.0,0.370833339,-1.041666682,0.144457206,0.4379027143276357,0.6372688289386834
2017-12-24,64.46666763,308.4541713,280.7458375,0.003295833,99131.25,0.0,0.787500012,-1.183333351,0.144147418,0.5387157039584739,0.5506159536071753
2017-12-25,105.8125016,291.3458377,281.2375042,0.003575,99084.58333,0.0,0.479166674,-1.570833357,0.14383763,0.7490979109017485,0.5770812229972977
2017-12-26,108.9166683,270.000004,281.1750042,0.004333333,99042.91667,0.0,0.329166672,-2.337500035,0.143527843,0.539215000309707,0.7022115400459527
2017-12-27,106.7958349,260.2625039,280.8125042,0.004570833,99262.08333,0.0,1.14583335,-2.275000034,0.143232678,0.4025209023539799,0.7611190295838631
2017-12-28,107.6125016,265.225004,282.0750042,0.004716667,99244.16667,0.0,1.279166686,-2.91666671,0.142923526,0.4642422513863625,0.7200460019699328
2017-12-29,108.683335,261.8958372,282.1791709,0.004670833,99092.5,0.0,0.854166679,-1.970833363,0.142613738,0.3274648973382952,0.7069126309036097
2017-12-30,104.9833349,264.0333373,281.1291709,0.004233333,98874.58333,0.0,1.14583335,-2.2541667,0.142303951,0.3062098021925814,0.6870048530243456
2017-12-31,101.3041682,273.6416707,282.1958375,0.0045875,98659.16667,0.0,-0.550000008,0.079166668,0.142008786,0.1738124985254314,0.6904783644151214
2018-01-01,96.96666811,310.6916713,285.9791709,0.0048125,100530.4167,0.0,-0.883333346,0.42083334,0.141699634,0.268015080015737,0.572354543424792
2018-01-02,93.37500139,290.9125043,285.8541709,0.004716667,100483.3333,0.0,-0.337500005,-1.512500023,0.141389846,0.2397052913272979,0.565355173096423
2018-01-03,59.62500089,347.0625052,288.479171,0.0051625,100089.1667,0.400000006,-0.283333338,0.416666673,0.141080055,0.493609380549319,0.5189085557219356
2018-01-04,29.1291671,368.6375055,286.3750043,0.0073125,100103.3333,4.600000069,-3.654166721,4.729166737,0.14078489,4.5791947974920735,0.8436266317951893
2018-01-05,49.27500073,357.3583387,286.0458376,0.008545833,100208.3333,7.300000109,-1.929166695,4.812500072,0.140475738,9.830877195331563,1.008646949372654
2018-01-06,94.80833475,315.4625047,285.2041709,0.0076125,100458.3333,0.100000001,0.300000004,-0.22916667,0.140165951,9.88049280047239,0.9524866729762856
2018-01-07,94.77083475,278.8875042,283.5791709,0.006170833,100447.5,0.0,-1.429166688,-0.379166672,0.139856163,4.367181670679829,0.8608850722075633
2018-01-08,33.7250005,349.9875052,281.9583375,0.0064,98359.16667,28.60000043,0.604166676,-0.900000013,0.139546375,15.409970609265294,0.9760636206408996
2018-01-09,42.5791673,359.1125054,283.3083376,0.007525,97425.0,26.30000039,-0.679166677,-0.733333344,0.139236588,18.740005588158382,1.0370173210118676
2018-01-10,71.24166773,310.1750046,284.3541709,0.0067625,98357.08333,0.0,1.000000015,-0.145833336,0.1389268,7.024692321886171,0.876861876898064
2018-01-11,34.10000051,318.7333381,284.1208376,0.007120833,99281.25,0.0,-0.375000006,-0.145833336,0.138617012,0.0,0.946714208972978
2018-01-12,107.9916683,284.4791709,284.5250042,0.007083333,99522.91667,0.0,0.0,0.129166669,0.138321848,5.311161127697691,0.9187697627893135
2018-01-13,108.783335,274.6875041,284.3791709,0.005175,99411.66667,0.0,0.720833344,-1.491666689,0.138012696,8.02178916028603,0.6770767340249445
2018-01-14,98.1083348,290.1750043,283.6541709,0.0056,99207.91667,0.0,0.066666668,-1.100000016,0.137702908,5.800189641791812,0.7677132429310002
2018-01-15,62.4166676,316.3166714,283.2541709,0.005933333,98965.0,0.0,-1.212500018,-0.825000012,0.13739312,4.060423369697187,0.8336445435449531
2018-01-16,45.96666735,342.7583384,283.2458376,0.0071625,99102.91667,2.800000042,-1.012500015,-0.595833342,0.137856081,6.01276013535786,1.0083157089549577
2018-01-17,54.64583415,347.8625052,284.4416709,0.007716666,99270.0,0.0,0.275000004,-0.179166669,0.138338021,6.760185197819192,1.0039644439796014
2018-01-18,48.24583405,346.3833385,283.9958376,0.007483333,98789.58333,0.0,-0.354166672,0.466666674,0.138819321,4.845366108577371,0.9983357383388172
2018-01-19,110.5416683,281.0541709,282.0041709,0.005141667,98566.66667,3.200000048,1.775000026,0.558333342,0.139300625,10.137716118009454,0.7833509251496285
2018-01-20,117.7750018,244.7250036,280.1625042,0.004045833,98858.33333,0.0,1.775000026,-1.695833359,0.139796551,6.51196214568439,0.7018329685267822
2018-01-21,70.50416772,287.9708376,280.2875042,0.004275,99326.66667,0.0,0.783333345,-0.258333337,0.140278487,3.25935815345585,0.7386674384034301
2018-01-22,65.88333432,335.4666717,281.0166709,0.006141667,99426.25,11.60000017,-0.562500008,-0.795833345,0.140759791,20.872489922429292,1.0100561300166744
2018-01-23,110.8250017,275.1625041,280.0875042,0.005466667,99470.83333,0.100000001,0.475000007,-0.704166677,0.141255714,10.683070800698047,0.9591622922481594
2018-01-24,50.92916743,308.3833379,280.7166708,0.005641667,98782.08333,6.500000097,0.154166669,1.14583335,0.141737654,7.84581199615674,0.9410953365933472
2018-01-25,82.5041679,288.6625043,280.0416708,0.005008333,98450.83333,7.800000116,0.087500001,1.112500017,0.142233581,13.218575397882724,0.8725068465708209
2018-01-26,91.82916804,283.0875042,278.5791708,0.004725,99265.0,0.100000001,1.14583335,0.008333333,0.142715517,11.131022937632244,0.9192740763700462
2018-01-27,63.01250094,315.2291714,280.6375042,0.005241667,99775.0,0.0,-0.750000011,-0.037500001,0.143211443,9.647389416434468,0.8880044810461323
2018-01-28,125.5000019,279.8875042,283.3916709,0.005758333,99798.33333,0.0,0.68750001,-1.14583335,0.143693379,12.278181063903856,0.8083177459491403
2018-01-29,115.8916684,290.3625043,284.1333376,0.005320833,99497.91667,0.0,0.262500004,-0.945833347,0.144174683,10.743871954252093,0.7083529772368049
2018-01-30,124.3833352,295.0291711,284.2083376,0.005108333,99059.58333,0.0,-0.583333342,-0.304166671,0.144670606,10.477933063359425,0.6736651453598825
2018-01-31,124.4208352,279.7291708,285.3291709,0.004870833,98873.33333,0.0,0.620833343,-1.141666684,0.145152545,7.865953556411874,0.5948589157837791
2018-02-01,135.425002,318.2208381,287.866671,0.004733333,98886.25,0.0,1.125000017,-1.520833356,0.145633849,12.676283230349286,0.4891566411177352
2018-02-02,144.4708355,299.8416711,290.2750043,0.005529167,99057.08333,0.0,1.112500017,-2.066666697,0.146129772,8.66924688537783,0.4899419921984871
2018-02-03,147.9083355,286.6166709,293.5208377,0.0045625,99087.91667,0.0,1.55416669,-5.241666745,0.146611712,10.292993771317612,0.3294550625057839
2018-02-04,146.8875022,292.8958377,292.3583377,0.005691667,98912.08333,0.0,1.058333349,-3.841666724,0.147093012,5.981773033382189,0.4412515378058476
2018-02-05,149.2708356,292.004171,290.966671,0.005570833,98729.16667,0.0,0.466666674,-1.050000016,0.147588939,3.532497234812654,0.4707638063602765
2018-02-06,155.0583356,274.1333374,290.7333377,0.0036,98785.0,0.0,1.504166689,-3.450000051,0.148070878,4.62351620022355,0.3089466937768405
2018-02-07,155.679169,274.8750041,289.5833376,0.003133333,99207.08333,0.0,1.137500017,-3.491666719,0.148552178,4.1294152576355545,0.290680320377208
2018-02-08,157.0125023,276.7500041,289.104171,0.004295833,99253.33333,0.0,0.704166677,-1.295833353,0.149033482,2.5051351692053503,0.411214590914321
2018-02-09,158.1708357,280.2041708,289.9583377,0.005016667,98862.5,0.0,0.429166673,-1.462500022,0.149529405,2.304523213803556,0.4527455815034081
2018-02-10,162.0666691,272.4375041,288.7708376,0.0038125,98500.83333,0.0,1.020833349,-2.2291667,0.150011345,2.695949574369912,0.3700703971294605
2018-02-11,150.0458356,246.8666703,284.4375042,0.0021875,98323.75,0.0,1.562500023,-3.054166712,0.150492648,2.3798701705780774,0.281967062664457
2018-02-12,166.3750025,246.9125037,282.1625042,0.003383333,98044.16667,0.0,2.300000034,-3.004166711,0.150988572,1.8590758363722384,0.5072140234682699
2018-02-13,170.4333359,235.0208368,283.3500042,0.002254167,98837.5,0.0,1.283333352,-5.095833409,0.151470511,2.547736512084535,0.314262965275679
2018-02-14,150.1708356,256.5875038,282.9875042,0.0027375,98984.16667,0.0,2.300000034,-0.279166671,0.151951811,1.5378103577429034,0.3917108130424016
2018-02-15,174.4333359,243.245837,283.7750042,0.002870833,99178.75,0.0,2.300000034,-3.912500058,0.152433115,2.0917794370444307,0.3902595223648192
2018-02-16,171.4583359,248.5875037,283.9583376,0.002104167,99351.66667,0.0,0.512500008,-1.704166692,0.152966527,1.5100863733212315,0.2830227437361638
2018-02-17,171.8875026,272.6166707,285.7916709,0.0037875,99031.66667,0.0,0.166666669,-1.245833352,0.153472963,1.4250669157378515,0.4492807513294922
2018-02-18,172.8666692,263.5458373,285.2666709,0.004845833,98240.83333,0.0,3.370833384,0.595833342,0.15399275,1.4260641299141863,0.5904710672920517
2018-02-19,175.9666693,229.1000034,278.4208375,0.002520833,98280.41667,0.0,1.979166696,-0.604166676,0.154498547,0.98478466479176,0.4910166794096944
2018-02-20,129.2458353,238.0166702,277.2791708,0.002108333,98991.25,0.0,0.67500001,-1.175000018,0.155032957,0.623023427739518,0.448430881191848
2018-02-21,169.3416692,263.6250039,277.6791708,0.0023875,99135.0,0.0,-0.091666668,-0.679166677,0.155687527,1.278644683069713,0.4943143110852286
2018-02-22,151.0125023,244.8750036,279.9083375,0.003304167,98986.25,0.0,3.862500058,0.0,0.156275698,1.2162954703572937,0.5841413845943471
2018-02-23,187.8958361,224.6250033,277.9833375,0.002295833,99374.58333,0.100000001,2.02500003,-3.045833379,0.1566959,1.4624300429625712,0.466339692792268
2018-02-24,169.2958359,236.9416702,278.5916708,0.0024875,99622.91667,0.0,1.412500021,-0.525000008,0.157169204,1.2124042020958097,0.485274765096583
2018-02-25,191.0625028,246.583337,281.2583375,0.003529167,99416.25,0.0,1.77083336,-0.670833343,0.157646862,1.7038351102699516,0.5707712046702587
2018-02-26,122.5625018,304.7375045,282.5166709,0.003904167,98510.83333,3.100000046,2.816666709,0.408333339,0.158151869,5.184929025552897,0.5740520742793371
2018-02-27,180.7250027,236.9583369,280.5666708,0.00185,98481.66667,0.200000003,1.408333354,-6.545833431,0.158649905,5.976931198096196,0.3108696487773926
2018-02-28,120.2500018,269.2958373,280.6541708,0.002158333,98819.58333,0.0,0.591666675,-0.875000013,0.159179079,2.9674421220750404,0.3617304972768085
2018-03-01,113.8500017,330.4250049,282.5958375,0.0057625,98082.08333,16.10000024,0.262500004,3.545833386,0.159686027,46.14785108264724,0.8390730635339658
2018-03-02,153.8000023,296.7375044,278.7166708,0.004220833,97867.5,7.600000113,2.337500035,2.70000004,0.160206252,49.93552569481788,0.8018392857706825
2018-03-03,154.104169,292.8500044,277.0750041,0.004283333,98245.41667,7.300000109,1.091666683,1.216666685,0.160727129,37.666543163800895,0.9174052828232584
2018-03-04,208.9083364,264.4458373,277.6291708,0.004233333,99027.08333,0.0,0.291666671,-0.337500005,0.161233404,30.031100768631045,0.8786336021742711
2018-03-05,222.77917,243.9750036,279.8041708,0.0038875,99530.0,0.0,0.637500009,-1.645833358,0.16175371,26.89504379639384,0.6960701750916736
2018-03-06,170.4791692,272.2916707,282.8250042,0.003179167,99072.08333,0.0,0.537500008,-1.854166694,0.162274631,22.641717976727023,0.4603618457066531
2018-03-07,112.7291683,316.5833381,285.3458376,0.0046875,99251.25,0.200000003,0.087500001,0.950000014,0.162795522,12.514185033238014,0.5740202626214068
2018-03-08,192.7750029,314.6666714,285.3916709,0.0068625,100032.0833,1.600000024,-0.108333335,4.141666728,0.163316433,21.51143887639011,0.8443987051528629
2018-03-09,219.9208366,298.3333378,286.3625043,0.006604166,99230.41667,0.0,0.758333345,1.345833353,0.163822708,18.28803773476285,0.7558870011345009
2018-03-10,182.9666694,318.4208381,287.5750043,0.0067875,99663.33333,0.0,0.633333343,0.370833339,0.164342846,13.49093134648038,0.7205409997659413
2018-03-11,224.8083367,302.7333378,287.3166709,0.0071125,99909.58333,0.0,-0.266666671,-0.42083334,0.164878427,13.072493001485796,0.7698080867280723
2018-03-12,116.6958351,314.033338,286.9833376,0.006016667,98739.16667,0.0,-0.245833337,0.095833335,0.165385271,4.547438605309354,0.6577961780417322
2018-03-13,108.3125016,350.8291719,287.1708376,0.007983333,98080.0,6.400000095,1.091666683,3.633333387,0.165900545,22.70709118255293,0.8563824520219108
2018-03-14,175.5375026,313.9916713,282.9916709,0.0054375,98223.75,3.100000046,1.716666692,2.100000031,0.166410024,34.16677408254618,0.7718604168422935
2018-03-15,78.68750117,290.066671,280.4625042,0.0047875,98329.16667,2.300000034,1.945833362,1.166666684,0.166933853,9.735561802127044,0.8090453116763056
2018-03-16,147.0000022,312.0041713,280.9083375,0.0047875,97959.58333,6.000000089,1.391666687,0.829166679,0.166813092,38.32636594046102,0.7815516200970745
2018-03-17,187.1125028,292.7250044,279.9916708,0.004108333,98248.75,0.0,2.604166705,-0.25416667,0.166635028,37.97175274954178,0.7167335403663445
2018-03-18,220.5250033,262.1208372,280.6666708,0.0043125,98900.83333,0.0,0.375000006,-0.008333333,0.166484943,23.905917962533696,0.7227323678826347
2018-03-19,246.5916703,270.7166707,282.3625042,0.004470833,99017.5,0.0,0.541666675,-0.291666671,0.166321502,25.007851309169997,0.667728659567509
2018-03-20,101.5958348,324.6333382,283.8791709,0.004291667,98612.08333,3.700000055,0.737500011,-0.475000007,0.166157425,18.644584544275983,0.5760180785945085
2018-03-21,86.10000128,341.2041718,282.9291709,0.007179166,98077.91667,13.80000021,-0.729166678,-0.491666674,0.165993352,26.91713680010184,1.0219021706544875
2018-03-22,164.5416691,345.0833385,287.1500043,0.007833333,97580.0,24.20000036,1.979166696,3.741666722,0.165843898,71.14227035436365,0.8371508340771071
2018-03-23,224.0250033,261.7791706,281.7791709,0.0042375,98654.58333,0.0,3.166666714,1.091666683,0.165680461,36.40208013458496,0.6561986262211046
2018-03-24,210.2625031,290.5500043,281.2416709,0.004454167,98593.75,1.300000019,1.504166689,2.183333366,0.165516385,31.90369660095439,0.7152308080128067
2018-03-25,240.3958369,278.2708375,280.1333375,0.004,98674.16667,0.400000006,0.120833335,-0.045833334,0.165352308,25.701490976916777,0.6939931357434904
2018-03-26,260.6541706,260.6000039,282.6500042,0.003541667,99115.83333,0.200000003,1.204166685,-2.841666709,0.165188235,22.92541399944766,0.5192181965866121
2018-03-27,272.0916707,271.525004,288.304171,0.00355,99318.75,0.0,0.829166679,-3.879166724,0.165024158,23.270114504634638,0.3581276946031222
2018-03-28,271.8750041,295.1666711,292.4750044,0.004470833,99101.66667,0.0,0.766666678,-3.32500005,0.164874708,20.072086044033256,0.3447307232107591
2018-03-29,275.8291708,295.9625044,294.1750044,0.004708333,98843.33333,0.0,0.745833344,-2.704166707,0.164711267,16.40777103873013,0.3256243861655911
2018-03-30,266.1708373,292.1500044,292.4500044,0.004508333,98722.08333,0.0,0.320833338,-0.962500014,0.164547194,11.8665363457668,0.3468354869014962
2018-03-31,255.8250038,300.0500045,292.0000044,0.005575,98563.75,0.0,-0.179166669,-1.066666683,0.164383118,10.083365452867255,0.440520178019045
2018-04-01,288.8708376,298.2375044,291.6125043,0.006154167,98320.0,0.0,0.466666674,-0.270833337,0.164233664,10.93351511049185,0.4971076586716711
2018-04-02,259.4041705,320.1958381,291.104171,0.005679167,98037.91667,0.0,-0.237500004,-0.837500012,0.164055604,9.734216612042752,0.4724102367370185
2018-04-03,291.7625043,274.3000041,290.066671,0.003429167,98297.5,0.0,0.037500001,-0.391666673,0.163890891,8.625876693652229,0.3055784632465456
2018-04-04,205.4416697,314.3750047,291.2208377,0.004925,98468.33333,0.0,0.075000001,-0.158333336,0.163741441,6.151538997978009,0.4084369694118377
2018-04-05,131.0166686,343.7333385,289.7708377,0.005304167,98525.0,1.800000027,0.508333341,0.150000002,0.163563378,7.41628262013789,0.4828326461679844
2018-04-06,70.35000105,367.0916721,285.6125043,0.0085375,98538.75,42.60000063,-0.387500006,0.633333343,0.163413288,28.83651494346511,1.01974335828635
2018-04-07,243.733337,361.9000054,288.3833376,0.008379166,98007.5,6.300000094,0.854166679,1.487500022,0.163249851,98.5807611916406,0.8298607776660997
2018-04-08,302.9125045,277.8291708,285.9875043,0.005320833,98820.83333,0.0,0.270833337,0.47083334,0.163100397,50.215289656230645,0.6217066250775825
2018-04-09,305.5958379,286.7875043,289.1708376,0.005341667,98870.83333,0.0,0.137500002,-1.141666684,0.162922337,43.542813457222856,0.5071685218931171
2018-04-10,246.4416703,339.8500051,290.7375043,0.006608333,98512.91667,0.0,1.125000017,0.400000006,0.162770691,31.141422099504965,0.565405223737984
2018-04-11,147.6125022,314.7416714,285.9666709,0.005208333,98384.16667,0.200000003,2.520833371,1.070833349,0.162613449,12.17037023636406,0.6067087004853875
2018-04-12,250.2166704,283.3500042,282.2333375,0.0045,98708.33333,3.500000052,3.679166721,0.500000007,0.162442713,29.55495260173086,0.6759140750839477
2018-04-13,278.3291708,275.1041708,284.4958376,0.004379167,99655.83333,0.0,1.366666687,-1.462500022,0.162289731,23.790584537796164,0.5698868268809093
2018-04-14,309.0541713,292.4125044,288.6083376,0.006345833,99464.16667,0.0,0.525000008,-0.116666668,0.1621343,24.66114012880456,0.6285808872454095
2018-04-15,164.5333358,322.5875048,288.7333376,0.004545833,98402.5,1.400000021,4.754166738,2.141666699,0.161950968,20.8400436539238,0.4418843172900111
2018-04-16,222.27917,310.3250046,281.6291709,0.004695833,98119.58333,3.700000055,2.795833375,0.837500012,0.162073773,29.15946251166787,0.7307029226410642
2018-04-17,287.1083376,266.9666706,280.7083375,0.004704167,99137.91667,0.600000009,0.695833344,-0.804166679,0.162209966,24.888051993965234,0.7879897039563482
2018-04-18,269.7666707,296.9875044,284.6458376,0.004825,98887.5,0.0,0.854166679,0.083333335,0.162331602,22.96754262062916,0.6168389416517427
2018-04-19,322.7083381,270.0208374,285.1416709,0.004066667,98625.0,0.0,0.491666674,-1.970833363,0.162467156,19.1539057574913,0.5016255682581967
2018-04-20,325.0958382,287.941671,289.6208376,0.004695833,98910.83333,0.0,0.266666671,-1.295833353,0.162588738,19.056722089691192,0.4332869396427504
2018-04-21,327.5166715,306.5291712,292.3333377,0.0065375,98868.75,0.0,0.208333336,-0.729166678,0.162724336,18.141825141241405,0.5074011098722081
2018-04-22,328.6750049,309.6375046,293.204171,0.0068,98510.41667,0.0,0.137500002,-1.291666686,0.162845882,15.66126246101705,0.4979088667051547
2018-04-23,331.8708383,304.4666712,293.5250044,0.005691667,98428.75,0.0,0.287500004,-1.916666695,0.162981451,14.936826470905832,0.4081513410920609
2018-04-24,329.8708382,306.6125046,293.3333377,0.005495833,98406.25,0.0,-0.19166667,-0.933333347,0.163117672,13.449026862143388,0.3987587072564021
2018-04-25,335.1291717,306.3958379,292.704171,0.006125,98496.25,0.0,-0.341666672,-0.295833338,0.163239279,12.71588198422578,0.4626845868654254
2018-04-26,328.4791716,318.3333381,293.0625044,0.007145833,98338.33333,0.0,-0.716666677,0.029166667,0.163374864,11.82058505232159,0.5269659583947657
2018-04-27,306.9916712,295.6583377,289.9958377,0.005133333,98335.41667,0.0,3.666666721,1.250000019,0.163481834,11.70451889976775,0.4596979436746355
2018-04-28,249.5250037,300.0875045,286.4083376,0.005533333,98581.25,0.0,3.545833386,0.816666679,0.163619332,7.8651087680794545,0.6272806913822676
2018-04-29,250.9750037,311.495838,285.7708376,0.0058875,98565.41667,0.900000013,2.008333363,0.270833337,0.163754992,8.19558627938576,0.6960595860563333
2018-04-30,320.1625048,305.6583379,286.3958376,0.006275,98553.75,0.0,1.033333349,-0.079166668,0.163871656,10.199181192943335,0.7117472502438545
2018-05-01,327.9291716,289.2000043,289.0583376,0.005329167,98057.91667,0.200000003,0.958333348,-1.908333362,0.164007597,10.395517922710573,0.5054792735099738
2018-05-02,340.2625051,294.4333377,291.7458377,0.005020833,98082.08333,0.0,-0.395833339,-1.779166693,0.164129484,10.927139292560703,0.4011821050266974
2018-05-03,340.6125051,305.2750045,292.191671,0.006529167,98785.0,0.0,0.041666667,-0.195833336,0.164265361,10.875471575717162,0.5108622732600415
2018-05-04,334.7583383,316.2500047,293.254171,0.0074,99067.91667,0.0,-0.612500009,0.175000003,0.164401874,9.573449710042755,0.5432083249277623
2018-05-05,288.804171,332.3666716,293.954171,0.00705,98691.25,0.0,0.008333333,-0.066666668,0.164523765,8.415568522676946,0.4935432130443398
2018-05-06,329.7416716,315.8791714,293.3333377,0.006429167,98389.58333,0.0,0.829166679,1.10833335,0.164659642,8.677090848882655,0.4663992010737036
2018-05-07,345.7291718,325.6000049,293.2708377,0.006925,98718.75,0.0,0.704166677,-0.408333339,0.164781529,8.7842705213209,0.5060213426093187
2018-05-08,321.4125048,328.7250049,296.2500044,0.007345833,98524.16667,0.0,0.050000001,-0.275000004,0.164917406,7.491161732140505,0.4456839899664226
2018-05-09,340.8750051,323.0166715,295.7666711,0.006725,98417.91667,0.0,2.033333364,0.066666668,0.165033359,8.69863605752902,0.4198057250349624
2018-05-10,332.9833383,317.5500047,293.7875044,0.0073,98278.75,0.0,0.583333342,-0.041666667,0.165165642,6.910604469974532,0.514210643358124
2018-05-11,357.291672,300.3166711,294.104171,0.0053375,98070.41667,0.0,0.516666674,-3.479166719,0.165300005,9.114616659991338,0.3678639864718901
2018-05-12,355.4500053,295.2666711,295.3125044,0.0043625,98022.91667,0.0,0.754166678,-5.125000076,0.165422108,10.436678092596528,0.2789026968028085
2018-05-13,351.5916719,322.6625048,293.2833377,0.006408333,98130.41667,0.0,-0.129166669,-0.200000003,0.165553651,6.575360006861703,0.4651135257351345
2018-05-14,352.5375053,324.4708382,292.816671,0.007675,98225.83333,0.0,0.395833339,-0.275000004,0.165674763,6.328241402913426,0.5741146240638324
2018-05-15,352.1666719,325.5291715,292.5375044,0.008095833,98211.25,0.0,0.220833337,0.054166667,0.165810161,5.975909735118945,0.6162080101940302
2018-05-16,341.5583384,326.8708382,291.029171,0.007554166,98427.08333,0.500000007,0.591666675,0.750000011,0.16630553,6.83674042919427,0.6338875699255955
2018-05-17,297.4375044,340.7375051,291.091671,0.008016666,98509.16667,0.100000001,0.829166679,-0.387500006,0.16681856,5.864090178085505,0.6705883765492558
2018-05-18,343.7375051,339.3916717,294.6583377,0.0083875,98217.08333,0.0,-0.266666671,-0.175000003,0.167325879,7.136987750044215,0.5594018372783214
2018-05-19,356.5125053,331.6666716,294.9583377,0.007404166,98076.25,0.0,0.162500002,-0.083333335,0.167847103,6.923803179754971,0.4840621014870574
2018-05-20,325.3791715,328.8916716,291.904171,0.00745,98046.66667,0.0,0.0,0.054166667,0.168355013,5.924649428471964,0.5891421823075569
2018-05-21,350.0708385,326.0833382,293.166671,0.007958333,97962.5,0.0,-0.43333334,-0.533333341,0.168878525,5.816413217256422,0.580843253954155
2018-05-22,355.8750053,342.5500051,295.4166711,0.008366666,97819.16667,0.0,-0.812500012,-0.100000001,0.169391983,6.280117423483414,0.53037772020032
2018-05-23,355.9750053,338.9541717,293.8500044,0.0091625,97921.66667,0.0,-0.158333336,-0.258333337,0.169910376,6.011821163963029,0.6405643152134015
2018-05-24,358.554172,327.3000049,291.9833377,0.0081875,98302.08333,0.0,-0.383333339,0.308333338,0.170425879,5.701997377208986,0.6459137514348975
2018-05-25,230.9041701,350.6583386,289.7458377,0.0085,98478.33333,0.200000003,0.712500011,1.008333348,0.170939842,4.03817286472288,0.7746222140296967
2018-05-26,315.6125047,357.7333387,289.9083377,0.008904166,99315.0,2.100000031,1.10833335,-0.845833346,0.171452775,12.234018409686122,0.8098567339332189
2018-05-27,365.4041721,332.725005,295.3708377,0.008041666,99747.08333,0.0,1.058333349,-3.916666725,0.171963663,10.984817492693567,0.52128878612715
2018-05-28,366.4833388,343.5250051,299.5416711,0.007533333,98972.08333,0.0,-0.22916667,-3.629166721,0.172473669,11.65825154264182,0.3765001490107325
2018-05-29,367.0291721,349.3833385,301.4458378,0.006229167,97885.83333,0.0,-0.112500002,-0.954166681,0.172983947,11.06267717554226,0.2751331187572554
2018-05-30,365.7750055,327.6083382,297.7583378,0.005975,97386.66667,0.0,2.412500036,0.279166671,0.17350882,9.00777676666922,0.3269800539059664
2018-05-31,372.2375055,296.9625044,290.8625043,0.006070833,97786.66667,0.0,0.345833338,-0.250000004,0.17401974,7.573502572198896,0.5114987061682856
2018-06-01,356.566672,306.6250046,292.3125044,0.006295833,98576.25,0.0,-0.404166673,-0.162500002,0.174529981,6.816840601418563,0.4878380279318599
2018-06-02,354.7833386,330.5041716,298.9458378,0.005679167,98487.08333,0.0,-0.562500008,-1.670833358,0.175040222,7.3138743538558355,0.2926630200093428
2018-06-03,351.1250052,357.754172,301.5083378,0.007125,98147.5,0.0,-0.504166674,-0.620833343,0.175550469,7.173505164908508,0.3143872884238746
2018-06-04,358.9083387,340.6333384,301.1625045,0.005591667,97924.58333,0.0,2.654166706,-0.325000005,0.176074885,7.764704504915326,0.2512195627457126
2018-06-05,360.629172,300.7583378,296.1708377,0.005575,97899.16667,0.0,1.300000019,-0.70000001,0.176598804,6.020344002761355,0.337727703901565
2018-06-06,359.5083387,309.6750046,295.7791711,0.0072,97906.66667,0.0,-1.479166689,-0.041666667,0.177108054,5.951614294666718,0.4467803071781618
2018-06-07,358.029172,327.8166716,294.8250044,0.008066666,98110.83333,0.0,-0.587500009,-0.045833334,0.177616672,5.909795075142872,0.5319178721626213
2018-06-08,346.4583385,320.4750048,296.9291711,0.006058333,98419.16667,0.0,1.441666688,-0.125000002,0.178139909,5.915411110130122,0.3523028827805672
2018-06-09,358.9750053,323.0291715,294.9083377,0.006208333,98342.91667,0.0,6.304166761,0.287500004,0.178649158,8.693674465954318,0.4082426838537387
2018-06-10,362.4125054,294.6375044,290.5750043,0.003683333,98705.41667,0.0,1.129166683,-0.787500012,0.179157776,5.624972164234133,0.3190489586927054
2018-06-11,351.1250052,324.9791715,295.2500044,0.005633333,98349.16667,0.0,-0.145833336,-0.583333342,0.17966639,5.54443907412674,0.3627398769124834
2018-06-12,360.679172,338.662505,300.0250045,0.006383333,97960.0,0.0,-0.633333343,-0.841666679,0.180189627,6.127297391455004,0.3068239782994925
2018-06-13,361.9416721,345.6875052,301.6625045,0.0076875,97758.75,0.0,-1.225000018,0.079166668,0.18069888,6.263202463695237,0.3348246763636368
2018-06-14,358.8625053,345.5125051,300.1125045,0.008079166,97602.91667,0.0,0.454166673,-1.104166683,0.181207494,6.212253184921467,0.3849189924095053
2018-06-15,355.6708386,343.4250051,298.9000045,0.0083,97445.41667,0.0,-0.287500004,-0.100000001,0.181730731,5.548242295147495,0.424359513790942
2018-06-16,362.0833387,335.9291717,297.0666711,0.008325,97365.0,0.0,-0.604166676,0.666666677,0.182353794,5.876661366333065,0.4749477851077687
2018-06-17,357.616672,327.7541716,292.854171,0.007125,97727.08333,0.0,-0.208333336,-0.100000001,0.182966547,5.377532769881067,0.5290215076444135
2018-06-18,357.3500053,340.1041717,295.2125044,0.008229166,98373.33333,0.0,-0.225000003,-0.304166671,0.183593291,5.606916932384024,0.531244583790364
2018-06-19,348.9958385,350.7166719,299.3375045,0.007904166,98388.33333,0.0,0.43333334,-0.800000012,0.184206045,5.727629548746492,0.3975092114566652
2018-06-20,335.600005,354.5833386,299.8500045,0.008125,98220.83333,0.0,-1.158333351,-0.375000006,0.184818162,5.576206588103107,0.3956676278003256
2018-06-21,363.3500054,335.737505,298.5333378,0.006258333,98260.83333,0.0,0.287500004,-0.120833335,0.185444902,5.037845813728673,0.3298166536577434
2018-06-22,363.8375054,340.7791717,301.8875045,0.006679166,98234.58333,0.0,-0.354166672,-0.708333344,0.186057655,5.1180635687165,0.2884990309747088
2018-06-23,366.4791721,345.2083385,304.9791712,0.005733333,97879.58333,0.0,0.629166676,-2.66250004,0.186669773,1.4652008520355635,0.2063703007017456
2018-06-24,362.7625054,349.6750052,306.0250046,0.005083333,97720.0,0.0,0.512500008,-3.220833381,0.187296517,3.767654402639834,0.1721196644206415
2018-06-25,359.3750054,359.1500054,298.8708378,0.009079166,97975.83333,0.0,0.47083334,0.008333333,0.18790927,4.918527313900023,0.4675382702664385
2018-06-26,365.1250054,335.2333383,299.1416711,0.008675,98062.08333,0.0,-1.262500019,-0.287500004,0.18853601,4.801982113748887,0.4399390794743718
2018-06-27,364.8916721,322.4833381,299.0791711,0.008554166,98023.33333,0.0,-1.470833355,0.062500001,0.189148764,4.6412143587532375,0.4352614155175041
2018-06-28,357.529172,330.3708383,298.5958378,0.007775,98006.66667,0.0,-0.604166676,0.25416667,0.189760881,4.285865316794445,0.4071567346916449
2018-06-29,359.1583387,346.7625052,300.9041712,0.006933333,98080.83333,0.0,0.037500001,-1.220833352,0.190402244,4.896824724751066,0.3167742143504601
2018-06-30,360.2458387,351.7708386,304.1625045,0.005445833,98091.25,0.0,0.91666668,-3.779166723,0.191015636,4.263575513141921,0.205858371609735
2018-07-01,364.8125054,355.2875053,306.0833379,0.005725,98118.75,0.0,-0.100000001,-2.504166704,0.191627754,3.4379223512903803,0.1939947998830949
2018-07-02,363.2791721,364.4500054,303.5291712,0.008579166,98100.83333,0.0,-0.283333338,-0.504166674,0.192254495,4.693626638295097,0.3363880494466659
2018-07-03,365.5375054,348.8541719,300.9791712,0.00785,97840.0,0.0,-0.629166676,-0.304166671,0.192867248,4.67990204378223,0.3561978783605246
2018-07-04,361.0833387,338.225005,297.4083378,0.008145833,97971.66667,0.0,0.270833337,0.104166668,0.193493988,4.319682713010916,0.4580413802543747
2018-07-05,362.1833387,325.7708382,295.7875044,0.008245833,98566.25,0.0,-0.987500015,0.270833337,0.194106741,4.443453083835195,0.5148613475495514
2018-07-06,232.5291701,372.5875056,299.4166711,0.006791666,98854.58333,0.0,0.733333344,0.033333334,0.194718859,3.082350821802068,0.3415635117037149
2018-07-07,345.9458385,354.6750053,299.4750045,0.006104167,98525.83333,0.0,-0.037500001,-0.641666676,0.195345602,4.534471421696608,0.3049058203744514
2018-07-08,359.5625054,348.6666719,300.4916711,0.006516667,98251.66667,0.0,-0.808333345,-0.745833344,0.195958356,4.855960839140543,0.3056044988498127
2018-07-09,359.2083387,347.9416719,300.5125045,0.006754166,98399.58333,0.0,-1.14583335,-0.845833346,0.196585096,5.015827648352412,0.3168287688120912
2018-07-10,357.7375053,356.2500053,301.9833378,0.0056375,98426.66667,0.0,0.754166678,-0.166666669,0.197197849,4.646845309250781,0.2426186258037864
2018-07-11,360.516672,356.6625053,301.7833378,0.007733333,98123.75,0.0,-1.083333349,-0.654166676,0.197809967,5.004890831955639,0.3356951203028381
2018-07-12,353.3250053,368.7291722,302.3333378,0.007445833,97856.66667,0.0,-1.533333356,-1.083333349,0.198436707,5.432212548976215,0.3121461973397353
2018-07-13,276.7166708,404.350006,301.9625045,0.0061,98132.91667,0.0,-1.36250002,0.350000005,0.199049464,4.794431113502997,0.2620584033932138
2018-07-14,341.6166718,404.7166727,302.4583378,0.0089125,98182.08333,0.0,-1.366666687,-0.941666681,0.199676204,6.140588082564795,0.3721549272004627
2018-07-15,351.7125052,392.7375059,302.9833378,0.0096,97944.58333,0.0,-0.758333345,-0.279166671,0.20030358,5.67994086129281,0.3878771915093764
2018-07-16,353.0708386,369.9708388,302.6541712,0.008966666,98003.75,0.0,-1.250000019,-0.616666676,0.200401376,5.739727695958489,0.3695024378186696
2018-07-17,354.2583386,372.6458389,303.4083379,0.0077,98022.5,0.0,-0.654166676,-0.679166677,0.200476146,5.607176903456103,0.3037887228546552
2018-07-18,351.3291719,369.7000055,305.3041712,0.008475,98030.41667,0.0,-1.279166686,-0.783333345,0.200550916,5.437089182917783,0.2999120976684425
2018-07-19,354.1708386,370.4250055,305.1083379,0.007575,97903.33333,0.0,-0.666666677,-1.241666685,0.200625687,5.395053436128213,0.2707226236988003
2018-07-20,343.2000051,356.7875053,302.7708378,0.0076375,97780.41667,0.0,-1.020833349,-0.737500011,0.20071508,5.742285390111141,0.3118905644793976
2018-07-21,343.1166718,379.9375057,301.9791712,0.007333333,97927.91667,0.0,-2.179166699,-0.454166673,0.200790486,6.896316772390589,0.3140786881193811
2018-07-22,321.5666715,395.6000059,303.1750045,0.0106125,98208.75,0.0,-0.441666673,-0.300000004,0.200865256,5.398840739060336,0.425193307910968
2018-07-23,336.3791717,403.0708393,303.2416712,0.009920833,98330.0,0.0,-0.68750001,-0.65000001,0.200954653,5.994134043204736,0.3964390342075008
2018-07-24,338.1791717,395.7958392,303.5666712,0.009095833,98225.41667,0.0,-0.691666677,-0.429166673,0.20103006,5.596360748510321,0.356326917893929
2018-07-25,343.6791718,386.2250058,305.8541712,0.0063625,98292.91667,0.0,1.620833357,-1.083333349,0.201108876,3.69970172735323,0.2188049587742351
2018-07-26,339.3166717,379.658339,306.2958379,0.006766666,98139.58333,0.0,-0.983333348,-0.966666681,0.201201922,3.5430067333685176,0.2265980102525351
2018-07-27,347.1416718,365.5583388,304.8541712,0.0071125,97907.5,0.0,-0.87916668,-1.450000022,0.201280958,4.414714935225215,0.2579225101834909
2018-07-28,345.1833385,357.8375053,303.7708379,0.00725,97897.08333,0.0,-1.012500015,-1.166666684,0.201344762,4.627369105856545,0.2797525662657352
2018-07-29,343.9416718,361.5250054,302.8958378,0.007691666,98012.5,0.0,-1.441666688,-1.062500016,0.20143712,4.833256980373787,0.3125712780133793
2018-07-30,341.9291718,364.7500054,302.2458378,0.008354166,98024.58333,0.0,-1.483333355,-0.862500013,0.201516162,4.72389277623441,0.3526207505066865
2018-07-31,340.8125051,366.4625055,302.2791712,0.009008333,97962.08333,0.0,-1.654166691,-0.941666681,0.20159459,4.652695784614651,0.3792521577352838
2018-08-01,332.837505,358.129172,301.9000045,0.008629166,97898.75,0.0,-1.383333354,-1.408333354,0.201673016,4.304359932794572,0.3711814367982688
2018-08-02,332.537505,345.3125051,300.0958378,0.007241666,97889.16667,0.0,-1.229166685,-0.962500014,0.201751414,3.871617460954689,0.3463715108730444
2018-08-03,332.487505,335.3083383,299.7041711,0.007154166,97950.41667,0.0,-1.412500021,-0.758333345,0.201829828,3.6044360875356687,0.3504549462121294
2018-08-04,326.3083382,351.6875052,299.6958378,0.005079167,97928.75,0.0,-0.533333341,-0.258333337,0.201922863,3.206665038487654,0.2488770044838338
2018-08-05,331.0791716,330.6791716,299.2916711,0.006004167,97922.08333,0.0,0.320833338,-1.079166683,0.201987273,3.0844914002172854,0.3013477105187142
2018-08-06,330.2250049,333.762505,299.1625045,0.006,98142.5,0.0,-0.941666681,-0.620833343,0.202079647,3.122883819939794,0.3041516085284205
2018-08-07,327.3291715,347.2041718,300.1791711,0.005595833,97938.33333,0.0,-0.295833338,-0.804166679,0.202158677,3.1233173050165326,0.2664660588370302
2018-08-08,325.9958382,348.3416719,299.4750045,0.007466666,97840.0,0.0,-1.250000019,-0.68750001,0.202237097,3.3608045704080327,0.3703670651116688
2018-08-09,323.5708382,356.2250053,300.3333378,0.008225,97990.0,0.0,-1.270833352,-0.612500009,0.202315555,3.3861787213099555,0.3883096473989103
2018-08-10,321.9250048,358.9250053,301.1541712,0.006608333,98039.16667,0.0,-1.233333352,-1.129166683,0.202393964,3.535293800579654,0.2973889018604291
2018-08-11,318.7166714,365.5791721,302.4583378,0.006525,98012.08333,0.0,-1.200000018,-2.062500031,0.202472339,3.761434220774486,0.2719894907134019
2018-08-12,317.2416714,359.3208387,300.3666711,0.006820833,97934.58333,0.0,-1.445833355,-1.479166689,0.202565365,3.68672472084545,0.3212014955367204
2018-08-13,320.5125048,341.0000051,299.1083378,0.007158333,97908.75,0.0,-1.858333361,-1.050000016,0.202642495,3.500552953870745,0.3631782475620854
2018-08-14,314.995838,344.7708385,298.6458378,0.007125,97806.25,0.0,-1.716666692,-0.925000014,0.20270758,3.5631386435082115,0.3712405030018113
2018-08-15,311.8291713,348.9625052,297.5333378,0.008375,97847.08333,0.0,-1.895833362,-0.358333339,0.202800614,3.626139615247941,0.4667864842380996
2018-08-16,306.4958379,357.941672,298.2500044,0.008316666,98078.33333,0.0,-2.600000039,-0.425000006,0.20283028,4.117688830646277,0.4449848579441906
2018-08-17,309.4958379,363.9791721,299.7125045,0.006483333,98340.83333,0.0,-1.041666682,-1.304166686,0.202871802,4.095450549642776,0.3187013789560278
2018-08-18,314.4666714,346.8416718,301.1916712,0.006670833,98333.75,0.0,-1.091666683,-0.670833343,0.202899297,3.710066211090943,0.3004404349963901
2018-08-19,315.9875047,330.8208383,300.5833378,0.005616667,98086.66667,0.0,-0.641666676,-1.112500017,0.202926238,3.637137235067972,0.261535737072485
2018-08-20,313.7500047,320.7041714,300.5166711,0.005758333,97769.16667,0.0,-1.250000019,-1.316666686,0.202967742,3.861849768537704,0.2683189762938877
2018-08-21,308.8583379,326.2791715,296.6125044,0.006745833,97857.5,0.0,-1.704166692,-0.887500013,0.202995292,4.1177156801351815,0.3976264706914951
2018-08-22,305.8166712,335.987505,295.0541711,0.008479166,98174.58333,0.0,-1.883333361,-0.783333345,0.203036805,3.941803086360153,0.5516299798322278
2018-08-23,306.0958379,326.8416715,295.5000044,0.0077625,98224.58333,0.0,-1.687500025,-0.545833341,0.203064333,3.654950545275746,0.4915952621854038
2018-08-24,300.5458378,328.5375049,294.5625044,0.0077875,98075.0,0.0,-1.183333351,-0.325000005,0.203091225,3.28209963499125,0.5217158330619555
2018-08-25,300.9083378,329.4000049,295.5333377,0.0077875,97984.16667,0.0,-1.270833352,-0.90416668,0.203132747,3.312499347293399,0.4909655785967795
2018-08-26,301.8416712,322.2833381,295.8500044,0.0072375,98020.0,0.0,-1.508333356,-0.716666677,0.20316031,3.180800249856828,0.4476805090836545
2018-08-27,291.9833377,332.2333383,294.9750044,0.007583333,97896.66667,0.0,-1.645833358,-0.679166677,0.20320179,3.097150856337005,0.4943594222061908
2018-08-28,289.641671,345.7791718,294.7291711,0.0079875,97917.5,0.0,-1.291666686,-1.116666683,0.20322935,3.087075560259339,0.5287796345603046
2018-08-29,285.7916709,344.4041718,294.7000044,0.008545833,98049.16667,0.0,-1.679166692,-0.183333336,0.203256194,2.8515080741507832,0.5675242099208604
2018-08-30,288.8625043,327.2791715,293.3125044,0.007779166,98196.25,0.0,-0.704166677,-0.412500006,0.203283098,2.4641511971215797,0.5639582642936606
2018-08-31,288.5583376,330.9666716,294.6375044,0.0080125,98284.58333,0.0,-1.56666669,-0.841666679,0.203324584,2.757827856109285,0.5354476524981692
2018-09-01,288.4208376,331.8750049,298.2541711,0.007391666,97864.16667,0.0,-0.404166673,-1.479166689,0.203366729,2.736238616115337,0.3945301042928887
2018-09-02,286.1708376,341.1666718,300.1125045,0.006575,97608.33333,0.0,-0.962500014,-0.983333348,0.203394283,2.7581948894817185,0.3132727844701662
2018-09-03,282.4125042,347.2666718,300.5500045,0.007333333,97697.91667,0.0,-1.09583335,-0.966666681,0.203435852,2.7954732906427715,0.3407878818674128
2018-09-04,280.8208375,344.8166718,299.0958378,0.007079166,97687.91667,0.0,-1.10833335,-1.212500018,0.203448766,2.880449548912424,0.3586192576225273
2018-09-05,277.9958375,343.9708385,297.9458378,0.00695,97820.83333,0.0,-1.470833355,-0.275000004,0.203489645,2.8023535435363867,0.3777371424657689
2018-09-06,274.0916708,334.5833383,296.1541711,0.005795833,98186.25,0.0,-1.200000018,0.041666667,0.203531804,2.586187029627591,0.3524938480322114
2018-09-07,271.712504,342.0291718,298.9666711,0.0065875,98267.5,0.0,-1.195833351,-1.245833352,0.20355928,2.7889618530280877,0.3382933585570874
2018-09-08,275.8166708,334.3916716,299.3333378,0.005391667,98065.41667,0.0,0.504166674,-1.254166685,0.203600829,2.592399164539608,0.2703300768973966
2018-09-09,259.8291705,324.1875048,298.1625044,0.006033333,97886.25,0.0,-1.016666682,-0.691666677,0.203628374,2.2196503605704714,0.3238822537890946
2018-09-10,271.5458374,318.1333381,298.1666711,0.0054,97840.41667,0.0,-1.291666686,-1.266666686,0.203655281,2.5737586702193718,0.2896752302498986
2018-09-11,254.3250038,325.8958382,297.3958378,0.004966667,97743.33333,0.0,-1.462500022,-0.362500005,0.203696804,2.38799243393764,0.2788363521977207
2018-09-12,250.8333371,305.9333379,294.0708377,0.0046875,97732.08333,0.0,0.966666681,-0.941666681,0.20372432,2.0885536374846083,0.3226179412248665
2018-09-13,263.7916706,303.2791712,292.2500044,0.006366667,97964.16667,0.0,-1.970833363,-0.354166672,0.203765847,2.2802119617475496,0.4921965639165956
2018-09-14,253.3041704,296.2458377,291.2500043,0.005991667,98060.41667,0.0,-0.0125,-1.054166682,0.203793368,1.8256638675159471,0.4939232831235397
2018-09-15,264.5416706,317.0000047,292.604171,0.005104167,97755.0,0.0,-1.866666694,-0.620833343,0.20382027,2.587932879291486,0.3850787717638553
2018-09-16,261.4375039,289.004171,291.041671,0.005679167,98069.16667,0.0,-1.075000016,-0.875000013,0.203462124,1.9365890950543616,0.4744419152373438
2018-09-17,257.5375038,300.6500045,291.791671,0.005575,98114.58333,0.0,-1.670833358,-0.979166681,0.203087238,2.2295003168179246,0.4443203333509984
2018-09-18,255.0708371,304.2750045,292.1125044,0.005683333,98012.91667,0.0,-1.129166683,-1.070833349,0.202697724,2.128775553456276,0.4434130147410741
2018-09-19,255.2458371,302.9750045,293.9208377,0.00565,97883.33333,0.0,-0.404166673,-1.320833353,0.202307592,2.0536538289812523,0.3931102607306766
2018-09-20,254.0250038,307.4875046,297.7416711,0.003883333,97857.5,0.0,0.529166675,-3.245833382,0.201946642,3.0145466477008545,0.2137565424883802
2018-09-21,250.7125037,312.8875047,296.2833377,0.003954167,98007.91667,0.0,-1.191666684,-0.775000012,0.201552443,2.21193880986472,0.2381637812026219
2018-09-22,234.3041702,315.4041714,296.0791711,0.004633333,98052.5,0.0,-1.600000024,-0.704166677,0.201170926,2.1829436212546955,0.2827012525318509
2018-09-23,242.8791703,325.0625048,295.6041711,0.005054167,97852.91667,0.0,-0.341666672,-2.004166697,0.200794106,2.514932363483347,0.3168345292540022
2018-09-24,245.170837,303.9083379,295.8291711,0.004654167,97831.66667,0.0,-0.595833342,-1.866666694,0.200417368,2.252439542253636,0.2877003824337362
2018-09-25,244.2416703,306.2416712,299.0166711,0.002908333,97954.16667,0.0,0.379166672,-2.87916671,0.200042298,2.688871824043761,0.1484335025397679
2018-09-26,238.6125036,314.6291714,298.0000044,0.003033333,98157.5,0.0,-0.87916668,-1.075000016,0.199652772,2.0520257316140538,0.1648921135530753
2018-09-27,235.4875035,330.8291716,298.1250044,0.003591667,98042.08333,0.0,-0.616666676,-0.995833348,0.199274258,2.104249039932536,0.193551540214177
2018-09-28,222.89167,334.7708383,297.0250044,0.0049,97662.08333,0.0,-0.929166681,-1.354166687,0.198893595,2.242363321565173,0.2811116117313138
2018-09-29,211.8416698,319.8625048,293.0958377,0.006979166,97573.33333,0.0,2.091666698,2.579166705,0.19850772,2.270953531459258,0.5096073880455827
2018-09-30,219.3541699,332.837505,291.691671,0.008195833,97922.5,0.0,0.0,1.879166695,0.19813518,1.9793196779493691,0.6560537241007891
2018-10-01,116.2375017,355.366672,292.7875044,0.0074,97834.58333,0.0,-1.32500002,-0.387500006,0.197751567,1.1741045769218783,0.5523481759854855
2018-10-02,137.7583354,387.0791724,292.4708377,0.010245833,97695.41667,12.90000019,-0.441666673,-0.666666677,0.19736598,43.49337781502653,0.7790149856734402
2018-10-03,147.4500022,358.4125053,293.1750044,0.01125,97827.08333,15.70000023,0.295833338,-0.658333343,0.196990162,43.8193495631844,0.8195252108413457
2018-10-04,113.0791684,363.9750054,291.8833377,0.010129166,97956.25,1.400000021,1.237500018,0.829166679,0.196602028,29.56751534687767,0.8013242105012912
2018-10-05,181.9625027,325.4250048,291.216671,0.009154166,98389.16667,0.0,0.308333338,-0.758333345,0.196234487,27.87716922908234,0.758757820652273
2018-10-06,208.8916698,328.8875049,291.9875044,0.007475,98135.41667,0.0,0.033333334,-1.933333362,0.195844756,34.60549113568697,0.5885498620398457
2018-10-07,210.9708365,297.0666711,293.429171,0.004729167,98087.08333,0.0,0.383333339,-5.441666748,0.195468057,35.20019753142633,0.339979220346661
2018-10-08,204.8208364,314.4250047,295.1791711,0.005133333,97865.41667,0.0,-0.200000003,-5.329166746,0.195084887,20.466656521687582,0.3303550895689385
2018-10-09,203.8791697,322.6166715,295.2333377,0.0069125,97582.91667,0.0,0.158333336,-1.737500026,0.194701613,10.351396350857105,0.4420928384482284
2018-10-10,176.933336,306.7291712,293.279171,0.005304167,97492.5,0.0,0.054166667,-3.070833379,0.194338006,7.067291565270904,0.3825706951823217
2018-10-11,203.6666697,294.2750044,290.6125043,0.005129167,97658.75,0.0,-0.354166672,-2.370833369,0.193949316,5.460503019648956,0.4385248817782974
2018-10-12,202.337503,295.9208377,293.8458377,0.0039875,97915.0,0.0,0.270833337,-4.408333399,0.193559494,6.241122875826745,0.2788254624088545
2018-10-13,202.5708364,294.8250044,293.316671,0.003458333,97746.66667,0.0,0.491666674,-2.062500031,0.193184292,4.512472801311992,0.2495024254187098
2018-10-14,205.3875031,275.0791708,295.3750044,0.002345833,98030.83333,0.0,0.545833341,-5.816666753,0.192795106,5.656920428637897,0.1494103582668928
2018-10-15,205.5166697,252.1000038,292.8583377,0.001725,98706.66667,0.0,1.345833353,-4.604166735,0.192426815,4.206014524562122,0.1293289297011446
2018-10-16,197.5833363,273.6041707,294.6416711,0.001804167,98617.5,0.0,0.691666677,-4.00000006,0.191425102,3.8208761363801855,0.1209434742701721
2018-10-17,192.6541695,290.8583377,293.7833377,0.0030375,98490.0,0.0,-0.504166674,-2.079166698,0.190395808,2.709296248066809,0.214476446890157
2018-10-18,189.6500028,291.0333377,291.041671,0.003891667,98560.41667,0.0,-0.800000012,-0.545833341,0.189362954,1.9779883840939931,0.3267413720386619
2018-10-19,187.9583361,298.9416711,291.9875044,0.004066667,98613.75,0.0,-0.541666675,-1.525000023,0.18832975,2.147197876836088,0.3217528334526312
2018-10-20,185.6708361,298.6333378,293.8500044,0.003595833,98364.16667,0.0,-0.712500011,-1.79583336,0.18731116,2.19535985467052,0.2525261674281515
2018-10-21,183.5250027,295.7750044,291.0208377,0.0042875,98155.0,0.0,-1.162500017,-0.337500005,0.186278579,1.7178148826568655,0.3589696960274534
2018-10-22,181.3000027,293.0583377,290.4750043,0.0037125,98037.5,0.0,-0.45833334,-0.44583334,0.185245366,1.4666352624582897,0.3214449056164923
2018-10-23,171.8166692,292.8333377,289.104171,0.003766667,98096.66667,0.0,-0.895833347,-0.333333338,0.184212149,1.4030924129297868,0.356358812171454
2018-10-24,150.4500022,307.8375046,288.1208376,0.005004167,98290.41667,0.0,-1.570833357,-0.166666669,0.183193559,1.365786727108928,0.5055897495403588
2018-10-25,164.4541691,314.670838,290.466671,0.00555,98525.83333,0.0,-0.208333336,-1.170833351,0.182160982,1.4682477242723628,0.4831946266216773
2018-10-26,163.9000024,322.0458381,291.679171,0.005420833,98535.41667,0.0,-1.458333355,-0.562500008,0.181127766,1.646092842083082,0.4369840712907772
2018-10-27,159.6583357,333.8416716,291.7708377,0.0065375,98399.58333,0.0,-1.962500029,-0.491666674,0.180109175,1.7429588330299697,0.5232324023974672
2018-10-28,161.9541691,324.1750048,291.529171,0.007433333,98326.66667,0.0,-1.112500017,-0.325000005,0.179076392,1.348360808809255,0.6036506443695216
2018-10-29,155.4000023,296.2791711,288.4125043,0.004791667,98704.16667,0.0,1.491666689,-1.483333355,0.178049069,1.334153550598595,0.4770290773647604
2018-10-30,166.3250025,273.0583374,290.179171,0.003604167,98699.58333,0.0,1.400000021,-4.270833397,0.177007384,2.1189303283784526,0.3201716533043468
2018-10-31,143.2916688,295.9083377,291.9750044,0.003079167,98659.16667,0.0,0.658333343,-4.558333401,0.175992418,2.3527032303916298,0.2439268420195985
2018-11-01,148.8875022,336.1458383,294.3750044,0.006,98728.75,0.0,0.658333343,-4.00000006,0.174969729,2.3177550928180466,0.4093669999356279
2018-11-02,150.9291689,312.5041713,292.029171,0.005929167,98732.91667,0.0,0.637500009,-1.35000002,0.173932026,1.150648034009513,0.4684466609648401
2018-11-03,155.3375023,295.5958377,294.9375044,0.004454167,98671.25,0.0,1.670833358,-4.212500063,0.172908313,2.139534591241928,0.293343291959631
2018-11-04,150.4666689,297.0791711,292.5875044,0.002779167,98394.16667,0.0,0.516666674,-1.520833356,0.171870614,1.1236560385464172,0.2112634354096297
2018-11-05,144.6250022,297.3208378,290.7500043,0.0032625,98173.33333,0.0,0.770833345,-2.575000038,0.170846898,1.3658284413895323,0.2779539261742422
2018-11-06,147.7000022,272.0416707,291.291671,0.002208333,98180.0,0.0,1.841666694,-4.216666729,0.169809198,1.791931504831236,0.1817846674543092
2018-11-07,147.6375022,275.1458374,288.8375043,0.001833333,98376.25,0.0,0.983333348,-1.570833357,0.168785486,0.9294970186235668,0.176967091048617
2018-11-08,153.1666689,246.6250037,288.9375043,0.0016375,98657.91667,0.0,2.062500031,-6.616666765,0.167762406,1.9511122153529337,0.1574945241814891
2018-11-09,151.6500023,228.4000034,288.1583376,0.001366667,98797.91667,0.0,0.641666676,-4.262500064,0.166724706,1.191909780982244,0.138454234130825
2018-11-10,145.8750022,240.1541702,282.7083375,0.001658333,98511.66667,0.0,-0.279166671,-1.533333356,0.165700994,0.5423509196440365,0.2406779201478457
2018-11-11,146.8541689,239.0416702,288.4125043,0.001875,98572.5,0.0,1.004166682,-5.366666747,0.164663291,1.5775529506025698,0.1864145387322556
2018-11-12,144.9083355,239.5125036,287.1583376,0.001429167,99110.83333,0.0,-0.279166671,-3.300000049,0.163639579,1.1255245629903496,0.1550469066225209
2018-11-13,129.7625019,256.9750038,284.0416709,0.001720833,99490.41667,0.0,0.300000004,-1.333333353,0.162616502,0.5913232937093258,0.2304898354241749
2018-11-14,137.112502,267.325004,282.7958375,0.001970833,99414.16667,0.0,-0.212500003,-0.666666677,0.161578799,0.580875460073385,0.286941272605768
2018-11-15,135.7041687,259.3833372,283.3250042,0.002254167,98908.33333,0.0,-0.775000012,-0.86666668,0.160555087,0.6264973598087968,0.3150202876129879
2018-11-16,134.775002,258.9875039,282.8625042,0.002308333,98448.33333,0.0,-0.737500011,-1.266666686,0.160075414,0.7211565097004475,0.3313109588006071
2018-11-17,132.8208353,264.2375039,283.1041709,0.002445833,98313.33333,0.0,-0.512500008,-1.14583335,0.159633991,0.7190660781835094,0.3448661585832998
2018-11-18,132.5458353,258.3166705,283.2958376,0.002683333,98474.16667,0.0,-0.429166673,-1.633333358,0.159163957,0.7449569623340019,0.3740874831711102
2018-11-19,128.2583352,261.6583372,283.6500042,0.0029,98484.58333,0.0,-0.295833338,-1.54166669,0.158707272,0.6896972274681957,0.3947780328530131
2018-11-20,127.8333352,268.0666707,283.2375042,0.002841667,98307.5,0.0,-1.09583335,-0.716666677,0.158251225,0.6919373814109784,0.397054588931545
2018-11-21,41.93333396,326.2291715,283.8291709,0.0056,98202.08333,10.50000016,-0.804166679,0.620833343,0.157809802,6.605265622834561,0.7510189976506814
2018-11-22,83.45416791,333.287505,284.2791709,0.007104166,98247.08333,3.900000058,0.050000001,1.137500017,0.157354391,17.19113684150054,0.9247752157406498
2018-11-23,35.98750054,354.8250053,285.1750042,0.0077125,98481.66667,17.80000027,-0.087500001,1.75833336,0.156898345,14.29595042066417,0.9478508625185428
2018-11-24,89.03750133,339.6375051,286.9083376,0.008191666,98168.33333,1.900000028,-0.045833334,-0.300000004,0.156456922,18.496223707653197,0.8948061391448763
2018-11-25,118.9916684,310.5166713,285.1333376,0.006083333,98449.16667,0.0,0.712500011,-1.604166691,0.156001508,23.26059666611698,0.749460692370658
2018-11-26,87.15833463,305.3583379,284.5166709,0.005791667,98765.83333,0.0,0.383333339,-1.158333351,0.155530838,10.202671832218488,0.7459309854532027
2018-11-27,40.3875006,348.1750052,283.9416709,0.006616666,98500.0,4.300000064,-0.345833338,0.983333348,0.155074156,11.85975607239516,0.8833411264328709
2018-11-28,76.97916781,344.4750051,285.2541709,0.007504166,97953.75,0.0,-0.183333336,0.775000012,0.154632733,15.166962484715386,0.9124793953718252
2018-11-29,55.31666749,336.7541717,284.8708376,0.0075625,96747.91667,46.30000069,-1.129166683,1.275000019,0.154177322,14.903612449348076,0.9317684581444116
2018-11-30,109.308335,275.9625041,282.0000042,0.005558333,97706.25,0.0,0.266666671,-1.054166682,0.153721276,8.138602024025753,0.8396783503270359
2018-12-01,74.23333444,309.1541713,283.0041709,0.005175,98177.91667,1.700000025,0.833333346,-0.545833341,0.153265226,9.788645774901925,0.7336333180485503
2018-12-02,109.933335,247.9750037,280.0458375,0.004245833,98397.91667,0.100000001,0.679166677,-1.308333353,0.152823803,5.581105952830447,0.7390594163991256
2018-12-03,95.8541681,260.0750039,278.7083375,0.0039375,98879.58333,0.0,0.054166667,-1.925000029,0.152368392,5.803454146071825,0.756191951329706
2018-12-04,71.75416774,321.4000048,281.6791709,0.003866667,98534.16667,0.0,-0.266666671,-2.875000043,0.151897723,12.28843900994507,0.6021538416912733
2018-12-05,41.44583395,335.637505,282.2666709,0.004916667,98142.5,6.100000091,0.20416667,-2.633333373,0.151455664,18.413844194330533,0.7325975195318634
2018-12-06,104.4666682,309.3458379,281.3875042,0.004954167,98083.75,0.0,1.320833353,-2.70000004,0.15100025,19.191781170750648,0.7835090425617101
2018-12-07,98.1458348,266.412504,281.1750042,0.004879167,98505.83333,0.0,-0.179166669,-0.812500012,0.150544203,3.9025883695500663,0.7863757444409634
2018-12-08,108.0041683,267.5166707,281.2791709,0.005158333,99201.25,0.0,-0.837500012,-0.708333344,0.150088157,4.6412321961366425,0.8312597426242871
2018-12-09,89.18333466,292.2375044,281.1666709,0.005529167,99269.58333,0.0,-0.812500012,-0.341666672,0.149646733,4.498753818278965,0.8985608173519121
2018-12-10,93.15000139,305.6750046,282.5041709,0.00615,99043.33333,0.0,-0.712500011,-0.754166678,0.149191323,5.009717977550506,0.909931811446657
2018-12-11,98.77083481,270.9208374,282.8125042,0.004383333,98864.58333,0.0,1.083333349,-2.425000036,0.148735277,4.310654108184937,0.633940556021919
2018-12-12,107.7583349,284.7708376,283.2541709,0.004833333,98974.16667,0.0,0.22916667,-1.720833359,0.148279227,3.9074956693868206,0.6791553577564153
2018-12-13,89.579168,284.5750042,282.2625042,0.0032375,99137.5,0.0,0.441666673,-1.587500024,0.14782318,3.354204920966512,0.4874260224662534
2018-12-14,40.1875006,296.0916711,280.7166708,0.004745833,98558.33333,0.800000012,0.112500002,1.091666683,0.147367134,0.5071866076094662,0.7898666811436281
2018-12-15,60.44166757,336.800005,282.4000042,0.006620833,98514.58333,2.70000004,0.100000001,0.70000001,0.146911088,6.175426279745863,0.9813024505699448
2018-12-16,32.62083382,351.5416719,283.8500042,0.007625,98327.5,4.00000006,-1.383333354,1.754166693,0.146595206,5.365768544290289,1.0224632466572403
2018-12-17,89.17083466,316.7333381,284.2166709,0.006608333,98481.66667,11.60000017,0.24166667,-0.133333335,0.146300041,17.900854646302143,0.8659098749539221
2018-12-18,31.17500046,333.9041716,284.0458376,0.006195833,99054.16667,0.0,-0.44583334,1.087500016,0.145990889,6.289811086979492,0.826004831996789
2018-12-19,68.75416769,324.1416715,285.3083376,0.007625,99156.25,0.0,-0.162500002,-0.45833334,0.145681102,7.384278968386964,0.9351765180293572
2018-12-20,89.97083467,293.8875044,282.0208375,0.006370833,98766.66667,0.0,-0.937500014,0.22916667,0.145371314,6.6647258768849325,0.9714807387527384
2018-12-21,88.87083466,329.2666716,283.6291709,0.007204166,98512.91667,3.900000058,-0.733333344,0.037500001,0.145061523,16.80880584126055,0.9823673980105504
2018-12-22,92.10416804,271.9416707,280.2916708,0.004745833,98666.66667,0.0,0.600000009,-1.933333362,0.144766358,8.369109027809202,0.8143374980598305
2018-12-23,40.5875006,313.0750047,281.1500042,0.0051,98952.08333,0.800000012,-1.275000019,-0.558333342,0.144457206,5.13162628959893,0.8271131583749949
2018-12-24,34.69583385,345.6791718,281.1208375,0.006258333,98708.33333,1.800000027,-0.908333347,0.220833337,0.144147418,8.580152944117163,1.014505447884527
2018-12-25,102.5916682,287.2083376,282.1750042,0.0049875,98022.91667,5.000000075,1.604166691,-2.2666667,0.14383763,23.53613420935005,0.7469038072558584
2018-12-26,108.970835,251.6625038,281.3125042,0.0036375,98591.66667,0.0,1.195833351,-2.512500037,0.143527843,18.36845944806034,0.5812434636124777
2018-12-27,110.108335,245.0916703,281.5041709,0.00385,98773.75,0.0,1.029166682,-3.087500046,0.143232678,14.64240797073345,0.6082737895612383
2018-12-28,109.983335,233.0333368,281.8333375,0.002625,99077.5,0.0,0.729166678,-6.179166759,0.142923526,26.19720168608752,0.4067260352559103
2018-12-29,105.6083349,254.9833371,281.5125042,0.003016667,99286.25,0.0,0.558333342,-2.750000041,0.142613738,9.589271359721698,0.4788118672678169
2018-12-30,110.0875016,261.4416706,279.9208375,0.004229167,99033.33333,0.0,-1.158333351,-0.304166671,0.142303951,4.010639592541528,0.747377170107053
2018-12-31,113.3416684,240.1666702,281.3041709,0.0033375,98521.66667,0.0,0.491666674,-5.458333415,0.142008786,6.173502761098724,0.5332326202036132
2019-01-01,105.7708349,219.7500033,280.4291708,0.001775,98969.58333,0.0,0.816666679,-6.445833429,0.141699634,6.059128945677189,0.3026105930811086
2019-01-02,102.0666682,238.9000036,279.2666708,0.00225,99022.91667,0.0,0.425000006,-1.975000029,0.141389846,2.429170019914152,0.4161319068460296
2019-01-03,98.12916813,254.9375038,277.6583375,0.0033375,99034.16667,0.0,-0.829166679,-0.587500009,0.141080055,1.4276329619048391,0.691321592136394
2019-01-04,99.47500148,267.6666707,278.0041708,0.0035375,98448.33333,0.0,-1.129166683,0.020833334,0.14078489,1.6415293691956867,0.7108080054438398
2019-01-05,29.48333377,310.4375046,277.2958375,0.0042125,97557.5,8.900000133,-1.041666682,0.275000004,0.140475738,5.308285463964563,0.8819534039298713
2019-01-06,35.07083386,326.0458382,280.5541708,0.005529167,97598.33333,18.90000028,0.570833342,3.037500045,0.140165951,13.434892310015313,0.9215710664314256
2019-01-07,54.34166748,319.3000048,278.8208375,0.005358333,98117.91667,19.50000029,-1.12083335,-0.441666673,0.139856163,13.911456597807234,1.0131010886355398
2019-01-08,34.37500051,352.8833386,281.4750042,0.0064375,98538.75,4.800000072,-0.612500009,-0.020833334,0.139546375,16.67601920925348,1.016694983905255
2019-01-09,38.14166724,344.5250051,284.1833376,0.007329166,98084.16667,16.90000025,-2.179166699,2.47083337,0.139236588,13.84623825186446,0.9586298335892144
2019-01-10,69.96250104,330.1500049,283.1625042,0.0064625,98677.91667,1.100000016,-0.358333339,1.354166687,0.1389268,15.836874606103413,0.9109948826075994
2019-01-11,56.2041675,299.6875045,281.4458375,0.006216667,98365.0,1.300000019,-0.358333339,-0.812500012,0.138617012,2.9167331571374544,0.9820517126225512
2019-01-12,97.59583479,320.6875048,282.4250042,0.0063125,98128.33333,1.600000024,-0.47083334,-0.954166681,0.138321848,19.543095729717344,0.930348801422621
2019-01-13,109.608335,278.0875041,282.5041709,0.005866667,98387.5,0.0,-0.262500004,-1.212500018,0.138012696,9.599886496257817,0.8622631920802263
2019-01-14,53.8125008,284.5708376,281.5625042,0.004875,98192.91667,0.0,0.041666667,-2.379166702,0.137702908,4.781084638543568,0.762628655847773
2019-01-15,43.74166732,335.7208383,281.0583375,0.006008333,97929.58333,13.2000002,-2.058333364,0.137500002,0.13739312,15.357140241063258,0.9704636029380372
2019-01-16,41.29583395,351.4625052,282.4041709,0.006775,97768.33333,40.5000006,-1.320833353,0.66250001,0.137856081,17.59606455801289,0.9962628485635852
2019-01-17,73.05000109,334.125005,284.1916709,0.006570833,97510.83333,34.00000051,2.466666703,4.516666734,0.138338021,37.556918027755486,0.8539407257917981
2019-01-18,37.05000055,335.100005,282.2125042,0.0059125,98978.75,3.500000052,-0.25416667,1.087500016,0.138819321,9.851187747221976,0.8917757859913648
2019-01-19,31.88750048,357.2375053,283.2000042,0.007341666,99330.0,0.300000004,-1.229166685,-0.070833334,0.139300625,9.717194933768448,1.0391249843974897
2019-01-20,61.77083425,337.8958384,286.3250043,0.008033333,98520.41667,5.100000076,-0.295833338,1.700000025,0.139796551,14.58945254147574,0.9151472104358866
2019-01-21,108.520835,291.4125043,281.3083375,0.004679167,98404.58333,4.200000063,2.03750003,-1.062500016,0.140278487,31.18486825994338,0.7464885486311764
2019-01-22,110.8875017,252.1125038,282.1375042,0.003645833,99459.58333,0.0,1.075000016,-4.783333405,0.140759791,37.199387078739086,0.5554046065063983
2019-01-23,110.820835,273.8916707,281.1791709,0.003925,99614.58333,0.0,0.025,-1.391666687,0.141255714,13.587253554904391,0.639529406612226
2019-01-24,125.4541685,254.6708371,284.0583376,0.004883333,99223.75,0.0,0.279166671,-2.704166707,0.141737654,12.859963166894737,0.6515940960334657
2019-01-25,128.2000019,247.0291703,284.2708376,0.004083333,99073.33333,0.0,0.295833338,-2.783333375,0.142233581,12.435120326616184,0.5363124309248457
2019-01-26,126.0291685,259.0416705,287.3833376,0.003441667,99195.41667,0.0,0.400000006,-3.679166721,0.142715517,17.022557511416924,0.3682289717267842
2019-01-27,118.7458351,298.3875044,285.7375043,0.004704167,99070.41667,0.0,-0.154166669,-1.608333357,0.143211443,9.01061520870303,0.5602445404504603
2019-01-28,105.1583349,319.0125048,287.2250043,0.005045833,98503.33333,0.0,0.345833338,-1.687500025,0.143693379,8.175244201865459,0.541682564313816
2019-01-29,102.1000015,328.1166716,286.3666709,0.005991667,98274.58333,0.0,-1.079166683,-0.816666679,0.144174683,6.248645231913942,0.6789902726286936
2019-01-30,94.25416807,306.4125046,284.6791709,0.006516667,98058.33333,0.0,-0.86666668,-0.483333341,0.144670606,3.010706045991549,0.8242797712312021
2019-01-31,123.1583352,303.0333378,284.8750042,0.006391667,97875.41667,0.0,-0.400000006,-0.908333347,0.145152545,4.115012779631699,0.7964672253354094
2019-02-01,65.72083431,325.6625049,284.8583376,0.0068375,97809.16667,0.70000001,-0.166666669,2.658333373,0.145633849,2.5012381063523472,0.8523941784466079
2019-02-02,90.65833468,344.7875051,283.5458376,0.007058333,96829.16667,32.40000048,-3.36250005,1.941666696,0.146129772,35.12080698568857,0.9513662017622704
2019-02-03,87.15416797,335.2458383,282.3750042,0.006479167,96756.66667,11.70000017,-0.945833347,0.050000001,0.146611712,28.151500741824247,0.9447778094286512
2019-02-04,109.7541683,309.3250046,280.1208375,0.004916667,96711.66667,18.20000027,3.425000051,2.333333368,0.147094919,41.43779172355492,0.836793384059352
2019-02-05,134.6208353,287.1041709,276.3666708,0.003308333,97240.41667,1.400000021,0.45833334,-0.200000003,0.149940699,23.46324501398297,0.7377175456087036
2019-02-06,130.6875019,252.8291704,277.4750041,0.003558333,98449.58333,0.0,0.491666674,-0.620833343,0.152607189,11.84812911432339,0.7423007394648222
2019-02-07,142.6000021,247.8416704,276.7458375,0.003808333,99079.58333,0.0,-0.66250001,-0.345833338,0.151735543,10.66278404743426,0.842128212335551
2019-02-08,72.78750108,299.2500045,277.7166708,0.004283333,98730.83333,0.0,-0.729166678,-0.983333348,0.151263173,7.482902747821497,0.8808742359685741
2019-02-09,55.68750083,316.3125047,278.3083375,0.004625,97918.75,5.700000085,1.341666687,1.504166689,0.150809236,12.97969872475856,0.9046993042077556
2019-02-10,85.36666794,293.9708377,277.8416708,0.0035875,97702.5,2.900000043,2.125000032,0.995833348,0.150385821,21.83060217881048,0.7236596515470509
2019-02-11,141.3083354,249.8916704,277.3750041,0.003658333,98681.66667,0.0,0.670833343,-0.454166673,0.150698006,13.606038586307395,0.770410506450552
2019-02-12,111.4750017,293.9250044,278.2541708,0.004370833,98557.91667,0.70000001,-0.570833342,1.112500017,0.15109284,15.644834059837653,0.863854382793747
2019-02-13,50.42916742,338.8583384,277.2041708,0.004691667,97449.16667,79.60000119,-1.862500028,-0.512500008,0.153590211,22.19640850159459,0.9875989916246632
2019-02-14,96.75833478,340.0833384,281.0291709,0.005841667,96406.25,22.10000033,1.712500026,1.387500021,0.153346719,36.86751195308196,0.9307350630488362
2019-02-15,108.6666683,307.2333379,279.8166708,0.004529167,97445.83333,14.30000021,3.933333392,3.250000048,0.152538655,48.36040439689784,0.7932907397420312
2019-02-16,73.6250011,310.5625046,279.4208375,0.004316667,98219.16667,0.0,2.67500004,1.137500017,0.15298115,20.297180736780817,0.7833927235989164
2019-02-17,149.3625022,271.6916707,278.3500041,0.003908333,98302.91667,0.600000009,1.754166693,-0.937500014,0.153638267,22.052270619338348,0.7652610828167735
2019-02-18,177.9125027,223.55417,278.7083375,0.0029125,98766.66667,0.0,1.487500022,-5.366666747,0.154178399,28.349374951860373,0.5587032361349356
2019-02-19,180.4250027,223.0708367,278.6500042,0.002954167,98970.0,0.0,0.487500007,-2.558333371,0.154572298,13.905764556912567,0.5701948524520696
2019-02-20,166.1833358,259.2708372,280.2875042,0.004083333,98191.66667,0.0,-0.150000002,-1.550000023,0.15504758,10.564547488384028,0.6974874618630371
2019-02-21,184.0125027,246.6750037,278.9875042,0.003283333,97458.75,0.0,1.054166682,-4.500000067,0.155554012,10.211851122729454,0.6094453664157888
2019-02-22,178.6875027,222.0708366,279.7416708,0.001966667,98237.08333,0.0,0.837500012,-4.995833408,0.156066645,10.003998491429176,0.3490797929905868
2019-02-23,116.4666684,268.6833373,278.0208375,0.003275,98976.66667,0.0,-1.395833354,-0.437500007,0.156589856,3.769482481573961,0.6608155899182635
2019-02-24,99.89583482,328.8125049,280.9916709,0.004845833,98937.91667,0.0,-0.362500005,1.612500024,0.157111471,4.585054024737167,0.7943971794657376
2019-02-25,65.45000098,335.0166717,282.1708375,0.0058,98180.0,3.700000055,0.225000003,4.766666738,0.157617654,8.154696062470672,0.8702192712436094
2019-02-26,58.3583342,352.1125052,283.3875042,0.007120833,97777.5,35.40000053,-1.654166691,1.495833356,0.158137899,22.988230765231265,0.9796119904618562
2019-02-27,93.82083473,346.7750052,283.7666709,0.0070625,97785.83333,50.20000075,-2.520833371,3.054166712,0.158644117,36.74636022647972,0.9471204622400408
2019-02-28,164.8166691,312.3125047,282.2916709,0.004616667,98386.25,0.0,2.220833366,1.970833363,0.159178955,37.860047935125735,0.688430255654383
2019-03-01,157.9583357,300.9500045,281.0875042,0.005008333,98502.08333,0.0,-0.466666674,-0.404166673,0.159685909,19.27352919809533,0.8120400169841093
2019-03-02,72.43750108,343.3458384,281.9208375,0.006166667,97969.16667,12.90000019,-0.100000001,-2.120833365,0.160206224,28.12359184128412,0.939154661998316
2019-03-03,63.28750094,350.7500052,283.3708376,0.007404166,98185.0,2.500000037,-0.829166679,-0.24166667,0.160727225,19.564495652472136,1.0239881832672295
2019-03-04,149.1083356,310.658338,283.1083376,0.006716666,98392.5,0.0,0.604166676,-0.541666675,0.161233467,27.965960347337464,0.9475551803984668
2019-03-05,75.57916779,324.4250048,282.6041709,0.006516667,98168.33333,5.200000077,-0.65000001,-0.779166678,0.161753636,17.028997161276802,0.9491828917182432
2019-03-06,93.88333473,345.2125051,284.1583376,0.0073125,97170.0,20.0000003,-0.583333342,2.575000038,0.162274571,33.9952676017891,0.949128030983136
2019-03-07,107.0208349,328.3750049,283.1083376,0.005670833,97829.58333,0.0,0.929166681,3.691666722,0.162795524,35.013746596996455,0.7954370650170555
2019-03-08,205.1916697,282.7458375,281.2791709,0.004675,98015.0,0.0,1.533333356,-0.158333336,0.163316292,32.580779456273135,0.7443623329779439
2019-03-09,86.10000128,296.5375044,279.7458375,0.0045625,98101.25,5.700000085,0.425000006,1.225000018,0.164018332,15.60334298277019,0.8084810038835835
2019-03-10,148.2958355,309.1416713,280.0916708,0.005520833,98027.08333,5.800000086,-0.887500013,-1.129166683,0.164740153,39.546069429739845,0.9543303939918296
2019-03-11,232.7291701,253.7041704,282.9875042,0.004545833,98414.58333,0.0,1.154166684,-3.887500058,0.165006268,54.98922586532765,0.6467234912934575
2019-03-12,239.7208369,258.6791705,284.1833376,0.004366667,97977.08333,0.0,1.512500023,-2.016666697,0.165440155,38.8238442773135,0.5705215541981162
2019-03-13,246.0000037,235.8000035,282.9416709,0.002704167,98613.33333,0.0,1.683333358,-4.412500066,0.165926621,35.388012321114616,0.386691784980063
2019-03-14,234.5750035,241.7541703,284.0166709,0.003029167,99111.25,0.0,0.833333346,-3.645833388,0.166423375,20.416052102138984,0.4048629658139965
2019-03-15,248.383337,255.9750038,284.9791709,0.003558333,99057.08333,0.0,0.695833344,-2.050000031,0.166933853,15.178837679193984,0.4456483254738159
2019-03-16,249.7000037,262.0333372,285.5208376,0.00435,98761.66667,0.0,-0.22916667,-1.104166683,0.166813092,11.782316023932369,0.5239317429090923
2019-03-17,234.1541702,275.9166708,286.7166709,0.005341667,98618.75,0.0,-0.537500008,-0.870833346,0.166635028,9.421660882063714,0.5936012045540454
2019-03-18,245.958337,286.4625043,287.1958376,0.0056375,98329.58333,0.0,-0.358333339,-1.308333353,0.166484943,8.967732901708544,0.605287961107151
2019-03-19,225.6125034,306.2916712,288.2333376,0.006066667,97961.66667,0.0,-0.24166667,-0.837500012,0.166321502,8.211052750327985,0.6064345463186117
2019-03-20,156.504169,333.437505,286.1166709,0.0063,97894.16667,10.80000016,0.43333334,1.895833362,0.166157425,43.120925035651645,0.7230090101267534
2019-03-21,244.6666703,271.9625041,282.7500042,0.005479167,98456.25,0.0,0.308333338,-0.637500009,0.165993352,30.17202494382673,0.7925103648258448
2019-03-22,89.98333467,301.5041712,283.0166709,0.005841667,98616.66667,11.60000017,-0.195833336,0.454166673,0.165843898,14.313502308202033,0.831139503886572
2019-03-23,193.5583362,334.275005,283.8166709,0.006829166,98689.58333,5.500000082,-1.237500018,-0.008333333,0.165680461,63.168401143729895,0.9211849413708866
2019-03-24,238.4333369,275.7166708,282.4500042,0.005783333,98950.83333,0.100000001,-0.729166678,-0.783333345,0.165516385,38.275884870195824,0.858041036334387
2019-03-25,103.0375015,335.525005,284.4583376,0.006508333,98524.16667,4.300000064,-0.516666674,1.833333361,0.165352308,28.595554851400607,0.8394562707619977
2019-03-26,151.5791689,329.0083382,283.8291709,0.006275,98383.33333,0.0,-0.233333337,0.362500005,0.165188235,29.531151354210365,0.8430968324293281
2019-03-27,182.8083361,338.375005,285.3291709,0.00655,97912.08333,13.4000002,0.383333339,2.575000038,0.165024158,72.27787227614849,0.7921531454500758
2019-03-28,168.1541692,305.1250045,282.8875042,0.005620833,98632.91667,7.500000112,1.291666686,2.654166706,0.164874708,54.47195994253987,0.8068904525293426
2019-03-29,261.9166706,282.4041709,282.8041709,0.0054875,99189.16667,0.500000007,0.841666679,-0.104166668,0.164711267,49.52356375482765,0.796687291647335
2019-03-30,267.9458373,272.0583374,284.1500042,0.005370833,99132.08333,0.100000001,1.091666683,-2.108333365,0.164547194,42.99746323221879,0.711583248004062
2019-03-31,270.6291707,274.2708374,286.5833376,0.0047625,98816.25,0.0,0.570833342,-1.404166688,0.164383118,34.01337477651954,0.5349758875395708
2019-04-01,130.9041686,346.9875052,289.3000043,0.006516667,98337.91667,0.200000003,-0.979166681,-0.566666675,0.164233664,17.328836020113588,0.6102895622796545
2019-04-02,109.1291683,356.0125053,286.5000043,0.0072375,97840.0,1.900000028,-0.062500001,0.962500014,0.164055604,17.01234161512981,0.8093953025054932
2019-04-03,174.2583359,323.1208381,285.4083376,0.006779166,98082.08333,0.0,0.533333341,1.258333352,0.163890891,16.91462579564953,0.8169782187734729
2019-04-04,189.0666695,336.3333383,285.8875043,0.006820833,98249.58333,0.0,0.512500008,2.350000035,0.163741441,16.019562097751503,0.7976294425895154
2019-04-05,148.9000022,330.6791716,285.6250043,0.006870833,98086.66667,4.200000063,0.91666668,3.533333386,0.163563378,24.337100658484367,0.8162291578641142
2019-04-06,96.79583478,328.3916716,286.1166709,0.007233333,98330.0,0.200000003,0.537500008,2.954166711,0.163413288,11.060418010508714,0.8338171904471747
2019-04-07,134.0083353,366.7333388,289.079171,0.0081625,98826.25,0.0,3.400000051,4.020833393,0.163249851,19.280196907341068,0.7792423883283818
2019-04-08,126.5708352,359.304172,291.4958377,0.008808333,98821.25,0.800000012,2.812500042,3.212500048,0.163100397,18.463432756814107,0.7204300728769327
2019-04-09,297.0333378,300.1500045,287.3750043,0.0057,98803.33333,0.400000006,0.87916668,-1.129166683,0.162922676,27.41675033338811,0.6077722123503558
2019-04-10,305.6250046,262.9875039,286.7458376,0.00395,99258.75,0.0,1.054166682,-3.479166719,0.162770255,21.981759655081586,0.4409516278556743
2019-04-11,196.3708363,297.1625044,288.316671,0.004908333,98860.0,0.0,0.762500011,-3.012500045,0.162614272,14.158884438776852,0.4924705150267616
2019-04-12,298.8875045,285.4125043,287.2625043,0.004758333,98170.83333,0.0,0.89166668,-2.816666709,0.16244379,18.35026905451841,0.5078450445793126
2019-04-13,295.5500044,291.166671,288.741671,0.0056625,98099.16667,0.0,-0.358333339,-1.429166688,0.162288365,16.38217147685767,0.5484388032439984
2019-04-14,269.6083374,305.0833379,289.7250043,0.006729166,97899.16667,0.0,0.150000002,0.804166679,0.162134186,14.490248252635656,0.6104523790275636
2019-04-15,138.9291687,321.4791715,287.2458376,0.004554167,97580.83333,0.200000003,3.258333382,0.341666672,0.161950951,10.753743594522696,0.483661628060122
2019-04-16,282.5000042,312.158338,284.9916709,0.006258333,98032.5,0.200000003,-0.475000007,-0.200000003,0.162073777,15.463066508965104,0.7750445596394187
2019-04-17,314.933338,295.5625044,287.454171,0.005958333,98753.33333,0.0,-0.037500001,-1.020833349,0.162210014,15.082065547012764,0.6317149146591916
2019-04-18,320.1291714,312.533338,291.479171,0.007308333,98711.66667,0.0,-1.020833349,-1.141666684,0.162331586,16.264105450886362,0.5977136449611662
2019-04-19,301.1375045,326.5625049,292.7958377,0.008541666,98189.58333,0.0,-1.125000017,-0.683333344,0.162467155,15.126170534095325,0.6395431415426737
2019-04-20,316.2750047,325.5333382,292.9958377,0.007216666,97583.75,0.0,-0.400000006,-0.258333337,0.162588752,15.52883979578012,0.5303142464797286
2019-04-21,326.1583382,296.7625044,288.7000043,0.006141667,98366.66667,0.0,0.0,-2.883333376,0.162724329,15.094511826795342,0.5980819533561684
2019-04-22,332.3958383,285.6666709,293.304171,0.004941667,98592.08333,0.0,0.091666668,-4.183333396,0.162845921,19.281861538183467,0.3598823875364968
2019-04-23,321.2708381,316.7958381,297.5583378,0.006416667,98367.91667,0.0,0.041666667,-4.4458334,0.162981496,20.950701600045868,0.3589982215147934
2019-04-24,325.1166715,339.8500051,296.7375044,0.008441666,98096.25,0.0,-0.220833337,-1.462500022,0.163117686,15.480190528722977,0.495020114346675
2019-04-25,328.0625049,344.9166718,295.9291711,0.009741666,97961.25,0.0,-0.633333343,-1.008333348,0.16323925,14.587427278079314,0.5993046490307826
2019-04-26,326.0166715,322.2458381,295.1958377,0.006466667,97962.08333,0.0,0.316666671,-1.14583335,0.163374856,13.256053413393373,0.4161455859537039
2019-04-27,330.9208383,324.8000048,294.4000044,0.007125,97896.25,0.0,-0.604166676,-1.112500017,0.163481809,12.979302658010957,0.4812784340363328
2019-04-28,336.737505,313.3625047,292.291671,0.008233333,97686.66667,0.0,-0.545833341,-0.995833348,0.16361674,11.555140464849336,0.6330393656008407
2019-04-29,335.925005,321.7666715,292.116671,0.006283333,97425.41667,0.0,-1.041666682,-1.10833335,0.163752913,12.25600239945097,0.4871585011598218
2019-04-30,332.7708383,303.6083379,289.6583376,0.006404167,97580.0,0.0,0.86666668,-1.683333358,0.163874535,10.665578666991566,0.581561389751249
2019-05-01,344.0250051,284.6666709,288.129171,0.004254167,98258.75,0.0,-0.375000006,-1.387500021,0.164010109,9.845073939250897,0.4294430472040097
2019-05-02,350.3583386,278.5666708,290.841671,0.004616667,98242.08333,0.0,-0.541666675,-0.625000009,0.164131718,8.935424908618243,0.3913081006682556
2019-05-03,344.3750051,289.1958376,291.454171,0.005483333,98112.5,0.0,-1.266666686,-0.333333338,0.164267287,9.158814177443356,0.4464402284082779
2019-05-04,347.2625052,293.3458377,292.0750044,0.005308333,97874.16667,0.0,-0.937500014,-0.654166676,0.164403456,8.950173516652637,0.4145483453067207
2019-05-05,349.0041719,289.254171,290.9958377,0.005616667,97556.66667,0.0,-1.129166683,-0.104166668,0.164525019,8.378999524066021,0.4681309369772941
2019-05-06,340.3250051,311.2625046,290.629171,0.006975,97628.33333,0.0,-0.20416667,0.283333338,0.164660607,7.85148929549411,0.5955175882436358
2019-05-07,337.925005,321.0250048,290.379171,0.007929166,98107.08333,0.0,-0.712500011,0.195833336,0.164782207,7.798143173666879,0.691249388924878
2019-05-08,343.4375051,332.2666716,293.1875044,0.008908333,98131.25,0.0,-0.845833346,-1.016666682,0.164917732,8.202337191193365,0.6504517045104695
2019-05-09,343.4958385,338.450005,294.1083377,0.007991666,97518.33333,0.0,-1.079166683,-1.445833355,0.165039241,8.52254916737983,0.5475485530952764
2019-05-10,355.2458386,305.5208379,295.4375044,0.00625,97505.41667,0.0,-0.062500001,-2.883333376,0.165162526,9.193351517560597,0.394422568672172
2019-05-11,355.0333386,303.1750045,293.0250044,0.006308333,97875.0,0.0,-0.925000014,-1.275000019,0.165297446,7.77317505721864,0.4641010591601764
2019-05-12,350.8583386,324.4291715,294.1875044,0.008020833,97900.0,0.0,-1.800000027,-0.704166677,0.165419645,8.31801658688454,0.5489942070239374
2019-05-13,349.0041719,312.833338,293.5583377,0.005858333,97950.0,0.0,-1.204166685,-0.137500002,0.165556048,7.704771041471326,0.4171917629644868
2019-05-14,239.1541702,334.462505,293.0958377,0.0066,98056.66667,0.0,0.429166673,1.712500026,0.165675368,5.762773656705492,0.4843085174556281
2019-05-15,142.3166688,357.9250053,289.9875043,0.007870833,97771.66667,3.200000048,-0.379166672,2.175000032,0.165810932,8.57463107546204,0.7011789924385871
2019-05-16,207.2916698,344.9125051,286.0083376,0.007108333,97311.25,23.90000036,0.179166669,3.458333385,0.166304886,85.98535760445165,0.8167504105205406
2019-05-17,269.9166707,323.5166715,286.4541709,0.0061625,98147.08333,0.0,2.883333376,1.466666689,0.166815134,54.42971126646039,0.6934295034319552
2019-05-18,168.1333358,327.0166715,285.4333376,0.006204167,98099.16667,11.00000016,0.529166675,1.170833351,0.167325393,55.782877257672254,0.746571501483537
2019-05-19,228.6291701,334.925005,283.1375042,0.006691666,97482.08333,5.000000075,-0.47083334,0.945833347,0.167850254,75.12231392077051,0.9334472374795788
2019-05-20,325.1541715,300.5375045,284.4458376,0.006479167,97918.33333,0.200000003,-0.529166675,0.195833336,0.168361182,63.28274701989108,0.8312516507936071
2019-05-21,186.2958361,317.1625047,287.6458376,0.0058,97757.08333,2.200000033,3.33750005,1.616666691,0.168886054,49.73713615845989,0.6011458485716358
2019-05-22,321.3750048,324.2500048,288.2458376,0.005866667,97642.08333,0.200000003,1.837500027,-2.754166708,0.169396931,53.54277516715659,0.5840542469052926
2019-05-23,340.4416717,314.5625047,293.9583377,0.006104167,97547.91667,0.0,-0.391666673,-4.562500068,0.169907179,36.67600264090565,0.4222691632141332
2019-05-24,346.8083385,327.8833382,291.6875043,0.008033333,97997.5,0.0,-1.195833351,-0.129166669,0.170432054,22.841232859979492,0.643708205533102
2019-05-25,356.1458386,320.1416714,290.9750043,0.0079875,97676.66667,0.0,0.029166667,-1.725000026,0.170942955,15.239555117132536,0.6674349228239033
2019-05-26,208.7875031,337.4708384,288.3833376,0.0063125,97300.0,3.300000049,1.075000016,1.462500022,0.1714532,21.682745874864093,0.6206680137451815
2019-05-27,277.2625041,325.4250048,287.1000043,0.0066625,98189.16667,1.200000018,-1.59166669,0.016666667,0.171963464,24.75284903390458,0.7188219373316279
2019-05-28,352.3333386,327.0000049,292.1333377,0.007854166,98252.08333,0.0,-0.954166681,-2.070833364,0.172473703,22.829281472019403,0.6134702103245394
2019-05-29,362.1208387,337.6708384,295.3500044,0.008475,97872.08333,0.0,-0.737500011,-1.308333353,0.172983826,19.66481031649581,0.5397427988185394
2019-05-30,351.3666719,343.3208384,295.2708377,0.008908333,97762.91667,0.0,-1.050000016,-1.104166683,0.173508646,14.310467568218147,0.5694730593161189
2019-05-31,344.0041718,346.7458385,293.966671,0.008166666,97907.5,11.20000017,-0.312500005,-1.970833363,0.174019541,109.6293457866275,0.5667360269902251
2019-06-01,349.2083385,346.9250052,297.7166711,0.008125,97680.83333,0.0,-0.762500011,-2.091666698,0.174529814,60.30332899044637,0.447104168883588
2019-06-02,342.6666718,363.6250054,298.2500044,0.009625,97586.66667,0.0,-0.979166681,-0.0125,0.175040049,32.92989744336234,0.512405894836334
2019-06-03,330.8625049,367.2250055,297.9958378,0.011058333,97782.91667,0.0,-1.804166694,0.037500001,0.175550244,18.679349852024348,0.5989877652337914
2019-06-04,348.9916719,370.6875055,300.4416711,0.011070833,97884.16667,0.200000003,-1.10833335,-1.225000018,0.176074873,17.124124540910337,0.5187648947912048
2019-06-05,344.5833385,363.5666721,301.5500045,0.009954166,97848.33333,0.0,-0.587500009,-0.825000012,0.176598804,13.693194937046163,0.4368155984851854
2019-06-06,354.8625053,332.1750049,299.2750045,0.00605,97673.33333,0.0,3.56666672,-0.266666671,0.177108054,11.043049148814683,0.3031779347669115
2019-06-07,364.3166721,295.7625044,292.6625044,0.0046125,98087.08333,0.0,1.525000023,-2.195833366,0.177616672,8.3265510760778,0.3478910171159474
2019-06-08,366.3791721,283.2083376,294.9791711,0.003079167,98441.25,0.0,1.220833352,-6.50833343,0.178139909,10.995905268677252,0.2017964776234643
2019-06-09,364.0875054,302.8541712,299.0541711,0.003083333,98451.25,0.0,0.045833334,-5.279166745,0.178649158,10.48573257353832,0.1578095736367293
2019-06-10,355.5375053,340.3291717,299.5125045,0.005754167,98414.58333,0.0,-0.720833344,-1.345833353,0.179157776,8.094477203433318,0.2864582271073548
2019-06-11,354.2958386,360.979172,302.0000045,0.007208333,98312.08333,0.0,-1.008333348,-0.68750001,0.17966639,7.98472777568821,0.3095591255339576
2019-06-12,331.8250049,370.9833389,303.5208379,0.007283333,98043.75,0.0,-0.691666677,-0.504166674,0.180189627,7.0509085172180885,0.2855498329802138
2019-06-13,350.9916719,364.9958388,302.3500045,0.0076125,97753.33333,0.0,0.366666672,-0.90416668,0.18069888,7.180842428392492,0.3184867728396159
2019-06-14,355.079172,359.791672,298.8750045,0.009283333,97752.5,0.0,-1.825000027,-0.0125,0.181207494,7.256936550494033,0.4768433999917587
2019-06-15,353.5791719,353.5666719,297.3250044,0.010020833,97824.58333,0.0,-1.670833358,-0.550000008,0.181730731,6.763336868851312,0.5654719470792317
2019-06-16,352.9083386,357.5083387,296.8666711,0.011395833,97745.83333,0.0,-2.245833367,-0.104166668,0.182353794,6.698545565739597,0.6606577346274423
2019-06-17,354.5041719,365.6458388,300.3375045,0.011629166,97578.33333,0.0,-1.316666686,-0.991666681,0.182966547,6.842836180742255,0.546582109598299
2019-06-18,359.091672,357.191672,303.7750045,0.009066666,97815.0,0.0,-0.970833348,-2.829166709,0.183593291,7.672793576746784,0.3494741621122467
2019-06-19,361.8125054,344.2416718,302.9625045,0.007558333,97841.66667,0.0,-1.283333352,-1.500000022,0.184206045,6.781695051622082,0.305433889013026
2019-06-20,361.5791721,345.1833385,300.3583378,0.008116666,97698.33333,0.0,-0.483333341,-1.10833335,0.184818162,6.340317254223567,0.3814898477773501
2019-06-21,366.7666721,309.0375046,298.4666711,0.003841667,97812.91667,0.0,0.441666673,-4.862500072,0.185444902,8.841061011755343,0.2023422819756186
2019-06-22,365.6125054,310.0750046,299.7416711,0.004495833,98049.16667,0.0,-0.408333339,-4.529166734,0.186057655,8.392647436751265,0.2199646294130395
2019-06-23,362.2583387,330.2833383,299.6916711,0.0057375,98064.58333,0.0,-1.058333349,-1.487500022,0.186669773,6.541134792554435,0.2815947456796214
2019-06-24,339.9625051,346.0458385,300.5916711,0.006833333,97805.41667,0.0,-0.400000006,-1.191666684,0.187296517,5.884661340402502,0.317120380752986
2019-06-25,340.5541717,340.7833384,299.4625045,0.0063,97551.25,0.0,-0.637500009,0.016666667,0.18790927,5.345065745995384,0.3118070364538619
2019-06-26,358.3625053,321.0666715,297.1791711,0.005583333,97745.83333,0.0,4.441666733,0.979166681,0.18853601,8.190806602945758,0.3176053408099126
2019-06-27,353.2000053,299.4166711,292.3208377,0.006125,98245.41667,0.0,1.35000002,0.129166669,0.189148764,5.164621710699225,0.4727600214454533
2019-06-28,359.679172,320.5125048,294.2875044,0.006695833,98327.91667,0.0,-1.858333361,-0.495833341,0.189760881,6.058000279889693,0.4574609720148313
2019-06-29,359.8583387,312.6500047,295.7666711,0.006270833,98300.0,0.0,-0.808333345,-0.22916667,0.190402244,5.273539564657339,0.3909855018811108
2019-06-30,363.3958387,316.8916714,296.8125044,0.006120833,98280.83333,0.0,-1.720833359,-0.333333338,0.191015637,6.074692947555295,0.357965503396125
2019-07-01,353.1958386,321.7750048,296.4875044,0.007145833,98221.25,0.0,-1.220833352,-0.145833336,0.191627754,5.524813755774194,0.4260007864525414
2019-07-02,360.9083387,327.5541715,297.1875044,0.007291666,98057.08333,0.0,-0.587500009,-1.187500018,0.192254495,5.856307280188222,0.4158937476218932
2019-07-03,363.4750054,335.4916717,297.5916711,0.0081875,97874.58333,0.0,-1.620833357,-0.983333348,0.192867248,6.365199305063914,0.4548579159125099
2019-07-04,363.5958388,332.1041716,299.0708378,0.007920833,97863.75,0.0,-0.300000004,-1.237500018,0.193493988,5.894036395151097,0.4025797651056078
2019-07-05,361.5125054,340.0333384,300.1791711,0.008316666,98038.75,0.0,-1.245833352,-0.862500013,0.194106741,5.998331350899536,0.3964345254229157
2019-07-06,355.1125053,343.8250051,300.3875045,0.008183333,98087.5,0.0,-1.604166691,-0.783333345,0.194718859,5.9949199897055365,0.385489697913902
2019-07-07,351.9875052,345.0083385,298.7791711,0.007975,97820.83333,0.0,-0.195833336,-0.533333341,0.195345602,5.066594392684014,0.4122845662895262
2019-07-08,354.2125053,330.0791716,294.4041711,0.008720833,97832.5,0.0,-1.858333361,-0.68750001,0.195958356,5.264318105275856,0.5885380319880278
2019-07-09,350.9458386,332.3666716,295.2291711,0.0091125,98138.33333,0.0,-1.270833352,0.591666675,0.196585096,4.87955760457672,0.5862624846145413
2019-07-10,330.2583383,356.1958386,296.2458377,0.010204166,98287.91667,0.0,-1.508333356,0.116666668,0.197197849,4.839111298880722,0.6177764258110382
2019-07-11,353.8958386,357.5125053,299.2666711,0.010283333,98297.91667,0.0,-1.59166669,-0.345833338,0.197809967,5.203387037745472,0.5188720789618121
2019-07-12,347.5250052,360.8500054,300.3000045,0.010266666,98003.33333,0.0,-1.220833352,-0.500000007,0.198436707,4.863286242119663,0.4857216572388188
2019-07-13,352.7833386,363.1583387,301.2250045,0.009758333,97732.08333,0.0,-1.100000016,-0.720833344,0.199049464,5.155468963143325,0.4359509294823323
2019-07-14,355.154172,348.1541719,300.7708378,0.009341666,97895.41667,0.0,-0.65000001,-1.050000016,0.199676204,5.008565534617317,0.4293618723004453
2019-07-15,352.3458386,350.4166719,301.3166712,0.008229166,98148.75,0.0,-0.979166681,-0.21666667,0.20030358,5.0203188128613,0.3672201942728568
2019-07-16,349.4583385,358.1500053,300.1916711,0.009279166,97872.91667,0.0,-1.12083335,-0.462500007,0.200401376,5.423016297106792,0.4412394622142307
2019-07-17,343.9333385,358.7583387,299.3833378,0.009820833,97789.16667,0.0,-2.187500033,-0.045833334,0.200476146,5.999644488109944,0.4895534118909227
2019-07-18,346.8708385,367.4833388,299.9250045,0.0103,97770.83333,0.0,-1.600000024,-0.708333344,0.200550916,6.132872259110636,0.4970685236738559
2019-07-19,347.1750052,360.9250054,298.0750044,0.010358333,97717.91667,0.0,-1.33750002,0.070833334,0.200625687,5.903658149999153,0.558031912949436
2019-07-20,348.4708385,353.2791719,297.6583378,0.009666666,97806.25,0.0,-1.037500015,-0.508333341,0.20071508,5.850822377220978,0.5345014656077137
2019-07-21,324.6583382,358.2708387,298.3916711,0.010016666,97865.0,0.0,-1.625000024,-0.362500005,0.200790486,5.598653880598606,0.5302452323621709
2019-07-22,342.4916718,379.8500057,299.9875045,0.010158333,97966.66667,0.0,-1.054166682,-0.362500005,0.200865256,5.988478686741038,0.489395339757767
2019-07-23,348.2083385,353.0833386,301.0333378,0.009620833,98046.25,0.0,-0.591666675,-0.070833334,0.200954653,4.970472940563922,0.4360778909464076
2019-07-24,350.6625052,343.1500051,300.5833378,0.00645,98177.5,0.0,-0.512500008,-0.525000008,0.20103006,4.866644881503207,0.3006173707509046
2019-07-25,310.320838,369.7875055,301.7375045,0.007829166,97995.41667,0.0,-1.504166689,-0.933333347,0.201108858,5.18712793927364,0.3403224104511897
2019-07-26,340.0833384,363.4541721,300.8500045,0.005708333,98063.75,0.0,-2.183333366,0.141666669,0.201201908,5.826963220105446,0.2615938895012503
2019-07-27,345.5875051,353.3833386,301.2625045,0.00755,98278.33333,0.0,-0.912500014,-1.037500015,0.201280924,4.941750555586719,0.3384328806282942
2019-07-28,343.2583384,371.0583389,303.5708379,0.007216666,98055.0,0.0,-0.762500011,-0.954166681,0.201344717,4.784834302948094,0.282152652224359
2019-07-29,343.8541718,360.8083387,302.2416712,0.0087,97803.33333,0.0,-0.329166672,-0.583333342,0.201437083,4.5225799145244965,0.3664782460062181
2019-07-30,343.7333385,338.6083384,297.3833378,0.009258333,97832.91667,0.0,-0.991666681,0.145833336,0.2015162,4.55489699763388,0.5206471818465881
2019-07-31,346.5541718,324.1625048,298.3208378,0.009654166,97952.08333,0.0,-1.858333361,-0.691666677,0.201594581,4.862778728908865,0.5136916118313705
2019-08-01,332.487505,340.9208384,298.7041711,0.008595833,98056.66667,0.0,-2.133333365,-0.716666677,0.20167299,5.383999697241558,0.44745659680077
2019-08-02,331.1250049,345.1333385,298.9166711,0.010208333,98221.25,0.0,-1.045833349,-0.233333337,0.201751432,4.799949198772781,0.5255593457024017
2019-08-03,329.1750049,352.6791719,301.2666712,0.0096375,98085.0,0.0,-1.125000017,-0.812500012,0.201829829,5.222768598080973,0.4310508303614761
2019-08-04,328.1208382,353.9208386,300.8125045,0.0080625,97959.58333,0.0,-0.333333338,-0.637500009,0.201922839,4.9991268287855695,0.3699018069660648
2019-08-05,318.7583381,355.6875053,299.9833378,0.010016666,98062.08333,0.0,-1.31250002,-0.47083334,0.201987267,5.375036028006856,0.4831597145757421
2019-08-06,267.1583373,372.0291722,301.2500045,0.008816666,97913.33333,0.0,-1.495833356,-0.708333344,0.202079656,4.96073910619009,0.3940333771045022
2019-08-07,319.1500048,345.3708385,299.3583378,0.008875,97802.08333,0.0,-1.341666687,-0.245833337,0.202158744,5.219331950813543,0.4431233398790561
2019-08-08,320.7958381,335.212505,296.3333377,0.00895,97837.08333,0.0,-1.35000002,0.550000008,0.202237115,5.075630474358331,0.536489243009144
2019-08-09,309.833338,342.9125051,294.7583377,0.008783333,97912.91667,0.0,-2.383333369,0.058333334,0.20231549,5.412933949609014,0.5803907695524488
2019-08-10,294.5500044,347.4416718,296.9708378,0.0082875,97974.58333,0.0,1.345833353,-0.466666674,0.202393888,4.907484030554191,0.4785436574541999
2019-08-11,315.758338,334.350005,295.9291711,0.008295833,98295.83333,0.0,-0.008333333,-1.850000028,0.202472253,5.211843570491879,0.5121005035709654
2019-08-12,317.1791714,346.5833385,298.7458378,0.007808333,98209.16667,0.0,-0.516666674,-1.125000017,0.202565253,5.2128733074057365,0.4060806164390782
2019-08-13,313.1291713,355.854172,300.2583378,0.0087125,98111.25,0.0,-1.179166684,-0.929166681,0.202644279,5.422118926034016,0.4136661011690118
2019-08-14,315.4541714,364.3250054,301.8666712,0.0083375,98140.0,0.0,-1.029166682,-0.745833344,0.202708073,5.445909558879484,0.3602207616043395
2019-08-15,314.4500047,365.2916721,303.6416712,0.008595833,98061.66667,0.0,-0.870833346,-1.345833353,0.202800503,5.489760794925683,0.3347258650678948
2019-08-16,313.5000047,363.1291721,304.5500045,0.008591666,97771.66667,0.0,-1.025000015,-1.429166688,0.202830222,5.328967450008351,0.3165952375210867
2019-08-17,310.158338,360.5208387,301.9916712,0.009145833,97503.75,0.0,-0.329166672,-1.316666686,0.202871746,5.265632366590982,0.389724686587527
2019-08-18,310.5250046,341.4750051,296.7708378,0.010141666,97545.41667,0.0,-1.666666692,-0.412500006,0.202899258,5.021492113253009,0.5901713190037702
2019-08-19,288.904171,338.9416717,296.0458377,0.009545833,97878.75,0.0,-1.225000018,0.250000004,0.202926142,4.384914493771514,0.5825897659287234
2019-08-20,307.2875046,341.6166718,296.3416711,0.009708333,98062.91667,0.0,-1.662500025,0.195833336,0.202967701,4.969832383951928,0.5829927583283496
2019-08-21,299.3458378,349.5083385,298.7250045,0.009804166,98073.33333,0.0,-1.320833353,-0.154166669,0.202995285,4.828851125774545,0.5098065507102187
2019-08-22,297.2083378,372.3458389,301.6250045,0.010116666,97682.5,0.0,-0.258333337,-0.875000013,0.20303678,4.713591549977296,0.4412502615600544
2019-08-23,299.3791711,362.4500054,301.1416712,0.007179166,97444.16667,0.0,-0.65000001,-1.170833351,0.203064334,4.725907637545554,0.3213529566798846
2019-08-24,297.6916711,366.7333388,300.6875045,0.0098125,97720.41667,0.0,-0.725000011,-0.287500004,0.203091235,4.098634162591291,0.4524147351661914
2019-08-25,296.8958378,369.0750055,301.4333378,0.0096875,97997.91667,0.0,-1.845833361,0.370833339,0.203132735,4.460585260162211,0.4286868294876982
2019-08-26,297.3708378,364.2000054,302.5375045,0.009233333,97944.16667,0.0,0.300000004,-0.91666668,0.203160251,3.577359639787671,0.382849230535395
2019-08-27,293.5625044,370.6708389,302.8166712,0.008954166,97660.41667,0.0,-0.945833347,-0.68750001,0.20320178,3.503066927490078,0.3642392847785746
2019-08-28,288.916671,370.3791722,301.3916712,0.008645833,97666.66667,0.0,-1.270833352,-0.170833336,0.203229321,3.330954866267489,0.3822317560509993
2019-08-29,287.4333376,366.8625055,298.4500044,0.0106375,97995.0,0.0,-1.445833355,0.087500001,0.203256241,3.031470652481433,0.561886578641516
2019-08-30,291.0375043,337.312505,296.7958378,0.009108333,98192.5,0.0,-0.566666675,0.416666673,0.203283105,2.698939481617883,0.5327445734001819
2019-08-31,289.579171,343.9250051,298.9541711,0.009258333,98057.5,0.0,-1.37500002,-0.541666675,0.203324625,3.2590967796639734,0.4747895360615202
2019-09-01,280.2458375,342.9333384,300.5125045,0.007820833,97965.41667,0.0,-0.187500003,-1.129166683,0.203366792,3.179392841940317,0.3652459612464077
2019-09-02,279.1708375,355.2833386,300.6125045,0.007429166,97975.83333,0.0,1.837500027,-0.441666673,0.203394344,4.080852998338776,0.3449478385363139
2019-09-03,280.2000042,340.8541717,298.2541711,0.008345833,98035.83333,0.0,-0.550000008,0.150000002,0.203435877,3.2984221656256905,0.4462401525157856
2019-09-04,276.8125041,348.2333385,298.8708378,0.008429166,97897.5,0.0,-0.954166681,-0.504166674,0.203448761,3.8695703061313296,0.4337190034122919
2019-09-05,272.3041707,367.9375055,300.2708378,0.008804166,97912.5,0.0,-1.57916669,-0.016666667,0.203489617,4.694995763983968,0.4168629676296637
2019-09-06,279.6583375,332.9166716,297.5125044,0.007766666,98254.58333,0.0,-0.616666676,0.995833348,0.203531776,4.129327966577148,0.4352311723962107
2019-09-07,218.1041699,332.325005,295.6083377,0.008620833,98197.91667,0.0,-1.470833355,-0.079166668,0.203559274,2.996999349233086,0.5421876587944316
2019-09-08,271.2958374,327.7375049,292.9208377,0.008870833,98101.66667,0.0,-1.537500023,-0.862500013,0.203600831,3.795123677651292,0.6584153898787759
2019-09-09,271.0958374,323.2208381,295.1041711,0.0076,97985.0,0.0,0.104166668,-0.220833337,0.203622029,3.047933210683731,0.4919615036741449
2019-09-10,267.812504,323.2291715,292.6458377,0.007329166,97820.83333,0.0,0.750000011,-0.845833346,0.203654632,3.4133543696578976,0.5518681694778358
2019-09-11,266.4708373,327.2541715,294.3708377,0.0075,98228.75,0.0,-0.266666671,-1.204166685,0.203696785,3.3946992309159865,0.5092486815819117
2019-09-12,267.637504,323.7875048,297.0583378,0.005883333,98372.5,0.0,-0.304166671,-1.645833358,0.203724342,3.591077176579746,0.3392934368469262
2019-09-13,265.600004,333.337505,298.6958378,0.0053375,98310.0,0.0,-0.608333342,-0.808333345,0.203765779,3.1771160098054136,0.2787008075211517
2019-09-14,262.8750039,343.9166718,298.9916711,0.006033333,98078.33333,0.0,-1.187500018,-0.745833344,0.203793305,3.45484166312698,0.3087764888221603
2019-09-15,248.795837,323.8000048,297.6333378,0.005558333,97633.75,0.0,-0.44583334,0.950000014,0.203820176,2.7965449412368355,0.3072598811580733
2019-09-16,205.3791697,359.1750054,295.2708377,0.007666666,97678.33333,0.900000013,1.79583336,0.500000007,0.203461937,4.509621621874791,0.4896743716379161
2019-09-17,248.045837,317.6750047,291.3500043,0.006633333,98266.66667,0.0,0.704166677,-0.370833339,0.203087043,4.072843299766551,0.5445032902266114
2019-09-18,211.8916698,340.1875051,294.2833377,0.007454166,97935.0,0.0,2.862500043,1.212500018,0.202697558,4.264041690803021,0.5073664577505923
2019-09-19,247.8875037,319.5375048,290.2583377,0.0065625,98097.08333,0.0,0.970833348,-1.662500025,0.202307517,3.963832438035423,0.5764847934102881
2019-09-20,247.020837,315.445838,293.0375044,0.0057125,98153.33333,0.0,0.004166667,-2.779166708,0.201946625,4.550583674412142,0.4211314095624446
2019-09-21,246.195837,322.4666715,296.4291711,0.0056,98146.25,0.0,0.22916667,-4.004166726,0.201557755,5.678955169308293,0.3347787940337898
2019-09-22,226.89167,332.1083383,294.6541711,0.0058875,98000.0,0.0,-1.287500019,-0.245833337,0.201182229,3.911020978436623,0.3918981016683973
2019-09-23,240.8291703,327.1458382,296.4708378,0.006579167,98052.5,0.0,1.029166682,-3.025000045,0.200792712,4.998269114808581,0.3919428698143973
2019-09-24,237.0916702,338.7208384,301.3416712,0.0054875,98332.5,0.0,0.625000009,-5.345833413,0.200417201,6.469064848734597,0.2449739957000413
2019-09-25,235.8500035,366.3833388,305.2458379,0.008,97827.08333,0.0,0.520833341,-6.525000097,0.200042306,5.296149622726372,0.2834567217520499
2019-09-26,233.4333368,358.0333387,302.9750045,0.006458333,97617.5,0.0,0.708333344,-2.195833366,0.199652794,4.532304217310848,0.2601959903766399
2019-09-27,224.1958367,339.2916717,294.4875044,0.009354166,97725.41667,0.0,2.158333365,-0.020833334,0.199277279,3.683783206217898,0.6273436160191697
2019-09-28,229.1000034,305.6291712,289.954171,0.007895833,97410.41667,0.0,-0.212500003,-1.075000016,0.198894148,2.790310665290017,0.7023066088074713
2019-09-29,213.6625032,280.9291709,286.8958376,0.004020833,97712.08333,0.0,1.125000017,-0.125000002,0.198503711,2.4321922551622848,0.437528451191313
2019-09-30,221.4000033,287.0875043,284.9125042,0.004954167,97985.83333,0.0,0.537500008,-0.654166676,0.198134525,2.4557159208512287,0.6164907839887651
2019-10-01,226.4250034,277.3250041,286.0416709,0.0044125,98197.91667,0.0,0.137500002,-2.345833368,0.197751507,2.8095744327779224,0.5104904832502428
2019-10-02,225.1125034,275.3250041,287.841671,0.003295833,98268.75,0.0,-0.270833337,-0.758333345,0.19736905,2.2656062113562503,0.3390264546784872
2019-10-03,222.9375033,286.0166709,288.9958376,0.004716667,98125.0,0.0,-0.495833341,-0.575000009,0.196988779,2.218564606534896,0.4495000329596662
2019-10-04,220.66667,276.0500041,289.104171,0.004008333,98426.25,0.0,1.304166686,-1.116666683,0.196604704,2.445943786913201,0.3804965806963567
2019-10-05,215.8541699,292.6333377,290.5958377,0.003208333,98671.66667,0.0,0.45833334,-1.812500027,0.196234545,2.808903700905733,0.2774405482174701
2019-10-06,211.9041698,305.6708379,295.7291711,0.0033,98467.5,0.0,0.316666671,-4.333333398,0.195842314,4.39121175763782,0.2065793296889194
2019-10-07,209.5250031,324.1333382,293.929171,0.00385,98296.25,0.0,-0.212500003,-1.020833349,0.195467725,2.525225888352022,0.2688622931881991
2019-10-08,204.2541697,316.7166714,293.6333377,0.004970833,97889.58333,0.0,-1.020833349,-0.683333344,0.19508477,2.2718850864344726,0.3521218817438629
2019-10-09,215.5000032,287.6500043,291.9375044,0.003804167,97886.66667,0.0,0.870833346,-4.066666727,0.194701517,3.5463032857495285,0.299709189190978
2019-10-10,215.9000032,248.8916704,291.1625043,0.001395833,98363.33333,0.0,0.47083334,-7.84583345,0.194338007,5.184769257067067,0.1160640539734309
2019-10-11,211.1916698,258.8958372,290.1083377,0.001608333,98388.33333,0.0,0.083333335,-2.691666707,0.193949316,2.655540593207305,0.1430711288360943
2019-10-12,206.5458364,273.2791707,288.7083376,0.0024125,98098.75,0.0,-0.379166672,-0.733333344,0.193559494,1.6478846695993628,0.2341654817294877
2019-10-13,202.8416697,282.8000042,288.8125043,0.0032875,97792.08333,0.0,-1.316666686,-0.21666667,0.193184292,1.9528434932847087,0.3159605578227825
2019-10-14,201.2541697,276.0750041,289.2833376,0.003491667,97950.41667,0.0,-0.387500006,-0.595833342,0.192795106,1.4698014193934317,0.3260582032977551
2019-10-15,197.1333363,283.1375042,289.691671,0.003933333,98342.91667,0.0,-0.862500013,-0.500000007,0.192426815,1.632544316637957,0.3592075900180662
2019-10-16,170.7833359,302.2416712,288.8625043,0.004208333,98198.75,0.0,-1.091666683,0.625000009,0.191425102,1.7038289807075917,0.4048317537483534
2019-10-17,190.6833362,316.9625047,290.616671,0.006079167,97829.16667,0.0,1.733333359,0.587500009,0.190395808,2.16809382414059,0.520514974099941
2019-10-18,150.3750022,303.3375045,288.4458376,0.005195833,98243.75,0.0,0.200000003,-0.716666677,0.189362954,1.102226278493221,0.5137397939398674
2019-10-19,145.2875022,311.4166713,289.3208376,0.006429167,98280.83333,0.0,0.554166675,-0.195833336,0.18832975,0.9866947077565762,0.6009381376190259
2019-10-20,179.3666693,306.9583379,288.5333376,0.0057375,98542.91667,0.0,0.112500002,-1.412500021,0.18731116,1.5734363057426286,0.5658037445460585
2019-10-21,180.270836,312.1500047,291.8750043,0.005,98705.41667,0.0,0.520833341,-2.387500036,0.186278579,2.0602002494723872,0.3987879330004902
2019-10-22,179.3875027,310.6500046,294.3708377,0.004904167,98847.5,0.0,0.495833341,-3.508333386,0.185245366,2.4497960416935785,0.3350896183767594
2019-10-23,178.770836,313.6250047,297.8375044,0.004875,98485.41667,0.0,0.91666668,-6.016666756,0.184212149,3.4275690073200877,0.2685074189280073
2019-10-24,179.8875027,291.354171,298.4250044,0.002254167,98481.66667,0.0,0.70000001,-6.345833428,0.183193559,3.29051843785043,0.1198390685199339
2019-10-25,176.4541693,300.0083378,294.3041711,0.002529167,98627.91667,0.0,-0.066666668,-1.737500026,0.182160982,1.571103532676004,0.1731415627991235
2019-10-26,176.195836,300.3375045,292.7125044,0.003458333,98121.66667,0.0,0.170833336,-1.537500023,0.181127766,1.4549633105111914,0.2601140770382593
2019-10-27,178.845836,253.1250038,289.216671,0.002470833,97983.33333,0.0,0.541666675,-8.316666791,0.180109175,3.2068201409742096,0.2318028119538364
2019-10-28,175.4958359,240.5083369,287.8208376,0.001425,98443.33333,0.0,0.441666673,-4.729166737,0.179076526,2.2049430484309767,0.1470429541086408
2019-10-29,173.4125026,254.5458371,284.9291709,0.0016875,98227.08333,0.0,-0.083333335,-3.237500048,0.178049149,1.64954346428559,0.2102734607809843
2019-10-30,174.0666693,227.5625034,285.8833376,0.000879167,98610.41667,0.0,0.750000011,-5.150000077,0.17700734,2.1958193457680304,0.1032160147039294
2019-10-31,169.0625025,246.9375037,284.9416709,0.001275,99018.33333,0.0,0.183333336,-1.275000019,0.175992417,0.933625833286067,0.1600194800333702
2019-11-01,161.4708357,257.0916705,285.5875043,0.001754167,98789.58333,0.0,-0.279166671,-1.025000015,0.174969729,0.8402621782949486,0.2104050148603265
2019-11-02,157.5833357,275.5041708,286.5291709,0.0024125,98717.5,0.0,-0.358333339,-0.787500012,0.173932026,0.8755785880140181,0.271695388128435
2019-11-03,155.516669,282.7791709,288.279171,0.0026875,98378.33333,0.0,-0.362500005,-0.483333341,0.172908313,0.7724742710454311,0.2689872835832312
2019-11-04,152.5875023,292.7625044,288.5458376,0.003579167,98192.91667,0.0,-0.500000007,-1.087500016,0.171870614,1.0454394481596223,0.351421049513548
2019-11-05,152.3125023,289.4750043,288.979171,0.004095833,98349.58333,0.0,-0.450000007,-0.833333346,0.170846898,0.8716691574391298,0.3916492936853774
2019-11-06,146.1416688,308.1875046,288.904171,0.004191667,98301.66667,0.0,-0.475000007,-0.258333337,0.169809198,0.8966768044120003,0.4025648420982626
2019-11-07,147.7000022,284.3708376,288.629171,0.0042125,98413.33333,0.0,-0.425000006,-0.795833345,0.168785486,0.7507887065449412,0.4123000094044786
2019-11-08,145.3666688,288.654171,289.0125043,0.004029167,98778.75,0.0,0.116666668,-1.025000015,0.167762406,0.8252478842155738,0.38612325227969
2019-11-09,143.2250021,290.5875043,289.0708376,0.0036625,98714.58333,0.0,-0.629166676,-0.595833342,0.166724706,0.7868416303275251,0.3494376683578065
2019-11-10,140.6416688,297.8166711,289.8125043,0.003629167,98468.33333,0.0,-0.037500001,-1.462500022,0.165700994,1.0662101168283498,0.3292870212187289
2019-11-11,130.5333353,317.4541714,292.5708377,0.004783333,98402.5,0.0,0.170833336,-3.637500054,0.164663291,1.834984719756105,0.3640254695941957
2019-11-12,125.9833352,327.4500049,289.2708376,0.005475,98477.5,0.0,-0.479166674,-0.42083334,0.163639579,0.905901767640678,0.5144310389150709
2019-11-13,132.725002,298.9125045,288.679171,0.005654167,98270.41667,0.0,-0.704166677,-0.575000009,0.162616502,0.7036202607792809,0.5508127308494014
2019-11-14,120.7583351,311.5375046,288.179171,0.005533333,98215.83333,0.0,-0.291666671,-0.391666673,0.161578799,0.6487835839074245,0.5565133154487492
2019-11-15,114.5875017,312.3291713,286.0958376,0.006591667,98688.75,0.0,-0.583333342,-0.070833334,0.160555087,0.6354919938444955,0.7636731870456817
2019-11-16,127.8833352,297.5250044,288.179171,0.005975,98712.91667,0.0,0.279166671,-2.158333365,0.160075414,0.8889082014222616,0.6039752479517704
2019-11-17,128.7458353,307.6541713,288.5250043,0.004054167,98586.66667,0.0,0.0,-2.041666697,0.159633991,1.219233843479601,0.4001955427453477
2019-11-18,125.0375019,307.5791712,288.4250043,0.005370833,98252.5,0.0,-0.970833348,-1.150000017,0.159163957,0.9059333495331516,0.5318088974494939
2019-11-19,127.2583352,297.5708378,288.5083376,0.006083333,97498.75,0.0,-1.300000019,-0.529166675,0.158707272,0.7313808336025419,0.5945146558325878
2019-11-20,126.9541686,286.2833376,288.304171,0.004458333,98602.5,0.100000001,2.429166703,-9.308333472,0.158251225,2.4087891561111,0.4465177614354456
2019-11-21,125.2916685,274.4041708,286.4166709,0.003179167,99082.5,0.0,-0.429166673,-4.125000061,0.157809802,1.462748702244081,0.3620365037982208
2019-11-22,124.6458352,267.400004,283.2583376,0.004166667,98519.58333,0.0,-0.016666667,-0.712500011,0.157354391,0.4515447323984818,0.582625478709928
2019-11-23,124.9541685,271.0416707,284.5666709,0.0042875,98916.66667,0.0,0.337500005,-1.733333359,0.156898345,0.6661986228327252,0.5511982405289513
2019-11-24,114.2250017,272.1291707,284.3916709,0.003495833,98820.83333,0.0,0.154166669,-0.929166681,0.156456922,0.4691464336014944,0.4542818468269631
2019-11-25,124.0458352,259.9750039,283.0500042,0.003195833,98505.41667,0.0,0.24166667,-2.600000039,0.156001508,0.823605502042558,0.4531580080013682
2019-11-26,72.43333441,267.6541707,280.0458375,0.002591667,98250.0,1.000000015,0.600000009,-1.220833352,0.155530838,0.4949497898980419,0.4504455501662551
2019-11-27,59.05000088,318.0250047,280.1500042,0.004279167,96364.58333,16.30000024,4.054166727,0.983333348,0.164797184,37.75841019444448,0.7242124400926879
2019-11-28,65.87083431,292.7125044,277.0416708,0.003854167,96864.16667,0.0,1.129166683,-1.745833359,0.160887565,11.055868248884096,0.8158148465093863
2019-11-29,119.5500018,233.4833368,277.3791708,0.003429167,97212.08333,0.0,0.287500004,-1.012500015,0.158123627,6.024733925638811,0.7111854441192448
2019-11-30,58.2458342,289.591671,276.6125041,0.003783333,98265.41667,2.00000003,-1.220833352,-0.337500005,0.163392169,6.72567384642039,0.8376658150843586
2019-12-01,35.27916719,335.150005,276.9625041,0.0049125,98035.0,42.70000064,-1.112500017,0.025,0.211135455,13.965103251343638,1.0583541594285548
2019-12-02,48.97500073,350.3000052,280.2625042,0.0061625,98378.33333,24.50000037,-0.412500006,-1.100000016,0.178799984,20.03444136946217,1.0564675666547405
2019-12-03,82.28750123,352.8125053,284.9416709,0.007620833,98676.25,0.0,0.366666672,-2.541666705,0.161193694,19.81669369432664,0.9531519472363577
2019-12-04,38.14166724,341.1375051,284.1000042,0.0074875,97972.08333,3.200000048,0.033333334,-1.35000002,0.154206886,7.024541209274096,0.9837121557605092
2019-12-05,44.37083399,351.4708386,283.3541709,0.007445833,98272.91667,0.0,-0.333333338,-0.270833337,0.152263108,10.547314353087575,1.0318347518346953
2019-12-06,49.1166674,353.9708386,285.0041709,0.0080625,98337.08333,0.0,-1.116666683,0.616666676,0.151219595,9.021504996113164,1.0007435168837504
2019-12-07,42.6041673,352.9833386,286.3750043,0.008191666,97900.41667,35.50000053,-1.212500018,5.333333413,0.150567091,22.408673080406444,0.9242567683746412
2019-12-08,67.55416767,336.3958383,285.4500043,0.007441666,98006.25,0.900000013,-0.387500006,0.966666681,0.150088157,11.776706231593131,0.8936456751880612
2019-12-09,109.208335,277.0333375,283.0000042,0.006108333,98640.0,0.0,0.712500011,-1.187500018,0.149646733,7.500420084435896,0.8702686690364516
2019-12-10,85.71250128,283.5458376,281.1083375,0.0059,98930.0,0.0,-1.154166684,-0.158333336,0.149191323,3.9229525243270698,0.9593912021978932
2019-12-11,29.61250044,345.8583385,282.6541709,0.0072625,98947.91667,8.800000131,-0.86666668,0.137500002,0.148735277,9.257261944443457,1.0625977525771844
2019-12-12,71.5958344,361.1750054,284.8250042,0.008233333,98887.91667,4.200000063,-0.075000001,1.420833355,0.148279227,26.861669080548378,1.0400388214154552
2019-12-13,33.38333383,340.3500051,285.1916709,0.0075625,98889.58333,0.300000004,0.508333341,1.020833349,0.14782318,5.199248113302076,0.9322302173584234
2019-12-14,105.2875016,294.0333377,284.2041709,0.006170833,98273.33333,0.0,0.704166677,0.44583334,0.147367134,11.466671804192313,0.8075499005712022
2019-12-15,86.63333462,276.0250041,280.6750042,0.004495833,98458.33333,0.300000004,1.870833361,-0.987500015,0.146911088,9.77304914500093,0.7496541962839205
2019-12-16,108.1083349,259.7291705,279.2708375,0.004429167,99216.66667,0.0,0.625000009,-1.937500029,0.146595206,7.535023191201894,0.8205271562280393
2019-12-17,97.19583478,263.0916706,278.3375041,0.003975,99143.75,0.0,-0.716666677,-1.087500016,0.146300041,5.401621183549724,0.7856635260104726
2019-12-18,29.3041671,323.3250048,278.6750042,0.0047,98379.16667,11.70000017,-0.808333345,-1.341666687,0.145990889,11.21247462194014,0.9001663825227244
2019-12-19,31.78333381,347.1375052,280.0583375,0.006020833,98660.41667,0.0,-1.037500015,-0.104166668,0.145681102,10.62219942641458,1.0499121898271886
2019-12-20,80.74166787,322.0750048,281.9958375,0.006866666,98909.58333,0.0,-1.083333349,0.862500013,0.145371314,11.297853024166802,1.0503984030117253
2019-12-21,76.61666781,297.5541711,281.5375042,0.006616666,98382.5,0.0,-1.050000016,-0.112500002,0.145061523,4.523266164450863,1.038868009896302
2019-12-22,33.5500005,337.7083384,280.7041708,0.00595,97478.33333,7.700000115,-1.129166683,0.179166669,0.144766358,12.356907542192612,0.9802754096789436
2019-12-23,101.8500015,277.3083375,280.2208375,0.0048875,97847.5,0.0,1.550000023,-1.533333356,0.144457206,14.536703004915312,0.8357786897514553
2019-12-24,100.6833348,251.6500037,277.9166708,0.004329167,97802.91667,0.0,0.095833335,-0.541666675,0.144147418,4.506993913940507,0.8695395441616548
2019-12-25,53.67916747,308.5375046,278.8916708,0.0051875,97818.75,3.800000057,-1.275000019,-0.166666669,0.14383763,8.519173808682181,0.972964363185525
2019-12-26,105.0666682,261.0125039,280.6375042,0.004270833,97947.91667,0.0,1.070833349,-5.61666675,0.143527843,26.92292728259318,0.7102835992043838
2019-12-27,105.5916682,239.3958369,281.3500042,0.002958333,98359.16667,0.0,1.12083335,-3.941666725,0.143232678,22.50647070491381,0.4703891733194551
2019-12-28,92.98333472,257.4458372,280.2250042,0.003383333,98637.91667,0.0,0.516666674,-1.458333355,0.142923526,6.522763281327418,0.5830662495959779
2019-12-29,44.64166733,317.8000047,280.6750042,0.004745833,98569.58333,6.500000097,-0.991666681,-0.562500008,0.142613738,10.229127957089744,0.7922344037785924
2019-12-30,104.6833349,295.9375044,281.6291709,0.00535,98558.33333,6.000000089,0.887500013,-3.483333385,0.142303951,31.209912257875025,0.8362182439365572
2019-12-31,85.92916795,276.3750041,285.7458376,0.004591667,98712.5,0.0,0.829166679,-5.450000081,0.142008786,42.48529895550728,0.5445696461537216
2020-01-01,66.800001,318.5875047,282.4791709,0.0058,98655.41667,0.0,-0.620833343,-1.137500017,0.141699634,9.545372540209202,0.8562422860595591
2020-01-02,91.47916803,285.8625043,282.0875042,0.005416667,98602.5,0.0,0.483333341,-1.250000019,0.141389846,6.7620188385760525,0.820860263111518
2020-01-03,104.2041682,262.0791706,282.2208375,0.0044,98808.75,0.0,-0.045833334,-1.204166685,0.141080055,5.185405771972014,0.6621306122925794
2020-01-04,97.56250145,288.0208376,282.0500042,0.005441667,99168.75,0.400000006,-0.312500005,-0.112500002,0.14078489,5.332871040588021,0.831512325309146
2020-01-05,104.3458349,271.712504,281.5416709,0.004466667,99731.66667,0.0,-0.179166669,-0.233333337,0.140475738,3.69733220335728,0.7107154990302977
2020-01-06,104.9875016,253.1666704,280.8458375,0.004054167,99894.16667,0.0,0.508333341,-1.470833355,0.140165951,3.1857386974634387,0.6778231999051648
2020-01-07,91.50000136,260.7166706,278.8083375,0.004391667,99128.75,0.0,-1.212500018,-0.112500002,0.139856163,1.7378132855147692,0.8396238364589822
2020-01-08,82.91250124,288.929171,279.1250042,0.005308333,98516.25,0.0,-0.375000006,-0.425000006,0.139546375,2.5119445204380693,0.9864675659940771
2020-01-09,91.54166803,305.5541712,280.4583375,0.00555,98311.25,3.900000058,-0.554166675,-0.037500001,0.139236588,8.562651884956809,0.9380007331995082
2020-01-10,84.92916793,262.6458372,278.9875042,0.004175,98981.66667,0.0,0.437500007,-1.225000018,0.1389268,2.6979124835441306,0.7870643708479385
2020-01-11,102.3666682,273.5416707,282.2666709,0.005066667,98905.0,0.70000001,2.637500039,0.808333345,0.138617012,5.897093116312448,0.7608133792744463
2020-01-12,78.56666784,265.537504,279.6208375,0.004358333,98787.91667,0.200000003,1.016666682,-0.329166672,0.138321848,1.610577286050267,0.7845109875378932
2020-01-13,52.43333411,285.6791709,280.4833375,0.004775,98557.91667,0.800000012,1.895833362,0.762500011,0.138012696,1.730994898661513,0.8076445702692965
2020-01-14,101.5166682,280.1291708,282.4541709,0.0047125,98501.66667,0.0,2.158333365,1.320833353,0.137702908,4.931971329656404,0.6957962678057845
2020-01-15,74.1250011,286.4875043,277.7541708,0.004004167,98518.75,0.0,-0.741666678,0.325000005,0.13739312,2.523979488992194,0.8195155031294338
2020-01-16,55.08750082,329.1250049,280.2416708,0.004779167,97570.0,18.20000027,-0.929166681,3.32500005,0.137856081,30.22525747464214,0.8137588817865439
2020-01-17,79.43333452,287.7250043,278.0625041,0.004308333,98581.66667,0.0,-0.766666678,1.358333354,0.138338021,10.242046060452614,0.8633035624337324
2020-01-18,106.8166683,277.6333375,278.7041708,0.004441667,99309.16667,0.0,-1.016666682,-0.787500012,0.138819321,10.681287294860464,0.8569733018353811
2020-01-19,107.3791683,272.7458374,280.5375042,0.0044875,98997.91667,0.0,-0.179166669,-1.704166692,0.139300625,9.314902031364296,0.7595528338976543
2020-01-20,72.49166775,305.5166712,281.1916709,0.005325,98450.41667,0.0,-0.779166678,-0.366666672,0.139796551,5.823387957199115,0.8567645893533021
2020-01-21,37.34166722,329.4500049,282.2208375,0.005970833,98329.16667,3.000000045,-1.183333351,1.450000022,0.140278487,6.316431711119126,0.8941551214856411
2020-01-22,49.67916741,341.3750051,282.9458375,0.006341667,98807.91667,0.200000003,-0.479166674,0.487500007,0.140759791,8.087388015831365,0.9083813709374424
2020-01-23,55.35000082,319.1750048,282.0250042,0.005975,99053.33333,0.0,-0.862500013,-0.475000007,0.141255714,4.714099621985247,0.9135049357617984
2020-01-24,65.58750098,332.287505,282.4583375,0.006554167,98663.33333,0.0,-1.020833349,-0.25416667,0.141737654,6.366879678606875,0.9690299415814468
2020-01-25,44.47916733,341.2958384,284.4250042,0.007404166,98703.75,0.0,-1.470833355,0.19166667,0.142233581,3.363937488019732,0.958882820969627
2020-01-26,109.883335,341.3000051,287.1583376,0.0077125,98529.58333,6.400000095,1.645833358,1.266666686,0.142715517,26.15397707806096,0.8318036502102929
2020-01-27,67.150001,314.2875047,285.3875043,0.005804167,99154.16667,0.0,1.54166669,-0.620833343,0.143211443,9.073631636151218,0.7081040919005736
2020-01-28,114.4791684,305.7500046,285.7416709,0.006504167,99160.0,0.0,0.708333344,2.420833369,0.143693379,13.276709600301425,0.7751024416319101
2020-01-29,92.16666804,289.3750043,284.7916709,0.0063625,99112.08333,0.0,0.804166679,-1.387500021,0.144174683,4.440924895793852,0.8073323685604717
2020-01-30,126.5208352,306.5250046,286.2208376,0.005804167,98950.83333,0.0,-0.125000002,-0.929166681,0.144670606,9.8212930002689,0.6686760280657205
2020-01-31,95.21250142,296.3708377,285.6958376,0.006041667,99150.41667,0.0,0.029166667,-1.162500017,0.145152545,3.9700369823751984,0.7221086956071916
2020-02-01,142.6708355,271.9250041,284.8250042,0.0066,99292.91667,0.0,0.45833334,-0.562500008,0.145633849,4.506732931693913,0.8371298838088339
2020-02-02,146.8250022,277.6458375,284.5750042,0.005745833,98587.91667,0.0,0.583333342,-1.195833351,0.146129772,5.060072735285058,0.7358149557343535
2020-02-03,152.8875023,219.7250033,279.5083375,0.0022875,98660.41667,0.0,1.77083336,-3.620833387,0.146611712,4.60263993894402,0.4144635395659324
2020-02-04,146.5291689,222.9375033,280.6208375,0.002058333,99047.5,0.0,0.350000005,-5.754166752,0.147093012,5.301895218877298,0.3465640883331856
2020-02-05,135.4583354,262.4750039,281.8000042,0.002691667,99072.5,0.0,-0.045833334,-2.362500035,0.147588939,3.8441822757789046,0.4179874111279949
2020-02-06,151.6666689,274.8500041,283.6500042,0.004833333,98856.25,0.0,-0.295833338,-1.358333354,0.148070878,3.268918567232008,0.6604464018493466
2020-02-07,157.5375023,256.5375038,283.4916709,0.005254167,98665.0,0.0,-0.670833343,-1.029166682,0.148552178,2.2972207742608663,0.7242604570648056
2020-02-08,158.741669,255.5375038,282.9041709,0.005275,98485.41667,0.0,-1.012500015,-1.625000024,0.149033482,2.097141132958176,0.7552577473734281
2020-02-09,162.7791691,237.1375035,284.3416709,0.002783333,98592.5,0.0,0.695833344,-7.79583345,0.149529405,5.605774265286049,0.3620690609941768
2020-02-10,163.1000024,239.5875036,287.2416709,0.002483333,98592.5,0.0,0.587500009,-7.429166777,0.150011345,6.5021200903570815,0.2665419498837832
2020-02-11,163.8041691,256.5875038,290.3333377,0.002916667,98600.0,0.0,-0.087500001,-6.845833435,0.150492648,7.006953539350317,0.2562967323472873
2020-02-12,164.7583358,265.3958373,287.4166709,0.003441667,98475.0,0.0,0.025,-3.425000051,0.150988572,3.995232735258264,0.3647581031772416
2020-02-13,166.3583358,257.9583372,284.1708376,0.003545833,98342.08333,0.0,-0.22916667,-1.366666687,0.151470511,2.385002408684424,0.4653929073511092
2020-02-14,167.3500025,266.1583373,282.4458375,0.0052375,98417.5,0.0,-0.720833344,-0.68750001,0.151951811,2.078737115535289,0.7730899417726113
2020-02-15,139.6375021,283.9666709,283.6125042,0.005483333,98751.25,0.0,-0.666666677,-0.450000007,0.152433115,1.8356670824187544,0.7503650711185996
2020-02-16,133.662502,324.7041715,285.5958376,0.005191667,98781.66667,0.0,-1.300000019,-1.125000017,0.152941262,3.0784945749003194,0.622324454316176
2020-02-17,174.9041693,270.3958374,286.4250043,0.003979167,98700.41667,0.0,1.441666688,-3.670833388,0.153435957,4.212047250650468,0.451143290410554
2020-02-18,168.3583358,258.5541705,285.4041709,0.002391667,98466.66667,0.0,1.045833349,-3.887500058,0.153944635,4.578786627147214,0.2894375075895455
2020-02-19,179.8500027,243.570837,282.6625042,0.00285,98514.58333,0.0,-0.004166667,-1.475000022,0.15443933,2.3598917013975185,0.4149305327379373
2020-02-20,166.1500025,273.9541707,283.4916709,0.0036,98655.0,0.0,-0.21666667,-1.283333352,0.154948009,2.5070241892329923,0.4961915720942304
2020-02-21,173.7083359,276.1333374,285.4791709,0.003704167,98619.58333,0.0,0.358333339,-1.679166692,0.155442704,2.8986488698079245,0.4467383082758653
2020-02-22,182.0375027,270.7791707,287.0041709,0.003558333,98192.91667,0.0,0.429166673,-2.2666667,0.155947664,3.3508235610069472,0.3863479530261143
2020-02-23,180.070836,273.4916707,283.4791709,0.005395833,98697.91667,0.0,-0.67500001,-0.787500012,0.15643843,2.166813846502992,0.7446649627626567
2020-02-24,187.7500028,267.037504,284.1041709,0.004779167,99407.5,0.0,0.333333338,-1.954166696,0.156943284,2.4691765384889157,0.636910793390868
2020-02-25,189.4750028,266.3916706,290.5500043,0.003025,99259.58333,0.0,0.900000013,-5.40000008,0.157434271,5.898020811577028,0.2639162349383159
2020-02-26,174.4750026,279.8875042,288.2458376,0.0040625,99237.5,0.0,-0.43333334,-2.408333369,0.157939273,3.0750285730743108,0.411049287987534
2020-02-27,192.8041695,277.2375041,287.2541709,0.004841667,99117.5,0.0,-0.266666671,-1.254166685,0.158430328,2.583006111605415,0.5220069479158553
2020-02-28,178.8541693,286.5083376,287.3708376,0.004745833,98756.66667,0.0,-0.779166678,-0.354166672,0.158949788,2.356713738371455,0.5059314916137415
2020-02-29,194.5208362,281.3791709,287.2250043,0.004108333,98265.41667,0.0,-0.45833334,-0.47083334,0.15944135,2.5732091309509038,0.4399743869473593
2020-03-01,210.3166698,293.729171,284.7750042,0.002945833,98167.08333,0.0,0.387500006,-5.045833409,0.159946298,5.710474256637126,0.3706429431431975
2020-03-02,217.8166699,242.4500036,286.7500043,0.001991667,98539.16667,0.0,-0.308333338,-8.200000122,0.160437348,7.91999542311996,0.2206640685235594
2020-03-03,220.67917,278.8916708,292.079171,0.0043625,98443.75,0.0,-0.025,-5.904166755,0.16094232,7.303529336225809,0.3425771736464598
2020-03-04,223.14167,282.6583375,290.0708377,0.004208333,98407.91667,0.0,-0.212500003,-2.579166705,0.161433218,4.840496949315587,0.3753322055839261
2020-03-05,216.9500032,287.5708376,287.7458376,0.005325,98492.91667,0.0,-1.891666695,0.079166668,0.161938188,3.943419353384168,0.5524497338900053
2020-03-06,202.2833363,290.0625043,286.9833376,0.006041667,98135.83333,0.0,0.729166678,2.47083337,0.162429014,3.777470330229845,0.6564933206260982
2020-03-07,157.616669,307.8333379,285.0000042,0.005179167,97740.0,0.0,2.308333368,2.633333373,0.162933949,3.685028894756006,0.6391292764900502
2020-03-08,133.0041686,300.3083378,281.0125042,0.004491667,98023.33333,0.0,-0.054166667,0.850000013,0.163439612,2.184655536756693,0.7284838190572172
2020-03-09,181.4500027,320.6458381,283.7791709,0.004620833,98442.5,0.0,-0.133333335,-0.066666668,0.163945156,3.80739356141123,0.6233154993991806
2020-03-10,234.5166702,279.3583375,285.9000043,0.004454167,98460.0,0.0,0.366666672,-2.941666711,0.16443611,5.470999665722784,0.5215546032651985
2020-03-11,230.9833368,285.0208376,287.2416709,0.004866667,98278.75,0.0,-0.66250001,-1.266666686,0.164941077,4.833575065517168,0.5206885007495904
2020-03-12,240.4041702,287.0833376,288.7375043,0.005020833,98036.25,0.0,0.187500003,-2.858333376,0.165432014,6.40355453179385,0.4861096867027056
2020-03-13,244.5250036,273.9500041,291.054171,0.003025,97246.66667,0.300000004,0.779166678,-2.775000041,0.16593965,7.719308697849872,0.2503922558777839
2020-03-14,145.8791688,291.604171,283.9916709,0.004658333,97674.58333,0.0,2.900000043,3.075000046,0.166437545,3.8797876981397614,0.6146164885696336
2020-03-15,136.275002,310.4500046,280.3166708,0.003958333,97848.33333,8.300000124,0.804166679,2.425000036,0.166934979,22.867722375922057,0.6724107754304889
2020-03-16,133.9458353,314.5125047,279.5041708,0.003954167,98080.0,0.500000007,-0.258333337,-0.025,0.166813092,15.800420135721197,0.7124329759248719
2020-03-17,182.7208361,305.5416712,280.0041708,0.004629167,97968.33333,0.600000009,-0.608333342,1.825000027,0.166635028,16.69193060576977,0.8045932132281964
2020-03-18,110.820835,315.5375047,280.4000042,0.004658333,97907.91667,1.100000016,0.133333335,1.070833349,0.166484943,11.072762831435814,0.7872444832247271
2020-03-19,246.9625037,275.7791708,279.8708375,0.004741667,98081.66667,0.300000004,-0.225000003,-1.012500015,0.166321502,17.32181663957261,0.8327848055852175
2020-03-20,244.3916703,282.3375042,281.7375042,0.004575,98740.0,0.0,-0.791666678,-0.562500008,0.166157425,14.530000063262776,0.7111022589765769
2020-03-21,251.6500037,267.9083373,283.8041709,0.004308333,98727.91667,0.0,-0.129166669,-0.825000012,0.165993352,11.62071384387499,0.5818657157551281
2020-03-22,260.3791705,279.5791708,285.2958376,0.0051875,98560.0,0.0,-0.720833344,0.008333333,0.165843898,10.82724548271942,0.6329272006044636
2020-03-23,256.4166705,284.9250042,285.9541709,0.005358333,98123.33333,0.0,1.612500024,0.575000009,0.165680461,8.104227573628485,0.6230424760133907
2020-03-24,147.9708355,286.8375043,282.8375042,0.0048875,98442.5,3.000000045,2.970833378,3.312500049,0.165516385,8.891734415671717,0.7026442257230615
2020-03-25,238.8208369,273.5916707,280.8458375,0.004225,98335.0,0.900000013,1.250000019,0.416666673,0.165352308,14.768403324811526,0.6953596759157278
2020-03-26,259.5625039,278.7583375,279.7541708,0.003754167,98324.16667,0.0,0.408333339,-1.754166693,0.165188235,11.769316373114284,0.6663681692747471
2020-03-27,238.2583369,263.5708373,281.6375042,0.0036,98382.08333,0.0,-0.68750001,-1.291666686,0.165024158,8.712686693042848,0.5613618171161385
2020-03-28,142.9875021,332.1958383,282.8208375,0.005020833,98682.08333,0.100000001,0.158333336,0.033333334,0.164874708,8.57730737216108,0.7243886714272071
2020-03-29,157.1833357,331.8250049,283.6000042,0.005970833,98560.0,2.200000033,0.500000007,1.483333355,0.164711267,11.101482560287206,0.8161825397663491
2020-03-30,126.3125019,332.2083383,285.6833376,0.0059375,98768.33333,0.0,1.025000015,3.245833382,0.164547194,6.938244125756162,0.7075103102990947
2020-03-31,227.1708367,315.845838,287.4750043,0.006508333,98754.58333,0.0,1.416666688,1.604166691,0.164383118,9.981498668557094,0.6890961270283105
2020-04-01,294.2375044,274.5250041,285.2916709,0.0043625,98175.0,0.0,1.137500017,-1.654166691,0.164219041,9.823038115880408,0.5303367824472911
2020-04-02,302.8916712,240.8750036,284.8708376,0.002425,98357.08333,0.0,0.475000007,-3.612500054,0.164054968,8.799956617361984,0.3037514641023095
2020-04-03,299.1041711,249.7250037,284.7083376,0.002908333,98375.83333,0.0,-0.712500011,-0.66250001,0.163890891,7.841783492932543,0.3683409193791535
2020-04-04,108.6375016,312.433338,284.2458376,0.004875,97749.58333,6.100000091,-0.354166672,0.400000006,0.163741441,11.94143413994396,0.6327972024521329
2020-04-05,163.8125024,332.1000049,284.1541709,0.005620833,97090.83333,5.800000086,0.91666668,3.825000057,0.163563378,50.89702647814538,0.7291673005516598
2020-04-06,184.6083361,307.7083379,281.2875042,0.004258333,97481.25,0.0,-0.562500008,-0.512500008,0.163413288,27.315202145405323,0.6739413049012456
2020-04-07,236.7166702,293.1250044,284.5333376,0.005329167,98334.16667,0.300000004,-0.387500006,-0.300000004,0.163249851,26.786362722728114,0.6826016475194587
2020-04-08,296.5083378,287.2916709,288.0333376,0.00605,98096.66667,0.0,-0.812500012,-2.387500036,0.163100397,26.42743091812369,0.6135336861563477
2020-04-09,289.2750043,295.0125044,285.8541709,0.007591666,98136.66667,0.0,-1.533333356,-0.858333346,0.162922337,16.095873971046043,0.8887109199850222
2020-04-10,279.2083375,335.0791717,288.3500043,0.006820833,98349.16667,0.0,-1.429166688,0.666666677,0.162772248,16.76656077916863,0.6793496357132637
2020-04-11,306.5000046,312.2625047,289.3875043,0.007670833,98147.5,0.0,-0.762500011,-0.595833342,0.162608807,14.479703813137776,0.712955570050264
2020-04-12,298.2416711,319.8833381,289.8125043,0.0078125,98152.5,0.0,-0.966666681,-1.445833355,0.162444734,10.870957424699816,0.7065818365871216
2020-04-13,323.9666715,275.5833374,289.9500043,0.004720833,98423.33333,0.0,0.045833334,-3.000000045,0.16229085,10.02728766965054,0.4243812156424516
2020-04-14,324.4083382,261.8208372,290.629171,0.002475,98935.0,0.0,-0.70000001,-3.516666719,0.162125924,10.5077481392483,0.2141409212832692
2020-04-15,310.0791713,294.8416711,291.379171,0.0039375,98596.66667,0.0,-0.895833347,-1.320833353,0.161957105,9.0083807862826,0.323699456897182
2020-04-16,320.0166714,305.2541712,292.0833377,0.005558333,97944.58333,0.0,-0.745833344,-2.145833365,0.162078622,8.926815197901071,0.4341558953423083
2020-04-17,303.1291712,298.9541711,291.404171,0.004770833,97773.75,0.0,-0.933333347,-1.550000023,0.162211544,7.698575500169412,0.3883177583639112
2020-04-18,320.8541714,296.1750044,288.2500043,0.006279167,98097.08333,0.0,-0.495833341,0.900000013,0.162336645,6.978593266653476,0.627863466589237
2020-04-19,327.1125049,288.4375043,287.541671,0.006266667,98260.83333,0.0,0.133333335,1.154166684,0.16246194,6.427648208983179,0.6573197776673959
2020-04-20,206.4708364,311.0916713,287.4458376,0.006120833,98349.58333,0.0,-0.475000007,-0.670833343,0.162589695,3.882423404152938,0.6466427387221451
2020-04-21,308.1416713,299.6083378,288.679171,0.0061,98687.08333,0.0,0.554166675,-0.766666678,0.16272197,5.891317669804384,0.5967641001482107
2020-04-22,314.308338,318.9458381,292.5250044,0.0066125,98905.41667,0.0,-0.875000013,-0.304166671,0.162849012,6.46193931390479,0.507260984020751
2020-04-23,317.6416714,330.1625049,294.9458377,0.007475,98900.83333,0.0,0.91666668,-1.333333353,0.162981805,6.818082836346834,0.493181744016311
2020-04-24,313.5750047,322.0083381,295.9166711,0.005329167,98593.33333,0.0,0.304166671,-2.02500003,0.163117699,6.917736794985845,0.3302168474924111
2020-04-25,305.2958379,338.2208384,296.8625044,0.0062,98380.83333,0.0,-0.67500001,-0.929166681,0.1632393,6.262472608509707,0.3618631263492435
2020-04-26,334.9208383,323.5916715,295.4708377,0.006625,98207.08333,0.0,0.100000001,-1.333333353,0.163361505,6.41016758650285,0.4202352359056933
2020-04-27,317.2375047,320.4458381,295.1000044,0.004870833,98359.58333,0.0,1.170833351,-1.687500025,0.163481179,6.413970123081846,0.3165842531158114
2020-04-28,329.7666716,342.3333384,296.9708378,0.007654166,98484.58333,0.0,0.525000008,-1.370833354,0.163616772,6.373166054893013,0.4442738245947452
2020-04-29,297.4458378,350.5625052,297.0000044,0.009204166,98095.41667,0.0,-1.725000026,-0.033333334,0.16375295,5.664400717632718,0.5311886988370121
2020-04-30,333.825005,330.0916716,295.3458377,0.006620833,98224.58333,0.0,1.429166688,0.079166668,0.163874481,5.865766725864242,0.4232845255916327
2020-05-01,339.5375051,307.6166713,292.5708377,0.004,98315.41667,0.0,1.533333356,-0.833333346,0.164010004,5.848880779525939,0.3041421684143558
2020-05-02,279.9291708,315.2791714,292.379171,0.006141667,98258.75,0.0,1.450000022,1.233333352,0.164131593,4.634677180733398,0.4723735949783311
2020-05-03,215.8291699,303.5541712,288.8958376,0.0052,98625.83333,0.0,1.416666688,-0.429166673,0.164263254,3.029479011221261,0.5013214110459204
2020-05-04,332.0875049,291.416671,291.166671,0.003866667,98677.08333,0.0,0.333333338,-1.13333335,0.164402303,4.92687958154524,0.3224550421226174
2020-05-05,343.9750051,290.0625043,294.1750044,0.003916667,98498.75,0.0,0.020833334,-0.68750001,0.164525135,4.761528936367368,0.2699291182564302
2020-05-06,356.754172,292.266671,293.7708377,0.0046375,98673.33333,0.0,2.545833371,-2.312500034,0.164660652,6.756661000084495,0.3283165218489548
2020-05-07,349.4166719,294.8333377,297.3416711,0.002566667,98386.25,0.0,0.616666676,-4.24166673,0.164782221,7.773772436079713,0.1455207591329336
2020-05-08,342.2916718,315.095838,297.8583378,0.003554167,97951.25,0.0,-0.245833337,-1.441666688,0.164903131,5.801930490049822,0.1944517900488325
2020-05-09,339.2083384,324.3125048,298.4458378,0.005633333,97786.25,0.0,-0.912500014,-1.179166684,0.16503859,5.809934689904275,0.2970003790315873
2020-05-10,291.6250043,324.8250048,296.2625044,0.006833333,97707.91667,0.0,-0.850000013,0.691666677,0.165160111,4.531792710857607,0.4108413533751739
2020-05-11,158.7500024,325.2125048,292.5083377,0.004883333,97770.41667,2.600000039,2.187500033,3.266666715,0.165295666,8.155722447219006,0.370701555073149
2020-05-12,185.8375028,342.5000051,288.404171,0.006758333,97912.91667,1.600000024,1.729166692,3.029166712,0.165417262,10.220912091401072,0.667785925137697
2020-05-13,208.2958364,324.6375048,288.0708376,0.005866667,98162.08333,0.0,1.833333361,2.829166709,0.165552832,8.511652810549233,0.5938868521346177
2020-05-14,164.3000024,330.4000049,289.4375043,0.0064625,98353.75,0.300000004,0.516666674,1.787500027,0.165674459,6.854066160156722,0.5999757177431977
2020-05-15,323.0875048,325.7458382,290.6875043,0.00665,98480.83333,0.0,1.716666692,-0.991666681,0.165810062,11.643182175878952,0.5706006713351014
2020-05-16,183.8833361,348.3000052,293.6250044,0.006516667,98056.25,0.0,0.970833348,0.45833334,0.166304672,6.688916880532106,0.4626511567743629
2020-05-17,175.908336,361.6375054,291.2250043,0.0076375,97605.83333,1.800000027,1.733333359,2.970833378,0.16681489,10.441990921726148,0.6276742828373165
2020-05-18,216.9166699,338.700005,288.341671,0.006645833,97625.83333,7.900000118,2.358333368,2.391666702,0.167325131,59.619778804537376,0.6574072517146919
2020-05-19,313.658338,310.7000046,288.066671,0.006366667,98137.91667,0.900000013,0.737500011,-0.516666674,0.167850008,46.28990025689733,0.6445183209183295
2020-05-20,360.5458387,299.3416711,290.0375043,0.007208333,98407.08333,0.0,-0.125000002,-0.912500014,0.168360903,34.816186347401455,0.6442649546959389
2020-05-21,362.4041721,307.3541712,292.4083377,0.0071375,98338.33333,0.0,-0.829166679,-0.412500006,0.168885811,24.684417069272605,0.5484035152787599
2020-05-22,369.1208388,295.6333377,293.0500044,0.004754167,97929.16667,0.0,1.516666689,-2.2041667,0.169396755,15.87462895029387,0.3494081952128758
2020-05-23,370.6333389,282.4458375,293.8333377,0.003025,98085.83333,0.0,-0.054166667,-4.4958334,0.16990704,13.430304135401222,0.2120566231311535
2020-05-24,364.6083388,310.7000046,296.4458378,0.003941667,98133.75,0.0,0.129166669,-1.929166695,0.170417333,12.107056569822376,0.2353711773645825
2020-05-25,359.579172,340.3708384,300.6250045,0.00555,97990.83333,0.0,-0.645833343,-1.645833358,0.170942221,11.401756835571252,0.257544522643132
2020-05-26,359.491672,366.0083388,302.1666712,0.008641666,97852.08333,0.0,-1.520833356,-1.420833355,0.171453127,10.60909746437583,0.3657994098602554
2020-05-27,360.0750054,368.7791722,303.2833379,0.009504166,97833.75,0.0,-0.91666668,-1.250000019,0.171963385,9.64593165813722,0.3769620944210129
2020-05-28,358.329172,355.6500053,302.4875045,0.008470833,97777.08333,0.0,-0.516666674,-1.062500016,0.172473685,8.458691432800169,0.3516557564936918
2020-05-29,322.3958381,362.2875054,301.6958378,0.0086125,97668.33333,0.0,-1.391666687,-0.745833344,0.172983931,7.305244707389452,0.374034646352135
2020-05-30,257.4875038,373.8250056,294.8416711,0.008029166,97734.58333,0.0,2.183333366,3.341666716,0.173508813,6.555775274088759,0.526872443578782
2020-05-31,314.8125047,346.1791718,292.4125044,0.008025,98090.41667,0.400000006,-0.525000008,-0.270833337,0.174019748,7.474424761051891,0.6148781555822196
2020-06-01,327.7250049,340.6291717,294.5000044,0.008129166,98116.25,0.0,-1.416666688,0.370833339,0.174529969,6.761639453785429,0.5469452535963181
2020-06-02,349.5958385,342.1125051,298.4291711,0.0069875,98212.5,0.0,-0.933333347,-1.504166689,0.175040224,7.47966859297544,0.3703709324461653
2020-06-03,346.9166718,353.2291719,301.3458378,0.008516666,98165.83333,0.0,-1.583333357,-0.70000001,0.175550478,7.327106807727866,0.3794653225422609
2020-06-04,340.5166717,356.129172,302.4208378,0.007608333,97697.91667,0.0,-0.087500001,-1.083333349,0.176074883,6.745961159233689,0.3168219007448387
2020-06-05,342.3250051,337.700005,300.0166711,0.007925,97120.83333,0.0,0.550000008,-0.329166672,0.176598804,6.036129894309179,0.377849926776538
2020-06-06,358.4958387,307.0208379,292.8000044,0.006425,97512.5,0.0,3.004166711,-0.033333334,0.177108054,6.46163739989477,0.4776192142620184
2020-06-07,364.2833388,279.0041708,288.804171,0.004145833,98311.25,0.0,2.504166704,-1.504166689,0.177616672,5.900694011128167,0.400786087589159
2020-06-08,358.104172,286.1458376,291.029171,0.0039625,98796.25,0.0,-0.300000004,-2.575000038,0.178139909,6.055872062323058,0.333749659516425
2020-06-09,337.2833384,320.8416714,295.1625044,0.004754167,98717.08333,0.0,-0.954166681,-0.987500015,0.178649158,5.799612318348885,0.3089332518217091
2020-06-10,321.6333381,349.9041719,299.1208378,0.007391666,98419.16667,0.0,-1.391666687,-0.691666677,0.179157776,5.849217634922163,0.3766901258576246
2020-06-11,329.0916716,350.8875052,300.0166711,0.0079,98075.41667,0.0,-0.833333346,-0.275000004,0.17966639,5.3860548774195305,0.3803600751571935
2020-06-12,352.8416719,340.8250051,296.1666711,0.007125,98015.83333,0.0,2.754166708,1.866666694,0.180189627,6.751507667147475,0.4322494659628929
2020-06-13,225.4625034,329.9291716,290.3875043,0.006691666,98232.91667,0.0,1.037500015,-0.320833338,0.18069888,3.0568928828015727,0.5838037520309588
2020-06-14,338.5916717,321.9000048,292.9583377,0.007175,98252.08333,0.0,-1.508333356,-0.775000012,0.181207494,4.853637376447279,0.532111577769984
2020-06-15,331.4333383,342.6416718,297.0916711,0.007575,98093.33333,0.0,0.841666679,0.175000003,0.181730731,4.690299006056434,0.4347326685361327
2020-06-16,365.0125054,312.9500047,292.8500044,0.006525,98089.58333,0.0,0.441666673,-0.21666667,0.182353794,4.449941303344969,0.4863964025496919
2020-06-17,357.0708387,303.0375045,295.3333377,0.0047,98292.08333,0.0,-0.004166667,-4.537500068,0.182966547,6.098106351691733,0.3009190750332109
2020-06-18,367.2458388,308.5500046,300.5291711,0.003754167,98064.16667,0.0,-0.041666667,-4.820833405,0.183593291,6.298564258781495,0.1753298574186556
2020-06-19,357.641672,333.1416716,300.9166712,0.004616667,97816.66667,0.0,-1.304166686,-1.158333351,0.184206045,5.018042309883591,0.2102060531866398
2020-06-20,348.2333385,349.3291719,300.8583378,0.006945833,97868.33333,0.0,-1.237500018,-0.629166676,0.184818162,4.937478552362507,0.317514112543698
2020-06-21,350.1250052,361.2583387,301.2583378,0.008945833,97983.33333,0.0,-0.550000008,-0.462500007,0.185444902,4.739863002686981,0.3998960674216055
2020-06-22,356.9333387,370.6750055,302.3208378,0.00955,97929.16667,0.0,-1.54166669,-1.366666687,0.186057655,5.660623209045186,0.4009462618325494
2020-06-23,353.1000053,380.4375057,303.5708379,0.01035,97813.75,0.0,-1.483333355,-0.712500011,0.186669773,5.472376108002214,0.4036621659373357
2020-06-24,355.0250053,382.5541724,303.2166712,0.011183333,97568.75,0.0,-0.929166681,-0.275000004,0.187296517,5.203571968279099,0.4440713387768148
2020-06-25,355.004172,388.3625058,304.7208379,0.0116125,97383.33333,0.0,-1.466666689,-1.545833356,0.18790927,5.762645918282312,0.4220603206246345
2020-06-26,357.2875053,383.7333391,305.0000045,0.010820833,97580.83333,0.0,-1.275000019,-0.47083334,0.18853601,5.293846856975866,0.3878432490784345
2020-06-27,353.4583386,374.2958389,303.6208379,0.009691666,97509.58333,0.0,-0.504166674,0.154166669,0.189148764,4.732979181520608,0.3757248799999848
2020-06-28,353.5666719,336.4083383,297.2958378,0.009508333,97149.16667,0.0,-1.533333356,-1.125000017,0.189760881,4.838633811239819,0.533789106091018
2020-06-29,362.2041721,314.0250047,297.3583378,0.005016667,97636.66667,0.0,0.19166667,-4.716666737,0.190387621,6.428643854075566,0.281975305074873
2020-06-30,358.966672,333.6458383,298.5625044,0.005508333,97905.0,0.0,-0.737500011,-1.204166685,0.191015001,4.903459883747116,0.2887345563465597
2020-07-01,363.4583387,333.8208383,299.3250045,0.007470833,97612.91667,0.0,-1.695833359,-0.795833345,0.191627754,5.1019024218889335,0.3730332381164196
2020-07-02,367.1375055,332.8833383,299.6375045,0.007041666,97599.58333,0.0,-1.008333348,-0.641666676,0.192254495,4.776839097295596,0.3450738592943944
2020-07-03,363.8416721,331.5583383,296.1666711,0.008125,97970.83333,0.0,-1.645833358,-0.095833335,0.192867248,4.865245974847504,0.4926897552333689
2020-07-04,365.8583388,337.562505,298.6125044,0.007516666,98263.33333,0.0,-1.700000025,-0.787500012,0.193493988,5.344354582003114,0.394265147796093
2020-07-05,368.6291722,335.2458383,301.1458378,0.00595,98202.91667,0.0,-0.779166678,-0.604166676,0.194106741,4.920512641908143,0.2683412255197138
2020-07-06,366.6458388,333.1666716,300.3791711,0.0058125,97905.41667,0.0,-0.637500009,0.083333335,0.194718859,4.808672474849227,0.2734340742499923
2020-07-07,359.254172,326.0000049,297.7541711,0.006283333,97947.5,0.0,1.129166683,-0.766666678,0.195345602,5.248056762883912,0.3459206450405001
2020-07-08,363.2625054,339.6375051,299.6958378,0.006979166,97847.08333,0.0,-1.016666682,-1.316666686,0.195958356,5.856628688832532,0.3416909530795893
2020-07-09,360.866672,342.9291718,301.0666712,0.00765,97762.5,0.0,-1.250000019,-0.695833344,0.196585096,5.776063313759038,0.3450660399656773
2020-07-10,361.2750054,348.9625052,301.7041712,0.006920833,98045.0,0.0,0.245833337,-0.579166675,0.197197849,5.460243678614641,0.3015787283261517
2020-07-11,362.3916721,355.4583386,303.0416712,0.0065875,98177.08333,0.0,-0.833333346,-0.925000014,0.197809967,6.008811819341493,0.265891474750775
2020-07-12,367.3208388,338.4791717,303.4250045,0.005554167,98040.83333,0.0,-0.733333344,-1.208333351,0.198436707,5.467098726986382,0.2189589277956236
2020-07-13,359.016672,350.2708386,302.5250045,0.0078,97647.5,0.0,-0.291666671,-1.36250002,0.199049464,6.028471478806742,0.3226727931084343
2020-07-14,354.0458386,363.6208388,300.7333378,0.009854166,97753.33333,0.0,-2.175000032,-0.075000001,0.199676204,6.74805433144491,0.4532614724336567
2020-07-15,352.7708386,368.3750055,300.9666712,0.010158333,97794.58333,0.0,-1.59166669,-0.670833343,0.20030358,6.543063225958041,0.4610649718911692
2020-07-16,352.6875053,370.1916722,301.3583378,0.0098875,97690.83333,0.0,-1.858333361,-0.120833335,0.200386753,6.679613024703469,0.4380903557412992
2020-07-17,350.4791719,371.3125055,299.7791711,0.01045,97837.08333,0.0,-1.750000026,-0.237500004,0.20047551,6.56918151982794,0.509038603048588
2020-07-18,350.8083386,366.3666721,299.9125045,0.009920833,98019.58333,0.0,-1.33750002,-0.491666674,0.200550916,6.308063838670023,0.4803446279633107
2020-07-19,351.6708386,371.3500055,302.5541712,0.009954166,97954.16667,0.0,-1.087500016,-0.720833344,0.200625687,6.265835488132743,0.4123797456104999
2020-07-20,347.7041718,374.8250056,300.7041711,0.009570833,97940.83333,0.0,-0.66250001,0.008333333,0.20071508,5.991613646648796,0.44183304338176
2020-07-21,348.3166719,371.1958389,299.6458378,0.011141666,97709.16667,0.0,-1.720833359,-0.100000001,0.200790486,6.433099440693821,0.5463347817242464
2020-07-22,347.5708385,364.4125054,298.2208378,0.010104166,97487.08333,0.0,-1.645833358,0.025,0.200865256,6.301348307654466,0.5383094821215698
2020-07-23,340.3125051,346.0583385,297.8541711,0.008304166,97667.91667,0.0,-1.31250002,-0.070833334,0.200954653,5.694150265025884,0.4531283080002534
2020-07-24,345.3208385,358.5583387,300.3791711,0.0089625,97697.5,0.0,-0.091666668,-0.24166667,0.20103006,5.292471795749576,0.4207223338774506
2020-07-25,348.1166719,350.4541719,299.5416711,0.008408333,97818.75,0.0,-1.575000023,0.387500006,0.201108888,6.101249684415051,0.41533381078372
2020-07-26,345.2458385,362.1000054,301.6791712,0.008379166,97871.25,0.0,-0.883333346,-0.22916667,0.201201923,5.749311862993366,0.3650132724102212
2020-07-27,343.9583385,365.1083388,302.9416712,0.008308333,97832.5,0.0,-0.575000009,-0.350000005,0.201280966,5.504643605702525,0.3361160557542124
2020-07-28,343.7625051,365.4208388,302.8791712,0.008233333,97770.0,0.0,-0.750000011,-0.291666671,0.201344756,5.610719244292332,0.3340785305624592
2020-07-29,345.2875051,348.8416719,301.6250045,0.006833333,97726.66667,0.0,-0.754166678,-0.158333336,0.201437143,5.343666356387608,0.2981785981849644
2020-07-30,345.7583385,342.5083384,300.4666711,0.006866666,97958.75,0.0,-1.150000017,-0.062500001,0.201516198,5.577685917261715,0.3215327071851145
2020-07-31,348.0833385,332.262505,300.4458378,0.0062625,98078.75,0.0,-1.162500017,-0.016666667,0.201594589,5.398963746070578,0.2939635690017018
2020-08-01,340.4291717,324.0333382,300.1416711,0.006945833,98146.66667,0.0,-1.704166692,-0.437500007,0.201673001,5.468198397596439,0.3321920518909139
2020-08-02,322.1083381,341.5000051,300.7541711,0.007070833,98142.91667,0.0,-1.662500025,-0.620833343,0.201751386,5.489650065524196,0.3261318477408013
2020-08-03,329.4458382,347.4750052,302.1833378,0.007545833,98182.5,0.0,-0.291666671,-0.600000009,0.201829832,4.821281334899089,0.320180128551712
2020-08-04,329.0458382,344.6958385,300.8333378,0.008633333,97995.83333,0.0,-2.175000032,-0.308333338,0.201922879,5.87319440233279,0.3957514675921559
2020-08-05,325.7750049,341.4375051,297.2833378,0.009445833,97812.08333,0.0,-1.287500019,-0.004166667,0.201987268,5.050805379881006,0.5343032153471743
2020-08-06,324.1250048,338.3333384,295.3958377,0.00985,97806.66667,0.0,-2.016666697,-0.133333335,0.202079663,5.0160635907701625,0.6251288558252815
2020-08-07,319.7666714,355.3708386,298.8958378,0.0099125,97852.91667,0.0,-1.929166695,-0.375000006,0.202158714,5.277362037828032,0.5090490813822751
2020-08-08,321.5625048,361.254172,301.3583378,0.0095375,97964.16667,0.0,-1.287500019,-0.525000008,0.202237131,4.980741934545603,0.4237650947404026
2020-08-09,320.1333381,367.8000055,302.5458378,0.0099625,97932.08333,0.0,-1.220833352,-0.21666667,0.202315505,4.789966787072293,0.4128320833796248
2020-08-10,317.9791714,371.8666722,304.0458379,0.009683333,97795.83333,0.0,-1.062500016,-0.004166667,0.20239391,4.474217237380403,0.3673948248901622
2020-08-11,316.8708381,366.4416721,300.5291711,0.009054166,97714.58333,0.0,-0.925000014,0.066666668,0.202472321,4.414303270627359,0.4213468842396817
2020-08-12,319.6083381,347.2916718,298.5083378,0.009725,97802.91667,0.0,-1.616666691,0.212500003,0.202565394,4.288755697558203,0.5108886449533938
2020-08-13,318.1000047,338.9875051,301.2041712,0.006329167,97920.0,0.0,-1.004166682,-0.200000003,0.202633605,3.9509922900739274,0.2836446267202284
2020-08-14,274.3583374,383.133339,304.0041712,0.00575,98018.33333,0.0,-1.020833349,-0.44583334,0.202708196,3.569000172885498,0.2191816849335352
2020-08-15,288.9333376,402.075006,305.9541712,0.008091666,97880.0,0.0,-1.025000015,-0.791666678,0.202800592,3.4343799989260217,0.2755337424077468
2020-08-16,257.8500038,414.0583395,305.6625046,0.008304166,97927.08333,0.0,-0.583333342,0.208333336,0.202830258,3.8207008823610784,0.2876300647997498
2020-08-17,241.9458369,420.3750063,304.5916712,0.009908333,98122.91667,0.0,-0.025,-0.812500012,0.202871812,4.301738158238307,0.3655509997037698
2020-08-18,283.5791709,420.8458396,304.5666712,0.0107375,98190.41667,0.0,-0.425000006,-1.141666684,0.202899332,5.512225375333667,0.39698253242836
2020-08-19,299.6666711,391.7916725,307.5041712,0.004716667,97967.5,0.0,3.116666713,-1.212500018,0.202926222,3.57326527922275,0.1472981213497424
2020-08-20,311.158338,343.1250051,301.0083378,0.004645833,97833.75,0.0,0.43333334,-0.666666677,0.202967758,4.584247894463504,0.2104319980581264
2020-08-21,307.0333379,340.4166717,298.6791711,0.007829166,97717.91667,0.0,-1.604166691,-0.875000013,0.202995258,5.222047290542612,0.4067485688501874
2020-08-22,300.4875045,367.5291721,300.5833378,0.009729166,97800.0,0.0,-1.525000023,-0.437500007,0.203036809,5.388903709066314,0.4517070373232276
2020-08-23,297.6291711,371.6375055,301.1083378,0.009320833,97753.33333,0.0,-1.533333356,-0.508333341,0.203064341,5.459558761285781,0.4193630825920197
2020-08-24,289.7208377,397.1125059,302.0083378,0.008816666,97720.0,0.0,-1.725000026,-0.800000012,0.203091235,6.080945996341508,0.3761649017132145
2020-08-25,288.6750043,395.4958392,300.0916711,0.008354166,97668.33333,0.0,-1.470833355,-0.200000003,0.203132782,5.896619215087432,0.3987798319381496
2020-08-26,289.1125043,387.5500058,300.4500045,0.008729166,97596.66667,0.0,-1.012500015,-0.408333339,0.203160294,5.420447736720464,0.4076351349535121
2020-08-27,295.9625044,339.4458384,299.1166711,0.008391666,97552.08333,0.0,-1.379166687,-0.425000006,0.203201818,4.675875530121353,0.4239894235732175
2020-08-28,294.029171,346.8083385,300.5416711,0.008145833,97542.91667,0.0,-0.550000008,-0.883333346,0.203229328,4.483010303216435,0.3781311633792069
2020-08-29,291.304171,359.7958387,300.2250045,0.009466666,97619.58333,0.0,-1.620833357,-0.408333339,0.203256225,4.848192516506532,0.4481046976850614
2020-08-30,291.2208377,348.8000052,299.7375045,0.009508333,97716.25,0.0,-1.187500018,-0.183333336,0.203283077,4.102549154334832,0.4637431441843561
2020-08-31,287.8750043,353.2791719,300.7041711,0.007875,97628.75,0.0,-0.362500005,-1.450000022,0.203324613,4.130042441978424,0.3623872842367464
2020-09-01,285.3583376,356.9250053,302.2416712,0.006233333,97759.58333,0.0,-0.770833345,-2.487500037,0.203366782,4.3864649128552085,0.2624550667830214
2020-09-02,281.7708375,349.5916719,298.7708378,0.008404166,98106.66667,0.0,-1.462500022,-0.237500004,0.203394314,3.516423928286061,0.4359582175758525
2020-09-03,280.7958375,350.7708386,298.4166711,0.009983333,98189.16667,0.0,-1.620833357,0.058333334,0.203435885,3.2464170816766007,0.5294358742322567
2020-09-04,278.8416708,359.9458387,299.7083378,0.0093125,98085.0,0.0,-1.158333351,-0.008333333,0.203448733,2.9837606415199023,0.4566970348710216
2020-09-05,277.7875041,364.9041721,301.1750045,0.009304166,98164.16667,0.0,-1.158333351,-0.658333343,0.203489602,2.838871633227663,0.4187276847739593
2020-09-06,273.2916707,389.5166725,304.7833379,0.009333333,98242.91667,0.0,-0.779166678,-0.320833338,0.20353177,2.704786449802747,0.3409955544392903
2020-09-07,274.8208374,383.0500057,306.3041712,0.007295833,97906.25,0.0,0.0,-1.008333348,0.203559278,1.9318602332771335,0.2436226664989935
2020-09-08,280.3750042,341.6958384,304.7458379,0.004525,97491.66667,0.0,1.200000018,-4.94166674,0.203600819,1.7094232901434314,0.1644102053518922
2020-09-09,277.9125041,301.9250045,301.5250045,0.002129167,97559.58333,0.0,0.704166677,-4.029166727,0.203613772,2.271966356324062,0.093294506941188
2020-09-10,272.2166707,316.6625047,294.2083377,0.0034625,98087.08333,0.0,-0.370833339,-0.66250001,0.20365462,2.252769939866039,0.2371406388426369
2020-09-11,268.1458373,321.8291715,294.0833377,0.005283333,98327.08333,0.0,-0.791666678,0.112500002,0.203696784,2.233754585153319,0.3655562168220552
2020-09-12,267.6666707,329.7500049,295.6166711,0.005445833,98086.25,0.0,-0.933333347,-0.325000005,0.203724294,2.3772806307369123,0.3419389197021548
2020-09-13,263.6333373,334.6416717,296.6291711,0.006283333,97906.66667,0.0,-1.416666688,0.083333335,0.203765854,2.51950309380836,0.3701751847073313
2020-09-14,262.7833372,325.8541715,295.5541711,0.007145833,98016.66667,0.0,-2.533333371,0.295833338,0.203793369,2.7240185975082887,0.45008494718005
2020-09-15,262.1291706,316.7416714,295.5083377,0.005216667,98321.25,0.0,-1.450000022,0.0125,0.203820275,2.338413058802743,0.3305248874700065
2020-09-16,257.5708372,320.0250048,295.8958377,0.005895833,98316.25,0.0,-1.575000023,-0.175000003,0.203462123,2.341759852205279,0.3647679360252449
2020-09-17,253.1333371,322.1291715,296.3750044,0.008466666,98117.5,0.0,-1.612500024,0.025,0.2030872,2.158294828487044,0.507679416511151
2020-09-18,242.9250036,334.387505,297.2875044,0.007704166,98012.5,0.0,3.575000053,1.841666694,0.202697697,3.0773545540369787,0.4365686258013915
2020-09-19,247.195837,326.1375049,294.9291711,0.008475,98165.41667,0.0,0.800000012,-1.037500015,0.20230754,2.0648960566731542,0.5555721438886444
2020-09-20,246.9666703,325.7208382,297.0541711,0.0067375,97978.33333,0.0,-0.429166673,-1.333333353,0.201946634,2.164019040404654,0.3870944406946867
2020-09-21,234.7250035,325.1208382,296.5750044,0.007241666,97892.5,0.0,-1.066666683,-0.65000001,0.201557742,1.9387206469961928,0.4279816123506434
2020-09-22,242.7916703,315.6125047,296.6458378,0.007479166,98034.58333,0.0,-1.525000023,0.170833336,0.201182172,1.9902786624838429,0.4407546170256257
2020-09-23,239.5666702,324.9041715,296.7791711,0.0051625,98328.33333,0.0,-0.316666671,-0.233333337,0.200792644,1.6729529964012666,0.3026778361298811
2020-09-24,229.0375034,337.0291717,296.5000044,0.0082875,98228.33333,0.0,0.050000001,0.629166676,0.200417039,1.774760964242933,0.4937210061789588
2020-09-25,228.3125034,339.4208384,294.4416711,0.0077875,98130.83333,0.0,-0.116666668,-0.66250001,0.200042087,1.9010488981606288,0.5259307192322824
2020-09-26,228.1666701,345.4333385,297.3083378,0.007770833,98304.58333,0.0,0.258333337,-1.387500021,0.19965258,2.1717184474882214,0.4411018157395991
2020-09-27,230.8583368,342.0750051,300.9458378,0.005633333,98187.91667,0.0,1.458333355,-5.745833419,0.19927713,3.755411126737845,0.2570284405217866
2020-09-28,232.4208368,336.1958383,304.2041712,0.0035,98166.25,0.0,0.945833347,-5.766666753,0.198893593,1.5450330687264804,0.132088235202127
2020-09-29,228.8750034,339.7125051,300.2291711,0.003366667,98235.0,0.0,0.200000003,-1.75833336,0.198503656,2.2846797615898784,0.1603262921578001
2020-09-30,227.3500034,339.5458384,299.8250045,0.004170833,98458.75,0.0,-1.066666683,-0.775000012,0.198134782,2.0822272861897537,0.2039038866190901
2020-10-01,222.0000033,350.3750052,302.2958378,0.004825,98342.08333,0.0,0.729166678,-1.533333356,0.197751903,2.06882857713764,0.2037231338082009
2020-10-02,222.5083366,341.6583384,299.7000045,0.005279167,98225.83333,0.0,-0.162500002,-0.795833345,0.197369015,1.782063122417752,0.2593973887207281
2020-10-03,221.1500033,332.1333383,299.7250045,0.005133333,98049.58333,0.0,-0.575000009,-1.062500016,0.1969858,1.8371436409913824,0.2514051694269264
2020-10-04,219.2875033,320.6833381,297.8750044,0.005008333,98068.75,0.0,0.033333334,-0.583333342,0.196602521,1.4255485503731968,0.2740637191572536
2020-10-05,220.1458366,307.5250046,296.6208378,0.005520833,98320.83333,0.0,-0.508333341,-1.358333354,0.196233845,1.7120230875952327,0.3267950171911277
2020-10-06,214.9125032,312.1791713,296.1833377,0.004166667,98286.66667,0.0,-0.320833338,-0.525000008,0.195850812,1.3799101852117843,0.2532180254289107
2020-10-07,211.2333365,316.4166714,295.4625044,0.004195833,97958.75,0.0,-1.200000018,-0.425000006,0.195467981,1.7640596750029722,0.2656118719811579
2020-10-08,184.8041694,328.0958382,292.9375044,0.005320833,97830.83333,0.0,-1.841666694,-0.091666668,0.195084755,1.826904052692547,0.3934242523264021
2020-10-09,202.4541697,318.7708381,289.766671,0.006895833,98002.08333,0.0,-0.825000012,-0.166666669,0.194701547,1.5179310637831975,0.6245558084148433
2020-10-10,163.5541691,333.7416716,291.1958377,0.008170833,97962.5,0.0,0.245833337,0.841666679,0.194338013,1.2234658893816162,0.675208370184462
2020-10-11,198.6541696,321.9416715,292.2333377,0.006608333,98362.91667,0.0,1.304166686,-1.612500024,0.193949316,1.833318516514868,0.5134975739536674
2020-10-12,194.5375029,325.7166715,293.8208377,0.005075,98625.83333,0.0,-0.495833341,-1.025000015,0.193559494,1.6414191516943408,0.3580013057359775
2020-10-13,193.9291696,332.462505,295.1416711,0.0060875,98488.33333,0.0,-0.437500007,-0.870833346,0.193184292,1.577054105382834,0.3951652434620863
2020-10-14,194.2625029,341.7666718,297.4625044,0.005745833,98610.0,0.0,1.391666687,-2.058333364,0.192795106,2.2985798448021755,0.3241302716743154
2020-10-15,193.7916696,327.7625049,301.2541712,0.003341667,98492.08333,0.0,1.654166691,-6.03750009,0.192426815,2.846805595326499,0.1501913608663475
2020-10-16,195.5000029,312.070838,302.2458378,0.003254167,98393.75,0.0,1.14583335,-5.983333422,0.191425102,1.990779484811143,0.1378723281797932
2020-10-17,189.4750028,322.9333381,300.3166711,0.004125,98146.25,0.0,-0.520833341,-2.970833378,0.190395808,2.1772769320092062,0.1952479529968503
2020-10-18,187.3250028,327.1458382,297.2625044,0.005225,98195.41667,0.0,-0.47083334,-1.166666684,0.189362954,1.5277639007153876,0.2970848825680531
2020-10-19,185.9458361,321.4416715,296.1625044,0.0052,98230.0,0.0,-0.258333337,-1.329166686,0.18832975,1.5216492639177943,0.3162360621275142
2020-10-20,184.9208361,311.170838,296.2875044,0.004770833,98003.75,0.0,0.095833335,-2.270833367,0.18731116,1.8145897735022232,0.2872671843430514
2020-10-21,178.6916693,325.0583382,297.0166711,0.0051125,97755.83333,0.0,0.162500002,-1.870833361,0.186278579,1.7154584002732576,0.2937327410445697
2020-10-22,183.2583361,300.4458378,294.9958377,0.0034125,97771.66667,0.0,1.237500018,-3.733333389,0.185245366,2.490451937900281,0.2218925251871409
2020-10-23,179.7625027,283.4666709,293.291671,0.00185,98012.91667,0.0,1.14583335,-4.262500064,0.184212149,2.6170949168221327,0.1340414796339876
2020-10-24,173.2250026,297.4375044,289.191671,0.004070833,98107.08333,0.0,-1.129166683,-0.66250001,0.183193559,1.2762567093196568,0.3830073917359771
2020-10-25,175.3375026,290.4500043,287.6250043,0.0048,98038.75,0.0,0.42083334,-3.025000045,0.182160982,1.5455478061041867,0.4996128867463087
2020-10-26,175.9375026,239.3166702,288.6625043,0.0009125,98800.0,0.0,1.883333361,-7.766666782,0.181127766,3.1222755840870464,0.0894687314726247
2020-10-27,172.1541692,282.2666709,293.2625044,0.001825,98762.91667,0.0,0.754166678,-5.445833414,0.180109175,2.894816477261416,0.1334849506778072
2020-10-28,172.9583359,274.7000041,290.704171,0.003066667,98525.0,0.0,-0.358333339,-1.170833351,0.17907659,1.0098970996642995,0.2629726122448468
2020-10-29,170.9541692,271.9125041,289.116671,0.0037375,98481.25,0.0,-0.679166677,-0.600000009,0.178049216,0.8283764627021617,0.3546992862002955
2020-10-30,167.8166692,270.6541707,289.3333376,0.0039375,98387.08333,0.0,-1.662500025,-0.158333336,0.177007304,1.040864372801668,0.3681417057012978
2020-10-31,162.9500024,290.1750043,289.8375043,0.004004167,98492.5,0.0,-0.991666681,-1.10833335,0.175992415,1.153014261500766,0.3628185193422989
2020-11-01,158.3000024,290.054171,291.0750043,0.003754167,98712.91667,0.0,-0.500000007,-0.837500012,0.174969729,0.8949507134035224,0.3150164347956243
2020-11-02,155.6583357,289.7333377,291.4500043,0.003958333,98671.66667,0.0,-0.800000012,-0.720833344,0.173932026,0.8840641005943811,0.3242006118644305
2020-11-03,153.2083356,291.9958377,290.6458377,0.003770833,98382.08333,0.0,-1.14583335,-0.258333337,0.172908313,0.9651132404354164,0.3240903844388542
2020-11-04,148.8000022,294.1125044,289.616671,0.004025,98702.08333,0.0,-1.487500022,-0.375000006,0.171870614,1.0762918993085635,0.3707043207847874
2020-11-05,146.2208355,311.1666713,292.1500044,0.004804167,98776.25,0.0,-0.358333339,-0.595833342,0.170846898,0.8410024513708642,0.3768478328443142
2020-11-06,131.5291686,299.5041711,289.5250043,0.005195833,97510.41667,0.0,2.804166708,0.145833336,0.169809198,1.2104737523315985,0.4755567448482916
2020-11-07,124.9166685,299.1750045,283.3875042,0.003991667,97213.75,0.200000003,1.012500015,-1.025000015,0.168785486,0.9618865001500234,0.5459669613040908
2020-11-08,133.0916686,260.4250039,283.6750042,0.0029375,97338.75,0.0,2.766666708,-1.879166695,0.167762406,1.115751971361463,0.3945645981151341
2020-11-09,143.2291688,236.0583369,282.3958375,0.001920833,98377.08333,0.0,1.12083335,-4.95416674,0.166724706,1.3747821899941963,0.2843783832154172
2020-11-10,129.3291686,276.9875041,280.1750042,0.002154167,98945.41667,0.0,-1.029166682,-0.154166669,0.165700994,0.8017520124661623,0.3736894604333634
2020-11-11,135.5416687,258.2583372,280.9875042,0.002891667,98571.66667,0.0,-1.333333353,-1.029166682,0.164663291,0.7155067716954615,0.4724236179377286
2020-11-12,136.7208354,250.9958371,281.1791709,0.003116667,98522.5,0.0,-0.670833343,-1.008333348,0.163639579,0.5650463944946224,0.5022544127946293
2020-11-13,40.50416727,302.5708378,283.9416709,0.004533333,98270.83333,0.900000013,-0.25416667,2.354166702,0.162616502,0.4240689422615915,0.6038030023285825
2020-11-14,78.39166783,305.1541712,282.5791709,0.005641667,98793.33333,0.0,-0.287500004,0.208333336,0.161578799,0.6432548574174547,0.8283744565154546
2020-11-15,97.54166812,322.2541715,283.7000042,0.005133333,98969.58333,0.0,-1.204166685,0.441666673,0.160555087,1.0914315802999233,0.6998799485423975
2020-11-16,126.7500019,291.9625044,284.9333376,0.00575,98740.83333,0.0,-1.379166687,-0.516666674,0.160075414,0.9254909668104228,0.7200344384988393
2020-11-17,38.92916725,320.1958381,286.4583376,0.006458333,97740.83333,6.900000103,-1.054166682,2.01250003,0.159633991,4.550083351322055,0.7235109922842958
2020-11-18,94.32916807,343.9625051,287.3458376,0.007570833,97917.08333,1.300000019,-0.416666673,1.912500028,0.159163957,13.988300712716155,0.8015410205069425
2020-11-19,117.9250018,284.4583376,284.2250042,0.005258333,98897.08333,0.0,0.600000009,0.129166669,0.158707272,6.16633442386834,0.6915346903554404
2020-11-20,121.8583351,253.0166704,284.2458376,0.003204167,99088.75,0.0,1.291666686,-3.000000045,0.158251225,9.04080252362703,0.4216135002725998
2020-11-21,130.9416686,233.9500035,284.5916709,0.002529167,98998.75,0.0,0.712500011,-2.912500043,0.157809802,6.655319839884138,0.3248737316979121
2020-11-22,118.8125018,257.4583372,284.1750042,0.0027,98532.08333,0.0,-0.47083334,-1.562500023,0.157354391,4.061047567440136,0.3549620890187577
2020-11-23,117.8583351,297.4000044,283.4250042,0.004279167,98219.58333,0.0,-0.587500009,-1.158333351,0.156898345,4.168460146557371,0.5898492331557843
2020-11-24,122.3083352,268.100004,285.0125042,0.003891667,98462.91667,0.0,0.300000004,-1.704166692,0.156456922,2.710989926400893,0.4833955664345606
2020-11-25,122.9125018,265.0083373,284.2875042,0.004566667,98576.66667,0.0,-0.925000014,-0.500000007,0.156001508,1.6713290920091473,0.5961204615573559
2020-11-26,123.6291685,244.2375036,284.6250042,0.002866667,99041.66667,0.0,1.12083335,-5.504166749,0.155530838,2.900754729783412,0.3675646012939497
2020-11-27,121.9875018,245.608337,285.9458376,0.002370833,98983.33333,0.0,0.408333339,-4.24166673,0.155074156,2.6793493624237223,0.2782392005782615
2020-11-28,121.4583351,244.508337,281.7791709,0.002829167,99048.33333,0.0,-0.70000001,-1.050000016,0.154632733,1.0313551135958343,0.4398596201367334
2020-11-29,118.8750018,246.8666703,282.8083375,0.002866667,98871.25,0.0,0.062500001,-1.241666685,0.154177322,0.9085657822976992,0.4147376801814409
2020-11-30,117.3375017,256.4833372,282.6375042,0.003179167,99004.58333,0.0,-2.329166701,-0.375000006,0.153721276,1.1627842605783387,0.4659474684738302
2020-12-01,117.0625017,257.8083372,284.3666709,0.003433333,99013.33333,0.0,0.379166672,-2.162500032,0.153265226,1.0773454654933254,0.4477790969479071
2020-12-02,114.620835,262.6666706,284.6708376,0.0027125,98697.5,0.0,0.170833336,-0.479166674,0.152823803,0.5828764234126238,0.3455274816355663
2020-12-03,110.1916683,293.041671,284.3083376,0.00275,98881.66667,0.0,0.037500001,-0.19166667,0.152368392,1.1302580730179597,0.3595853163868021
2020-12-04,114.808335,269.3916707,283.4541709,0.0032625,99186.25,0.0,1.191666684,-0.045833334,0.151897723,0.8227544149270596,0.4532416834337297
2020-12-05,106.3833349,265.625004,283.2375042,0.003191667,98972.5,0.0,0.520833341,0.19166667,0.151455664,0.4556918792562402,0.4489753499519875
2020-12-06,110.583335,287.9708376,282.9583375,0.003779167,99140.83333,0.0,1.137500017,-0.441666673,0.15100025,0.8911678155468473,0.5426920329035775
2020-12-07,114.8791684,259.2250039,289.5250043,0.003158333,99015.41667,0.0,1.587500024,-6.6875001,0.150544203,2.277685625527708,0.2935329687709554
2020-12-08,114.695835,260.1458372,286.8166709,0.002608333,98883.33333,0.0,0.500000007,-0.43333334,0.150088157,0.3094723231834609,0.2887273928061977
2020-12-09,107.1458349,259.2916705,282.9041709,0.002945833,98657.08333,0.0,0.129166669,-0.720833344,0.149646733,0.3763330242315114,0.4225101954289026
2020-12-10,113.1166684,269.862504,287.3083376,0.002766667,98262.5,0.0,0.883333346,-1.625000024,0.149191323,0.8782473400319282,0.2946692064924333
2020-12-11,58.0333342,286.3416709,282.5666709,0.003308333,98819.16667,0.500000007,1.254166685,-0.145833336,0.148735277,0.3715527829536962,0.4863079846870798
2020-12-12,90.40833468,326.4625049,281.1750042,0.005454167,98516.66667,3.900000058,-0.295833338,-0.929166681,0.148279227,6.065470609539927,0.8791452162682163
2020-12-13,36.97083388,322.6958381,282.2750042,0.005520833,98699.16667,10.80000016,-0.516666674,0.47083334,0.14782318,6.277971039126133,0.8268157969440509
2020-12-14,101.5875015,272.3625041,281.1791709,0.004645833,98854.16667,0.600000009,2.091666698,0.383333339,0.147367134,14.744837385862493,0.7512016081065471
2020-12-15,53.81666747,310.6500046,280.7875042,0.004254167,99154.58333,0.0,0.625000009,-0.020833334,0.146911088,7.614783255466113,0.7088440995295264
2020-12-16,50.60000075,303.7208379,279.9625042,0.004575,99110.83333,0.300000004,0.533333341,0.070833334,0.146595206,4.511981192107932,0.8067847953741932
2020-12-17,92.23750137,323.6416715,282.3750042,0.006125,98226.66667,9.700000145,0.283333338,0.475000007,0.146300041,24.798550938460163,0.9067031227758592
2020-12-18,105.5333349,253.0041704,282.7083375,0.003883333,98919.58333,0.0,1.658333358,-1.841666694,0.145990889,17.2580111884625,0.5659313489597013
2020-12-19,107.6958349,254.1541705,279.9250042,0.0041125,99385.41667,0.0,0.091666668,0.104166668,0.145681102,3.8314570460975337,0.7291322996808256
2020-12-20,107.3625016,262.3666706,281.0708375,0.00465,99367.08333,0.0,0.345833338,0.762500011,0.145371314,5.822262256128759,0.7614350751090454
2020-12-21,109.9291683,257.4375038,281.0166709,0.004795833,98685.83333,0.0,-0.233333337,0.416666673,0.145061523,3.731290470881584,0.7828472821134367
2020-12-22,109.1125016,264.2166706,280.5583375,0.004720833,98601.66667,0.0,0.454166673,-1.104166683,0.144766358,5.320687012142785,0.7947022413498706
2020-12-23,114.145835,236.0666702,283.4666709,0.002291667,99018.75,0.0,1.720833359,-3.445833385,0.144457206,13.351571987362806,0.3175631313304499
2020-12-24,106.3541683,234.6458368,279.0583375,0.0030125,99164.58333,0.0,-0.175000003,-0.645833343,0.144147418,1.4138901885760196,0.5661448777098836
2020-12-25,26.9125004,313.5000047,280.2041708,0.0041,98641.25,0.500000007,-0.462500007,-0.033333334,0.14383763,1.1853477283816038,0.707618762071729
2020-12-26,102.1500015,307.7041713,284.0250042,0.005829167,98490.83333,3.700000055,-0.554166675,2.02500003,0.143527843,13.093684365700287,0.7737859078281325
2020-12-27,103.0291682,266.5208373,280.5416708,0.004754167,98420.0,0.0,0.708333344,-0.933333347,0.143232678,4.505745748980112,0.799760725744671
2020-12-28,96.27500143,299.9583378,281.3958375,0.004066667,97619.58333,0.0,-0.033333334,-1.287500019,0.142923526,7.935255091524587,0.6397395891619914
2020-12-29,112.6916683,247.370837,281.6625042,0.003008333,98595.41667,0.0,1.450000022,-1.858333361,0.142613738,5.50753431882167,0.4693130500349872
2020-12-30,83.45833458,267.8458373,279.5833375,0.002925,99167.08333,0.0,0.075000001,0.545833341,0.142303951,1.9538760673374456,0.5299119130755011
2020-12-31,106.9041683,293.9083377,281.8166709,0.0049125,98824.16667,0.500000007,1.35000002,-0.100000001,0.142008786,4.405410272284225,0.7600792505113647
2021-01-01,71.22500106,269.412504,280.9083375,0.004116667,98692.91667,0.0,0.862500013,-0.062500001,0.141699634,0.6324678434431408,0.6770701592662479
2021-01-02,29.80833378,331.3500049,280.6458375,0.005570833,98885.41667,0.0,-0.945833347,-0.179166669,0.141389846,1.243321119750385,0.9348161437663804
2021-01-03,40.65416727,338.5833384,282.2083375,0.006554167,98911.66667,0.600000009,-0.670833343,0.808333345,0.141080055,1.7690032660472284,0.9881686554014554
2021-01-04,48.85833406,337.2083384,283.2125042,0.006770833,98477.5,6.7000001,0.345833338,1.812500027,0.14078489,8.438221400774289,0.9493019218119833
2021-01-05,103.4000015,265.5666706,281.2958375,0.005075,98918.75,0.0,0.695833344,0.370833339,0.140475738,4.447576990109947,0.8145676983004857
2021-01-06,41.51250062,296.8375044,280.5875042,0.005166667,98916.25,2.800000042,0.0,0.462500007,0.140165951,0.2873197150362941,0.8707701624648266
2021-01-07,90.97083469,292.179171,280.1083375,0.005279167,99038.75,0.0,0.158333336,-0.029166667,0.139856163,7.568134846614466,0.920907529244782
2021-01-08,88.97500133,309.8750046,280.8333375,0.005645833,98922.08333,2.400000036,0.212500003,0.050000001,0.139546375,11.705156118775374,0.9355577638811828
2021-01-09,106.7750016,280.1958375,280.3416708,0.004304167,99140.0,0.0,1.437500021,-0.554166675,0.139236588,10.7449025446632,0.7395277365622855
2021-01-10,100.6333348,282.2875042,280.0041708,0.0047625,99061.66667,0.0,-0.212500003,-0.066666668,0.1389268,6.259723159740454,0.837005700725761
2021-01-11,109.5250016,270.9208374,281.1041709,0.005166667,99087.5,0.0,0.929166681,0.329166672,0.138617012,4.732539588412887,0.841723911661533
2021-01-12,36.45000054,315.7250047,281.8291709,0.0058625,99000.0,0.0,-0.541666675,-0.141666669,0.138321848,1.1162619970656016,0.907903206841589
2021-01-13,39.85416726,353.5333386,284.1333376,0.007166666,99270.83333,0.0,-0.875000013,0.250000004,0.138012696,3.9171674186982233,0.9519079200391174
2021-01-14,106.0291682,299.3125045,285.7791709,0.0069625,99385.83333,0.0,1.170833351,-0.062500001,0.137702908,3.5793680999467155,0.8295463853735482
2021-01-15,110.9791683,290.8583377,285.6708376,0.005770833,99251.25,0.0,0.691666677,-0.087500001,0.13739312,3.197038160620686,0.6915859018691998
2021-01-16,111.7291683,291.4625043,288.379171,0.005691667,98987.91667,0.0,1.825000027,-0.437500007,0.137856081,3.341912441837642,0.5694876350463266
2021-01-17,115.1541684,285.4375043,292.304171,0.0043,98713.75,0.0,0.212500003,-2.537500038,0.138338021,4.183410472631557,0.3338290216853822
2021-01-18,121.3500018,281.7041709,293.254171,0.002391667,98422.5,0.0,1.420833355,-6.770833434,0.138819321,6.886585729954964,0.1744201961778512
2021-01-19,122.3666685,236.0916702,287.4750043,0.0018875,98485.41667,0.0,1.083333349,-9.804166813,0.139300625,4.4054900666103975,0.1993020057708448
2021-01-20,122.3375018,241.2000036,285.9250043,0.002016667,98580.41667,0.0,0.091666668,-2.44583337,0.139796551,1.7116501522466547,0.2360365347783835
2021-01-21,106.0333349,253.7666704,282.7625042,0.0028125,98430.0,0.0,0.870833346,0.950000014,0.140278487,0.8011223424287575,0.4063481676407169
2021-01-22,38.94583391,309.8625046,282.5500042,0.004083333,97821.25,0.0,1.841666694,0.041666667,0.140759791,0.5059232451107235,0.5948419316638446
2021-01-23,119.1041684,285.2625043,280.4208375,0.004795833,97972.91667,0.0,0.670833343,-1.316666686,0.141255714,0.7854405664052313,0.8098502857202124
2021-01-24,46.9875007,270.6958374,280.2250042,0.003529167,97872.91667,0.0,0.733333344,-0.329166672,0.141737654,0.0,0.6034815650839916
2021-01-25,119.2666684,277.6875041,278.8916708,0.003166667,97475.0,0.0,2.495833371,-0.991666681,0.142233581,0.5722570067491256,0.5918509584802273
2021-01-26,97.40833478,239.7875036,277.4541708,0.002858333,97730.0,0.100000001,1.275000019,1.233333352,0.142715517,0.2628342940182649,0.5927918675174513
2021-01-27,43.39166731,324.0250048,278.1375041,0.004791667,97233.75,20.4000003,-2.975000044,3.995833393,0.438114245,14.576623746093436,0.942024975846346
2021-01-28,75.65000113,329.8541716,280.3750042,0.0056625,97263.33333,13.7000002,-0.587500009,1.454166688,0.310360682,19.86552193877886,0.9522933566300544
2021-01-29,62.32500093,304.5291712,280.4125042,0.005329167,97559.16667,0.100000001,-0.333333338,-0.450000007,0.225772965,5.98474094130804,0.8966288386491841
2021-01-30,54.55833415,312.2500047,281.6416709,0.005058333,98488.33333,0.0,-0.833333346,0.529166675,0.193208178,6.912860065730175,0.7893915752405214
2021-01-31,64.38333429,334.2583383,281.9375042,0.0058,98716.25,0.400000006,-0.933333347,0.020833334,0.171679314,11.637352231885824,0.889034761543469
2021-02-01,78.92083451,316.6291714,283.8458376,0.006108333,98283.33333,0.0,-0.716666677,0.820833346,0.156360142,8.686775089090542,0.8189498348773845
2021-02-02,60.88333424,338.875005,285.3458376,0.006479167,98221.66667,5.40000008,-0.300000004,2.183333366,0.147819047,19.357474312895054,0.7851930201640167
2021-02-03,67.29166767,278.3250041,282.0166709,0.0047125,98611.25,0.800000012,3.008333378,3.016666712,0.147005261,15.501618228832823,0.7176770988088781
2021-02-04,147.4416689,268.2333373,282.4000042,0.003704167,99017.5,0.400000006,1.458333355,-4.262500064,0.147276753,34.28662550881454,0.5518133972409408
2021-02-05,154.129169,254.4916705,285.7416709,0.0036375,98970.41667,0.0,0.279166671,-1.225000018,0.1476309,12.612648497393025,0.4326525860378817
2021-02-06,156.754169,249.9375037,286.0500043,0.003679167,98663.33333,0.0,0.854166679,0.095833335,0.148084865,8.06435947747153,0.4274314844411323
2021-02-07,158.5708357,256.4916705,284.5958376,0.003991667,98315.0,0.0,0.475000007,0.320833338,0.148563622,7.098022225376368,0.5090498810973996
2021-02-08,112.520835,264.6291706,283.4208376,0.004645833,98047.91667,0.0,-0.570833342,-0.033333334,0.149044926,2.553466271895351,0.6394519829778821
2021-02-09,75.33333446,338.787505,285.0083376,0.005733333,98152.08333,0.0,-0.387500006,0.020833334,0.149529405,5.454151413503351,0.7101035770770106
2021-02-10,150.2000022,321.4708381,285.8708376,0.0058375,98346.66667,0.0,0.150000002,0.537500008,0.150011345,8.353380453974957,0.6840677055868237
2021-02-11,67.78333434,311.9625046,284.3750042,0.006191667,98365.83333,1.400000021,-0.437500007,0.745833344,0.150492648,2.4486159033505466,0.801795079723819
2021-02-12,147.8250022,298.7208378,283.5125042,0.005525,98050.0,4.800000072,0.691666677,1.508333356,0.150988572,19.594621092483777,0.7557821964728132
2021-02-13,155.4208356,315.5500047,286.0541709,0.005304167,98092.5,1.600000024,2.03750003,0.337500005,0.151470511,27.04822121517652,0.6124836615884204
2021-02-14,61.62083425,303.8208379,282.8000042,0.0041375,98350.83333,0.900000013,1.633333358,1.012500015,0.151951811,8.718901046871341,0.5957829426998699
2021-02-15,76.00000113,347.7041718,283.0000042,0.006545833,98300.0,2.300000034,-0.016666667,0.862500013,0.152447738,14.201360917059189,0.9293857710525294
2021-02-16,141.0666688,280.3250042,283.1416709,0.0049125,98508.75,0.200000003,1.262500019,1.062500016,0.152967163,13.25100972523371,0.6922859628827532
2021-02-17,170.8625025,242.983337,282.7000042,0.003391667,98843.33333,0.0,1.729166692,-2.48333337,0.153472963,13.808627928345372,0.4941780154929967
2021-02-18,70.52083438,290.1500043,282.3291709,0.002895833,99185.41667,0.0,0.495833341,-0.629166676,0.15399275,3.579278362309979,0.4342179747697421
2021-02-19,87.1625013,344.6666718,282.3958375,0.005054167,99200.41667,2.00000003,-0.475000007,0.045833334,0.154498547,12.477936451898266,0.7545293087603231
2021-02-20,170.7833359,298.6958378,282.7708375,0.004383333,98969.16667,1.300000019,1.55416669,0.283333338,0.155032957,18.13610986041984,0.6364097153575351
2021-02-21,180.2375027,258.5208372,283.9875042,0.0035375,99612.08333,0.0,1.895833362,-2.745833374,0.155554012,13.12729102939159,0.476126441723763
2021-02-22,183.8083361,270.2291707,288.9583376,0.004033333,99397.91667,0.0,0.65000001,-4.704166737,0.156055128,13.555301244259216,0.3903091304072882
2021-02-23,192.9666695,262.4916706,290.0958377,0.0035375,98880.41667,0.0,1.525000023,-3.804166723,0.156589684,10.675405149754424,0.3165095985924103
2021-02-24,195.3583362,236.3625035,287.4416709,0.002079167,98863.33333,0.0,1.754166693,-3.987500059,0.157111252,7.97416701524628,0.2208637067548988
2021-02-25,189.8583362,239.9458369,285.7750043,0.001675,99226.25,0.0,1.329166686,-4.070833394,0.15761758,6.42581265790462,0.1993023165364808
2021-02-26,195.5791696,251.6000037,284.9541709,0.003254167,98791.25,0.0,1.216666685,0.587500009,0.158137895,4.071761754797681,0.4071393111505178
2021-02-27,196.0625029,248.4166704,283.8416709,0.003,98677.91667,0.0,1.304166686,-1.837500027,0.158644147,3.703065516215191,0.4039408805884666
2021-02-28,197.4208363,249.3666704,285.9375043,0.0023625,98890.0,0.0,1.141666684,-4.395833399,0.159179068,4.84936836451669,0.2771526937927517
2021-03-01,210.5083365,259.1125039,283.6458376,0.002908333,98706.25,0.0,-0.279166671,0.166666669,0.159686026,3.890163299309953,0.396915050806217
2021-03-02,203.7833364,268.1041707,285.2583376,0.002683333,98245.41667,0.0,0.645833343,0.095833335,0.160206263,3.460828518111522,0.3271643375268973
2021-03-03,205.9791697,272.9333374,286.5625043,0.002516667,97541.66667,0.0,1.958333363,0.754166678,0.160727209,3.852192246946033,0.2794363043029817
2021-03-04,215.3541699,264.4125039,285.5166709,0.003429167,98251.66667,0.0,0.183333336,1.508333356,0.161233449,3.175100027822614,0.4110037947179299
2021-03-05,206.5041697,277.4666708,285.1583376,0.004158333,98764.16667,0.0,0.195833336,3.195833381,0.161753718,3.29980278008572,0.5130862477822935
2021-03-06,196.8333363,314.033338,283.8750042,0.0047375,98314.16667,7.40000011,0.450000007,2.212500033,0.162274598,31.18788208692264,0.634113675959013
2021-03-07,222.4750033,267.050004,282.6125042,0.003841667,98506.66667,0.0,-0.037500001,0.287500004,0.162795513,16.236384092403732,0.5611669829753767
2021-03-08,145.5375022,277.3208375,283.6416709,0.004091667,98299.58333,1.200000018,2.2166667,2.729166707,0.163316396,13.015699816569605,0.5562663686676428
2021-03-09,151.2458356,302.9500045,280.0750042,0.0045875,98579.58333,1.900000028,0.66250001,2.845833376,0.1638227,14.104503898657793,0.7983875892901104
2021-03-10,164.2208358,308.9500046,278.9833375,0.0044875,97938.75,4.800000072,-0.075000001,1.866666694,0.164401451,28.557265076972136,0.837307225320958
2021-03-11,216.1666699,290.654171,280.0000042,0.004275,98310.0,1.100000016,0.391666673,-1.391666687,0.16489317,30.353526929839944,0.7458428982927946
2021-03-12,241.0291703,253.2791704,285.5541709,0.003020833,98630.0,0.0,1.483333355,-3.708333389,0.165397511,32.63953102870278,0.3625526991353588
2021-03-13,248.145837,241.2916703,285.1041709,0.003229167,98840.0,0.0,0.158333336,-0.075000001,0.165913269,13.269904295846654,0.4001867994388677
2021-03-14,104.1916682,289.2750043,282.8958375,0.004820833,98771.66667,0.0,-0.741666678,1.462500022,0.166410024,4.023758860103444,0.692629318487989
2021-03-15,117.2583351,321.7291715,280.1416708,0.004104167,98107.91667,2.600000039,2.808333375,0.104166668,0.167020955,13.138776807915672,0.7075702703579528
2021-03-16,238.6125036,249.8291704,280.3625042,0.003616667,98263.33333,0.0,-0.066666668,0.237500004,0.166927533,13.798814915341358,0.6150203931064352
2021-03-17,158.0625024,287.9750043,282.1875042,0.004266667,98491.66667,0.0,-0.583333342,0.558333342,0.16670115,7.658420683929445,0.6414632977231894
2021-03-18,72.60833442,338.250005,283.0500042,0.005545833,98390.83333,4.300000064,-0.816666679,1.183333351,0.166500837,12.220764981267076,0.7854651057179088
2021-03-19,172.7666692,321.9958381,284.2583376,0.0058,98617.91667,0.70000001,1.304166686,2.883333376,0.166333582,21.83391599373139,0.7589172975006774
2021-03-20,239.0708369,271.8833374,282.8416709,0.003883333,98817.08333,0.0,1.645833358,0.620833343,0.166157425,18.083713992082306,0.5602474382068785
2021-03-21,257.1541705,265.1291706,283.6916709,0.0036125,99098.75,0.0,1.370833354,-1.775000026,0.165993352,14.09454150982565,0.4934491679851866
2021-03-22,209.7875031,282.5541709,285.9625043,0.004158333,98764.16667,0.0,-0.133333335,0.279166671,0.165843898,10.308310550011868,0.4864013020325427
2021-03-23,269.800004,260.9791706,285.6250043,0.003416667,98556.66667,0.0,1.462500022,-4.91666674,0.165680461,9.238075512464857,0.4078320906991932
2021-03-24,264.3958373,251.5583371,288.3083376,0.002141667,98519.16667,0.0,0.195833336,-5.020833408,0.165516385,9.557373860685216,0.2142562081574664
2021-03-25,268.5208373,277.9791708,286.5375043,0.003720833,97550.41667,0.0,0.329166672,-0.637500009,0.165352308,8.11886360412072,0.4138582380012348
2021-03-26,274.6708374,257.3500038,287.8708376,0.0028375,98087.91667,0.0,1.004166682,-5.045833409,0.165188235,7.267069032602658,0.2907892775424079
2021-03-27,277.3833375,265.0958373,289.3708376,0.003183333,98866.66667,0.0,0.383333339,-0.829166679,0.165024158,6.014695682335878,0.2983588685264285
2021-03-28,278.5375042,274.6166708,289.829171,0.0045,99018.75,0.0,-0.937500014,0.162500002,0.164874708,5.538770181307084,0.410144001012683
2021-03-29,281.2208375,275.7500041,290.804171,0.0031625,98443.33333,0.0,1.887500028,-1.633333358,0.164711267,5.888511770125114,0.2692444841349943
2021-03-30,288.8750043,248.1000037,290.2125043,0.001591667,98400.41667,0.0,1.666666692,-7.087500106,0.164547194,8.091016280475051,0.1406647351434505
2021-03-31,289.9000043,257.5541705,291.9958377,0.0021625,98670.0,0.0,0.641666676,-3.533333386,0.164383118,6.160781001011709,0.1711036012184703
2021-04-01,294.7791711,277.8750041,291.2458377,0.003558333,98297.08333,0.0,-0.604166676,0.70000001,0.164219041,4.916048441214992,0.2941170345186858
2021-04-02,294.0958377,281.9708375,292.8708377,0.003095833,97994.58333,0.0,0.033333334,1.708333359,0.164054968,5.215296279044279,0.2302498970734318
2021-04-03,287.4750043,287.5125043,289.9083377,0.0031,98339.16667,0.0,-0.733333344,0.937500014,0.163890891,4.734268252906904,0.2791825825864161
2021-04-04,285.5208376,289.1875043,286.1791709,0.00485,98633.75,0.0,-1.204166685,-0.154166669,0.163741441,4.184468779166193,0.5584950928890591
2021-04-05,259.9250039,325.4208382,286.3291709,0.0058,98282.5,0.0,-1.433333355,-0.766666678,0.163563378,4.287773522068873,0.6589518704312474
2021-04-06,301.2291712,283.1250042,288.441671,0.0058125,98189.58333,0.0,-0.845833346,-0.154166669,0.163413288,4.190696403274093,0.5745514370604834
2021-04-07,288.4250043,287.979171,288.6708376,0.005854167,98354.58333,0.0,-1.016666682,1.091666683,0.163249851,4.079184159890565,0.5710928265022922
2021-04-08,307.1583379,279.8500042,287.4208376,0.0046125,98561.25,0.0,-0.333333338,0.529166675,0.163100397,4.0568023603388905,0.4891412469362529
2021-04-09,309.5708379,281.2416709,289.929171,0.0046,98443.75,0.0,-0.279166671,0.525000008,0.162922337,3.987142102753964,0.4141576683438106
2021-04-10,312.258338,279.7083375,289.1625043,0.005208333,98327.08333,0.0,-0.829166679,0.462500007,0.162772248,3.8894023191132985,0.4920539512002859
2021-04-11,317.6666714,276.0958374,291.5750043,0.0039,97957.08333,0.0,0.087500001,-1.054166682,0.162608807,3.966926627330683,0.3146087009916903
2021-04-12,312.9500047,281.9958375,294.2291711,0.002304167,97668.33333,0.0,0.487500007,-3.491666719,0.162444734,5.559133301326867,0.1569318110996354
2021-04-13,322.2125048,275.3583374,292.366671,0.003275,97497.5,0.0,0.67500001,-1.291666686,0.16229085,4.04496357162009,0.2501349965653705
2021-04-14,321.7833381,273.2875041,290.7500043,0.002716667,97782.91667,0.0,-0.100000001,-4.370833398,0.162127297,5.312242472080376,0.2305303714767354
2021-04-15,322.8791715,274.1125041,287.954171,0.00375,98130.0,0.0,-0.766666678,0.062500001,0.161957143,3.3752421023367485,0.3823853688583284
2021-04-16,324.8291715,279.7166708,291.2083377,0.004075,98161.66667,0.0,-0.112500002,-0.47083334,0.162078383,3.457628428866751,0.3371603088066832
2021-04-17,328.1875049,288.604171,293.666671,0.003279167,98260.83333,0.0,0.42083334,-2.104166698,0.162211096,4.721479780035869,0.2326856265526618
2021-04-18,333.612505,281.3250042,294.5083377,0.002420833,98542.91667,0.0,0.754166678,-1.875000028,0.162337584,4.8121125697449845,0.163502055599636
2021-04-19,328.3500049,296.5625044,295.9416711,0.0039625,98358.33333,0.0,-0.375000006,0.329166672,0.162476257,3.9559036862157977,0.2445728855445042
2021-04-20,324.2666715,300.2333378,293.554171,0.004891667,97848.33333,0.0,0.841666679,0.395833339,0.162583524,4.372818966505178,0.3480810290371044
2021-04-21,330.3666716,309.7791713,292.229171,0.004133333,97598.75,1.900000028,0.91666668,-3.979166726,0.162718766,10.457042120639684,0.318767261028983
2021-04-22,329.3166716,292.504171,290.9583377,0.004558333,97674.58333,0.0,-1.000000015,-0.19166667,0.162843168,8.546427900880909,0.3812899120252022
2021-04-23,305.7125046,303.6291712,289.2208376,0.006404167,97889.16667,0.0,-2.03750003,-0.079166668,0.162977276,6.3382360067768,0.6000724077782852
2021-04-24,149.0750022,351.2500052,290.0375043,0.004441667,97886.25,0.0,4.104166728,2.087500031,0.163112492,4.981524596963815,0.3948853241168993
2021-04-25,211.6916698,339.1333384,285.6000043,0.004729167,97674.16667,2.600000039,4.200000063,4.058333394,0.163234261,9.974205831177558,0.5603739073527323
2021-04-26,292.2375044,282.7125042,284.1458376,0.004258333,97760.41667,0.0,1.175000018,0.441666673,0.163371719,9.98037425753265,0.5565370203006498
2021-04-27,336.8833384,277.3916708,287.3416709,0.0038625,98103.75,0.0,1.270833352,-1.991666696,0.163481822,9.278103360865035,0.4098228763841115
2021-04-28,344.8750051,287.2541709,292.5375044,0.0033375,98670.41667,0.0,0.575000009,-1.170833351,0.16361674,10.067504244455495,0.255218878766188
2021-04-29,338.0791717,303.9291712,295.3541711,0.004429167,98772.5,0.0,-0.283333338,0.108333335,0.163752936,10.131163892844375,0.2846001837592623
2021-04-30,325.1458382,311.433338,296.6083378,0.005225,98602.5,0.0,-0.545833341,0.195833336,0.163874512,7.521920578866572,0.3104059024462132
2021-05-01,341.7833384,310.4291713,294.0833377,0.006266667,98068.75,0.0,-1.13333335,0.579166675,0.16400986,6.321461467509232,0.4324543701151919
2021-05-02,345.0166718,304.4041712,294.2333377,0.005095833,97992.5,0.0,1.170833351,-2.737500041,0.164131161,6.208333803793053,0.3481280923388051
2021-05-03,344.5500051,299.5375045,296.7333378,0.003516667,98056.25,0.0,1.429166688,-5.258333412,0.164265173,7.37514366620457,0.2061858508779155
2021-05-04,339.1541717,320.0625048,297.7750044,0.004741667,98061.66667,0.0,0.87916668,-2.420833369,0.164401424,6.145236579325193,0.2610221809318681
2021-05-05,344.8625051,326.8916715,297.6916711,0.005145833,97922.5,0.0,-0.287500004,0.004166667,0.164521586,5.845953477558212,0.2842952655200157
2021-05-06,326.9291715,322.7125048,298.0625044,0.0045875,97885.41667,0.0,2.095833365,2.466666703,0.164653486,5.912529128597633,0.2477512479470142
2021-05-07,350.7875052,295.1833377,292.2833377,0.005870833,98157.5,0.0,1.78333336,-0.137500002,0.164773944,4.707169918007298,0.45380661339206
2021-05-08,356.454172,289.1000043,295.2416711,0.002575,98421.25,0.0,1.600000024,-5.970833422,0.164914971,7.174323572823674,0.1660152440085981
2021-05-09,345.0000051,305.8000046,297.5750044,0.0038125,98143.33333,0.0,1.400000021,-5.283333412,0.165038942,6.790834705082967,0.2125996522385786
2021-05-10,357.3250053,306.3375046,297.7583378,0.0035375,97899.16667,0.0,0.795833345,-5.287500079,0.165164975,6.708931319224455,0.1946073746783057
2021-05-11,360.1750054,300.3625045,298.0458378,0.002983333,97878.75,0.0,0.575000009,-1.887500028,0.165299786,4.866126339107663,0.1612678223327522
2021-05-12,355.2250053,311.7916713,298.8083378,0.004504167,97955.0,0.0,-0.491666674,0.512500008,0.165419057,4.103230143919375,0.2327650551056449
2021-05-13,354.6208386,320.7375048,298.3875044,0.004895833,98088.75,0.0,-0.562500008,0.750000011,0.165555047,4.163402434387785,0.2598248260161577
2021-05-14,353.4291719,324.0375048,297.2583378,0.0067125,97844.16667,0.0,-1.229166685,0.637500009,0.165675817,4.14584548472311,0.380392452859621
2021-05-15,352.8000053,316.8166714,291.9333377,0.006641666,97603.75,0.0,0.083333335,0.029166667,0.165808459,3.635610431661061,0.521884894609117
2021-05-16,353.5333386,329.8458382,293.6875044,0.0078125,97724.16667,0.0,-1.125000017,0.22916667,0.16630752,3.7140617480593834,0.5506226699625527
2021-05-17,355.3833386,322.7291715,292.0458377,0.0076,97954.16667,0.0,-2.029166697,-0.387500006,0.166815722,3.5867876750185426,0.5950923798144152
2021-05-18,359.3125054,317.2875047,293.9833377,0.0068375,98145.0,0.0,0.758333345,0.733333344,0.167325445,3.458141106968581,0.4751555786381398
2021-05-19,363.0958387,298.3375044,291.6208377,0.0048125,97835.0,0.0,1.750000026,0.595833342,0.167850273,3.536860527224232,0.3866119146316338
2021-05-20,372.6666722,262.1208372,288.216671,0.002975,98003.33333,0.0,2.654166706,-0.895833347,0.168361168,3.465375154985745,0.2978351931085173
2021-05-21,367.8541721,272.9041707,288.5750043,0.002870833,98188.75,0.0,2.275000034,-3.683333388,0.168874579,3.97302385253964,0.2813286592868615
2021-05-22,326.3916715,301.9958378,290.6625043,0.003833333,98235.0,0.0,-0.108333335,-2.154166699,0.169396857,3.3052295871399933,0.3286200212304124
2021-05-23,365.2333388,301.2083378,291.6875043,0.0055125,98330.0,0.0,0.141666669,-0.079166668,0.169907102,3.0650142660633524,0.4432134389508159
2021-05-24,353.4166719,320.0541714,294.2666711,0.00555,98475.41667,0.0,-0.19166667,0.475000007,0.170417368,3.2407634543636274,0.3802369128865261
2021-05-25,361.4875054,331.7416716,294.8833377,0.005641667,98244.16667,0.0,1.945833362,-0.112500002,0.170942257,3.982830823025532,0.3711798216465781
2021-05-26,375.2291723,309.3291713,295.2916711,0.005525,98220.0,0.0,-0.770833345,-0.004166667,0.171453154,3.277623362664236,0.3543874123396454
2021-05-27,371.6666722,300.5166711,295.6583377,0.005270833,98230.0,0.0,-0.733333344,1.220833352,0.171963439,3.217422459445411,0.330589858426363
2021-05-28,359.654172,335.975005,296.5875044,0.00785,98180.83333,0.0,0.366666672,0.575000009,0.172473713,3.0583203133502974,0.4649465196968077
2021-05-29,366.7625055,336.625005,298.1041711,0.007041666,97826.25,0.0,-1.004166682,0.795833345,0.172983931,3.180244073493015,0.3791083562041035
2021-05-30,368.4875055,346.7708385,299.0541711,0.007883333,97767.5,0.0,-1.57916669,0.041666667,0.173508834,3.206024537574626,0.4006785217621844
2021-05-31,370.1833388,351.6833386,304.0791712,0.005883333,97795.0,0.0,-0.408333339,-0.395833339,0.174019715,2.469306683828764,0.2227896971375642
2021-06-01,355.2125053,363.7541721,305.5083379,0.006283333,97822.5,0.0,-0.462500007,0.479166674,0.174530002,1.950713477001492,0.2193170364766069
2021-06-02,356.2000053,356.9083387,302.0875045,0.007958333,97670.83333,0.0,-0.829166679,0.683333344,0.175040215,2.492800868390157,0.3378075378030218
2021-06-03,354.5041719,359.3500054,301.1583378,0.008616666,97562.91667,0.0,-1.841666694,0.454166673,0.175550477,2.9044641840496785,0.385789904619922
2021-06-04,352.6875053,363.6250054,302.5458378,0.007679166,97655.0,0.0,-1.083333349,0.058333334,0.176074882,2.8178885043537534,0.317313576109751
2021-06-05,356.6250053,343.4541718,299.3000045,0.008275,97742.5,0.0,-0.737500011,1.10833335,0.176598804,2.943736269387356,0.4143526233786817
2021-06-06,357.9583387,336.375005,299.7000045,0.006220833,97500.83333,0.0,-1.004166682,-0.633333343,0.177108054,3.021015464404514,0.3034110180018299
2021-06-07,348.3416719,315.9166714,295.7875044,0.005116667,97453.75,0.0,0.845833346,0.454166673,0.177616672,2.836004456583568,0.3158735264102468
2021-06-08,363.3375054,292.5625044,290.3875043,0.0048875,97745.0,0.0,3.166666714,1.904166695,0.178139909,3.458078944040989,0.4242842477471731
2021-06-09,361.7791721,283.8250042,288.9625043,0.004808333,98287.91667,0.0,1.441666688,1.175000018,0.178649158,2.997711322848472,0.4599864665333944
2021-06-10,354.3708386,291.2708377,288.4000043,0.005070833,98735.0,0.0,2.020833363,-0.166666669,0.179157776,3.1014998331310686,0.5053887931026856
2021-06-11,214.5333365,337.500005,292.4250044,0.004345833,98383.33333,0.0,0.883333346,2.250000034,0.17966639,2.575960557778546,0.3337110376426258
2021-06-12,326.6958382,359.8458387,295.7000044,0.008208333,98147.08333,0.0,0.283333338,0.625000009,0.180189627,3.388335701868193,0.5130844907831096
2021-06-13,352.1625052,359.366672,299.4166711,0.008629166,97762.91667,0.0,2.558333371,2.579166705,0.18069888,4.603914719846945,0.4291818164772089
2021-06-14,352.4416719,346.4000052,296.7125044,0.008504166,98040.83333,0.0,3.77083339,3.245833382,0.181207494,4.619614797392238,0.4991618735842379
2021-06-15,362.6708387,321.5375048,294.2875044,0.00575,98341.66667,0.0,1.241666685,1.104166683,0.181730731,3.669476252321708,0.3928963610052673
2021-06-16,366.5125055,326.8541715,298.5375044,0.005,98308.75,0.0,0.070833334,-0.44583334,0.182353794,3.276020403505642,0.2635646140588025
2021-06-17,366.6875055,347.2625052,304.2041712,0.005291667,97786.66667,0.0,-0.075000001,-0.520833341,0.182966547,2.8152939874762786,0.1989326377358614
2021-06-18,365.4416721,356.0125053,306.0750046,0.006183333,97439.16667,0.0,-0.829166679,-0.079166668,0.183593291,2.635951771894496,0.208172747787888
2021-06-19,362.4916721,366.1500055,305.7791712,0.006583333,97289.58333,0.0,-1.066666683,-0.054166667,0.184206045,2.642093852554605,0.2250446581757758
2021-06-20,362.7250054,359.6833387,303.8125045,0.006616666,97392.5,0.0,-1.512500023,0.212500003,0.184818162,3.635514564392477,0.2533891055136611
2021-06-21,363.5208388,338.8333384,302.0000045,0.006095833,97625.83333,0.0,-0.912500014,1.025000015,0.185444902,3.5987326980528214,0.2599559038836085
2021-06-22,359.154172,338.6333384,298.1291711,0.006666666,97750.83333,0.0,-1.420833355,1.191666684,0.186057655,3.897898191267585,0.3581032914249998
2021-06-23,357.4833387,343.1125051,297.4583378,0.0080125,97755.0,0.0,-1.033333349,0.966666681,0.186669773,3.7129087757303454,0.4481899386182032
2021-06-24,352.6500053,350.8416719,298.1125044,0.007145833,98001.25,0.300000004,-0.875000013,0.91666668,0.187296517,4.536563711846172,0.3852114607532293
2021-06-25,353.9750053,365.5333388,299.8000045,0.0087125,98044.16667,0.0,-1.533333356,0.541666675,0.18790927,4.57931611640742,0.4247739827791618
2021-06-26,357.2875053,373.7583389,302.2250045,0.010104166,97854.58333,0.0,-1.525000023,0.016666667,0.18853601,4.542749237976126,0.4262644361992955
2021-06-27,355.791672,383.5500057,304.4875045,0.0088,97469.58333,0.0,-0.87916668,0.175000003,0.189148764,4.320056653657802,0.3244306830828931
2021-06-28,357.016672,378.0875056,301.6875045,0.01145,97284.16667,0.0,-2.179166699,0.116666668,0.189760881,4.519265824516381,0.4955510684285462
2021-06-29,357.691672,365.9958388,302.0083378,0.008908333,97345.41667,0.0,-0.737500011,0.89166668,0.190387621,4.094668295572621,0.3786189747853737
2021-06-30,356.5500053,365.9666721,302.9083378,0.010158333,97464.58333,0.0,-1.55416669,0.600000009,0.191015001,4.101728607024064,0.4102054523547191
2021-07-01,358.2833387,365.7541721,299.0666711,0.0104375,97663.75,0.0,-2.087500031,0.416666673,0.191627754,4.2232699037394,0.5295381136717626
2021-07-02,361.5250054,361.6791721,300.1583378,0.009979166,97756.66667,0.0,-1.870833361,0.262500004,0.192254495,4.157797424921529,0.4748988274122452
2021-07-03,361.4375054,355.191672,301.1375045,0.008829166,97789.16667,0.0,-1.883333361,0.337500005,0.192867248,4.089393504962152,0.3967064890425944
2021-07-04,354.9250053,370.1625055,301.3916712,0.00885,97846.25,0.0,-1.275000019,1.104166683,0.193493988,4.127613121132729,0.3919773873862492
2021-07-05,365.1875054,340.1833384,301.1833378,0.0090125,97907.08333,0.0,-1.608333357,0.712500011,0.194106741,3.808806056109953,0.4043410756753945
2021-07-06,363.7958388,339.0625051,299.9791711,0.008858333,97957.5,0.0,-1.704166692,0.67500001,0.194718859,3.815168036434464,0.4269366726113841
2021-07-07,369.3250055,335.0916717,301.1916712,0.0064625,97818.75,0.0,-0.225000003,0.800000012,0.195345602,3.452613014001865,0.2895332044629398
2021-07-08,369.4666722,337.2583384,302.0375045,0.007954166,97608.75,0.0,-1.675000025,0.333333338,0.195958356,3.7558936502273417,0.3384027340270733
2021-07-09,358.741672,368.3916722,305.3083379,0.006345833,97755.0,0.0,-1.062500016,-0.020833334,0.196585096,0.991934600548015,0.2238813469336449
2021-07-10,354.3125053,402.0333393,307.9333379,0.00635,97880.41667,0.0,-0.725000011,0.516666674,0.197197849,3.0018709801913475,0.1934261074191783
2021-07-11,358.5833387,387.5458391,308.2000046,0.006375,97702.91667,0.0,-0.004166667,1.087500016,0.197809967,2.798101202305982,0.1909705518540447
2021-07-12,361.4583387,351.9875052,302.0291712,0.007945833,97605.41667,0.0,-1.029166682,0.541666675,0.198436707,3.629890835713109,0.3382012548428055
2021-07-13,359.204172,355.5750053,299.8666711,0.0101625,97622.91667,0.0,-1.691666692,0.120833335,0.199049464,3.83602895867126,0.4913896925865412
2021-07-14,362.4708387,340.8208384,298.2791711,0.009804166,97747.5,0.0,-1.995833363,-0.075000001,0.199676204,3.750070560538592,0.5218885788246282
2021-07-15,355.879172,347.2666718,297.6000044,0.00895,97883.75,0.0,-1.958333363,-0.22916667,0.200288957,3.799366842009741,0.4970149898020431
2021-07-16,360.7375054,331.0125049,297.3750044,0.009379166,97865.83333,0.0,-2.03750003,-0.087500001,0.200386117,3.604863150257915,0.5278859177604001
2021-07-17,356.3875053,345.9500052,300.1583378,0.007154166,97854.58333,0.0,-1.587500024,-0.175000003,0.20047551,3.733446868702561,0.3408008354685731
2021-07-18,353.3708386,354.3041719,302.1166712,0.007533333,97995.83333,0.0,-1.629166691,0.025,0.200550916,3.7173572133287713,0.3202857312319723
2021-07-19,332.3708383,377.6625056,303.1125045,0.007558333,98072.08333,0.0,-1.408333354,0.70000001,0.200625687,3.680582586997085,0.3035024862720099
2021-07-20,355.3958386,361.3000054,301.3916712,0.007920833,98055.83333,0.0,-1.816666694,0.741666678,0.20071508,4.005719230634409,0.3515748897202858
2021-07-21,357.2958387,334.1208383,299.9000045,0.007404166,97863.75,0.0,-0.525000008,0.666666677,0.200790486,3.2600949889198776,0.3581889661511029
2021-07-22,358.9583387,327.0958382,300.8083378,0.0069,97812.91667,0.0,-1.341666687,0.125000002,0.200865256,3.357351270002318,0.3161708160317779
2021-07-23,357.3250053,328.1666716,301.8541712,0.007225,98035.41667,0.0,-1.212500018,0.045833334,0.200954653,3.225111801128568,0.3120507320502997
2021-07-24,351.5000052,353.7625053,303.2416712,0.006741666,98039.16667,0.0,-1.12083335,0.479166674,0.20103006,3.379374593958573,0.2686018966075215
2021-07-25,338.0416717,358.1000053,302.9500045,0.0080375,97846.66667,0.0,-2.02500003,0.183333336,0.201108856,3.655342252160151,0.3250493352933943
2021-07-26,256.1416705,377.370839,301.2708378,0.007579166,97673.33333,0.0,-1.291666686,1.033333349,0.201201913,2.938690071750532,0.3374835550972737
2021-07-27,171.7125026,385.7458391,298.4750044,0.007533333,98071.66667,0.0,-0.925000014,-0.870833346,0.201280964,1.9977150193889488,0.3976346620166417
2021-07-28,322.0375048,367.9291721,301.1625045,0.0072625,98276.25,0.0,-0.383333339,-1.10833335,0.201344728,3.4089134159680183,0.327457653097286
2021-07-29,334.7166717,389.8958391,305.2958379,0.008620833,97974.16667,0.0,-0.275000004,0.808333345,0.201437123,3.331014712453232,0.3050426182921923
2021-07-30,335.8333383,393.9166725,306.5416712,0.008441666,97772.5,0.0,0.383333339,0.441666673,0.201516176,1.4866183030561888,0.2777455987676636
2021-07-31,336.075005,376.1875056,303.8625045,0.007479166,97946.25,0.0,-0.070833334,0.745833344,0.201594591,3.306710953866649,0.2872188216933682
2021-08-01,327.6916715,375.0125056,301.9541712,0.008704166,98175.0,0.0,-1.32500002,0.220833337,0.201673013,3.5839232490877544,0.3742770032324881
2021-08-02,327.1708382,342.2666718,299.7583378,0.0064,98305.0,0.0,-1.629166691,0.462500007,0.201751418,3.389612602556393,0.3136347444147949
2021-08-03,331.8583383,327.5083382,301.0708378,0.006245833,98239.58333,0.0,-1.379166687,0.041666667,0.201829815,3.0329617395789303,0.2830341848464267
2021-08-04,337.387505,317.8458381,302.3875045,0.006045833,97913.33333,0.0,-1.445833355,0.087500001,0.201922843,2.864519461496872,0.2528026385201141
2021-08-05,330.6875049,322.6458381,297.7166711,0.00715,97869.58333,0.0,-0.712500011,0.829166679,0.201987279,2.9339552851769373,0.3942119406168828
2021-08-06,329.3041716,335.4916717,299.7875045,0.008266666,98084.58333,0.0,-0.325000005,0.066666668,0.202079666,2.694589427827613,0.40350324610913
2021-08-07,326.8916715,349.7083385,300.6166711,0.0075125,97836.25,0.0,-1.212500018,-0.008333333,0.202158724,3.232977740532305,0.3482345379896489
2021-08-08,321.7041715,347.8166718,299.2416711,0.009554166,97666.66667,0.0,-1.258333352,-0.025,0.202237145,3.1305163561365683,0.4796991627037114
2021-08-09,317.5208381,354.4833386,300.3000045,0.008616666,97742.08333,0.0,-1.766666693,-0.441666673,0.202315521,3.4000932339661154,0.4065725352679725
2021-08-10,321.4583381,350.6750052,302.0041712,0.007870833,97881.25,0.0,-1.10833335,0.075000001,0.202393935,3.0544398732528126,0.3364467589201295
2021-08-11,315.9916714,371.1416722,304.5250045,0.007391666,97947.5,0.0,-0.412500006,0.370833339,0.202472358,2.7976325038868373,0.2732574698261987
2021-08-12,245.7666703,389.7833391,303.7833379,0.0079,97922.08333,0.0,0.170833336,0.737500011,0.202565383,2.404827484615999,0.3046920259424759
2021-08-13,280.5500042,392.0833392,301.3750045,0.009475,98059.58333,0.0,-1.37500002,-0.066666668,0.202629781,3.2738001092796467,0.4209860499121041
2021-08-14,225.57917,387.7208391,303.8000045,0.009183333,98237.91667,0.0,-0.995833348,-0.083333335,0.202707564,2.226977370238941,0.3549895648888663
2021-08-15,302.2041712,388.9416725,304.9708379,0.010383333,98050.0,0.0,-1.358333354,0.412500006,0.202800599,3.24677572005638,0.3745752517334953
2021-08-16,306.1708379,397.3458393,304.3291712,0.011304166,97577.08333,0.0,-2.004166697,0.137500002,0.20283028,3.697605001443414,0.4210193364340508
2021-08-17,306.9583379,362.6791721,300.8625045,0.008383333,97291.25,0.0,-0.075000001,-0.270833337,0.202871772,2.7618425850555623,0.3808731522991551
2021-08-18,315.170838,318.2250047,299.5833378,0.005575,97572.08333,0.0,1.054166682,-4.67500007,0.202899326,4.104897333082222,0.2740051465374381
2021-08-19,308.1541713,336.4583383,301.8875045,0.005129167,97845.0,0.0,-0.200000003,-5.12083341,0.202926216,3.9025256585327663,0.2206699472011555
2021-08-20,307.1708379,346.9333385,298.1291711,0.0069,97640.0,0.0,-0.908333347,-0.175000003,0.202967749,2.9394372792573344,0.3702167024968512
2021-08-21,305.2833379,333.5916716,295.2333377,0.009020833,97346.25,0.0,-1.245833352,-0.341666672,0.202995285,2.7912974422276093,0.575533237919423
2021-08-22,304.9833379,323.9291715,295.0750044,0.009454166,97538.33333,0.0,-1.329166686,-0.045833334,0.203036794,2.738710078880536,0.6102907151783737
2021-08-23,304.6291712,315.8250047,296.1541711,0.008220833,97560.83333,0.0,-1.641666691,0.004166667,0.203064292,2.899887528285481,0.4967939887530574
2021-08-24,303.7125045,316.470838,295.3791711,0.007783333,97748.33333,0.0,-1.595833357,-0.112500002,0.203091169,3.0202165640272867,0.4941794401274909
2021-08-25,298.5125044,329.7416716,296.2875044,0.0066,97984.16667,0.0,-1.366666687,0.175000003,0.203132704,3.269645604663349,0.3973277960023085
2021-08-26,299.5375045,327.3708382,298.4666711,0.0062,98077.91667,0.0,-0.533333341,-0.250000004,0.203160275,2.9035350426663515,0.3274414380368411
2021-08-27,299.1375045,341.2416718,301.0416712,0.005925,97692.91667,0.0,-0.112500002,-0.641666676,0.203201765,3.1245387890447955,0.267459996178446
2021-08-28,297.7250044,347.9666719,302.3625045,0.005575,97416.25,0.0,-0.037500001,0.004166667,0.203229288,2.825244915271123,0.2322696517631985
2021-08-29,297.1041711,349.6958385,302.6333378,0.0062375,97529.58333,0.0,0.291666671,-0.200000003,0.203256211,3.115675162108734,0.2561041553730458
2021-08-30,295.6416711,337.3916717,302.9083378,0.006333333,97377.08333,0.0,-0.237500004,0.683333344,0.203283101,2.933424958182321,0.2555178464276321
2021-08-31,293.6750044,327.3166715,301.0500045,0.006133333,97156.25,0.0,-0.058333334,0.345833338,0.203324597,2.5842592701623803,0.2752084135036926
2021-09-01,291.4333377,308.8541713,295.1708377,0.007241666,97267.5,0.0,-1.275000019,0.20416667,0.203366749,2.8755507127896345,0.4634270174275617
2021-09-02,294.7083377,294.8708377,293.404171,0.007508333,97778.33333,0.0,-1.483333355,-0.041666667,0.203394291,2.63515726025839,0.5389142009842115
2021-09-03,294.091671,292.5250044,295.7166711,0.006420833,97993.33333,0.0,-0.979166681,0.091666668,0.203435807,2.355840511480511,0.4003139143108927
2021-09-04,288.616671,303.5291712,297.9833378,0.0060375,98014.16667,0.0,-0.604166676,0.045833334,0.20344871,2.1149675783438444,0.3280486886602392
2021-09-05,282.2083375,319.9166714,299.9291711,0.005616667,98001.66667,0.0,-0.708333344,0.112500002,0.203489608,2.166667132390089,0.2716279519520055
2021-09-06,279.7041708,329.0416716,301.2166712,0.0048875,98037.91667,0.0,-0.508333341,0.0,0.203531784,1.9951866418616544,0.2191383384040442
2021-09-07,270.800004,362.1416721,303.6833379,0.004520833,98022.08333,0.0,0.212500003,0.683333344,0.203559318,1.838641532018384,0.1755497859536131
2021-09-08,266.4083373,379.6375057,305.2208379,0.0058,97856.66667,0.0,1.450000022,0.362500005,0.203600857,1.8182263221683737,0.2058615467710506
2021-09-09,190.4916695,388.0541724,305.2375045,0.00745,97603.33333,0.0,0.616666676,0.887500013,0.203613746,1.433842292220073,0.2634905009619215
2021-09-10,231.2500034,393.2250059,300.7666711,0.0098125,97793.33333,1.400000021,0.941666681,0.68750001,0.203654622,6.580785915230338,0.4506427811024559
2021-09-11,264.0666706,347.6375052,298.9583378,0.0091625,98160.41667,0.0,-0.345833338,0.270833337,0.203696792,5.314607547102985,0.4702509756630127
2021-09-12,264.5708373,342.9000051,300.1833378,0.007075,98062.08333,0.0,-0.262500004,0.095833335,0.203724305,4.531056429749125,0.337244448255822
2021-09-13,265.087504,340.1750051,300.8333378,0.006504167,97887.5,0.0,-0.370833339,0.029166667,0.203765772,3.774774104746892,0.2978210234067611
2021-09-14,264.3875039,331.7416716,301.2875045,0.006091667,97791.66667,0.0,0.037500001,0.25416667,0.203793254,3.1121255205918263,0.2713113541053423
2021-09-15,265.8416706,320.1416714,300.4541711,0.006008333,97722.08333,0.0,-0.679166677,0.562500008,0.203820171,2.7419903327121817,0.2808688731515159
2021-09-16,257.8833372,312.0500046,295.4083377,0.0076375,97595.83333,0.0,-1.32500002,0.066666668,0.203462086,2.50436229058868,0.4832966247629464
2021-09-17,253.7750038,323.6708382,295.0500044,0.007795833,97786.66667,0.0,-1.179166684,0.058333334,0.203087168,2.5290272029654552,0.5053000340917192
2021-09-18,140.8541688,338.9083384,294.5375044,0.008229166,97946.66667,0.0,0.558333342,2.454166703,0.20269765,1.533023302220092,0.5514355235364417
2021-09-19,208.2208364,351.6625052,293.179171,0.008008333,98283.75,0.0,1.500000022,0.983333348,0.20230756,2.330684898540797,0.5859511278437978
2021-09-20,250.8833371,312.7291713,296.8625044,0.004525,98332.91667,0.0,1.420833355,-5.412500081,0.201946635,3.8961005805366993,0.2639730857346267
2021-09-21,245.333337,319.2166714,299.7958378,0.003654167,98390.41667,0.0,-0.133333335,-1.36250002,0.201557748,2.257239123672598,0.1788306920235296
2021-09-22,241.9708369,342.1541718,300.4875045,0.005570833,98500.83333,0.0,-0.112500002,0.475000007,0.201182124,2.077170523282833,0.2619758594588562
2021-09-23,243.2916703,328.6625049,300.5708378,0.004879167,98160.41667,0.0,1.400000021,-1.712500026,0.200793791,2.58126540154442,0.2275333608459464
2021-09-24,241.1500036,331.9541716,301.1541712,0.0039375,97915.83333,0.0,0.300000004,-0.558333342,0.200412376,1.830361078419428,0.1769728797727916
2021-09-25,231.4458368,338.450005,298.7041711,0.006079167,97940.41667,0.0,-0.779166678,1.200000018,0.200039562,2.2640977056931777,0.31607623339171
2021-09-26,231.4666701,333.437505,294.8208377,0.006870833,97973.75,0.0,-0.525000008,1.304166686,0.199652141,2.2003391632214253,0.4525477048955274
2021-09-27,145.8041688,337.075005,291.591671,0.007004166,98077.91667,0.0,0.358333339,1.404166688,0.1992752,1.2853247006323325,0.5651187179225227
2021-09-28,230.3708368,304.8000045,290.6125043,0.005445833,98337.08333,0.0,3.183333381,-0.516666674,0.198894137,2.31225577881713,0.4688326856791854
2021-09-29,230.4291701,291.279171,292.979171,0.003508333,98222.91667,0.0,1.208333351,-2.425000036,0.198508839,2.343644747995552,0.2597682390788239
2021-09-30,229.8375034,304.7000045,296.5500044,0.0030625,98251.25,0.0,0.833333346,-2.487500037,0.198134661,2.485147303649196,0.1819334760994596
2021-10-01,207.6583364,317.9791714,295.7875044,0.0033375,98192.91667,0.0,-0.387500006,-0.287500004,0.197751987,1.386013551932269,0.2076007675234195
2021-10-02,221.3125033,320.8458381,296.7208378,0.0043875,98275.83333,0.0,0.187500003,0.233333337,0.197365229,1.4216041804064348,0.2580158561448038
2021-10-03,219.6916699,321.2750048,297.0000044,0.00515,98162.91667,0.0,-0.033333334,0.295833338,0.196993697,1.373489111623443,0.2974201242714831
2021-10-04,215.3708365,315.3375047,295.9625044,0.005475,97977.5,0.0,-1.020833349,0.400000006,0.196605958,1.6440282989017114,0.3361899429899645
2021-10-05,198.6416696,324.9666715,296.8083378,0.003466667,97814.16667,0.0,0.354166672,1.291666686,0.196237262,1.7573296268710443,0.2018299883276317
2021-10-06,169.4208359,343.2875051,291.6833377,0.006445833,97980.41667,0.0,0.19166667,1.791666693,0.195842627,1.7240349707724012,0.5165484684344611
2021-10-07,170.4708359,324.2833382,289.5625043,0.0054,98010.83333,0.0,-0.379166672,0.487500007,0.195467578,1.2764283489869042,0.4955827773986861
2021-10-08,207.5583364,303.6791712,287.7833376,0.005658333,98115.41667,0.0,-0.825000012,-0.345833338,0.195084857,1.4690981832338366,0.5833526799313097
2021-10-09,206.8375031,299.1791711,287.7875043,0.005370833,98678.33333,0.0,-0.625000009,-0.604166676,0.194701592,1.412547078698139,0.5567379624574772
2021-10-10,203.1416697,294.4708377,291.266671,0.0049,98598.75,0.0,0.295833338,0.441666673,0.194338011,1.165819925545314,0.4057197648431149
2021-10-11,206.7500031,272.9583374,290.4458377,0.003370833,98176.66667,0.0,2.416666703,-4.500000067,0.193949316,2.5437641690006254,0.2928211430855625
2021-10-12,206.3125031,246.5291703,288.0458376,0.001983333,98402.5,0.0,1.629166691,-6.979166771,0.193559494,2.8456728831112525,0.2015937648139426
2021-10-13,198.0458363,279.7291708,287.991671,0.002716667,98167.5,0.0,-0.083333335,-0.362500005,0.193184292,1.0389927620768618,0.2764466854003443
2021-10-14,197.0625029,283.9208376,289.441671,0.002995833,98470.83333,0.0,1.320833353,-2.733333374,0.192795106,1.9844760155059047,0.2783882432864584
2021-10-15,197.0291696,281.4333375,290.904171,0.0029375,98664.58333,0.0,0.412500006,-0.86666668,0.192426815,1.1962321841225056,0.2490599093881294
2021-10-16,192.8041695,287.929171,291.6583377,0.003170833,98470.83333,0.0,0.354166672,0.325000005,0.191425102,0.9792088775818,0.255776491767621
2021-10-17,99.62083482,316.6750047,292.441671,0.003370833,97750.41667,0.0,1.59166669,3.33750005,0.190395808,1.519687336381493,0.2569074281196569
2021-10-18,164.4583358,304.1166712,284.4541709,0.005095833,97901.66667,1.400000021,2.883333376,1.154166684,0.189362954,2.0162687756542432,0.653299122667882
2021-10-19,162.7166691,289.0500043,283.9458376,0.004870833,98223.33333,0.0,-0.279166671,0.095833335,0.18832975,2.139595531972751,0.6482598890597527
2021-10-20,55.88333417,352.1666719,286.5541709,0.006470833,98195.41667,4.200000063,-1.283333352,1.904166695,0.18731116,6.585150228109307,0.7236969834063078
2021-10-21,45.09166734,370.4958389,287.8625043,0.0096125,98482.5,6.800000101,-0.90416668,0.450000007,0.186278579,10.91944497583207,0.9895970482517004
2021-10-22,131.2791686,362.2916721,290.041671,0.0086375,98053.33333,8.200000122,1.604166691,3.329166716,0.185245366,66.97688415308673,0.7690202287075169
2021-10-23,45.09166734,345.9916718,286.9458376,0.006783333,97965.0,15.60000023,0.68750001,2.387500036,0.184212149,25.107083088344663,0.7376146375903398
2021-10-24,66.07916765,371.9166722,286.4500043,0.008870833,97158.75,67.70000101,-1.36250002,2.154166699,0.183193559,28.37799583687853,0.9884020369827928
2021-10-25,123.5083352,346.8333385,286.7750043,0.0069375,97030.0,19.10000028,2.004166697,2.325000035,0.182160982,57.305531172003256,0.7556155010245879
2021-10-26,52.97500079,316.9250047,286.3583376,0.006379167,98354.58333,0.100000001,1.575000023,2.887500043,0.181127766,13.124567680636371,0.7238891552808672
2021-10-27,138.4958354,361.8750054,287.3666709,0.008208333,99106.25,0.100000001,-0.370833339,0.054166667,0.180109175,26.17458488722364,0.878389838219761
2021-10-28,164.1666691,310.4875046,290.304171,0.009033333,98905.41667,0.0,0.820833346,-0.291666671,0.17907658,14.064729217787702,0.7977326490253263
2021-10-29,157.7333357,311.6666713,289.9875043,0.009395833,98312.91667,0.0,0.0125,0.43333334,0.17804911,10.46434446053838,0.8416684528834592
2021-10-30,114.7166684,340.3875051,290.629171,0.009475,97911.66667,0.0,0.495833341,1.658333358,0.177007384,7.660388120877724,0.81131250008864
2021-10-31,111.2625017,318.9000048,286.5541709,0.007216666,98070.0,0.0,0.500000007,2.158333365,0.175992419,4.9225577852818,0.8060799790974237
2021-11-01,41.29166728,359.1875054,286.9708376,0.008245833,98257.08333,2.600000039,-0.720833344,0.400000006,0.174969729,4.959390776796544,0.8978438070933434
2021-11-02,73.09166776,363.6125054,286.6041709,0.0079,98723.75,0.300000004,-0.770833345,0.604166676,0.173932026,8.739101775538975,0.885367616423701
2021-11-03,140.5291688,314.720838,287.616671,0.0075125,98781.25,0.0,0.45833334,0.437500007,0.172908313,8.242483838843608,0.7882973397311084
2021-11-04,129.8791686,349.0958385,290.3000043,0.008379166,98432.91667,1.100000016,1.041666682,2.820833375,0.171870614,11.938463085322809,0.7366244727072613
2021-11-05,131.625002,300.5208378,286.7750043,0.006791666,98497.91667,0.0,0.829166679,0.950000014,0.170846898,5.43240369476269,0.7509226360353195
2021-11-06,97.71250146,318.2250047,286.3541709,0.006833333,98431.25,0.0,0.875000013,1.029166682,0.169809198,3.6959034761571727,0.7762444360811127
2021-11-07,147.1291689,275.5250041,283.4833376,0.0047875,98727.91667,0.0,1.937500029,0.537500008,0.168785486,3.88608199749168,0.6607253531618733
2021-11-08,108.0625016,284.8000042,282.9208375,0.0043375,98535.83333,0.0,0.745833344,0.175000003,0.167762406,2.421226486988371,0.6206450972879483
2021-11-09,62.22500093,344.8791718,284.5583376,0.0071,98296.25,11.70000017,-0.320833338,1.200000018,0.166724706,17.23993623639486,0.9075526430716108
2021-11-10,78.2708345,348.2000052,285.9833376,0.0082375,99135.0,0.0,-0.45833334,-0.670833343,0.165700994,15.609971861950791,0.965827504236522
2021-11-11,132.3291686,314.1541713,287.2583376,0.0077875,99202.91667,0.0,1.09583335,0.070833334,0.164663291,17.079953064141886,0.8401077043858676
2021-11-12,135.6791687,301.9125045,287.8083376,0.0084875,99019.16667,0.0,0.770833345,-0.008333333,0.163639579,10.926954437105968,0.8816499675227653
2021-11-13,133.6208353,300.5500045,287.6583376,0.0078875,98910.83333,0.0,0.829166679,-0.029166667,0.162616502,9.371585985619204,0.8264799063955521
2021-11-14,127.8375019,299.9625045,286.2916709,0.007820833,98804.58333,0.0,-0.404166673,0.108333335,0.161578799,7.424585414809644,0.8954776833372099
2021-11-15,125.3750019,298.2416711,283.7500042,0.007854166,98625.83333,0.0,-0.975000015,0.20416667,0.160555087,5.600826429160756,1.0635290806188569
2021-11-16,130.8500019,322.1750048,285.6125043,0.007445833,98577.08333,0.0,0.579166675,-1.041666682,0.160075414,7.828228675608956,0.8896975107770715
2021-11-17,130.3833353,275.4208374,285.0916709,0.003745833,98448.33333,0.0,0.250000004,-0.525000008,0.159633991,4.361241264864027,0.4627625394249373
2021-11-18,52.81250079,318.0000047,282.4000042,0.0055125,98522.91667,0.0,0.008333333,0.225000003,0.159163957,1.8409862599034577,0.817100709526683
2021-11-19,63.75833428,342.0916718,283.6291709,0.007454166,98608.33333,0.70000001,-0.550000008,-0.595833342,0.158707272,3.5685397276191413,1.017442162540817
2021-11-20,128.1833352,283.9416709,284.5916709,0.005616667,98850.83333,0.0,1.291666686,-2.2291667,0.158251225,3.6926701656433134,0.7203878683382585
2021-11-21,130.1250019,249.120837,287.629171,0.0030625,99029.16667,0.0,0.708333344,-3.758333389,0.157809802,5.357783201218372,0.3218960450287572
2021-11-22,127.6541686,254.3625038,284.7333376,0.004095833,98878.33333,0.0,1.09583335,-0.095833335,0.157354391,1.8441998947202936,0.5205168404966901
2021-11-23,121.8208351,267.8041707,283.2416709,0.00515,98393.33333,0.0,0.512500008,-0.187500003,0.156898345,1.6654064307020844,0.7200138054208569
2021-11-24,126.8125019,245.083337,285.6166709,0.002945833,98817.5,0.0,1.845833361,-4.350000065,0.156456922,4.134773074391937,0.3527564595964321
2021-11-25,117.1000017,257.3416705,283.5875042,0.0032,99295.83333,0.0,0.304166671,-0.537500008,0.156001508,1.1273705233253888,0.4410613624304042
2021-11-26,121.3458351,272.6750041,284.2708376,0.004466667,99189.16667,0.0,0.716666677,0.225000003,0.155530838,1.6439801890116228,0.5873461243659679
2021-11-27,116.0625017,302.8583378,286.4791709,0.0051,98721.66667,0.0,1.233333352,-0.158333336,0.155074156,2.6119879300219213,0.5762816180926145
2021-11-28,115.8750017,295.4166711,285.9833376,0.006983333,98880.83333,0.0,0.0,0.237500004,0.154632733,1.7977234335573369,0.8166801501619634
2021-11-29,117.1291684,288.3250043,286.7750043,0.007625,98887.5,0.0,1.150000017,-0.008333333,0.154177322,1.3098864056409312,0.846394975699297
2021-11-30,119.1041684,273.5375041,287.9125043,0.006154167,98718.75,0.0,1.162500017,0.025,0.153721276,1.1421058535046136,0.6330183981986796
2021-12-01,116.3583351,282.8791709,289.0208376,0.0045625,98660.41667,0.0,-0.354166672,-0.508333341,0.153265226,1.1767160668581167,0.4364747932977072
2021-12-02,114.4166684,276.8125041,286.8666709,0.005416667,98597.5,0.0,1.054166682,0.020833334,0.152823803,1.3637654052154695,0.5958987120546854
2021-12-03,113.3375017,277.3500041,285.4750043,0.006079167,98529.58333,0.0,0.937500014,0.083333335,0.152368392,1.2406585843392333,0.7327071962676228
2021-12-04,110.6625016,282.6416709,283.0958376,0.00635,98707.08333,0.0,-0.654166676,0.237500004,0.151897723,1.3435699085619506,0.8994532671493414
2021-12-05,112.7375017,273.2125041,282.4791709,0.006145833,99076.66667,0.0,0.295833338,0.150000002,0.151455664,1.0767536032984228,0.9111709918505326
2021-12-06,51.52916743,296.3000044,280.4583375,0.005854167,98781.25,0.0,-0.89166668,0.145833336,0.15100025,0.1809434845130425,0.9941378324815586
2021-12-07,90.40000135,339.2125051,282.3250042,0.006504167,98275.0,1.500000022,0.412500006,-0.24166667,0.150544203,4.018938484423192,0.96659506793498
2021-12-08,83.68750125,298.9375045,282.4708375,0.007225,98261.66667,0.0,-0.895833347,-0.275000004,0.150088157,0.9442641742775504,1.0629581738562426
2021-12-09,106.5833349,312.1750047,282.6041709,0.006279167,98029.16667,0.0,0.43333334,-0.683333344,0.149646733,2.444057151043164,0.913293358104806
2021-12-10,112.0416683,243.4375036,280.1833375,0.003533333,98610.41667,0.0,2.03750003,-1.408333354,0.149191323,1.24865711515804,0.6105089453365821
2021-12-11,67.74583434,284.7250042,278.2500041,0.0037,98856.25,0.0,0.425000006,0.783333345,0.148735277,0.7471140684750741,0.7336995472337389
2021-12-12,26.5875004,336.637505,280.9208375,0.005745833,98093.33333,8.500000127,-0.862500013,0.329166672,0.148279227,5.425417426949099,0.938469182046327
2021-12-13,45.49583401,344.9875051,282.1041709,0.006629166,97288.33333,17.30000026,-1.200000018,2.854166709,0.14782318,17.135487299386263,0.9900893571213542
2021-12-14,78.17916783,309.7791713,279.8250042,0.004754167,97307.08333,5.500000082,1.037500015,1.583333357,0.147367134,23.6015416998169,0.8310320800480785
2021-12-15,26.27500039,287.4125043,278.3708375,0.00445,98370.0,3.700000055,-0.466666674,1.308333353,0.146911088,0.0,0.870636784643295
2021-12-16,71.3083344,317.7791714,280.8041709,0.005741667,98197.91667,12.40000018,-1.016666682,1.933333362,0.146595206,18.88526607711657,0.946376506634058
2021-12-17,111.0041683,242.5000036,279.0125042,0.004658333,98963.33333,0.0,0.920833347,-0.833333346,0.146300041,4.894158647063224,0.8764821931263892
2021-12-18,96.0791681,248.1000037,277.3708375,0.004458333,99138.33333,0.0,-0.47083334,0.308333338,0.145990889,2.756767712626789,0.9435069812915232
2021-12-19,86.05833462,288.4875043,275.9791708,0.004570833,98614.16667,0.0,-0.925000014,0.120833335,0.145681102,8.3886653637278,1.0627744938295836
2021-12-20,56.55416751,302.2333378,277.0416708,0.004820833,98623.75,0.0,-0.933333347,-1.012500015,0.145371314,4.711545628994409,1.0389664613075429
2021-12-21,38.05416723,307.4375046,277.7958375,0.004966667,98709.58333,1.300000019,0.137500002,0.004166667,0.145061523,3.468835060725818,1.0154758131616008
2021-12-22,43.39166731,337.175005,278.1791708,0.005370833,98494.16667,18.20000027,-1.09583335,0.43333334,0.144766358,16.27860290254182,1.0664343045736993
2021-12-23,46.9375007,338.5708384,282.1583375,0.006566667,97454.58333,5.200000077,-0.42083334,0.554166675,0.144457206,14.969288259774975,0.9788035927340905
2021-12-24,78.2833345,315.9125047,283.4625042,0.005725,97119.58333,1.400000021,3.258333382,2.720833374,0.144147418,30.84960617086507,0.7783333975303276
2021-12-25,37.6958339,312.595838,281.8333375,0.005216667,97340.41667,10.10000015,4.375000065,4.262500064,0.14383763,30.05231486217543,0.7941159915889078
2021-12-26,55.17083416,286.0958376,278.4666708,0.004029167,97605.83333,1.300000019,2.291666701,3.700000055,0.143527843,17.189386971413853,0.7769177785976682
2021-12-27,72.49166775,313.8750047,279.7375042,0.0043375,97709.16667,3.000000045,1.762500026,2.883333376,0.143232678,27.68041628236137,0.7659831847612746
2021-12-28,32.50416715,304.9375045,276.4500041,0.003716667,97755.0,0.200000003,0.366666672,0.479166674,0.182998192,5.146964903868553,0.828200743307955
2021-12-29,30.80833379,327.3083382,275.5875041,0.004245833,97478.33333,5.000000075,0.020833334,-1.37500002,0.297417968,10.576598828365226,1.0037360558860229
2021-12-30,61.67083425,326.1208382,277.6208375,0.0043,97882.08333,0.0,0.816666679,0.450000007,0.307646917,14.599689297307632,0.8826723899650815
2021-12-31,109.745835,252.3666704,277.4208375,0.004154167,97808.75,0.0,0.462500007,-0.245833337,0.264783546,4.118264527112747,0.8642726200818109
2022-01-01,103.8708349,227.8375034,277.7208375,0.0035125,98515.0,0.0,1.479166689,-1.116666683,0.231672448,3.103380314757951,0.7205594398458535
2022-01-02,51.63750077,249.4750037,276.1875041,0.003525,99069.58333,0.0,-0.083333335,-0.041666667,0.207398732,0.0,0.811167476114825
2022-01-03,26.16250039,305.4750046,279.6875042,0.005141667,98694.58333,0.600000009,-1.012500015,1.704166692,0.188544426,0.9274074830170222,0.9203527109803584
2022-01-04,25.65000038,343.8541718,284.6875042,0.006929166,98820.0,1.600000024,0.587500009,3.645833388,0.148258518,7.722828971653394,0.8827715867079027
2022-01-05,53.59583413,345.0625051,283.6500042,0.006525,99063.75,0.0,-0.008333333,1.041666682,0.141759384,9.684127517504775,0.8934741846574052
2022-01-06,79.47916785,305.4500046,281.7875042,0.006741666,98678.33333,0.0,0.141666669,0.595833342,0.140644695,5.494827266156864,1.0436371484864424
2022-01-07,55.37500083,309.3625046,282.8791709,0.006545833,97922.08333,0.200000003,0.075000001,2.041666697,0.14004054,2.5628459694740893,0.933433145594774
2022-01-08,106.9458349,262.7125039,281.8125042,0.005379167,98412.5,0.0,1.962500029,-0.529166675,0.139613768,3.7836850917795513,0.8290530821688259
2022-01-09,109.3500016,245.620837,280.9250042,0.004575,99014.16667,0.0,0.558333342,-0.495833341,0.139278549,1.5827941650137265,0.7540343959252417
2022-01-10,105.6541682,278.2458375,282.3416709,0.0049,99552.08333,0.0,0.387500006,-0.179166669,0.138942059,3.822535930772751,0.7368223566040689
2022-01-11,108.720835,265.3458373,283.8000042,0.005104167,99482.5,0.0,1.283333352,0.054166667,0.138632271,2.779181848617536,0.694811508977739
2022-01-12,111.170835,271.712504,282.7125042,0.005204167,99197.5,0.0,0.195833336,0.287500004,0.138322483,2.742400817381829,0.7603364315295765
2022-01-13,111.4541683,273.3208374,282.1666709,0.006033333,99038.33333,0.0,-0.412500006,0.329166672,0.138012696,2.530269195786873,0.9134017250500998
2022-01-14,116.1416684,255.4000038,284.5791709,0.005204167,98984.16667,0.0,1.533333356,-2.162500032,0.137702908,2.8874053106639157,0.6689408771448895
2022-01-15,116.4708351,250.0041704,284.9458376,0.00435,98963.75,0.0,0.562500008,-1.037500015,0.13739312,1.6426326439705503,0.5454961304927969
2022-01-16,78.39166783,267.537504,282.0750042,0.004916667,98776.25,0.0,0.65000001,0.233333337,0.137856081,0.1721487942560016,0.7470391586096178
2022-01-17,112.320835,260.4458372,281.6916709,0.004775,98489.58333,0.0,0.304166671,0.575000009,0.138338021,1.6432894746031317,0.7426350567965122
2022-01-18,108.9291683,263.1541706,281.3791709,0.004945833,98517.91667,0.0,0.729166678,0.020833334,0.138819321,1.5552085204385928,0.7861033315496245
2022-01-19,115.2958351,273.5750041,283.6583376,0.005358333,98856.25,0.0,0.641666676,-0.320833338,0.139300625,2.047373277514993,0.7317731289860008
2022-01-20,113.8375017,274.5791708,285.5083376,0.005545833,99172.91667,0.0,0.708333344,-0.441666673,0.139796551,1.7461383907998838,0.6713014789276062
2022-01-21,122.8416685,260.2875039,285.2625043,0.004791667,99111.66667,0.0,1.183333351,-3.454166718,0.140278487,4.143936977793065,0.5892098776644883
2022-01-22,123.6666685,248.0375037,288.716671,0.002875,98947.08333,0.0,1.262500019,-8.25416679,0.140759791,13.516473764681212,0.2813186613550247
2022-01-23,124.4083352,251.4625037,286.6500043,0.003429167,98960.83333,0.0,-0.337500005,-2.720833374,0.141255714,4.256269505137997,0.3840750791018535
2022-01-24,123.4833352,250.3250037,282.8583375,0.0044125,98861.25,0.0,0.691666677,0.091666668,0.141737654,1.2819981277219756,0.6361545383935517
2022-01-25,129.8083353,244.2750036,283.0916709,0.004245833,98482.08333,0.0,1.104166683,-2.2541667,0.142233581,2.781055403106052,0.6002045768978614
2022-01-26,130.1708353,232.9458368,282.9125042,0.002791667,98632.08333,0.0,0.375000006,-1.466666689,0.142715517,2.1884634081408016,0.400070965116578
2022-01-27,132.1708353,237.2125035,282.7458375,0.003408333,98915.41667,0.0,0.454166673,-0.754166678,0.143211443,1.4269914996797537,0.4954229043739189
2022-01-28,132.337502,242.7875036,282.7833375,0.003325,99203.33333,0.0,0.262500004,-0.354166672,0.143693379,1.1997862321449986,0.4834833985395248
2022-01-29,133.3916687,247.770837,282.2125042,0.003479167,99011.25,0.0,1.166666684,-0.016666667,0.144174683,2.261963616066294,0.5249311876711646
2022-01-30,131.7208353,246.3916703,281.5208375,0.004229167,98852.91667,0.0,0.166666669,0.350000005,0.144670606,1.336365813510552,0.6679506225476838
2022-01-31,132.6541686,261.9791706,282.2041709,0.0052875,98872.5,0.0,0.375000006,-0.825000012,0.145152545,2.0368048611560385,0.7971048324418853
2022-02-01,150.5708356,233.1875035,284.1166709,0.0024125,98554.16667,0.0,2.116666698,-6.708333433,0.145633849,10.06120259088448,0.3184819054380148
2022-02-02,146.5208355,234.6958368,282.7250042,0.002225,98839.58333,0.0,1.679166692,-4.745833404,0.146129772,7.27671412061949,0.3236278020943993
2022-02-03,131.8458353,265.6083373,283.1625042,0.003333333,99022.5,0.0,1.09583335,-1.150000017,0.146611712,3.364048483834232,0.4715285548602915
2022-02-04,151.4041689,250.2500037,284.2916709,0.003579167,99391.66667,0.0,0.150000002,-2.095833365,0.147093012,3.810289837821257,0.4709459511935622
2022-02-05,154.5583356,256.1666705,283.8833376,0.003829167,99376.25,0.0,0.791666678,-1.09583335,0.147588939,3.2428138850544626,0.5177797345538376
2022-02-06,157.991669,245.2750037,286.6166709,0.003354167,99097.08333,0.0,0.25416667,-1.891666695,0.148070878,3.696080432029044,0.3770187316329035
2022-02-07,156.916669,251.8041704,285.1958376,0.0040125,99212.91667,0.0,0.325000005,-0.754166678,0.148552178,2.358154926078456,0.4961008408582094
2022-02-08,159.691669,255.0500038,287.0250043,0.0038,99228.33333,0.0,0.970833348,-1.962500029,0.149033482,4.1813263752290215,0.4163678722152077
2022-02-09,158.7958357,261.5208372,290.491671,0.0033875,99075.83333,0.0,0.970833348,-4.820833405,0.149529405,8.80298647464016,0.2960960809289364
2022-02-10,161.2416691,277.5125041,293.3083377,0.005104167,98892.5,0.0,0.908333347,-4.912500073,0.150011345,8.734884006651438,0.3727522533375407
2022-02-11,163.7083358,277.2375041,289.5875043,0.0056875,98663.33333,0.0,0.600000009,-1.008333348,0.150492648,3.2586282404385423,0.5245986955357566
2022-02-12,166.4958358,270.6583374,288.7000043,0.0050375,98684.16667,0.0,0.087500001,-0.525000008,0.150988572,2.5375655191643225,0.4921403969359385
2022-02-13,162.6458358,277.3625041,287.2750043,0.0048875,98973.33333,0.0,0.883333346,-0.087500001,0.151470511,3.261987954066,0.5254643209127764
2022-02-14,160.0166691,285.1208376,287.0333376,0.0056375,98555.41667,0.0,0.533333341,1.004166682,0.151951811,3.5565574773203514,0.6131792085645572
2022-02-15,170.7750025,259.5500039,283.9458376,0.003175,98070.0,0.0,3.495833385,-4.029166727,0.152433115,7.316092661832616,0.4219015757209914
2022-02-16,171.3250026,254.3625038,285.4458376,0.003183333,98340.41667,0.0,1.245833352,-4.345833398,0.152966527,6.981461283933662,0.3836858839899423
2022-02-17,177.5000026,251.7250038,288.0333376,0.003083333,99016.25,0.0,0.345833338,-5.141666743,0.153472963,8.655108494300787,0.3156135886151409
2022-02-18,172.0083359,260.1250039,284.1083376,0.00345,99190.83333,0.0,0.479166674,-0.316666671,0.15399275,3.02435524299847,0.4586445945609891
2022-02-19,179.0000027,263.3041706,284.9416709,0.004266667,98806.66667,0.0,0.066666668,0.025,0.154498547,2.7866074168915307,0.5343453755336462
2022-02-20,166.5791691,280.3875042,284.9041709,0.005204167,98125.41667,0.0,-0.612500009,0.283333338,0.155032957,3.4358963630238577,0.6488839456095902
2022-02-21,172.7250026,252.5250038,282.4541709,0.003820833,97881.66667,0.0,0.912500014,-1.066666683,0.155554012,3.355588880611993,0.5605915723150375
2022-02-22,161.2625024,270.4583374,279.7875042,0.003320833,97927.5,0.0,3.616666721,0.550000008,0.156055187,4.410702878969051,0.5857120684071961
2022-02-23,189.8458362,229.5416701,278.0791708,0.002329167,98288.75,0.0,1.816666694,-4.170833395,0.156589863,4.505290809176221,0.46478431103965
2022-02-24,190.1958362,223.3458367,277.7625041,0.001654167,99017.91667,0.0,0.237500004,-0.22916667,0.157111363,2.5602982656342888,0.3400658537302778
2022-02-25,195.5666696,227.9333367,279.5541708,0.002383333,99089.16667,0.0,0.504166674,-1.204166685,0.157617703,3.412612842414864,0.4323192448671529
2022-02-26,183.6041694,238.8791702,280.3750042,0.002629167,99192.5,0.0,0.491666674,-0.062500001,0.158138009,2.813129634363374,0.4509313181816003
2022-02-27,180.133336,312.5375047,283.1458376,0.004125,99440.0,0.0,-0.125000002,0.287500004,0.158644264,5.331788578446346,0.5866386387034886
2022-02-28,191.7541695,290.929171,285.4541709,0.004658333,99224.16667,0.0,-0.970833348,0.520833341,0.159164466,5.269680204851735,0.5661990227468844
2022-03-01,204.2708364,291.9625044,287.7208376,0.005608333,98845.83333,0.0,-0.89166668,0.562500008,0.159685379,5.607074764695044,0.5848829639883786
2022-03-02,190.9583362,309.3791713,287.1500043,0.0060375,98522.91667,0.0,-0.691666677,0.391666673,0.160206193,5.675290768754336,0.6514644407939462
2022-03-03,83.98750125,341.2750051,287.2458376,0.005545833,97997.5,4.200000063,1.558333357,0.404166673,0.160727048,8.20771163615197,0.591493454478102
2022-03-04,203.5208364,326.8333382,285.5250043,0.006391667,97813.75,0.0,1.391666687,0.941666681,0.161233377,12.905664993224152,0.7622384850482419
2022-03-05,148.9583356,277.2041708,280.3875042,0.003404167,98223.33333,0.0,1.254166685,0.154166669,0.161753625,5.933426504985258,0.577647428510028
2022-03-06,221.61667,255.2583371,281.8000042,0.003508333,98869.16667,0.0,1.229166685,-1.266666686,0.162274617,8.006106192288062,0.5436888567605488
2022-03-07,232.8750035,243.0916703,284.7166709,0.002575,99311.66667,0.0,0.554166675,-4.433333399,0.162795513,10.929442106302533,0.3290431839651757
2022-03-08,230.5291701,257.4083372,286.9208376,0.002779167,99034.16667,0.0,0.67500001,-2.554166705,0.163316364,9.63307389573476,0.3060048731969493
2022-03-09,204.0291697,278.3500041,287.4166709,0.003325,98339.16667,0.0,0.145833336,0.625000009,0.163822575,6.787342451220809,0.3519073071843548
2022-03-10,241.4791703,248.4541704,286.2458376,0.002991667,98405.83333,0.0,0.820833346,-4.529166734,0.164342866,10.060563019038398,0.3421946990593648
2022-03-11,243.545837,239.8625036,285.2500043,0.001866667,99060.83333,0.0,0.641666676,-1.116666683,0.164878471,6.571306327343752,0.2296089831799406
2022-03-12,225.2375034,262.1541706,286.0750043,0.002554167,98957.08333,0.0,-0.770833345,1.400000021,0.165385429,6.586366616464464,0.2971250033704919
2022-03-13,202.3166697,308.4291713,286.3541709,0.004454167,98595.41667,0.0,-0.516666674,2.062500031,0.165900557,6.938322974398305,0.506822792534742
2022-03-14,187.6166695,295.9208377,284.9583376,0.003570833,98965.0,1.500000022,-0.287500004,0.387500006,0.166410024,7.72065639014935,0.4474197150188077
2022-03-15,145.0083355,356.3625053,289.0333376,0.006879166,98865.0,0.0,1.241666685,1.78333336,0.166933853,7.084082059097811,0.6589326223490901
2022-03-16,246.3791703,303.1916712,287.4083376,0.005258333,98872.5,0.0,1.741666693,-0.762500011,0.166813092,8.68010933801499,0.559848521646017
2022-03-17,160.1791691,291.379171,288.0000043,0.0045625,98641.25,0.0,-0.045833334,0.262500004,0.166635028,3.802658400311421,0.4662651650996265
2022-03-18,231.6000035,285.7375043,287.3083376,0.005491667,98563.33333,0.0,-0.441666673,-0.150000002,0.166484943,6.452850389127068,0.5866912779050367
2022-03-19,179.7166693,325.7458382,288.154171,0.005070833,98022.08333,0.0,1.050000016,1.870833361,0.166321502,6.420327541793248,0.5098197937639501
2022-03-20,218.7083366,281.0083375,284.7375042,0.004075,98556.25,0.0,1.09583335,-1.966666696,0.166157425,5.721991304483769,0.5160386205330277
2022-03-21,246.2416703,291.4208377,288.541671,0.0036875,98950.0,0.0,1.487500022,-1.379166687,0.165993352,7.396306219737749,0.364947861350942
2022-03-22,257.8041705,307.3250046,295.7000044,0.006229167,98869.16667,0.0,1.329166686,-5.80833342,0.165843898,11.743201865479794,0.3922359267525768
2022-03-23,258.6708372,310.5541713,292.9458377,0.0068,98604.16667,0.0,0.425000006,-0.487500007,0.165680461,6.7326888216798695,0.5065044105796948
2022-03-24,248.4666704,310.945838,292.6458377,0.007441666,98474.58333,0.0,-0.137500002,-0.008333333,0.165516385,6.054595832789784,0.5640839658010067
2022-03-25,260.2500039,307.4291712,291.4000043,0.007254166,98227.08333,0.0,-0.858333346,0.329166672,0.165352308,6.07770836684812,0.5933408221237899
2022-03-26,186.2166694,304.0000045,291.1958377,0.005983333,97916.25,0.0,-0.500000007,0.633333343,0.165188235,3.501013354098522,0.4942077707782312
2022-03-27,181.8166694,328.4916716,290.1583377,0.0058875,97279.58333,0.0,0.0,1.495833356,0.165024158,4.564821630700418,0.516172074897931
2022-03-28,168.6875025,342.8666718,285.0666709,0.006875,97301.66667,10.60000016,-0.504166674,1.037500015,0.164874708,37.39449906886093,0.8408495698388203
2022-03-29,266.1916706,293.1500044,285.8208376,0.006833333,97878.33333,0.200000003,0.762500011,0.379166672,0.164711267,33.778315424859954,0.799595984751483
2022-03-30,265.3583373,298.4916711,286.3291709,0.0072375,98400.41667,0.0,-0.195833336,0.566666675,0.164547194,25.96078795694601,0.8232562199441844
2022-03-31,278.9166708,290.4833377,286.0041709,0.0058125,98190.83333,0.0,0.404166673,-1.329166686,0.164383118,19.080522717328783,0.6740811958123564
2022-04-01,289.679171,280.0083375,289.129171,0.003591667,97908.75,0.0,0.512500008,-0.854166679,0.164219041,16.789609069951535,0.3386044813433896
2022-04-02,281.8708375,283.9291709,290.7750043,0.0047625,98145.0,0.0,0.741666678,-1.604166691,0.164054968,12.24183769520116,0.4049860811231083
2022-04-03,292.179171,268.9458373,291.4875043,0.002591667,98120.41667,0.0,1.308333353,0.175000003,0.163890891,10.644957865412426,0.2105792808627278
2022-04-04,206.1791697,326.6833382,289.3208376,0.004791667,98115.0,0.0,4.516666734,1.166666684,0.163741441,8.130856518063801,0.4471242932207624
2022-04-05,265.8541706,323.0708381,287.5333376,0.004829167,98685.0,0.0,1.862500028,-1.020833349,0.163563378,7.998769928296095,0.5090021283561866
2022-04-06,298.5916711,281.5291709,291.541671,0.002554167,98715.83333,0.0,1.32500002,-2.375000035,0.163413288,8.630684320187706,0.2080765097377915
2022-04-07,292.8208377,297.3250044,294.8541711,0.003570833,98666.25,0.0,0.083333335,-0.845833346,0.163249851,7.493721213816424,0.236368670354773
2022-04-08,281.5958375,322.3291715,295.1500044,0.0052625,98435.0,0.0,-0.175000003,0.137500002,0.163100397,7.704007243965526,0.3412508905359522
2022-04-09,315.145838,283.7083376,292.6333377,0.003433333,98230.0,0.0,1.154166684,-3.391666717,0.162922337,8.094198018513849,0.259806701926119
2022-04-10,310.7791713,262.8166706,289.979171,0.001858333,98270.0,0.0,2.029166697,-6.24166676,0.162772248,9.400762112408865,0.1664836950291131
2022-04-11,252.8916704,310.1125046,286.2833376,0.003866667,97613.33333,0.0,4.337500065,0.062500001,0.162608807,6.059426485171858,0.4376324790245918
2022-04-12,295.7791711,245.3541703,281.7708375,0.0026375,98436.25,0.0,2.845833376,0.66250001,0.162444734,4.499577070915121,0.4077591689594242
2022-04-13,150.4916689,286.5250043,282.8375042,0.003508333,98710.41667,0.0,4.987500074,1.31250002,0.16229085,3.1536277187341244,0.5057429885220147
2022-04-14,101.1541682,347.1750052,284.1083376,0.006125,98292.08333,5.900000088,0.850000013,4.633333402,0.162128758,12.584817387974857,0.8068824669833587
2022-04-15,171.7875026,330.6458383,284.9083376,0.005225,98057.08333,6.300000094,0.937500014,1.766666693,0.161956349,44.16295185410691,0.6508467430453154
2022-04-16,226.3458367,341.0583384,287.516671,0.006079167,97860.41667,2.300000034,1.31250002,2.175000032,0.162077041,58.91095812694086,0.6360929525054317
2022-04-17,320.8166714,284.0541709,286.5458376,0.004295833,98655.0,0.0,0.454166673,1.475000022,0.16221006,41.75435446078861,0.4829590496082288
2022-04-18,174.1458359,289.691671,286.8583376,0.0041,98339.58333,0.0,1.937500029,3.420833384,0.162331578,16.444380416091928,0.4501160450163254
2022-04-19,190.9250028,345.4000051,286.3583376,0.0056875,98105.83333,1.200000018,1.320833353,3.675000055,0.162467163,19.62934267595057,0.6437685208702768
2022-04-20,129.3750019,323.8125048,285.5625043,0.005329167,97985.0,0.800000012,1.891666695,3.370833384,0.162588753,11.566203669749395,0.6350588094018571
2022-04-21,159.8083357,340.1625051,285.4875043,0.005583333,97712.08333,3.900000058,2.991666711,4.400000066,0.162724324,34.631310837362,0.6668079322154172
2022-04-22,289.2250043,309.4541713,284.3958376,0.0049875,98100.0,0.200000003,1.129166683,0.537500008,0.162845918,30.26535128546503,0.6432159229359208
2022-04-23,326.6250049,284.9958376,287.529171,0.004754167,98821.25,0.0,1.179166684,-1.229166685,0.162981494,21.9247924819578,0.5019255489672586
2022-04-24,324.8250048,281.0958375,291.141671,0.003591667,98635.41667,0.0,0.100000001,-0.554166675,0.163117716,17.986073470900536,0.299871186681367
2022-04-25,315.2291714,311.6750046,292.616671,0.005041667,98362.5,0.0,0.341666672,1.020833349,0.163239261,13.990737007902563,0.3824269690872109
2022-04-26,336.3333383,323.8000048,292.2833377,0.005508333,98050.83333,0.0,2.104166698,0.754166678,0.163360227,11.300479482238169,0.4253232085316017
2022-04-27,318.4250047,285.1500042,289.979171,0.004995833,98000.41667,0.0,0.91666668,0.104166668,0.163481194,8.275642595120644,0.4463371600012513
2022-04-28,343.2958384,285.2208376,288.304171,0.004583333,97981.66667,0.0,1.925000029,1.695833359,0.163616769,7.255548628124904,0.456146706367796
2022-04-29,326.3125049,283.2708376,288.704171,0.0039875,98551.25,0.0,0.133333335,-0.320833338,0.163752944,7.607265651900771,0.3889305960323307
2022-04-30,284.2583376,320.9541714,292.6875044,0.005425,98213.75,0.0,2.66250004,1.066666683,0.163874553,6.546907091097928,0.4090586140072922
2022-05-01,343.8791718,292.8583377,290.254171,0.004625,97955.41667,0.0,1.970833363,-1.608333357,0.164010097,6.653317334028452,0.4058059448956025
2022-05-02,330.3541716,294.7791711,292.0875044,0.004383333,97892.5,0.0,0.225000003,1.137500017,0.164131635,6.103110787163105,0.3421058423232451
2022-05-03,348.7791719,276.4500041,290.5208377,0.003020833,98363.33333,0.0,0.379166672,-5.004166741,0.164267223,7.597651433410607,0.2616596829801418
2022-05-04,346.8333385,297.8916711,295.4208377,0.003929167,98070.0,0.0,-0.062500001,-0.937500014,0.164400565,6.158681775598797,0.2496516047946998
2022-05-05,187.6375028,333.900005,295.7833377,0.0046625,97896.25,0.0,3.33750005,3.020833378,0.164520948,5.49351823739249,0.2892166498232047
2022-05-06,117.8458351,366.7416721,291.1625043,0.0076,98210.41667,0.0,1.804166694,2.354166702,0.164654718,2.8255493740089217,0.630960515246429
2022-05-07,320.0791714,312.895838,289.4000043,0.005491667,98183.75,0.0,1.262500019,1.416666688,0.164776584,5.438596372684933,0.5101933921236821
2022-05-08,280.4333375,279.0750042,286.1250043,0.003916667,97899.16667,0.0,4.658333403,0.654166676,0.164909162,4.8116276933315945,0.4492651181744318
2022-05-09,287.529171,280.6250042,283.2500042,0.003616667,98043.33333,0.0,2.333333368,1.270833352,0.165039702,3.9826323309241225,0.5035581182855656
2022-05-10,272.0708374,293.4583377,282.3625042,0.004070833,98493.75,0.200000003,1.070833349,-0.554166675,0.1651604,3.788591661617593,0.6047718545830565
2022-05-11,352.3666719,269.750004,284.1375042,0.0037875,98819.58333,0.0,0.908333347,-0.175000003,0.165295874,4.807294850728699,0.5006453588269324
2022-05-12,246.6166703,289.6583376,287.2708376,0.0045,98907.91667,0.0,1.31250002,1.983333363,0.165417421,3.754941478471431,0.4836156856857986
2022-05-13,331.7875049,309.2250046,290.4833377,0.005716667,98900.41667,0.0,1.075000016,0.616666676,0.16555313,5.386745725569738,0.4990657275250517
2022-05-14,346.1958385,331.5666716,294.5916711,0.007029166,98590.83333,0.0,-0.275000004,-0.079166668,0.165675496,6.085293825239824,0.4725356617136951
2022-05-15,346.7041718,333.0708383,298.1166711,0.006520833,98057.5,0.0,1.700000025,0.929166681,0.165811808,6.591122039563807,0.351633073771748
2022-05-16,345.6875052,324.6291715,294.4833377,0.006333333,98042.91667,0.0,1.816666694,0.795833345,0.166304894,6.251824383150671,0.4262392297979788
2022-05-17,358.7875053,316.8083381,295.5583377,0.0064,98181.66667,0.0,0.437500007,-0.233333337,0.16681514,5.618717961806234,0.4036835078582789
2022-05-18,361.8333387,311.4041713,299.2125045,0.004929167,98277.08333,0.0,0.708333344,-1.066666683,0.167325377,5.72220067026772,0.2494660412697342
2022-05-19,353.9958386,332.1916716,299.8250045,0.005670833,98161.66667,0.0,0.804166679,-2.033333364,0.16785026,6.392347468648182,0.2763994449935243
2022-05-20,367.3541721,275.1166708,293.191671,0.002341667,97852.08333,0.0,1.150000017,-7.625000114,0.168361147,8.685608492569774,0.1704485721756288
2022-05-21,371.8416722,275.6916708,295.7375044,0.002491667,97826.25,0.0,0.512500008,-3.804166723,0.168874587,6.616129606840899,0.1548829428590328
2022-05-22,337.4083384,308.7916713,296.5125044,0.003533333,98184.58333,0.0,0.112500002,-0.854166679,0.169396875,4.471102443205542,0.2102414768478649
2022-05-23,366.1458388,317.7333381,298.2500044,0.003933333,98134.16667,0.0,0.641666676,-1.900000028,0.169907148,5.63849750151045,0.2105735651334833
2022-05-24,362.6625054,321.9791715,301.5125045,0.0038,97822.08333,0.0,1.354166687,-3.637500054,0.170417441,5.769474894048292,0.1670764550515596
2022-05-25,353.2375053,348.1958385,303.5708379,0.005495833,97651.66667,0.0,-0.395833339,-1.716666692,0.170942326,4.5262215952783125,0.213988766142108
2022-05-26,346.5583385,342.0375051,301.5000045,0.0055,97492.5,0.0,0.90416668,1.604166691,0.171453203,5.174087798946865,0.2411831768590278
2022-05-27,301.0416712,342.1375051,293.966671,0.008166666,97909.16667,0.0,0.391666673,0.841666679,0.171963471,4.1704647590917805,0.5667456744833601
2022-05-28,139.2458354,364.1750054,293.1250044,0.006529167,97851.25,0.0,4.512500067,1.791666693,0.172473699,3.6120450522465912,0.4772355736736489
2022-05-29,340.2666717,307.6166713,290.1250043,0.005670833,97269.58333,22.90000034,1.883333361,-0.083333335,0.17298395,128.04941652049408,0.4981874314776573
2022-05-30,377.8875056,285.7416709,292.7625044,0.004116667,97974.16667,0.0,0.770833345,-2.183333366,0.173508814,62.696488226415056,0.3081960700597085
2022-05-31,374.9750056,292.941671,295.0375044,0.0033875,97987.91667,0.0,-0.020833334,-3.850000057,0.174019721,36.39091454871634,0.2201879303864667
2022-06-01,351.1916719,316.9958381,297.5416711,0.00455,97930.83333,0.0,-0.425000006,0.120833335,0.174529974,22.10216605709932,0.2536866746933356
2022-06-02,209.5041698,353.5041719,299.8375045,0.005441667,97649.58333,0.0,0.89166668,1.466666689,0.175040214,10.045705613541571,0.2636503189575527
2022-06-03,332.8708383,337.6458384,297.6083378,0.0065125,97590.0,0.0,4.020833393,2.366666702,0.175550477,12.221911297285876,0.3603879430330242
2022-06-04,123.9208352,375.7875056,293.5875044,0.0059125,97808.33333,0.0,2.008333363,2.841666709,0.176074884,5.522797725912247,0.4196765539858448
2022-06-05,113.2125017,376.9750056,291.854171,0.009283333,97935.41667,3.300000049,1.520833356,2.2666667,0.176598804,11.176832980637576,0.73560769772294
2022-06-06,341.2500051,336.0666717,294.3458377,0.007725,98082.91667,0.0,0.779166678,0.21666667,0.177108054,24.160960299064232,0.5245592014956522
2022-06-07,339.1083384,324.9125048,297.8083378,0.007041666,97943.33333,0.0,-0.070833334,0.245833337,0.177616672,17.75626748785622,0.3863883667970139
2022-06-08,327.9458382,360.0083387,299.1458378,0.0059125,97847.91667,0.0,0.679166677,0.68750001,0.178139909,13.813439658256982,0.2991139265250995
2022-06-09,339.8208384,356.4083386,301.0000045,0.0074,97812.5,0.0,-0.104166668,0.220833337,0.178649158,12.568176148982309,0.3352730268170491
2022-06-10,347.3291718,371.3875055,302.7875045,0.007820833,97923.75,0.0,-0.525000008,1.404166688,0.179157776,9.895577523372229,0.319535965044153
2022-06-11,331.8208383,371.9416722,302.8166712,0.0083625,97961.25,0.0,2.71250004,1.14583335,0.17966639,8.701906799364828,0.3412192461220115
2022-06-12,239.2875036,385.2416724,299.2583378,0.0090875,97635.0,0.0,5.416666747,2.162500032,0.180189627,7.4128730466804065,0.455667376291138
2022-06-13,366.3000055,307.4958379,292.5458377,0.005166667,98013.75,0.0,2.091666698,-1.083333349,0.18069888,6.566719447178557,0.3922605482493912
2022-06-14,366.4791721,297.7416711,296.2291711,0.003345833,98307.5,0.0,0.691666677,-3.787500056,0.181207494,7.336761764586343,0.2028086749421506
2022-06-15,363.3500054,315.995838,298.8625045,0.003629167,97922.08333,0.0,0.629166676,0.42083334,0.181730731,5.8587670760874,0.1868772298573542
2022-06-16,343.2125051,326.3583382,297.9208378,0.004279167,97594.16667,0.0,3.59166672,2.337500035,0.182353794,7.003377754751132,0.232386516183785
2022-06-17,332.762505,303.5000045,291.3125043,0.005175,97395.41667,0.0,4.525000067,2.212500033,0.182966547,5.6176342672120585,0.4220311025640347
2022-06-18,323.7916715,318.4500047,289.9958377,0.005695833,97980.0,0.0,1.379166687,-0.054166667,0.183593291,4.322255434727953,0.5082271284695772
2022-06-19,361.7000054,305.1666712,293.3250044,0.005425,98362.91667,0.0,0.141666669,-1.016666682,0.184206045,4.660049334094101,0.393650783367272
2022-06-20,315.2916714,327.2333382,297.6166711,0.005258333,98358.33333,0.0,-0.412500006,-1.929166695,0.184818162,4.696682612695237,0.2931283396660359
2022-06-21,364.3125054,329.7708382,302.2791712,0.003825,98104.16667,0.0,-0.25416667,-4.045833394,0.185444902,5.268189053179202,0.1612666292480785
2022-06-22,362.3291721,346.8583385,303.8000045,0.004316667,97910.83333,0.0,-0.487500007,-0.883333346,0.186057655,3.260914323470387,0.1663088668707937
2022-06-23,358.5708387,358.741672,303.6583379,0.006733333,97781.25,0.0,-0.300000004,0.391666673,0.186669773,4.736826538412512,0.2611981054785957
2022-06-24,360.4583387,351.3833386,302.5958378,0.006591667,97711.25,0.0,-0.162500002,0.67500001,0.187296517,4.745619193743659,0.2717419382881762
2022-06-25,362.0750054,351.6791719,303.1875045,0.006545833,97792.91667,0.0,-0.954166681,0.25416667,0.18790927,4.762161065860857,0.2609615262396397
2022-06-26,363.5291721,346.5166718,302.5041712,0.005516667,98014.58333,0.0,-1.137500017,0.654166676,0.18853601,4.847998949625048,0.2293510172453444
2022-06-27,359.8708387,342.2166718,303.1416712,0.006308333,98185.0,0.0,-0.670833343,1.35000002,0.189148764,4.544744553925544,0.25317263057163
2022-06-28,359.5708387,345.3333385,304.0291712,0.003841667,98174.16667,0.0,1.716666692,2.516666704,0.189760881,3.078691468493103,0.1464607428883745
2022-06-29,366.2916721,324.8208382,300.2166711,0.005658333,98060.41667,0.0,0.887500013,0.312500005,0.190387621,4.075657821832396,0.2691795452745221
2022-06-30,365.3875054,317.3208381,297.3333378,0.007329166,98052.08333,0.0,-1.045833349,0.333333338,0.191015001,3.90070440762466,0.4143348853386688
2022-07-01,365.8625055,324.8625048,296.9916711,0.0079375,98031.66667,0.0,-1.925000029,0.179166669,0.191627754,4.15928133065279,0.4580210823845516
2022-07-02,367.7958388,311.545838,295.7625044,0.007845833,97805.83333,0.0,-1.645833358,0.570833342,0.192254495,3.746323981375122,0.4868516050628652
2022-07-03,336.9666717,336.1291717,292.6625044,0.007683333,97800.0,0.0,-0.120833335,1.483333355,0.192867248,3.4503230298071537,0.5778079673678012
2022-07-04,240.8416703,381.8041724,294.3083377,0.0067375,97945.0,0.0,-0.170833336,1.075000016,0.193493988,2.835335226048522,0.4579234344453061
2022-07-05,251.7041704,399.775006,296.9291711,0.010029166,97986.25,0.0,1.779166693,2.645833373,0.194106741,3.5259930292978514,0.5806485280455008
2022-07-06,350.4833386,360.1750054,295.4375044,0.009016666,97921.66667,0.0,-0.512500008,1.620833357,0.194718859,3.81659477309048,0.5714493941411649
2022-07-07,351.2125052,342.9333384,295.3166711,0.008933333,98043.75,0.0,-0.716666677,0.504166674,0.195345602,3.390187711563444,0.5710995461840978
2022-07-08,357.591672,346.9708385,298.6375045,0.008,98177.08333,0.0,-1.387500021,0.21666667,0.195958356,3.7076310925590152,0.418620901239185
2022-07-09,359.6375054,345.7708385,298.7166711,0.008504166,98333.33333,0.0,-0.91666668,0.908333347,0.196585096,3.644006182800748,0.4436015964493813
2022-07-10,360.7125054,352.4083386,301.1916712,0.008270833,98445.0,0.0,-1.241666685,0.141666669,0.197197849,3.682799487372383,0.372922534629021
2022-07-11,358.4625053,368.2541722,304.5125045,0.007720833,97962.08333,0.0,-0.683333344,0.404166673,0.197809967,3.4103286532030825,0.2856733693747802
2022-07-12,358.404172,355.5583386,304.1166712,0.008145833,97633.75,0.0,-1.216666685,1.179166684,0.198436707,3.605909240018141,0.3072938358363105
2022-07-13,355.1583386,355.3708386,299.7791711,0.0081,97750.41667,0.0,-0.712500011,1.370833354,0.199049464,3.816665930545114,0.3942162903848235
2022-07-14,355.1583386,354.2750053,300.6291711,0.008583333,97921.66667,0.0,-1.800000027,0.383333339,0.199676204,3.8656772738784175,0.3979255381169455
2022-07-15,360.1125054,341.7208384,301.1208378,0.007804166,97932.5,0.0,-0.979166681,0.762500011,0.200288957,3.509565490731381,0.35151019111304
2022-07-16,360.9125054,336.687505,303.1125045,0.007120833,97928.33333,0.0,-1.366666687,0.333333338,0.200386117,3.355862213893036,0.2855156998543756
2022-07-17,355.2375053,358.2250053,304.4666712,0.007454166,97598.33333,0.0,-1.287500019,0.629166676,0.20047551,3.344792503628726,0.2755056333573277
2022-07-18,350.4250052,363.2916721,303.8916712,0.006933333,97682.91667,0.0,-0.704166677,1.225000018,0.200550916,3.450332581491353,0.2650958192093144
2022-07-19,356.1250053,348.8750052,303.0791712,0.00605,98011.25,0.0,-0.429166673,1.262500019,0.200625687,3.3847928187084904,0.2432545611864361
2022-07-20,353.5166719,340.2083384,302.9583378,0.005520833,98120.83333,0.0,-0.595833342,0.508333341,0.20071508,3.0251071876604616,0.2237887042120104
2022-07-21,357.1750053,336.2541717,303.7291712,0.005741667,98074.16667,0.0,-0.408333339,0.654166676,0.200790486,2.855418958063472,0.222485844112185
2022-07-22,357.3250053,324.8083382,302.6833378,0.005345833,97845.83333,0.0,0.316666671,0.337500005,0.200865256,2.750552577107,0.2195659448394783
2022-07-23,362.0708387,319.6125048,301.6083378,0.0051375,97760.83333,0.0,-0.095833335,0.983333348,0.200954653,3.06765466590826,0.2244769037849705
2022-07-24,356.1750053,322.5833381,302.5041712,0.005645833,97713.33333,0.0,-0.887500013,0.266666671,0.20103006,2.9243231466861586,0.2339995701838223
2022-07-25,351.5541719,330.6125049,302.9208378,0.0070875,97700.83333,0.0,-1.504166689,0.387500006,0.20110887,3.2284356071572216,0.286687324030647
2022-07-26,335.9333383,359.4583387,301.4333378,0.008116666,97759.16667,0.0,-1.616666691,0.520833341,0.201201904,3.63325167850234,0.3582999505748483
2022-07-27,342.3041718,365.7833388,301.0583378,0.008766666,97954.58333,0.0,-2.033333364,0.008333333,0.201280951,3.916201515153837,0.3964064103996754
2022-07-28,338.7458384,377.3125056,303.0791712,0.009108333,97788.33333,0.0,-1.562500023,0.429166673,0.201344713,3.7850569831852674,0.3653891388456887
2022-07-29,338.9916717,375.5916723,302.3416712,0.010441666,97651.25,0.0,-1.837500027,0.341666672,0.201437138,3.863581601250831,0.4366073327525085
2022-07-30,176.7375026,399.425006,301.2583378,0.011054166,97701.66667,0.0,-1.879166695,0.066666668,0.201516196,2.2289962913238845,0.4927221559246177
2022-07-31,216.4625032,406.7708394,301.3083378,0.011491666,97937.08333,0.0,-1.750000026,-0.095833335,0.201594608,2.7550998273623986,0.5119513340641427
2022-08-01,155.066669,412.7541728,298.5291711,0.011245833,98142.91667,0.0,-1.425000021,-0.062500001,0.201673033,2.049962371803737,0.5920966629561482
2022-08-02,200.5958363,428.2458397,299.7916711,0.011858333,98227.91667,0.0,-0.095833335,0.079166668,0.201751444,2.423683026952325,0.5795180305993759
2022-08-03,299.2833378,416.8625062,304.2041712,0.009854166,97973.33333,0.0,-0.050000001,1.066666683,0.201829858,3.593705755950825,0.371160414050698
2022-08-04,319.9958381,392.4583392,304.9208379,0.009975,97674.16667,0.0,-1.179166684,0.895833347,0.201922883,3.5389237025041163,0.3594912163447661
2022-08-05,310.4166713,392.3041725,301.6041712,0.007833333,97763.75,0.0,-1.32500002,0.862500013,0.201987267,3.751943467189109,0.3423618898154016
2022-08-06,320.3000048,371.8500055,298.6375045,0.009908333,98058.75,0.0,-1.13333335,1.379166687,0.202079649,3.7532870231880833,0.5178544854498855
2022-08-07,325.4500048,348.9000052,299.4500045,0.008225,98087.91667,0.0,-1.629166691,0.508333341,0.20215869,3.676258747545964,0.4096258008274364
2022-08-08,322.9958381,343.1000051,298.6291711,0.008441666,98061.25,0.0,-1.916666695,0.462500007,0.202237108,3.787091319450541,0.4414315009745934
2022-08-09,318.6708381,348.1041719,299.1041711,0.007979166,97930.0,0.0,-1.091666683,1.420833355,0.202315498,3.9053974001466494,0.4050118747874136
2022-08-10,321.7750048,332.2333383,297.0791711,0.007633333,98142.5,0.0,0.125000002,1.791666693,0.20239393,3.8450940586504863,0.4386324536661763
2022-08-11,318.6250047,332.6333383,298.5500044,0.008175,98287.08333,0.0,-1.35000002,0.183333336,0.202472356,3.693452861322261,0.4305102616154411
2022-08-12,320.3541714,330.2708383,298.8791711,0.007808333,98159.16667,0.0,-0.808333345,0.695833344,0.202565378,3.661700904993028,0.4026473999966309
2022-08-13,323.7750048,324.1250048,300.0416711,0.0063375,98170.41667,0.0,-0.450000007,1.054166682,0.202629787,3.756393312700719,0.3049736854374567
2022-08-14,324.2125048,318.1291714,301.4708378,0.0059125,98093.75,0.0,-0.545833341,0.141666669,0.202707595,3.069090239083411,0.2613175516071617
2022-08-15,319.7458381,329.8625049,302.9166712,0.0060875,97838.33333,0.0,-0.554166675,0.087500001,0.202800656,2.9682695894491533,0.2466437794920706
2022-08-16,318.9000048,335.600005,304.1833379,0.006283333,97629.16667,0.0,-0.275000004,0.22916667,0.202830295,2.664527211127419,0.2361149771311428
2022-08-17,296.3208377,371.8791722,305.5000046,0.0062875,97659.58333,0.0,-0.483333341,0.679166677,0.202871788,2.451121044356504,0.2192009168469346
2022-08-18,307.4083379,362.5416721,304.5958379,0.008,97865.83333,0.0,-0.579166675,0.166666669,0.202899346,2.909377604179343,0.2943027576100015
2022-08-19,307.3666712,354.7750053,305.1916712,0.006154167,97708.33333,0.0,0.195833336,0.783333345,0.202926226,0.8365492336237574,0.2184641570592009
2022-08-20,309.845838,340.6916717,304.5416712,0.007220833,97487.08333,0.0,-0.783333345,0.562500008,0.202967716,2.454081610096454,0.2654335390222374
2022-08-21,301.2666712,339.9000051,304.0583379,0.007508333,97762.08333,0.0,-1.020833349,0.400000006,0.202995236,2.416364979770937,0.2845702312924604
2022-08-22,302.0416712,345.2833385,301.3833378,0.008633333,98124.16667,0.0,-1.054166682,0.737500011,0.203036792,2.814871389683587,0.3836546521476531
2022-08-23,301.4666712,358.6458387,302.0916712,0.0094875,97835.41667,0.0,-0.304166671,1.029166682,0.20306434,2.8693053271460367,0.4032966059530824
2022-08-24,300.5916711,350.7166719,303.2291712,0.007766666,97500.83333,0.0,-0.991666681,0.237500004,0.203091233,2.653043315415084,0.3079636302573401
2022-08-25,297.4041711,343.2791718,300.7166711,0.008883333,97755.83333,0.0,-1.491666689,0.079166668,0.203132755,2.833727023846456,0.4090185369881577
2022-08-26,299.3125045,336.000005,300.1041711,0.0079125,97977.91667,0.0,-1.520833356,-0.095833335,0.203160211,2.8180957031876983,0.3786138055302716
2022-08-27,296.8500044,330.7375049,299.8458378,0.00735,97639.58333,0.0,-1.495833356,-0.079166668,0.203201727,2.7363106317137347,0.3558969440711533
2022-08-28,293.5625044,336.7208384,299.0666711,0.008195833,97507.5,0.0,-1.575000023,0.0125,0.203229307,2.800517502019406,0.4151437097516548
2022-08-29,290.4875043,343.9250051,299.9583378,0.007416666,97690.41667,0.0,-1.079166683,0.150000002,0.203256193,2.6730725217123417,0.356920331044886
2022-08-30,289.329171,359.7500054,301.3958378,0.007758333,97961.66667,0.0,-1.450000022,0.108333335,0.203283069,2.966318096845089,0.3439473185763267
2022-08-31,292.6083377,335.4541717,300.7958378,0.0059375,98076.66667,0.0,-1.004166682,0.587500009,0.203324613,2.590759675419124,0.2730020259029809
2022-09-01,292.7833377,332.4208383,303.0291712,0.005329167,97887.08333,0.0,-0.033333334,-0.354166672,0.203366776,1.959667199994736,0.2146214341567906
2022-09-02,285.4125043,346.4916718,304.1208379,0.0051,97623.75,0.0,-1.054166682,0.816666679,0.203394323,1.6834723818449713,0.1923268779949895
2022-09-03,283.7750042,349.7625052,303.6166712,0.0048125,97860.41667,0.0,0.783333345,1.004166682,0.203435851,2.0488571324371985,0.1872864963774485
2022-09-04,282.3791709,347.3041718,303.0500045,0.005670833,97947.91667,0.0,-0.179166669,-0.312500005,0.203448782,2.068035962228514,0.2282474460410911
2022-09-05,275.6583374,381.8875057,306.1083379,0.0057125,97705.41667,0.0,-0.029166667,-0.595833342,0.203489647,2.0387925404006704,0.1924829463204194
2022-09-06,272.6208374,395.0708392,309.7375046,0.006220833,97586.66667,0.0,0.008333333,-0.200000003,0.203531779,2.00618028757022,0.1709145142850087
2022-09-07,256.6750038,399.862506,308.5250046,0.007145833,97830.83333,0.0,-0.870833346,0.44583334,0.203559312,1.9549806739456184,0.2104955822519749
2022-09-08,261.1000039,388.2708391,307.8125046,0.0070375,97794.58333,0.0,0.454166673,-0.275000004,0.203600818,1.8805705671954016,0.2156320249485211
2022-09-09,270.9208374,372.2625055,307.2833379,0.005608333,97004.58333,0.0,0.100000001,-0.862500013,0.203613748,1.8298028466458929,0.1755852757022208
2022-09-10,233.5750035,368.6333388,303.2291712,0.006208333,97200.0,0.0,-0.966666681,0.425000006,0.203654607,2.072014462395933,0.2454131004172856
2022-09-11,183.5708361,391.7333392,299.3625045,0.007241666,98091.66667,0.0,-0.537500008,0.187500003,0.203696804,1.8900004382697733,0.3625524919383542
2022-09-12,211.6000032,393.9833392,300.6666711,0.006170833,98072.91667,0.0,-1.137500017,0.129166669,0.20372433,2.466695919987697,0.2858897627746924
2022-09-13,254.3583371,355.0708386,296.9625044,0.007745833,97657.91667,0.0,-1.754166693,0.962500014,0.203765819,2.7922179113210444,0.4460462688622844
2022-09-14,256.9291705,319.4666714,292.4708377,0.007529166,97752.91667,0.0,-0.658333343,0.041666667,0.203793398,1.9761876503669733,0.572797279366752
2022-09-15,251.7875038,327.2708382,292.016671,0.0072875,98113.75,0.0,-1.037500015,-0.145833336,0.203820281,2.299847990924924,0.5726054026650205
2022-09-16,252.1333371,327.7541716,293.7125044,0.007308333,98150.83333,0.0,-0.958333348,-0.220833337,0.20346213,2.45473816593538,0.5165333023579735
2022-09-17,243.6291703,319.0041714,294.3833377,0.007425,97570.41667,2.100000031,-0.333333338,1.262500019,0.203087209,6.919715174276011,0.5003897332421157
2022-09-18,114.2375017,365.1041721,289.5458376,0.007629166,97126.25,4.200000063,-0.004166667,2.062500031,0.202697687,15.145451591732522,0.6945886694679497
2022-09-19,164.3750024,360.4583387,288.8875043,0.00955,97582.5,11.70000017,-1.09583335,-0.608333342,0.202307541,57.44673729336999,0.911447344688782
2022-09-20,190.5083362,348.3916719,289.6583376,0.009445833,97949.16667,6.600000098,-0.533333341,-0.479166674,0.201946643,60.36458875750969,0.8610197474484971
2022-09-21,185.5958361,353.6958386,291.954171,0.00835,98051.66667,0.200000003,0.250000004,0.45833334,0.201557801,40.98105058195112,0.6582660534859022
2022-09-22,229.2666701,330.9708383,290.954171,0.008825,98427.08333,0.100000001,0.170833336,-0.89166668,0.201182249,36.80422164125129,0.7440671970064038
2022-09-23,242.5875036,322.4541715,295.2291711,0.0075125,98214.16667,0.0,0.645833343,-0.983333348,0.200792748,30.028457244523032,0.4836982385636497
2022-09-24,243.020837,318.7875048,296.9166711,0.0068875,98280.41667,0.0,0.500000007,-0.21666667,0.200417183,19.17422974259588,0.4002595237040385
2022-09-25,222.3958366,329.9750049,298.5541711,0.006158333,98316.66667,0.0,0.512500008,0.837500012,0.20004226,14.90480061134646,0.3243254863216501
2022-09-26,223.75417,337.9916717,299.4666711,0.007445833,98072.91667,0.0,-0.408333339,0.333333338,0.199652697,11.14535435610721,0.370396715554844
2022-09-27,232.7708368,319.3125048,297.0791711,0.007954166,97956.66667,0.0,-0.608333342,0.70000001,0.1992771,8.442789590275718,0.4562029449647699
2022-09-28,227.1083367,330.9291716,295.6750044,0.007045833,98076.25,0.0,1.316666686,1.333333353,0.19889359,7.389472203409264,0.4407765065582866
2022-09-29,229.4833368,321.3250048,295.4166711,0.008129166,98317.5,0.0,1.466666689,-0.133333335,0.198503662,5.607928729120659,0.5179474511799378
2022-09-30,229.6458368,319.1083381,296.9125044,0.005304167,97950.83333,0.0,0.587500009,-1.720833359,0.198134821,5.448740268583515,0.307289914035193
2022-10-01,222.60417,320.5875048,297.2500044,0.005358333,97609.58333,0.0,0.291666671,-0.829166679,0.197752258,4.331288777678358,0.3030777509878517
2022-10-02,219.1541699,323.1375048,294.0500044,0.007745833,97861.25,0.0,-0.829166679,0.150000002,0.197368994,3.6909030554228703,0.5345037794104825
2022-10-03,217.5583366,325.9041715,294.7166711,0.0075375,98218.75,0.0,-0.325000005,0.329166672,0.196989102,3.461711767881419,0.5009110561160245
2022-10-04,216.8000032,320.0541714,295.7166711,0.008420833,98193.33333,0.0,-0.24166667,0.379166672,0.196604151,2.7923670501713804,0.5260776338738345
2022-10-05,215.0000032,315.1000047,296.3333377,0.008483333,98172.08333,0.0,-0.141666669,0.237500004,0.196235323,2.3313249736225106,0.5102570432486255
2022-10-06,213.5875032,306.6333379,296.9666711,0.008275,98302.91667,0.0,0.120833335,0.125000002,0.195842433,1.8002529496516924,0.4795444470901455
2022-10-07,210.0541698,316.470838,297.5500044,0.006841666,98422.5,0.0,0.412500006,0.045833334,0.19546763,1.809129873798006,0.3831813125395191
2022-10-08,207.0541698,327.3625049,298.6958378,0.005879167,98370.83333,0.0,0.441666673,0.370833339,0.195084761,1.8350218677142096,0.307174238309424
2022-10-09,204.1166697,324.1458382,298.7666711,0.005420833,98273.33333,0.0,0.633333343,0.512500008,0.194701599,1.752035825283893,0.2817486197545825
2022-10-10,202.6708364,321.5458381,298.3416711,0.005175,98154.58333,0.0,0.912500014,0.22916667,0.194338012,1.71691921083788,0.2755823392164154
2022-10-11,201.9916697,313.258338,297.7583378,0.0055875,98006.25,0.0,0.504166674,0.091666668,0.193949316,1.3367773371541685,0.3077195995683012
2022-10-12,201.0333363,311.8250046,297.3083378,0.006,98288.75,0.0,0.679166677,0.162500002,0.193559494,1.3556894960889827,0.3405277942126146
2022-10-13,199.5333363,308.8791713,295.9291711,0.006745833,98303.75,0.0,0.133333335,0.320833338,0.193184292,1.1822080029681106,0.4164527784771163
2022-10-14,197.9958363,311.108338,296.1125044,0.006375,97819.16667,0.0,-0.21666667,-0.120833335,0.192795106,1.1333381139319714,0.3872530689150644
2022-10-15,194.0000029,310.645838,294.9916711,0.006516667,97597.5,0.0,-0.591666675,0.21666667,0.192426815,1.2473830576135034,0.4230900049059676
2022-10-16,190.6041695,314.683338,290.779171,0.0082625,97982.91667,0.0,-1.033333349,0.108333335,0.191425102,1.3721607073874018,0.7012671134198041
2022-10-17,189.7875028,300.5791711,289.7583377,0.0081125,98441.25,0.0,-0.658333343,-0.108333335,0.190395808,1.143442709982518,0.7384370438532475
2022-10-18,175.4500026,313.995838,292.9083377,0.0072125,98450.83333,0.0,0.370833339,-0.462500007,0.189362954,1.085180451420119,0.537656032972455
2022-10-19,187.1208361,310.470838,296.6958378,0.004345833,98507.5,0.0,0.845833346,-0.287500004,0.18832975,1.2243250737691471,0.2565578778368516
2022-10-20,186.1666694,306.4166712,296.7916711,0.003945833,98206.25,0.0,0.329166672,-0.145833336,0.18731116,0.8577854065867414,0.2308817769355727
2022-10-21,182.6000027,304.8458379,294.5000044,0.004945833,97811.25,0.0,-0.104166668,0.395833339,0.186278579,0.9388794485491134,0.3317303307656211
2022-10-22,180.383336,321.9166715,293.1708377,0.006475,97378.75,0.0,1.466666689,-0.695833344,0.185245366,1.5784514906321596,0.4696429450919183
2022-10-23,181.195836,261.8250039,287.566671,0.003175,97935.0,0.0,1.412500021,-4.204166729,0.184212149,1.9093748231136731,0.3313840701734291
2022-10-24,160.5000024,283.0750042,288.504171,0.002875,98684.58333,0.0,0.166666669,-1.641666691,0.183193559,1.203142571105758,0.2844634479684752
2022-10-25,151.4500023,340.1083384,289.4750043,0.004333333,98721.25,0.0,-0.162500002,-1.187500018,0.182160982,1.4634696522125965,0.4028342532335255
2022-10-26,177.158336,270.2166707,288.2458376,0.004158333,98387.91667,0.0,0.737500011,-0.737500011,0.181127766,0.8425561080526424,0.4171437497297419
2022-10-27,170.5583359,269.5583374,288.7583376,0.002820833,98337.91667,0.0,0.591666675,-2.308333368,0.180109175,1.2418290717610383,0.2735800323489256
2022-10-28,153.6750023,282.3875042,287.4583376,0.00305,98580.83333,0.0,0.145833336,0.19166667,0.17907657,0.5180680641384171,0.3227145533120232
2022-10-29,158.429169,288.7208376,288.504171,0.003666667,98890.0,0.0,0.483333341,0.150000002,0.178049189,0.6273007534788211,0.3635491686242141
2022-10-30,166.7416692,290.3750043,290.354171,0.004766667,98674.16667,0.0,1.041666682,-0.454166673,0.177007456,0.7624443717799981,0.4186192132900224
2022-10-31,147.1166689,290.4083377,289.3875043,0.0047875,98141.66667,0.0,-0.095833335,0.083333335,0.175992418,0.3514259799015625,0.4449414980024621
2022-11-01,79.72500119,327.5583382,287.0583376,0.006016667,97385.0,1.400000021,2.066666697,1.920833362,0.174969729,1.1432513258658186,0.6455885997365644
2022-11-02,91.20833469,286.3458376,282.9708375,0.004258333,98063.33333,0.0,3.100000046,0.908333347,0.173932026,0.8049646781055853,0.6043421151925727
2022-11-03,153.0458356,263.2666706,281.6958375,0.0033625,98641.66667,0.0,1.345833353,-2.02500003,0.172908313,1.141347022901477,0.5236130380342109
2022-11-04,96.37500144,314.7541714,282.8375042,0.0029625,99155.41667,0.0,-0.120833335,0.145833336,0.171870614,1.3316843166385182,0.4289837879823392
2022-11-05,36.74166721,328.5666716,283.4500042,0.004704167,98734.16667,0.0,-0.075000001,-0.112500002,0.170846898,0.3141219417658896,0.6507292079225195
2022-11-06,84.81250126,312.3750047,285.1791709,0.006495833,97896.25,0.0,0.816666679,0.262500004,0.169809198,0.5607182201685917,0.7933590732224263
2022-11-07,96.92916811,308.8291713,282.6333375,0.005058333,97460.41667,13.7000002,1.700000025,3.304166716,0.168785486,34.87189063064366,0.7300070614446952
2022-11-08,88.01666798,321.7666715,280.0750042,0.0053,97130.0,9.200000137,-0.041666667,0.516666674,0.167762406,24.588465799772628,0.9088244038578204
2022-11-09,107.2625016,298.0541711,279.8458375,0.005016667,97765.83333,1.600000024,-0.616666676,-0.633333343,0.166724706,18.81387397370575,0.8797751144763322
2022-11-10,139.4791687,285.6750043,280.5375042,0.004783333,99075.41667,0.0,1.220833352,-0.987500015,0.165700994,21.6120049414297,0.8102592451489042
2022-11-11,132.075002,262.2333372,281.3166709,0.004008333,98766.66667,0.0,0.670833343,-0.212500003,0.164663291,10.799358624469177,0.6414527347939294
2022-11-12,74.36250111,320.2250048,281.8375042,0.0048375,98524.58333,0.0,-0.225000003,-0.591666675,0.163639579,9.77943668217695,0.7451425062583501
2022-11-13,137.2416687,254.4958371,282.4375042,0.004020833,98710.83333,0.0,0.995833348,-2.116666698,0.162616502,11.340162741272534,0.5956086976545137
2022-11-14,135.6833354,246.4416703,281.5416709,0.003404167,98735.41667,0.0,0.608333342,-0.720833344,0.161578799,5.789501564306508,0.5362446275966267
2022-11-15,138.0208354,245.2875037,284.1125042,0.0030875,98916.25,0.0,1.170833351,-3.016666712,0.160555087,9.473967424786458,0.4092028570795997
2022-11-16,137.6750021,239.0750036,287.704171,0.002208333,99351.25,0.0,0.495833341,-4.362500065,0.160075414,10.451422658169513,0.231732647257173
2022-11-17,119.4958351,248.0166704,284.1583376,0.003008333,99211.25,0.0,0.43333334,-0.512500008,0.159633991,1.510532852361578,0.3986699917968184
2022-11-18,133.8166687,265.0708373,284.3083376,0.003308333,98726.66667,0.0,1.329166686,-2.404166702,0.159163957,4.230676408908924,0.4319138875400805
2022-11-19,135.350002,228.9416701,284.6041709,0.001845833,98773.75,0.0,0.766666678,-4.316666731,0.158707272,4.056501791214076,0.2363621676744491
2022-11-20,131.012502,233.1833368,281.8583375,0.0023125,99053.33333,0.0,0.854166679,-0.208333336,0.158251225,1.292171678617851,0.3576064108524908
2022-11-21,125.7166685,244.483337,282.3333375,0.002808333,98950.0,0.0,1.137500017,-0.179166669,0.157809802,1.3062701779740498,0.4199789226417456
2022-11-22,124.5583352,256.6041705,283.3583376,0.003120833,98784.16667,0.0,0.816666679,0.308333338,0.157354391,1.2244987082163006,0.4346088210309881
2022-11-23,124.8875019,269.2458373,285.2958376,0.00345,98804.58333,0.0,0.858333346,-1.216666685,0.156898345,1.4400774893472024,0.4219792946176623
2022-11-24,125.5458352,261.0833372,290.0125043,0.0020125,98894.58333,0.0,-0.200000003,-3.379166717,0.156456922,2.216661947426694,0.1810537683945481
2022-11-25,111.1291683,266.3166706,285.3208376,0.003345833,99182.5,0.0,0.42083334,0.0,0.156001508,0.4448089583795491,0.4101207046844581
2022-11-26,122.3250018,282.9250042,285.5250043,0.004079167,99021.66667,0.0,0.666666677,-1.137500017,0.155530838,1.0131243437323711,0.4924685942849767
2022-11-27,119.6833351,255.2458371,284.4625042,0.003691667,98617.5,0.0,0.641666676,0.333333338,0.155074156,0.4100592120952023,0.476475743072368
2022-11-28,117.2666684,262.4666706,284.1708376,0.003995833,98094.58333,0.0,1.066666683,-0.366666672,0.154632733,0.4914811944612244,0.5231357916690678
2022-11-29,121.9708352,240.9125036,280.9416709,0.003175,98162.91667,0.0,1.508333356,-0.529166675,0.154177322,0.3987217672261963,0.5181968207664999
2022-11-30,50.93750076,262.9208373,279.6000042,0.0030875,98119.58333,1.800000027,-0.137500002,1.050000016,0.153721276,0.0830827778067162,0.5528002524487754
2022-12-01,49.76250074,328.3625049,282.4500042,0.004954167,97562.5,11.10000017,1.304166686,2.970833378,0.153265226,24.592684174060366,0.7247095191443557
2022-12-02,112.3125017,238.9458369,277.8125041,0.003475,98440.0,0.0,1.266666686,-0.004166667,0.152823803,6.854609390312066,0.7077166485810485
2022-12-03,34.35833385,297.8041711,276.6458375,0.003954167,98401.25,2.300000034,0.516666674,-0.100000001,0.152368392,3.20320604679828,0.8746143820463526
2022-12-04,42.77083397,335.787505,280.0125042,0.0052375,98144.58333,9.600000143,0.075000001,1.220833352,0.151897723,17.20144404850777,0.9114370552439393
2022-12-05,59.85000089,321.9750048,282.5791709,0.005545833,98208.75,0.900000013,0.370833339,2.212500033,0.151455664,16.596801109315777,0.8094845841414835
2022-12-06,79.78750119,302.1500045,281.9333375,0.005191667,98309.58333,0.100000001,0.629166676,-1.000000015,0.15100025,11.247155575614068,0.7927359525054125
2022-12-07,111.7916683,251.1875037,280.1250042,0.00455,98656.66667,0.0,1.025000015,0.295833338,0.150544203,5.623120626352376,0.7897339068024484
2022-12-08,60.1500009,286.4250043,279.6791708,0.0047625,98948.33333,0.0,0.295833338,1.570833357,0.150088157,3.550994739981817,0.8551704103825866
2022-12-09,73.8375011,318.9750048,280.3458375,0.004879167,98655.83333,1.800000027,-0.054166667,1.462500022,0.149646733,12.509975519030164,0.8339874102844893
2022-12-10,35.66250053,340.0125051,282.5041709,0.005658333,97637.08333,18.10000027,-0.354166672,2.725000041,0.149191323,21.74001710309363,0.8252998847157554
2022-12-11,76.18333447,303.3000045,281.2541709,0.004858333,97029.58333,3.100000046,1.970833363,1.737500026,0.148735277,21.888863220981825,0.7670936210481161
2022-12-12,109.2541683,291.2333377,277.6500041,0.004466667,97895.83333,6.800000101,0.437500007,-1.300000019,0.148279227,24.119796602432995,0.9151199302502796
2022-12-13,110.9000017,235.8583368,278.7333375,0.003779167,98372.08333,0.0,1.462500022,-0.525000008,0.14782318,7.516192778348021,0.7207925512459228
2022-12-14,107.1875016,240.5125036,278.2166708,0.003816667,98884.16667,0.0,0.66250001,0.025,0.147367134,3.923832012965173,0.758829541200078
2022-12-15,112.0166683,242.2875036,279.7666708,0.003754167,98939.16667,0.0,0.629166676,-0.908333347,0.146911088,5.726063242560493,0.6699528186642536
2022-12-16,111.4666683,230.3500034,280.1500042,0.002745833,98834.58333,0.0,0.225000003,-0.65000001,0.146595206,2.4846399390985017,0.4766200993347734
2022-12-17,110.0250016,233.6750035,279.0958375,0.002966667,98672.5,0.0,0.741666678,0.050000001,0.146300041,2.914473462235061,0.5533099190640809
2022-12-18,109.6416683,233.0000035,278.1208375,0.0033125,98357.08333,0.0,0.42083334,0.616666676,0.145990889,2.31078168193452,0.6595247909791103
2022-12-19,99.05000148,247.7166704,275.5708374,0.0037375,98874.16667,0.0,-0.595833342,0.025,0.145681102,2.484892227920457,0.8972932305401772
2022-12-20,40.93750061,318.9166714,277.5708375,0.004475,99304.58333,0.0,-0.87916668,0.108333335,0.145371314,3.195307880517558,0.9352539636164274
2022-12-21,91.5458347,315.4250047,280.9125042,0.004666667,99207.5,0.0,0.112500002,0.212500003,0.145061523,6.251186891920593,0.7713090988981361
2022-12-22,51.98333411,307.6750046,279.8375042,0.004991667,98858.75,0.0,-0.400000006,-0.029166667,0.144766358,1.85100872600476,0.8856902064378335
2022-12-23,61.00416758,340.6500051,279.5125042,0.005675,98905.83333,0.0,-0.950000014,-0.479166674,0.144457206,3.1029420538663413,1.0304900319681138
2022-12-24,102.5583349,296.4250044,282.0916709,0.006104167,99357.08333,0.0,0.579166675,0.183333336,0.144147418,2.5532871343865047,0.9318602658720602
2022-12-25,103.2375015,309.2750046,283.9291709,0.006691666,99317.08333,0.0,0.0125,0.054166667,0.14383763,3.4155501088420896,0.9015224325338682
2022-12-26,54.99583415,316.7833381,280.2625042,0.00625,98808.75,0.0,-0.933333347,-0.129166669,0.143527843,0.8533795728528144,1.076155918198609
2022-12-27,68.90000103,349.0000052,284.6041709,0.006945833,97650.83333,26.6000004,1.083333349,2.654166706,0.143232678,31.419808354683788,0.8793146460614368
2022-12-28,108.0458349,273.7166707,281.6583375,0.004958333,97974.16667,0.0,0.708333344,1.295833353,0.142923526,11.062314921120322,0.7688671658534487
2022-12-29,30.99166713,325.8375049,279.9625042,0.005775,98005.83333,8.300000124,-0.750000011,-0.395833339,0.142613738,7.551661419281728,1.0070461956021155
2022-12-30,32.35416715,357.7875053,284.0166709,0.007670833,97782.5,18.50000028,1.150000017,2.03750003,0.142303951,13.504076052608305,1.011499206244448
2022-12-31,26.54583373,359.8750054,286.7875043,0.008016666,97438.75,16.10000024,1.916666695,1.645833358,0.142303951,16.14379986772499,0.8761133335788563
