"type","camera","variable","season","WY","value","segment_id","segment_start_year","segment_end_year","n","intercept","slope","p_permutation","mean","sd","method","bp_year"
"series",1,"et",1,2006,108.969835,NA,NA,NA,NA,NA,NA,NA,NA,NA,NA,NA
"series",1,"et",1,2007,98.583538,NA,NA,NA,NA,NA,NA,NA,NA,NA,NA,NA
"series",1,"et",1,2008,75.83475,NA,NA,NA,NA,NA,NA,NA,NA,NA,NA,NA
"series",1,"et",1,2009,89.769595,NA,NA,NA,NA,NA,NA,NA,NA,NA,NA,NA
"series",1,"et",1,2010,98.818083,NA,NA,NA,NA,NA,NA,NA,NA,NA,NA,NA
"series",1,"et",1,2011,122.253421,NA,NA,NA,NA,NA,NA,NA,NA,NA,NA,NA
"series",1,"et",1,2012,93.511144,NA,NA,NA,NA,NA,NA,NA,NA,NA,NA,NA
"series",1,"et",1,2013,65.807299,NA,NA,NA,NA,NA,NA,NA,NA,NA,NA,NA
"series",1,"et",1,2014,102.801252,NA,NA,NA,NA,NA,NA,NA,NA,NA,NA,NA
"series",1,"et",1,2015,76.061018,NA,NA,NA,NA,NA,NA,NA,NA,NA,NA,NA
"series",1,"et",1,2016,75.042898,NA,NA,NA,NA,NA,NA,NA,NA,NA,NA,NA
"series",1,"et",1,2017,85.450988,NA,NA,NA,NA,NA,NA,NA,NA,NA,NA,NA
"series",1,"et",1,2018,109.046797,NA,NA,NA,NA,NA,NA,NA,NA,NA,NA,NA
"series",1,"et",1,2019,75.788918,NA,NA,NA,NA,NA,NA,NA,NA,NA,NA,NA
"series",1,"et",1,2020,78.633679,NA,NA,NA,NA,NA,NA,NA,NA,NA,NA,NA
"series",1,"et",1,2021,109.9505,NA,NA,NA,NA,NA,NA,NA,NA,NA,NA,NA
"series",1,"et",1,2022,92.44992,NA,NA,NA,NA,NA,NA,NA,NA,NA,NA,NA
"series",1,"et",1,2023,68.507708,NA,NA,NA,NA,NA,NA,NA,NA,NA,NA,NA
"series",1,"et",1,2024,111.046801,NA,NA,NA,NA,NA,NA,NA,NA,NA,NA,NA
"series",1,"et",1,2025,129.161415,NA,NA,NA,NA,NA,NA,NA,NA,NA,NA,NA
"regression_segment",1,"et",1,NA,NA,1,2006,2025,20,-345.19527758421,0.217598489473684,0.7659,NA,NA,NA,NA
"variance_segment",1,"et",1,NA,NA,1,2006,2025,20,NA,NA,NA,93.37447795,18.1531286147096,NA,NA
"series",1,"et",2,2006,278.788663,NA,NA,NA,NA,NA,NA,NA,NA,NA,NA,NA
"series",1,"et",2,2007,272.873847,NA,NA,NA,NA,NA,NA,NA,NA,NA,NA,NA
"series",1,"et",2,2008,243.959772,NA,NA,NA,NA,NA,NA,NA,NA,NA,NA,NA
"series",1,"et",2,2009,256.895023,NA,NA,NA,NA,NA,NA,NA,NA,NA,NA,NA
"series",1,"et",2,2010,238.763144,NA,NA,NA,NA,NA,NA,NA,NA,NA,NA,NA
"series",1,"et",2,2011,253.065219,NA,NA,NA,NA,NA,NA,NA,NA,NA,NA,NA
"series",1,"et",2,2012,270.026003,NA,NA,NA,NA,NA,NA,NA,NA,NA,NA,NA
"series",1,"et",2,2013,245.073761,NA,NA,NA,NA,NA,NA,NA,NA,NA,NA,NA
"series",1,"et",2,2014,285.427972,NA,NA,NA,NA,NA,NA,NA,NA,NA,NA,NA
"series",1,"et",2,2015,260.409553,NA,NA,NA,NA,NA,NA,NA,NA,NA,NA,NA
"series",1,"et",2,2016,262.757716,NA,NA,NA,NA,NA,NA,NA,NA,NA,NA,NA
"series",1,"et",2,2017,290.248908,NA,NA,NA,NA,NA,NA,NA,NA,NA,NA,NA
"series",1,"et",2,2018,275.072704,NA,NA,NA,NA,NA,NA,NA,NA,NA,NA,NA
"series",1,"et",2,2019,287.930664,NA,NA,NA,NA,NA,NA,NA,NA,NA,NA,NA
"series",1,"et",2,2020,310.236388,NA,NA,NA,NA,NA,NA,NA,NA,NA,NA,NA
"series",1,"et",2,2021,295.143878,NA,NA,NA,NA,NA,NA,NA,NA,NA,NA,NA
"series",1,"et",2,2022,283.840012,NA,NA,NA,NA,NA,NA,NA,NA,NA,NA,NA
"series",1,"et",2,2023,281.554477,NA,NA,NA,NA,NA,NA,NA,NA,NA,NA,NA
"series",1,"et",2,2024,283.564137,NA,NA,NA,NA,NA,NA,NA,NA,NA,NA,NA
"series",1,"et",2,2025,283.848215,NA,NA,NA,NA,NA,NA,NA,NA,NA,NA,NA
"breakpoint",1,"et",2,NA,NA,NA,NA,NA,NA,NA,NA,NA,NA,NA,"regression",2021.5
"breakpoint",1,"et",2,NA,NA,NA,NA,NA,NA,NA,NA,NA,NA,NA,"variance",2007.5
"regression_segment",1,"et",2,NA,NA,1,2006,2021,16,-5055.55067782059,2.64512925441176,0.0113,NA,NA,NA,NA
"regression_segment",1,"et",2,NA,NA,2,2022,2025,4,-128.432621899987,0.203426899999994,0.7556,NA,NA,NA,NA
"variance_segment",1,"et",2,NA,NA,1,2006,2007.5,2,NA,NA,NA,275.831255,4.18240650307067,NA,NA
"variance_segment",1,"et",2,NA,NA,2,2007.5,2025,18,NA,NA,NA,272.656530333333,19.8499554426172,NA,NA
"series",1,"et",3,2006,370.145756,NA,NA,NA,NA,NA,NA,NA,NA,NA,NA,NA
"series",1,"et",3,2007,363.152812,NA,NA,NA,NA,NA,NA,NA,NA,NA,NA,NA
"series",1,"et",3,2008,357.732775,NA,NA,NA,NA,NA,NA,NA,NA,NA,NA,NA
"series",1,"et",3,2009,355.042908,NA,NA,NA,NA,NA,NA,NA,NA,NA,NA,NA
"series",1,"et",3,2010,380.922417,NA,NA,NA,NA,NA,NA,NA,NA,NA,NA,NA
"series",1,"et",3,2011,396.12978,NA,NA,NA,NA,NA,NA,NA,NA,NA,NA,NA
"series",1,"et",3,2012,430.896292,NA,NA,NA,NA,NA,NA,NA,NA,NA,NA,NA
"series",1,"et",3,2013,403.005481,NA,NA,NA,NA,NA,NA,NA,NA,NA,NA,NA
"series",1,"et",3,2014,428.955356,NA,NA,NA,NA,NA,NA,NA,NA,NA,NA,NA
"series",1,"et",3,2015,415.290747,NA,NA,NA,NA,NA,NA,NA,NA,NA,NA,NA
"series",1,"et",3,2016,392.14815,NA,NA,NA,NA,NA,NA,NA,NA,NA,NA,NA
"series",1,"et",3,2017,442.086328,NA,NA,NA,NA,NA,NA,NA,NA,NA,NA,NA
"series",1,"et",3,2018,403.470155,NA,NA,NA,NA,NA,NA,NA,NA,NA,NA,NA
"series",1,"et",3,2019,399.791556,NA,NA,NA,NA,NA,NA,NA,NA,NA,NA,NA
"series",1,"et",3,2020,429.711964,NA,NA,NA,NA,NA,NA,NA,NA,NA,NA,NA
"series",1,"et",3,2021,444.65481,NA,NA,NA,NA,NA,NA,NA,NA,NA,NA,NA
"series",1,"et",3,2022,443.279902,NA,NA,NA,NA,NA,NA,NA,NA,NA,NA,NA
"series",1,"et",3,2023,423.55096,NA,NA,NA,NA,NA,NA,NA,NA,NA,NA,NA
"series",1,"et",3,2024,421.04964,NA,NA,NA,NA,NA,NA,NA,NA,NA,NA,NA
"series",1,"et",3,2025,386.494678,NA,NA,NA,NA,NA,NA,NA,NA,NA,NA,NA
"breakpoint",1,"et",3,NA,NA,NA,NA,NA,NA,NA,NA,NA,NA,NA,"regression",2009.5
"regression_segment",1,"et",3,NA,NA,1,2006,2009,4,10545.2811984999,-5.07285809999997,0.0841,NA,NA,NA,NA
"regression_segment",1,"et",3,NA,NA,2,2010,2025,16,-2123.19076877942,1.25813167647059,0.2707,NA,NA,NA,NA
"variance_segment",1,"et",3,NA,NA,1,2006,2025,20,NA,NA,NA,404.37562335,28.895111278198,NA,NA
"series",1,"et",4,2006,118.241961,NA,NA,NA,NA,NA,NA,NA,NA,NA,NA,NA
"series",1,"et",4,2007,119.81099,NA,NA,NA,NA,NA,NA,NA,NA,NA,NA,NA
"series",1,"et",4,2008,108.255425,NA,NA,NA,NA,NA,NA,NA,NA,NA,NA,NA
"series",1,"et",4,2009,81.490587,NA,NA,NA,NA,NA,NA,NA,NA,NA,NA,NA
"series",1,"et",4,2010,103.394969,NA,NA,NA,NA,NA,NA,NA,NA,NA,NA,NA
"series",1,"et",4,2011,131.132255,NA,NA,NA,NA,NA,NA,NA,NA,NA,NA,NA
"series",1,"et",4,2012,106.022995,NA,NA,NA,NA,NA,NA,NA,NA,NA,NA,NA
"series",1,"et",4,2013,120.113613,NA,NA,NA,NA,NA,NA,NA,NA,NA,NA,NA
"series",1,"et",4,2014,89.088225,NA,NA,NA,NA,NA,NA,NA,NA,NA,NA,NA
"series",1,"et",4,2015,100.178658,NA,NA,NA,NA,NA,NA,NA,NA,NA,NA,NA
"series",1,"et",4,2016,97.502298,NA,NA,NA,NA,NA,NA,NA,NA,NA,NA,NA
"series",1,"et",4,2017,122.443038,NA,NA,NA,NA,NA,NA,NA,NA,NA,NA,NA
"series",1,"et",4,2018,145.063743,NA,NA,NA,NA,NA,NA,NA,NA,NA,NA,NA
"series",1,"et",4,2019,101.974777,NA,NA,NA,NA,NA,NA,NA,NA,NA,NA,NA
"series",1,"et",4,2020,118.765859,NA,NA,NA,NA,NA,NA,NA,NA,NA,NA,NA
"series",1,"et",4,2021,137.787244,NA,NA,NA,NA,NA,NA,NA,NA,NA,NA,NA
"series",1,"et",4,2022,130.188758,NA,NA,NA,NA,NA,NA,NA,NA,NA,NA,NA
"series",1,"et",4,2023,87.48648,NA,NA,NA,NA,NA,NA,NA,NA,NA,NA,NA
"series",1,"et",4,2024,153.289859,NA,NA,NA,NA,NA,NA,NA,NA,NA,NA,NA
"series",1,"et",4,2025,143.24052,NA,NA,NA,NA,NA,NA,NA,NA,NA,NA,NA
"breakpoint",1,"et",4,NA,NA,NA,NA,NA,NA,NA,NA,NA,NA,NA,"variance",2008.5
"regression_segment",1,"et",4,NA,NA,1,2006,2025,20,-2652.08996673083,1.37328880150376,0.084,NA,NA,NA,NA
"variance_segment",1,"et",4,NA,NA,1,2006,2008.5,3,NA,NA,NA,115.436125333333,6.26795867556258,NA,NA
"variance_segment",1,"et",4,NA,NA,2,2008.5,2025,17,NA,NA,NA,115.833169294118,21.971089301067,NA,NA
"series",2,"et",1,2006,120.784522,NA,NA,NA,NA,NA,NA,NA,NA,NA,NA,NA
"series",2,"et",1,2007,110.801348,NA,NA,NA,NA,NA,NA,NA,NA,NA,NA,NA
"series",2,"et",1,2008,82.66869,NA,NA,NA,NA,NA,NA,NA,NA,NA,NA,NA
"series",2,"et",1,2009,102.538093,NA,NA,NA,NA,NA,NA,NA,NA,NA,NA,NA
"series",2,"et",1,2010,103.187849,NA,NA,NA,NA,NA,NA,NA,NA,NA,NA,NA
"series",2,"et",1,2011,128.336349,NA,NA,NA,NA,NA,NA,NA,NA,NA,NA,NA
"series",2,"et",1,2012,106.825609,NA,NA,NA,NA,NA,NA,NA,NA,NA,NA,NA
"series",2,"et",1,2013,71.746775,NA,NA,NA,NA,NA,NA,NA,NA,NA,NA,NA
"series",2,"et",1,2014,108.333536,NA,NA,NA,NA,NA,NA,NA,NA,NA,NA,NA
"series",2,"et",1,2015,72.129295,NA,NA,NA,NA,NA,NA,NA,NA,NA,NA,NA
"series",2,"et",1,2016,66.793994,NA,NA,NA,NA,NA,NA,NA,NA,NA,NA,NA
"series",2,"et",1,2017,78.575566,NA,NA,NA,NA,NA,NA,NA,NA,NA,NA,NA
"series",2,"et",1,2018,103.031643,NA,NA,NA,NA,NA,NA,NA,NA,NA,NA,NA
"series",2,"et",1,2019,72.814256,NA,NA,NA,NA,NA,NA,NA,NA,NA,NA,NA
"series",2,"et",1,2020,76.105713,NA,NA,NA,NA,NA,NA,NA,NA,NA,NA,NA
"series",2,"et",1,2021,109.768923,NA,NA,NA,NA,NA,NA,NA,NA,NA,NA,NA
"series",2,"et",1,2022,97.720589,NA,NA,NA,NA,NA,NA,NA,NA,NA,NA,NA
"series",2,"et",1,2023,58.719946,NA,NA,NA,NA,NA,NA,NA,NA,NA,NA,NA
"series",2,"et",1,2024,117.895693,NA,NA,NA,NA,NA,NA,NA,NA,NA,NA,NA
"series",2,"et",1,2025,134.961161,NA,NA,NA,NA,NA,NA,NA,NA,NA,NA,NA
"regression_segment",2,"et",1,NA,NA,1,2006,2025,20,1014.29565708571,-0.455524028571429,0.6079,NA,NA,NA,NA
"variance_segment",2,"et",1,NA,NA,1,2006,2025,20,NA,NA,NA,96.1869775,22.1203815879553,NA,NA
"series",2,"et",2,2006,293.25543,NA,NA,NA,NA,NA,NA,NA,NA,NA,NA,NA
"series",2,"et",2,2007,277.443236,NA,NA,NA,NA,NA,NA,NA,NA,NA,NA,NA
"series",2,"et",2,2008,257.517371,NA,NA,NA,NA,NA,NA,NA,NA,NA,NA,NA
"series",2,"et",2,2009,262.503465,NA,NA,NA,NA,NA,NA,NA,NA,NA,NA,NA
"series",2,"et",2,2010,253.759525,NA,NA,NA,NA,NA,NA,NA,NA,NA,NA,NA
"series",2,"et",2,2011,245.656859,NA,NA,NA,NA,NA,NA,NA,NA,NA,NA,NA
"series",2,"et",2,2012,290.515647,NA,NA,NA,NA,NA,NA,NA,NA,NA,NA,NA
"series",2,"et",2,2013,267.307492,NA,NA,NA,NA,NA,NA,NA,NA,NA,NA,NA
"series",2,"et",2,2014,303.295408,NA,NA,NA,NA,NA,NA,NA,NA,NA,NA,NA
"series",2,"et",2,2015,257.640419,NA,NA,NA,NA,NA,NA,NA,NA,NA,NA,NA
"series",2,"et",2,2016,285.682194,NA,NA,NA,NA,NA,NA,NA,NA,NA,NA,NA
"series",2,"et",2,2017,319.53041,NA,NA,NA,NA,NA,NA,NA,NA,NA,NA,NA
"series",2,"et",2,2018,301.755856,NA,NA,NA,NA,NA,NA,NA,NA,NA,NA,NA
"series",2,"et",2,2019,310.24773,NA,NA,NA,NA,NA,NA,NA,NA,NA,NA,NA
"series",2,"et",2,2020,348.384867,NA,NA,NA,NA,NA,NA,NA,NA,NA,NA,NA
"series",2,"et",2,2021,318.295216,NA,NA,NA,NA,NA,NA,NA,NA,NA,NA,NA
"series",2,"et",2,2022,322.522867,NA,NA,NA,NA,NA,NA,NA,NA,NA,NA,NA
"series",2,"et",2,2023,274.655418,NA,NA,NA,NA,NA,NA,NA,NA,NA,NA,NA
"series",2,"et",2,2024,283.845268,NA,NA,NA,NA,NA,NA,NA,NA,NA,NA,NA
"series",2,"et",2,2025,298.882267,NA,NA,NA,NA,NA,NA,NA,NA,NA,NA,NA
"regression_segment",2,"et",2,NA,NA,1,2006,2025,20,-4673.77654907444,2.46212423533835,0.015,NA,NA,NA,NA
"variance_segment",2,"et",2,NA,NA,1,2006,2025,20,NA,NA,NA,288.63484725,27.1634719643061,NA,NA
"series",2,"et",3,2006,386.562596,NA,NA,NA,NA,NA,NA,NA,NA,NA,NA,NA
"series",2,"et",3,2007,397.475631,NA,NA,NA,NA,NA,NA,NA,NA,NA,NA,NA
"series",2,"et",3,2008,396.565861,NA,NA,NA,NA,NA,NA,NA,NA,NA,NA,NA
"series",2,"et",3,2009,405.371032,NA,NA,NA,NA,NA,NA,NA,NA,NA,NA,NA
"series",2,"et",3,2010,429.541596,NA,NA,NA,NA,NA,NA,NA,NA,NA,NA,NA
"series",2,"et",3,2011,404.62802,NA,NA,NA,NA,NA,NA,NA,NA,NA,NA,NA
"series",2,"et",3,2012,433.202436,NA,NA,NA,NA,NA,NA,NA,NA,NA,NA,NA
"series",2,"et",3,2013,423.149308,NA,NA,NA,NA,NA,NA,NA,NA,NA,NA,NA
"series",2,"et",3,2014,421.437472,NA,NA,NA,NA,NA,NA,NA,NA,NA,NA,NA
"series",2,"et",3,2015,440.938224,NA,NA,NA,NA,NA,NA,NA,NA,NA,NA,NA
"series",2,"et",3,2016,412.142668,NA,NA,NA,NA,NA,NA,NA,NA,NA,NA,NA
"series",2,"et",3,2017,479.822152,NA,NA,NA,NA,NA,NA,NA,NA,NA,NA,NA
"series",2,"et",3,2018,449.55041,NA,NA,NA,NA,NA,NA,NA,NA,NA,NA,NA
"series",2,"et",3,2019,419.008192,NA,NA,NA,NA,NA,NA,NA,NA,NA,NA,NA
"series",2,"et",3,2020,455.88596,NA,NA,NA,NA,NA,NA,NA,NA,NA,NA,NA
"series",2,"et",3,2021,513.845964,NA,NA,NA,NA,NA,NA,NA,NA,NA,NA,NA
"series",2,"et",3,2022,511.196378,NA,NA,NA,NA,NA,NA,NA,NA,NA,NA,NA
"series",2,"et",3,2023,453.838297,NA,NA,NA,NA,NA,NA,NA,NA,NA,NA,NA
"series",2,"et",3,2024,421.019784,NA,NA,NA,NA,NA,NA,NA,NA,NA,NA,NA
"series",2,"et",3,2025,428.637914,NA,NA,NA,NA,NA,NA,NA,NA,NA,NA,NA
"breakpoint",2,"et",3,NA,NA,NA,NA,NA,NA,NA,NA,NA,NA,NA,"regression",2016.5
"breakpoint",2,"et",3,NA,NA,NA,NA,NA,NA,NA,NA,NA,NA,NA,"variance",2020.5
"breakpoint",2,"et",3,NA,NA,NA,NA,NA,NA,NA,NA,NA,NA,NA,"variance",2022.5
"regression_segment",2,"et",3,NA,NA,1,2006,2016,11,-7183.88343715454,3.77802688181818,0.0132,NA,NA,NA,NA
"regression_segment",2,"et",3,NA,NA,2,2017,2025,9,6029.0159985889,-2.75597003333334,0.575,NA,NA,NA,NA
"variance_segment",2,"et",3,NA,NA,1,2006,2020.5,15,NA,NA,NA,423.6854372,25.2690012752073,NA,NA
"variance_segment",2,"et",3,NA,NA,2,2020.5,2022.5,2,NA,NA,NA,512.521171,1.87354022793694,NA,NA
"variance_segment",2,"et",3,NA,NA,3,2022.5,2025,3,NA,NA,NA,434.498665,17.1762918173799,NA,NA
"series",2,"et",4,2006,136.608002,NA,NA,NA,NA,NA,NA,NA,NA,NA,NA,NA
"series",2,"et",4,2007,134.467642,NA,NA,NA,NA,NA,NA,NA,NA,NA,NA,NA
"series",2,"et",4,2008,119.394545,NA,NA,NA,NA,NA,NA,NA,NA,NA,NA,NA
"series",2,"et",4,2009,105.079466,NA,NA,NA,NA,NA,NA,NA,NA,NA,NA,NA
"series",2,"et",4,2010,113.028982,NA,NA,NA,NA,NA,NA,NA,NA,NA,NA,NA
"series",2,"et",4,2011,132.655967,NA,NA,NA,NA,NA,NA,NA,NA,NA,NA,NA
"series",2,"et",4,2012,122.296946,NA,NA,NA,NA,NA,NA,NA,NA,NA,NA,NA
"series",2,"et",4,2013,129.047931,NA,NA,NA,NA,NA,NA,NA,NA,NA,NA,NA
"series",2,"et",4,2014,131.138332,NA,NA,NA,NA,NA,NA,NA,NA,NA,NA,NA
"series",2,"et",4,2015,125.166747,NA,NA,NA,NA,NA,NA,NA,NA,NA,NA,NA
"series",2,"et",4,2016,100.392577,NA,NA,NA,NA,NA,NA,NA,NA,NA,NA,NA
"series",2,"et",4,2017,129.217394,NA,NA,NA,NA,NA,NA,NA,NA,NA,NA,NA
"series",2,"et",4,2018,153.878113,NA,NA,NA,NA,NA,NA,NA,NA,NA,NA,NA
"series",2,"et",4,2019,115.776088,NA,NA,NA,NA,NA,NA,NA,NA,NA,NA,NA
"series",2,"et",4,2020,130.785356,NA,NA,NA,NA,NA,NA,NA,NA,NA,NA,NA
"series",2,"et",4,2021,142.812395,NA,NA,NA,NA,NA,NA,NA,NA,NA,NA,NA
"series",2,"et",4,2022,147.74043,NA,NA,NA,NA,NA,NA,NA,NA,NA,NA,NA
"series",2,"et",4,2023,95.895696,NA,NA,NA,NA,NA,NA,NA,NA,NA,NA,NA
"series",2,"et",4,2024,161.951665,NA,NA,NA,NA,NA,NA,NA,NA,NA,NA,NA
"series",2,"et",4,2025,149.865937,NA,NA,NA,NA,NA,NA,NA,NA,NA,NA,NA
"breakpoint",2,"et",4,NA,NA,NA,NA,NA,NA,NA,NA,NA,NA,NA,"variance",2010.5
"breakpoint",2,"et",4,NA,NA,NA,NA,NA,NA,NA,NA,NA,NA,NA,"variance",2015.5
"regression_segment",2,"et",4,NA,NA,1,2006,2025,20,-1810.85251743008,0.962397681954888,0.1628,NA,NA,NA,NA
"variance_segment",2,"et",4,NA,NA,1,2006,2010.5,5,NA,NA,NA,121.7157274,13.6198733059005,NA,NA
"variance_segment",2,"et",4,NA,NA,2,2010.5,2015.5,5,NA,NA,NA,128.0611846,4.27664429022958,NA,NA
"variance_segment",2,"et",4,NA,NA,3,2015.5,2025,10,NA,NA,NA,132.8315651,22.6756926133925,NA,NA
"series",4,"et",1,2006,134.926507,NA,NA,NA,NA,NA,NA,NA,NA,NA,NA,NA
"series",4,"et",1,2007,124.561983,NA,NA,NA,NA,NA,NA,NA,NA,NA,NA,NA
"series",4,"et",1,2008,97.333108,NA,NA,NA,NA,NA,NA,NA,NA,NA,NA,NA
"series",4,"et",1,2009,106.229674,NA,NA,NA,NA,NA,NA,NA,NA,NA,NA,NA
"series",4,"et",1,2010,104.727593,NA,NA,NA,NA,NA,NA,NA,NA,NA,NA,NA
"series",4,"et",1,2011,141.433109,NA,NA,NA,NA,NA,NA,NA,NA,NA,NA,NA
"series",4,"et",1,2012,106.473832,NA,NA,NA,NA,NA,NA,NA,NA,NA,NA,NA
"series",4,"et",1,2013,83.346629,NA,NA,NA,NA,NA,NA,NA,NA,NA,NA,NA
"series",4,"et",1,2014,138.127784,NA,NA,NA,NA,NA,NA,NA,NA,NA,NA,NA
"series",4,"et",1,2015,117.514501,NA,NA,NA,NA,NA,NA,NA,NA,NA,NA,NA
"series",4,"et",1,2016,116.444532,NA,NA,NA,NA,NA,NA,NA,NA,NA,NA,NA
"series",4,"et",1,2017,120.296376,NA,NA,NA,NA,NA,NA,NA,NA,NA,NA,NA
"series",4,"et",1,2018,115.097528,NA,NA,NA,NA,NA,NA,NA,NA,NA,NA,NA
"series",4,"et",1,2019,79.542367,NA,NA,NA,NA,NA,NA,NA,NA,NA,NA,NA
"series",4,"et",1,2020,84.693033,NA,NA,NA,NA,NA,NA,NA,NA,NA,NA,NA
"series",4,"et",1,2021,121.377625,NA,NA,NA,NA,NA,NA,NA,NA,NA,NA,NA
"series",4,"et",1,2022,127.290851,NA,NA,NA,NA,NA,NA,NA,NA,NA,NA,NA
"series",4,"et",1,2023,82.259868,NA,NA,NA,NA,NA,NA,NA,NA,NA,NA,NA
"series",4,"et",1,2024,126.235013,NA,NA,NA,NA,NA,NA,NA,NA,NA,NA,NA
"series",4,"et",1,2025,163.647878,NA,NA,NA,NA,NA,NA,NA,NA,NA,NA,NA
"breakpoint",4,"et",1,NA,NA,NA,NA,NA,NA,NA,NA,NA,NA,NA,"variance",2014.5
"breakpoint",4,"et",1,NA,NA,NA,NA,NA,NA,NA,NA,NA,NA,NA,"variance",2018.5
"regression_segment",4,"et",1,NA,NA,1,2006,2025,20,-203.664876324059,0.157897725563909,0.8546,NA,NA,NA,NA
"variance_segment",4,"et",1,NA,NA,1,2006,2014.5,9,NA,NA,NA,115.240024333333,20.2816845091575,NA,NA
"variance_segment",4,"et",1,NA,NA,2,2014.5,2018.5,4,NA,NA,NA,117.33823425,2.20613846578833,NA,NA
"variance_segment",4,"et",1,NA,NA,3,2018.5,2025,7,NA,NA,NA,112.149519285714,31.2926408226159,NA,NA
"series",4,"et",2,2006,286.952811,NA,NA,NA,NA,NA,NA,NA,NA,NA,NA,NA
"series",4,"et",2,2007,304.148082,NA,NA,NA,NA,NA,NA,NA,NA,NA,NA,NA
"series",4,"et",2,2008,258.013905,NA,NA,NA,NA,NA,NA,NA,NA,NA,NA,NA
"series",4,"et",2,2009,250.2228,NA,NA,NA,NA,NA,NA,NA,NA,NA,NA,NA
"series",4,"et",2,2010,243.118594,NA,NA,NA,NA,NA,NA,NA,NA,NA,NA,NA
"series",4,"et",2,2011,271.918555,NA,NA,NA,NA,NA,NA,NA,NA,NA,NA,NA
"series",4,"et",2,2012,261.993828,NA,NA,NA,NA,NA,NA,NA,NA,NA,NA,NA
"series",4,"et",2,2013,261.139184,NA,NA,NA,NA,NA,NA,NA,NA,NA,NA,NA
"series",4,"et",2,2014,287.760272,NA,NA,NA,NA,NA,NA,NA,NA,NA,NA,NA
"series",4,"et",2,2015,334.124385,NA,NA,NA,NA,NA,NA,NA,NA,NA,NA,NA
"series",4,"et",2,2016,317.42022,NA,NA,NA,NA,NA,NA,NA,NA,NA,NA,NA
"series",4,"et",2,2017,301.936184,NA,NA,NA,NA,NA,NA,NA,NA,NA,NA,NA
"series",4,"et",2,2018,242.85347,NA,NA,NA,NA,NA,NA,NA,NA,NA,NA,NA
"series",4,"et",2,2019,265.330671,NA,NA,NA,NA,NA,NA,NA,NA,NA,NA,NA
"series",4,"et",2,2020,343.860981,NA,NA,NA,NA,NA,NA,NA,NA,NA,NA,NA
"series",4,"et",2,2021,278.720186,NA,NA,NA,NA,NA,NA,NA,NA,NA,NA,NA
"series",4,"et",2,2022,314.553875,NA,NA,NA,NA,NA,NA,NA,NA,NA,NA,NA
"series",4,"et",2,2023,287.876494,NA,NA,NA,NA,NA,NA,NA,NA,NA,NA,NA
"series",4,"et",2,2024,291.786903,NA,NA,NA,NA,NA,NA,NA,NA,NA,NA,NA
"series",4,"et",2,2025,308.578056,NA,NA,NA,NA,NA,NA,NA,NA,NA,NA,NA
"regression_segment",4,"et",2,NA,NA,1,2006,2025,20,-3475.3903748579,1.86604110526316,0.0979,NA,NA,NA,NA
"variance_segment",4,"et",2,NA,NA,1,2006,2025,20,NA,NA,NA,285.6154728,29.2305478875509,NA,NA
"series",4,"et",3,2006,369.959614,NA,NA,NA,NA,NA,NA,NA,NA,NA,NA,NA
"series",4,"et",3,2007,393.257671,NA,NA,NA,NA,NA,NA,NA,NA,NA,NA,NA
"series",4,"et",3,2008,394.842085,NA,NA,NA,NA,NA,NA,NA,NA,NA,NA,NA
"series",4,"et",3,2009,353.986714,NA,NA,NA,NA,NA,NA,NA,NA,NA,NA,NA
"series",4,"et",3,2010,440.93326,NA,NA,NA,NA,NA,NA,NA,NA,NA,NA,NA
"series",4,"et",3,2011,400.190952,NA,NA,NA,NA,NA,NA,NA,NA,NA,NA,NA
"series",4,"et",3,2012,343.051484,NA,NA,NA,NA,NA,NA,NA,NA,NA,NA,NA
"series",4,"et",3,2013,453.697655,NA,NA,NA,NA,NA,NA,NA,NA,NA,NA,NA
"series",4,"et",3,2014,413.96632,NA,NA,NA,NA,NA,NA,NA,NA,NA,NA,NA
"series",4,"et",3,2015,490.145523,NA,NA,NA,NA,NA,NA,NA,NA,NA,NA,NA
"series",4,"et",3,2016,460.199906,NA,NA,NA,NA,NA,NA,NA,NA,NA,NA,NA
"series",4,"et",3,2017,422.469656,NA,NA,NA,NA,NA,NA,NA,NA,NA,NA,NA
"series",4,"et",3,2018,470.92774,NA,NA,NA,NA,NA,NA,NA,NA,NA,NA,NA
"series",4,"et",3,2019,410.714854,NA,NA,NA,NA,NA,NA,NA,NA,NA,NA,NA
"series",4,"et",3,2020,434.272468,NA,NA,NA,NA,NA,NA,NA,NA,NA,NA,NA
"series",4,"et",3,2021,459.649132,NA,NA,NA,NA,NA,NA,NA,NA,NA,NA,NA
"series",4,"et",3,2022,503.84111,NA,NA,NA,NA,NA,NA,NA,NA,NA,NA,NA
"series",4,"et",3,2023,388.772574,NA,NA,NA,NA,NA,NA,NA,NA,NA,NA,NA
"series",4,"et",3,2024,470.990896,NA,NA,NA,NA,NA,NA,NA,NA,NA,NA,NA
"series",4,"et",3,2025,413.536862,NA,NA,NA,NA,NA,NA,NA,NA,NA,NA,NA
"regression_segment",4,"et",3,NA,NA,1,2006,2025,20,-7265.44058654662,3.81538621203008,0.0211,NA,NA,NA,NA
"variance_segment",4,"et",3,NA,NA,1,2006,2025,20,NA,NA,NA,424.4703238,44.353995491518,NA,NA
"series",4,"et",4,2006,149.329276,NA,NA,NA,NA,NA,NA,NA,NA,NA,NA,NA
"series",4,"et",4,2007,132.890473,NA,NA,NA,NA,NA,NA,NA,NA,NA,NA,NA
"series",4,"et",4,2008,142.208119,NA,NA,NA,NA,NA,NA,NA,NA,NA,NA,NA
"series",4,"et",4,2009,107.52297,NA,NA,NA,NA,NA,NA,NA,NA,NA,NA,NA
"series",4,"et",4,2010,106.022278,NA,NA,NA,NA,NA,NA,NA,NA,NA,NA,NA
"series",4,"et",4,2011,140.016306,NA,NA,NA,NA,NA,NA,NA,NA,NA,NA,NA
"series",4,"et",4,2012,109.91963,NA,NA,NA,NA,NA,NA,NA,NA,NA,NA,NA
"series",4,"et",4,2013,124.427405,NA,NA,NA,NA,NA,NA,NA,NA,NA,NA,NA
"series",4,"et",4,2014,142.166278,NA,NA,NA,NA,NA,NA,NA,NA,NA,NA,NA
"series",4,"et",4,2015,138.539583,NA,NA,NA,NA,NA,NA,NA,NA,NA,NA,NA
"series",4,"et",4,2016,128.81102,NA,NA,NA,NA,NA,NA,NA,NA,NA,NA,NA
"series",4,"et",4,2017,139.66677,NA,NA,NA,NA,NA,NA,NA,NA,NA,NA,NA
"series",4,"et",4,2018,148.03944,NA,NA,NA,NA,NA,NA,NA,NA,NA,NA,NA
"series",4,"et",4,2019,113.767246,NA,NA,NA,NA,NA,NA,NA,NA,NA,NA,NA
"series",4,"et",4,2020,135.48567,NA,NA,NA,NA,NA,NA,NA,NA,NA,NA,NA
"series",4,"et",4,2021,133.443447,NA,NA,NA,NA,NA,NA,NA,NA,NA,NA,NA
"series",4,"et",4,2022,151.66347,NA,NA,NA,NA,NA,NA,NA,NA,NA,NA,NA
"series",4,"et",4,2023,110.656572,NA,NA,NA,NA,NA,NA,NA,NA,NA,NA,NA
"series",4,"et",4,2024,144.683208,NA,NA,NA,NA,NA,NA,NA,NA,NA,NA,NA
"series",4,"et",4,2025,162.018293,NA,NA,NA,NA,NA,NA,NA,NA,NA,NA,NA
"regression_segment",4,"et",4,NA,NA,1,2006,2025,20,-1277.39916342331,0.699808006015038,0.2865,NA,NA,NA,NA
"variance_segment",4,"et",4,NA,NA,1,2006,2025,20,NA,NA,NA,133.0638727,16.2041830589369,NA,NA
"series",6,"et",1,2006,117.609265,NA,NA,NA,NA,NA,NA,NA,NA,NA,NA,NA
"series",6,"et",1,2007,107.604834,NA,NA,NA,NA,NA,NA,NA,NA,NA,NA,NA
"series",6,"et",1,2008,90.204476,NA,NA,NA,NA,NA,NA,NA,NA,NA,NA,NA
"series",6,"et",1,2009,107.131725,NA,NA,NA,NA,NA,NA,NA,NA,NA,NA,NA
"series",6,"et",1,2010,100.631122,NA,NA,NA,NA,NA,NA,NA,NA,NA,NA,NA
"series",6,"et",1,2011,127.880013,NA,NA,NA,NA,NA,NA,NA,NA,NA,NA,NA
"series",6,"et",1,2012,95.969656,NA,NA,NA,NA,NA,NA,NA,NA,NA,NA,NA
"series",6,"et",1,2013,74.691578,NA,NA,NA,NA,NA,NA,NA,NA,NA,NA,NA
"series",6,"et",1,2014,118.670046,NA,NA,NA,NA,NA,NA,NA,NA,NA,NA,NA
"series",6,"et",1,2015,98.324091,NA,NA,NA,NA,NA,NA,NA,NA,NA,NA,NA
"series",6,"et",1,2016,91.390356,NA,NA,NA,NA,NA,NA,NA,NA,NA,NA,NA
"series",6,"et",1,2017,113.530861,NA,NA,NA,NA,NA,NA,NA,NA,NA,NA,NA
"series",6,"et",1,2018,112.222497,NA,NA,NA,NA,NA,NA,NA,NA,NA,NA,NA
"series",6,"et",1,2019,84.786494,NA,NA,NA,NA,NA,NA,NA,NA,NA,NA,NA
"series",6,"et",1,2020,89.863196,NA,NA,NA,NA,NA,NA,NA,NA,NA,NA,NA
"series",6,"et",1,2021,100.755996,NA,NA,NA,NA,NA,NA,NA,NA,NA,NA,NA
"series",6,"et",1,2022,101.707115,NA,NA,NA,NA,NA,NA,NA,NA,NA,NA,NA
"series",6,"et",1,2023,72.614432,NA,NA,NA,NA,NA,NA,NA,NA,NA,NA,NA
"series",6,"et",1,2024,110.939334,NA,NA,NA,NA,NA,NA,NA,NA,NA,NA,NA
"series",6,"et",1,2025,110.921023,NA,NA,NA,NA,NA,NA,NA,NA,NA,NA,NA
"breakpoint",6,"et",1,NA,NA,NA,NA,NA,NA,NA,NA,NA,NA,NA,"variance",2020.5
"breakpoint",6,"et",1,NA,NA,NA,NA,NA,NA,NA,NA,NA,NA,NA,"variance",2022.5
"regression_segment",6,"et",1,NA,NA,1,2006,2025,20,1099.29836750601,-0.495125756390977,0.3785,NA,NA,NA,NA
"variance_segment",6,"et",1,NA,NA,1,2006,2020.5,15,NA,NA,NA,102.034014,14.5879429159603,NA,NA
"variance_segment",6,"et",1,NA,NA,2,2020.5,2022.5,2,NA,NA,NA,101.2315555,0.672542694615362,NA,NA
"variance_segment",6,"et",1,NA,NA,3,2022.5,2025,3,NA,NA,NA,98.158263,22.1216084505761,NA,NA
"series",6,"et",2,2006,285.930129,NA,NA,NA,NA,NA,NA,NA,NA,NA,NA,NA
"series",6,"et",2,2007,285.941571,NA,NA,NA,NA,NA,NA,NA,NA,NA,NA,NA
"series",6,"et",2,2008,260.774498,NA,NA,NA,NA,NA,NA,NA,NA,NA,NA,NA
"series",6,"et",2,2009,273.231489,NA,NA,NA,NA,NA,NA,NA,NA,NA,NA,NA
"series",6,"et",2,2010,221.859657,NA,NA,NA,NA,NA,NA,NA,NA,NA,NA,NA
"series",6,"et",2,2011,267.966683,NA,NA,NA,NA,NA,NA,NA,NA,NA,NA,NA
"series",6,"et",2,2012,257.018388,NA,NA,NA,NA,NA,NA,NA,NA,NA,NA,NA
"series",6,"et",2,2013,254.479617,NA,NA,NA,NA,NA,NA,NA,NA,NA,NA,NA
"series",6,"et",2,2014,298.83029,NA,NA,NA,NA,NA,NA,NA,NA,NA,NA,NA
"series",6,"et",2,2015,291.740654,NA,NA,NA,NA,NA,NA,NA,NA,NA,NA,NA
"series",6,"et",2,2016,302.741993,NA,NA,NA,NA,NA,NA,NA,NA,NA,NA,NA
"series",6,"et",2,2017,268.589423,NA,NA,NA,NA,NA,NA,NA,NA,NA,NA,NA
"series",6,"et",2,2018,262.968279,NA,NA,NA,NA,NA,NA,NA,NA,NA,NA,NA
"series",6,"et",2,2019,285.124118,NA,NA,NA,NA,NA,NA,NA,NA,NA,NA,NA
"series",6,"et",2,2020,324.684204,NA,NA,NA,NA,NA,NA,NA,NA,NA,NA,NA
"series",6,"et",2,2021,208.58535,NA,NA,NA,NA,NA,NA,NA,NA,NA,NA,NA
"series",6,"et",2,2022,283.824401,NA,NA,NA,NA,NA,NA,NA,NA,NA,NA,NA
"series",6,"et",2,2023,255.854891,NA,NA,NA,NA,NA,NA,NA,NA,NA,NA,NA
"series",6,"et",2,2024,220.910653,NA,NA,NA,NA,NA,NA,NA,NA,NA,NA,NA
"series",6,"et",2,2025,201.18362,NA,NA,NA,NA,NA,NA,NA,NA,NA,NA,NA
"breakpoint",6,"et",2,NA,NA,NA,NA,NA,NA,NA,NA,NA,NA,NA,"variance",2016.5
"breakpoint",6,"et",2,NA,NA,NA,NA,NA,NA,NA,NA,NA,NA,NA,"variance",2018.5
"regression_segment",6,"et",2,NA,NA,1,2006,2025,20,3490.24993101504,-1.59991959097744,0.2059,NA,NA,NA,NA
"variance_segment",6,"et",2,NA,NA,1,2006,2016.5,11,NA,NA,NA,272.774088090909,23.7185901695815,NA,NA
"variance_segment",6,"et",2,NA,NA,2,2016.5,2018.5,2,NA,NA,NA,265.778851,3.97474904042609,NA,NA
"variance_segment",6,"et",2,NA,NA,3,2018.5,2025,7,NA,NA,NA,254.309605285714,46.1955936928421,NA,NA
"series",6,"et",3,2006,377.70962,NA,NA,NA,NA,NA,NA,NA,NA,NA,NA,NA
"series",6,"et",3,2007,388.304397,NA,NA,NA,NA,NA,NA,NA,NA,NA,NA,NA
"series",6,"et",3,2008,406.923198,NA,NA,NA,NA,NA,NA,NA,NA,NA,NA,NA
"series",6,"et",3,2009,366.613474,NA,NA,NA,NA,NA,NA,NA,NA,NA,NA,NA
"series",6,"et",3,2010,400.301417,NA,NA,NA,NA,NA,NA,NA,NA,NA,NA,NA
"series",6,"et",3,2011,397.581764,NA,NA,NA,NA,NA,NA,NA,NA,NA,NA,NA
"series",6,"et",3,2012,447.832362,NA,NA,NA,NA,NA,NA,NA,NA,NA,NA,NA
"series",6,"et",3,2013,421.881577,NA,NA,NA,NA,NA,NA,NA,NA,NA,NA,NA
"series",6,"et",3,2014,457.760016,NA,NA,NA,NA,NA,NA,NA,NA,NA,NA,NA
"series",6,"et",3,2015,390.800603,NA,NA,NA,NA,NA,NA,NA,NA,NA,NA,NA
"series",6,"et",3,2016,489.149077,NA,NA,NA,NA,NA,NA,NA,NA,NA,NA,NA
"series",6,"et",3,2017,445.294096,NA,NA,NA,NA,NA,NA,NA,NA,NA,NA,NA
"series",6,"et",3,2018,369.319227,NA,NA,NA,NA,NA,NA,NA,NA,NA,NA,NA
"series",6,"et",3,2019,337.104912,NA,NA,NA,NA,NA,NA,NA,NA,NA,NA,NA
"series",6,"et",3,2020,410.3415,NA,NA,NA,NA,NA,NA,NA,NA,NA,NA,NA
"series",6,"et",3,2021,397.279469,NA,NA,NA,NA,NA,NA,NA,NA,NA,NA,NA
"series",6,"et",3,2022,511.672958,NA,NA,NA,NA,NA,NA,NA,NA,NA,NA,NA
"series",6,"et",3,2023,355.487662,NA,NA,NA,NA,NA,NA,NA,NA,NA,NA,NA
"series",6,"et",3,2024,286.644592,NA,NA,NA,NA,NA,NA,NA,NA,NA,NA,NA
"series",6,"et",3,2025,260.122978,NA,NA,NA,NA,NA,NA,NA,NA,NA,NA,NA
"breakpoint",6,"et",3,NA,NA,NA,NA,NA,NA,NA,NA,NA,NA,NA,"variance",2009.5
"breakpoint",6,"et",3,NA,NA,NA,NA,NA,NA,NA,NA,NA,NA,NA,"variance",2011.5
"breakpoint",6,"et",3,NA,NA,NA,NA,NA,NA,NA,NA,NA,NA,NA,"variance",2019.5
"breakpoint",6,"et",3,NA,NA,NA,NA,NA,NA,NA,NA,NA,NA,NA,"variance",2021.5
"regression_segment",6,"et",3,NA,NA,1,2006,2025,20,6068.82592624737,-2.81464633157895,0.2434,NA,NA,NA,NA
"variance_segment",6,"et",3,NA,NA,1,2006,2009.5,4,NA,NA,NA,384.88767225,17.1533199787506,NA,NA
"variance_segment",6,"et",3,NA,NA,2,2009.5,2011.5,2,NA,NA,NA,398.9415905,1.92308507877433,NA,NA
"variance_segment",6,"et",3,NA,NA,3,2011.5,2019.5,8,NA,NA,NA,419.89273375,50.5936680967902,NA,NA
"variance_segment",6,"et",3,NA,NA,4,2019.5,2021.5,2,NA,NA,NA,403.8104845,9.23625069616889,NA,NA
"variance_segment",6,"et",3,NA,NA,5,2021.5,2025,4,NA,NA,NA,353.4820475,112.859127484905,NA,NA
"series",6,"et",4,2006,135.404327,NA,NA,NA,NA,NA,NA,NA,NA,NA,NA,NA
"series",6,"et",4,2007,125.74566,NA,NA,NA,NA,NA,NA,NA,NA,NA,NA,NA
"series",6,"et",4,2008,127.503496,NA,NA,NA,NA,NA,NA,NA,NA,NA,NA,NA
"series",6,"et",4,2009,110.990188,NA,NA,NA,NA,NA,NA,NA,NA,NA,NA,NA
"series",6,"et",4,2010,101.263726,NA,NA,NA,NA,NA,NA,NA,NA,NA,NA,NA
"series",6,"et",4,2011,132.941646,NA,NA,NA,NA,NA,NA,NA,NA,NA,NA,NA
"series",6,"et",4,2012,99.399024,NA,NA,NA,NA,NA,NA,NA,NA,NA,NA,NA
"series",6,"et",4,2013,126.730551,NA,NA,NA,NA,NA,NA,NA,NA,NA,NA,NA
"series",6,"et",4,2014,126.857682,NA,NA,NA,NA,NA,NA,NA,NA,NA,NA,NA
"series",6,"et",4,2015,121.592973,NA,NA,NA,NA,NA,NA,NA,NA,NA,NA,NA
"series",6,"et",4,2016,109.757019,NA,NA,NA,NA,NA,NA,NA,NA,NA,NA,NA
"series",6,"et",4,2017,143.990486,NA,NA,NA,NA,NA,NA,NA,NA,NA,NA,NA
"series",6,"et",4,2018,155.526497,NA,NA,NA,NA,NA,NA,NA,NA,NA,NA,NA
"series",6,"et",4,2019,104.349862,NA,NA,NA,NA,NA,NA,NA,NA,NA,NA,NA
"series",6,"et",4,2020,113.571322,NA,NA,NA,NA,NA,NA,NA,NA,NA,NA,NA
"series",6,"et",4,2021,114.132942,NA,NA,NA,NA,NA,NA,NA,NA,NA,NA,NA
"series",6,"et",4,2022,123.826559,NA,NA,NA,NA,NA,NA,NA,NA,NA,NA,NA
"series",6,"et",4,2023,110.40675,NA,NA,NA,NA,NA,NA,NA,NA,NA,NA,NA
"series",6,"et",4,2024,119.928639,NA,NA,NA,NA,NA,NA,NA,NA,NA,NA,NA
"series",6,"et",4,2025,104.052838,NA,NA,NA,NA,NA,NA,NA,NA,NA,NA,NA
"regression_segment",6,"et",4,NA,NA,1,2006,2025,20,1027.70624413609,-0.450165038345865,0.4338,NA,NA,NA,NA
"variance_segment",6,"et",4,NA,NA,1,2006,2025,20,NA,NA,NA,120.39860935,14.6299414667019,NA,NA
"series",7,"et",1,2006,119.351057,NA,NA,NA,NA,NA,NA,NA,NA,NA,NA,NA
"series",7,"et",1,2007,108.777727,NA,NA,NA,NA,NA,NA,NA,NA,NA,NA,NA
"series",7,"et",1,2008,81.97358,NA,NA,NA,NA,NA,NA,NA,NA,NA,NA,NA
"series",7,"et",1,2009,107.203523,NA,NA,NA,NA,NA,NA,NA,NA,NA,NA,NA
"series",7,"et",1,2010,107.082487,NA,NA,NA,NA,NA,NA,NA,NA,NA,NA,NA
"series",7,"et",1,2011,128.113827,NA,NA,NA,NA,NA,NA,NA,NA,NA,NA,NA
"series",7,"et",1,2012,108.441548,NA,NA,NA,NA,NA,NA,NA,NA,NA,NA,NA
"series",7,"et",1,2013,77.114285,NA,NA,NA,NA,NA,NA,NA,NA,NA,NA,NA
"series",7,"et",1,2014,125.419984,NA,NA,NA,NA,NA,NA,NA,NA,NA,NA,NA
"series",7,"et",1,2015,98.380063,NA,NA,NA,NA,NA,NA,NA,NA,NA,NA,NA
"series",7,"et",1,2016,87.663038,NA,NA,NA,NA,NA,NA,NA,NA,NA,NA,NA
"series",7,"et",1,2017,107.477045,NA,NA,NA,NA,NA,NA,NA,NA,NA,NA,NA
"series",7,"et",1,2018,132.34071,NA,NA,NA,NA,NA,NA,NA,NA,NA,NA,NA
"series",7,"et",1,2019,95.259411,NA,NA,NA,NA,NA,NA,NA,NA,NA,NA,NA
"series",7,"et",1,2020,85.264847,NA,NA,NA,NA,NA,NA,NA,NA,NA,NA,NA
"series",7,"et",1,2021,122.563449,NA,NA,NA,NA,NA,NA,NA,NA,NA,NA,NA
"series",7,"et",1,2022,114.29102,NA,NA,NA,NA,NA,NA,NA,NA,NA,NA,NA
"series",7,"et",1,2023,71.440223,NA,NA,NA,NA,NA,NA,NA,NA,NA,NA,NA
"series",7,"et",1,2024,131.987778,NA,NA,NA,NA,NA,NA,NA,NA,NA,NA,NA
"series",7,"et",1,2025,148.70495,NA,NA,NA,NA,NA,NA,NA,NA,NA,NA,NA
"breakpoint",7,"et",1,NA,NA,NA,NA,NA,NA,NA,NA,NA,NA,NA,"variance",2008.5
"breakpoint",7,"et",1,NA,NA,NA,NA,NA,NA,NA,NA,NA,NA,NA,"variance",2010.5
"regression_segment",7,"et",1,NA,NA,1,2006,2025,20,-1089.82976104887,0.594280470676692,0.4614,NA,NA,NA,NA
"variance_segment",7,"et",1,NA,NA,1,2006,2008.5,3,NA,NA,NA,103.367454666667,19.2671282697242,NA,NA
"variance_segment",7,"et",1,NA,NA,2,2008.5,2010.5,2,NA,NA,NA,107.143005,0.0855853763676875,NA,NA
"variance_segment",7,"et",1,NA,NA,3,2010.5,2025,15,NA,NA,NA,108.9641452,22.7515838749099,NA,NA
"series",7,"et",2,2006,338.940383,NA,NA,NA,NA,NA,NA,NA,NA,NA,NA,NA
"series",7,"et",2,2007,333.283782,NA,NA,NA,NA,NA,NA,NA,NA,NA,NA,NA
"series",7,"et",2,2008,307.287355,NA,NA,NA,NA,NA,NA,NA,NA,NA,NA,NA
"series",7,"et",2,2009,331.566195,NA,NA,NA,NA,NA,NA,NA,NA,NA,NA,NA
"series",7,"et",2,2010,294.543414,NA,NA,NA,NA,NA,NA,NA,NA,NA,NA,NA
"series",7,"et",2,2011,321.281033,NA,NA,NA,NA,NA,NA,NA,NA,NA,NA,NA
"series",7,"et",2,2012,334.002218,NA,NA,NA,NA,NA,NA,NA,NA,NA,NA,NA
"series",7,"et",2,2013,312.543803,NA,NA,NA,NA,NA,NA,NA,NA,NA,NA,NA
"series",7,"et",2,2014,359.808508,NA,NA,NA,NA,NA,NA,NA,NA,NA,NA,NA
"series",7,"et",2,2015,341.387026,NA,NA,NA,NA,NA,NA,NA,NA,NA,NA,NA
"series",7,"et",2,2016,335.153849,NA,NA,NA,NA,NA,NA,NA,NA,NA,NA,NA
"series",7,"et",2,2017,337.594923,NA,NA,NA,NA,NA,NA,NA,NA,NA,NA,NA
"series",7,"et",2,2018,333.325033,NA,NA,NA,NA,NA,NA,NA,NA,NA,NA,NA
"series",7,"et",2,2019,348.729043,NA,NA,NA,NA,NA,NA,NA,NA,NA,NA,NA
"series",7,"et",2,2020,347.49263,NA,NA,NA,NA,NA,NA,NA,NA,NA,NA,NA
"series",7,"et",2,2021,326.738999,NA,NA,NA,NA,NA,NA,NA,NA,NA,NA,NA
"series",7,"et",2,2022,363.29043,NA,NA,NA,NA,NA,NA,NA,NA,NA,NA,NA
"series",7,"et",2,2023,336.802635,NA,NA,NA,NA,NA,NA,NA,NA,NA,NA,NA
"series",7,"et",2,2024,329.693327,NA,NA,NA,NA,NA,NA,NA,NA,NA,NA,NA
"series",7,"et",2,2025,323.14922,NA,NA,NA,NA,NA,NA,NA,NA,NA,NA,NA
"regression_segment",7,"et",2,NA,NA,1,2006,2025,20,-1513.32218674662,0.915977612030076,0.1484,NA,NA,NA,NA
"variance_segment",7,"et",2,NA,NA,1,2006,2025,20,NA,NA,NA,332.8306903,16.3597269154141,NA,NA
"series",7,"et",3,2006,435.762818,NA,NA,NA,NA,NA,NA,NA,NA,NA,NA,NA
"series",7,"et",3,2007,428.394377,NA,NA,NA,NA,NA,NA,NA,NA,NA,NA,NA
"series",7,"et",3,2008,462.245883,NA,NA,NA,NA,NA,NA,NA,NA,NA,NA,NA
"series",7,"et",3,2009,456.75658,NA,NA,NA,NA,NA,NA,NA,NA,NA,NA,NA
"series",7,"et",3,2010,478.083468,NA,NA,NA,NA,NA,NA,NA,NA,NA,NA,NA
"series",7,"et",3,2011,481.259868,NA,NA,NA,NA,NA,NA,NA,NA,NA,NA,NA
"series",7,"et",3,2012,437.841536,NA,NA,NA,NA,NA,NA,NA,NA,NA,NA,NA
"series",7,"et",3,2013,468.926996,NA,NA,NA,NA,NA,NA,NA,NA,NA,NA,NA
"series",7,"et",3,2014,485.747556,NA,NA,NA,NA,NA,NA,NA,NA,NA,NA,NA
"series",7,"et",3,2015,467.222644,NA,NA,NA,NA,NA,NA,NA,NA,NA,NA,NA
"series",7,"et",3,2016,502.632137,NA,NA,NA,NA,NA,NA,NA,NA,NA,NA,NA
"series",7,"et",3,2017,476.98328,NA,NA,NA,NA,NA,NA,NA,NA,NA,NA,NA
"series",7,"et",3,2018,478.741895,NA,NA,NA,NA,NA,NA,NA,NA,NA,NA,NA
"series",7,"et",3,2019,465.915038,NA,NA,NA,NA,NA,NA,NA,NA,NA,NA,NA
"series",7,"et",3,2020,503.21774,NA,NA,NA,NA,NA,NA,NA,NA,NA,NA,NA
"series",7,"et",3,2021,498.395144,NA,NA,NA,NA,NA,NA,NA,NA,NA,NA,NA
"series",7,"et",3,2022,505.90674,NA,NA,NA,NA,NA,NA,NA,NA,NA,NA,NA
"series",7,"et",3,2023,482.871616,NA,NA,NA,NA,NA,NA,NA,NA,NA,NA,NA
"series",7,"et",3,2024,473.390816,NA,NA,NA,NA,NA,NA,NA,NA,NA,NA,NA
"series",7,"et",3,2025,454.774978,NA,NA,NA,NA,NA,NA,NA,NA,NA,NA,NA
"regression_segment",7,"et",3,NA,NA,1,2006,2025,20,-3695.53302856616,2.06786732030075,0.0126,NA,NA,NA,NA
"variance_segment",7,"et",3,NA,NA,1,2006,2025,20,NA,NA,NA,472.2535555,22.1656506076605,NA,NA
"series",7,"et",4,2006,144.736459,NA,NA,NA,NA,NA,NA,NA,NA,NA,NA,NA
"series",7,"et",4,2007,128.503265,NA,NA,NA,NA,NA,NA,NA,NA,NA,NA,NA
"series",7,"et",4,2008,118.436265,NA,NA,NA,NA,NA,NA,NA,NA,NA,NA,NA
"series",7,"et",4,2009,109.75601,NA,NA,NA,NA,NA,NA,NA,NA,NA,NA,NA
"series",7,"et",4,2010,126.180054,NA,NA,NA,NA,NA,NA,NA,NA,NA,NA,NA
"series",7,"et",4,2011,133.501266,NA,NA,NA,NA,NA,NA,NA,NA,NA,NA,NA
"series",7,"et",4,2012,129.971088,NA,NA,NA,NA,NA,NA,NA,NA,NA,NA,NA
"series",7,"et",4,2013,148.375992,NA,NA,NA,NA,NA,NA,NA,NA,NA,NA,NA
"series",7,"et",4,2014,135.97724,NA,NA,NA,NA,NA,NA,NA,NA,NA,NA,NA
"series",7,"et",4,2015,114.141957,NA,NA,NA,NA,NA,NA,NA,NA,NA,NA,NA
"series",7,"et",4,2016,114.239932,NA,NA,NA,NA,NA,NA,NA,NA,NA,NA,NA
"series",7,"et",4,2017,139.820094,NA,NA,NA,NA,NA,NA,NA,NA,NA,NA,NA
"series",7,"et",4,2018,170.360692,NA,NA,NA,NA,NA,NA,NA,NA,NA,NA,NA
"series",7,"et",4,2019,139.832028,NA,NA,NA,NA,NA,NA,NA,NA,NA,NA,NA
"series",7,"et",4,2020,143.391521,NA,NA,NA,NA,NA,NA,NA,NA,NA,NA,NA
"series",7,"et",4,2021,155.639873,NA,NA,NA,NA,NA,NA,NA,NA,NA,NA,NA
"series",7,"et",4,2022,152.568749,NA,NA,NA,NA,NA,NA,NA,NA,NA,NA,NA
"series",7,"et",4,2023,110.802257,NA,NA,NA,NA,NA,NA,NA,NA,NA,NA,NA
"series",7,"et",4,2024,170.019285,NA,NA,NA,NA,NA,NA,NA,NA,NA,NA,NA
"series",7,"et",4,2025,159.926137,NA,NA,NA,NA,NA,NA,NA,NA,NA,NA,NA
"regression_segment",7,"et",4,NA,NA,1,2006,2025,20,-2954.25375778872,1.53389370676692,0.0304,NA,NA,NA,NA
"variance_segment",7,"et",4,NA,NA,1,2006,2025,20,NA,NA,NA,137.3090082,18.6779732016993,NA,NA
"series",1,"temp",1,2007,9.3402479338843,NA,NA,NA,NA,NA,NA,NA,NA,NA,NA,NA
"series",1,"temp",1,2008,9.89,NA,NA,NA,NA,NA,NA,NA,NA,NA,NA,NA
"series",1,"temp",1,2009,11.386,NA,NA,NA,NA,NA,NA,NA,NA,NA,NA,NA
"series",1,"temp",1,2010,8.90177685950413,NA,NA,NA,NA,NA,NA,NA,NA,NA,NA,NA
"series",1,"temp",1,2011,10.7017768595041,NA,NA,NA,NA,NA,NA,NA,NA,NA,NA,NA
"series",1,"temp",1,2012,10.3258196721311,NA,NA,NA,NA,NA,NA,NA,NA,NA,NA,NA
"series",1,"temp",1,2013,9.90933333333333,NA,NA,NA,NA,NA,NA,NA,NA,NA,NA,NA
"series",1,"temp",1,2014,11.7355785123967,NA,NA,NA,NA,NA,NA,NA,NA,NA,NA,NA
"series",1,"temp",1,2015,12.1027685950413,NA,NA,NA,NA,NA,NA,NA,NA,NA,NA,NA
"series",1,"temp",1,2016,10.9557786885246,NA,NA,NA,NA,NA,NA,NA,NA,NA,NA,NA
"series",1,"temp",1,2017,11.77225,NA,NA,NA,NA,NA,NA,NA,NA,NA,NA,NA
"series",1,"temp",1,2018,11.6546280991736,NA,NA,NA,NA,NA,NA,NA,NA,NA,NA,NA
"series",1,"temp",1,2019,9.69727272727273,NA,NA,NA,NA,NA,NA,NA,NA,NA,NA,NA
"series",1,"temp",1,2020,10.1007786885246,NA,NA,NA,NA,NA,NA,NA,NA,NA,NA,NA
"series",1,"temp",1,2021,9.84091666666667,NA,NA,NA,NA,NA,NA,NA,NA,NA,NA,NA
"series",1,"temp",1,2022,10.4705785123967,NA,NA,NA,NA,NA,NA,NA,NA,NA,NA,NA
"series",1,"temp",1,2023,9.44177685950413,NA,NA,NA,NA,NA,NA,NA,NA,NA,NA,NA
"series",1,"temp",1,2024,10.4252049180328,NA,NA,NA,NA,NA,NA,NA,NA,NA,NA,NA
"series",1,"temp",1,2025,11.2689166666667,NA,NA,NA,NA,NA,NA,NA,NA,NA,NA,NA
"regression_segment",1,"temp",1,NA,NA,1,2007,2025,19,-28.7715698206871,0.019490946903342,0.6293,NA,NA,NA,NA
"variance_segment",1,"temp",1,NA,NA,1,2007,2025,19,NA,NA,NA,10.5221791364504,0.93326612254397,NA,NA
"series",1,"temp",2,2006,22.4723626373626,NA,NA,NA,NA,NA,NA,NA,NA,NA,NA,NA
"series",1,"temp",2,2007,21.55,NA,NA,NA,NA,NA,NA,NA,NA,NA,NA,NA
"series",1,"temp",2,2008,21.0672527472527,NA,NA,NA,NA,NA,NA,NA,NA,NA,NA,NA
"series",1,"temp",2,2009,21.3402747252747,NA,NA,NA,NA,NA,NA,NA,NA,NA,NA,NA
"series",1,"temp",2,2010,20.5442857142857,NA,NA,NA,NA,NA,NA,NA,NA,NA,NA,NA
"series",1,"temp",2,2011,21.7188461538462,NA,NA,NA,NA,NA,NA,NA,NA,NA,NA,NA
"series",1,"temp",2,2012,22.9253846153846,NA,NA,NA,NA,NA,NA,NA,NA,NA,NA,NA
"series",1,"temp",2,2013,22.6036263736264,NA,NA,NA,NA,NA,NA,NA,NA,NA,NA,NA
"series",1,"temp",2,2014,22.2293406593407,NA,NA,NA,NA,NA,NA,NA,NA,NA,NA,NA
"series",1,"temp",2,2015,21.068956043956,NA,NA,NA,NA,NA,NA,NA,NA,NA,NA,NA
"series",1,"temp",2,2016,21.4676373626374,NA,NA,NA,NA,NA,NA,NA,NA,NA,NA,NA
"series",1,"temp",2,2017,22.3193406593407,NA,NA,NA,NA,NA,NA,NA,NA,NA,NA,NA
"series",1,"temp",2,2018,22.9434065934066,NA,NA,NA,NA,NA,NA,NA,NA,NA,NA,NA
"series",1,"temp",2,2019,20.3542857142857,NA,NA,NA,NA,NA,NA,NA,NA,NA,NA,NA
"series",1,"temp",2,2020,22.3414285714286,NA,NA,NA,NA,NA,NA,NA,NA,NA,NA,NA
"series",1,"temp",2,2021,22.6805494505494,NA,NA,NA,NA,NA,NA,NA,NA,NA,NA,NA
"series",1,"temp",2,2022,22.7604395604396,NA,NA,NA,NA,NA,NA,NA,NA,NA,NA,NA
"series",1,"temp",2,2023,20.5495604395604,NA,NA,NA,NA,NA,NA,NA,NA,NA,NA,NA
"series",1,"temp",2,2024,21.5082967032967,NA,NA,NA,NA,NA,NA,NA,NA,NA,NA,NA
"series",1,"temp",2,2025,22.0083516483516,NA,NA,NA,NA,NA,NA,NA,NA,NA,NA,NA
"regression_segment",1,"temp",2,NA,NA,1,2006,2025,20,-0.368468272329245,0.0110102453937041,0.7337,NA,NA,NA,NA
"variance_segment",1,"temp",2,NA,NA,1,2006,2025,20,NA,NA,NA,21.8226813186813,0.824867522851815,NA,NA
"series",1,"temp",3,2006,24.6946739130435,NA,NA,NA,NA,NA,NA,NA,NA,NA,NA,NA
"series",1,"temp",3,2007,25.9003804347826,NA,NA,NA,NA,NA,NA,NA,NA,NA,NA,NA
"series",1,"temp",3,2008,24.8413586956522,NA,NA,NA,NA,NA,NA,NA,NA,NA,NA,NA
"series",1,"temp",3,2009,26.5473913043478,NA,NA,NA,NA,NA,NA,NA,NA,NA,NA,NA
"series",1,"temp",3,2010,26.3072826086957,NA,NA,NA,NA,NA,NA,NA,NA,NA,NA,NA
"series",1,"temp",3,2011,26.5267391304348,NA,NA,NA,NA,NA,NA,NA,NA,NA,NA,NA
"series",1,"temp",3,2012,25.8833695652174,NA,NA,NA,NA,NA,NA,NA,NA,NA,NA,NA
"series",1,"temp",3,2013,25.7357065217391,NA,NA,NA,NA,NA,NA,NA,NA,NA,NA,NA
"series",1,"temp",3,2014,25.5495652173913,NA,NA,NA,NA,NA,NA,NA,NA,NA,NA,NA
"series",1,"temp",3,2015,26.0990217391304,NA,NA,NA,NA,NA,NA,NA,NA,NA,NA,NA
"series",1,"temp",3,2016,25.449347826087,NA,NA,NA,NA,NA,NA,NA,NA,NA,NA,NA
"series",1,"temp",3,2017,25.5545108695652,NA,NA,NA,NA,NA,NA,NA,NA,NA,NA,NA
"series",1,"temp",3,2018,26.4084782608696,NA,NA,NA,NA,NA,NA,NA,NA,NA,NA,NA
"series",1,"temp",3,2019,26.72625,NA,NA,NA,NA,NA,NA,NA,NA,NA,NA,NA
"series",1,"temp",3,2020,27.4726086956522,NA,NA,NA,NA,NA,NA,NA,NA,NA,NA,NA
"series",1,"temp",3,2021,25.4604891304348,NA,NA,NA,NA,NA,NA,NA,NA,NA,NA,NA
"series",1,"temp",3,2022,25.7261956521739,NA,NA,NA,NA,NA,NA,NA,NA,NA,NA,NA
"series",1,"temp",3,2023,27.6867391304348,NA,NA,NA,NA,NA,NA,NA,NA,NA,NA,NA
"series",1,"temp",3,2024,26.9678260869565,NA,NA,NA,NA,NA,NA,NA,NA,NA,NA,NA
"series",1,"temp",3,2025,26.8174456521739,NA,NA,NA,NA,NA,NA,NA,NA,NA,NA,NA
"regression_segment",1,"temp",3,NA,NA,1,2006,2025,20,-122.865088631906,0.0739185599869238,0.0132,NA,NA,NA,NA
"variance_segment",1,"temp",3,NA,NA,1,2006,2025,20,NA,NA,NA,26.1177690217391,0.792301984320506,NA,NA
"series",1,"temp",4,2007,15.6118032786885,NA,NA,NA,NA,NA,NA,NA,NA,NA,NA,NA
"series",1,"temp",4,2008,17.4682786885246,NA,NA,NA,NA,NA,NA,NA,NA,NA,NA,NA
"series",1,"temp",4,2009,16.0804098360656,NA,NA,NA,NA,NA,NA,NA,NA,NA,NA,NA
"series",1,"temp",4,2010,15.6533606557377,NA,NA,NA,NA,NA,NA,NA,NA,NA,NA,NA
"series",1,"temp",4,2011,15.4379508196721,NA,NA,NA,NA,NA,NA,NA,NA,NA,NA,NA
"series",1,"temp",4,2012,15.7210655737705,NA,NA,NA,NA,NA,NA,NA,NA,NA,NA,NA
"series",1,"temp",4,2013,17.7216393442623,NA,NA,NA,NA,NA,NA,NA,NA,NA,NA,NA
"series",1,"temp",4,2014,15.6863114754098,NA,NA,NA,NA,NA,NA,NA,NA,NA,NA,NA
"series",1,"temp",4,2015,16.6309016393443,NA,NA,NA,NA,NA,NA,NA,NA,NA,NA,NA
"series",1,"temp",4,2016,16.2058196721311,NA,NA,NA,NA,NA,NA,NA,NA,NA,NA,NA
"series",1,"temp",4,2017,17.2827049180328,NA,NA,NA,NA,NA,NA,NA,NA,NA,NA,NA
"series",1,"temp",4,2018,18.9884426229508,NA,NA,NA,NA,NA,NA,NA,NA,NA,NA,NA
"series",1,"temp",4,2019,14.4743442622951,NA,NA,NA,NA,NA,NA,NA,NA,NA,NA,NA
"series",1,"temp",4,2020,15.8165573770492,NA,NA,NA,NA,NA,NA,NA,NA,NA,NA,NA
"series",1,"temp",4,2021,18.0516393442623,NA,NA,NA,NA,NA,NA,NA,NA,NA,NA,NA
"series",1,"temp",4,2022,16.5998360655738,NA,NA,NA,NA,NA,NA,NA,NA,NA,NA,NA
"series",1,"temp",4,2023,14.0090163934426,NA,NA,NA,NA,NA,NA,NA,NA,NA,NA,NA
"series",1,"temp",4,2024,17.0970491803279,NA,NA,NA,NA,NA,NA,NA,NA,NA,NA,NA
"series",1,"temp",4,2025,17.0262295081967,NA,NA,NA,NA,NA,NA,NA,NA,NA,NA,NA
"breakpoint",1,"temp",4,NA,NA,NA,NA,NA,NA,NA,NA,NA,NA,NA,"variance",2017.5
"regression_segment",1,"temp",4,NA,NA,1,2007,2025,19,-25.7033951682484,0.0208836640782283,0.7022,NA,NA,NA,NA
"variance_segment",1,"temp",4,NA,NA,1,2007,2017.5,11,NA,NA,NA,16.3182041728763,0.828326473467314,NA,NA
"variance_segment",1,"temp",4,NA,NA,2,2017.5,2025,8,NA,NA,NA,16.5078893442623,1.69107574309012,NA,NA
"series",2,"temp",1,2007,9.40628099173554,NA,NA,NA,NA,NA,NA,NA,NA,NA,NA,NA
"series",2,"temp",1,2008,9.90127049180328,NA,NA,NA,NA,NA,NA,NA,NA,NA,NA,NA
"series",2,"temp",1,2009,11.43,NA,NA,NA,NA,NA,NA,NA,NA,NA,NA,NA
"series",2,"temp",1,2010,8.94636363636364,NA,NA,NA,NA,NA,NA,NA,NA,NA,NA,NA
"series",2,"temp",1,2011,10.7722727272727,NA,NA,NA,NA,NA,NA,NA,NA,NA,NA,NA
"series",2,"temp",1,2012,10.439262295082,NA,NA,NA,NA,NA,NA,NA,NA,NA,NA,NA
"series",2,"temp",1,2013,9.89929166666667,NA,NA,NA,NA,NA,NA,NA,NA,NA,NA,NA
"series",2,"temp",1,2014,11.7388016528926,NA,NA,NA,NA,NA,NA,NA,NA,NA,NA,NA
"series",2,"temp",1,2015,12.0512396694215,NA,NA,NA,NA,NA,NA,NA,NA,NA,NA,NA
"series",2,"temp",1,2016,10.9961885245902,NA,NA,NA,NA,NA,NA,NA,NA,NA,NA,NA
"series",2,"temp",1,2017,11.7749583333333,NA,NA,NA,NA,NA,NA,NA,NA,NA,NA,NA
"series",2,"temp",1,2018,11.6385537190083,NA,NA,NA,NA,NA,NA,NA,NA,NA,NA,NA
"series",2,"temp",1,2019,9.66615702479339,NA,NA,NA,NA,NA,NA,NA,NA,NA,NA,NA
"series",2,"temp",1,2020,10.1218852459016,NA,NA,NA,NA,NA,NA,NA,NA,NA,NA,NA
"series",2,"temp",1,2021,9.85170833333333,NA,NA,NA,NA,NA,NA,NA,NA,NA,NA,NA
"series",2,"temp",1,2022,10.4979752066116,NA,NA,NA,NA,NA,NA,NA,NA,NA,NA,NA
"series",2,"temp",1,2023,9.42157024793388,NA,NA,NA,NA,NA,NA,NA,NA,NA,NA,NA
"series",2,"temp",1,2024,10.3725819672131,NA,NA,NA,NA,NA,NA,NA,NA,NA,NA,NA
"series",2,"temp",1,2025,11.2736666666667,NA,NA,NA,NA,NA,NA,NA,NA,NA,NA,NA
"regression_segment",2,"temp",1,NA,NA,1,2007,2025,19,-20.5134919813676,0.0154019521733137,0.6949,NA,NA,NA,NA
"variance_segment",2,"temp",1,NA,NA,1,2007,2025,19,NA,NA,NA,10.5368436000328,0.924710836582548,NA,NA
"series",2,"temp",2,2006,22.4793956043956,NA,NA,NA,NA,NA,NA,NA,NA,NA,NA,NA
"series",2,"temp",2,2007,21.5541758241758,NA,NA,NA,NA,NA,NA,NA,NA,NA,NA,NA
"series",2,"temp",2,2008,21.0991758241758,NA,NA,NA,NA,NA,NA,NA,NA,NA,NA,NA
"series",2,"temp",2,2009,21.3219230769231,NA,NA,NA,NA,NA,NA,NA,NA,NA,NA,NA
"series",2,"temp",2,2010,20.4521428571429,NA,NA,NA,NA,NA,NA,NA,NA,NA,NA,NA
"series",2,"temp",2,2011,21.7886263736264,NA,NA,NA,NA,NA,NA,NA,NA,NA,NA,NA
"series",2,"temp",2,2012,22.9702747252747,NA,NA,NA,NA,NA,NA,NA,NA,NA,NA,NA
"series",2,"temp",2,2013,22.4694505494505,NA,NA,NA,NA,NA,NA,NA,NA,NA,NA,NA
"series",2,"temp",2,2014,22.1336263736264,NA,NA,NA,NA,NA,NA,NA,NA,NA,NA,NA
"series",2,"temp",2,2015,21.0084615384615,NA,NA,NA,NA,NA,NA,NA,NA,NA,NA,NA
"series",2,"temp",2,2016,21.4028571428571,NA,NA,NA,NA,NA,NA,NA,NA,NA,NA,NA
"series",2,"temp",2,2017,22.2518131868132,NA,NA,NA,NA,NA,NA,NA,NA,NA,NA,NA
"series",2,"temp",2,2018,22.8833516483516,NA,NA,NA,NA,NA,NA,NA,NA,NA,NA,NA
"series",2,"temp",2,2019,20.2816483516484,NA,NA,NA,NA,NA,NA,NA,NA,NA,NA,NA
"series",2,"temp",2,2020,22.2186813186813,NA,NA,NA,NA,NA,NA,NA,NA,NA,NA,NA
"series",2,"temp",2,2021,22.6908791208791,NA,NA,NA,NA,NA,NA,NA,NA,NA,NA,NA
"series",2,"temp",2,2022,22.7325274725275,NA,NA,NA,NA,NA,NA,NA,NA,NA,NA,NA
"series",2,"temp",2,2023,20.5094505494505,NA,NA,NA,NA,NA,NA,NA,NA,NA,NA,NA
"series",2,"temp",2,2024,21.4498351648352,NA,NA,NA,NA,NA,NA,NA,NA,NA,NA,NA
"series",2,"temp",2,2025,21.9643406593407,NA,NA,NA,NA,NA,NA,NA,NA,NA,NA,NA
"regression_segment",2,"temp",2,NA,NA,1,2006,2025,20,5.98219805007029,0.0078397091630174,0.8162,NA,NA,NA,NA
"variance_segment",2,"temp",2,NA,NA,1,2006,2025,20,NA,NA,NA,21.7831318681319,0.830441627051903,NA,NA
"series",2,"temp",3,2006,24.6247282608696,NA,NA,NA,NA,NA,NA,NA,NA,NA,NA,NA
"series",2,"temp",3,2007,25.8327173913043,NA,NA,NA,NA,NA,NA,NA,NA,NA,NA,NA
"series",2,"temp",3,2008,24.7296739130435,NA,NA,NA,NA,NA,NA,NA,NA,NA,NA,NA
"series",2,"temp",3,2009,26.4327173913043,NA,NA,NA,NA,NA,NA,NA,NA,NA,NA,NA
"series",2,"temp",3,2010,26.1198913043478,NA,NA,NA,NA,NA,NA,NA,NA,NA,NA,NA
"series",2,"temp",3,2011,26.5628260869565,NA,NA,NA,NA,NA,NA,NA,NA,NA,NA,NA
"series",2,"temp",3,2012,25.7923369565217,NA,NA,NA,NA,NA,NA,NA,NA,NA,NA,NA
"series",2,"temp",3,2013,25.5870108695652,NA,NA,NA,NA,NA,NA,NA,NA,NA,NA,NA
"series",2,"temp",3,2014,25.3821739130435,NA,NA,NA,NA,NA,NA,NA,NA,NA,NA,NA
"series",2,"temp",3,2015,25.94875,NA,NA,NA,NA,NA,NA,NA,NA,NA,NA,NA
"series",2,"temp",3,2016,25.290652173913,NA,NA,NA,NA,NA,NA,NA,NA,NA,NA,NA
"series",2,"temp",3,2017,25.3791847826087,NA,NA,NA,NA,NA,NA,NA,NA,NA,NA,NA
"series",2,"temp",3,2018,26.2328260869565,NA,NA,NA,NA,NA,NA,NA,NA,NA,NA,NA
"series",2,"temp",3,2019,26.489402173913,NA,NA,NA,NA,NA,NA,NA,NA,NA,NA,NA
"series",2,"temp",3,2020,27.3203804347826,NA,NA,NA,NA,NA,NA,NA,NA,NA,NA,NA
"series",2,"temp",3,2021,25.3085869565217,NA,NA,NA,NA,NA,NA,NA,NA,NA,NA,NA
"series",2,"temp",3,2022,25.5489130434783,NA,NA,NA,NA,NA,NA,NA,NA,NA,NA,NA
"series",2,"temp",3,2023,27.550597826087,NA,NA,NA,NA,NA,NA,NA,NA,NA,NA,NA
"series",2,"temp",3,2024,26.79375,NA,NA,NA,NA,NA,NA,NA,NA,NA,NA,NA
"series",2,"temp",3,2025,26.6069565217391,NA,NA,NA,NA,NA,NA,NA,NA,NA,NA,NA
"regression_segment",2,"temp",3,NA,NA,1,2006,2025,20,-110.652074452435,0.0677890241909121,0.0218,NA,NA,NA,NA
"variance_segment",2,"temp",3,NA,NA,1,2006,2025,20,NA,NA,NA,25.9767038043478,0.782999434912989,NA,NA
"series",2,"temp",4,2007,15.7130327868852,NA,NA,NA,NA,NA,NA,NA,NA,NA,NA,NA
"series",2,"temp",4,2008,17.4541803278689,NA,NA,NA,NA,NA,NA,NA,NA,NA,NA,NA
"series",2,"temp",4,2009,16.1415573770492,NA,NA,NA,NA,NA,NA,NA,NA,NA,NA,NA
"series",2,"temp",4,2010,15.6754098360656,NA,NA,NA,NA,NA,NA,NA,NA,NA,NA,NA
"series",2,"temp",4,2011,15.3506557377049,NA,NA,NA,NA,NA,NA,NA,NA,NA,NA,NA
"series",2,"temp",4,2012,15.8858196721311,NA,NA,NA,NA,NA,NA,NA,NA,NA,NA,NA
"series",2,"temp",4,2013,17.7149180327869,NA,NA,NA,NA,NA,NA,NA,NA,NA,NA,NA
"series",2,"temp",4,2014,15.717868852459,NA,NA,NA,NA,NA,NA,NA,NA,NA,NA,NA
"series",2,"temp",4,2015,16.6281967213115,NA,NA,NA,NA,NA,NA,NA,NA,NA,NA,NA
"series",2,"temp",4,2016,16.205,NA,NA,NA,NA,NA,NA,NA,NA,NA,NA,NA
"series",2,"temp",4,2017,17.2559016393443,NA,NA,NA,NA,NA,NA,NA,NA,NA,NA,NA
"series",2,"temp",4,2018,18.9838524590164,NA,NA,NA,NA,NA,NA,NA,NA,NA,NA,NA
"series",2,"temp",4,2019,14.4619672131148,NA,NA,NA,NA,NA,NA,NA,NA,NA,NA,NA
"series",2,"temp",4,2020,15.7790983606557,NA,NA,NA,NA,NA,NA,NA,NA,NA,NA,NA
"series",2,"temp",4,2021,18.0638524590164,NA,NA,NA,NA,NA,NA,NA,NA,NA,NA,NA
"series",2,"temp",4,2022,16.6430327868852,NA,NA,NA,NA,NA,NA,NA,NA,NA,NA,NA
"series",2,"temp",4,2023,14.005737704918,NA,NA,NA,NA,NA,NA,NA,NA,NA,NA,NA
"series",2,"temp",4,2024,17.074262295082,NA,NA,NA,NA,NA,NA,NA,NA,NA,NA,NA
"series",2,"temp",4,2025,16.9959016393443,NA,NA,NA,NA,NA,NA,NA,NA,NA,NA,NA
"breakpoint",2,"temp",4,NA,NA,NA,NA,NA,NA,NA,NA,NA,NA,NA,"variance",2017.5
"regression_segment",2,"temp",4,NA,NA,1,2007,2025,19,-18.6117575496118,0.0173708656888122,0.7418,NA,NA,NA,NA
"variance_segment",2,"temp",4,NA,NA,1,2007,2017.5,11,NA,NA,NA,16.3402309985097,0.807355648229457,NA,NA
"variance_segment",2,"temp",4,NA,NA,2,2017.5,2025,8,NA,NA,NA,16.5009631147541,1.69477876092134,NA,NA
"series",4,"temp",1,2007,9.4449173553719,NA,NA,NA,NA,NA,NA,NA,NA,NA,NA,NA
"series",4,"temp",1,2008,9.73991803278689,NA,NA,NA,NA,NA,NA,NA,NA,NA,NA,NA
"series",4,"temp",1,2009,11.193875,NA,NA,NA,NA,NA,NA,NA,NA,NA,NA,NA
"series",4,"temp",1,2010,8.79574380165289,NA,NA,NA,NA,NA,NA,NA,NA,NA,NA,NA
"series",4,"temp",1,2011,10.6951239669421,NA,NA,NA,NA,NA,NA,NA,NA,NA,NA,NA
"series",4,"temp",1,2012,10.428893442623,NA,NA,NA,NA,NA,NA,NA,NA,NA,NA,NA
"series",4,"temp",1,2013,9.71008333333333,NA,NA,NA,NA,NA,NA,NA,NA,NA,NA,NA
"series",4,"temp",1,2014,11.5473140495868,NA,NA,NA,NA,NA,NA,NA,NA,NA,NA,NA
"series",4,"temp",1,2015,11.8187190082645,NA,NA,NA,NA,NA,NA,NA,NA,NA,NA,NA
"series",4,"temp",1,2016,10.9524590163934,NA,NA,NA,NA,NA,NA,NA,NA,NA,NA,NA
"series",4,"temp",1,2017,11.7075,NA,NA,NA,NA,NA,NA,NA,NA,NA,NA,NA
"series",4,"temp",1,2018,11.4827685950413,NA,NA,NA,NA,NA,NA,NA,NA,NA,NA,NA
"series",4,"temp",1,2019,9.45896694214876,NA,NA,NA,NA,NA,NA,NA,NA,NA,NA,NA
"series",4,"temp",1,2020,10.140737704918,NA,NA,NA,NA,NA,NA,NA,NA,NA,NA,NA
"series",4,"temp",1,2021,9.79895833333333,NA,NA,NA,NA,NA,NA,NA,NA,NA,NA,NA
"series",4,"temp",1,2022,10.5065702479339,NA,NA,NA,NA,NA,NA,NA,NA,NA,NA,NA
"series",4,"temp",1,2023,9.35896694214876,NA,NA,NA,NA,NA,NA,NA,NA,NA,NA,NA
"series",4,"temp",1,2024,10.1759836065574,NA,NA,NA,NA,NA,NA,NA,NA,NA,NA,NA
"series",4,"temp",1,2025,11.160875,NA,NA,NA,NA,NA,NA,NA,NA,NA,NA,NA
"regression_segment",4,"temp",1,NA,NA,1,2007,2025,19,-23.9707541148207,0.017062518341704,0.6596,NA,NA,NA,NA
"variance_segment",4,"temp",1,NA,NA,1,2007,2025,19,NA,NA,NA,10.4272828620545,0.902343319004909,NA,NA
"series",4,"temp",2,2006,22.1914835164835,NA,NA,NA,NA,NA,NA,NA,NA,NA,NA,NA
"series",4,"temp",2,2007,21.2614835164835,NA,NA,NA,NA,NA,NA,NA,NA,NA,NA,NA
"series",4,"temp",2,2008,20.8267032967033,NA,NA,NA,NA,NA,NA,NA,NA,NA,NA,NA
"series",4,"temp",2,2009,20.8152747252747,NA,NA,NA,NA,NA,NA,NA,NA,NA,NA,NA
"series",4,"temp",2,2010,19.908021978022,NA,NA,NA,NA,NA,NA,NA,NA,NA,NA,NA
"series",4,"temp",2,2011,21.6894505494505,NA,NA,NA,NA,NA,NA,NA,NA,NA,NA,NA
"series",4,"temp",2,2012,22.6573626373626,NA,NA,NA,NA,NA,NA,NA,NA,NA,NA,NA
"series",4,"temp",2,2013,22.1024175824176,NA,NA,NA,NA,NA,NA,NA,NA,NA,NA,NA
"series",4,"temp",2,2014,21.7617032967033,NA,NA,NA,NA,NA,NA,NA,NA,NA,NA,NA
"series",4,"temp",2,2015,20.7951098901099,NA,NA,NA,NA,NA,NA,NA,NA,NA,NA,NA
"series",4,"temp",2,2016,21.2099450549451,NA,NA,NA,NA,NA,NA,NA,NA,NA,NA,NA
"series",4,"temp",2,2017,21.9453846153846,NA,NA,NA,NA,NA,NA,NA,NA,NA,NA,NA
"series",4,"temp",2,2018,22.5424725274725,NA,NA,NA,NA,NA,NA,NA,NA,NA,NA,NA
"series",4,"temp",2,2019,19.8793956043956,NA,NA,NA,NA,NA,NA,NA,NA,NA,NA,NA
"series",4,"temp",2,2020,21.7609340659341,NA,NA,NA,NA,NA,NA,NA,NA,NA,NA,NA
"series",4,"temp",2,2021,22.5432417582418,NA,NA,NA,NA,NA,NA,NA,NA,NA,NA,NA
"series",4,"temp",2,2022,22.5933516483516,NA,NA,NA,NA,NA,NA,NA,NA,NA,NA,NA
"series",4,"temp",2,2023,20.4600549450549,NA,NA,NA,NA,NA,NA,NA,NA,NA,NA,NA
"series",4,"temp",2,2024,21.3280769230769,NA,NA,NA,NA,NA,NA,NA,NA,NA,NA,NA
"series",4,"temp",2,2025,21.6951648351648,NA,NA,NA,NA,NA,NA,NA,NA,NA,NA,NA
"breakpoint",4,"temp",2,NA,NA,NA,NA,NA,NA,NA,NA,NA,NA,NA,"variance",2023.5
"regression_segment",4,"temp",2,NA,NA,1,2006,2025,20,-12.8537417582419,0.0170439560439561,0.6117,NA,NA,NA,NA
"variance_segment",4,"temp",2,NA,NA,1,2006,2023.5,18,NA,NA,NA,21.4968772893773,0.898496490234093,NA,NA
"variance_segment",4,"temp",2,NA,NA,2,2023.5,2025,2,NA,NA,NA,21.5116208791209,0.259570351928973,NA,NA
"series",4,"temp",3,2006,24.3215217391304,NA,NA,NA,NA,NA,NA,NA,NA,NA,NA,NA
"series",4,"temp",3,2007,25.4425543478261,NA,NA,NA,NA,NA,NA,NA,NA,NA,NA,NA
"series",4,"temp",3,2008,24.2175543478261,NA,NA,NA,NA,NA,NA,NA,NA,NA,NA,NA
"series",4,"temp",3,2009,25.8180434782609,NA,NA,NA,NA,NA,NA,NA,NA,NA,NA,NA
"series",4,"temp",3,2010,25.3216847826087,NA,NA,NA,NA,NA,NA,NA,NA,NA,NA,NA
"series",4,"temp",3,2011,26.3836956521739,NA,NA,NA,NA,NA,NA,NA,NA,NA,NA,NA
"series",4,"temp",3,2012,25.3600543478261,NA,NA,NA,NA,NA,NA,NA,NA,NA,NA,NA
"series",4,"temp",3,2013,25.1460326086957,NA,NA,NA,NA,NA,NA,NA,NA,NA,NA,NA
"series",4,"temp",3,2014,24.9185326086957,NA,NA,NA,NA,NA,NA,NA,NA,NA,NA,NA
"series",4,"temp",3,2015,25.538152173913,NA,NA,NA,NA,NA,NA,NA,NA,NA,NA,NA
"series",4,"temp",3,2016,24.8321739130435,NA,NA,NA,NA,NA,NA,NA,NA,NA,NA,NA
"series",4,"temp",3,2017,24.8650543478261,NA,NA,NA,NA,NA,NA,NA,NA,NA,NA,NA
"series",4,"temp",3,2018,25.7285869565217,NA,NA,NA,NA,NA,NA,NA,NA,NA,NA,NA
"series",4,"temp",3,2019,25.7940760869565,NA,NA,NA,NA,NA,NA,NA,NA,NA,NA,NA
"series",4,"temp",3,2020,26.8626630434783,NA,NA,NA,NA,NA,NA,NA,NA,NA,NA,NA
"series",4,"temp",3,2021,24.9247826086957,NA,NA,NA,NA,NA,NA,NA,NA,NA,NA,NA
"series",4,"temp",3,2022,25.1535869565217,NA,NA,NA,NA,NA,NA,NA,NA,NA,NA,NA
"series",4,"temp",3,2023,27.255652173913,NA,NA,NA,NA,NA,NA,NA,NA,NA,NA,NA
"series",4,"temp",3,2024,26.4152173913043,NA,NA,NA,NA,NA,NA,NA,NA,NA,NA,NA
"series",4,"temp",3,2025,26.0684239130435,NA,NA,NA,NA,NA,NA,NA,NA,NA,NA,NA
"regression_segment",4,"temp",3,NA,NA,1,2006,2025,20,-113.428711711344,0.0689392775416803,0.0198,NA,NA,NA,NA
"variance_segment",4,"temp",3,NA,NA,1,2006,2025,20,NA,NA,NA,25.518402173913,0.793624591417615,NA,NA
"series",4,"temp",4,2007,16.0040163934426,NA,NA,NA,NA,NA,NA,NA,NA,NA,NA,NA
"series",4,"temp",4,2008,17.1783606557377,NA,NA,NA,NA,NA,NA,NA,NA,NA,NA,NA
"series",4,"temp",4,2009,16.0883606557377,NA,NA,NA,NA,NA,NA,NA,NA,NA,NA,NA
"series",4,"temp",4,2010,15.437131147541,NA,NA,NA,NA,NA,NA,NA,NA,NA,NA,NA
"series",4,"temp",4,2011,14.8019672131148,NA,NA,NA,NA,NA,NA,NA,NA,NA,NA,NA
"series",4,"temp",4,2012,16.0734426229508,NA,NA,NA,NA,NA,NA,NA,NA,NA,NA,NA
"series",4,"temp",4,2013,17.5083606557377,NA,NA,NA,NA,NA,NA,NA,NA,NA,NA,NA
"series",4,"temp",4,2014,15.5509016393443,NA,NA,NA,NA,NA,NA,NA,NA,NA,NA,NA
"series",4,"temp",4,2015,16.3870491803279,NA,NA,NA,NA,NA,NA,NA,NA,NA,NA,NA
"series",4,"temp",4,2016,16.0591803278689,NA,NA,NA,NA,NA,NA,NA,NA,NA,NA,NA
"series",4,"temp",4,2017,17.0777049180328,NA,NA,NA,NA,NA,NA,NA,NA,NA,NA,NA
"series",4,"temp",4,2018,18.7759016393443,NA,NA,NA,NA,NA,NA,NA,NA,NA,NA,NA
"series",4,"temp",4,2019,14.3727049180328,NA,NA,NA,NA,NA,NA,NA,NA,NA,NA,NA
"series",4,"temp",4,2020,15.525,NA,NA,NA,NA,NA,NA,NA,NA,NA,NA,NA
"series",4,"temp",4,2021,17.9291803278689,NA,NA,NA,NA,NA,NA,NA,NA,NA,NA,NA
"series",4,"temp",4,2022,16.6463114754098,NA,NA,NA,NA,NA,NA,NA,NA,NA,NA,NA
"series",4,"temp",4,2023,14.0115573770492,NA,NA,NA,NA,NA,NA,NA,NA,NA,NA,NA
"series",4,"temp",4,2024,17.0306557377049,NA,NA,NA,NA,NA,NA,NA,NA,NA,NA,NA
"series",4,"temp",4,2025,16.8524590163934,NA,NA,NA,NA,NA,NA,NA,NA,NA,NA,NA
"breakpoint",4,"temp",4,NA,NA,NA,NA,NA,NA,NA,NA,NA,NA,NA,"variance",2017.5
"regression_segment",4,"temp",4,NA,NA,1,2007,2025,19,-20.3190017256256,0.0181540120793788,0.731,NA,NA,NA,NA
"variance_segment",4,"temp",4,NA,NA,1,2007,2017.5,11,NA,NA,NA,16.1969523099851,0.807388471100186,NA,NA
"variance_segment",4,"temp",4,NA,NA,2,2017.5,2025,8,NA,NA,NA,16.3929713114754,1.65728821235656,NA,NA
"series",6,"temp",1,2007,9.31123966942149,NA,NA,NA,NA,NA,NA,NA,NA,NA,NA,NA
"series",6,"temp",1,2008,9.85954918032787,NA,NA,NA,NA,NA,NA,NA,NA,NA,NA,NA
"series",6,"temp",1,2009,11.3410416666667,NA,NA,NA,NA,NA,NA,NA,NA,NA,NA,NA
"series",6,"temp",1,2010,8.88735537190083,NA,NA,NA,NA,NA,NA,NA,NA,NA,NA,NA
"series",6,"temp",1,2011,10.639173553719,NA,NA,NA,NA,NA,NA,NA,NA,NA,NA,NA
"series",6,"temp",1,2012,10.2443032786885,NA,NA,NA,NA,NA,NA,NA,NA,NA,NA,NA
"series",6,"temp",1,2013,9.90525,NA,NA,NA,NA,NA,NA,NA,NA,NA,NA,NA
"series",6,"temp",1,2014,11.7151652892562,NA,NA,NA,NA,NA,NA,NA,NA,NA,NA,NA
"series",6,"temp",1,2015,12.1076446280992,NA,NA,NA,NA,NA,NA,NA,NA,NA,NA,NA
"series",6,"temp",1,2016,10.8965983606557,NA,NA,NA,NA,NA,NA,NA,NA,NA,NA,NA
"series",6,"temp",1,2017,11.7488333333333,NA,NA,NA,NA,NA,NA,NA,NA,NA,NA,NA
"series",6,"temp",1,2018,11.6403305785124,NA,NA,NA,NA,NA,NA,NA,NA,NA,NA,NA
"series",6,"temp",1,2019,9.69702479338843,NA,NA,NA,NA,NA,NA,NA,NA,NA,NA,NA
"series",6,"temp",1,2020,10.071762295082,NA,NA,NA,NA,NA,NA,NA,NA,NA,NA,NA
"series",6,"temp",1,2021,9.82425,NA,NA,NA,NA,NA,NA,NA,NA,NA,NA,NA
"series",6,"temp",1,2022,10.445,NA,NA,NA,NA,NA,NA,NA,NA,NA,NA,NA
"series",6,"temp",1,2023,9.45442148760331,NA,NA,NA,NA,NA,NA,NA,NA,NA,NA,NA
"series",6,"temp",1,2024,10.4375409836066,NA,NA,NA,NA,NA,NA,NA,NA,NA,NA,NA
"series",6,"temp",1,2025,11.2391666666667,NA,NA,NA,NA,NA,NA,NA,NA,NA,NA,NA
"regression_segment",6,"temp",1,NA,NA,1,2007,2025,19,-32.7109334647161,0.0214330980306635,0.5942,NA,NA,NA,NA
"variance_segment",6,"temp",1,NA,NA,1,2007,2025,19,NA,NA,NA,10.4981921651015,0.930334979083225,NA,NA
"series",6,"temp",2,2006,22.4632967032967,NA,NA,NA,NA,NA,NA,NA,NA,NA,NA,NA
"series",6,"temp",2,2007,21.5558791208791,NA,NA,NA,NA,NA,NA,NA,NA,NA,NA,NA
"series",6,"temp",2,2008,21.0284065934066,NA,NA,NA,NA,NA,NA,NA,NA,NA,NA,NA
"series",6,"temp",2,2009,21.3334615384615,NA,NA,NA,NA,NA,NA,NA,NA,NA,NA,NA
"series",6,"temp",2,2010,20.5788461538462,NA,NA,NA,NA,NA,NA,NA,NA,NA,NA,NA
"series",6,"temp",2,2011,21.6721428571429,NA,NA,NA,NA,NA,NA,NA,NA,NA,NA,NA
"series",6,"temp",2,2012,22.8997252747253,NA,NA,NA,NA,NA,NA,NA,NA,NA,NA,NA
"series",6,"temp",2,2013,22.6872527472527,NA,NA,NA,NA,NA,NA,NA,NA,NA,NA,NA
"series",6,"temp",2,2014,22.2781868131868,NA,NA,NA,NA,NA,NA,NA,NA,NA,NA,NA
"series",6,"temp",2,2015,21.0991758241758,NA,NA,NA,NA,NA,NA,NA,NA,NA,NA,NA
"series",6,"temp",2,2016,21.5065384615385,NA,NA,NA,NA,NA,NA,NA,NA,NA,NA,NA
"series",6,"temp",2,2017,22.3392857142857,NA,NA,NA,NA,NA,NA,NA,NA,NA,NA,NA
"series",6,"temp",2,2018,22.9506043956044,NA,NA,NA,NA,NA,NA,NA,NA,NA,NA,NA
"series",6,"temp",2,2019,20.3697802197802,NA,NA,NA,NA,NA,NA,NA,NA,NA,NA,NA
"series",6,"temp",2,2020,22.3850549450549,NA,NA,NA,NA,NA,NA,NA,NA,NA,NA,NA
"series",6,"temp",2,2021,22.6736263736264,NA,NA,NA,NA,NA,NA,NA,NA,NA,NA,NA
"series",6,"temp",2,2022,22.7822527472527,NA,NA,NA,NA,NA,NA,NA,NA,NA,NA,NA
"series",6,"temp",2,2023,20.5984615384615,NA,NA,NA,NA,NA,NA,NA,NA,NA,NA,NA
"series",6,"temp",2,2024,21.5432967032967,NA,NA,NA,NA,NA,NA,NA,NA,NA,NA,NA
"series",6,"temp",2,2025,22.0222527472527,NA,NA,NA,NA,NA,NA,NA,NA,NA,NA,NA
"regression_segment",6,"temp",2,NA,NA,1,2006,2025,20,-4.60250900603171,0.0131187722052384,0.6906,NA,NA,NA,NA
"variance_segment",6,"temp",2,NA,NA,1,2006,2025,20,NA,NA,NA,21.8383763736264,0.823433112906907,NA,NA
"series",6,"temp",3,2006,24.7525,NA,NA,NA,NA,NA,NA,NA,NA,NA,NA,NA
"series",6,"temp",3,2007,25.9824456521739,NA,NA,NA,NA,NA,NA,NA,NA,NA,NA,NA
"series",6,"temp",3,2008,24.9307608695652,NA,NA,NA,NA,NA,NA,NA,NA,NA,NA,NA
"series",6,"temp",3,2009,26.6198913043478,NA,NA,NA,NA,NA,NA,NA,NA,NA,NA,NA
"series",6,"temp",3,2010,26.4394565217391,NA,NA,NA,NA,NA,NA,NA,NA,NA,NA,NA
"series",6,"temp",3,2011,26.535652173913,NA,NA,NA,NA,NA,NA,NA,NA,NA,NA,NA
"series",6,"temp",3,2012,25.9653804347826,NA,NA,NA,NA,NA,NA,NA,NA,NA,NA,NA
"series",6,"temp",3,2013,25.8330434782609,NA,NA,NA,NA,NA,NA,NA,NA,NA,NA,NA
"series",6,"temp",3,2014,25.6597282608696,NA,NA,NA,NA,NA,NA,NA,NA,NA,NA,NA
"series",6,"temp",3,2015,26.1934782608696,NA,NA,NA,NA,NA,NA,NA,NA,NA,NA,NA
"series",6,"temp",3,2016,25.5485326086957,NA,NA,NA,NA,NA,NA,NA,NA,NA,NA,NA
"series",6,"temp",3,2017,25.6648913043478,NA,NA,NA,NA,NA,NA,NA,NA,NA,NA,NA
"series",6,"temp",3,2018,26.5266304347826,NA,NA,NA,NA,NA,NA,NA,NA,NA,NA,NA
"series",6,"temp",3,2019,26.863152173913,NA,NA,NA,NA,NA,NA,NA,NA,NA,NA,NA
"series",6,"temp",3,2020,27.5617934782609,NA,NA,NA,NA,NA,NA,NA,NA,NA,NA,NA
"series",6,"temp",3,2021,25.5708152173913,NA,NA,NA,NA,NA,NA,NA,NA,NA,NA,NA
"series",6,"temp",3,2022,25.8613043478261,NA,NA,NA,NA,NA,NA,NA,NA,NA,NA,NA
"series",6,"temp",3,2023,27.7927173913043,NA,NA,NA,NA,NA,NA,NA,NA,NA,NA,NA
"series",6,"temp",3,2024,27.0915760869565,NA,NA,NA,NA,NA,NA,NA,NA,NA,NA,NA
"series",6,"temp",3,2025,26.9579347826087,NA,NA,NA,NA,NA,NA,NA,NA,NA,NA,NA
"regression_segment",6,"temp",3,NA,NA,1,2006,2025,20,-129.308236065708,0.0771648823144818,0.0086,NA,NA,NA,NA
"variance_segment",6,"temp",3,NA,NA,1,2006,2025,20,NA,NA,NA,26.2175842391304,0.798146563986939,NA,NA
"series",6,"temp",4,2007,15.5566393442623,NA,NA,NA,NA,NA,NA,NA,NA,NA,NA,NA
"series",6,"temp",4,2008,17.4777868852459,NA,NA,NA,NA,NA,NA,NA,NA,NA,NA,NA
"series",6,"temp",4,2009,16.0499180327869,NA,NA,NA,NA,NA,NA,NA,NA,NA,NA,NA
"series",6,"temp",4,2010,15.6451639344262,NA,NA,NA,NA,NA,NA,NA,NA,NA,NA,NA
"series",6,"temp",4,2011,15.446393442623,NA,NA,NA,NA,NA,NA,NA,NA,NA,NA,NA
"series",6,"temp",4,2012,15.622131147541,NA,NA,NA,NA,NA,NA,NA,NA,NA,NA,NA
"series",6,"temp",4,2013,17.719262295082,NA,NA,NA,NA,NA,NA,NA,NA,NA,NA,NA
"series",6,"temp",4,2014,15.6397540983607,NA,NA,NA,NA,NA,NA,NA,NA,NA,NA,NA
"series",6,"temp",4,2015,16.6167213114754,NA,NA,NA,NA,NA,NA,NA,NA,NA,NA,NA
"series",6,"temp",4,2016,16.1745081967213,NA,NA,NA,NA,NA,NA,NA,NA,NA,NA,NA
"series",6,"temp",4,2017,17.2766393442623,NA,NA,NA,NA,NA,NA,NA,NA,NA,NA,NA
"series",6,"temp",4,2018,18.9580327868852,NA,NA,NA,NA,NA,NA,NA,NA,NA,NA,NA
"series",6,"temp",4,2019,14.4695081967213,NA,NA,NA,NA,NA,NA,NA,NA,NA,NA,NA
"series",6,"temp",4,2020,15.8226229508197,NA,NA,NA,NA,NA,NA,NA,NA,NA,NA,NA
"series",6,"temp",4,2021,17.9927049180328,NA,NA,NA,NA,NA,NA,NA,NA,NA,NA,NA
"series",6,"temp",4,2022,16.572131147541,NA,NA,NA,NA,NA,NA,NA,NA,NA,NA,NA
"series",6,"temp",4,2023,14.0166393442623,NA,NA,NA,NA,NA,NA,NA,NA,NA,NA,NA
"series",6,"temp",4,2024,17.1122950819672,NA,NA,NA,NA,NA,NA,NA,NA,NA,NA,NA
"series",6,"temp",4,2025,17.0144262295082,NA,NA,NA,NA,NA,NA,NA,NA,NA,NA,NA
"breakpoint",6,"temp",4,NA,NA,NA,NA,NA,NA,NA,NA,NA,NA,NA,"variance",2017.5
"regression_segment",6,"temp",4,NA,NA,1,2007,2025,19,-28.2064365832613,0.0221153293068737,0.6789,NA,NA,NA,NA
"variance_segment",6,"temp",4,NA,NA,1,2007,2017.5,11,NA,NA,NA,16.293174366617,0.844918412160221,NA,NA
"variance_segment",6,"temp",4,NA,NA,2,2017.5,2025,8,NA,NA,NA,16.4947950819672,1.67602572926915,NA,NA
"series",7,"temp",1,2007,9.32363636363636,NA,NA,NA,NA,NA,NA,NA,NA,NA,NA,NA
"series",7,"temp",1,2008,9.88622950819672,NA,NA,NA,NA,NA,NA,NA,NA,NA,NA,NA
"series",7,"temp",1,2009,11.3516666666667,NA,NA,NA,NA,NA,NA,NA,NA,NA,NA,NA
"series",7,"temp",1,2010,8.91235537190083,NA,NA,NA,NA,NA,NA,NA,NA,NA,NA,NA
"series",7,"temp",1,2011,10.6204132231405,NA,NA,NA,NA,NA,NA,NA,NA,NA,NA,NA
"series",7,"temp",1,2012,10.1889754098361,NA,NA,NA,NA,NA,NA,NA,NA,NA,NA,NA
"series",7,"temp",1,2013,9.913875,NA,NA,NA,NA,NA,NA,NA,NA,NA,NA,NA
"series",7,"temp",1,2014,11.713347107438,NA,NA,NA,NA,NA,NA,NA,NA,NA,NA,NA
"series",7,"temp",1,2015,12.1352892561983,NA,NA,NA,NA,NA,NA,NA,NA,NA,NA,NA
"series",7,"temp",1,2016,10.8759836065574,NA,NA,NA,NA,NA,NA,NA,NA,NA,NA,NA
"series",7,"temp",1,2017,11.75575,NA,NA,NA,NA,NA,NA,NA,NA,NA,NA,NA
"series",7,"temp",1,2018,11.6538842975207,NA,NA,NA,NA,NA,NA,NA,NA,NA,NA,NA
"series",7,"temp",1,2019,9.72301652892562,NA,NA,NA,NA,NA,NA,NA,NA,NA,NA,NA
"series",7,"temp",1,2020,10.0852868852459,NA,NA,NA,NA,NA,NA,NA,NA,NA,NA,NA
"series",7,"temp",1,2021,9.839625,NA,NA,NA,NA,NA,NA,NA,NA,NA,NA,NA
"series",7,"temp",1,2022,10.4486776859504,NA,NA,NA,NA,NA,NA,NA,NA,NA,NA,NA
"series",7,"temp",1,2023,9.48942148760331,NA,NA,NA,NA,NA,NA,NA,NA,NA,NA,NA
"series",7,"temp",1,2024,10.4731147540984,NA,NA,NA,NA,NA,NA,NA,NA,NA,NA,NA
"series",7,"temp",1,2025,11.23575,NA,NA,NA,NA,NA,NA,NA,NA,NA,NA,NA
"regression_segment",7,"temp",1,NA,NA,1,2007,2025,19,-34.3991755940454,0.022274713722843,0.577,NA,NA,NA,NA
"variance_segment",7,"temp",1,NA,NA,1,2007,2025,19,NA,NA,NA,10.5066472712061,0.925991297294292,NA,NA
"series",7,"temp",2,2006,22.5038461538462,NA,NA,NA,NA,NA,NA,NA,NA,NA,NA,NA
"series",7,"temp",2,2007,21.5934615384615,NA,NA,NA,NA,NA,NA,NA,NA,NA,NA,NA
"series",7,"temp",2,2008,21.0482967032967,NA,NA,NA,NA,NA,NA,NA,NA,NA,NA,NA
"series",7,"temp",2,2009,21.3808791208791,NA,NA,NA,NA,NA,NA,NA,NA,NA,NA,NA
"series",7,"temp",2,2010,20.626978021978,NA,NA,NA,NA,NA,NA,NA,NA,NA,NA,NA
"series",7,"temp",2,2011,21.6732417582418,NA,NA,NA,NA,NA,NA,NA,NA,NA,NA,NA
"series",7,"temp",2,2012,22.8871978021978,NA,NA,NA,NA,NA,NA,NA,NA,NA,NA,NA
"series",7,"temp",2,2013,22.7868131868132,NA,NA,NA,NA,NA,NA,NA,NA,NA,NA,NA
"series",7,"temp",2,2014,22.3307142857143,NA,NA,NA,NA,NA,NA,NA,NA,NA,NA,NA
"series",7,"temp",2,2015,21.1618131868132,NA,NA,NA,NA,NA,NA,NA,NA,NA,NA,NA
"series",7,"temp",2,2016,21.5717582417582,NA,NA,NA,NA,NA,NA,NA,NA,NA,NA,NA
"series",7,"temp",2,2017,22.3800549450549,NA,NA,NA,NA,NA,NA,NA,NA,NA,NA,NA
"series",7,"temp",2,2018,22.9733516483516,NA,NA,NA,NA,NA,NA,NA,NA,NA,NA,NA
"series",7,"temp",2,2019,20.4223076923077,NA,NA,NA,NA,NA,NA,NA,NA,NA,NA,NA
"series",7,"temp",2,2020,22.4582967032967,NA,NA,NA,NA,NA,NA,NA,NA,NA,NA,NA
"series",7,"temp",2,2021,22.701043956044,NA,NA,NA,NA,NA,NA,NA,NA,NA,NA,NA
"series",7,"temp",2,2022,22.8275274725275,NA,NA,NA,NA,NA,NA,NA,NA,NA,NA,NA
"series",7,"temp",2,2023,20.6728021978022,NA,NA,NA,NA,NA,NA,NA,NA,NA,NA,NA
"series",7,"temp",2,2024,21.6107692307692,NA,NA,NA,NA,NA,NA,NA,NA,NA,NA,NA
"series",7,"temp",2,2025,22.0550549450549,NA,NA,NA,NA,NA,NA,NA,NA,NA,NA,NA
"regression_segment",7,"temp",2,NA,NA,1,2006,2025,20,-6.99722420061137,0.014329215896885,0.6556,NA,NA,NA,NA
"variance_segment",7,"temp",2,NA,NA,1,2006,2025,20,NA,NA,NA,21.8833104395604,0.817975183079794,NA,NA
"series",7,"temp",3,2006,24.8621739130435,NA,NA,NA,NA,NA,NA,NA,NA,NA,NA,NA
"series",7,"temp",3,2007,26.0863586956522,NA,NA,NA,NA,NA,NA,NA,NA,NA,NA,NA
"series",7,"temp",3,2008,25.0692391304348,NA,NA,NA,NA,NA,NA,NA,NA,NA,NA,NA
"series",7,"temp",3,2009,26.7352717391304,NA,NA,NA,NA,NA,NA,NA,NA,NA,NA,NA
"series",7,"temp",3,2010,26.5848913043478,NA,NA,NA,NA,NA,NA,NA,NA,NA,NA,NA
"series",7,"temp",3,2011,26.6076630434783,NA,NA,NA,NA,NA,NA,NA,NA,NA,NA,NA
"series",7,"temp",3,2012,26.0652717391304,NA,NA,NA,NA,NA,NA,NA,NA,NA,NA,NA
"series",7,"temp",3,2013,25.9484239130435,NA,NA,NA,NA,NA,NA,NA,NA,NA,NA,NA
"series",7,"temp",3,2014,25.7786413043478,NA,NA,NA,NA,NA,NA,NA,NA,NA,NA,NA
"series",7,"temp",3,2015,26.3082608695652,NA,NA,NA,NA,NA,NA,NA,NA,NA,NA,NA
"series",7,"temp",3,2016,25.6578260869565,NA,NA,NA,NA,NA,NA,NA,NA,NA,NA,NA
"series",7,"temp",3,2017,25.7813586956522,NA,NA,NA,NA,NA,NA,NA,NA,NA,NA,NA
"series",7,"temp",3,2018,26.6507065217391,NA,NA,NA,NA,NA,NA,NA,NA,NA,NA,NA
"series",7,"temp",3,2019,27.0034782608696,NA,NA,NA,NA,NA,NA,NA,NA,NA,NA,NA
"series",7,"temp",3,2020,27.6709782608696,NA,NA,NA,NA,NA,NA,NA,NA,NA,NA,NA
"series",7,"temp",3,2021,25.7,NA,NA,NA,NA,NA,NA,NA,NA,NA,NA,NA
"series",7,"temp",3,2022,26.010597826087,NA,NA,NA,NA,NA,NA,NA,NA,NA,NA,NA
"series",7,"temp",3,2023,27.9122282608696,NA,NA,NA,NA,NA,NA,NA,NA,NA,NA,NA
"series",7,"temp",3,2024,27.2265760869565,NA,NA,NA,NA,NA,NA,NA,NA,NA,NA,NA
"series",7,"temp",3,2025,27.0971195652174,NA,NA,NA,NA,NA,NA,NA,NA,NA,NA,NA
"regression_segment",7,"temp",3,NA,NA,1,2006,2025,20,-131.786983613926,0.0784543968617195,0.01,NA,NA,NA,NA
"variance_segment",7,"temp",3,NA,NA,1,2006,2025,20,NA,NA,NA,26.3378532608696,0.799038218042104,NA,NA
"series",7,"temp",4,2007,15.5726229508197,NA,NA,NA,NA,NA,NA,NA,NA,NA,NA,NA
"series",7,"temp",4,2008,17.5445901639344,NA,NA,NA,NA,NA,NA,NA,NA,NA,NA,NA
"series",7,"temp",4,2009,16.0786065573771,NA,NA,NA,NA,NA,NA,NA,NA,NA,NA,NA
"series",7,"temp",4,2010,15.6877868852459,NA,NA,NA,NA,NA,NA,NA,NA,NA,NA,NA
"series",7,"temp",4,2011,15.4813114754098,NA,NA,NA,NA,NA,NA,NA,NA,NA,NA,NA
"series",7,"temp",4,2012,15.584262295082,NA,NA,NA,NA,NA,NA,NA,NA,NA,NA,NA
"series",7,"temp",4,2013,17.7466393442623,NA,NA,NA,NA,NA,NA,NA,NA,NA,NA,NA
"series",7,"temp",4,2014,15.6190983606557,NA,NA,NA,NA,NA,NA,NA,NA,NA,NA,NA
"series",7,"temp",4,2015,16.6227049180328,NA,NA,NA,NA,NA,NA,NA,NA,NA,NA,NA
"series",7,"temp",4,2016,16.1817213114754,NA,NA,NA,NA,NA,NA,NA,NA,NA,NA,NA
"series",7,"temp",4,2017,17.306393442623,NA,NA,NA,NA,NA,NA,NA,NA,NA,NA,NA
"series",7,"temp",4,2018,18.9682786885246,NA,NA,NA,NA,NA,NA,NA,NA,NA,NA,NA
"series",7,"temp",4,2019,14.5000819672131,NA,NA,NA,NA,NA,NA,NA,NA,NA,NA,NA
"series",7,"temp",4,2020,15.8590983606557,NA,NA,NA,NA,NA,NA,NA,NA,NA,NA,NA
"series",7,"temp",4,2021,17.9779508196721,NA,NA,NA,NA,NA,NA,NA,NA,NA,NA,NA
"series",7,"temp",4,2022,16.5797540983607,NA,NA,NA,NA,NA,NA,NA,NA,NA,NA,NA
"series",7,"temp",4,2023,14.0508196721311,NA,NA,NA,NA,NA,NA,NA,NA,NA,NA,NA
"series",7,"temp",4,2024,17.1510655737705,NA,NA,NA,NA,NA,NA,NA,NA,NA,NA,NA
"series",7,"temp",4,2025,17.0372950819672,NA,NA,NA,NA,NA,NA,NA,NA,NA,NA,NA
"regression_segment",7,"temp",4,NA,NA,1,2007,2025,19,-27.5162907679033,0.0217825711820535,0.6846,NA,NA,NA,NA
"variance_segment",7,"temp",4,NA,NA,1,2007,2025,19,NA,NA,NA,16.3973727351165,1.22397246647927,NA,NA
"series",1,"fp",1,2007,1,NA,NA,NA,NA,NA,NA,NA,NA,NA,NA,NA
"series",1,"fp",1,2008,1,NA,NA,NA,NA,NA,NA,NA,NA,NA,NA,NA
"series",1,"fp",1,2009,1,NA,NA,NA,NA,NA,NA,NA,NA,NA,NA,NA
"series",1,"fp",1,2010,1,NA,NA,NA,NA,NA,NA,NA,NA,NA,NA,NA
"series",1,"fp",1,2011,1,NA,NA,NA,NA,NA,NA,NA,NA,NA,NA,NA
"series",1,"fp",1,2012,1,NA,NA,NA,NA,NA,NA,NA,NA,NA,NA,NA
"series",1,"fp",1,2013,1,NA,NA,NA,NA,NA,NA,NA,NA,NA,NA,NA
"series",1,"fp",1,2014,1,NA,NA,NA,NA,NA,NA,NA,NA,NA,NA,NA
"series",1,"fp",1,2015,1,NA,NA,NA,NA,NA,NA,NA,NA,NA,NA,NA
"series",1,"fp",1,2016,1,NA,NA,NA,NA,NA,NA,NA,NA,NA,NA,NA
"series",1,"fp",1,2017,1,NA,NA,NA,NA,NA,NA,NA,NA,NA,NA,NA
"series",1,"fp",1,2018,1,NA,NA,NA,NA,NA,NA,NA,NA,NA,NA,NA
"series",1,"fp",1,2019,1,NA,NA,NA,NA,NA,NA,NA,NA,NA,NA,NA
"series",1,"fp",1,2020,1,NA,NA,NA,NA,NA,NA,NA,NA,NA,NA,NA
"series",1,"fp",1,2021,0.925619834710744,NA,NA,NA,NA,NA,NA,NA,NA,NA,NA,NA
"series",1,"fp",1,2022,1,NA,NA,NA,NA,NA,NA,NA,NA,NA,NA,NA
"series",1,"fp",1,2023,1,NA,NA,NA,NA,NA,NA,NA,NA,NA,NA,NA
"series",1,"fp",1,2024,0.909836065573771,NA,NA,NA,NA,NA,NA,NA,NA,NA,NA,NA
"series",1,"fp",1,2025,0.851239669421488,NA,NA,NA,NA,NA,NA,NA,NA,NA,NA,NA
"breakpoint",1,"fp",1,NA,NA,NA,NA,NA,NA,NA,NA,NA,NA,NA,"regression",2010.5
"breakpoint",1,"fp",1,NA,NA,NA,NA,NA,NA,NA,NA,NA,NA,NA,"variance",2020.5
"regression_segment",1,"fp",1,NA,NA,1,2007,2010,4,1,0,1,NA,NA,NA,NA
"regression_segment",1,"fp",1,NA,NA,2,2011,2025,15,13.9912232824304,-0.00644802291598119,0.0077,NA,NA,NA,NA
"variance_segment",1,"fp",1,NA,NA,1,2007,2020.5,14,NA,NA,NA,1,0,NA,NA
"variance_segment",1,"fp",1,NA,NA,2,2020.5,2025,5,NA,NA,NA,0.9373391139412,0.063560299726192,NA,NA
"series",1,"fp",2,2006,0.527472527472527,NA,NA,NA,NA,NA,NA,NA,NA,NA,NA,NA
"series",1,"fp",2,2007,0.67032967032967,NA,NA,NA,NA,NA,NA,NA,NA,NA,NA,NA
"series",1,"fp",2,2008,0.648351648351648,NA,NA,NA,NA,NA,NA,NA,NA,NA,NA,NA
"series",1,"fp",2,2009,0.703296703296703,NA,NA,NA,NA,NA,NA,NA,NA,NA,NA,NA
"series",1,"fp",2,2010,1,NA,NA,NA,NA,NA,NA,NA,NA,NA,NA,NA
"series",1,"fp",2,2011,0.681318681318681,NA,NA,NA,NA,NA,NA,NA,NA,NA,NA,NA
"series",1,"fp",2,2012,0.593406593406593,NA,NA,NA,NA,NA,NA,NA,NA,NA,NA,NA
"series",1,"fp",2,2013,0.604395604395604,NA,NA,NA,NA,NA,NA,NA,NA,NA,NA,NA
"series",1,"fp",2,2014,0.549450549450549,NA,NA,NA,NA,NA,NA,NA,NA,NA,NA,NA
"series",1,"fp",2,2015,0.868131868131868,NA,NA,NA,NA,NA,NA,NA,NA,NA,NA,NA
"series",1,"fp",2,2016,0.703296703296703,NA,NA,NA,NA,NA,NA,NA,NA,NA,NA,NA
"series",1,"fp",2,2017,0.538461538461538,NA,NA,NA,NA,NA,NA,NA,NA,NA,NA,NA
"series",1,"fp",2,2018,0.56043956043956,NA,NA,NA,NA,NA,NA,NA,NA,NA,NA,NA
"series",1,"fp",2,2019,0.648351648351648,NA,NA,NA,NA,NA,NA,NA,NA,NA,NA,NA
"series",1,"fp",2,2020,0.714285714285714,NA,NA,NA,NA,NA,NA,NA,NA,NA,NA,NA
"series",1,"fp",2,2021,0.461538461538462,NA,NA,NA,NA,NA,NA,NA,NA,NA,NA,NA
"series",1,"fp",2,2022,0.56043956043956,NA,NA,NA,NA,NA,NA,NA,NA,NA,NA,NA
"series",1,"fp",2,2023,0.736263736263736,NA,NA,NA,NA,NA,NA,NA,NA,NA,NA,NA
"series",1,"fp",2,2024,0.604395604395604,NA,NA,NA,NA,NA,NA,NA,NA,NA,NA,NA
"series",1,"fp",2,2025,0.285714285714286,NA,NA,NA,NA,NA,NA,NA,NA,NA,NA,NA
"regression_segment",1,"fp",2,NA,NA,1,2006,2025,20,18.6847062711724,-0.00895645707675783,0.1201,NA,NA,NA,NA
"variance_segment",1,"fp",2,NA,NA,1,2006,2025,20,NA,NA,NA,0.632967032967033,0.147277779007216,NA,NA
"series",1,"fp",3,2006,0.717391304347826,NA,NA,NA,NA,NA,NA,NA,NA,NA,NA,NA
"series",1,"fp",3,2007,0.826086956521739,NA,NA,NA,NA,NA,NA,NA,NA,NA,NA,NA
"series",1,"fp",3,2008,0.978260869565217,NA,NA,NA,NA,NA,NA,NA,NA,NA,NA,NA
"series",1,"fp",3,2009,0.402173913043478,NA,NA,NA,NA,NA,NA,NA,NA,NA,NA,NA
"series",1,"fp",3,2010,1,NA,NA,NA,NA,NA,NA,NA,NA,NA,NA,NA
"series",1,"fp",3,2011,0.847826086956522,NA,NA,NA,NA,NA,NA,NA,NA,NA,NA,NA
"series",1,"fp",3,2012,0.945652173913043,NA,NA,NA,NA,NA,NA,NA,NA,NA,NA,NA
"series",1,"fp",3,2013,0.945652173913043,NA,NA,NA,NA,NA,NA,NA,NA,NA,NA,NA
"series",1,"fp",3,2014,0.967391304347826,NA,NA,NA,NA,NA,NA,NA,NA,NA,NA,NA
"series",1,"fp",3,2015,1,NA,NA,NA,NA,NA,NA,NA,NA,NA,NA,NA
"series",1,"fp",3,2016,0.847826086956522,NA,NA,NA,NA,NA,NA,NA,NA,NA,NA,NA
"series",1,"fp",3,2017,0.554347826086957,NA,NA,NA,NA,NA,NA,NA,NA,NA,NA,NA
"series",1,"fp",3,2018,0.673913043478261,NA,NA,NA,NA,NA,NA,NA,NA,NA,NA,NA
"series",1,"fp",3,2019,0.489130434782609,NA,NA,NA,NA,NA,NA,NA,NA,NA,NA,NA
"series",1,"fp",3,2020,0.173913043478261,NA,NA,NA,NA,NA,NA,NA,NA,NA,NA,NA
"series",1,"fp",3,2021,0.891304347826087,NA,NA,NA,NA,NA,NA,NA,NA,NA,NA,NA
"series",1,"fp",3,2022,0.945652173913043,NA,NA,NA,NA,NA,NA,NA,NA,NA,NA,NA
"series",1,"fp",3,2023,0.0869565217391304,NA,NA,NA,NA,NA,NA,NA,NA,NA,NA,NA
"series",1,"fp",3,2024,0.239130434782609,NA,NA,NA,NA,NA,NA,NA,NA,NA,NA,NA
"breakpoint",1,"fp",3,NA,NA,NA,NA,NA,NA,NA,NA,NA,NA,NA,"variance",2019.5
"regression_segment",1,"fp",3,NA,NA,1,2006,2024,19,53.0084858886346,-0.0259534706331045,0.0342,NA,NA,NA,NA
"variance_segment",1,"fp",3,NA,NA,1,2006,2019.5,14,NA,NA,NA,0.799689440993789,0.201045791941084,NA,NA
"variance_segment",1,"fp",3,NA,NA,2,2019.5,2024,5,NA,NA,NA,0.467391304347826,0.415751989106636,NA,NA
"series",1,"fp",4,2007,1,NA,NA,NA,NA,NA,NA,NA,NA,NA,NA,NA
"series",1,"fp",4,2008,0.590163934426229,NA,NA,NA,NA,NA,NA,NA,NA,NA,NA,NA
"series",1,"fp",4,2009,0.836065573770492,NA,NA,NA,NA,NA,NA,NA,NA,NA,NA,NA
"series",1,"fp",4,2010,0.819672131147541,NA,NA,NA,NA,NA,NA,NA,NA,NA,NA,NA
"series",1,"fp",4,2011,0.901639344262295,NA,NA,NA,NA,NA,NA,NA,NA,NA,NA,NA
"series",1,"fp",4,2012,0.950819672131147,NA,NA,NA,NA,NA,NA,NA,NA,NA,NA,NA
"series",1,"fp",4,2013,1,NA,NA,NA,NA,NA,NA,NA,NA,NA,NA,NA
"series",1,"fp",4,2014,0.934426229508197,NA,NA,NA,NA,NA,NA,NA,NA,NA,NA,NA
"series",1,"fp",4,2015,1,NA,NA,NA,NA,NA,NA,NA,NA,NA,NA,NA
"series",1,"fp",4,2016,1,NA,NA,NA,NA,NA,NA,NA,NA,NA,NA,NA
"series",1,"fp",4,2017,1,NA,NA,NA,NA,NA,NA,NA,NA,NA,NA,NA
"series",1,"fp",4,2018,0.377049180327869,NA,NA,NA,NA,NA,NA,NA,NA,NA,NA,NA
"series",1,"fp",4,2019,0.655737704918033,NA,NA,NA,NA,NA,NA,NA,NA,NA,NA,NA
"series",1,"fp",4,2020,0.672131147540984,NA,NA,NA,NA,NA,NA,NA,NA,NA,NA,NA
"series",1,"fp",4,2021,0,NA,NA,NA,NA,NA,NA,NA,NA,NA,NA,NA
"series",1,"fp",4,2022,1,NA,NA,NA,NA,NA,NA,NA,NA,NA,NA,NA
"series",1,"fp",4,2023,1,NA,NA,NA,NA,NA,NA,NA,NA,NA,NA,NA
"series",1,"fp",4,2024,0,NA,NA,NA,NA,NA,NA,NA,NA,NA,NA,NA
"series",1,"fp",4,2025,0,NA,NA,NA,NA,NA,NA,NA,NA,NA,NA,NA
"breakpoint",1,"fp",4,NA,NA,NA,NA,NA,NA,NA,NA,NA,NA,NA,"regression",2011.5
"breakpoint",1,"fp",4,NA,NA,NA,NA,NA,NA,NA,NA,NA,NA,NA,"regression",2017.5
"breakpoint",1,"fp",4,NA,NA,NA,NA,NA,NA,NA,NA,NA,NA,NA,"variance",2020.5
"regression_segment",1,"fp",4,NA,NA,1,2007,2011,5,-5.75737704918033,0.00327868852459017,0.9667,NA,NA,NA,NA
"regression_segment",1,"fp",4,NA,NA,2,2012,2017,6,-16.9467603434817,0.00889929742388759,0.2643,NA,NA,NA,NA
"regression_segment",1,"fp",4,NA,NA,3,2018,2025,8,95.1469555035129,-0.0468384074941452,0.5093,NA,NA,NA,NA
"variance_segment",1,"fp",4,NA,NA,1,2007,2020.5,14,NA,NA,NA,0.838407494145199,0.194593063426061,NA,NA
"variance_segment",1,"fp",4,NA,NA,2,2020.5,2025,5,NA,NA,NA,0.4,0.547722557505166,NA,NA
"series",2,"fp",1,2007,1,NA,NA,NA,NA,NA,NA,NA,NA,NA,NA,NA
"series",2,"fp",1,2008,1,NA,NA,NA,NA,NA,NA,NA,NA,NA,NA,NA
"series",2,"fp",1,2009,1,NA,NA,NA,NA,NA,NA,NA,NA,NA,NA,NA
"series",2,"fp",1,2010,1,NA,NA,NA,NA,NA,NA,NA,NA,NA,NA,NA
"series",2,"fp",1,2011,1,NA,NA,NA,NA,NA,NA,NA,NA,NA,NA,NA
"series",2,"fp",1,2012,1,NA,NA,NA,NA,NA,NA,NA,NA,NA,NA,NA
"series",2,"fp",1,2013,1,NA,NA,NA,NA,NA,NA,NA,NA,NA,NA,NA
"series",2,"fp",1,2014,1,NA,NA,NA,NA,NA,NA,NA,NA,NA,NA,NA
"series",2,"fp",1,2015,1,NA,NA,NA,NA,NA,NA,NA,NA,NA,NA,NA
"series",2,"fp",1,2016,1,NA,NA,NA,NA,NA,NA,NA,NA,NA,NA,NA
"series",2,"fp",1,2017,1,NA,NA,NA,NA,NA,NA,NA,NA,NA,NA,NA
"series",2,"fp",1,2018,1,NA,NA,NA,NA,NA,NA,NA,NA,NA,NA,NA
"series",2,"fp",1,2019,1,NA,NA,NA,NA,NA,NA,NA,NA,NA,NA,NA
"series",2,"fp",1,2020,1,NA,NA,NA,NA,NA,NA,NA,NA,NA,NA,NA
"series",2,"fp",1,2021,1,NA,NA,NA,NA,NA,NA,NA,NA,NA,NA,NA
"series",2,"fp",1,2022,1,NA,NA,NA,NA,NA,NA,NA,NA,NA,NA,NA
"series",2,"fp",1,2023,1,NA,NA,NA,NA,NA,NA,NA,NA,NA,NA,NA
"series",2,"fp",1,2024,1,NA,NA,NA,NA,NA,NA,NA,NA,NA,NA,NA
"series",2,"fp",1,2025,1,NA,NA,NA,NA,NA,NA,NA,NA,NA,NA,NA
"regression_segment",2,"fp",1,NA,NA,1,2007,2025,19,1,0,1,NA,NA,NA,NA
"variance_segment",2,"fp",1,NA,NA,1,2007,2025,19,NA,NA,NA,1,0,NA,NA
"series",2,"fp",2,2006,0.67032967032967,NA,NA,NA,NA,NA,NA,NA,NA,NA,NA,NA
"series",2,"fp",2,2007,0.824175824175824,NA,NA,NA,NA,NA,NA,NA,NA,NA,NA,NA
"series",2,"fp",2,2008,0.769230769230769,NA,NA,NA,NA,NA,NA,NA,NA,NA,NA,NA
"series",2,"fp",2,2009,1,NA,NA,NA,NA,NA,NA,NA,NA,NA,NA,NA
"series",2,"fp",2,2010,0.868131868131868,NA,NA,NA,NA,NA,NA,NA,NA,NA,NA,NA
"series",2,"fp",2,2011,0.813186813186813,NA,NA,NA,NA,NA,NA,NA,NA,NA,NA,NA
"series",2,"fp",2,2012,0.791208791208791,NA,NA,NA,NA,NA,NA,NA,NA,NA,NA,NA
"series",2,"fp",2,2013,0.802197802197802,NA,NA,NA,NA,NA,NA,NA,NA,NA,NA,NA
"series",2,"fp",2,2014,0.725274725274725,NA,NA,NA,NA,NA,NA,NA,NA,NA,NA,NA
"series",2,"fp",2,2015,0.967032967032967,NA,NA,NA,NA,NA,NA,NA,NA,NA,NA,NA
"series",2,"fp",2,2016,0.956043956043956,NA,NA,NA,NA,NA,NA,NA,NA,NA,NA,NA
"series",2,"fp",2,2017,0.78021978021978,NA,NA,NA,NA,NA,NA,NA,NA,NA,NA,NA
"series",2,"fp",2,2018,0.89010989010989,NA,NA,NA,NA,NA,NA,NA,NA,NA,NA,NA
"series",2,"fp",2,2019,0.846153846153846,NA,NA,NA,NA,NA,NA,NA,NA,NA,NA,NA
"series",2,"fp",2,2020,0.89010989010989,NA,NA,NA,NA,NA,NA,NA,NA,NA,NA,NA
"series",2,"fp",2,2021,0.736263736263736,NA,NA,NA,NA,NA,NA,NA,NA,NA,NA,NA
"series",2,"fp",2,2022,0.692307692307692,NA,NA,NA,NA,NA,NA,NA,NA,NA,NA,NA
"series",2,"fp",2,2023,0.923076923076923,NA,NA,NA,NA,NA,NA,NA,NA,NA,NA,NA
"series",2,"fp",2,2024,0.648351648351648,NA,NA,NA,NA,NA,NA,NA,NA,NA,NA,NA
"series",2,"fp",2,2025,0.736263736263736,NA,NA,NA,NA,NA,NA,NA,NA,NA,NA,NA
"regression_segment",2,"fp",2,NA,NA,1,2006,2025,20,5.67912914153515,-0.00241262496901594,0.5457,NA,NA,NA,NA
"variance_segment",2,"fp",2,NA,NA,1,2006,2025,20,NA,NA,NA,0.816483516483516,0.100595977945897,NA,NA
"series",2,"fp",3,2006,0.945652173913043,NA,NA,NA,NA,NA,NA,NA,NA,NA,NA,NA
"series",2,"fp",3,2007,0.858695652173913,NA,NA,NA,NA,NA,NA,NA,NA,NA,NA,NA
"series",2,"fp",3,2008,0.978260869565217,NA,NA,NA,NA,NA,NA,NA,NA,NA,NA,NA
"series",2,"fp",3,2009,0.847826086956522,NA,NA,NA,NA,NA,NA,NA,NA,NA,NA,NA
"series",2,"fp",3,2010,0.923913043478261,NA,NA,NA,NA,NA,NA,NA,NA,NA,NA,NA
"series",2,"fp",3,2011,0.891304347826087,NA,NA,NA,NA,NA,NA,NA,NA,NA,NA,NA
"series",2,"fp",3,2012,0.967391304347826,NA,NA,NA,NA,NA,NA,NA,NA,NA,NA,NA
"series",2,"fp",3,2013,0.956521739130435,NA,NA,NA,NA,NA,NA,NA,NA,NA,NA,NA
"series",2,"fp",3,2014,0.967391304347826,NA,NA,NA,NA,NA,NA,NA,NA,NA,NA,NA
"series",2,"fp",3,2015,0.847826086956522,NA,NA,NA,NA,NA,NA,NA,NA,NA,NA,NA
"series",2,"fp",3,2016,1,NA,NA,NA,NA,NA,NA,NA,NA,NA,NA,NA
"series",2,"fp",3,2017,0.858695652173913,NA,NA,NA,NA,NA,NA,NA,NA,NA,NA,NA
"series",2,"fp",3,2018,0.902173913043478,NA,NA,NA,NA,NA,NA,NA,NA,NA,NA,NA
"series",2,"fp",3,2019,0.782608695652174,NA,NA,NA,NA,NA,NA,NA,NA,NA,NA,NA
"series",2,"fp",3,2020,0.304347826086957,NA,NA,NA,NA,NA,NA,NA,NA,NA,NA,NA
"series",2,"fp",3,2021,0.967391304347826,NA,NA,NA,NA,NA,NA,NA,NA,NA,NA,NA
"series",2,"fp",3,2022,1,NA,NA,NA,NA,NA,NA,NA,NA,NA,NA,NA
"series",2,"fp",3,2023,0.25,NA,NA,NA,NA,NA,NA,NA,NA,NA,NA,NA
"series",2,"fp",3,2024,0.739130434782609,NA,NA,NA,NA,NA,NA,NA,NA,NA,NA,NA
"breakpoint",2,"fp",3,NA,NA,NA,NA,NA,NA,NA,NA,NA,NA,NA,"regression",2018.5
"breakpoint",2,"fp",3,NA,NA,NA,NA,NA,NA,NA,NA,NA,NA,NA,"variance",2019.5
"regression_segment",2,"fp",3,NA,NA,1,2006,2018,13,1.15922121356904,-0.000119445771619684,0.9828,NA,NA,NA,NA
"regression_segment",2,"fp",3,NA,NA,2,2019,2024,6,20.7633540372671,-0.00993788819875778,0.9044,NA,NA,NA,NA
"variance_segment",2,"fp",3,NA,NA,1,2006,2019.5,14,NA,NA,NA,0.90916149068323,0.0636099482283771,NA,NA
"variance_segment",2,"fp",3,NA,NA,2,2019.5,2024,5,NA,NA,NA,0.652173913043478,0.357293041606383,NA,NA
"series",2,"fp",4,2007,1,NA,NA,NA,NA,NA,NA,NA,NA,NA,NA,NA
"series",2,"fp",4,2008,1,NA,NA,NA,NA,NA,NA,NA,NA,NA,NA,NA
"series",2,"fp",4,2009,1,NA,NA,NA,NA,NA,NA,NA,NA,NA,NA,NA
"series",2,"fp",4,2010,1,NA,NA,NA,NA,NA,NA,NA,NA,NA,NA,NA
"series",2,"fp",4,2011,1,NA,NA,NA,NA,NA,NA,NA,NA,NA,NA,NA
"series",2,"fp",4,2012,1,NA,NA,NA,NA,NA,NA,NA,NA,NA,NA,NA
"series",2,"fp",4,2013,1,NA,NA,NA,NA,NA,NA,NA,NA,NA,NA,NA
"series",2,"fp",4,2014,1,NA,NA,NA,NA,NA,NA,NA,NA,NA,NA,NA
"series",2,"fp",4,2015,1,NA,NA,NA,NA,NA,NA,NA,NA,NA,NA,NA
"series",2,"fp",4,2016,1,NA,NA,NA,NA,NA,NA,NA,NA,NA,NA,NA
"series",2,"fp",4,2017,1,NA,NA,NA,NA,NA,NA,NA,NA,NA,NA,NA
"series",2,"fp",4,2018,1,NA,NA,NA,NA,NA,NA,NA,NA,NA,NA,NA
"series",2,"fp",4,2019,1,NA,NA,NA,NA,NA,NA,NA,NA,NA,NA,NA
"series",2,"fp",4,2020,1,NA,NA,NA,NA,NA,NA,NA,NA,NA,NA,NA
"series",2,"fp",4,2021,0.524590163934426,NA,NA,NA,NA,NA,NA,NA,NA,NA,NA,NA
"series",2,"fp",4,2022,1,NA,NA,NA,NA,NA,NA,NA,NA,NA,NA,NA
"series",2,"fp",4,2023,1,NA,NA,NA,NA,NA,NA,NA,NA,NA,NA,NA
"series",2,"fp",4,2024,0.508196721311475,NA,NA,NA,NA,NA,NA,NA,NA,NA,NA,NA
"series",2,"fp",4,2025,0.426229508196721,NA,NA,NA,NA,NA,NA,NA,NA,NA,NA,NA
"breakpoint",2,"fp",4,NA,NA,NA,NA,NA,NA,NA,NA,NA,NA,NA,"regression",2010.5
"breakpoint",2,"fp",4,NA,NA,NA,NA,NA,NA,NA,NA,NA,NA,NA,"variance",2020.5
"regression_segment",2,"fp",4,NA,NA,1,2007,2010,4,1,0,1,NA,NA,NA,NA
"regression_segment",2,"fp",4,NA,NA,2,2011,2025,15,61.3900078064013,-0.0299765807962529,0.0087,NA,NA,NA,NA
"variance_segment",2,"fp",4,NA,NA,1,2007,2020.5,14,NA,NA,NA,1,0,NA,NA
"variance_segment",2,"fp",4,NA,NA,2,2020.5,2025,5,NA,NA,NA,0.691803278688525,0.283800748450889,NA,NA
"series",4,"fp",1,2007,1,NA,NA,NA,NA,NA,NA,NA,NA,NA,NA,NA
"series",4,"fp",1,2008,1,NA,NA,NA,NA,NA,NA,NA,NA,NA,NA,NA
"series",4,"fp",1,2009,1,NA,NA,NA,NA,NA,NA,NA,NA,NA,NA,NA
"series",4,"fp",1,2010,1,NA,NA,NA,NA,NA,NA,NA,NA,NA,NA,NA
"series",4,"fp",1,2011,1,NA,NA,NA,NA,NA,NA,NA,NA,NA,NA,NA
"series",4,"fp",1,2012,1,NA,NA,NA,NA,NA,NA,NA,NA,NA,NA,NA
"series",4,"fp",1,2013,1,NA,NA,NA,NA,NA,NA,NA,NA,NA,NA,NA
"series",4,"fp",1,2014,1,NA,NA,NA,NA,NA,NA,NA,NA,NA,NA,NA
"series",4,"fp",1,2015,1,NA,NA,NA,NA,NA,NA,NA,NA,NA,NA,NA
"series",4,"fp",1,2016,1,NA,NA,NA,NA,NA,NA,NA,NA,NA,NA,NA
"series",4,"fp",1,2017,1,NA,NA,NA,NA,NA,NA,NA,NA,NA,NA,NA
"series",4,"fp",1,2018,1,NA,NA,NA,NA,NA,NA,NA,NA,NA,NA,NA
"series",4,"fp",1,2019,1,NA,NA,NA,NA,NA,NA,NA,NA,NA,NA,NA
"series",4,"fp",1,2020,1,NA,NA,NA,NA,NA,NA,NA,NA,NA,NA,NA
"series",4,"fp",1,2021,0.752066115702479,NA,NA,NA,NA,NA,NA,NA,NA,NA,NA,NA
"series",4,"fp",1,2022,1,NA,NA,NA,NA,NA,NA,NA,NA,NA,NA,NA
"series",4,"fp",1,2023,1,NA,NA,NA,NA,NA,NA,NA,NA,NA,NA,NA
"series",4,"fp",1,2024,0.622950819672131,NA,NA,NA,NA,NA,NA,NA,NA,NA,NA,NA
"series",4,"fp",1,2025,0.702479338842975,NA,NA,NA,NA,NA,NA,NA,NA,NA,NA,NA
"breakpoint",4,"fp",1,NA,NA,NA,NA,NA,NA,NA,NA,NA,NA,NA,"regression",2010.5
"breakpoint",4,"fp",1,NA,NA,NA,NA,NA,NA,NA,NA,NA,NA,NA,"variance",2020.5
"regression_segment",4,"fp",1,NA,NA,1,2007,2010,4,1,0,1,NA,NA,NA,NA
"regression_segment",4,"fp",1,NA,NA,2,2011,2025,15,37.6137857175115,-0.018174076296282,0.0093,NA,NA,NA,NA
"variance_segment",4,"fp",1,NA,NA,1,2007,2020.5,14,NA,NA,NA,1,0,NA,NA
"variance_segment",4,"fp",1,NA,NA,2,2020.5,2025,5,NA,NA,NA,0.815499254843517,0.174609002035691,NA,NA
"series",4,"fp",2,2006,0.659340659340659,NA,NA,NA,NA,NA,NA,NA,NA,NA,NA,NA
"series",4,"fp",2,2007,0.824175824175824,NA,NA,NA,NA,NA,NA,NA,NA,NA,NA,NA
"series",4,"fp",2,2008,0.912087912087912,NA,NA,NA,NA,NA,NA,NA,NA,NA,NA,NA
"series",4,"fp",2,2009,1,NA,NA,NA,NA,NA,NA,NA,NA,NA,NA,NA
"series",4,"fp",2,2010,0.758241758241758,NA,NA,NA,NA,NA,NA,NA,NA,NA,NA,NA
"series",4,"fp",2,2011,0.857142857142857,NA,NA,NA,NA,NA,NA,NA,NA,NA,NA,NA
"series",4,"fp",2,2012,1,NA,NA,NA,NA,NA,NA,NA,NA,NA,NA,NA
"series",4,"fp",2,2013,0.703296703296703,NA,NA,NA,NA,NA,NA,NA,NA,NA,NA,NA
"series",4,"fp",2,2014,0.736263736263736,NA,NA,NA,NA,NA,NA,NA,NA,NA,NA,NA
"series",4,"fp",2,2015,1,NA,NA,NA,NA,NA,NA,NA,NA,NA,NA,NA
"series",4,"fp",2,2016,0.725274725274725,NA,NA,NA,NA,NA,NA,NA,NA,NA,NA,NA
"series",4,"fp",2,2017,0.78021978021978,NA,NA,NA,NA,NA,NA,NA,NA,NA,NA,NA
"series",4,"fp",2,2018,1,NA,NA,NA,NA,NA,NA,NA,NA,NA,NA,NA
"series",4,"fp",2,2019,1,NA,NA,NA,NA,NA,NA,NA,NA,NA,NA,NA
"series",4,"fp",2,2020,0.835164835164835,NA,NA,NA,NA,NA,NA,NA,NA,NA,NA,NA
"series",4,"fp",2,2021,0.505494505494505,NA,NA,NA,NA,NA,NA,NA,NA,NA,NA,NA
"series",4,"fp",2,2022,0.659340659340659,NA,NA,NA,NA,NA,NA,NA,NA,NA,NA,NA
"series",4,"fp",2,2023,0.769230769230769,NA,NA,NA,NA,NA,NA,NA,NA,NA,NA,NA
"series",4,"fp",2,2024,0.659340659340659,NA,NA,NA,NA,NA,NA,NA,NA,NA,NA,NA
"series",4,"fp",2,2025,0.934065934065934,NA,NA,NA,NA,NA,NA,NA,NA,NA,NA,NA
"regression_segment",4,"fp",2,NA,NA,1,2006,2025,20,9.5920102453937,-0.00435429232421713,0.4497,NA,NA,NA,NA
"variance_segment",4,"fp",2,NA,NA,1,2006,2025,20,NA,NA,NA,0.815934065934066,0.144861807730351,NA,NA
"series",4,"fp",3,2006,0.793478260869565,NA,NA,NA,NA,NA,NA,NA,NA,NA,NA,NA
"series",4,"fp",3,2007,0.923913043478261,NA,NA,NA,NA,NA,NA,NA,NA,NA,NA,NA
"series",4,"fp",3,2008,0.934782608695652,NA,NA,NA,NA,NA,NA,NA,NA,NA,NA,NA
"series",4,"fp",3,2009,0.739130434782609,NA,NA,NA,NA,NA,NA,NA,NA,NA,NA,NA
"series",4,"fp",3,2010,0.858695652173913,NA,NA,NA,NA,NA,NA,NA,NA,NA,NA,NA
"series",4,"fp",3,2011,0.880434782608696,NA,NA,NA,NA,NA,NA,NA,NA,NA,NA,NA
"series",4,"fp",3,2012,1,NA,NA,NA,NA,NA,NA,NA,NA,NA,NA,NA
"series",4,"fp",3,2013,0.945652173913043,NA,NA,NA,NA,NA,NA,NA,NA,NA,NA,NA
"series",4,"fp",3,2014,0.934782608695652,NA,NA,NA,NA,NA,NA,NA,NA,NA,NA,NA
"series",4,"fp",3,2015,1,NA,NA,NA,NA,NA,NA,NA,NA,NA,NA,NA
"series",4,"fp",3,2016,0.66304347826087,NA,NA,NA,NA,NA,NA,NA,NA,NA,NA,NA
"series",4,"fp",3,2017,0.826086956521739,NA,NA,NA,NA,NA,NA,NA,NA,NA,NA,NA
"series",4,"fp",3,2018,0.91304347826087,NA,NA,NA,NA,NA,NA,NA,NA,NA,NA,NA
"series",4,"fp",3,2019,1,NA,NA,NA,NA,NA,NA,NA,NA,NA,NA,NA
"series",4,"fp",3,2020,0.739130434782609,NA,NA,NA,NA,NA,NA,NA,NA,NA,NA,NA
"series",4,"fp",3,2021,0.923913043478261,NA,NA,NA,NA,NA,NA,NA,NA,NA,NA,NA
"series",4,"fp",3,2022,1,NA,NA,NA,NA,NA,NA,NA,NA,NA,NA,NA
"series",4,"fp",3,2023,0.771739130434783,NA,NA,NA,NA,NA,NA,NA,NA,NA,NA,NA
"series",4,"fp",3,2024,0.75,NA,NA,NA,NA,NA,NA,NA,NA,NA,NA,NA
"regression_segment",4,"fp",3,NA,NA,1,2006,2024,19,4.17810831426392,-0.00163996948893974,0.7212,NA,NA,NA,NA
"variance_segment",4,"fp",3,NA,NA,1,2006,2024,19,NA,NA,NA,0.873569794050343,0.104960618028138,NA,NA
"series",4,"fp",4,2007,1,NA,NA,NA,NA,NA,NA,NA,NA,NA,NA,NA
"series",4,"fp",4,2008,1,NA,NA,NA,NA,NA,NA,NA,NA,NA,NA,NA
"series",4,"fp",4,2009,1,NA,NA,NA,NA,NA,NA,NA,NA,NA,NA,NA
"series",4,"fp",4,2010,1,NA,NA,NA,NA,NA,NA,NA,NA,NA,NA,NA
"series",4,"fp",4,2011,1,NA,NA,NA,NA,NA,NA,NA,NA,NA,NA,NA
"series",4,"fp",4,2012,1,NA,NA,NA,NA,NA,NA,NA,NA,NA,NA,NA
"series",4,"fp",4,2013,1,NA,NA,NA,NA,NA,NA,NA,NA,NA,NA,NA
"series",4,"fp",4,2014,1,NA,NA,NA,NA,NA,NA,NA,NA,NA,NA,NA
"series",4,"fp",4,2015,1,NA,NA,NA,NA,NA,NA,NA,NA,NA,NA,NA
"series",4,"fp",4,2016,1,NA,NA,NA,NA,NA,NA,NA,NA,NA,NA,NA
"series",4,"fp",4,2017,1,NA,NA,NA,NA,NA,NA,NA,NA,NA,NA,NA
"series",4,"fp",4,2018,1,NA,NA,NA,NA,NA,NA,NA,NA,NA,NA,NA
"series",4,"fp",4,2019,1,NA,NA,NA,NA,NA,NA,NA,NA,NA,NA,NA
"series",4,"fp",4,2020,1,NA,NA,NA,NA,NA,NA,NA,NA,NA,NA,NA
"series",4,"fp",4,2021,0.0163934426229508,NA,NA,NA,NA,NA,NA,NA,NA,NA,NA,NA
"series",4,"fp",4,2022,1,NA,NA,NA,NA,NA,NA,NA,NA,NA,NA,NA
"series",4,"fp",4,2023,1,NA,NA,NA,NA,NA,NA,NA,NA,NA,NA,NA
"series",4,"fp",4,2024,0,NA,NA,NA,NA,NA,NA,NA,NA,NA,NA,NA
"series",4,"fp",4,2025,0,NA,NA,NA,NA,NA,NA,NA,NA,NA,NA,NA
"breakpoint",4,"fp",4,NA,NA,NA,NA,NA,NA,NA,NA,NA,NA,NA,"regression",2010.5
"breakpoint",4,"fp",4,NA,NA,NA,NA,NA,NA,NA,NA,NA,NA,NA,"variance",2020.5
"regression_segment",4,"fp",4,NA,NA,1,2007,2010,4,1,0,1,NA,NA,NA,NA
"regression_segment",4,"fp",4,NA,NA,2,2011,2025,15,115.760928961749,-0.0569672131147541,0.011,NA,NA,NA,NA
"variance_segment",4,"fp",4,NA,NA,1,2007,2020.5,14,NA,NA,NA,1,0,NA,NA
"variance_segment",4,"fp",4,NA,NA,2,2020.5,2025,5,NA,NA,NA,0.40327868852459,0.544770649418282,NA,NA
"series",6,"fp",1,2007,1,NA,NA,NA,NA,NA,NA,NA,NA,NA,NA,NA
"series",6,"fp",1,2008,1,NA,NA,NA,NA,NA,NA,NA,NA,NA,NA,NA
"series",6,"fp",1,2009,1,NA,NA,NA,NA,NA,NA,NA,NA,NA,NA,NA
"series",6,"fp",1,2010,0.528925619834711,NA,NA,NA,NA,NA,NA,NA,NA,NA,NA,NA
"series",6,"fp",1,2011,0.958677685950413,NA,NA,NA,NA,NA,NA,NA,NA,NA,NA,NA
"series",6,"fp",1,2012,1,NA,NA,NA,NA,NA,NA,NA,NA,NA,NA,NA
"series",6,"fp",1,2013,0.966942148760331,NA,NA,NA,NA,NA,NA,NA,NA,NA,NA,NA
"series",6,"fp",1,2014,1,NA,NA,NA,NA,NA,NA,NA,NA,NA,NA,NA
"series",6,"fp",1,2015,1,NA,NA,NA,NA,NA,NA,NA,NA,NA,NA,NA
"series",6,"fp",1,2016,1,NA,NA,NA,NA,NA,NA,NA,NA,NA,NA,NA
"series",6,"fp",1,2017,1,NA,NA,NA,NA,NA,NA,NA,NA,NA,NA,NA
"series",6,"fp",1,2018,0.71900826446281,NA,NA,NA,NA,NA,NA,NA,NA,NA,NA,NA
"series",6,"fp",1,2019,1,NA,NA,NA,NA,NA,NA,NA,NA,NA,NA,NA
"series",6,"fp",1,2020,1,NA,NA,NA,NA,NA,NA,NA,NA,NA,NA,NA
"series",6,"fp",1,2021,0,NA,NA,NA,NA,NA,NA,NA,NA,NA,NA,NA
"series",6,"fp",1,2022,0.776859504132231,NA,NA,NA,NA,NA,NA,NA,NA,NA,NA,NA
"series",6,"fp",1,2023,1,NA,NA,NA,NA,NA,NA,NA,NA,NA,NA,NA
"series",6,"fp",1,2024,0,NA,NA,NA,NA,NA,NA,NA,NA,NA,NA,NA
"series",6,"fp",1,2025,0,NA,NA,NA,NA,NA,NA,NA,NA,NA,NA,NA
"breakpoint",6,"fp",1,NA,NA,NA,NA,NA,NA,NA,NA,NA,NA,NA,"regression",2013.5
"breakpoint",6,"fp",1,NA,NA,NA,NA,NA,NA,NA,NA,NA,NA,NA,"regression",2017.5
"breakpoint",6,"fp",1,NA,NA,NA,NA,NA,NA,NA,NA,NA,NA,NA,"variance",2020.5
"regression_segment",6,"fp",1,NA,NA,1,2007,2013,7,11.0076741440378,-0.00501770956316411,0.8901,NA,NA,NA,NA
"regression_segment",6,"fp",1,NA,NA,2,2014,2017,4,1,0,1,NA,NA,NA,NA
"regression_segment",6,"fp",1,NA,NA,3,2018,2025,8,223.316804407714,-0.110192837465565,0.1456,NA,NA,NA,NA
"variance_segment",6,"fp",1,NA,NA,1,2007,2020.5,14,NA,NA,NA,0.940968122786305,0.140022280334813,NA,NA
"variance_segment",6,"fp",1,NA,NA,2,2020.5,2025,5,NA,NA,NA,0.355371900826446,0.492966720396917,NA,NA
"series",6,"fp",2,2006,0.252747252747253,NA,NA,NA,NA,NA,NA,NA,NA,NA,NA,NA
"series",6,"fp",2,2007,0.395604395604396,NA,NA,NA,NA,NA,NA,NA,NA,NA,NA,NA
"series",6,"fp",2,2008,0.373626373626374,NA,NA,NA,NA,NA,NA,NA,NA,NA,NA,NA
"series",6,"fp",2,2009,0.417582417582418,NA,NA,NA,NA,NA,NA,NA,NA,NA,NA,NA
"series",6,"fp",2,2010,0.0769230769230769,NA,NA,NA,NA,NA,NA,NA,NA,NA,NA,NA
"series",6,"fp",2,2011,0.164835164835165,NA,NA,NA,NA,NA,NA,NA,NA,NA,NA,NA
"series",6,"fp",2,2012,0.395604395604396,NA,NA,NA,NA,NA,NA,NA,NA,NA,NA,NA
"series",6,"fp",2,2013,1,NA,NA,NA,NA,NA,NA,NA,NA,NA,NA,NA
"series",6,"fp",2,2014,0.241758241758242,NA,NA,NA,NA,NA,NA,NA,NA,NA,NA,NA
"series",6,"fp",2,2015,0.505494505494505,NA,NA,NA,NA,NA,NA,NA,NA,NA,NA,NA
"series",6,"fp",2,2016,0.384615384615385,NA,NA,NA,NA,NA,NA,NA,NA,NA,NA,NA
"series",6,"fp",2,2017,0.296703296703297,NA,NA,NA,NA,NA,NA,NA,NA,NA,NA,NA
"series",6,"fp",2,2018,0.142857142857143,NA,NA,NA,NA,NA,NA,NA,NA,NA,NA,NA
"series",6,"fp",2,2019,0.395604395604396,NA,NA,NA,NA,NA,NA,NA,NA,NA,NA,NA
"series",6,"fp",2,2020,0.505494505494505,NA,NA,NA,NA,NA,NA,NA,NA,NA,NA,NA
"series",6,"fp",2,2021,0,NA,NA,NA,NA,NA,NA,NA,NA,NA,NA,NA
"series",6,"fp",2,2022,0.241758241758242,NA,NA,NA,NA,NA,NA,NA,NA,NA,NA,NA
"series",6,"fp",2,2023,0.428571428571429,NA,NA,NA,NA,NA,NA,NA,NA,NA,NA,NA
"series",6,"fp",2,2024,0.021978021978022,NA,NA,NA,NA,NA,NA,NA,NA,NA,NA,NA
"series",6,"fp",2,2025,0,NA,NA,NA,NA,NA,NA,NA,NA,NA,NA,NA
"breakpoint",6,"fp",2,NA,NA,NA,NA,NA,NA,NA,NA,NA,NA,NA,"variance",2009.5
"regression_segment",6,"fp",2,NA,NA,1,2006,2025,20,22.493745352392,-0.0110055358175659,0.2291,NA,NA,NA,NA
"variance_segment",6,"fp",2,NA,NA,1,2006,2009.5,4,NA,NA,NA,0.35989010989011,0.0736482390581799,NA,NA
"variance_segment",6,"fp",2,NA,NA,2,2009.5,2025,16,NA,NA,NA,0.300137362637363,0.254721347790733,NA,NA
"series",6,"fp",3,2006,0.869565217391304,NA,NA,NA,NA,NA,NA,NA,NA,NA,NA,NA
"series",6,"fp",3,2007,0.684782608695652,NA,NA,NA,NA,NA,NA,NA,NA,NA,NA,NA
"series",6,"fp",3,2008,0.869565217391304,NA,NA,NA,NA,NA,NA,NA,NA,NA,NA,NA
"series",6,"fp",3,2009,0.369565217391304,NA,NA,NA,NA,NA,NA,NA,NA,NA,NA,NA
"series",6,"fp",3,2010,0.760869565217391,NA,NA,NA,NA,NA,NA,NA,NA,NA,NA,NA
"series",6,"fp",3,2011,0.673913043478261,NA,NA,NA,NA,NA,NA,NA,NA,NA,NA,NA
"series",6,"fp",3,2012,0.847826086956522,NA,NA,NA,NA,NA,NA,NA,NA,NA,NA,NA
"series",6,"fp",3,2013,1,NA,NA,NA,NA,NA,NA,NA,NA,NA,NA,NA
"series",6,"fp",3,2014,0.891304347826087,NA,NA,NA,NA,NA,NA,NA,NA,NA,NA,NA
"series",6,"fp",3,2015,0.619565217391304,NA,NA,NA,NA,NA,NA,NA,NA,NA,NA,NA
"series",6,"fp",3,2016,0.478260869565217,NA,NA,NA,NA,NA,NA,NA,NA,NA,NA,NA
"series",6,"fp",3,2017,0.5,NA,NA,NA,NA,NA,NA,NA,NA,NA,NA,NA
"series",6,"fp",3,2018,0.532608695652174,NA,NA,NA,NA,NA,NA,NA,NA,NA,NA,NA
"series",6,"fp",3,2019,0.25,NA,NA,NA,NA,NA,NA,NA,NA,NA,NA,NA
"series",6,"fp",3,2020,0.260869565217391,NA,NA,NA,NA,NA,NA,NA,NA,NA,NA,NA
"series",6,"fp",3,2021,0.771739130434783,NA,NA,NA,NA,NA,NA,NA,NA,NA,NA,NA
"series",6,"fp",3,2022,0.891304347826087,NA,NA,NA,NA,NA,NA,NA,NA,NA,NA,NA
"series",6,"fp",3,2023,0.0434782608695652,NA,NA,NA,NA,NA,NA,NA,NA,NA,NA,NA
"series",6,"fp",3,2024,0.33695652173913,NA,NA,NA,NA,NA,NA,NA,NA,NA,NA,NA
"regression_segment",6,"fp",3,NA,NA,1,2006,2024,19,49.7971014492754,-0.0244088482074752,0.0275,NA,NA,NA,NA
"variance_segment",6,"fp",3,NA,NA,1,2006,2024,19,NA,NA,NA,0.613272311212815,0.268783828082397,NA,NA
"series",6,"fp",4,2007,1,NA,NA,NA,NA,NA,NA,NA,NA,NA,NA,NA
"series",6,"fp",4,2008,0.0327868852459016,NA,NA,NA,NA,NA,NA,NA,NA,NA,NA,NA
"series",6,"fp",4,2009,1,NA,NA,NA,NA,NA,NA,NA,NA,NA,NA,NA
"series",6,"fp",4,2010,0.0819672131147541,NA,NA,NA,NA,NA,NA,NA,NA,NA,NA,NA
"series",6,"fp",4,2011,0.0491803278688525,NA,NA,NA,NA,NA,NA,NA,NA,NA,NA,NA
"series",6,"fp",4,2012,0.229508196721311,NA,NA,NA,NA,NA,NA,NA,NA,NA,NA,NA
"series",6,"fp",4,2013,0,NA,NA,NA,NA,NA,NA,NA,NA,NA,NA,NA
"series",6,"fp",4,2014,1,NA,NA,NA,NA,NA,NA,NA,NA,NA,NA,NA
"series",6,"fp",4,2015,1,NA,NA,NA,NA,NA,NA,NA,NA,NA,NA,NA
"series",6,"fp",4,2016,0.737704918032787,NA,NA,NA,NA,NA,NA,NA,NA,NA,NA,NA
"series",6,"fp",4,2017,0.131147540983607,NA,NA,NA,NA,NA,NA,NA,NA,NA,NA,NA
"series",6,"fp",4,2018,0,NA,NA,NA,NA,NA,NA,NA,NA,NA,NA,NA
"series",6,"fp",4,2019,0.344262295081967,NA,NA,NA,NA,NA,NA,NA,NA,NA,NA,NA
"series",6,"fp",4,2020,0.131147540983607,NA,NA,NA,NA,NA,NA,NA,NA,NA,NA,NA
"series",6,"fp",4,2021,0,NA,NA,NA,NA,NA,NA,NA,NA,NA,NA,NA
"series",6,"fp",4,2022,0.0491803278688525,NA,NA,NA,NA,NA,NA,NA,NA,NA,NA,NA
"series",6,"fp",4,2023,1,NA,NA,NA,NA,NA,NA,NA,NA,NA,NA,NA
"series",6,"fp",4,2024,0,NA,NA,NA,NA,NA,NA,NA,NA,NA,NA,NA
"series",6,"fp",4,2025,0,NA,NA,NA,NA,NA,NA,NA,NA,NA,NA,NA
"regression_segment",6,"fp",4,NA,NA,1,2007,2025,19,42.567385677308,-0.0209375898763302,0.2512,NA,NA,NA,NA
"variance_segment",6,"fp",4,NA,NA,1,2007,2025,19,NA,NA,NA,0.357204486626402,0.430640581923741,NA,NA
"series",7,"fp",1,2007,1,NA,NA,NA,NA,NA,NA,NA,NA,NA,NA,NA
"series",7,"fp",1,2008,0.983606557377049,NA,NA,NA,NA,NA,NA,NA,NA,NA,NA,NA
"series",7,"fp",1,2009,1,NA,NA,NA,NA,NA,NA,NA,NA,NA,NA,NA
"series",7,"fp",1,2010,0.132231404958678,NA,NA,NA,NA,NA,NA,NA,NA,NA,NA,NA
"series",7,"fp",1,2011,0.900826446280992,NA,NA,NA,NA,NA,NA,NA,NA,NA,NA,NA
"series",7,"fp",1,2012,1,NA,NA,NA,NA,NA,NA,NA,NA,NA,NA,NA
"series",7,"fp",1,2013,0.611570247933884,NA,NA,NA,NA,NA,NA,NA,NA,NA,NA,NA
"series",7,"fp",1,2014,1,NA,NA,NA,NA,NA,NA,NA,NA,NA,NA,NA
"series",7,"fp",1,2015,1,NA,NA,NA,NA,NA,NA,NA,NA,NA,NA,NA
"series",7,"fp",1,2016,1,NA,NA,NA,NA,NA,NA,NA,NA,NA,NA,NA
"series",7,"fp",1,2017,0.776859504132231,NA,NA,NA,NA,NA,NA,NA,NA,NA,NA,NA
"series",7,"fp",1,2018,0.983471074380165,NA,NA,NA,NA,NA,NA,NA,NA,NA,NA,NA
"series",7,"fp",1,2019,0.578512396694215,NA,NA,NA,NA,NA,NA,NA,NA,NA,NA,NA
"series",7,"fp",1,2020,1,NA,NA,NA,NA,NA,NA,NA,NA,NA,NA,NA
"series",7,"fp",1,2021,0,NA,NA,NA,NA,NA,NA,NA,NA,NA,NA,NA
"series",7,"fp",1,2022,0.355371900826446,NA,NA,NA,NA,NA,NA,NA,NA,NA,NA,NA
"series",7,"fp",1,2023,1,NA,NA,NA,NA,NA,NA,NA,NA,NA,NA,NA
"series",7,"fp",1,2024,0,NA,NA,NA,NA,NA,NA,NA,NA,NA,NA,NA
"series",7,"fp",1,2025,0,NA,NA,NA,NA,NA,NA,NA,NA,NA,NA,NA
"breakpoint",7,"fp",1,NA,NA,NA,NA,NA,NA,NA,NA,NA,NA,NA,"variance",2020.5
"regression_segment",7,"fp",1,NA,NA,1,2007,2025,19,72.8156718173974,-0.0357710765193705,0.0302,NA,NA,NA,NA
"variance_segment",7,"fp",1,NA,NA,1,2007,2020.5,14,NA,NA,NA,0.85479125941123,0.255180589863466,NA,NA
"variance_segment",7,"fp",1,NA,NA,2,2020.5,2025,5,NA,NA,NA,0.271074380165289,0.43556933718612,NA,NA
"series",7,"fp",2,2006,0.164835164835165,NA,NA,NA,NA,NA,NA,NA,NA,NA,NA,NA
"series",7,"fp",2,2007,0.714285714285714,NA,NA,NA,NA,NA,NA,NA,NA,NA,NA,NA
"series",7,"fp",2,2008,0.879120879120879,NA,NA,NA,NA,NA,NA,NA,NA,NA,NA,NA
"series",7,"fp",2,2009,0.846153846153846,NA,NA,NA,NA,NA,NA,NA,NA,NA,NA,NA
"series",7,"fp",2,2010,0.032967032967033,NA,NA,NA,NA,NA,NA,NA,NA,NA,NA,NA
"series",7,"fp",2,2011,0.428571428571429,NA,NA,NA,NA,NA,NA,NA,NA,NA,NA,NA
"series",7,"fp",2,2012,0.142857142857143,NA,NA,NA,NA,NA,NA,NA,NA,NA,NA,NA
"series",7,"fp",2,2013,0.373626373626374,NA,NA,NA,NA,NA,NA,NA,NA,NA,NA,NA
"series",7,"fp",2,2014,0.43956043956044,NA,NA,NA,NA,NA,NA,NA,NA,NA,NA,NA
"series",7,"fp",2,2015,0.912087912087912,NA,NA,NA,NA,NA,NA,NA,NA,NA,NA,NA
"series",7,"fp",2,2016,0.722222222222222,NA,NA,NA,NA,NA,NA,NA,NA,NA,NA,NA
"series",7,"fp",2,2017,0.406593406593407,NA,NA,NA,NA,NA,NA,NA,NA,NA,NA,NA
"series",7,"fp",2,2018,0.725274725274725,NA,NA,NA,NA,NA,NA,NA,NA,NA,NA,NA
"series",7,"fp",2,2019,0.505494505494505,NA,NA,NA,NA,NA,NA,NA,NA,NA,NA,NA
"series",7,"fp",2,2020,0.791208791208791,NA,NA,NA,NA,NA,NA,NA,NA,NA,NA,NA
"series",7,"fp",2,2021,0,NA,NA,NA,NA,NA,NA,NA,NA,NA,NA,NA
"series",7,"fp",2,2022,0.637362637362637,NA,NA,NA,NA,NA,NA,NA,NA,NA,NA,NA
"series",7,"fp",2,2023,0.824175824175824,NA,NA,NA,NA,NA,NA,NA,NA,NA,NA,NA
"series",7,"fp",2,2024,0.021978021978022,NA,NA,NA,NA,NA,NA,NA,NA,NA,NA,NA
"series",7,"fp",2,2025,0.010989010989011,NA,NA,NA,NA,NA,NA,NA,NA,NA,NA,NA
"regression_segment",7,"fp",2,NA,NA,1,2006,2025,20,17.6360769138965,-0.0085125818208525,0.5098,NA,NA,NA,NA
"variance_segment",7,"fp",2,NA,NA,1,2006,2025,20,NA,NA,NA,0.478968253968254,0.323505388012661,NA,NA
"series",7,"fp",3,2006,0.869565217391304,NA,NA,NA,NA,NA,NA,NA,NA,NA,NA,NA
"series",7,"fp",3,2007,0.804347826086957,NA,NA,NA,NA,NA,NA,NA,NA,NA,NA,NA
"series",7,"fp",3,2008,0.956521739130435,NA,NA,NA,NA,NA,NA,NA,NA,NA,NA,NA
"series",7,"fp",3,2009,0.521739130434783,NA,NA,NA,NA,NA,NA,NA,NA,NA,NA,NA
"series",7,"fp",3,2010,0.793478260869565,NA,NA,NA,NA,NA,NA,NA,NA,NA,NA,NA
"series",7,"fp",3,2011,0.739130434782609,NA,NA,NA,NA,NA,NA,NA,NA,NA,NA,NA
"series",7,"fp",3,2012,0.967391304347826,NA,NA,NA,NA,NA,NA,NA,NA,NA,NA,NA
"series",7,"fp",3,2013,0.934782608695652,NA,NA,NA,NA,NA,NA,NA,NA,NA,NA,NA
"series",7,"fp",3,2014,0.891304347826087,NA,NA,NA,NA,NA,NA,NA,NA,NA,NA,NA
"series",7,"fp",3,2015,0.793478260869565,NA,NA,NA,NA,NA,NA,NA,NA,NA,NA,NA
"series",7,"fp",3,2016,0.739130434782609,NA,NA,NA,NA,NA,NA,NA,NA,NA,NA,NA
"series",7,"fp",3,2017,0.510869565217391,NA,NA,NA,NA,NA,NA,NA,NA,NA,NA,NA
"series",7,"fp",3,2018,0.5,NA,NA,NA,NA,NA,NA,NA,NA,NA,NA,NA
"series",7,"fp",3,2019,0.358695652173913,NA,NA,NA,NA,NA,NA,NA,NA,NA,NA,NA
"series",7,"fp",3,2020,0.293478260869565,NA,NA,NA,NA,NA,NA,NA,NA,NA,NA,NA
"series",7,"fp",3,2021,0.326086956521739,NA,NA,NA,NA,NA,NA,NA,NA,NA,NA,NA
"series",7,"fp",3,2022,0.902173913043478,NA,NA,NA,NA,NA,NA,NA,NA,NA,NA,NA
"series",7,"fp",3,2023,0.0652173913043478,NA,NA,NA,NA,NA,NA,NA,NA,NA,NA,NA
"series",7,"fp",3,2024,0.271739130434783,NA,NA,NA,NA,NA,NA,NA,NA,NA,NA,NA
"breakpoint",7,"fp",3,NA,NA,NA,NA,NA,NA,NA,NA,NA,NA,NA,"regression",2016.5
"regression_segment",7,"fp",3,NA,NA,1,2006,2016,11,-1.16798418972331,0.000988142292490115,0.9475,NA,NA,NA,NA
"regression_segment",7,"fp",3,NA,NA,2,2017,2024,8,52.9553571428571,-0.0260093167701863,0.5653,NA,NA,NA,NA
"variance_segment",7,"fp",3,NA,NA,1,2006,2024,19,NA,NA,NA,0.6441647597254,0.277519253114789,NA,NA
"series",7,"fp",4,2007,1,NA,NA,NA,NA,NA,NA,NA,NA,NA,NA,NA
"series",7,"fp",4,2008,0.114754098360656,NA,NA,NA,NA,NA,NA,NA,NA,NA,NA,NA
"series",7,"fp",4,2009,1,NA,NA,NA,NA,NA,NA,NA,NA,NA,NA,NA
"series",7,"fp",4,2010,0.0327868852459016,NA,NA,NA,NA,NA,NA,NA,NA,NA,NA,NA
"series",7,"fp",4,2011,0.213114754098361,NA,NA,NA,NA,NA,NA,NA,NA,NA,NA,NA
"series",7,"fp",4,2012,0.278688524590164,NA,NA,NA,NA,NA,NA,NA,NA,NA,NA,NA
"series",7,"fp",4,2013,0.0327868852459016,NA,NA,NA,NA,NA,NA,NA,NA,NA,NA,NA
"series",7,"fp",4,2014,1,NA,NA,NA,NA,NA,NA,NA,NA,NA,NA,NA
"series",7,"fp",4,2015,1,NA,NA,NA,NA,NA,NA,NA,NA,NA,NA,NA
"series",7,"fp",4,2016,1,NA,NA,NA,NA,NA,NA,NA,NA,NA,NA,NA
"series",7,"fp",4,2017,0.0655737704918033,NA,NA,NA,NA,NA,NA,NA,NA,NA,NA,NA
"series",7,"fp",4,2018,0,NA,NA,NA,NA,NA,NA,NA,NA,NA,NA,NA
"series",7,"fp",4,2019,0.114754098360656,NA,NA,NA,NA,NA,NA,NA,NA,NA,NA,NA
"series",7,"fp",4,2020,0.0491803278688525,NA,NA,NA,NA,NA,NA,NA,NA,NA,NA,NA
"series",7,"fp",4,2021,0,NA,NA,NA,NA,NA,NA,NA,NA,NA,NA,NA
"series",7,"fp",4,2022,0.180327868852459,NA,NA,NA,NA,NA,NA,NA,NA,NA,NA,NA
"series",7,"fp",4,2023,1,NA,NA,NA,NA,NA,NA,NA,NA,NA,NA,NA
"series",7,"fp",4,2024,0,NA,NA,NA,NA,NA,NA,NA,NA,NA,NA,NA
"series",7,"fp",4,2025,0,NA,NA,NA,NA,NA,NA,NA,NA,NA,NA,NA
"regression_segment",7,"fp",4,NA,NA,1,2007,2025,19,48.8448662640207,-0.0240437158469945,0.2069,NA,NA,NA,NA
"variance_segment",7,"fp",4,NA,NA,1,2007,2025,19,NA,NA,NA,0.372735116479724,0.444166575875337,NA,NA
"series",1,"precip",1,2007,63.98,NA,NA,NA,NA,NA,NA,NA,NA,NA,NA,NA
"series",1,"precip",1,2008,42.79,NA,NA,NA,NA,NA,NA,NA,NA,NA,NA,NA
"series",1,"precip",1,2009,25.9645833333333,NA,NA,NA,NA,NA,NA,NA,NA,NA,NA,NA
"series",1,"precip",1,2010,102.76,NA,NA,NA,NA,NA,NA,NA,NA,NA,NA,NA
"series",1,"precip",1,2011,14.6,NA,NA,NA,NA,NA,NA,NA,NA,NA,NA,NA
"series",1,"precip",1,2012,39.86,NA,NA,NA,NA,NA,NA,NA,NA,NA,NA,NA
"series",1,"precip",1,2013,72.2470833333333,NA,NA,NA,NA,NA,NA,NA,NA,NA,NA,NA
"series",1,"precip",1,2014,31.52,NA,NA,NA,NA,NA,NA,NA,NA,NA,NA,NA
"series",1,"precip",1,2015,158.25,NA,NA,NA,NA,NA,NA,NA,NA,NA,NA,NA
"series",1,"precip",1,2016,39.32,NA,NA,NA,NA,NA,NA,NA,NA,NA,NA,NA
"series",1,"precip",1,2017,52.8165,NA,NA,NA,NA,NA,NA,NA,NA,NA,NA,NA
"series",1,"precip",1,2018,45.74,NA,NA,NA,NA,NA,NA,NA,NA,NA,NA,NA
"series",1,"precip",1,2019,93.29,NA,NA,NA,NA,NA,NA,NA,NA,NA,NA,NA
"series",1,"precip",1,2020,104.14,NA,NA,NA,NA,NA,NA,NA,NA,NA,NA,NA
"series",1,"precip",1,2021,59.5925,NA,NA,NA,NA,NA,NA,NA,NA,NA,NA,NA
"series",1,"precip",1,2022,34.98,NA,NA,NA,NA,NA,NA,NA,NA,NA,NA,NA
"series",1,"precip",1,2023,66.92,NA,NA,NA,NA,NA,NA,NA,NA,NA,NA,NA
"series",1,"precip",1,2024,108.9,NA,NA,NA,NA,NA,NA,NA,NA,NA,NA,NA
"series",1,"precip",1,2025,2.3595,NA,NA,NA,NA,NA,NA,NA,NA,NA,NA,NA
"regression_segment",1,"precip",1,NA,NA,1,2007,2025,19,-1079.65222280702,0.565826608187134,0.7382,NA,NA,NA,NA
"variance_segment",1,"precip",1,NA,NA,1,2007,2025,19,NA,NA,NA,61.0542192982456,38.3590823073741,NA,NA
"series",1,"precip",2,2006,8.03,NA,NA,NA,NA,NA,NA,NA,NA,NA,NA,NA
"series",1,"precip",2,2007,19.49,NA,NA,NA,NA,NA,NA,NA,NA,NA,NA,NA
"series",1,"precip",2,2008,12.36,NA,NA,NA,NA,NA,NA,NA,NA,NA,NA,NA
"series",1,"precip",2,2009,48.25,NA,NA,NA,NA,NA,NA,NA,NA,NA,NA,NA
"series",1,"precip",2,2010,8.92,NA,NA,NA,NA,NA,NA,NA,NA,NA,NA,NA
"series",1,"precip",2,2011,7.98,NA,NA,NA,NA,NA,NA,NA,NA,NA,NA,NA
"series",1,"precip",2,2012,9.7,NA,NA,NA,NA,NA,NA,NA,NA,NA,NA,NA
"series",1,"precip",2,2013,14.53,NA,NA,NA,NA,NA,NA,NA,NA,NA,NA,NA
"series",1,"precip",2,2014,1.85,NA,NA,NA,NA,NA,NA,NA,NA,NA,NA,NA
"series",1,"precip",2,2015,33.1,NA,NA,NA,NA,NA,NA,NA,NA,NA,NA,NA
"series",1,"precip",2,2016,44.29,NA,NA,NA,NA,NA,NA,NA,NA,NA,NA,NA
"series",1,"precip",2,2017,4.84,NA,NA,NA,NA,NA,NA,NA,NA,NA,NA,NA
"series",1,"precip",2,2018,27.87,NA,NA,NA,NA,NA,NA,NA,NA,NA,NA,NA
"series",1,"precip",2,2019,9.54,NA,NA,NA,NA,NA,NA,NA,NA,NA,NA,NA
"series",1,"precip",2,2020,2.31,NA,NA,NA,NA,NA,NA,NA,NA,NA,NA,NA
"series",1,"precip",2,2021,3.5,NA,NA,NA,NA,NA,NA,NA,NA,NA,NA,NA
"series",1,"precip",2,2022,53.85,NA,NA,NA,NA,NA,NA,NA,NA,NA,NA,NA
"series",1,"precip",2,2023,6.25,NA,NA,NA,NA,NA,NA,NA,NA,NA,NA,NA
"series",1,"precip",2,2024,39.55,NA,NA,NA,NA,NA,NA,NA,NA,NA,NA,NA
"series",1,"precip",2,2025,14.91,NA,NA,NA,NA,NA,NA,NA,NA,NA,NA,NA
"regression_segment",1,"precip",2,NA,NA,1,2006,2025,20,-630.010684210526,0.32178947368421,0.6328,NA,NA,NA,NA
"variance_segment",1,"precip",2,NA,NA,1,2006,2025,20,NA,NA,NA,18.556,16.5146194882627,NA,NA
"series",1,"precip",3,2006,254.84,NA,NA,NA,NA,NA,NA,NA,NA,NA,NA,NA
"series",1,"precip",3,2007,242.24,NA,NA,NA,NA,NA,NA,NA,NA,NA,NA,NA
"series",1,"precip",3,2008,270.01,NA,NA,NA,NA,NA,NA,NA,NA,NA,NA,NA
"series",1,"precip",3,2009,100.19,NA,NA,NA,NA,NA,NA,NA,NA,NA,NA,NA
"series",1,"precip",3,2010,256.24,NA,NA,NA,NA,NA,NA,NA,NA,NA,NA,NA
"series",1,"precip",3,2011,241.62,NA,NA,NA,NA,NA,NA,NA,NA,NA,NA,NA
"series",1,"precip",3,2012,200.11,NA,NA,NA,NA,NA,NA,NA,NA,NA,NA,NA
"series",1,"precip",3,2013,200.67,NA,NA,NA,NA,NA,NA,NA,NA,NA,NA,NA
"series",1,"precip",3,2014,346.3,NA,NA,NA,NA,NA,NA,NA,NA,NA,NA,NA
"series",1,"precip",3,2015,227.48,NA,NA,NA,NA,NA,NA,NA,NA,NA,NA,NA
"series",1,"precip",3,2016,237.45,NA,NA,NA,NA,NA,NA,NA,NA,NA,NA,NA
"series",1,"precip",3,2017,152.5,NA,NA,NA,NA,NA,NA,NA,NA,NA,NA,NA
"series",1,"precip",3,2018,144.12,NA,NA,NA,NA,NA,NA,NA,NA,NA,NA,NA
"series",1,"precip",3,2019,215.44,NA,NA,NA,NA,NA,NA,NA,NA,NA,NA,NA
"series",1,"precip",3,2020,89.49,NA,NA,NA,NA,NA,NA,NA,NA,NA,NA,NA
"series",1,"precip",3,2021,295.05,NA,NA,NA,NA,NA,NA,NA,NA,NA,NA,NA
"series",1,"precip",3,2022,243.25,NA,NA,NA,NA,NA,NA,NA,NA,NA,NA,NA
"series",1,"precip",3,2023,82.26,NA,NA,NA,NA,NA,NA,NA,NA,NA,NA,NA
"series",1,"precip",3,2024,114.85,NA,NA,NA,NA,NA,NA,NA,NA,NA,NA,NA
"series",1,"precip",3,2025,148.61,NA,NA,NA,NA,NA,NA,NA,NA,NA,NA,NA
"breakpoint",1,"precip",3,NA,NA,NA,NA,NA,NA,NA,NA,NA,NA,NA,"variance",2011.5
"breakpoint",1,"precip",3,NA,NA,NA,NA,NA,NA,NA,NA,NA,NA,NA,"variance",2013.5
"regression_segment",1,"precip",3,NA,NA,1,2006,2025,20,10552.8042706767,-5.13503759398496,0.0743,NA,NA,NA,NA
"variance_segment",1,"precip",3,NA,NA,1,2006,2011.5,6,NA,NA,NA,227.523333333333,63.2535186900039,NA,NA
"variance_segment",1,"precip",3,NA,NA,2,2011.5,2013.5,2,NA,NA,NA,200.39,0.395979797464468,NA,NA
"variance_segment",1,"precip",3,NA,NA,3,2013.5,2025,12,NA,NA,NA,191.4,82.6618127729431,NA,NA
"series",1,"precip",4,2007,14.47,NA,NA,NA,NA,NA,NA,NA,NA,NA,NA,NA
"series",1,"precip",4,2008,40.86,NA,NA,NA,NA,NA,NA,NA,NA,NA,NA,NA
"series",1,"precip",4,2009,15.54,NA,NA,NA,NA,NA,NA,NA,NA,NA,NA,NA
"series",1,"precip",4,2010,14.22,NA,NA,NA,NA,NA,NA,NA,NA,NA,NA,NA
"series",1,"precip",4,2011,13.25,NA,NA,NA,NA,NA,NA,NA,NA,NA,NA,NA
"series",1,"precip",4,2012,17.07,NA,NA,NA,NA,NA,NA,NA,NA,NA,NA,NA
"series",1,"precip",4,2013,5.96,NA,NA,NA,NA,NA,NA,NA,NA,NA,NA,NA
"series",1,"precip",4,2014,10.56,NA,NA,NA,NA,NA,NA,NA,NA,NA,NA,NA
"series",1,"precip",4,2015,34.03,NA,NA,NA,NA,NA,NA,NA,NA,NA,NA,NA
"series",1,"precip",4,2016,61.94,NA,NA,NA,NA,NA,NA,NA,NA,NA,NA,NA
"series",1,"precip",4,2017,10.75,NA,NA,NA,NA,NA,NA,NA,NA,NA,NA,NA
"series",1,"precip",4,2018,5.61,NA,NA,NA,NA,NA,NA,NA,NA,NA,NA,NA
"series",1,"precip",4,2019,66.88,NA,NA,NA,NA,NA,NA,NA,NA,NA,NA,NA
"series",1,"precip",4,2020,86.84,NA,NA,NA,NA,NA,NA,NA,NA,NA,NA,NA
"series",1,"precip",4,2021,1.46,NA,NA,NA,NA,NA,NA,NA,NA,NA,NA,NA
"series",1,"precip",4,2022,2.45,NA,NA,NA,NA,NA,NA,NA,NA,NA,NA,NA
"series",1,"precip",4,2023,22.63,NA,NA,NA,NA,NA,NA,NA,NA,NA,NA,NA
"series",1,"precip",4,2024,13.21,NA,NA,NA,NA,NA,NA,NA,NA,NA,NA,NA
"series",1,"precip",4,2025,10.92,NA,NA,NA,NA,NA,NA,NA,NA,NA,NA,NA
"breakpoint",1,"precip",4,NA,NA,NA,NA,NA,NA,NA,NA,NA,NA,NA,"variance",2015.5
"breakpoint",1,"precip",4,NA,NA,NA,NA,NA,NA,NA,NA,NA,NA,NA,"variance",2022.5
"regression_segment",1,"precip",4,NA,NA,1,2007,2025,19,-314.402842105263,0.167666666666667,0.8767,NA,NA,NA,NA
"variance_segment",1,"precip",4,NA,NA,1,2007,2015.5,9,NA,NA,NA,18.44,11.3706947896775,NA,NA
"variance_segment",1,"precip",4,NA,NA,2,2015.5,2022.5,7,NA,NA,NA,33.7042857142857,36.6378678678872,NA,NA
"variance_segment",1,"precip",4,NA,NA,3,2022.5,2025,3,NA,NA,NA,15.5866666666667,6.20624148203511,NA,NA
"series",2,"precip",1,2007,70.15,NA,NA,NA,NA,NA,NA,NA,NA,NA,NA,NA
"series",2,"precip",1,2008,44.38,NA,NA,NA,NA,NA,NA,NA,NA,NA,NA,NA
"series",2,"precip",1,2009,26.3880833333333,NA,NA,NA,NA,NA,NA,NA,NA,NA,NA,NA
"series",2,"precip",1,2010,132.76,NA,NA,NA,NA,NA,NA,NA,NA,NA,NA,NA
"series",2,"precip",1,2011,10.67,NA,NA,NA,NA,NA,NA,NA,NA,NA,NA,NA
"series",2,"precip",1,2012,31.62,NA,NA,NA,NA,NA,NA,NA,NA,NA,NA,NA
"series",2,"precip",1,2013,73.5075,NA,NA,NA,NA,NA,NA,NA,NA,NA,NA,NA
"series",2,"precip",1,2014,27.54,NA,NA,NA,NA,NA,NA,NA,NA,NA,NA,NA
"series",2,"precip",1,2015,164.91,NA,NA,NA,NA,NA,NA,NA,NA,NA,NA,NA
"series",2,"precip",1,2016,37.6,NA,NA,NA,NA,NA,NA,NA,NA,NA,NA,NA
"series",2,"precip",1,2017,47.8353333333333,NA,NA,NA,NA,NA,NA,NA,NA,NA,NA,NA
"series",2,"precip",1,2018,47.61,NA,NA,NA,NA,NA,NA,NA,NA,NA,NA,NA
"series",2,"precip",1,2019,95.38,NA,NA,NA,NA,NA,NA,NA,NA,NA,NA,NA
"series",2,"precip",1,2020,104.55,NA,NA,NA,NA,NA,NA,NA,NA,NA,NA,NA
"series",2,"precip",1,2021,47.46225,NA,NA,NA,NA,NA,NA,NA,NA,NA,NA,NA
"series",2,"precip",1,2022,40.39,NA,NA,NA,NA,NA,NA,NA,NA,NA,NA,NA
"series",2,"precip",1,2023,80.55,NA,NA,NA,NA,NA,NA,NA,NA,NA,NA,NA
"series",2,"precip",1,2024,97.03,NA,NA,NA,NA,NA,NA,NA,NA,NA,NA,NA
"series",2,"precip",1,2025,12.9369166666667,NA,NA,NA,NA,NA,NA,NA,NA,NA,NA,NA
"regression_segment",2,"precip",1,NA,NA,1,2007,2025,19,-628.860269298246,0.343087280701754,0.8571,NA,NA,NA,NA
"variance_segment",2,"precip",1,NA,NA,1,2007,2025,19,NA,NA,NA,62.8036885964912,41.2932741874072,NA,NA
"series",2,"precip",2,2006,11.24,NA,NA,NA,NA,NA,NA,NA,NA,NA,NA,NA
"series",2,"precip",2,2007,19.62,NA,NA,NA,NA,NA,NA,NA,NA,NA,NA,NA
"series",2,"precip",2,2008,16.32,NA,NA,NA,NA,NA,NA,NA,NA,NA,NA,NA
"series",2,"precip",2,2009,55.06,NA,NA,NA,NA,NA,NA,NA,NA,NA,NA,NA
"series",2,"precip",2,2010,12.14,NA,NA,NA,NA,NA,NA,NA,NA,NA,NA,NA
"series",2,"precip",2,2011,10.58,NA,NA,NA,NA,NA,NA,NA,NA,NA,NA,NA
"series",2,"precip",2,2012,8.9,NA,NA,NA,NA,NA,NA,NA,NA,NA,NA,NA
"series",2,"precip",2,2013,11.22,NA,NA,NA,NA,NA,NA,NA,NA,NA,NA,NA
"series",2,"precip",2,2014,2.53,NA,NA,NA,NA,NA,NA,NA,NA,NA,NA,NA
"series",2,"precip",2,2015,42.55,NA,NA,NA,NA,NA,NA,NA,NA,NA,NA,NA
"series",2,"precip",2,2016,44.97,NA,NA,NA,NA,NA,NA,NA,NA,NA,NA,NA
"series",2,"precip",2,2017,2.9,NA,NA,NA,NA,NA,NA,NA,NA,NA,NA,NA
"series",2,"precip",2,2018,31.38,NA,NA,NA,NA,NA,NA,NA,NA,NA,NA,NA
"series",2,"precip",2,2019,15.33,NA,NA,NA,NA,NA,NA,NA,NA,NA,NA,NA
"series",2,"precip",2,2020,4.06,NA,NA,NA,NA,NA,NA,NA,NA,NA,NA,NA
"series",2,"precip",2,2021,6.69,NA,NA,NA,NA,NA,NA,NA,NA,NA,NA,NA
"series",2,"precip",2,2022,34.95,NA,NA,NA,NA,NA,NA,NA,NA,NA,NA,NA
"series",2,"precip",2,2023,3.1,NA,NA,NA,NA,NA,NA,NA,NA,NA,NA,NA
"series",2,"precip",2,2024,24.58,NA,NA,NA,NA,NA,NA,NA,NA,NA,NA,NA
"series",2,"precip",2,2025,14.36,NA,NA,NA,NA,NA,NA,NA,NA,NA,NA,NA
"breakpoint",2,"precip",2,NA,NA,NA,NA,NA,NA,NA,NA,NA,NA,NA,"variance",2008.5
"regression_segment",2,"precip",2,NA,NA,1,2006,2025,20,451.153330827068,-0.214601503759399,0.7348,NA,NA,NA,NA
"variance_segment",2,"precip",2,NA,NA,1,2006,2008.5,3,NA,NA,NA,15.7266666666667,4.2213899764572,NA,NA
"variance_segment",2,"precip",2,NA,NA,2,2008.5,2025,17,NA,NA,NA,19.1352941176471,16.660906006895,NA,NA
"series",2,"precip",3,2006,276.97,NA,NA,NA,NA,NA,NA,NA,NA,NA,NA,NA
"series",2,"precip",3,2007,230.95,NA,NA,NA,NA,NA,NA,NA,NA,NA,NA,NA
"series",2,"precip",3,2008,280.94,NA,NA,NA,NA,NA,NA,NA,NA,NA,NA,NA
"series",2,"precip",3,2009,101.8,NA,NA,NA,NA,NA,NA,NA,NA,NA,NA,NA
"series",2,"precip",3,2010,235.92,NA,NA,NA,NA,NA,NA,NA,NA,NA,NA,NA
"series",2,"precip",3,2011,227.77,NA,NA,NA,NA,NA,NA,NA,NA,NA,NA,NA
"series",2,"precip",3,2012,218.08,NA,NA,NA,NA,NA,NA,NA,NA,NA,NA,NA
"series",2,"precip",3,2013,211.66,NA,NA,NA,NA,NA,NA,NA,NA,NA,NA,NA
"series",2,"precip",3,2014,384.51,NA,NA,NA,NA,NA,NA,NA,NA,NA,NA,NA
"series",2,"precip",3,2015,166.12,NA,NA,NA,NA,NA,NA,NA,NA,NA,NA,NA
"series",2,"precip",3,2016,261.22,NA,NA,NA,NA,NA,NA,NA,NA,NA,NA,NA
"series",2,"precip",3,2017,168.91,NA,NA,NA,NA,NA,NA,NA,NA,NA,NA,NA
"series",2,"precip",3,2018,133.71,NA,NA,NA,NA,NA,NA,NA,NA,NA,NA,NA
"series",2,"precip",3,2019,163.41,NA,NA,NA,NA,NA,NA,NA,NA,NA,NA,NA
"series",2,"precip",3,2020,73.39,NA,NA,NA,NA,NA,NA,NA,NA,NA,NA,NA
"series",2,"precip",3,2021,276.2,NA,NA,NA,NA,NA,NA,NA,NA,NA,NA,NA
"series",2,"precip",3,2022,256.06,NA,NA,NA,NA,NA,NA,NA,NA,NA,NA,NA
"series",2,"precip",3,2023,75.43,NA,NA,NA,NA,NA,NA,NA,NA,NA,NA,NA
"series",2,"precip",3,2024,139.16,NA,NA,NA,NA,NA,NA,NA,NA,NA,NA,NA
"series",2,"precip",3,2025,145.42,NA,NA,NA,NA,NA,NA,NA,NA,NA,NA,NA
"regression_segment",2,"precip",3,NA,NA,1,2006,2025,20,11427.0042556391,-5.56964661654135,0.0691,NA,NA,NA,NA
"variance_segment",2,"precip",3,NA,NA,1,2006,2025,20,NA,NA,NA,201.3815,78.9336107634631,NA,NA
"series",2,"precip",4,2007,14.89,NA,NA,NA,NA,NA,NA,NA,NA,NA,NA,NA
"series",2,"precip",4,2008,45.41,NA,NA,NA,NA,NA,NA,NA,NA,NA,NA,NA
"series",2,"precip",4,2009,18.5,NA,NA,NA,NA,NA,NA,NA,NA,NA,NA,NA
"series",2,"precip",4,2010,15.82,NA,NA,NA,NA,NA,NA,NA,NA,NA,NA,NA
"series",2,"precip",4,2011,13.02,NA,NA,NA,NA,NA,NA,NA,NA,NA,NA,NA
"series",2,"precip",4,2012,19.08,NA,NA,NA,NA,NA,NA,NA,NA,NA,NA,NA
"series",2,"precip",4,2013,6.35,NA,NA,NA,NA,NA,NA,NA,NA,NA,NA,NA
"series",2,"precip",4,2014,15.45,NA,NA,NA,NA,NA,NA,NA,NA,NA,NA,NA
"series",2,"precip",4,2015,30.81,NA,NA,NA,NA,NA,NA,NA,NA,NA,NA,NA
"series",2,"precip",4,2016,66.51,NA,NA,NA,NA,NA,NA,NA,NA,NA,NA,NA
"series",2,"precip",4,2017,7.8,NA,NA,NA,NA,NA,NA,NA,NA,NA,NA,NA
"series",2,"precip",4,2018,5.86,NA,NA,NA,NA,NA,NA,NA,NA,NA,NA,NA
"series",2,"precip",4,2019,58.34,NA,NA,NA,NA,NA,NA,NA,NA,NA,NA,NA
"series",2,"precip",4,2020,101.49,NA,NA,NA,NA,NA,NA,NA,NA,NA,NA,NA
"series",2,"precip",4,2021,0,NA,NA,NA,NA,NA,NA,NA,NA,NA,NA,NA
"series",2,"precip",4,2022,4.1,NA,NA,NA,NA,NA,NA,NA,NA,NA,NA,NA
"series",2,"precip",4,2023,30.87,NA,NA,NA,NA,NA,NA,NA,NA,NA,NA,NA
"series",2,"precip",4,2024,5.6,NA,NA,NA,NA,NA,NA,NA,NA,NA,NA,NA
"series",2,"precip",4,2025,11.65,NA,NA,NA,NA,NA,NA,NA,NA,NA,NA,NA
"breakpoint",2,"precip",4,NA,NA,NA,NA,NA,NA,NA,NA,NA,NA,NA,"variance",2015.5
"regression_segment",2,"precip",4,NA,NA,1,2007,2025,19,-141.236315789474,0.0823684210526317,0.9401,NA,NA,NA,NA
"variance_segment",2,"precip",4,NA,NA,1,2007,2015.5,9,NA,NA,NA,19.9255555555556,11.5374424279291,NA,NA
"variance_segment",2,"precip",4,NA,NA,2,2015.5,2025,10,NA,NA,NA,29.222,34.6732877651434,NA,NA
"series",4,"precip",1,2007,63.86,NA,NA,NA,NA,NA,NA,NA,NA,NA,NA,NA
"series",4,"precip",1,2008,41.81,NA,NA,NA,NA,NA,NA,NA,NA,NA,NA,NA
"series",4,"precip",1,2009,30.8953333333333,NA,NA,NA,NA,NA,NA,NA,NA,NA,NA,NA
"series",4,"precip",1,2010,132.97,NA,NA,NA,NA,NA,NA,NA,NA,NA,NA,NA
"series",4,"precip",1,2011,9.19,NA,NA,NA,NA,NA,NA,NA,NA,NA,NA,NA
"series",4,"precip",1,2012,32.38,NA,NA,NA,NA,NA,NA,NA,NA,NA,NA,NA
"series",4,"precip",1,2013,68.002,NA,NA,NA,NA,NA,NA,NA,NA,NA,NA,NA
"series",4,"precip",1,2014,16.8,NA,NA,NA,NA,NA,NA,NA,NA,NA,NA,NA
"series",4,"precip",1,2015,94.43,NA,NA,NA,NA,NA,NA,NA,NA,NA,NA,NA
"series",4,"precip",1,2016,59.82,NA,NA,NA,NA,NA,NA,NA,NA,NA,NA,NA
"series",4,"precip",1,2017,77.2988333333333,NA,NA,NA,NA,NA,NA,NA,NA,NA,NA,NA
"series",4,"precip",1,2018,57.85,NA,NA,NA,NA,NA,NA,NA,NA,NA,NA,NA
"series",4,"precip",1,2019,99.1,NA,NA,NA,NA,NA,NA,NA,NA,NA,NA,NA
"series",4,"precip",1,2020,120.5,NA,NA,NA,NA,NA,NA,NA,NA,NA,NA,NA
"series",4,"precip",1,2021,43.8625,NA,NA,NA,NA,NA,NA,NA,NA,NA,NA,NA
"series",4,"precip",1,2022,29.08,NA,NA,NA,NA,NA,NA,NA,NA,NA,NA,NA
"series",4,"precip",1,2023,75.33,NA,NA,NA,NA,NA,NA,NA,NA,NA,NA,NA
"series",4,"precip",1,2024,95.65,NA,NA,NA,NA,NA,NA,NA,NA,NA,NA,NA
"series",4,"precip",1,2025,8.74225,NA,NA,NA,NA,NA,NA,NA,NA,NA,NA,NA
"regression_segment",4,"precip",1,NA,NA,1,2007,2025,19,-1023.0050254386,0.537663596491228,0.7385,NA,NA,NA,NA
"variance_segment",4,"precip",1,NA,NA,1,2007,2025,19,NA,NA,NA,60.9247850877193,36.3655548868201,NA,NA
"series",4,"precip",2,2006,20.19,NA,NA,NA,NA,NA,NA,NA,NA,NA,NA,NA
"series",4,"precip",2,2007,15.28,NA,NA,NA,NA,NA,NA,NA,NA,NA,NA,NA
"series",4,"precip",2,2008,19.51,NA,NA,NA,NA,NA,NA,NA,NA,NA,NA,NA
"series",4,"precip",2,2009,58.68,NA,NA,NA,NA,NA,NA,NA,NA,NA,NA,NA
"series",4,"precip",2,2010,5.2,NA,NA,NA,NA,NA,NA,NA,NA,NA,NA,NA
"series",4,"precip",2,2011,19.01,NA,NA,NA,NA,NA,NA,NA,NA,NA,NA,NA
"series",4,"precip",2,2012,6.2,NA,NA,NA,NA,NA,NA,NA,NA,NA,NA,NA
"series",4,"precip",2,2013,8.5,NA,NA,NA,NA,NA,NA,NA,NA,NA,NA,NA
"series",4,"precip",2,2014,1.93,NA,NA,NA,NA,NA,NA,NA,NA,NA,NA,NA
"series",4,"precip",2,2015,53.34,NA,NA,NA,NA,NA,NA,NA,NA,NA,NA,NA
"series",4,"precip",2,2016,45.46,NA,NA,NA,NA,NA,NA,NA,NA,NA,NA,NA
"series",4,"precip",2,2017,3.4,NA,NA,NA,NA,NA,NA,NA,NA,NA,NA,NA
"series",4,"precip",2,2018,29.73,NA,NA,NA,NA,NA,NA,NA,NA,NA,NA,NA
"series",4,"precip",2,2019,1.82,NA,NA,NA,NA,NA,NA,NA,NA,NA,NA,NA
"series",4,"precip",2,2020,15.63,NA,NA,NA,NA,NA,NA,NA,NA,NA,NA,NA
"series",4,"precip",2,2021,1.16,NA,NA,NA,NA,NA,NA,NA,NA,NA,NA,NA
"series",4,"precip",2,2022,41.49,NA,NA,NA,NA,NA,NA,NA,NA,NA,NA,NA
"series",4,"precip",2,2023,30.6,NA,NA,NA,NA,NA,NA,NA,NA,NA,NA,NA
"series",4,"precip",2,2024,19.04,NA,NA,NA,NA,NA,NA,NA,NA,NA,NA,NA
"series",4,"precip",2,2025,18.48,NA,NA,NA,NA,NA,NA,NA,NA,NA,NA,NA
"breakpoint",4,"precip",2,NA,NA,NA,NA,NA,NA,NA,NA,NA,NA,NA,"variance",2008.5
"breakpoint",4,"precip",2,NA,NA,NA,NA,NA,NA,NA,NA,NA,NA,NA,"variance",2023.5
"regression_segment",4,"precip",2,NA,NA,1,2006,2025,20,63.9672481203009,-0.0214511278195489,0.9735,NA,NA,NA,NA
"variance_segment",4,"precip",2,NA,NA,1,2006,2008.5,3,NA,NA,NA,18.3266666666667,2.6603069998279,NA,NA
"variance_segment",4,"precip",2,NA,NA,2,2008.5,2023.5,15,NA,NA,NA,21.4766666666667,20.2509335469704,NA,NA
"variance_segment",4,"precip",2,NA,NA,3,2023.5,2025,2,NA,NA,NA,18.76,0.395979797464466,NA,NA
"series",4,"precip",3,2006,294.93,NA,NA,NA,NA,NA,NA,NA,NA,NA,NA,NA
"series",4,"precip",3,2007,240.98,NA,NA,NA,NA,NA,NA,NA,NA,NA,NA,NA
"series",4,"precip",3,2008,329.09,NA,NA,NA,NA,NA,NA,NA,NA,NA,NA,NA
"series",4,"precip",3,2009,125.85,NA,NA,NA,NA,NA,NA,NA,NA,NA,NA,NA
"series",4,"precip",3,2010,282.3,NA,NA,NA,NA,NA,NA,NA,NA,NA,NA,NA
"series",4,"precip",3,2011,206.37,NA,NA,NA,NA,NA,NA,NA,NA,NA,NA,NA
"series",4,"precip",3,2012,210.47,NA,NA,NA,NA,NA,NA,NA,NA,NA,NA,NA
"series",4,"precip",3,2013,328.49,NA,NA,NA,NA,NA,NA,NA,NA,NA,NA,NA
"series",4,"precip",3,2014,409.95,NA,NA,NA,NA,NA,NA,NA,NA,NA,NA,NA
"series",4,"precip",3,2015,247.24,NA,NA,NA,NA,NA,NA,NA,NA,NA,NA,NA
"series",4,"precip",3,2016,278.7,NA,NA,NA,NA,NA,NA,NA,NA,NA,NA,NA
"series",4,"precip",3,2017,221.86,NA,NA,NA,NA,NA,NA,NA,NA,NA,NA,NA
"series",4,"precip",3,2018,168.26,NA,NA,NA,NA,NA,NA,NA,NA,NA,NA,NA
"series",4,"precip",3,2019,186.9,NA,NA,NA,NA,NA,NA,NA,NA,NA,NA,NA
"series",4,"precip",3,2020,185.75,NA,NA,NA,NA,NA,NA,NA,NA,NA,NA,NA
"series",4,"precip",3,2021,275.49,NA,NA,NA,NA,NA,NA,NA,NA,NA,NA,NA
"series",4,"precip",3,2022,214.23,NA,NA,NA,NA,NA,NA,NA,NA,NA,NA,NA
"series",4,"precip",3,2023,140.64,NA,NA,NA,NA,NA,NA,NA,NA,NA,NA,NA
"series",4,"precip",3,2024,176.17,NA,NA,NA,NA,NA,NA,NA,NA,NA,NA,NA
"series",4,"precip",3,2025,224.7,NA,NA,NA,NA,NA,NA,NA,NA,NA,NA,NA
"regression_segment",4,"precip",3,NA,NA,1,2006,2025,20,9138.03319548872,-4.41608270676692,0.1051,NA,NA,NA,NA
"variance_segment",4,"precip",3,NA,NA,1,2006,2025,20,NA,NA,NA,237.4185,70.0566959326516,NA,NA
"series",4,"precip",4,2007,17,NA,NA,NA,NA,NA,NA,NA,NA,NA,NA,NA
"series",4,"precip",4,2008,37.51,NA,NA,NA,NA,NA,NA,NA,NA,NA,NA,NA
"series",4,"precip",4,2009,27.08,NA,NA,NA,NA,NA,NA,NA,NA,NA,NA,NA
"series",4,"precip",4,2010,18.97,NA,NA,NA,NA,NA,NA,NA,NA,NA,NA,NA
"series",4,"precip",4,2011,14.37,NA,NA,NA,NA,NA,NA,NA,NA,NA,NA,NA
"series",4,"precip",4,2012,15.78,NA,NA,NA,NA,NA,NA,NA,NA,NA,NA,NA
"series",4,"precip",4,2013,2.77,NA,NA,NA,NA,NA,NA,NA,NA,NA,NA,NA
"series",4,"precip",4,2014,5.75,NA,NA,NA,NA,NA,NA,NA,NA,NA,NA,NA
"series",4,"precip",4,2015,26.78,NA,NA,NA,NA,NA,NA,NA,NA,NA,NA,NA
"series",4,"precip",4,2016,71.55,NA,NA,NA,NA,NA,NA,NA,NA,NA,NA,NA
"series",4,"precip",4,2017,6.61,NA,NA,NA,NA,NA,NA,NA,NA,NA,NA,NA
"series",4,"precip",4,2018,9.42,NA,NA,NA,NA,NA,NA,NA,NA,NA,NA,NA
"series",4,"precip",4,2019,53.95,NA,NA,NA,NA,NA,NA,NA,NA,NA,NA,NA
"series",4,"precip",4,2020,110.33,NA,NA,NA,NA,NA,NA,NA,NA,NA,NA,NA
"series",4,"precip",4,2021,5.24,NA,NA,NA,NA,NA,NA,NA,NA,NA,NA,NA
"series",4,"precip",4,2022,2.38,NA,NA,NA,NA,NA,NA,NA,NA,NA,NA,NA
"series",4,"precip",4,2023,27.43,NA,NA,NA,NA,NA,NA,NA,NA,NA,NA,NA
"series",4,"precip",4,2024,9.69,NA,NA,NA,NA,NA,NA,NA,NA,NA,NA,NA
"series",4,"precip",4,2025,2.63,NA,NA,NA,NA,NA,NA,NA,NA,NA,NA,NA
"breakpoint",4,"precip",4,NA,NA,NA,NA,NA,NA,NA,NA,NA,NA,NA,"variance",2015.5
"breakpoint",4,"precip",4,NA,NA,NA,NA,NA,NA,NA,NA,NA,NA,NA,"variance",2020.5
"regression_segment",4,"precip",4,NA,NA,1,2007,2025,19,-61.3882105263159,0.0425964912280702,0.9728,NA,NA,NA,NA
"variance_segment",4,"precip",4,NA,NA,1,2007,2015.5,9,NA,NA,NA,18.4455555555556,10.8423349781206,NA,NA
"variance_segment",4,"precip",4,NA,NA,2,2015.5,2020.5,5,NA,NA,NA,50.372,43.7277099789138,NA,NA
"variance_segment",4,"precip",4,NA,NA,3,2020.5,2025,5,NA,NA,NA,9.474,10.4589258530692,NA,NA
"series",6,"precip",1,2007,59.63,NA,NA,NA,NA,NA,NA,NA,NA,NA,NA,NA
"series",6,"precip",1,2008,42.1,NA,NA,NA,NA,NA,NA,NA,NA,NA,NA,NA
"series",6,"precip",1,2009,25.9141666666667,NA,NA,NA,NA,NA,NA,NA,NA,NA,NA,NA
"series",6,"precip",1,2010,102.8,NA,NA,NA,NA,NA,NA,NA,NA,NA,NA,NA
"series",6,"precip",1,2011,15.36,NA,NA,NA,NA,NA,NA,NA,NA,NA,NA,NA
"series",6,"precip",1,2012,42.92,NA,NA,NA,NA,NA,NA,NA,NA,NA,NA,NA
"series",6,"precip",1,2013,69.00025,NA,NA,NA,NA,NA,NA,NA,NA,NA,NA,NA
"series",6,"precip",1,2014,34.01,NA,NA,NA,NA,NA,NA,NA,NA,NA,NA,NA
"series",6,"precip",1,2015,158.64,NA,NA,NA,NA,NA,NA,NA,NA,NA,NA,NA
"series",6,"precip",1,2016,41.48,NA,NA,NA,NA,NA,NA,NA,NA,NA,NA,NA
"series",6,"precip",1,2017,56.77925,NA,NA,NA,NA,NA,NA,NA,NA,NA,NA,NA
"series",6,"precip",1,2018,46.52,NA,NA,NA,NA,NA,NA,NA,NA,NA,NA,NA
"series",6,"precip",1,2019,96.72,NA,NA,NA,NA,NA,NA,NA,NA,NA,NA,NA
"series",6,"precip",1,2020,106.44,NA,NA,NA,NA,NA,NA,NA,NA,NA,NA,NA
"series",6,"precip",1,2021,55.1356666666667,NA,NA,NA,NA,NA,NA,NA,NA,NA,NA,NA
"series",6,"precip",1,2022,32.05,NA,NA,NA,NA,NA,NA,NA,NA,NA,NA,NA
"series",6,"precip",1,2023,67.22,NA,NA,NA,NA,NA,NA,NA,NA,NA,NA,NA
"series",6,"precip",1,2024,112.83,NA,NA,NA,NA,NA,NA,NA,NA,NA,NA,NA
"series",6,"precip",1,2025,4.61816666666667,NA,NA,NA,NA,NA,NA,NA,NA,NA,NA,NA
"regression_segment",6,"precip",1,NA,NA,1,2007,2025,19,-1334.2311,0.692370467836257,0.6819,NA,NA,NA,NA
"variance_segment",6,"precip",1,NA,NA,1,2007,2025,19,NA,NA,NA,61.5877631578947,38.5806351264796,NA,NA
"series",6,"precip",2,2006,6.76,NA,NA,NA,NA,NA,NA,NA,NA,NA,NA,NA
"series",6,"precip",2,2007,19.78,NA,NA,NA,NA,NA,NA,NA,NA,NA,NA,NA
"series",6,"precip",2,2008,16.74,NA,NA,NA,NA,NA,NA,NA,NA,NA,NA,NA
"series",6,"precip",2,2009,44.42,NA,NA,NA,NA,NA,NA,NA,NA,NA,NA,NA
"series",6,"precip",2,2010,9.54,NA,NA,NA,NA,NA,NA,NA,NA,NA,NA,NA
"series",6,"precip",2,2011,4.89,NA,NA,NA,NA,NA,NA,NA,NA,NA,NA,NA
"series",6,"precip",2,2012,9.08,NA,NA,NA,NA,NA,NA,NA,NA,NA,NA,NA
"series",6,"precip",2,2013,16.13,NA,NA,NA,NA,NA,NA,NA,NA,NA,NA,NA
"series",6,"precip",2,2014,1.61,NA,NA,NA,NA,NA,NA,NA,NA,NA,NA,NA
"series",6,"precip",2,2015,27.46,NA,NA,NA,NA,NA,NA,NA,NA,NA,NA,NA
"series",6,"precip",2,2016,52.73,NA,NA,NA,NA,NA,NA,NA,NA,NA,NA,NA
"series",6,"precip",2,2017,6.63,NA,NA,NA,NA,NA,NA,NA,NA,NA,NA,NA
"series",6,"precip",2,2018,18.21,NA,NA,NA,NA,NA,NA,NA,NA,NA,NA,NA
"series",6,"precip",2,2019,10.6,NA,NA,NA,NA,NA,NA,NA,NA,NA,NA,NA
"series",6,"precip",2,2020,1.43,NA,NA,NA,NA,NA,NA,NA,NA,NA,NA,NA
"series",6,"precip",2,2021,5.75,NA,NA,NA,NA,NA,NA,NA,NA,NA,NA,NA
"series",6,"precip",2,2022,47.14,NA,NA,NA,NA,NA,NA,NA,NA,NA,NA,NA
"series",6,"precip",2,2023,7.05,NA,NA,NA,NA,NA,NA,NA,NA,NA,NA,NA
"series",6,"precip",2,2024,43.41,NA,NA,NA,NA,NA,NA,NA,NA,NA,NA,NA
"series",6,"precip",2,2025,13.97,NA,NA,NA,NA,NA,NA,NA,NA,NA,NA,NA
"regression_segment",6,"precip",2,NA,NA,1,2006,2025,20,-614.139796992481,0.313721804511278,0.6426,NA,NA,NA,NA
"variance_segment",6,"precip",2,NA,NA,1,2006,2025,20,NA,NA,NA,18.1665,16.1555248086252,NA,NA
"series",6,"precip",3,2006,254.97,NA,NA,NA,NA,NA,NA,NA,NA,NA,NA,NA
"series",6,"precip",3,2007,249.33,NA,NA,NA,NA,NA,NA,NA,NA,NA,NA,NA
"series",6,"precip",3,2008,266.7,NA,NA,NA,NA,NA,NA,NA,NA,NA,NA,NA
"series",6,"precip",3,2009,94.73,NA,NA,NA,NA,NA,NA,NA,NA,NA,NA,NA
"series",6,"precip",3,2010,267.65,NA,NA,NA,NA,NA,NA,NA,NA,NA,NA,NA
"series",6,"precip",3,2011,255.92,NA,NA,NA,NA,NA,NA,NA,NA,NA,NA,NA
"series",6,"precip",3,2012,213.99,NA,NA,NA,NA,NA,NA,NA,NA,NA,NA,NA
"series",6,"precip",3,2013,203.4,NA,NA,NA,NA,NA,NA,NA,NA,NA,NA,NA
"series",6,"precip",3,2014,314.4,NA,NA,NA,NA,NA,NA,NA,NA,NA,NA,NA
"series",6,"precip",3,2015,214.26,NA,NA,NA,NA,NA,NA,NA,NA,NA,NA,NA
"series",6,"precip",3,2016,211.27,NA,NA,NA,NA,NA,NA,NA,NA,NA,NA,NA
"series",6,"precip",3,2017,147.31,NA,NA,NA,NA,NA,NA,NA,NA,NA,NA,NA
"series",6,"precip",3,2018,147.28,NA,NA,NA,NA,NA,NA,NA,NA,NA,NA,NA
"series",6,"precip",3,2019,226.13,NA,NA,NA,NA,NA,NA,NA,NA,NA,NA,NA
"series",6,"precip",3,2020,81.79,NA,NA,NA,NA,NA,NA,NA,NA,NA,NA,NA
"series",6,"precip",3,2021,297.25,NA,NA,NA,NA,NA,NA,NA,NA,NA,NA,NA
"series",6,"precip",3,2022,239.55,NA,NA,NA,NA,NA,NA,NA,NA,NA,NA,NA
"series",6,"precip",3,2023,83.06,NA,NA,NA,NA,NA,NA,NA,NA,NA,NA,NA
"series",6,"precip",3,2024,120.79,NA,NA,NA,NA,NA,NA,NA,NA,NA,NA,NA
"series",6,"precip",3,2025,122.37,NA,NA,NA,NA,NA,NA,NA,NA,NA,NA,NA
"regression_segment",6,"precip",3,NA,NA,1,2006,2025,20,11593.4409849624,-5.65260902255639,0.0403,NA,NA,NA,NA
"variance_segment",6,"precip",3,NA,NA,1,2006,2025,20,NA,NA,NA,200.6075,72.3719872293577,NA,NA
"series",6,"precip",4,2007,14.22,NA,NA,NA,NA,NA,NA,NA,NA,NA,NA,NA
"series",6,"precip",4,2008,38.53,NA,NA,NA,NA,NA,NA,NA,NA,NA,NA,NA
"series",6,"precip",4,2009,15.24,NA,NA,NA,NA,NA,NA,NA,NA,NA,NA,NA
"series",6,"precip",4,2010,12.74,NA,NA,NA,NA,NA,NA,NA,NA,NA,NA,NA
"series",6,"precip",4,2011,13.72,NA,NA,NA,NA,NA,NA,NA,NA,NA,NA,NA
"series",6,"precip",4,2012,15.19,NA,NA,NA,NA,NA,NA,NA,NA,NA,NA,NA
"series",6,"precip",4,2013,6.49,NA,NA,NA,NA,NA,NA,NA,NA,NA,NA,NA
"series",6,"precip",4,2014,10.86,NA,NA,NA,NA,NA,NA,NA,NA,NA,NA,NA
"series",6,"precip",4,2015,36.04,NA,NA,NA,NA,NA,NA,NA,NA,NA,NA,NA
"series",6,"precip",4,2016,65.28,NA,NA,NA,NA,NA,NA,NA,NA,NA,NA,NA
"series",6,"precip",4,2017,10.39,NA,NA,NA,NA,NA,NA,NA,NA,NA,NA,NA
"series",6,"precip",4,2018,5.37,NA,NA,NA,NA,NA,NA,NA,NA,NA,NA,NA
"series",6,"precip",4,2019,71.12,NA,NA,NA,NA,NA,NA,NA,NA,NA,NA,NA
"series",6,"precip",4,2020,83.91,NA,NA,NA,NA,NA,NA,NA,NA,NA,NA,NA
"series",6,"precip",4,2021,1.81,NA,NA,NA,NA,NA,NA,NA,NA,NA,NA,NA
"series",6,"precip",4,2022,3.58,NA,NA,NA,NA,NA,NA,NA,NA,NA,NA,NA
"series",6,"precip",4,2023,18.84,NA,NA,NA,NA,NA,NA,NA,NA,NA,NA,NA
"series",6,"precip",4,2024,2.54,NA,NA,NA,NA,NA,NA,NA,NA,NA,NA,NA
"series",6,"precip",4,2025,13.04,NA,NA,NA,NA,NA,NA,NA,NA,NA,NA,NA
"breakpoint",6,"precip",4,NA,NA,NA,NA,NA,NA,NA,NA,NA,NA,NA,"variance",2015.5
"regression_segment",6,"precip",4,NA,NA,1,2007,2025,19,-133.546210526316,0.0777017543859648,0.9427,NA,NA,NA,NA
"variance_segment",6,"precip",4,NA,NA,1,2007,2015.5,9,NA,NA,NA,18.1144444444444,11.2141229161169,NA,NA
"variance_segment",6,"precip",4,NA,NA,2,2015.5,2025,10,NA,NA,NA,27.588,32.3758547892304,NA,NA
"series",7,"precip",1,2007,57.64,NA,NA,NA,NA,NA,NA,NA,NA,NA,NA,NA
"series",7,"precip",1,2008,41.99,NA,NA,NA,NA,NA,NA,NA,NA,NA,NA,NA
"series",7,"precip",1,2009,27.0939166666667,NA,NA,NA,NA,NA,NA,NA,NA,NA,NA,NA
"series",7,"precip",1,2010,102.27,NA,NA,NA,NA,NA,NA,NA,NA,NA,NA,NA
"series",7,"precip",1,2011,15.33,NA,NA,NA,NA,NA,NA,NA,NA,NA,NA,NA
"series",7,"precip",1,2012,45.6,NA,NA,NA,NA,NA,NA,NA,NA,NA,NA,NA
"series",7,"precip",1,2013,65.8139166666667,NA,NA,NA,NA,NA,NA,NA,NA,NA,NA,NA
"series",7,"precip",1,2014,33.88,NA,NA,NA,NA,NA,NA,NA,NA,NA,NA,NA
"series",7,"precip",1,2015,156.13,NA,NA,NA,NA,NA,NA,NA,NA,NA,NA,NA
"series",7,"precip",1,2016,42.35,NA,NA,NA,NA,NA,NA,NA,NA,NA,NA,NA
"series",7,"precip",1,2017,59.5824166666667,NA,NA,NA,NA,NA,NA,NA,NA,NA,NA,NA
"series",7,"precip",1,2018,46.66,NA,NA,NA,NA,NA,NA,NA,NA,NA,NA,NA
"series",7,"precip",1,2019,96.99,NA,NA,NA,NA,NA,NA,NA,NA,NA,NA,NA
"series",7,"precip",1,2020,106.71,NA,NA,NA,NA,NA,NA,NA,NA,NA,NA,NA
"series",7,"precip",1,2021,51.8686666666667,NA,NA,NA,NA,NA,NA,NA,NA,NA,NA,NA
"series",7,"precip",1,2022,30.26,NA,NA,NA,NA,NA,NA,NA,NA,NA,NA,NA
"series",7,"precip",1,2023,70.77,NA,NA,NA,NA,NA,NA,NA,NA,NA,NA,NA
"series",7,"precip",1,2024,114.21,NA,NA,NA,NA,NA,NA,NA,NA,NA,NA,NA
"series",7,"precip",1,2025,5.65675,NA,NA,NA,NA,NA,NA,NA,NA,NA,NA,NA
"regression_segment",7,"precip",1,NA,NA,1,2007,2025,19,-1470.74142807017,0.760100584795321,0.6506,NA,NA,NA,NA
"variance_segment",7,"precip",1,NA,NA,1,2007,2025,19,NA,NA,NA,61.621350877193,38.2299886875149,NA,NA
"series",7,"precip",2,2006,6.03,NA,NA,NA,NA,NA,NA,NA,NA,NA,NA,NA
"series",7,"precip",2,2007,23.49,NA,NA,NA,NA,NA,NA,NA,NA,NA,NA,NA
"series",7,"precip",2,2008,16.85,NA,NA,NA,NA,NA,NA,NA,NA,NA,NA,NA
"series",7,"precip",2,2009,42.09,NA,NA,NA,NA,NA,NA,NA,NA,NA,NA,NA
"series",7,"precip",2,2010,9.85,NA,NA,NA,NA,NA,NA,NA,NA,NA,NA,NA
"series",7,"precip",2,2011,4.45,NA,NA,NA,NA,NA,NA,NA,NA,NA,NA,NA
"series",7,"precip",2,2012,9.24,NA,NA,NA,NA,NA,NA,NA,NA,NA,NA,NA
"series",7,"precip",2,2013,17.28,NA,NA,NA,NA,NA,NA,NA,NA,NA,NA,NA
"series",7,"precip",2,2014,1.5,NA,NA,NA,NA,NA,NA,NA,NA,NA,NA,NA
"series",7,"precip",2,2015,27.4,NA,NA,NA,NA,NA,NA,NA,NA,NA,NA,NA
"series",7,"precip",2,2016,56.89,NA,NA,NA,NA,NA,NA,NA,NA,NA,NA,NA
"series",7,"precip",2,2017,4.14,NA,NA,NA,NA,NA,NA,NA,NA,NA,NA,NA
"series",7,"precip",2,2018,12.2,NA,NA,NA,NA,NA,NA,NA,NA,NA,NA,NA
"series",7,"precip",2,2019,14.79,NA,NA,NA,NA,NA,NA,NA,NA,NA,NA,NA
"series",7,"precip",2,2020,2.09,NA,NA,NA,NA,NA,NA,NA,NA,NA,NA,NA
"series",7,"precip",2,2021,4.86,NA,NA,NA,NA,NA,NA,NA,NA,NA,NA,NA
"series",7,"precip",2,2022,44.01,NA,NA,NA,NA,NA,NA,NA,NA,NA,NA,NA
"series",7,"precip",2,2023,7.29,NA,NA,NA,NA,NA,NA,NA,NA,NA,NA,NA
"series",7,"precip",2,2024,46.71,NA,NA,NA,NA,NA,NA,NA,NA,NA,NA,NA
"series",7,"precip",2,2025,13.98,NA,NA,NA,NA,NA,NA,NA,NA,NA,NA,NA
"regression_segment",7,"precip",2,NA,NA,1,2006,2025,20,-591.06047368421,0.302315789473684,0.6509,NA,NA,NA,NA
"variance_segment",7,"precip",2,NA,NA,1,2006,2025,20,NA,NA,NA,18.257,16.6188761099508,NA,NA
"series",7,"precip",3,2006,258.73,NA,NA,NA,NA,NA,NA,NA,NA,NA,NA,NA
"series",7,"precip",3,2007,238.24,NA,NA,NA,NA,NA,NA,NA,NA,NA,NA,NA
"series",7,"precip",3,2008,264.11,NA,NA,NA,NA,NA,NA,NA,NA,NA,NA,NA
"series",7,"precip",3,2009,89.74,NA,NA,NA,NA,NA,NA,NA,NA,NA,NA,NA
"series",7,"precip",3,2010,251.65,NA,NA,NA,NA,NA,NA,NA,NA,NA,NA,NA
"series",7,"precip",3,2011,245.49,NA,NA,NA,NA,NA,NA,NA,NA,NA,NA,NA
"series",7,"precip",3,2012,205.5,NA,NA,NA,NA,NA,NA,NA,NA,NA,NA,NA
"series",7,"precip",3,2013,200.42,NA,NA,NA,NA,NA,NA,NA,NA,NA,NA,NA
"series",7,"precip",3,2014,313.58,NA,NA,NA,NA,NA,NA,NA,NA,NA,NA,NA
"series",7,"precip",3,2015,217.89,NA,NA,NA,NA,NA,NA,NA,NA,NA,NA,NA
"series",7,"precip",3,2016,200.18,NA,NA,NA,NA,NA,NA,NA,NA,NA,NA,NA
"series",7,"precip",3,2017,146.62,NA,NA,NA,NA,NA,NA,NA,NA,NA,NA,NA
"series",7,"precip",3,2018,147.95,NA,NA,NA,NA,NA,NA,NA,NA,NA,NA,NA
"series",7,"precip",3,2019,223.33,NA,NA,NA,NA,NA,NA,NA,NA,NA,NA,NA
"series",7,"precip",3,2020,85.83,NA,NA,NA,NA,NA,NA,NA,NA,NA,NA,NA
"series",7,"precip",3,2021,298.03,NA,NA,NA,NA,NA,NA,NA,NA,NA,NA,NA
"series",7,"precip",3,2022,230.6,NA,NA,NA,NA,NA,NA,NA,NA,NA,NA,NA
"series",7,"precip",3,2023,90.49,NA,NA,NA,NA,NA,NA,NA,NA,NA,NA,NA
"series",7,"precip",3,2024,127.42,NA,NA,NA,NA,NA,NA,NA,NA,NA,NA,NA
"series",7,"precip",3,2025,124.13,NA,NA,NA,NA,NA,NA,NA,NA,NA,NA,NA
"breakpoint",7,"precip",3,NA,NA,NA,NA,NA,NA,NA,NA,NA,NA,NA,"variance",2011.5
"breakpoint",7,"precip",3,NA,NA,NA,NA,NA,NA,NA,NA,NA,NA,NA,"variance",2013.5
"regression_segment",7,"precip",3,NA,NA,1,2006,2025,20,10498.7926842105,-5.11078947368421,0.0554,NA,NA,NA,NA
"variance_segment",7,"precip",3,NA,NA,1,2006,2011.5,6,NA,NA,NA,224.66,66.7341579702629,NA,NA
"variance_segment",7,"precip",3,NA,NA,2,2011.5,2013.5,2,NA,NA,NA,202.96,3.59210244842767,NA,NA
"variance_segment",7,"precip",3,NA,NA,3,2013.5,2025,12,NA,NA,NA,183.8375,75.5502740654436,NA,NA
"series",7,"precip",4,2007,14.08,NA,NA,NA,NA,NA,NA,NA,NA,NA,NA,NA
"series",7,"precip",4,2008,39.21,NA,NA,NA,NA,NA,NA,NA,NA,NA,NA,NA
"series",7,"precip",4,2009,15.86,NA,NA,NA,NA,NA,NA,NA,NA,NA,NA,NA
"series",7,"precip",4,2010,11.86,NA,NA,NA,NA,NA,NA,NA,NA,NA,NA,NA
"series",7,"precip",4,2011,13.7,NA,NA,NA,NA,NA,NA,NA,NA,NA,NA,NA
"series",7,"precip",4,2012,16.1,NA,NA,NA,NA,NA,NA,NA,NA,NA,NA,NA
"series",7,"precip",4,2013,5.98,NA,NA,NA,NA,NA,NA,NA,NA,NA,NA,NA
"series",7,"precip",4,2014,10.69,NA,NA,NA,NA,NA,NA,NA,NA,NA,NA,NA
"series",7,"precip",4,2015,37.2,NA,NA,NA,NA,NA,NA,NA,NA,NA,NA,NA
"series",7,"precip",4,2016,58.07,NA,NA,NA,NA,NA,NA,NA,NA,NA,NA,NA
"series",7,"precip",4,2017,9.46,NA,NA,NA,NA,NA,NA,NA,NA,NA,NA,NA
"series",7,"precip",4,2018,5.2,NA,NA,NA,NA,NA,NA,NA,NA,NA,NA,NA
"series",7,"precip",4,2019,73.9,NA,NA,NA,NA,NA,NA,NA,NA,NA,NA,NA
"series",7,"precip",4,2020,81.92,NA,NA,NA,NA,NA,NA,NA,NA,NA,NA,NA
"series",7,"precip",4,2021,1.54,NA,NA,NA,NA,NA,NA,NA,NA,NA,NA,NA
"series",7,"precip",4,2022,3.54,NA,NA,NA,NA,NA,NA,NA,NA,NA,NA,NA
"series",7,"precip",4,2023,17.57,NA,NA,NA,NA,NA,NA,NA,NA,NA,NA,NA
"series",7,"precip",4,2024,2.59,NA,NA,NA,NA,NA,NA,NA,NA,NA,NA,NA
"series",7,"precip",4,2025,14.38,NA,NA,NA,NA,NA,NA,NA,NA,NA,NA,NA
"breakpoint",7,"precip",4,NA,NA,NA,NA,NA,NA,NA,NA,NA,NA,NA,"variance",2015.5
"regression_segment",7,"precip",4,NA,NA,1,2007,2025,19,-116.251684210526,0.0689649122807018,0.9466,NA,NA,NA,NA
"variance_segment",7,"precip",4,NA,NA,1,2007,2015.5,9,NA,NA,NA,18.2977777777778,11.7013255421958,NA,NA
"variance_segment",7,"precip",4,NA,NA,2,2015.5,2025,10,NA,NA,NA,26.817,31.6339104443317,NA,NA
"series",1,"vpd",1,2007,0.991667383728156,NA,NA,NA,NA,NA,NA,NA,NA,NA,NA,NA
"series",1,"vpd",1,2008,1.09063759390274,NA,NA,NA,NA,NA,NA,NA,NA,NA,NA,NA
"series",1,"vpd",1,2009,1.3251416362168,NA,NA,NA,NA,NA,NA,NA,NA,NA,NA,NA
"series",1,"vpd",1,2010,0.896466512250568,NA,NA,NA,NA,NA,NA,NA,NA,NA,NA,NA
"series",1,"vpd",1,2011,1.27890508649783,NA,NA,NA,NA,NA,NA,NA,NA,NA,NA,NA
"series",1,"vpd",1,2012,1.19844697106957,NA,NA,NA,NA,NA,NA,NA,NA,NA,NA,NA
"series",1,"vpd",1,2013,1.15716656855018,NA,NA,NA,NA,NA,NA,NA,NA,NA,NA,NA
"series",1,"vpd",1,2014,1.33543177329298,NA,NA,NA,NA,NA,NA,NA,NA,NA,NA,NA
"series",1,"vpd",1,2015,1.01554224676264,NA,NA,NA,NA,NA,NA,NA,NA,NA,NA,NA
"series",1,"vpd",1,2016,1.1401138312454,NA,NA,NA,NA,NA,NA,NA,NA,NA,NA,NA
"series",1,"vpd",1,2017,1.30981422116494,NA,NA,NA,NA,NA,NA,NA,NA,NA,NA,NA
"series",1,"vpd",1,2018,1.22070374152214,NA,NA,NA,NA,NA,NA,NA,NA,NA,NA,NA
"series",1,"vpd",1,2019,0.84644218126069,NA,NA,NA,NA,NA,NA,NA,NA,NA,NA,NA
"series",1,"vpd",1,2020,0.997760079472162,NA,NA,NA,NA,NA,NA,NA,NA,NA,NA,NA
"series",1,"vpd",1,2021,1.20469751300726,NA,NA,NA,NA,NA,NA,NA,NA,NA,NA,NA
"series",1,"vpd",1,2022,1.25455715922494,NA,NA,NA,NA,NA,NA,NA,NA,NA,NA,NA
"series",1,"vpd",1,2023,0.952567101394573,NA,NA,NA,NA,NA,NA,NA,NA,NA,NA,NA
"series",1,"vpd",1,2024,1.09103470938214,NA,NA,NA,NA,NA,NA,NA,NA,NA,NA,NA
"series",1,"vpd",1,2025,1.37160902905846,NA,NA,NA,NA,NA,NA,NA,NA,NA,NA,NA
"regression_segment",1,"vpd",1,NA,NA,1,2007,2025,19,-2.12009422611812,0.00161759857026024,0.8081,NA,NA,NA,NA
"variance_segment",1,"vpd",1,NA,NA,1,2007,2025,19,NA,NA,NA,1.14098449152653,0.157221422750228,NA,NA
"series",1,"vpd",2,2006,2.69456613411389,NA,NA,NA,NA,NA,NA,NA,NA,NA,NA,NA
"series",1,"vpd",2,2007,2.51865221435256,NA,NA,NA,NA,NA,NA,NA,NA,NA,NA,NA
"series",1,"vpd",2,2008,2.52172106108865,NA,NA,NA,NA,NA,NA,NA,NA,NA,NA,NA
"series",1,"vpd",2,2009,2.42453970516585,NA,NA,NA,NA,NA,NA,NA,NA,NA,NA,NA
"series",1,"vpd",2,2010,2.36704497971652,NA,NA,NA,NA,NA,NA,NA,NA,NA,NA,NA
"series",1,"vpd",2,2011,2.66085060263,NA,NA,NA,NA,NA,NA,NA,NA,NA,NA,NA
"series",1,"vpd",2,2012,2.81431389330656,NA,NA,NA,NA,NA,NA,NA,NA,NA,NA,NA
"series",1,"vpd",2,2013,2.63107953805217,NA,NA,NA,NA,NA,NA,NA,NA,NA,NA,NA
"series",1,"vpd",2,2014,2.63161075097619,NA,NA,NA,NA,NA,NA,NA,NA,NA,NA,NA
"series",1,"vpd",2,2015,2.27097574341987,NA,NA,NA,NA,NA,NA,NA,NA,NA,NA,NA
"series",1,"vpd",2,2016,2.5728409849679,NA,NA,NA,NA,NA,NA,NA,NA,NA,NA,NA
"series",1,"vpd",2,2017,2.78018745707907,NA,NA,NA,NA,NA,NA,NA,NA,NA,NA,NA
"series",1,"vpd",2,2018,2.8378235472829,NA,NA,NA,NA,NA,NA,NA,NA,NA,NA,NA
"series",1,"vpd",2,2019,2.43221216771277,NA,NA,NA,NA,NA,NA,NA,NA,NA,NA,NA
"series",1,"vpd",2,2020,2.71013972288119,NA,NA,NA,NA,NA,NA,NA,NA,NA,NA,NA
"series",1,"vpd",2,2021,2.76637141926513,NA,NA,NA,NA,NA,NA,NA,NA,NA,NA,NA
"series",1,"vpd",2,2022,2.76807542456081,NA,NA,NA,NA,NA,NA,NA,NA,NA,NA,NA
"series",1,"vpd",2,2023,2.52728476112605,NA,NA,NA,NA,NA,NA,NA,NA,NA,NA,NA
"series",1,"vpd",2,2024,2.62471847545422,NA,NA,NA,NA,NA,NA,NA,NA,NA,NA,NA
"series",1,"vpd",2,2025,2.640730924339,NA,NA,NA,NA,NA,NA,NA,NA,NA,NA,NA
"breakpoint",1,"vpd",2,NA,NA,NA,NA,NA,NA,NA,NA,NA,NA,NA,"variance",2023.5
"regression_segment",1,"vpd",2,NA,NA,1,2006,2025,20,-11.4418449341917,0.00697178462394755,0.2594,NA,NA,NA,NA
"variance_segment",1,"vpd",2,NA,NA,1,2006,2023.5,18,NA,NA,NA,2.60723833931656,0.163943937735818,NA,NA
"variance_segment",1,"vpd",2,NA,NA,2,2023.5,2025,2,NA,NA,NA,2.63272469989661,0.0113225111898309,NA,NA
"series",1,"vpd",3,2006,1.90248634487832,NA,NA,NA,NA,NA,NA,NA,NA,NA,NA,NA
"series",1,"vpd",3,2007,1.91471078254375,NA,NA,NA,NA,NA,NA,NA,NA,NA,NA,NA
"series",1,"vpd",3,2008,1.72774905966913,NA,NA,NA,NA,NA,NA,NA,NA,NA,NA,NA
"series",1,"vpd",3,2009,2.37158472123095,NA,NA,NA,NA,NA,NA,NA,NA,NA,NA,NA
"series",1,"vpd",3,2010,2.10986567664581,NA,NA,NA,NA,NA,NA,NA,NA,NA,NA,NA
"series",1,"vpd",3,2011,2.19000833433084,NA,NA,NA,NA,NA,NA,NA,NA,NA,NA,NA
"series",1,"vpd",3,2012,2.12582237451748,NA,NA,NA,NA,NA,NA,NA,NA,NA,NA,NA
"series",1,"vpd",3,2013,1.98248030327435,NA,NA,NA,NA,NA,NA,NA,NA,NA,NA,NA
"series",1,"vpd",3,2014,2.03741088736308,NA,NA,NA,NA,NA,NA,NA,NA,NA,NA,NA
"series",1,"vpd",3,2015,2.0979055487579,NA,NA,NA,NA,NA,NA,NA,NA,NA,NA,NA
"series",1,"vpd",3,2016,2.07655755732719,NA,NA,NA,NA,NA,NA,NA,NA,NA,NA,NA
"series",1,"vpd",3,2017,2.22579892753221,NA,NA,NA,NA,NA,NA,NA,NA,NA,NA,NA
"series",1,"vpd",3,2018,2.31813114129354,NA,NA,NA,NA,NA,NA,NA,NA,NA,NA,NA
"series",1,"vpd",3,2019,2.75252618508889,NA,NA,NA,NA,NA,NA,NA,NA,NA,NA,NA
"series",1,"vpd",3,2020,3.13002609902269,NA,NA,NA,NA,NA,NA,NA,NA,NA,NA,NA
"series",1,"vpd",3,2021,1.95525242094912,NA,NA,NA,NA,NA,NA,NA,NA,NA,NA,NA
"series",1,"vpd",3,2022,1.97225791324429,NA,NA,NA,NA,NA,NA,NA,NA,NA,NA,NA
"series",1,"vpd",3,2023,3.29681470906209,NA,NA,NA,NA,NA,NA,NA,NA,NA,NA,NA
"series",1,"vpd",3,2024,2.59811223214341,NA,NA,NA,NA,NA,NA,NA,NA,NA,NA,NA
"series",1,"vpd",3,2025,2.58642890611193,NA,NA,NA,NA,NA,NA,NA,NA,NA,NA,NA
"breakpoint",1,"vpd",3,NA,NA,NA,NA,NA,NA,NA,NA,NA,NA,NA,"regression",2018.5
"breakpoint",1,"vpd",3,NA,NA,NA,NA,NA,NA,NA,NA,NA,NA,NA,"variance",2008.5
"breakpoint",1,"vpd",3,NA,NA,NA,NA,NA,NA,NA,NA,NA,NA,NA,"variance",2018.5
"regression_segment",1,"vpd",3,NA,NA,1,2006,2018,13,-45.1333098418832,0.0234674086100263,0.0713,NA,NA,NA,NA
"regression_segment",1,"vpd",3,NA,NA,2,2019,2025,7,18.5404464011489,-0.0078770458063035,0.9416,NA,NA,NA,NA
"variance_segment",1,"vpd",3,NA,NA,1,2006,2008.5,3,NA,NA,NA,1.84831539569707,0.104592257153482,NA,NA
"variance_segment",1,"vpd",3,NA,NA,2,2008.5,2018.5,10,NA,NA,NA,2.15355654722734,0.122759759105734,NA,NA
"variance_segment",1,"vpd",3,NA,NA,3,2018.5,2025,7,NA,NA,NA,2.6130597808032,0.516155022394605,NA,NA
"series",1,"vpd",4,2007,1.16137967038284,NA,NA,NA,NA,NA,NA,NA,NA,NA,NA,NA
"series",1,"vpd",4,2008,1.30781873236758,NA,NA,NA,NA,NA,NA,NA,NA,NA,NA,NA
"series",1,"vpd",4,2009,1.2717974832648,NA,NA,NA,NA,NA,NA,NA,NA,NA,NA,NA
"series",1,"vpd",4,2010,1.43654930557319,NA,NA,NA,NA,NA,NA,NA,NA,NA,NA,NA
"series",1,"vpd",4,2011,1.07628350881822,NA,NA,NA,NA,NA,NA,NA,NA,NA,NA,NA
"series",1,"vpd",4,2012,1.19700674820413,NA,NA,NA,NA,NA,NA,NA,NA,NA,NA,NA
"series",1,"vpd",4,2013,1.34506150961366,NA,NA,NA,NA,NA,NA,NA,NA,NA,NA,NA
"series",1,"vpd",4,2014,1.19487519306841,NA,NA,NA,NA,NA,NA,NA,NA,NA,NA,NA
"series",1,"vpd",4,2015,1.22504038606665,NA,NA,NA,NA,NA,NA,NA,NA,NA,NA,NA
"series",1,"vpd",4,2016,1.06518587593981,NA,NA,NA,NA,NA,NA,NA,NA,NA,NA,NA
"series",1,"vpd",4,2017,1.30264803267392,NA,NA,NA,NA,NA,NA,NA,NA,NA,NA,NA
"series",1,"vpd",4,2018,1.88218300132723,NA,NA,NA,NA,NA,NA,NA,NA,NA,NA,NA
"series",1,"vpd",4,2019,0.995058850396884,NA,NA,NA,NA,NA,NA,NA,NA,NA,NA,NA
"series",1,"vpd",4,2020,1.12632373181832,NA,NA,NA,NA,NA,NA,NA,NA,NA,NA,NA
"series",1,"vpd",4,2021,1.98157303862952,NA,NA,NA,NA,NA,NA,NA,NA,NA,NA,NA
"series",1,"vpd",4,2022,1.37607712935639,NA,NA,NA,NA,NA,NA,NA,NA,NA,NA,NA
"series",1,"vpd",4,2023,1.02712365411486,NA,NA,NA,NA,NA,NA,NA,NA,NA,NA,NA
"series",1,"vpd",4,2024,1.63163563723343,NA,NA,NA,NA,NA,NA,NA,NA,NA,NA,NA
"series",1,"vpd",4,2025,1.71905138397376,NA,NA,NA,NA,NA,NA,NA,NA,NA,NA,NA
"breakpoint",1,"vpd",4,NA,NA,NA,NA,NA,NA,NA,NA,NA,NA,NA,"regression",2017.5
"breakpoint",1,"vpd",4,NA,NA,NA,NA,NA,NA,NA,NA,NA,NA,NA,"variance",2017.5
"regression_segment",1,"vpd",4,NA,NA,1,2007,2017,11,12.5575190740816,-0.00562755572785668,0.6214,NA,NA,NA,NA
"regression_segment",1,"vpd",4,NA,NA,2,2018,2025,8,-25.9159201461903,0.0135460294086305,0.837,NA,NA,NA,NA
"variance_segment",1,"vpd",4,NA,NA,1,2007,2017.5,11,NA,NA,NA,1.23487694963393,0.11250278497104,NA,NA
"variance_segment",1,"vpd",4,NA,NA,2,2017.5,2025,8,NA,NA,NA,1.4673783033563,0.390666631988499,NA,NA
"series",2,"vpd",1,2007,0.979039822837311,NA,NA,NA,NA,NA,NA,NA,NA,NA,NA,NA
"series",2,"vpd",1,2008,1.07393217906336,NA,NA,NA,NA,NA,NA,NA,NA,NA,NA,NA
"series",2,"vpd",1,2009,1.314643629025,NA,NA,NA,NA,NA,NA,NA,NA,NA,NA,NA
"series",2,"vpd",1,2010,0.854640256014316,NA,NA,NA,NA,NA,NA,NA,NA,NA,NA,NA
"series",2,"vpd",1,2011,1.30832479690567,NA,NA,NA,NA,NA,NA,NA,NA,NA,NA,NA
"series",2,"vpd",1,2012,1.21488077172126,NA,NA,NA,NA,NA,NA,NA,NA,NA,NA,NA
"series",2,"vpd",1,2013,1.15812027110599,NA,NA,NA,NA,NA,NA,NA,NA,NA,NA,NA
"series",2,"vpd",1,2014,1.33219519534281,NA,NA,NA,NA,NA,NA,NA,NA,NA,NA,NA
"series",2,"vpd",1,2015,1.01597570823437,NA,NA,NA,NA,NA,NA,NA,NA,NA,NA,NA
"series",2,"vpd",1,2016,1.14699212779633,NA,NA,NA,NA,NA,NA,NA,NA,NA,NA,NA
"series",2,"vpd",1,2017,1.31824826922913,NA,NA,NA,NA,NA,NA,NA,NA,NA,NA,NA
"series",2,"vpd",1,2018,1.20295906859111,NA,NA,NA,NA,NA,NA,NA,NA,NA,NA,NA
"series",2,"vpd",1,2019,0.836014937165397,NA,NA,NA,NA,NA,NA,NA,NA,NA,NA,NA
"series",2,"vpd",1,2020,1.02544662284904,NA,NA,NA,NA,NA,NA,NA,NA,NA,NA,NA
"series",2,"vpd",1,2021,1.19331912114719,NA,NA,NA,NA,NA,NA,NA,NA,NA,NA,NA
"series",2,"vpd",1,2022,1.23474373422715,NA,NA,NA,NA,NA,NA,NA,NA,NA,NA,NA
"series",2,"vpd",1,2023,0.943734000973188,NA,NA,NA,NA,NA,NA,NA,NA,NA,NA,NA
"series",2,"vpd",1,2024,1.13653099611174,NA,NA,NA,NA,NA,NA,NA,NA,NA,NA,NA
"series",2,"vpd",1,2025,1.38750986858938,NA,NA,NA,NA,NA,NA,NA,NA,NA,NA,NA
"regression_segment",2,"vpd",1,NA,NA,1,2007,2025,19,-4.53923835727707,0.00281753289904956,0.691,NA,NA,NA,NA
"variance_segment",2,"vpd",1,NA,NA,1,2007,2025,19,NA,NA,NA,1.14090796720683,0.163589114625645,NA,NA
"series",2,"vpd",2,2006,2.67444361067223,NA,NA,NA,NA,NA,NA,NA,NA,NA,NA,NA
"series",2,"vpd",2,2007,2.4874421611277,NA,NA,NA,NA,NA,NA,NA,NA,NA,NA,NA
"series",2,"vpd",2,2008,2.50753747335469,NA,NA,NA,NA,NA,NA,NA,NA,NA,NA,NA
"series",2,"vpd",2,2009,2.41467047071323,NA,NA,NA,NA,NA,NA,NA,NA,NA,NA,NA
"series",2,"vpd",2,2010,2.29952446523632,NA,NA,NA,NA,NA,NA,NA,NA,NA,NA,NA
"series",2,"vpd",2,2011,2.65407078589216,NA,NA,NA,NA,NA,NA,NA,NA,NA,NA,NA
"series",2,"vpd",2,2012,2.8103208857274,NA,NA,NA,NA,NA,NA,NA,NA,NA,NA,NA
"series",2,"vpd",2,2013,2.61883265396681,NA,NA,NA,NA,NA,NA,NA,NA,NA,NA,NA
"series",2,"vpd",2,2014,2.60376824921827,NA,NA,NA,NA,NA,NA,NA,NA,NA,NA,NA
"series",2,"vpd",2,2015,2.21078291676418,NA,NA,NA,NA,NA,NA,NA,NA,NA,NA,NA
"series",2,"vpd",2,2016,2.54678894079776,NA,NA,NA,NA,NA,NA,NA,NA,NA,NA,NA
"series",2,"vpd",2,2017,2.75491995776071,NA,NA,NA,NA,NA,NA,NA,NA,NA,NA,NA
"series",2,"vpd",2,2018,2.80623834910704,NA,NA,NA,NA,NA,NA,NA,NA,NA,NA,NA
"series",2,"vpd",2,2019,2.40502128749791,NA,NA,NA,NA,NA,NA,NA,NA,NA,NA,NA
"series",2,"vpd",2,2020,2.68186803198859,NA,NA,NA,NA,NA,NA,NA,NA,NA,NA,NA
"series",2,"vpd",2,2021,2.74636816702624,NA,NA,NA,NA,NA,NA,NA,NA,NA,NA,NA
"series",2,"vpd",2,2022,2.74180583120794,NA,NA,NA,NA,NA,NA,NA,NA,NA,NA,NA
"series",2,"vpd",2,2023,2.5033253542056,NA,NA,NA,NA,NA,NA,NA,NA,NA,NA,NA
"series",2,"vpd",2,2024,2.60165079852478,NA,NA,NA,NA,NA,NA,NA,NA,NA,NA,NA
"series",2,"vpd",2,2025,2.61014329641799,NA,NA,NA,NA,NA,NA,NA,NA,NA,NA,NA
"breakpoint",2,"vpd",2,NA,NA,NA,NA,NA,NA,NA,NA,NA,NA,NA,"variance",2023.5
"regression_segment",2,"vpd",2,NA,NA,1,2006,2025,20,-11.0005955550899,0.00674005047851665,0.2994,NA,NA,NA,NA
"variance_segment",2,"vpd",2,NA,NA,1,2006,2023.5,18,NA,NA,NA,2.5815405329036,0.173076024802384,NA,NA
"variance_segment",2,"vpd",2,NA,NA,2,2023.5,2025,2,NA,NA,NA,2.60589704747138,0.00600510284950326,NA,NA
"series",2,"vpd",3,2006,1.8664512162003,NA,NA,NA,NA,NA,NA,NA,NA,NA,NA,NA
"series",2,"vpd",3,2007,1.90101936576445,NA,NA,NA,NA,NA,NA,NA,NA,NA,NA,NA
"series",2,"vpd",3,2008,1.68649702609468,NA,NA,NA,NA,NA,NA,NA,NA,NA,NA,NA
"series",2,"vpd",3,2009,2.28722610443659,NA,NA,NA,NA,NA,NA,NA,NA,NA,NA,NA
"series",2,"vpd",3,2010,2.05880702526655,NA,NA,NA,NA,NA,NA,NA,NA,NA,NA,NA
"series",2,"vpd",3,2011,2.24855665574079,NA,NA,NA,NA,NA,NA,NA,NA,NA,NA,NA
"series",2,"vpd",3,2012,1.99967379084739,NA,NA,NA,NA,NA,NA,NA,NA,NA,NA,NA
"series",2,"vpd",3,2013,1.93647169377024,NA,NA,NA,NA,NA,NA,NA,NA,NA,NA,NA
"series",2,"vpd",3,2014,1.94401710305159,NA,NA,NA,NA,NA,NA,NA,NA,NA,NA,NA
"series",2,"vpd",3,2015,2.21600268122177,NA,NA,NA,NA,NA,NA,NA,NA,NA,NA,NA
"series",2,"vpd",3,2016,2.00392391903006,NA,NA,NA,NA,NA,NA,NA,NA,NA,NA,NA
"series",2,"vpd",3,2017,2.12691303592559,NA,NA,NA,NA,NA,NA,NA,NA,NA,NA,NA
"series",2,"vpd",3,2018,2.26092545302011,NA,NA,NA,NA,NA,NA,NA,NA,NA,NA,NA
"series",2,"vpd",3,2019,2.78225209601515,NA,NA,NA,NA,NA,NA,NA,NA,NA,NA,NA
"series",2,"vpd",3,2020,3.16471194958494,NA,NA,NA,NA,NA,NA,NA,NA,NA,NA,NA
"series",2,"vpd",3,2021,1.90447450656277,NA,NA,NA,NA,NA,NA,NA,NA,NA,NA,NA
"series",2,"vpd",3,2022,1.96075052621871,NA,NA,NA,NA,NA,NA,NA,NA,NA,NA,NA
"series",2,"vpd",3,2023,3.2673534212257,NA,NA,NA,NA,NA,NA,NA,NA,NA,NA,NA
"series",2,"vpd",3,2024,2.48483700341475,NA,NA,NA,NA,NA,NA,NA,NA,NA,NA,NA
"series",2,"vpd",3,2025,2.52673868083561,NA,NA,NA,NA,NA,NA,NA,NA,NA,NA,NA
"breakpoint",2,"vpd",3,NA,NA,NA,NA,NA,NA,NA,NA,NA,NA,NA,"regression",2018.5
"breakpoint",2,"vpd",3,NA,NA,NA,NA,NA,NA,NA,NA,NA,NA,NA,"variance",2008.5
"breakpoint",2,"vpd",3,NA,NA,NA,NA,NA,NA,NA,NA,NA,NA,NA,"variance",2018.5
"regression_segment",2,"vpd",3,NA,NA,1,2006,2018,13,-42.2966482366266,0.0220367377330829,0.0971,NA,NA,NA,NA
"regression_segment",2,"vpd",3,NA,NA,2,2019,2025,7,57.7136416456548,-0.0272646865434313,0.7896,NA,NA,NA,NA
"variance_segment",2,"vpd",3,NA,NA,1,2006,2008.5,3,NA,NA,NA,1.81798920268648,0.115179788243027,NA,NA
"variance_segment",2,"vpd",3,NA,NA,2,2008.5,2018.5,10,NA,NA,NA,2.10825174623107,0.136863561336557,NA,NA
"variance_segment",2,"vpd",3,NA,NA,3,2018.5,2025,7,NA,NA,NA,2.5844454548368,0.53335537443308,NA,NA
"series",2,"vpd",4,2007,1.14478881108683,NA,NA,NA,NA,NA,NA,NA,NA,NA,NA,NA
"series",2,"vpd",4,2008,1.33792582950991,NA,NA,NA,NA,NA,NA,NA,NA,NA,NA,NA
"series",2,"vpd",4,2009,1.24898696565692,NA,NA,NA,NA,NA,NA,NA,NA,NA,NA,NA
"series",2,"vpd",4,2010,1.41025345891564,NA,NA,NA,NA,NA,NA,NA,NA,NA,NA,NA
"series",2,"vpd",4,2011,1.10652688539014,NA,NA,NA,NA,NA,NA,NA,NA,NA,NA,NA
"series",2,"vpd",4,2012,1.20258681947314,NA,NA,NA,NA,NA,NA,NA,NA,NA,NA,NA
"series",2,"vpd",4,2013,1.34798871752819,NA,NA,NA,NA,NA,NA,NA,NA,NA,NA,NA
"series",2,"vpd",4,2014,1.17879015762455,NA,NA,NA,NA,NA,NA,NA,NA,NA,NA,NA
"series",2,"vpd",4,2015,1.20218459922111,NA,NA,NA,NA,NA,NA,NA,NA,NA,NA,NA
"series",2,"vpd",4,2016,1.06585799557913,NA,NA,NA,NA,NA,NA,NA,NA,NA,NA,NA
"series",2,"vpd",4,2017,1.28481269590714,NA,NA,NA,NA,NA,NA,NA,NA,NA,NA,NA
"series",2,"vpd",4,2018,1.84225621690637,NA,NA,NA,NA,NA,NA,NA,NA,NA,NA,NA
"series",2,"vpd",4,2019,1.02513662514138,NA,NA,NA,NA,NA,NA,NA,NA,NA,NA,NA
"series",2,"vpd",4,2020,1.12079253409871,NA,NA,NA,NA,NA,NA,NA,NA,NA,NA,NA
"series",2,"vpd",4,2021,2.05955013327613,NA,NA,NA,NA,NA,NA,NA,NA,NA,NA,NA
"series",2,"vpd",4,2022,1.36396892328969,NA,NA,NA,NA,NA,NA,NA,NA,NA,NA,NA
"series",2,"vpd",4,2023,1.00989076604987,NA,NA,NA,NA,NA,NA,NA,NA,NA,NA,NA
"series",2,"vpd",4,2024,1.77907544300872,NA,NA,NA,NA,NA,NA,NA,NA,NA,NA,NA
"series",2,"vpd",4,2025,1.67869778669983,NA,NA,NA,NA,NA,NA,NA,NA,NA,NA,NA
"breakpoint",2,"vpd",4,NA,NA,NA,NA,NA,NA,NA,NA,NA,NA,NA,"regression",2017.5
"breakpoint",2,"vpd",4,NA,NA,NA,NA,NA,NA,NA,NA,NA,NA,NA,"variance",2017.5
"regression_segment",2,"vpd",4,NA,NA,1,2007,2017,11,14.9486807043784,-0.00681839801248284,0.5322,NA,NA,NA,NA
"regression_segment",2,"vpd",4,NA,NA,2,2018,2025,8,-36.9355771206884,0.0190059352828332,0.7825,NA,NA,NA,NA
"variance_segment",2,"vpd",4,NA,NA,1,2007,2017.5,11,NA,NA,NA,1.23006390326297,0.107248451958029,NA,NA
"variance_segment",2,"vpd",4,NA,NA,2,2017.5,2025,8,NA,NA,NA,1.48492105355884,0.408173232923696,NA,NA
"series",4,"vpd",1,2007,0.976076838383721,NA,NA,NA,NA,NA,NA,NA,NA,NA,NA,NA
"series",4,"vpd",1,2008,1.03558089227455,NA,NA,NA,NA,NA,NA,NA,NA,NA,NA,NA
"series",4,"vpd",1,2009,1.24182229634353,NA,NA,NA,NA,NA,NA,NA,NA,NA,NA,NA
"series",4,"vpd",1,2010,0.804300053360428,NA,NA,NA,NA,NA,NA,NA,NA,NA,NA,NA
"series",4,"vpd",1,2011,1.2552960832091,NA,NA,NA,NA,NA,NA,NA,NA,NA,NA,NA
"series",4,"vpd",1,2012,1.18912145794813,NA,NA,NA,NA,NA,NA,NA,NA,NA,NA,NA
"series",4,"vpd",1,2013,1.18599091773714,NA,NA,NA,NA,NA,NA,NA,NA,NA,NA,NA
"series",4,"vpd",1,2014,1.33145907045332,NA,NA,NA,NA,NA,NA,NA,NA,NA,NA,NA
"series",4,"vpd",1,2015,1.08172922768431,NA,NA,NA,NA,NA,NA,NA,NA,NA,NA,NA
"series",4,"vpd",1,2016,1.05560183835826,NA,NA,NA,NA,NA,NA,NA,NA,NA,NA,NA
"series",4,"vpd",1,2017,1.2037752608383,NA,NA,NA,NA,NA,NA,NA,NA,NA,NA,NA
"series",4,"vpd",1,2018,1.11776384699358,NA,NA,NA,NA,NA,NA,NA,NA,NA,NA,NA
"series",4,"vpd",1,2019,0.842121292394466,NA,NA,NA,NA,NA,NA,NA,NA,NA,NA,NA
"series",4,"vpd",1,2020,0.93350239342271,NA,NA,NA,NA,NA,NA,NA,NA,NA,NA,NA
"series",4,"vpd",1,2021,1.16135955822371,NA,NA,NA,NA,NA,NA,NA,NA,NA,NA,NA
"series",4,"vpd",1,2022,1.19552987274994,NA,NA,NA,NA,NA,NA,NA,NA,NA,NA,NA
"series",4,"vpd",1,2023,0.96971277546851,NA,NA,NA,NA,NA,NA,NA,NA,NA,NA,NA
"series",4,"vpd",1,2024,1.10699584443739,NA,NA,NA,NA,NA,NA,NA,NA,NA,NA,NA
"series",4,"vpd",1,2025,1.36957577586845,NA,NA,NA,NA,NA,NA,NA,NA,NA,NA,NA
"regression_segment",4,"vpd",1,NA,NA,1,2007,2025,19,-4.99740668010293,0.00302861430185112,0.6559,NA,NA,NA,NA
"variance_segment",4,"vpd",1,NA,NA,1,2007,2025,19,NA,NA,NA,1.10827975242892,0.154377247210621,NA,NA
"series",4,"vpd",2,2006,2.58933809937302,NA,NA,NA,NA,NA,NA,NA,NA,NA,NA,NA
"series",4,"vpd",2,2007,2.42263265421629,NA,NA,NA,NA,NA,NA,NA,NA,NA,NA,NA
"series",4,"vpd",2,2008,2.44300203661989,NA,NA,NA,NA,NA,NA,NA,NA,NA,NA,NA
"series",4,"vpd",2,2009,2.34759941736411,NA,NA,NA,NA,NA,NA,NA,NA,NA,NA,NA
"series",4,"vpd",2,2010,2.22260302565426,NA,NA,NA,NA,NA,NA,NA,NA,NA,NA,NA
"series",4,"vpd",2,2011,2.59452894152256,NA,NA,NA,NA,NA,NA,NA,NA,NA,NA,NA
"series",4,"vpd",2,2012,2.75603577825762,NA,NA,NA,NA,NA,NA,NA,NA,NA,NA,NA
"series",4,"vpd",2,2013,2.60210896076215,NA,NA,NA,NA,NA,NA,NA,NA,NA,NA,NA
"series",4,"vpd",2,2014,2.54012946371343,NA,NA,NA,NA,NA,NA,NA,NA,NA,NA,NA
"series",4,"vpd",2,2015,2.30035665376501,NA,NA,NA,NA,NA,NA,NA,NA,NA,NA,NA
"series",4,"vpd",2,2016,2.47491560583803,NA,NA,NA,NA,NA,NA,NA,NA,NA,NA,NA
"series",4,"vpd",2,2017,2.68118751305639,NA,NA,NA,NA,NA,NA,NA,NA,NA,NA,NA
"series",4,"vpd",2,2018,2.71208096551165,NA,NA,NA,NA,NA,NA,NA,NA,NA,NA,NA
"series",4,"vpd",2,2019,2.31870578990707,NA,NA,NA,NA,NA,NA,NA,NA,NA,NA,NA
"series",4,"vpd",2,2020,2.50945702626356,NA,NA,NA,NA,NA,NA,NA,NA,NA,NA,NA
"series",4,"vpd",2,2021,2.68938147909576,NA,NA,NA,NA,NA,NA,NA,NA,NA,NA,NA
"series",4,"vpd",2,2022,2.67842317641975,NA,NA,NA,NA,NA,NA,NA,NA,NA,NA,NA
"series",4,"vpd",2,2023,2.44656409583234,NA,NA,NA,NA,NA,NA,NA,NA,NA,NA,NA
"series",4,"vpd",2,2024,2.5298520561593,NA,NA,NA,NA,NA,NA,NA,NA,NA,NA,NA
"series",4,"vpd",2,2025,2.54413303511546,NA,NA,NA,NA,NA,NA,NA,NA,NA,NA,NA
"breakpoint",4,"vpd",2,NA,NA,NA,NA,NA,NA,NA,NA,NA,NA,NA,"variance",2023.5
"regression_segment",4,"vpd",2,NA,NA,1,2006,2025,20,-9.25941875184856,0.00584449046914956,0.3234,NA,NA,NA,NA
"variance_segment",4,"vpd",2,NA,NA,1,2006,2023.5,18,NA,NA,NA,2.5182805935096,0.157126539700513,NA,NA
"variance_segment",4,"vpd",2,NA,NA,2,2023.5,2025,2,NA,NA,NA,2.53699254563738,0.0100981770618831,NA,NA
"series",4,"vpd",3,2006,1.76222378489544,NA,NA,NA,NA,NA,NA,NA,NA,NA,NA,NA
"series",4,"vpd",3,2007,1.79558298550471,NA,NA,NA,NA,NA,NA,NA,NA,NA,NA,NA
"series",4,"vpd",3,2008,1.5730632905132,NA,NA,NA,NA,NA,NA,NA,NA,NA,NA,NA
"series",4,"vpd",3,2009,2.07786272629912,NA,NA,NA,NA,NA,NA,NA,NA,NA,NA,NA
"series",4,"vpd",3,2010,1.98738167926455,NA,NA,NA,NA,NA,NA,NA,NA,NA,NA,NA
"series",4,"vpd",3,2011,2.17699859825177,NA,NA,NA,NA,NA,NA,NA,NA,NA,NA,NA
"series",4,"vpd",3,2012,2.1444998242151,NA,NA,NA,NA,NA,NA,NA,NA,NA,NA,NA
"series",4,"vpd",3,2013,1.67654144157399,NA,NA,NA,NA,NA,NA,NA,NA,NA,NA,NA
"series",4,"vpd",3,2014,1.80268305327097,NA,NA,NA,NA,NA,NA,NA,NA,NA,NA,NA
"series",4,"vpd",3,2015,1.75396017758748,NA,NA,NA,NA,NA,NA,NA,NA,NA,NA,NA
"series",4,"vpd",3,2016,1.91030085559814,NA,NA,NA,NA,NA,NA,NA,NA,NA,NA,NA
"series",4,"vpd",3,2017,1.98569342494309,NA,NA,NA,NA,NA,NA,NA,NA,NA,NA,NA
"series",4,"vpd",3,2018,2.15051266654069,NA,NA,NA,NA,NA,NA,NA,NA,NA,NA,NA
"series",4,"vpd",3,2019,2.61846138993016,NA,NA,NA,NA,NA,NA,NA,NA,NA,NA,NA
"series",4,"vpd",3,2020,2.45853518088978,NA,NA,NA,NA,NA,NA,NA,NA,NA,NA,NA
"series",4,"vpd",3,2021,1.99892785178753,NA,NA,NA,NA,NA,NA,NA,NA,NA,NA,NA
"series",4,"vpd",3,2022,1.83427641244763,NA,NA,NA,NA,NA,NA,NA,NA,NA,NA,NA
"series",4,"vpd",3,2023,2.72003423570413,NA,NA,NA,NA,NA,NA,NA,NA,NA,NA,NA
"series",4,"vpd",3,2024,2.32659076812401,NA,NA,NA,NA,NA,NA,NA,NA,NA,NA,NA
"series",4,"vpd",3,2025,2.16477171318594,NA,NA,NA,NA,NA,NA,NA,NA,NA,NA,NA
"regression_segment",4,"vpd",3,NA,NA,1,2006,2025,20,-58.2179308178938,0.0299002113227091,0.0104,NA,NA,NA,NA
"variance_segment",4,"vpd",3,NA,NA,1,2006,2025,20,NA,NA,NA,2.04594510302637,0.308159645346111,NA,NA
"series",4,"vpd",4,2007,1.09284958897718,NA,NA,NA,NA,NA,NA,NA,NA,NA,NA,NA
"series",4,"vpd",4,2008,1.42008044668358,NA,NA,NA,NA,NA,NA,NA,NA,NA,NA,NA
"series",4,"vpd",4,2009,1.2081643871573,NA,NA,NA,NA,NA,NA,NA,NA,NA,NA,NA
"series",4,"vpd",4,2010,1.24588758947804,NA,NA,NA,NA,NA,NA,NA,NA,NA,NA,NA
"series",4,"vpd",4,2011,1.03986531833838,NA,NA,NA,NA,NA,NA,NA,NA,NA,NA,NA
"series",4,"vpd",4,2012,1.19655214801061,NA,NA,NA,NA,NA,NA,NA,NA,NA,NA,NA
"series",4,"vpd",4,2013,1.28582937641845,NA,NA,NA,NA,NA,NA,NA,NA,NA,NA,NA
"series",4,"vpd",4,2014,1.11632352841714,NA,NA,NA,NA,NA,NA,NA,NA,NA,NA,NA
"series",4,"vpd",4,2015,1.1356234180399,NA,NA,NA,NA,NA,NA,NA,NA,NA,NA,NA
"series",4,"vpd",4,2016,1.01909924024967,NA,NA,NA,NA,NA,NA,NA,NA,NA,NA,NA
"series",4,"vpd",4,2017,1.24132908781196,NA,NA,NA,NA,NA,NA,NA,NA,NA,NA,NA
"series",4,"vpd",4,2018,1.58744243379129,NA,NA,NA,NA,NA,NA,NA,NA,NA,NA,NA
"series",4,"vpd",4,2019,0.92747126007402,NA,NA,NA,NA,NA,NA,NA,NA,NA,NA,NA
"series",4,"vpd",4,2020,1.0523930807819,NA,NA,NA,NA,NA,NA,NA,NA,NA,NA,NA
"series",4,"vpd",4,2021,1.48509729237538,NA,NA,NA,NA,NA,NA,NA,NA,NA,NA,NA
"series",4,"vpd",4,2022,1.25105689820655,NA,NA,NA,NA,NA,NA,NA,NA,NA,NA,NA
"series",4,"vpd",4,2023,0.988690458004666,NA,NA,NA,NA,NA,NA,NA,NA,NA,NA,NA
"series",4,"vpd",4,2024,1.40759471981276,NA,NA,NA,NA,NA,NA,NA,NA,NA,NA,NA
"series",4,"vpd",4,2025,1.49561841499296,NA,NA,NA,NA,NA,NA,NA,NA,NA,NA,NA
"breakpoint",4,"vpd",4,NA,NA,NA,NA,NA,NA,NA,NA,NA,NA,NA,"variance",2017.5
"regression_segment",4,"vpd",4,NA,NA,1,2007,2025,19,-11.6607269035889,0.00638969245655311,0.4346,NA,NA,NA,NA
"variance_segment",4,"vpd",4,NA,NA,1,2007,2017.5,11,NA,NA,NA,1.1819640117802,0.117094678140587,NA,NA
"variance_segment",4,"vpd",4,NA,NA,2,2017.5,2025,8,NA,NA,NA,1.27442056975494,0.256595511890722,NA,NA
"series",6,"vpd",1,2007,1.00673020862075,NA,NA,NA,NA,NA,NA,NA,NA,NA,NA,NA
"series",6,"vpd",1,2008,1.09240217294099,NA,NA,NA,NA,NA,NA,NA,NA,NA,NA,NA
"series",6,"vpd",1,2009,1.3281892258007,NA,NA,NA,NA,NA,NA,NA,NA,NA,NA,NA
"series",6,"vpd",1,2010,0.902552044032516,NA,NA,NA,NA,NA,NA,NA,NA,NA,NA,NA
"series",6,"vpd",1,2011,1.26282175099809,NA,NA,NA,NA,NA,NA,NA,NA,NA,NA,NA
"series",6,"vpd",1,2012,1.19603311399085,NA,NA,NA,NA,NA,NA,NA,NA,NA,NA,NA
"series",6,"vpd",1,2013,1.15108766741139,NA,NA,NA,NA,NA,NA,NA,NA,NA,NA,NA
"series",6,"vpd",1,2014,1.33126877124075,NA,NA,NA,NA,NA,NA,NA,NA,NA,NA,NA
"series",6,"vpd",1,2015,1.01076982209103,NA,NA,NA,NA,NA,NA,NA,NA,NA,NA,NA
"series",6,"vpd",1,2016,1.12863778579377,NA,NA,NA,NA,NA,NA,NA,NA,NA,NA,NA
"series",6,"vpd",1,2017,1.31204321534127,NA,NA,NA,NA,NA,NA,NA,NA,NA,NA,NA
"series",6,"vpd",1,2018,1.216632132991,NA,NA,NA,NA,NA,NA,NA,NA,NA,NA,NA
"series",6,"vpd",1,2019,0.842994844437496,NA,NA,NA,NA,NA,NA,NA,NA,NA,NA,NA
"series",6,"vpd",1,2020,1.00283334530248,NA,NA,NA,NA,NA,NA,NA,NA,NA,NA,NA
"series",6,"vpd",1,2021,1.21593086706105,NA,NA,NA,NA,NA,NA,NA,NA,NA,NA,NA
"series",6,"vpd",1,2022,1.26363586239273,NA,NA,NA,NA,NA,NA,NA,NA,NA,NA,NA
"series",6,"vpd",1,2023,0.97580073101943,NA,NA,NA,NA,NA,NA,NA,NA,NA,NA,NA
"series",6,"vpd",1,2024,1.09398820114345,NA,NA,NA,NA,NA,NA,NA,NA,NA,NA,NA
"series",6,"vpd",1,2025,1.37867797926228,NA,NA,NA,NA,NA,NA,NA,NA,NA,NA,NA
"regression_segment",6,"vpd",1,NA,NA,1,2007,2025,19,-3.1030809594383,0.00210608730083542,0.7544,NA,NA,NA,NA
"variance_segment",6,"vpd",1,NA,NA,1,2007,2025,19,NA,NA,NA,1.1427910390459,0.155104140819766,NA,NA
"series",6,"vpd",2,2006,2.71037364910184,NA,NA,NA,NA,NA,NA,NA,NA,NA,NA,NA
"series",6,"vpd",2,2007,2.53694627046105,NA,NA,NA,NA,NA,NA,NA,NA,NA,NA,NA
"series",6,"vpd",2,2008,2.53319755011822,NA,NA,NA,NA,NA,NA,NA,NA,NA,NA,NA
"series",6,"vpd",2,2009,2.43229766271841,NA,NA,NA,NA,NA,NA,NA,NA,NA,NA,NA
"series",6,"vpd",2,2010,2.38119504844823,NA,NA,NA,NA,NA,NA,NA,NA,NA,NA,NA
"series",6,"vpd",2,2011,2.66598657638865,NA,NA,NA,NA,NA,NA,NA,NA,NA,NA,NA
"series",6,"vpd",2,2012,2.82298269741437,NA,NA,NA,NA,NA,NA,NA,NA,NA,NA,NA
"series",6,"vpd",2,2013,2.64061710361798,NA,NA,NA,NA,NA,NA,NA,NA,NA,NA,NA
"series",6,"vpd",2,2014,2.65204188052839,NA,NA,NA,NA,NA,NA,NA,NA,NA,NA,NA
"series",6,"vpd",2,2015,2.29317599756943,NA,NA,NA,NA,NA,NA,NA,NA,NA,NA,NA
"series",6,"vpd",2,2016,2.58768392169412,NA,NA,NA,NA,NA,NA,NA,NA,NA,NA,NA
"series",6,"vpd",2,2017,2.79318054417145,NA,NA,NA,NA,NA,NA,NA,NA,NA,NA,NA
"series",6,"vpd",2,2018,2.85274839135563,NA,NA,NA,NA,NA,NA,NA,NA,NA,NA,NA
"series",6,"vpd",2,2019,2.43868520231493,NA,NA,NA,NA,NA,NA,NA,NA,NA,NA,NA
"series",6,"vpd",2,2020,2.7220868174057,NA,NA,NA,NA,NA,NA,NA,NA,NA,NA,NA
"series",6,"vpd",2,2021,2.78075649033098,NA,NA,NA,NA,NA,NA,NA,NA,NA,NA,NA
"series",6,"vpd",2,2022,2.79152843736308,NA,NA,NA,NA,NA,NA,NA,NA,NA,NA,NA
"series",6,"vpd",2,2023,2.54624720852803,NA,NA,NA,NA,NA,NA,NA,NA,NA,NA,NA
"series",6,"vpd",2,2024,2.63262617788641,NA,NA,NA,NA,NA,NA,NA,NA,NA,NA,NA
"series",6,"vpd",2,2025,2.6622045462427,NA,NA,NA,NA,NA,NA,NA,NA,NA,NA,NA
"breakpoint",6,"vpd",2,NA,NA,NA,NA,NA,NA,NA,NA,NA,NA,NA,"variance",2023.5
"regression_segment",6,"vpd",2,NA,NA,1,2006,2025,20,-11.8721121175606,0.00719223032807919,0.2467,NA,NA,NA,NA
"variance_segment",6,"vpd",2,NA,NA,1,2006,2023.5,18,NA,NA,NA,2.62120730275169,0.163711489730772,NA,NA
"variance_segment",6,"vpd",2,NA,NA,2,2023.5,2025,2,NA,NA,NA,2.64741536206456,0.0209150648411667,NA,NA
"series",6,"vpd",3,2006,1.91676800350133,NA,NA,NA,NA,NA,NA,NA,NA,NA,NA,NA
"series",6,"vpd",3,2007,1.93008672524448,NA,NA,NA,NA,NA,NA,NA,NA,NA,NA,NA
"series",6,"vpd",3,2008,1.73142170109674,NA,NA,NA,NA,NA,NA,NA,NA,NA,NA,NA
"series",6,"vpd",3,2009,2.46837175137755,NA,NA,NA,NA,NA,NA,NA,NA,NA,NA,NA
"series",6,"vpd",3,2010,2.10482470037656,NA,NA,NA,NA,NA,NA,NA,NA,NA,NA,NA
"series",6,"vpd",3,2011,2.1849880432598,NA,NA,NA,NA,NA,NA,NA,NA,NA,NA,NA
"series",6,"vpd",3,2012,2.13197524127994,NA,NA,NA,NA,NA,NA,NA,NA,NA,NA,NA
"series",6,"vpd",3,2013,2.00319560647831,NA,NA,NA,NA,NA,NA,NA,NA,NA,NA,NA
"series",6,"vpd",3,2014,2.10680378003801,NA,NA,NA,NA,NA,NA,NA,NA,NA,NA,NA
"series",6,"vpd",3,2015,2.18066881228113,NA,NA,NA,NA,NA,NA,NA,NA,NA,NA,NA
"series",6,"vpd",3,2016,2.08880294641895,NA,NA,NA,NA,NA,NA,NA,NA,NA,NA,NA
"series",6,"vpd",3,2017,2.28159335253081,NA,NA,NA,NA,NA,NA,NA,NA,NA,NA,NA
"series",6,"vpd",3,2018,2.41613352753435,NA,NA,NA,NA,NA,NA,NA,NA,NA,NA,NA
"series",6,"vpd",3,2019,2.76244314431244,NA,NA,NA,NA,NA,NA,NA,NA,NA,NA,NA
"series",6,"vpd",3,2020,3.23365949428112,NA,NA,NA,NA,NA,NA,NA,NA,NA,NA,NA
"series",6,"vpd",3,2021,1.9727449647656,NA,NA,NA,NA,NA,NA,NA,NA,NA,NA,NA
"series",6,"vpd",3,2022,2.04251165312421,NA,NA,NA,NA,NA,NA,NA,NA,NA,NA,NA
"series",6,"vpd",3,2023,3.33667389142843,NA,NA,NA,NA,NA,NA,NA,NA,NA,NA,NA
"series",6,"vpd",3,2024,2.60856082569776,NA,NA,NA,NA,NA,NA,NA,NA,NA,NA,NA
"series",6,"vpd",3,2025,2.73855747223571,NA,NA,NA,NA,NA,NA,NA,NA,NA,NA,NA
"breakpoint",6,"vpd",3,NA,NA,NA,NA,NA,NA,NA,NA,NA,NA,NA,"regression",2017.5
"breakpoint",6,"vpd",3,NA,NA,NA,NA,NA,NA,NA,NA,NA,NA,NA,"variance",2008.5
"breakpoint",6,"vpd",3,NA,NA,NA,NA,NA,NA,NA,NA,NA,NA,NA,"variance",2018.5
"regression_segment",6,"vpd",3,NA,NA,1,2006,2017,12,-43.0627464632277,0.0224493519853599,0.1674,NA,NA,NA,NA
"regression_segment",6,"vpd",3,NA,NA,2,2018,2025,8,-42.2760734987499,0.022218641662341,0.7818,NA,NA,NA,NA
"variance_segment",6,"vpd",3,NA,NA,1,2006,2008.5,3,NA,NA,NA,1.85942547661418,0.111054365052699,NA,NA
"variance_segment",6,"vpd",3,NA,NA,2,2008.5,2018.5,10,NA,NA,NA,2.19673577615754,0.148830653517142,NA,NA
"variance_segment",6,"vpd",3,NA,NA,3,2018.5,2025,7,NA,NA,NA,2.67073592083504,0.525846802095211,NA,NA
"series",6,"vpd",4,2007,1.17291705234671,NA,NA,NA,NA,NA,NA,NA,NA,NA,NA,NA
"series",6,"vpd",4,2008,1.29766367337614,NA,NA,NA,NA,NA,NA,NA,NA,NA,NA,NA
"series",6,"vpd",4,2009,1.29193716343667,NA,NA,NA,NA,NA,NA,NA,NA,NA,NA,NA
"series",6,"vpd",4,2010,1.46854198736478,NA,NA,NA,NA,NA,NA,NA,NA,NA,NA,NA
"series",6,"vpd",4,2011,1.0824865962897,NA,NA,NA,NA,NA,NA,NA,NA,NA,NA,NA
"series",6,"vpd",4,2012,1.1885378833335,NA,NA,NA,NA,NA,NA,NA,NA,NA,NA,NA
"series",6,"vpd",4,2013,1.31676322692615,NA,NA,NA,NA,NA,NA,NA,NA,NA,NA,NA
"series",6,"vpd",4,2014,1.18659690289574,NA,NA,NA,NA,NA,NA,NA,NA,NA,NA,NA
"series",6,"vpd",4,2015,1.23987657227653,NA,NA,NA,NA,NA,NA,NA,NA,NA,NA,NA
"series",6,"vpd",4,2016,1.06911307717345,NA,NA,NA,NA,NA,NA,NA,NA,NA,NA,NA
"series",6,"vpd",4,2017,1.31202959810398,NA,NA,NA,NA,NA,NA,NA,NA,NA,NA,NA
"series",6,"vpd",4,2018,1.87016564350429,NA,NA,NA,NA,NA,NA,NA,NA,NA,NA,NA
"series",6,"vpd",4,2019,0.990047528190768,NA,NA,NA,NA,NA,NA,NA,NA,NA,NA,NA
"series",6,"vpd",4,2020,1.13767570956835,NA,NA,NA,NA,NA,NA,NA,NA,NA,NA,NA
"series",6,"vpd",4,2021,1.94756334186462,NA,NA,NA,NA,NA,NA,NA,NA,NA,NA,NA
"series",6,"vpd",4,2022,1.40192644358157,NA,NA,NA,NA,NA,NA,NA,NA,NA,NA,NA
"series",6,"vpd",4,2023,1.04350422557063,NA,NA,NA,NA,NA,NA,NA,NA,NA,NA,NA
"series",6,"vpd",4,2024,1.68227129929406,NA,NA,NA,NA,NA,NA,NA,NA,NA,NA,NA
"series",6,"vpd",4,2025,1.68983351654429,NA,NA,NA,NA,NA,NA,NA,NA,NA,NA,NA
"breakpoint",6,"vpd",4,NA,NA,NA,NA,NA,NA,NA,NA,NA,NA,NA,"regression",2017.5
"breakpoint",6,"vpd",4,NA,NA,NA,NA,NA,NA,NA,NA,NA,NA,NA,"variance",2017.5
"regression_segment",6,"vpd",4,NA,NA,1,2007,2017,11,14.1235253869263,-0.00640395425278629,0.5915,NA,NA,NA,NA
"regression_segment",6,"vpd",4,NA,NA,2,2018,2025,8,-31.5147937900056,0.0163171740061936,0.7949,NA,NA,NA,NA
"variance_segment",6,"vpd",4,NA,NA,1,2007,2017.5,11,NA,NA,NA,1.2387694303203,0.115469215346631,NA,NA
"variance_segment",6,"vpd",4,NA,NA,2,2017.5,2025,8,NA,NA,NA,1.47037346351482,0.379644667575692,NA,NA
"series",7,"vpd",1,2007,1.01783557702092,NA,NA,NA,NA,NA,NA,NA,NA,NA,NA,NA
"series",7,"vpd",1,2008,1.09832016424289,NA,NA,NA,NA,NA,NA,NA,NA,NA,NA,NA
"series",7,"vpd",1,2009,1.33182194992889,NA,NA,NA,NA,NA,NA,NA,NA,NA,NA,NA
"series",7,"vpd",1,2010,0.909129058332759,NA,NA,NA,NA,NA,NA,NA,NA,NA,NA,NA
"series",7,"vpd",1,2011,1.25998154449409,NA,NA,NA,NA,NA,NA,NA,NA,NA,NA,NA
"series",7,"vpd",1,2012,1.1969393901658,NA,NA,NA,NA,NA,NA,NA,NA,NA,NA,NA
"series",7,"vpd",1,2013,1.15930069961576,NA,NA,NA,NA,NA,NA,NA,NA,NA,NA,NA
"series",7,"vpd",1,2014,1.33210447573266,NA,NA,NA,NA,NA,NA,NA,NA,NA,NA,NA
"series",7,"vpd",1,2015,1.03290171378199,NA,NA,NA,NA,NA,NA,NA,NA,NA,NA,NA
"series",7,"vpd",1,2016,1.13029794518546,NA,NA,NA,NA,NA,NA,NA,NA,NA,NA,NA
"series",7,"vpd",1,2017,1.32183004678663,NA,NA,NA,NA,NA,NA,NA,NA,NA,NA,NA
"series",7,"vpd",1,2018,1.21640071567361,NA,NA,NA,NA,NA,NA,NA,NA,NA,NA,NA
"series",7,"vpd",1,2019,0.848095654030553,NA,NA,NA,NA,NA,NA,NA,NA,NA,NA,NA
"series",7,"vpd",1,2020,1.00866852032746,NA,NA,NA,NA,NA,NA,NA,NA,NA,NA,NA
"series",7,"vpd",1,2021,1.22901460052032,NA,NA,NA,NA,NA,NA,NA,NA,NA,NA,NA
"series",7,"vpd",1,2022,1.27432385157054,NA,NA,NA,NA,NA,NA,NA,NA,NA,NA,NA
"series",7,"vpd",1,2023,0.986950719915513,NA,NA,NA,NA,NA,NA,NA,NA,NA,NA,NA
"series",7,"vpd",1,2024,1.08958850646155,NA,NA,NA,NA,NA,NA,NA,NA,NA,NA,NA
"series",7,"vpd",1,2025,1.38880636352937,NA,NA,NA,NA,NA,NA,NA,NA,NA,NA,NA
"regression_segment",7,"vpd",1,NA,NA,1,2007,2025,19,-3.31421860227292,0.0022139323553807,0.7343,NA,NA,NA,NA
"variance_segment",7,"vpd",1,NA,NA,1,2007,2025,19,NA,NA,NA,1.14906902617457,0.153996038509188,NA,NA
"series",7,"vpd",2,2006,2.73017293554334,NA,NA,NA,NA,NA,NA,NA,NA,NA,NA,NA
"series",7,"vpd",2,2007,2.55706108117552,NA,NA,NA,NA,NA,NA,NA,NA,NA,NA,NA
"series",7,"vpd",2,2008,2.55115545824833,NA,NA,NA,NA,NA,NA,NA,NA,NA,NA,NA
"series",7,"vpd",2,2009,2.44694947184792,NA,NA,NA,NA,NA,NA,NA,NA,NA,NA,NA
"series",7,"vpd",2,2010,2.39966141395447,NA,NA,NA,NA,NA,NA,NA,NA,NA,NA,NA
"series",7,"vpd",2,2011,2.68059932158193,NA,NA,NA,NA,NA,NA,NA,NA,NA,NA,NA
"series",7,"vpd",2,2012,2.83000990909091,NA,NA,NA,NA,NA,NA,NA,NA,NA,NA,NA
"series",7,"vpd",2,2013,2.65542510728333,NA,NA,NA,NA,NA,NA,NA,NA,NA,NA,NA
"series",7,"vpd",2,2014,2.67216417799063,NA,NA,NA,NA,NA,NA,NA,NA,NA,NA,NA
"series",7,"vpd",2,2015,2.31890072468213,NA,NA,NA,NA,NA,NA,NA,NA,NA,NA,NA
"series",7,"vpd",2,2016,2.60307587773306,NA,NA,NA,NA,NA,NA,NA,NA,NA,NA,NA
"series",7,"vpd",2,2017,2.80923140282174,NA,NA,NA,NA,NA,NA,NA,NA,NA,NA,NA
"series",7,"vpd",2,2018,2.86946263093553,NA,NA,NA,NA,NA,NA,NA,NA,NA,NA,NA
"series",7,"vpd",2,2019,2.45188076699859,NA,NA,NA,NA,NA,NA,NA,NA,NA,NA,NA
"series",7,"vpd",2,2020,2.74251703994431,NA,NA,NA,NA,NA,NA,NA,NA,NA,NA,NA
"series",7,"vpd",2,2021,2.80012795743154,NA,NA,NA,NA,NA,NA,NA,NA,NA,NA,NA
"series",7,"vpd",2,2022,2.81568218951777,NA,NA,NA,NA,NA,NA,NA,NA,NA,NA,NA
"series",7,"vpd",2,2023,2.56757755729038,NA,NA,NA,NA,NA,NA,NA,NA,NA,NA,NA
"series",7,"vpd",2,2024,2.65071907599799,NA,NA,NA,NA,NA,NA,NA,NA,NA,NA,NA
"series",7,"vpd",2,2025,2.68792252515293,NA,NA,NA,NA,NA,NA,NA,NA,NA,NA,NA
"breakpoint",7,"vpd",2,NA,NA,NA,NA,NA,NA,NA,NA,NA,NA,NA,"variance",2023.5
"regression_segment",7,"vpd",2,NA,NA,1,2006,2025,20,-12.3762437175537,0.00745138107110632,0.2253,NA,NA,NA,NA
"variance_segment",7,"vpd",2,NA,NA,1,2006,2023.5,18,NA,NA,NA,2.63898083467063,0.16276104024954,NA,NA
"variance_segment",7,"vpd",2,NA,NA,2,2023.5,2025,2,NA,NA,NA,2.66932080057546,0.0263068111809834,NA,NA
"series",7,"vpd",3,2006,1.92869116847964,NA,NA,NA,NA,NA,NA,NA,NA,NA,NA,NA
"series",7,"vpd",3,2007,1.97300394502454,NA,NA,NA,NA,NA,NA,NA,NA,NA,NA,NA
"series",7,"vpd",3,2008,1.75211083385985,NA,NA,NA,NA,NA,NA,NA,NA,NA,NA,NA
"series",7,"vpd",3,2009,2.55110565070355,NA,NA,NA,NA,NA,NA,NA,NA,NA,NA,NA
"series",7,"vpd",3,2010,2.14540216242248,NA,NA,NA,NA,NA,NA,NA,NA,NA,NA,NA
"series",7,"vpd",3,2011,2.21279916368234,NA,NA,NA,NA,NA,NA,NA,NA,NA,NA,NA
"series",7,"vpd",3,2012,2.20789423926594,NA,NA,NA,NA,NA,NA,NA,NA,NA,NA,NA
"series",7,"vpd",3,2013,2.03863534513751,NA,NA,NA,NA,NA,NA,NA,NA,NA,NA,NA
"series",7,"vpd",3,2014,2.15039838361348,NA,NA,NA,NA,NA,NA,NA,NA,NA,NA,NA
"series",7,"vpd",3,2015,2.20741447214122,NA,NA,NA,NA,NA,NA,NA,NA,NA,NA,NA
"series",7,"vpd",3,2016,2.11398017817164,NA,NA,NA,NA,NA,NA,NA,NA,NA,NA,NA
"series",7,"vpd",3,2017,2.31751458517209,NA,NA,NA,NA,NA,NA,NA,NA,NA,NA,NA
"series",7,"vpd",3,2018,2.50685093548942,NA,NA,NA,NA,NA,NA,NA,NA,NA,NA,NA
"series",7,"vpd",3,2019,2.79820986410629,NA,NA,NA,NA,NA,NA,NA,NA,NA,NA,NA
"series",7,"vpd",3,2020,3.25126163238617,NA,NA,NA,NA,NA,NA,NA,NA,NA,NA,NA
"series",7,"vpd",3,2021,2.00262869809304,NA,NA,NA,NA,NA,NA,NA,NA,NA,NA,NA
"series",7,"vpd",3,2022,2.08805529262554,NA,NA,NA,NA,NA,NA,NA,NA,NA,NA,NA
"series",7,"vpd",3,2023,3.32946241327507,NA,NA,NA,NA,NA,NA,NA,NA,NA,NA,NA
"series",7,"vpd",3,2024,2.61226567474415,NA,NA,NA,NA,NA,NA,NA,NA,NA,NA,NA
"series",7,"vpd",3,2025,2.78181894980354,NA,NA,NA,NA,NA,NA,NA,NA,NA,NA,NA
"breakpoint",7,"vpd",3,NA,NA,NA,NA,NA,NA,NA,NA,NA,NA,NA,"regression",2017.5
"breakpoint",7,"vpd",3,NA,NA,NA,NA,NA,NA,NA,NA,NA,NA,NA,"variance",2008.5
"breakpoint",7,"vpd",3,NA,NA,NA,NA,NA,NA,NA,NA,NA,NA,NA,"variance",2018.5
"regression_segment",7,"vpd",3,NA,NA,1,2006,2017,12,-42.9090740578336,0.0223924036300305,0.2004,NA,NA,NA,NA
"regression_segment",7,"vpd",3,NA,NA,2,2018,2025,8,-28.9768056879376,0.0156557629831823,0.8397,NA,NA,NA,NA
"variance_segment",7,"vpd",3,NA,NA,1,2006,2008.5,3,NA,NA,NA,1.88460198245468,0.116860317829713,NA,NA
"variance_segment",7,"vpd",3,NA,NA,2,2008.5,2018.5,10,NA,NA,NA,2.24519951157997,0.166657570294584,NA,NA
"variance_segment",7,"vpd",3,NA,NA,3,2018.5,2025,7,NA,NA,NA,2.6948146464334,0.513933197542205,NA,NA
"series",7,"vpd",4,2007,1.18561193708565,NA,NA,NA,NA,NA,NA,NA,NA,NA,NA,NA
"series",7,"vpd",4,2008,1.29175437018701,NA,NA,NA,NA,NA,NA,NA,NA,NA,NA,NA
"series",7,"vpd",4,2009,1.31246499029298,NA,NA,NA,NA,NA,NA,NA,NA,NA,NA,NA
"series",7,"vpd",4,2010,1.50437795638844,NA,NA,NA,NA,NA,NA,NA,NA,NA,NA,NA
"series",7,"vpd",4,2011,1.10175854793725,NA,NA,NA,NA,NA,NA,NA,NA,NA,NA,NA
"series",7,"vpd",4,2012,1.20071909603893,NA,NA,NA,NA,NA,NA,NA,NA,NA,NA,NA
"series",7,"vpd",4,2013,1.31640625785146,NA,NA,NA,NA,NA,NA,NA,NA,NA,NA,NA
"series",7,"vpd",4,2014,1.19156686426282,NA,NA,NA,NA,NA,NA,NA,NA,NA,NA,NA
"series",7,"vpd",4,2015,1.25427490159237,NA,NA,NA,NA,NA,NA,NA,NA,NA,NA,NA
"series",7,"vpd",4,2016,1.07495831752437,NA,NA,NA,NA,NA,NA,NA,NA,NA,NA,NA
"series",7,"vpd",4,2017,1.32338639207355,NA,NA,NA,NA,NA,NA,NA,NA,NA,NA,NA
"series",7,"vpd",4,2018,1.89023146555578,NA,NA,NA,NA,NA,NA,NA,NA,NA,NA,NA
"series",7,"vpd",4,2019,0.990239224454253,NA,NA,NA,NA,NA,NA,NA,NA,NA,NA,NA
"series",7,"vpd",4,2020,1.14983403548796,NA,NA,NA,NA,NA,NA,NA,NA,NA,NA,NA
"series",7,"vpd",4,2021,1.94501846267049,NA,NA,NA,NA,NA,NA,NA,NA,NA,NA,NA
"series",7,"vpd",4,2022,1.40434457717269,NA,NA,NA,NA,NA,NA,NA,NA,NA,NA,NA
"series",7,"vpd",4,2023,1.05730669700307,NA,NA,NA,NA,NA,NA,NA,NA,NA,NA,NA
"series",7,"vpd",4,2024,1.65548095341172,NA,NA,NA,NA,NA,NA,NA,NA,NA,NA,NA
"series",7,"vpd",4,2025,1.67246947184578,NA,NA,NA,NA,NA,NA,NA,NA,NA,NA,NA
"breakpoint",7,"vpd",4,NA,NA,NA,NA,NA,NA,NA,NA,NA,NA,NA,"variance",2017.5
"regression_segment",7,"vpd",4,NA,NA,1,2007,2025,19,-31.9239837735698,0.0165016159204434,0.154,NA,NA,NA,NA
"variance_segment",7,"vpd",4,NA,NA,1,2007,2017.5,11,NA,NA,NA,1.25066178465771,0.119484826737068,NA,NA
"variance_segment",7,"vpd",4,NA,NA,2,2017.5,2025,8,NA,NA,NA,1.47061561095022,0.375106481507703,NA,NA
"series",1,"gw",1,2007,804.671999999961,NA,NA,NA,NA,NA,NA,NA,NA,NA,NA,NA
"series",1,"gw",1,2008,752.856000000078,NA,NA,NA,NA,NA,NA,NA,NA,NA,NA,NA
"series",1,"gw",1,2009,1194.81600000002,NA,NA,NA,NA,NA,NA,NA,NA,NA,NA,NA
"series",1,"gw",1,2010,353.568000000094,NA,NA,NA,NA,NA,NA,NA,NA,NA,NA,NA
"series",1,"gw",1,2011,618.743999999922,NA,NA,NA,NA,NA,NA,NA,NA,NA,NA,NA
"series",1,"gw",1,2012,847.343999999922,NA,NA,NA,NA,NA,NA,NA,NA,NA,NA,NA
"series",1,"gw",1,2014,1008.88799999998,NA,NA,NA,NA,NA,NA,NA,NA,NA,NA,NA
"series",1,"gw",1,2015,1307.59199999999,NA,NA,NA,NA,NA,NA,NA,NA,NA,NA,NA
"series",1,"gw",1,2016,1356.36000000008,NA,NA,NA,NA,NA,NA,NA,NA,NA,NA,NA
"series",1,"gw",1,2017,1182.62399999989,NA,NA,NA,NA,NA,NA,NA,NA,NA,NA,NA
"series",1,"gw",1,2018,893.064000000089,NA,NA,NA,NA,NA,NA,NA,NA,NA,NA,NA
"series",1,"gw",1,2019,908.304000000006,NA,NA,NA,NA,NA,NA,NA,NA,NA,NA,NA
"series",1,"gw",1,2020,765.047999999928,NA,NA,NA,NA,NA,NA,NA,NA,NA,NA,NA
"series",1,"gw",1,2021,417.575999999967,NA,NA,NA,NA,NA,NA,NA,NA,NA,NA,NA
"series",1,"gw",1,2022,630.935999999911,NA,NA,NA,NA,NA,NA,NA,NA,NA,NA,NA
"series",1,"gw",1,2023,1234.43999999992,NA,NA,NA,NA,NA,NA,NA,NA,NA,NA,NA
"series",1,"gw",1,2024,262.128000000039,NA,NA,NA,NA,NA,NA,NA,NA,NA,NA,NA
"series",1,"gw",1,2025,21.3360000000499,NA,NA,NA,NA,NA,NA,NA,NA,NA,NA,NA
"breakpoint",1,"gw",1,NA,NA,NA,NA,NA,NA,NA,NA,NA,NA,NA,"variance",2008.5
"regression_segment",1,"gw",1,NA,NA,1,2007,2025,18,38318.2958929561,-18.6043104371114,0.2573,NA,NA,NA,NA
"variance_segment",1,"gw",1,NA,NA,1,2007,2008.5,2,NA,NA,NA,778.764000000019,36.6394449738798,NA,NA
"variance_segment",1,"gw",1,NA,NA,2,2008.5,2025,16,NA,NA,NA,812.672999999989,402.138716783138,NA,NA
"series",1,"gw",2,2007,640.080000000111,NA,NA,NA,NA,NA,NA,NA,NA,NA,NA,NA
"series",1,"gw",2,2008,1094.23199999991,NA,NA,NA,NA,NA,NA,NA,NA,NA,NA,NA
"series",1,"gw",2,2009,432.816000000022,NA,NA,NA,NA,NA,NA,NA,NA,NA,NA,NA
"series",1,"gw",2,2010,268.224000000033,NA,NA,NA,NA,NA,NA,NA,NA,NA,NA,NA
"series",1,"gw",2,2012,234.695999999994,NA,NA,NA,NA,NA,NA,NA,NA,NA,NA,NA
"series",1,"gw",2,2013,859.53600000005,NA,NA,NA,NA,NA,NA,NA,NA,NA,NA,NA
"series",1,"gw",2,2014,335.280000000111,NA,NA,NA,NA,NA,NA,NA,NA,NA,NA,NA
"series",1,"gw",2,2015,1417.32000000003,NA,NA,NA,NA,NA,NA,NA,NA,NA,NA,NA
"series",1,"gw",2,2016,527.304000000006,NA,NA,NA,NA,NA,NA,NA,NA,NA,NA,NA
"series",1,"gw",2,2017,335.280000000111,NA,NA,NA,NA,NA,NA,NA,NA,NA,NA,NA
"series",1,"gw",2,2018,377.952000000072,NA,NA,NA,NA,NA,NA,NA,NA,NA,NA,NA
"series",1,"gw",2,2019,332.232000000044,NA,NA,NA,NA,NA,NA,NA,NA,NA,NA,NA
"series",1,"gw",2,2020,432.816000000022,NA,NA,NA,NA,NA,NA,NA,NA,NA,NA,NA
"series",1,"gw",2,2021,109.728000000039,NA,NA,NA,NA,NA,NA,NA,NA,NA,NA,NA
"series",1,"gw",2,2022,140.208000000011,NA,NA,NA,NA,NA,NA,NA,NA,NA,NA,NA
"series",1,"gw",2,2023,655.320000000028,NA,NA,NA,NA,NA,NA,NA,NA,NA,NA,NA
"series",1,"gw",2,2024,688.847999999928,NA,NA,NA,NA,NA,NA,NA,NA,NA,NA,NA
"series",1,"gw",2,2025,405.383999999978,NA,NA,NA,NA,NA,NA,NA,NA,NA,NA,NA
"breakpoint",1,"gw",2,NA,NA,NA,NA,NA,NA,NA,NA,NA,NA,NA,"variance",2015.5
"regression_segment",1,"gw",2,NA,NA,1,2007,2025,18,31609.5657492116,-15.4212913643349,0.3046,NA,NA,NA,NA
"variance_segment",1,"gw",2,NA,NA,1,2007,2015.5,8,NA,NA,NA,660.273000000032,429.905207580839,NA,NA
"variance_segment",1,"gw",2,NA,NA,2,2015.5,2025,10,NA,NA,NA,400.507200000024,190.597917235188,NA,NA
"series",1,"gw",3,2006,527.304000000006,NA,NA,NA,NA,NA,NA,NA,NA,NA,NA,NA
"series",1,"gw",3,2007,210.312000000017,NA,NA,NA,NA,NA,NA,NA,NA,NA,NA,NA
"series",1,"gw",3,2008,201.168000000094,NA,NA,NA,NA,NA,NA,NA,NA,NA,NA,NA
"series",1,"gw",3,2009,85.344000000061,NA,NA,NA,NA,NA,NA,NA,NA,NA,NA,NA
"series",1,"gw",3,2010,332.232000000044,NA,NA,NA,NA,NA,NA,NA,NA,NA,NA,NA
"series",1,"gw",3,2011,188.976000000105,NA,NA,NA,NA,NA,NA,NA,NA,NA,NA,NA
"series",1,"gw",3,2012,451.104000000006,NA,NA,NA,NA,NA,NA,NA,NA,NA,NA,NA
"series",1,"gw",3,2013,225.552000000072,NA,NA,NA,NA,NA,NA,NA,NA,NA,NA,NA
"series",1,"gw",3,2015,1118.61600000002,NA,NA,NA,NA,NA,NA,NA,NA,NA,NA,NA
"series",1,"gw",3,2024,97.5360000000499,NA,NA,NA,NA,NA,NA,NA,NA,NA,NA,NA
"breakpoint",1,"gw",3,NA,NA,NA,NA,NA,NA,NA,NA,NA,NA,NA,"variance",2014
"regression_segment",1,"gw",3,NA,NA,1,2006,2024,10,-2487.84672989774,1.40773608247466,0.9361,NA,NA,NA,NA
"variance_segment",1,"gw",3,NA,NA,1,2006,2014,8,NA,NA,NA,277.749000000051,148.003526131712,NA,NA
"variance_segment",1,"gw",3,NA,NA,2,2014,2024,2,NA,NA,NA,608.076000000036,722.01259213394,NA,NA
"series",1,"gw",4,2007,658.367999999956,NA,NA,NA,NA,NA,NA,NA,NA,NA,NA,NA
"series",1,"gw",4,2008,573.024000000033,NA,NA,NA,NA,NA,NA,NA,NA,NA,NA,NA
"series",1,"gw",4,2009,908.304000000006,NA,NA,NA,NA,NA,NA,NA,NA,NA,NA,NA
"series",1,"gw",4,2010,0,NA,NA,NA,NA,NA,NA,NA,NA,NA,NA,NA
"series",1,"gw",4,2011,490.7279999999,NA,NA,NA,NA,NA,NA,NA,NA,NA,NA,NA
"series",1,"gw",4,2014,752.855999999939,NA,NA,NA,NA,NA,NA,NA,NA,NA,NA,NA
"series",1,"gw",4,2015,1133.85599999994,NA,NA,NA,NA,NA,NA,NA,NA,NA,NA,NA
"series",1,"gw",4,2016,1173.47999999997,NA,NA,NA,NA,NA,NA,NA,NA,NA,NA,NA
"series",1,"gw",4,2017,996.695999999994,NA,NA,NA,NA,NA,NA,NA,NA,NA,NA,NA
"series",1,"gw",4,2018,359.664000000089,NA,NA,NA,NA,NA,NA,NA,NA,NA,NA,NA
"series",1,"gw",4,2019,146.304000000006,NA,NA,NA,NA,NA,NA,NA,NA,NA,NA,NA
"series",1,"gw",4,2020,310.895999999994,NA,NA,NA,NA,NA,NA,NA,NA,NA,NA,NA
"series",1,"gw",4,2021,225.551999999933,NA,NA,NA,NA,NA,NA,NA,NA,NA,NA,NA
"series",1,"gw",4,2022,280.415999999884,NA,NA,NA,NA,NA,NA,NA,NA,NA,NA,NA
"series",1,"gw",4,2023,826.008000000011,NA,NA,NA,NA,NA,NA,NA,NA,NA,NA,NA
"series",1,"gw",4,2024,207.26399999995,NA,NA,NA,NA,NA,NA,NA,NA,NA,NA,NA
"series",1,"gw",4,2025,0,NA,NA,NA,NA,NA,NA,NA,NA,NA,NA,NA
"regression_segment",1,"gw",4,NA,NA,1,2007,2025,17,45298.7013125009,-22.2011875000005,0.1778,NA,NA,NA,NA
"variance_segment",1,"gw",4,NA,NA,1,2007,2025,17,NA,NA,NA,531.9656470588,382.581855479472,NA,NA
"series",2,"gw",1,2006,435.86399999995,NA,NA,NA,NA,NA,NA,NA,NA,NA,NA,NA
"series",2,"gw",1,2007,591.312000000017,NA,NA,NA,NA,NA,NA,NA,NA,NA,NA,NA
"series",2,"gw",1,2008,512.06399999995,NA,NA,NA,NA,NA,NA,NA,NA,NA,NA,NA
"series",2,"gw",1,2009,966.216000000022,NA,NA,NA,NA,NA,NA,NA,NA,NA,NA,NA
"series",2,"gw",1,2010,688.847999999928,NA,NA,NA,NA,NA,NA,NA,NA,NA,NA,NA
"series",2,"gw",1,2011,402.335999999911,NA,NA,NA,NA,NA,NA,NA,NA,NA,NA,NA
"series",2,"gw",1,2012,384.047999999928,NA,NA,NA,NA,NA,NA,NA,NA,NA,NA,NA
"series",2,"gw",1,2013,338.3279999999,NA,NA,NA,NA,NA,NA,NA,NA,NA,NA,NA
"series",2,"gw",1,2014,381,NA,NA,NA,NA,NA,NA,NA,NA,NA,NA,NA
"series",2,"gw",1,2015,621.791999999989,NA,NA,NA,NA,NA,NA,NA,NA,NA,NA,NA
"series",2,"gw",1,2016,649.223999999895,NA,NA,NA,NA,NA,NA,NA,NA,NA,NA,NA
"series",2,"gw",1,2017,481.583999999978,NA,NA,NA,NA,NA,NA,NA,NA,NA,NA,NA
"series",2,"gw",1,2018,466.343999999922,NA,NA,NA,NA,NA,NA,NA,NA,NA,NA,NA
"series",2,"gw",1,2019,256.032000000044,NA,NA,NA,NA,NA,NA,NA,NA,NA,NA,NA
"series",2,"gw",1,2020,289.559999999945,NA,NA,NA,NA,NA,NA,NA,NA,NA,NA,NA
"series",2,"gw",1,2021,216.408000000011,NA,NA,NA,NA,NA,NA,NA,NA,NA,NA,NA
"series",2,"gw",1,2022,323.087999999983,NA,NA,NA,NA,NA,NA,NA,NA,NA,NA,NA
"series",2,"gw",1,2023,377.951999999933,NA,NA,NA,NA,NA,NA,NA,NA,NA,NA,NA
"series",2,"gw",1,2024,155.447999999928,NA,NA,NA,NA,NA,NA,NA,NA,NA,NA,NA
"series",2,"gw",1,2025,42.6719999999612,NA,NA,NA,NA,NA,NA,NA,NA,NA,NA,NA
"regression_segment",2,"gw",1,NA,NA,1,2006,2025,20,47999.8856661655,-23.6025203007519,0.0014,NA,NA,NA,NA
"variance_segment",2,"gw",1,NA,NA,1,2006,2025,20,NA,NA,NA,429.00599999996,208.371895773427,NA,NA
"series",2,"gw",2,2006,362.711999999878,NA,NA,NA,NA,NA,NA,NA,NA,NA,NA,NA
"series",2,"gw",2,2007,643.1279999999,NA,NA,NA,NA,NA,NA,NA,NA,NA,NA,NA
"series",2,"gw",2,2008,691.895999999995,NA,NA,NA,NA,NA,NA,NA,NA,NA,NA,NA
"series",2,"gw",2,2009,694.943999999922,NA,NA,NA,NA,NA,NA,NA,NA,NA,NA,NA
"series",2,"gw",2,2010,731.520000000028,NA,NA,NA,NA,NA,NA,NA,NA,NA,NA,NA
"series",2,"gw",2,2011,384.047999999928,NA,NA,NA,NA,NA,NA,NA,NA,NA,NA,NA
"series",2,"gw",2,2012,344.423999999895,NA,NA,NA,NA,NA,NA,NA,NA,NA,NA,NA
"series",2,"gw",2,2013,316.991999999989,NA,NA,NA,NA,NA,NA,NA,NA,NA,NA,NA
"series",2,"gw",2,2014,323.087999999983,NA,NA,NA,NA,NA,NA,NA,NA,NA,NA,NA
"series",2,"gw",2,2015,646.175999999967,NA,NA,NA,NA,NA,NA,NA,NA,NA,NA,NA
"series",2,"gw",2,2016,594.359999999945,NA,NA,NA,NA,NA,NA,NA,NA,NA,NA,NA
"series",2,"gw",2,2017,411.479999999972,NA,NA,NA,NA,NA,NA,NA,NA,NA,NA,NA
"series",2,"gw",2,2018,344.423999999895,NA,NA,NA,NA,NA,NA,NA,NA,NA,NA,NA
"series",2,"gw",2,2019,249.93600000005,NA,NA,NA,NA,NA,NA,NA,NA,NA,NA,NA
"series",2,"gw",2,2020,283.46399999995,NA,NA,NA,NA,NA,NA,NA,NA,NA,NA,NA
"series",2,"gw",2,2021,182.879999999972,NA,NA,NA,NA,NA,NA,NA,NA,NA,NA,NA
"series",2,"gw",2,2022,298.704000000006,NA,NA,NA,NA,NA,NA,NA,NA,NA,NA,NA
"series",2,"gw",2,2023,347.471999999961,NA,NA,NA,NA,NA,NA,NA,NA,NA,NA,NA
"series",2,"gw",2,2024,137.159999999945,NA,NA,NA,NA,NA,NA,NA,NA,NA,NA,NA
"series",2,"gw",2,2025,0,NA,NA,NA,NA,NA,NA,NA,NA,NA,NA,NA
"regression_segment",2,"gw",2,NA,NA,1,2006,2025,20,50501.5213533777,-24.858387969922,4e-04,NA,NA,NA,NA
"variance_segment",2,"gw",2,NA,NA,1,2006,2025,20,NA,NA,NA,399.440399999959,203.352149195838,NA,NA
"series",2,"gw",3,2006,384.047999999928,NA,NA,NA,NA,NA,NA,NA,NA,NA,NA,NA
"series",2,"gw",3,2007,542.543999999922,NA,NA,NA,NA,NA,NA,NA,NA,NA,NA,NA
"series",2,"gw",3,2008,868.679999999972,NA,NA,NA,NA,NA,NA,NA,NA,NA,NA,NA
"series",2,"gw",3,2009,441.959999999945,NA,NA,NA,NA,NA,NA,NA,NA,NA,NA,NA
"series",2,"gw",3,2010,725.424000000033,NA,NA,NA,NA,NA,NA,NA,NA,NA,NA,NA
"series",2,"gw",3,2011,384.047999999928,NA,NA,NA,NA,NA,NA,NA,NA,NA,NA,NA
"series",2,"gw",3,2012,356.616000000022,NA,NA,NA,NA,NA,NA,NA,NA,NA,NA,NA
"series",2,"gw",3,2013,365.759999999945,NA,NA,NA,NA,NA,NA,NA,NA,NA,NA,NA
"series",2,"gw",3,2015,609.6,NA,NA,NA,NA,NA,NA,NA,NA,NA,NA,NA
"series",2,"gw",3,2022,252.983999999978,NA,NA,NA,NA,NA,NA,NA,NA,NA,NA,NA
"series",2,"gw",3,2023,283.46399999995,NA,NA,NA,NA,NA,NA,NA,NA,NA,NA,NA
"series",2,"gw",3,2024,109.7279999999,NA,NA,NA,NA,NA,NA,NA,NA,NA,NA,NA
"regression_segment",2,"gw",3,NA,NA,1,2006,2024,12,43878.6367106459,-21.5736251874069,0.0221,NA,NA,NA,NA
"variance_segment",2,"gw",3,NA,NA,1,2006,2024,12,NA,NA,NA,443.73799999996,211.409302105503,NA,NA
"series",2,"gw",4,2006,481.583999999978,NA,NA,NA,NA,NA,NA,NA,NA,NA,NA,NA
"series",2,"gw",4,2007,542.543999999922,NA,NA,NA,NA,NA,NA,NA,NA,NA,NA,NA
"series",2,"gw",4,2008,566.9279999999,NA,NA,NA,NA,NA,NA,NA,NA,NA,NA,NA
"series",2,"gw",4,2009,911.351999999933,NA,NA,NA,NA,NA,NA,NA,NA,NA,NA,NA
"series",2,"gw",4,2010,822.959999999945,NA,NA,NA,NA,NA,NA,NA,NA,NA,NA,NA
"series",2,"gw",4,2011,749.807999999873,NA,NA,NA,NA,NA,NA,NA,NA,NA,NA,NA
"series",2,"gw",4,2014,771.143999999922,NA,NA,NA,NA,NA,NA,NA,NA,NA,NA,NA
"series",2,"gw",4,2015,487.679999999972,NA,NA,NA,NA,NA,NA,NA,NA,NA,NA,NA
"series",2,"gw",4,2016,615.695999999994,NA,NA,NA,NA,NA,NA,NA,NA,NA,NA,NA
"series",2,"gw",4,2017,496.824000000033,NA,NA,NA,NA,NA,NA,NA,NA,NA,NA,NA
"series",2,"gw",4,2018,481.583999999978,NA,NA,NA,NA,NA,NA,NA,NA,NA,NA,NA
"series",2,"gw",4,2019,274.320000000028,NA,NA,NA,NA,NA,NA,NA,NA,NA,NA,NA
"series",2,"gw",4,2020,231.647999999928,NA,NA,NA,NA,NA,NA,NA,NA,NA,NA,NA
"series",2,"gw",4,2021,243.839999999917,NA,NA,NA,NA,NA,NA,NA,NA,NA,NA,NA
"series",2,"gw",4,2022,323.087999999983,NA,NA,NA,NA,NA,NA,NA,NA,NA,NA,NA
"series",2,"gw",4,2023,365.759999999945,NA,NA,NA,NA,NA,NA,NA,NA,NA,NA,NA
"series",2,"gw",4,2024,179.831999999906,NA,NA,NA,NA,NA,NA,NA,NA,NA,NA,NA
"series",2,"gw",4,2025,39.6239999998947,NA,NA,NA,NA,NA,NA,NA,NA,NA,NA,NA
"breakpoint",2,"gw",4,NA,NA,NA,NA,NA,NA,NA,NA,NA,NA,NA,"regression",2018.5
"breakpoint",2,"gw",4,NA,NA,NA,NA,NA,NA,NA,NA,NA,NA,NA,"variance",2008.5
"breakpoint",2,"gw",4,NA,NA,NA,NA,NA,NA,NA,NA,NA,NA,NA,"variance",2016.5
"breakpoint",2,"gw",4,NA,NA,NA,NA,NA,NA,NA,NA,NA,NA,NA,"variance",2018.5
"regression_segment",2,"gw",4,NA,NA,1,2006,2018,11,17624.6158190834,-8.44709547738096,0.4883,NA,NA,NA,NA
"regression_segment",2,"gw",4,NA,NA,2,2019,2025,7,49761.4302857443,-24.492857142872,0.2651,NA,NA,NA,NA
"variance_segment",2,"gw",4,NA,NA,1,2006,2008.5,3,NA,NA,NA,530.351999999933,43.958881150417,NA,NA
"variance_segment",2,"gw",4,NA,NA,2,2008.5,2016.5,6,NA,NA,NA,726.43999999994,151.870761056871,NA,NA
"variance_segment",2,"gw",4,NA,NA,3,2016.5,2018.5,2,NA,NA,NA,489.204000000006,10.7763073453222,NA,NA
"variance_segment",2,"gw",4,NA,NA,4,2018.5,2025,7,NA,NA,NA,236.873142857086,106.210362174079,NA,NA
"series",4,"gw",1,2007,1386.83999999978,NA,NA,NA,NA,NA,NA,NA,NA,NA,NA,NA
"series",4,"gw",1,2008,1127.75999999994,NA,NA,NA,NA,NA,NA,NA,NA,NA,NA,NA
"series",4,"gw",1,2009,1371.6,NA,NA,NA,NA,NA,NA,NA,NA,NA,NA,NA
"series",4,"gw",1,2010,902.207999999734,NA,NA,NA,NA,NA,NA,NA,NA,NA,NA,NA
"series",4,"gw",1,2011,1106.42399999976,NA,NA,NA,NA,NA,NA,NA,NA,NA,NA,NA
"series",4,"gw",1,2012,1231.39199999999,NA,NA,NA,NA,NA,NA,NA,NA,NA,NA,NA
"series",4,"gw",1,2014,1057.6559999998,NA,NA,NA,NA,NA,NA,NA,NA,NA,NA,NA
"series",4,"gw",1,2015,1082.03999999978,NA,NA,NA,NA,NA,NA,NA,NA,NA,NA,NA
"series",4,"gw",1,2016,1018.03199999977,NA,NA,NA,NA,NA,NA,NA,NA,NA,NA,NA
"series",4,"gw",1,2017,768.095999999856,NA,NA,NA,NA,NA,NA,NA,NA,NA,NA,NA
"series",4,"gw",1,2018,618.743999999922,NA,NA,NA,NA,NA,NA,NA,NA,NA,NA,NA
"series",4,"gw",1,2019,542.543999999922,NA,NA,NA,NA,NA,NA,NA,NA,NA,NA,NA
"series",4,"gw",1,2020,1344.16799999996,NA,NA,NA,NA,NA,NA,NA,NA,NA,NA,NA
"series",4,"gw",1,2021,786.383999999978,NA,NA,NA,NA,NA,NA,NA,NA,NA,NA,NA
"series",4,"gw",1,2022,972.311999999878,NA,NA,NA,NA,NA,NA,NA,NA,NA,NA,NA
"series",4,"gw",1,2023,1060.70399999987,NA,NA,NA,NA,NA,NA,NA,NA,NA,NA,NA
"series",4,"gw",1,2024,679.703999999867,NA,NA,NA,NA,NA,NA,NA,NA,NA,NA,NA
"series",4,"gw",1,2025,786.383999999978,NA,NA,NA,NA,NA,NA,NA,NA,NA,NA,NA
"regression_segment",4,"gw",1,NA,NA,1,2007,2025,18,52901.7740945492,-25.7471257805485,0.0138,NA,NA,NA,NA
"variance_segment",4,"gw",1,NA,NA,1,2007,2025,18,NA,NA,NA,991.27733333321,255.8324694032,NA,NA
"series",4,"gw",2,2007,993.647999999789,NA,NA,NA,NA,NA,NA,NA,NA,NA,NA,NA
"series",4,"gw",2,2008,1179.57599999997,NA,NA,NA,NA,NA,NA,NA,NA,NA,NA,NA
"series",4,"gw",2,2009,950.975999999967,NA,NA,NA,NA,NA,NA,NA,NA,NA,NA,NA
"series",4,"gw",2,2010,630.935999999911,NA,NA,NA,NA,NA,NA,NA,NA,NA,NA,NA
"series",4,"gw",2,2012,722.375999999967,NA,NA,NA,NA,NA,NA,NA,NA,NA,NA,NA
"series",4,"gw",2,2013,829.0559999998,NA,NA,NA,NA,NA,NA,NA,NA,NA,NA,NA
"series",4,"gw",2,2014,530.351999999933,NA,NA,NA,NA,NA,NA,NA,NA,NA,NA,NA
"series",4,"gw",2,2015,993.647999999789,NA,NA,NA,NA,NA,NA,NA,NA,NA,NA,NA
"series",4,"gw",2,2016,490.7279999999,NA,NA,NA,NA,NA,NA,NA,NA,NA,NA,NA
"series",4,"gw",2,2017,274.319999999889,NA,NA,NA,NA,NA,NA,NA,NA,NA,NA,NA
"series",4,"gw",2,2018,350.519999999889,NA,NA,NA,NA,NA,NA,NA,NA,NA,NA,NA
"series",4,"gw",2,2019,204.215999999745,NA,NA,NA,NA,NA,NA,NA,NA,NA,NA,NA
"series",4,"gw",2,2020,615.695999999856,NA,NA,NA,NA,NA,NA,NA,NA,NA,NA,NA
"series",4,"gw",2,2021,329.183999999978,NA,NA,NA,NA,NA,NA,NA,NA,NA,NA,NA
"series",4,"gw",2,2022,365.759999999945,NA,NA,NA,NA,NA,NA,NA,NA,NA,NA,NA
"series",4,"gw",2,2023,560.831999999767,NA,NA,NA,NA,NA,NA,NA,NA,NA,NA,NA
"series",4,"gw",2,2024,219.4559999998,NA,NA,NA,NA,NA,NA,NA,NA,NA,NA,NA
"series",4,"gw",2,2025,792.479999999834,NA,NA,NA,NA,NA,NA,NA,NA,NA,NA,NA
"breakpoint",4,"gw",2,NA,NA,NA,NA,NA,NA,NA,NA,NA,NA,NA,"regression",2015.5
"regression_segment",4,"gw",2,NA,NA,1,2007,2015,8,71241.2342000125,-35.0012000000063,0.2315,NA,NA,NA,NA
"regression_segment",4,"gw",2,NA,NA,2,2016,2025,10,-43435.5517090775,21.7054545454478,0.3281,NA,NA,NA,NA
"variance_segment",4,"gw",2,NA,NA,1,2007,2025,18,NA,NA,NA,612.98666666654,295.850735948747,NA,NA
"series",4,"gw",3,2006,1780.03199999977,NA,NA,NA,NA,NA,NA,NA,NA,NA,NA,NA
"series",4,"gw",3,2007,640.079999999834,NA,NA,NA,NA,NA,NA,NA,NA,NA,NA,NA
"series",4,"gw",3,2008,466.343999999922,NA,NA,NA,NA,NA,NA,NA,NA,NA,NA,NA
"series",4,"gw",3,2009,457.2,NA,NA,NA,NA,NA,NA,NA,NA,NA,NA,NA
"series",4,"gw",3,2010,496.823999999756,NA,NA,NA,NA,NA,NA,NA,NA,NA,NA,NA
"series",4,"gw",3,2011,515.111999999878,NA,NA,NA,NA,NA,NA,NA,NA,NA,NA,NA
"series",4,"gw",3,2013,435.863999999811,NA,NA,NA,NA,NA,NA,NA,NA,NA,NA,NA
"series",4,"gw",3,2015,691.895999999856,NA,NA,NA,NA,NA,NA,NA,NA,NA,NA,NA
"breakpoint",4,"gw",3,NA,NA,NA,NA,NA,NA,NA,NA,NA,NA,NA,"variance",2007.5
"regression_segment",4,"gw",3,NA,NA,1,2006,2015,8,138941.676393062,-68.7884855491325,0.2571,NA,NA,NA,NA
"variance_segment",4,"gw",3,NA,NA,1,2006,2007.5,2,NA,NA,NA,1210.0559999998,806.06778942712,NA,NA
"variance_segment",4,"gw",3,NA,NA,2,2007.5,2015,6,NA,NA,NA,510.539999999871,93.2458873816838,NA,NA
"series",4,"gw",4,2006,816.863999999811,NA,NA,NA,NA,NA,NA,NA,NA,NA,NA,NA
"series",4,"gw",4,2007,1411.22399999976,NA,NA,NA,NA,NA,NA,NA,NA,NA,NA,NA
"series",4,"gw",4,2008,899.159999999945,NA,NA,NA,NA,NA,NA,NA,NA,NA,NA,NA
"series",4,"gw",4,2009,1395.98399999998,NA,NA,NA,NA,NA,NA,NA,NA,NA,NA,NA
"series",4,"gw",4,2010,454.151999999933,NA,NA,NA,NA,NA,NA,NA,NA,NA,NA,NA
"series",4,"gw",4,2011,1002.79199999999,NA,NA,NA,NA,NA,NA,NA,NA,NA,NA,NA
"series",4,"gw",4,2014,890.015999999745,NA,NA,NA,NA,NA,NA,NA,NA,NA,NA,NA
"series",4,"gw",4,2015,1353.31199999988,NA,NA,NA,NA,NA,NA,NA,NA,NA,NA,NA
"series",4,"gw",4,2016,865.631999999767,NA,NA,NA,NA,NA,NA,NA,NA,NA,NA,NA
"series",4,"gw",4,2017,499.871999999823,NA,NA,NA,NA,NA,NA,NA,NA,NA,NA,NA
"series",4,"gw",4,2018,329.183999999978,NA,NA,NA,NA,NA,NA,NA,NA,NA,NA,NA
"series",4,"gw",4,2019,679.703999999867,NA,NA,NA,NA,NA,NA,NA,NA,NA,NA,NA
"series",4,"gw",4,2020,262.1279999999,NA,NA,NA,NA,NA,NA,NA,NA,NA,NA,NA
"series",4,"gw",4,2021,27.4319999997671,NA,NA,NA,NA,NA,NA,NA,NA,NA,NA,NA
"series",4,"gw",4,2022,929.639999999778,NA,NA,NA,NA,NA,NA,NA,NA,NA,NA,NA
"series",4,"gw",4,2023,1161.28799999984,NA,NA,NA,NA,NA,NA,NA,NA,NA,NA,NA
"series",4,"gw",4,2024,100.583999999978,NA,NA,NA,NA,NA,NA,NA,NA,NA,NA,NA
"series",4,"gw",4,2025,0,NA,NA,NA,NA,NA,NA,NA,NA,NA,NA,NA
"regression_segment",4,"gw",4,NA,NA,1,2006,2025,18,87154.5955500368,-42.8745694336686,0.0125,NA,NA,NA,NA
"variance_segment",4,"gw",4,NA,NA,1,2006,2025,18,NA,NA,NA,726.609333333208,460.827833948967,NA,NA
"series",6,"gw",1,2007,3041.90400000001,NA,NA,NA,NA,NA,NA,NA,NA,NA,NA,NA
"series",6,"gw",1,2008,2136.64799999993,NA,NA,NA,NA,NA,NA,NA,NA,NA,NA,NA
"series",6,"gw",1,2009,3108.95999999994,NA,NA,NA,NA,NA,NA,NA,NA,NA,NA,NA
"series",6,"gw",1,2010,365.759999999945,NA,NA,NA,NA,NA,NA,NA,NA,NA,NA,NA
"series",6,"gw",1,2011,2286,NA,NA,NA,NA,NA,NA,NA,NA,NA,NA,NA
"series",6,"gw",1,2012,2514.6,NA,NA,NA,NA,NA,NA,NA,NA,NA,NA,NA
"series",6,"gw",1,2014,3069.33600000005,NA,NA,NA,NA,NA,NA,NA,NA,NA,NA,NA
"series",6,"gw",1,2015,3224.78399999998,NA,NA,NA,NA,NA,NA,NA,NA,NA,NA,NA
"series",6,"gw",1,2016,2910.84000000006,NA,NA,NA,NA,NA,NA,NA,NA,NA,NA,NA
"series",6,"gw",1,2017,2365.24799999993,NA,NA,NA,NA,NA,NA,NA,NA,NA,NA,NA
"series",6,"gw",1,2018,2176.27199999996,NA,NA,NA,NA,NA,NA,NA,NA,NA,NA,NA
"series",6,"gw",1,2019,2907.79199999999,NA,NA,NA,NA,NA,NA,NA,NA,NA,NA,NA
"series",6,"gw",1,2020,3054.09599999999,NA,NA,NA,NA,NA,NA,NA,NA,NA,NA,NA
"series",6,"gw",1,2022,2962.65599999994,NA,NA,NA,NA,NA,NA,NA,NA,NA,NA,NA
"series",6,"gw",1,2023,3194.30400000001,NA,NA,NA,NA,NA,NA,NA,NA,NA,NA,NA
"breakpoint",6,"gw",1,NA,NA,NA,NA,NA,NA,NA,NA,NA,NA,NA,"variance",2010.5
"regression_segment",6,"gw",1,NA,NA,1,2007,2023,15,-97960.6211773272,49.9231831395357,0.2073,NA,NA,NA,NA
"variance_segment",6,"gw",1,NA,NA,1,2007,2010.5,4,NA,NA,NA,2163.31799999996,1277.76865457251,NA,NA
"variance_segment",6,"gw",1,NA,NA,2,2010.5,2023,11,NA,NA,NA,2787.81163636363,380.190255738183,NA,NA
"series",6,"gw",2,2007,1496.56799999996,NA,NA,NA,NA,NA,NA,NA,NA,NA,NA,NA
"series",6,"gw",2,2008,3057.14400000006,NA,NA,NA,NA,NA,NA,NA,NA,NA,NA,NA
"series",6,"gw",2,2009,1402.07999999997,NA,NA,NA,NA,NA,NA,NA,NA,NA,NA,NA
"series",6,"gw",2,2010,365.759999999945,NA,NA,NA,NA,NA,NA,NA,NA,NA,NA,NA
"series",6,"gw",2,2011,1594.10400000001,NA,NA,NA,NA,NA,NA,NA,NA,NA,NA,NA
"series",6,"gw",2,2013,1508.75999999994,NA,NA,NA,NA,NA,NA,NA,NA,NA,NA,NA
"series",6,"gw",2,2014,384.047999999928,NA,NA,NA,NA,NA,NA,NA,NA,NA,NA,NA
"series",6,"gw",2,2015,3236.97599999997,NA,NA,NA,NA,NA,NA,NA,NA,NA,NA,NA
"series",6,"gw",2,2016,524.255999999939,NA,NA,NA,NA,NA,NA,NA,NA,NA,NA,NA
"series",6,"gw",2,2017,1984.24799999993,NA,NA,NA,NA,NA,NA,NA,NA,NA,NA,NA
"series",6,"gw",2,2018,295.655999999939,NA,NA,NA,NA,NA,NA,NA,NA,NA,NA,NA
"series",6,"gw",2,2019,554.73600000005,NA,NA,NA,NA,NA,NA,NA,NA,NA,NA,NA
"series",6,"gw",2,2020,975.359999999945,NA,NA,NA,NA,NA,NA,NA,NA,NA,NA,NA
"series",6,"gw",2,2021,1780.03200000004,NA,NA,NA,NA,NA,NA,NA,NA,NA,NA,NA
"series",6,"gw",2,2022,0,NA,NA,NA,NA,NA,NA,NA,NA,NA,NA,NA
"series",6,"gw",2,2023,1136.90400000001,NA,NA,NA,NA,NA,NA,NA,NA,NA,NA,NA
"series",6,"gw",2,2024,402.33600000005,NA,NA,NA,NA,NA,NA,NA,NA,NA,NA,NA
"regression_segment",6,"gw",2,NA,NA,1,2007,2024,17,138571.74416766,-68.141964071854,0.1246,NA,NA,NA,NA
"variance_segment",6,"gw",2,NA,NA,1,2007,2024,17,NA,NA,NA,1217.58635294116,938.988776081021,NA,NA
"series",6,"gw",3,2007,332.232000000044,NA,NA,NA,NA,NA,NA,NA,NA,NA,NA,NA
"series",6,"gw",3,2010,801.624000000033,NA,NA,NA,NA,NA,NA,NA,NA,NA,NA,NA
"series",6,"gw",3,2011,60.9599999999446,NA,NA,NA,NA,NA,NA,NA,NA,NA,NA,NA
"series",6,"gw",3,2012,2654.80800000001,NA,NA,NA,NA,NA,NA,NA,NA,NA,NA,NA
"series",6,"gw",3,2013,149.351999999933,NA,NA,NA,NA,NA,NA,NA,NA,NA,NA,NA
"series",6,"gw",3,2015,1362.45599999994,NA,NA,NA,NA,NA,NA,NA,NA,NA,NA,NA
"regression_segment",6,"gw",3,NA,NA,1,2007,2015,6,-240770.282999971,120.151071428557,0.4988,NA,NA,NA,NA
"variance_segment",6,"gw",3,NA,NA,1,2007,2015,6,NA,NA,NA,893.571999999984,989.188317197501,NA,NA
"series",6,"gw",4,2007,3051.04799999993,NA,NA,NA,NA,NA,NA,NA,NA,NA,NA,NA
"series",6,"gw",4,2008,765.047999999928,NA,NA,NA,NA,NA,NA,NA,NA,NA,NA,NA
"series",6,"gw",4,2009,3096.76799999996,NA,NA,NA,NA,NA,NA,NA,NA,NA,NA,NA
"series",6,"gw",4,2011,762,NA,NA,NA,NA,NA,NA,NA,NA,NA,NA,NA
"series",6,"gw",4,2014,1822.70400000001,NA,NA,NA,NA,NA,NA,NA,NA,NA,NA,NA
"series",6,"gw",4,2015,3252.21600000002,NA,NA,NA,NA,NA,NA,NA,NA,NA,NA,NA
"series",6,"gw",4,2016,3093.72000000003,NA,NA,NA,NA,NA,NA,NA,NA,NA,NA,NA
"series",6,"gw",4,2017,707.13600000005,NA,NA,NA,NA,NA,NA,NA,NA,NA,NA,NA
"series",6,"gw",4,2018,219.455999999939,NA,NA,NA,NA,NA,NA,NA,NA,NA,NA,NA
"series",6,"gw",4,2019,219.455999999939,NA,NA,NA,NA,NA,NA,NA,NA,NA,NA,NA
"series",6,"gw",4,2020,256.032000000044,NA,NA,NA,NA,NA,NA,NA,NA,NA,NA,NA
"series",6,"gw",4,2022,1240.53600000005,NA,NA,NA,NA,NA,NA,NA,NA,NA,NA,NA
"series",6,"gw",4,2023,1072.89599999999,NA,NA,NA,NA,NA,NA,NA,NA,NA,NA,NA
"breakpoint",6,"gw",4,NA,NA,NA,NA,NA,NA,NA,NA,NA,NA,NA,"regression",2016.5
"regression_segment",6,"gw",4,NA,NA,1,2007,2016,7,-165004.735058847,83.158852941188,0.5066,NA,NA,NA,NA
"regression_segment",6,"gw",4,NA,NA,2,2017,2023,6,-265790.692621127,131.896993788824,0.1678,NA,NA,NA,NA
"variance_segment",6,"gw",4,NA,NA,1,2007,2023,13,NA,NA,NA,1504.53969230768,1206.22364102899,NA,NA
"series",7,"gw",1,2007,3304.03200000004,NA,NA,NA,NA,NA,NA,NA,NA,NA,NA,NA
"series",7,"gw",1,2008,2182.36800000009,NA,NA,NA,NA,NA,NA,NA,NA,NA,NA,NA
"series",7,"gw",1,2009,3425.95200000007,NA,NA,NA,NA,NA,NA,NA,NA,NA,NA,NA
"series",7,"gw",1,2010,1524,NA,NA,NA,NA,NA,NA,NA,NA,NA,NA,NA
"series",7,"gw",1,2011,1990.34400000006,NA,NA,NA,NA,NA,NA,NA,NA,NA,NA,NA
"regression_segment",7,"gw",1,NA,NA,1,2007,2011,5,662591.308800012,-328.574400000006,0.3012,NA,NA,NA,NA
"variance_segment",7,"gw",1,NA,NA,1,2007,2011,5,NA,NA,NA,2485.33920000005,839.046362515935,NA,NA
"series",7,"gw",2,2007,2328.67199999996,NA,NA,NA,NA,NA,NA,NA,NA,NA,NA,NA
"series",7,"gw",2,2008,3407.66400000009,NA,NA,NA,NA,NA,NA,NA,NA,NA,NA,NA
"series",7,"gw",2,2009,2596.89599999999,NA,NA,NA,NA,NA,NA,NA,NA,NA,NA,NA
"series",7,"gw",2,2010,1441.70400000001,NA,NA,NA,NA,NA,NA,NA,NA,NA,NA,NA
"series",7,"gw",2,2011,2033.01600000002,NA,NA,NA,NA,NA,NA,NA,NA,NA,NA,NA
"regression_segment",7,"gw",2,NA,NA,1,2007,2011,5,516117.535199992,-255.727199999996,0.3232,NA,NA,NA,NA
"variance_segment",7,"gw",2,NA,NA,1,2007,2011,5,NA,NA,NA,2361.59040000001,725.409272119429,NA,NA
"series",7,"gw",3,2007,1734.31200000002,NA,NA,NA,NA,NA,NA,NA,NA,NA,NA,NA
"series",7,"gw",3,2009,2017.77599999997,NA,NA,NA,NA,NA,NA,NA,NA,NA,NA,NA
"series",7,"gw",3,2010,1996.44000000006,NA,NA,NA,NA,NA,NA,NA,NA,NA,NA,NA
"series",7,"gw",3,2011,1475.23200000004,NA,NA,NA,NA,NA,NA,NA,NA,NA,NA,NA
"regression_segment",7,"gw",3,NA,NA,1,2007,2011,4,77046.0377142651,-37.4468571428469,0.7038,NA,NA,NA,NA
"variance_segment",7,"gw",3,NA,NA,1,2007,2011,4,NA,NA,NA,1805.94000000002,255.384084954391,NA,NA
"series",7,"gw",4,2007,3282.69599999999,NA,NA,NA,NA,NA,NA,NA,NA,NA,NA,NA
"series",7,"gw",4,2008,2075.68799999998,NA,NA,NA,NA,NA,NA,NA,NA,NA,NA,NA
"series",7,"gw",4,2009,3358.89599999999,NA,NA,NA,NA,NA,NA,NA,NA,NA,NA,NA
"series",7,"gw",4,2010,1405.12800000004,NA,NA,NA,NA,NA,NA,NA,NA,NA,NA,NA
"series",7,"gw",4,2011,2057.4,NA,NA,NA,NA,NA,NA,NA,NA,NA,NA,NA
"regression_segment",7,"gw",4,NA,NA,1,2007,2011,5,629475.398399987,-312.115199999993,0.318,NA,NA,NA,NA
"variance_segment",7,"gw",4,NA,NA,1,2007,2011,5,NA,NA,NA,2435.9616,852.12835206721,NA,NA
