date,DW_SW,DW_LW,Air_Temp,SPFH,Pa,Precip,WS_u,WS_v,Albedo,LE_model,RH
2005-01-01,128.0500019,278.4458375,279.0208375,0.0049125,85569.58333,0.0,1.091666683,2.629166706,0.119377933,0.1257208101328543,0.7987422947162826
2005-01-02,65.70416765,274.1875041,277.7958375,0.004283333,85736.66667,0.0,-0.112500002,3.279166716,0.11938858,0.0316697203293231,0.7606653893047209
2005-01-03,76.13750113,320.3500048,278.9583375,0.005995833,85729.16667,36.20000054,-0.654166676,3.791666723,0.119950447,24.36280527270741,0.9809907079297752
2005-01-04,72.10000107,318.5666714,278.3333375,0.005825,84943.33333,53.00000079,0.600000009,7.358333443,0.120903324,23.63576131999595,0.9867038829818616
2005-01-05,119.7416685,286.1916709,276.3500041,0.0046,85632.08333,15.90000024,2.658333373,3.979166726,0.336015213,26.626546641486744,0.9043714929181428
2005-01-06,136.5791687,222.2083366,274.6958374,0.003654167,85643.33333,0.200000003,-1.250000019,0.820833346,0.345387127,4.643356501960929,0.8095641586505555
2005-01-07,72.62083442,245.5166703,274.7666708,0.003829167,85298.33333,0.100000001,-1.004166682,1.279166686,0.308105293,0.4980878152765374,0.8405828581708449
2005-01-08,98.15000146,300.9458378,277.1958375,0.0041125,85631.25,0.100000001,-0.612500009,3.175000047,0.271504383,18.10880013071296,0.7611511817385711
2005-01-09,132.3458353,277.8458375,279.4875042,0.004558333,86094.16667,0.0,-0.379166672,3.304166716,0.201650757,15.971922544898618,0.721761016808611
2005-01-10,94.80000141,303.3250045,280.0791708,0.004529167,85968.33333,0.0,0.512500008,2.87916671,0.15761373,11.523891387001484,0.6871980113674907
2005-01-11,95.73333476,305.7416712,280.5375042,0.0050875,85329.58333,0.0,2.666666706,4.629166736,0.13639813,7.927873155103791,0.7422180618904608
2005-01-12,144.5000022,255.8833371,278.3166708,0.004770833,84911.66667,6.800000101,5.800000086,2.641666706,0.133161834,29.745217353751723,0.8087852179326765
2005-01-13,150.2416689,214.1333365,276.3791708,0.003608333,85817.91667,0.0,0.154166669,-1.416666688,0.13279864,9.267096159657966,0.7094632137283151
2005-01-14,91.01250136,260.9250039,277.1375041,0.002591667,85987.08333,0.0,-2.516666704,-0.195833336,0.128040916,12.801780710820909,0.4836681367417317
2005-01-15,150.0708356,215.4416699,277.5291708,0.0025125,86346.66667,0.0,-3.191666714,-0.366666672,0.124510888,11.442814463381238,0.457933216728184
2005-01-16,150.3625022,224.3000033,279.0000042,0.002654167,86467.5,0.0,-3.745833389,-0.533333341,0.122185941,9.350707655705072,0.436716659473818
2005-01-17,149.8708356,233.1208368,280.1708375,0.003375,86237.08333,0.0,-3.858333391,0.175000003,0.120869886,6.252853474516701,0.5104217931156204
2005-01-18,151.8708356,240.0666702,281.3333375,0.003845833,86332.5,0.0,-3.708333389,-0.804166679,0.120188975,4.6854652812703055,0.5373504919980667
2005-01-19,151.7916689,243.8875036,282.0750042,0.00385,86444.58333,0.0,-3.454166718,-0.704166677,0.119867921,3.782177015349052,0.5119393973858355
2005-01-20,136.4291687,243.5625036,282.1083375,0.003154167,86158.33333,0.0,-3.208333381,-0.020833334,0.119726158,2.990961515074997,0.4170739945366618
2005-01-21,95.79166809,295.2958377,283.1416709,0.004870833,85821.25,0.0,1.791666693,1.104166683,0.119691838,2.0662379584962194,0.5980069476481985
2005-01-22,147.9208355,294.7541711,283.7625042,0.006666666,85864.16667,0.0,-0.320833338,0.86666668,0.119695033,3.047549669283895,0.7852598930012683
2005-01-23,153.266669,268.9333373,283.9750042,0.005470833,86176.25,0.0,-3.491666719,0.612500009,0.119714755,1.654419783628361,0.6375585290941953
2005-01-24,98.75416814,306.2583379,283.1500042,0.006104167,86052.08333,0.900000013,-1.154166684,1.641666691,0.119738295,1.921804160557997,0.7510188544162276
2005-01-25,152.0958356,268.412504,281.5333375,0.005391667,86080.41667,0.0,-0.483333341,1.737500026,0.119775186,1.8502156278738495,0.7408919996997732
2005-01-26,72.72500108,319.3458381,282.1833375,0.006295833,85555.83333,8.100000121,0.250000004,1.916666695,0.119799994,14.475379708652437,0.8224507889018652
2005-01-27,124.2208352,320.3583381,281.6041709,0.006991666,85475.83333,5.300000079,2.2041667,4.125000061,0.119838793,33.31974684576313,0.9493821959287188
2005-01-28,161.1500024,253.2916704,280.3000042,0.005266667,85825.41667,0.0,0.741666678,0.712500011,0.119877588,18.486253203167983,0.7856378758204958
2005-01-29,127.6125019,261.2083372,279.5041708,0.004925,85593.75,2.400000036,0.933333347,2.883333376,0.119916387,20.7606921806643,0.7743848313644632
2005-01-30,58.16250087,303.7958379,278.1416708,0.005266667,85377.5,2.400000036,2.520833371,1.391666687,0.168875496,10.984751002203485,0.9088879492821692
2005-01-31,135.2583353,285.8666709,278.5541708,0.0048875,85755.0,0.0,-0.166666669,-0.404166673,0.161375817,17.77377924016201,0.8229183906100923
2005-02-01,101.4250015,277.8875041,278.2083375,0.003420833,85701.25,0.0,-2.2416667,-0.550000008,0.147947463,15.314870101496693,0.5898036777608374
2005-02-02,146.9625022,249.383337,278.6333375,0.002979167,85901.25,0.0,-4.062500061,-1.837500027,0.138689841,17.57646138489093,0.4996750815873477
2005-02-03,171.7625026,227.4208367,278.4958375,0.003033333,86123.75,0.0,-5.225000078,-0.137500002,0.132456642,10.785225761608263,0.5150337221884401
2005-02-04,145.7541688,253.1708371,279.3500042,0.0034125,86067.91667,0.0,-4.383333399,1.062500016,0.12730872,6.819150638986577,0.5453776321202276
2005-02-05,115.5125017,298.6666711,280.0291708,0.004466667,85494.58333,0.0,-1.129166683,1.358333354,0.123779506,5.091214417532832,0.67632519981514
2005-02-06,133.637502,286.2791709,279.6958375,0.004925,85327.5,0.0,2.01250003,2.391666702,0.122088339,3.046161476477743,0.7617283983817613
2005-02-07,77.25416782,305.8958379,279.8875042,0.005620833,85587.08333,12.40000018,2.212500033,4.408333399,0.121223051,32.10669964133927,0.8604374549934547
2005-02-08,175.5833359,283.6250042,279.7125042,0.005570833,85655.41667,0.100000001,0.820833346,1.404166688,0.120860671,32.844965935617495,0.8639241790603424
2005-02-09,179.283336,231.4708368,279.3875042,0.0040125,85785.41667,0.0,-1.529166689,0.225000003,0.120590476,19.35299828134642,0.6374912299660621
2005-02-10,80.22916786,274.5750041,279.2250042,0.003620833,85749.58333,2.900000043,-3.287500049,1.104166683,0.120476687,23.24053418870931,0.5815923080485659
2005-02-11,62.43333426,338.9541717,281.1166709,0.007233333,85770.83333,46.10000069,-2.820833375,3.083333379,0.120419483,21.033626825838663,1.0191651950661118
2005-02-12,62.55833427,339.1041717,281.5958375,0.007729166,85537.08333,79.70000119,2.429166703,3.800000057,0.120414409,16.903849016192538,1.0508781469227308
2005-02-13,166.0500025,307.5250046,281.5166709,0.007216666,85948.75,1.400000021,2.041666697,0.65000001,0.120437949,27.520259713749056,0.9912892535157446
2005-02-14,166.7083358,281.5833375,281.5416709,0.006529167,85835.41667,1.000000015,0.837500012,0.629166676,0.120476108,20.865340432494733,0.8941356896551877
2005-02-15,139.9000021,305.7916712,282.2791709,0.00635,85763.75,0.400000006,1.416666688,2.262500034,0.120500284,18.70535310304049,0.8261230318289557
2005-02-16,135.5708354,301.9541712,281.8208375,0.006104167,85797.91667,1.400000021,-0.570833342,1.216666685,0.120605179,16.891014305602937,0.8197329933068094
2005-02-17,109.133335,280.2708375,281.7458375,0.0048625,85620.41667,0.0,-1.995833363,0.766666678,0.120713615,9.57885683589698,0.6549932978058077
2005-02-18,75.69583446,337.937505,281.9416709,0.007379166,85641.25,11.00000016,-1.366666687,2.45833337,0.12082205,27.379674059521843,0.9809991028229014
2005-02-19,97.46666812,329.1500049,281.7500042,0.007083333,85572.91667,25.00000037,0.829166679,5.016666741,0.120930482,36.32188921361613,0.953344658315008
2005-02-20,136.1666687,313.345838,281.3458375,0.006720833,85603.33333,14.50000022,1.183333351,3.412500051,0.121024295,44.57409474437432,0.9303225899224188
2005-02-21,149.0208356,297.5416711,281.7750042,0.006045833,85707.5,0.0,-0.170833336,3.425000051,0.121132091,33.700189485168856,0.8135930776598158
2005-02-22,141.1750021,322.2041715,281.5833375,0.006554167,85554.58333,19.9000003,0.87916668,3.908333392,0.12123594,54.25264224436916,0.8920689739934796
2005-02-23,175.0000026,290.7625043,281.4708375,0.006016667,85620.83333,1.900000028,0.825000012,3.079166713,0.121344615,41.77130707045954,0.8258973193414834
2005-02-24,155.229169,278.0875041,280.3750042,0.005341667,85481.66667,0.0,0.858333346,1.57916669,0.121453534,23.09144601590966,0.7895200838466321
2005-02-25,158.0875024,285.1416709,279.9875042,0.0049125,85483.75,0.70000001,0.066666668,0.833333346,0.121547742,21.20422474747802,0.7458937110823872
2005-02-26,181.3541694,257.8416705,280.4458375,0.004908333,85431.66667,0.600000009,1.037500015,0.454166673,0.121656027,17.62181252782939,0.7214989902993891
2005-02-27,207.5000031,268.9791707,280.8625042,0.005291667,85629.58333,1.500000022,2.845833376,0.262500004,0.121764966,24.27808116460135,0.7575154910859032
2005-02-28,211.5500032,246.5000037,280.8875042,0.00495,85850.0,0.0,1.895833362,0.400000006,0.121873819,14.875760889652083,0.7092046601520382
2005-03-01,224.4125033,246.8250037,281.0125042,0.004725,85572.91667,0.0,2.304166701,-0.545833341,0.121982804,11.794014673430873,0.6689921768004674
2005-03-02,214.2875032,251.3791704,281.8208375,0.005091667,85527.91667,0.0,1.500000022,0.591666675,0.122091692,8.799397658344596,0.6816118813356882
2005-03-03,193.7166696,274.7625041,281.3875042,0.005216667,85676.66667,0.0,2.741666708,1.804166694,0.122185978,5.730419756922693,0.7206626024363463
2005-03-04,210.5333365,271.325004,281.6375042,0.004975,85738.75,0.0,-0.304166671,1.183333351,0.122294289,6.628870143687217,0.6760745477369634
2005-03-05,166.6541692,299.4166711,280.9000042,0.0056625,85594.58333,23.30000035,0.195833336,2.091666698,0.122403266,53.78967099633657,0.808176257364829
2005-03-06,179.108336,288.9875043,280.3541708,0.005633333,85599.58333,9.40000014,-0.645833343,1.229166685,0.122512087,50.27695066769165,0.8349824343641457
2005-03-07,231.6791701,268.650004,281.0208375,0.005658333,85773.75,0.0,1.291666686,-0.454166673,0.122621004,41.61737846675461,0.8025579170296859
2005-03-08,236.7708369,260.2791705,283.4791709,0.006225,85886.66667,0.0,2.866666709,-0.412500006,0.122715299,33.824454558164256,0.7475832089329241
2005-03-09,240.6041703,255.2208371,285.1041709,0.005170833,85935.41667,0.0,0.145833336,-1.75833336,0.122823574,25.39410631438989,0.557150103309365
2005-03-10,243.0250036,253.3041704,285.5500043,0.004270833,85815.0,0.0,-0.629166676,-0.491666674,0.122932483,18.219370372925912,0.4460991336037317
2005-03-11,246.4916703,249.6458371,286.4000043,0.0038875,85737.08333,0.0,-1.737500026,-1.487500022,0.123041422,14.089436243324997,0.3834940605948969
2005-03-12,245.558337,252.8250038,285.9958376,0.004166667,85838.75,0.0,2.558333371,0.591666675,0.123150278,10.105079333732242,0.422658879694223
2005-03-13,245.9625037,261.6500039,285.3666709,0.005041667,85469.16667,0.0,4.070833394,2.108333365,0.123254143,7.627450815834457,0.5309231643522957
2005-03-14,226.8625034,261.3375039,283.2458376,0.005025,85142.5,0.0,3.637500054,3.233333382,0.123366251,5.368792717879666,0.607754140318901
2005-03-15,258.9833372,239.7416702,280.0666708,0.00265,85274.16667,0.0,-1.212500018,-4.975000074,0.123734314,5.7657239256533845,0.3991769334523944
2005-03-16,260.2666705,208.7041698,278.7208375,0.00195,85719.16667,0.0,-1.529166689,-1.529166689,0.12382209,4.169548497117367,0.32436660006422
2005-03-17,245.258337,231.1625034,279.4291708,0.0022875,85640.0,0.0,2.262500034,0.741666678,0.123806151,4.081694433469978,0.3617593843202696
2005-03-18,141.6916688,290.2583377,280.7583375,0.00325,85300.41667,0.0,3.095833379,2.425000036,0.123790215,3.4581168525573425,0.4668018797503433
2005-03-19,70.84583439,325.1375048,281.0875042,0.005508333,85334.58333,2.00000003,1.883333361,2.833333376,0.123823231,3.030186889506666,0.773720454066458
2005-03-20,175.9875026,318.0791714,281.1625042,0.006316667,85484.16667,5.100000076,1.900000028,3.462500052,0.123860062,23.0500834537603,0.8842392528317398
2005-03-21,259.1041705,251.6583371,281.1416709,0.004583333,85608.33333,0.0,3.187500047,0.795833345,0.123900075,19.90113600557721,0.6434523778869187
2005-03-22,239.7541702,248.2416704,281.8833375,0.004016667,85550.83333,0.0,0.900000013,1.075000016,0.12396488,14.21636515210572,0.5355518420072659
2005-03-23,239.1666702,281.9291709,282.0250042,0.004654167,85081.25,0.0,4.00000006,4.212500063,0.124029689,10.087241767304588,0.6111948948576723
2005-03-24,188.4625028,304.6541712,280.8500042,0.004516667,85322.91667,0.0,4.437500066,3.80833339,0.124094494,6.835774984125781,0.6448126571144183
2005-03-25,204.4916697,295.9833377,280.4958375,0.005116667,85388.75,4.400000066,3.345833383,2.770833375,0.124603712,23.835896337726982,0.7491477155268552
2005-03-26,274.0166707,245.7750037,279.6333375,0.003733333,85690.0,0.600000009,3.179166714,-1.170833351,0.124799492,21.40931826108135,0.5824025280097171
2005-03-27,274.8208374,232.6000035,281.3500042,0.002895833,86011.66667,0.0,-1.104166683,-0.716666677,0.124589639,16.477195893247373,0.4026486938908452
2005-03-28,253.0916704,251.0125037,283.5583376,0.003170833,85353.75,0.0,0.979166681,2.866666709,0.124466256,12.10239066225076,0.3764167163113284
2005-03-29,277.3416708,262.9708373,283.3416709,0.004470833,85038.33333,0.0,5.950000089,2.979166711,0.124487828,9.318761053501364,0.5365784962166232
2005-03-30,279.1875042,243.9916703,281.8750042,0.003820833,85382.08333,0.0,4.116666728,1.058333349,0.124528477,7.109400980629073,0.5087259624119578
2005-03-31,286.6958376,248.8791704,281.3708375,0.003854167,85859.58333,0.0,0.108333335,-4.291666731,0.124589467,6.1613102793305,0.5341865572852169
2005-04-01,296.1708377,238.0500035,283.7708376,0.0032875,86368.75,0.0,-3.720833389,-1.537500023,0.1246441,6.676013005630554,0.3892882318094435
2005-04-02,285.2625043,242.8500036,285.4375043,0.003058333,85920.83333,0.0,-3.595833387,1.720833359,0.124708273,6.608003471369302,0.3222445308770851
2005-04-03,277.1166708,273.5333374,286.1791709,0.003316667,85531.66667,0.0,1.687500025,3.962500059,0.124787701,6.725844888499632,0.3311927966224118
2005-04-04,295.8000044,261.0291706,286.0208376,0.004208333,85389.58333,0.0,3.79583339,5.262500078,0.124853146,6.49507311843383,0.4239496676587235
2005-04-05,301.6875045,243.570837,284.5625042,0.003420833,85800.0,0.0,3.029166712,-1.870833361,0.124917951,5.065567063318154,0.3815702726388288
2005-04-06,289.9333377,243.0041703,285.6125043,0.002733333,86091.25,0.0,-2.120833365,-1.620833357,0.124997379,4.813481053701636,0.285236223764519
2005-04-07,289.266671,266.050004,288.2875043,0.00295,85797.5,0.0,-2.366666702,1.941666696,0.125062824,5.455096964570359,0.2573625087402982
2005-04-08,304.9333379,276.3166708,287.8083376,0.0041375,85247.91667,0.0,4.550000068,5.195833411,0.125142252,6.325936549178528,0.3700146526787504
2005-04-09,291.404171,253.2083371,285.1083376,0.003983333,84852.08333,0.0,5.137500077,3.804166723,0.125207697,4.720499197801518,0.4236702943854419
2005-04-10,288.6625043,285.6083376,282.6333375,0.003575,84995.83333,0.0,4.420833399,-0.075000001,0.125272502,3.951135683024485,0.4499508362495413
2005-04-11,308.8250046,246.1916703,283.7250042,0.003416667,85571.66667,0.0,2.220833366,-0.375000006,0.125337307,3.555280573832376,0.4020898027302798
2005-04-12,311.0875046,246.7875037,286.3041709,0.00295,85508.33333,0.0,-0.137500002,-0.500000007,0.125416739,4.212173720517945,0.2920765562931158
2005-04-13,290.1250043,268.2541707,289.6625043,0.003358333,85589.58333,0.0,0.341666672,2.208333366,0.125477749,4.044428661962594,0.2674240481211439
2005-04-14,311.7375046,262.4083372,288.6500043,0.003425,85635.0,0.0,1.900000028,1.458333355,0.125554518,4.033823546157519,0.2913030764447073
2005-04-15,303.7500045,263.8708373,289.516671,0.003520833,85551.25,0.0,1.595833357,1.175000018,0.125617385,3.786930388064891,0.2828790714683396
2005-04-16,252.9458371,278.3458375,290.079171,0.003308333,85597.91667,0.0,0.704166677,0.116666668,0.125691592,3.1469061721125726,0.256517054191211
2005-04-17,313.0166713,274.8833374,289.616671,0.004091667,85842.08333,0.0,2.041666697,2.233333367,0.125762805,4.263503395782199,0.3277449241195168
2005-04-18,317.9416714,268.712504,289.3083376,0.004316667,85529.16667,0.0,2.337500035,4.283333397,0.125844169,4.656545878996963,0.3514138828078537
2005-04-19,321.8750048,260.2333372,288.0750043,0.004329167,85187.91667,0.0,2.683333373,5.658333418,0.125913126,4.76141578384379,0.3802183318473868
2005-04-20,322.5208381,260.9666706,287.0541709,0.004479167,85472.5,0.0,2.750000041,3.541666719,0.12598494,4.113507548587769,0.4219395361657317
2005-04-21,326.1791715,249.2666704,286.5833376,0.003425,85757.08333,0.0,0.404166673,0.041666667,0.126059989,4.143257675508989,0.3338884747471804
2005-04-22,278.8041708,265.4458373,287.8458376,0.002616667,85794.58333,0.0,0.587500009,0.995833348,0.126135188,3.512771563429436,0.2349325984016525
2005-04-23,282.3750042,310.0625046,288.4458376,0.004341667,85697.5,0.0,1.745833359,2.704166707,0.126210358,4.413372415644812,0.3744620023727415
2005-04-24,196.4000029,331.4291716,286.4708376,0.007108333,85297.5,19.9000003,3.654166721,5.629166751,0.126285538,121.10260490168136,0.6943761361690931
2005-04-25,301.0833378,311.5750046,287.0458376,0.006729166,85352.08333,0.0,3.608333387,1.254166685,0.126360698,59.18917585965559,0.6333436755691559
2005-04-26,321.0791715,283.5250042,286.8208376,0.005633333,85492.5,0.0,2.683333373,0.529166675,0.126435874,30.048633415325263,0.538984554138945
2005-04-27,326.0583382,276.3750041,287.7500043,0.0050625,85560.83333,0.0,2.908333377,3.029166712,0.126496424,17.67111699973844,0.4561315407190314
2005-04-28,203.2708364,286.2125043,286.8875043,0.0049375,85525.0,0.100000001,3.983333393,3.900000058,0.126585591,8.593946152001159,0.4705220646000632
2005-04-29,280.4375042,307.1250046,286.2125043,0.0064125,85630.41667,1.200000018,4.325000064,1.308333353,0.126646767,12.89273341215338,0.6396625669330455
2005-04-30,310.8750046,275.6250041,286.9083376,0.005158333,85812.5,0.0,1.82083336,0.391666673,0.126722422,12.698916413641584,0.492544223830227
2005-05-01,319.2916714,277.1458375,286.8916709,0.003866667,85642.5,0.0,3.187500047,2.420833369,0.126797555,9.28675298093144,0.3688816096033463
2005-05-02,323.0791715,273.0708374,287.6875043,0.003316667,85659.16667,0.0,2.191666699,2.270833367,0.126869428,8.458943030351564,0.3003984020665814
2005-05-03,339.5416717,275.0958374,288.854171,0.0042375,85630.41667,0.0,2.795833375,1.720833359,0.126944906,7.735321550899295,0.355656206033217
2005-05-04,338.5458384,291.354171,290.8083377,0.005170833,85840.41667,0.0,2.191666699,1.400000021,0.12702119,7.693876055230808,0.3837664752794196
2005-05-05,339.8000051,284.1666709,290.504171,0.004283333,85602.08333,0.0,1.154166684,3.637500054,0.127094018,6.880954104622322,0.3232251598661067
2005-05-06,327.5958382,282.8083375,288.679171,0.005129167,85475.0,0.0,3.862500058,5.56666675,0.127167895,5.869229492499961,0.4346087736349208
2005-05-07,318.0041714,279.8333375,286.7041709,0.005075,85514.58333,0.0,2.404166702,2.341666702,0.127249099,4.67054677817584,0.4894315230936875
2005-05-08,346.0291718,272.7583374,287.479171,0.004408333,85641.66667,0.0,2.125000032,0.87916668,0.127314038,5.264681807724579,0.4046634075284854
2005-05-09,346.3041718,275.5916708,288.2583376,0.004529167,85597.91667,0.0,2.600000039,2.883333376,0.127392935,5.124790897895099,0.3949602379568262
2005-05-10,346.4375052,280.3666708,289.0375043,0.004954167,85369.58333,0.0,3.304166716,4.4458334,0.127460002,5.281707105854136,0.4096562270365129
2005-05-11,356.0458386,254.5916705,287.2416709,0.003275,85337.91667,0.0,3.029166712,1.275000019,0.127540332,4.713254955230284,0.3042566451746549
2005-05-12,358.8958387,246.4916703,287.5875043,0.0024125,85506.66667,0.0,1.100000016,0.058333334,0.127608199,4.986413274969709,0.2195462319669638
2005-05-13,353.4125053,262.6458372,289.629171,0.0028375,85705.41667,0.0,1.004166682,-0.208333336,0.12768329,5.247348480407693,0.2267412526942244
2005-05-14,318.1625047,282.8000042,291.579171,0.003104167,85590.0,0.0,1.437500021,0.941666681,0.127758466,4.7479991422536685,0.2187377864524674
2005-05-15,350.8583386,292.4750044,292.8250044,0.003408333,85520.83333,0.0,2.620833372,-0.075000001,0.127833637,5.398686946105111,0.2218612904192706
2005-05-16,348.5375052,291.2500043,292.954171,0.004020833,85335.0,0.0,3.858333391,2.779166708,0.127872457,5.527084335611701,0.2590571597379316
2005-05-17,348.0083385,292.3458377,292.4250044,0.0047,84973.75,0.0,3.308333383,4.68750007,0.127895004,5.469176073526575,0.3117156792223168
2005-05-18,346.7500052,297.4375044,291.2625043,0.005270833,85291.66667,0.0,2.270833367,1.870833361,0.12791684,4.867189897067703,0.3776238218424718
2005-05-19,352.9458386,298.0958378,293.1833377,0.005029167,85622.5,0.0,2.170833366,0.066666668,0.127953383,5.137172358324717,0.3204854938807587
2005-05-20,349.9666719,305.1125045,295.7208377,0.005008333,85626.66667,0.0,2.583333372,0.058333334,0.127990541,5.168366054908217,0.2727747025524569
2005-05-21,340.3500051,311.2125046,296.7916711,0.004845833,85752.5,0.0,2.300000034,1.266666686,0.128008062,4.994167420884928,0.247586557356566
2005-05-22,353.2208386,304.3083379,296.8041711,0.004241667,85665.83333,0.0,2.479166704,1.09583335,0.12804041,4.999503238048839,0.2163346193264461
2005-05-23,353.9250053,297.7166711,296.6791711,0.003633333,85526.25,0.0,3.087500046,1.258333352,0.128064769,4.906303586290125,0.1864180914630448
2005-05-24,353.2791719,311.420838,296.3958377,0.004883333,85583.33333,0.0,3.587500053,2.095833365,0.12809812,5.15903603734008,0.2550846998671109
2005-05-25,355.9333386,310.0625046,295.5750044,0.005391667,85777.08333,0.0,2.895833376,1.32500002,0.128127729,5.0254054724794095,0.296811511608729
2005-05-26,354.3375053,302.5958378,295.8291711,0.0046125,85680.41667,0.0,2.475000037,0.595833342,0.128153224,4.925710694210007,0.2497105972627772
2005-05-27,351.2583386,314.995838,296.2791711,0.005295833,85551.66667,0.0,4.262500064,1.150000017,0.128181833,5.213705909838368,0.2785048428792593
2005-05-28,340.3416717,326.8166715,294.5000044,0.006445833,85593.75,0.0,4.208333396,0.770833345,0.128213468,5.112715581808836,0.3783363138135544
2005-05-29,344.6541718,339.0708384,293.6833377,0.008083333,85552.08333,0.900000013,4.262500064,1.983333363,0.128235104,6.2125654195279765,0.4988797026369676
2005-05-30,357.0500053,317.4875047,294.5250044,0.006954166,85449.58333,0.0,3.487500052,4.450000066,0.128271616,6.185287969635988,0.4068554292642792
2005-05-31,360.879172,297.2250044,293.366671,0.004895833,85562.5,0.0,2.787500042,1.454166688,0.128294193,6.006171162772106,0.3082195166130384
2005-06-01,348.0833385,299.3708378,294.1458377,0.0047625,85446.66667,0.0,3.016666712,2.333333368,0.128330808,5.74272287828554,0.2852452440387407
2005-06-02,312.658338,304.7208379,293.091671,0.004845833,85196.25,0.0,2.762500041,4.408333399,0.128353422,5.18659868748005,0.3090318077262299
2005-06-03,349.3500052,301.8750045,292.6375044,0.005725,85098.33333,0.0,3.200000048,4.100000061,0.12839002,5.230995693841738,0.3752089615018061
2005-06-04,347.4291718,313.045838,293.3250044,0.006470833,85333.75,0.0,2.708333374,1.80833336,0.12841215,5.278713864844234,0.4073436985245853
2005-06-05,347.1833385,313.345838,293.7708377,0.006066667,85404.16667,0.0,2.2541667,3.208333381,0.128432529,5.080310778897005,0.3717390909825172
2005-06-06,351.6333386,303.5416712,293.491671,0.005791667,85350.83333,0.0,2.529166704,4.825000072,0.128467485,4.814061182835227,0.3608892171064138
2005-06-07,353.9166719,294.7541711,292.7000044,0.005270833,85353.33333,0.0,2.754166708,3.970833393,0.12850308,4.514625658562797,0.3451219207688434
2005-06-08,356.0458386,286.5958376,292.4708377,0.004366667,85411.66667,0.0,2.441666703,3.691666722,0.128524049,4.338075320075934,0.2902629604062935
2005-06-09,348.3666719,291.316671,292.9958377,0.004275,85293.33333,0.0,2.779166708,4.183333396,0.128559004,4.224632176248427,0.2745809424873192
2005-06-10,348.9083385,310.0750046,293.154171,0.005645833,85166.66667,0.0,3.429166718,2.066666697,0.128579976,4.214115517626351,0.3585206074259791
2005-06-11,333.687505,339.3250051,293.566671,0.007070833,85022.91667,0.500000007,3.379166717,3.033333379,0.128614932,4.71838130560129,0.4368559055916013
2005-06-12,348.3208385,328.6333382,295.2875044,0.007441666,85370.41667,0.0,3.141666713,2.862500043,0.1286359,4.708729227193919,0.4149874345013959
2005-06-13,350.6833386,318.8166714,295.8791711,0.006695833,85677.91667,0.0,2.387500036,0.054166667,0.12867086,4.839038289219983,0.3613789178011769
2005-06-14,350.1333386,309.2000046,296.3208377,0.005233333,85521.25,0.0,1.391666687,0.745833344,0.128691828,4.756597653181419,0.2744214877480199
2005-06-15,351.6041719,323.4125048,297.7750044,0.006208333,85547.5,0.0,2.737500041,2.395833369,0.128726784,4.134485814957329,0.2981462962677748
2005-06-16,357.1750053,304.9125045,296.7125044,0.004983333,85702.5,0.0,2.837500042,3.408333384,0.128846943,3.785848875388356,0.2556913774808378
2005-06-17,355.2750053,294.4458377,295.3166711,0.0041875,85523.33333,0.0,3.141666713,3.35000005,0.128956156,3.5325555335062635,0.233516631647493
2005-06-18,357.7458387,298.1625044,295.7083377,0.004325,85435.83333,0.0,2.554166705,3.562500053,0.12907936,3.435893925241819,0.2352127271178287
2005-06-19,353.9625053,307.8083379,297.0666711,0.004508333,85760.41667,0.0,1.262500019,2.383333369,0.129188573,3.470785852725855,0.2265487267397825
2005-06-20,349.5416719,317.3083381,298.1208378,0.003529167,85778.33333,0.0,0.604166676,-0.212500003,0.129326397,4.271874321217542,0.1664357968002704
2005-06-21,285.2875043,353.9708386,300.0958378,0.004954167,85794.58333,0.0,1.404166688,1.379166687,0.129436245,2.766154251548999,0.2076823329647086
2005-06-22,341.8708384,349.3916719,300.2625045,0.0052375,85886.66667,0.400000006,-2.2541667,3.016666712,0.129559446,3.7430952551388064,0.2176361257174246
2005-06-23,343.8666718,351.7791719,300.0291711,0.006316667,85771.25,0.0,2.400000036,2.029166697,0.129668659,3.857075533158497,0.2657757931790206
2005-06-24,343.0583384,345.8208385,298.9208378,0.006858333,85807.91667,0.0,3.016666712,1.529166689,0.129791863,3.795880647744981,0.3083892084639901
2005-06-25,346.1166718,329.0916716,297.8333378,0.005425,85611.66667,0.0,2.679166707,1.762500026,0.129901076,3.5749683404414374,0.2598074306853061
2005-06-26,351.4208386,325.2583382,297.8416711,0.004866667,85505.41667,0.0,3.070833379,3.941666725,0.130024276,3.331193936353645,0.2326622223290326
2005-06-27,352.4750053,304.7291712,297.1958378,0.0034125,85636.66667,0.0,1.895833362,3.287500049,0.130148112,3.091339144819061,0.1698985683192967
2005-06-28,341.8583384,324.3125048,297.6208378,0.004516667,85642.08333,0.0,3.104166713,3.112500046,0.130271949,3.1034160492338594,0.2191767801481486
2005-06-29,355.704172,301.4333378,297.1458378,0.003908333,85647.08333,0.0,2.291666701,2.029166697,0.130381162,3.067399687241797,0.1951990644752083
2005-06-30,356.8125053,291.6250043,297.5375044,0.0028625,85690.0,0.0,2.570833372,1.250000019,0.130504365,2.8030319508839883,0.139685661383146
2005-07-01,335.7916717,296.2708377,298.0958378,0.003029167,85770.83333,0.0,3.420833384,1.437500021,0.130628202,2.514287672388963,0.1430583452081673
2005-07-02,331.5208383,315.4916714,298.7041711,0.00485,85772.91667,0.0,3.866666724,1.641666691,0.130737415,2.6609261887141864,0.2208399992172945
2005-07-03,332.0708383,326.2666715,299.4083378,0.005683333,85698.75,0.0,3.462500052,2.225000033,0.130860615,2.6782512182866203,0.24790859093695
2005-07-04,335.0041717,308.3375046,298.5583378,0.004395833,85751.66667,0.0,2.529166704,1.087500016,0.130969828,2.614295637687092,0.2018673054504174
2005-07-05,332.2583383,311.420838,299.3333378,0.003766667,85841.66667,0.0,2.129166698,2.454166703,0.131093029,2.364503118604562,0.1653144425064378
2005-07-06,330.7375049,317.0541714,299.6708378,0.003779167,85780.41667,0.0,2.829166709,3.129166713,0.131216865,2.3142243550564885,0.1624470803349215
2005-07-07,328.6083382,319.6666714,298.8083378,0.0045125,85843.75,0.0,2.816666709,2.466666703,0.131340704,2.622123012407431,0.204363147639246
2005-07-08,327.8666716,334.0333383,299.5250045,0.005841667,85914.58333,0.0,2.404166702,2.92916671,0.131449918,2.779815288805178,0.25368795967362
2005-07-09,332.6791716,313.008338,298.1416711,0.004625,85777.5,0.0,2.295833368,2.875000043,0.131573118,2.782723510028911,0.2178399978063394
2005-07-10,330.0291716,318.7666714,298.6833378,0.004929167,85714.58333,0.0,3.14583338,2.370833369,0.131682331,2.77076712705702,0.2245722835515933
2005-07-11,330.7500049,315.0000047,299.0666711,0.004345833,85847.08333,0.0,2.462500037,1.004166682,0.131805531,2.7349043558794284,0.1938054196130783
2005-07-12,329.7666716,314.9291714,300.1625045,0.003575,85987.5,0.0,2.829166709,-0.362500005,0.131929367,2.264228936367897,0.1496113777256864
2005-07-13,286.5250043,347.7416718,301.6416712,0.0038875,85930.41667,0.0,2.295833368,1.562500023,0.132053207,1.606634452335011,0.1490129576905954
2005-07-14,319.3083381,361.1000054,302.8458378,0.006425,85820.0,0.0,3.645833388,1.495833356,0.13216242,1.911602144561916,0.2292816237410743
2005-07-15,319.4416714,369.4083388,303.4375045,0.008366666,85767.5,0.0,4.512500067,0.920833347,0.132285621,2.086670460973518,0.2883355109687395
2005-07-16,317.7166714,374.1083389,303.4333379,0.008591666,85755.41667,0.0,4.112500061,0.575000009,0.132099221,2.0928667017842386,0.2961191437579698
2005-07-17,317.4125047,372.3166722,302.9083378,0.007929166,85620.0,0.0,4.450000066,0.570833342,0.13188471,2.048699192238659,0.2812774306841229
2005-07-18,316.6000047,360.791672,301.7708378,0.006804166,85483.33333,0.0,3.845833391,0.391666673,0.131684187,2.093656860737158,0.257500599515174
2005-07-19,315.220838,360.9500054,301.3500045,0.007783333,85544.58333,3.300000049,3.270833382,0.895833347,0.131484299,17.87765692048137,0.302130101792592
2005-07-20,313.2541713,370.8958389,301.4208378,0.009670833,85794.58333,0.0,4.387500065,0.625000009,0.131284411,9.63421957102858,0.3749331955078919
2005-07-21,311.245838,379.9500057,302.0166712,0.010304166,85820.0,0.0,3.295833382,0.804166679,0.131084523,7.815231054924789,0.3859049459981976
2005-07-22,257.7166705,368.2375055,300.6458378,0.008283333,85893.33333,3.400000051,-1.070833349,3.004166711,0.130870012,29.80204883587744,0.3365149302286053
2005-07-23,296.7041711,378.520839,298.8666711,0.010045833,86095.0,0.600000009,-0.950000014,3.38750005,0.130669492,20.43490601263436,0.4546994204878619
2005-07-24,295.8916711,375.3458389,296.5541711,0.010579166,86002.5,7.600000113,2.67500004,0.825000012,0.130469604,94.21522717547973,0.5499848515721066
2005-07-25,291.5208377,375.0833389,297.5416711,0.011504166,85819.58333,1.900000028,2.800000042,0.670833343,0.130273742,60.95407112545144,0.5620932246377045
2005-07-26,238.0750035,371.6250055,298.2416711,0.01015,85770.83333,19.9000003,3.250000048,0.66250001,0.130062893,148.63416499915098,0.4751668616364647
2005-07-27,298.2666711,361.3750054,297.6958378,0.008858333,85730.0,1.300000019,2.654166706,0.483333341,0.129866006,79.72411486134806,0.4283581368475275
2005-07-28,309.2333379,348.1791719,297.4583378,0.007470833,85897.08333,1.300000019,-0.154166669,1.800000027,0.129669756,48.69205533383782,0.3671998762753558
2005-07-29,309.1291713,352.1125052,299.1583378,0.007970833,85938.33333,0.0,-0.220833337,2.491666704,0.129458878,24.59339289098356,0.3538998834543537
2005-07-30,293.6250044,371.4125055,298.4041711,0.010120833,86117.08333,0.0,1.812500027,2.2041667,0.129247366,13.357176078681498,0.4710920356816576
2005-07-31,260.8833372,388.7125058,297.1833378,0.011083333,86212.08333,0.500000007,-1.445833355,2.866666709,0.129050495,10.672005159515216,0.5559360686269901
2005-08-01,267.0208373,375.4333389,297.1458378,0.0102,86014.16667,2.600000039,0.179166669,2.387500036,0.128854257,27.378587367933164,0.5116155693011548
2005-08-02,302.4875045,361.8458387,297.9125044,0.010175,85872.08333,0.0,3.041666712,0.683333344,0.128657978,15.648551286601975,0.4864434690100332
2005-08-03,281.1750042,363.6541721,295.5458377,0.009925,85845.0,9.200000137,4.454166733,0.633333343,0.128447119,116.03504270760784,0.5477840236087443
2005-08-04,300.8708378,357.1708387,296.6125044,0.011029166,86000.41667,0.100000001,3.104166713,0.408333339,0.128235634,41.4130878859089,0.5713323496044134
2005-08-05,237.0500035,359.1875054,295.6708377,0.009345833,85997.5,3.600000054,0.987500015,0.45833334,0.12803873,43.8831300328551,0.5127870516496967
2005-08-06,280.8500042,365.4500054,298.1458378,0.0088125,86016.66667,3.800000057,-1.37500002,1.750000026,0.127842513,75.63788493498444,0.4161264923808129
2005-08-07,248.7000037,365.6041721,298.4625044,0.0093625,85917.5,3.000000045,0.19166667,0.579166675,0.127631576,49.09034779687932,0.4332641824103623
2005-08-08,240.5750036,373.5166722,297.3916711,0.010295833,85924.16667,0.500000007,1.037500015,0.812500012,0.127434711,37.41364872281071,0.5082571845619397
2005-08-09,233.0625035,373.0208389,296.3458377,0.011625,86001.66667,0.100000001,3.054166712,0.758333345,0.127238454,19.728046468676904,0.6120728681579931
2005-08-10,257.5333372,373.8250056,295.0708377,0.0117375,86106.66667,0.800000012,2.787500042,1.320833353,0.127027601,18.488220642215435,0.6690553916048498
2005-08-11,249.9458371,370.4041722,296.1916711,0.012379166,85953.75,0.200000003,2.866666709,0.383333339,0.126830722,13.28005966484252,0.6575766475667064
2005-08-12,215.3416699,372.3833389,296.3625044,0.012420833,85795.83333,5.700000085,3.525000053,0.70000001,0.126619842,52.0725417745703,0.6517464668546143
2005-08-13,285.8333376,351.2125052,294.1916711,0.0098375,85630.0,2.00000003,3.420833384,1.287500019,0.126422951,54.21522506726315,0.5887948928301127
2005-08-14,275.9500041,345.6291718,294.4166711,0.009320833,85571.66667,0.0,3.15833338,0.775000012,0.126226709,24.420492243436318,0.5497711631479216
2005-08-15,271.5416707,356.904172,294.2291711,0.0096625,85782.08333,26.40000039,1.141666684,2.02500003,0.126015843,133.2675547197208,0.5780020171462636
2005-08-16,283.3000042,355.9833386,296.0333377,0.009766666,85949.58333,3.600000054,1.316666686,1.645833358,0.12588655,91.28778674669093,0.5238207172245061
2005-08-17,268.9208373,356.579172,297.3750044,0.009466666,85923.75,1.300000019,2.408333369,1.287500019,0.125775488,64.82281262797684,0.467794415903953
2005-08-18,293.591671,347.7500052,297.7208378,0.0090125,85877.08333,0.0,3.050000045,1.079166683,0.125665084,34.36192581353207,0.4359024665916182
2005-08-19,283.5583376,350.4125052,297.2541711,0.0097375,85794.58333,0.0,2.875000043,0.637500009,0.12553999,18.05605616448648,0.4839824503734755
2005-08-20,284.9500042,348.3958385,296.4250044,0.008783333,85891.25,5.40000008,2.2291667,-0.375000006,0.125414273,62.03510615420363,0.4596368042453875
2005-08-21,280.5416708,334.9458383,296.9041711,0.006754166,85925.0,0.0,0.270833337,-0.054166667,0.125303224,29.78052205553071,0.3434267160140957
2005-08-22,263.4500039,340.4708384,298.2750044,0.006745833,85761.25,1.000000015,0.65000001,1.687500025,0.125178183,25.68954178518382,0.3151352105802206
2005-08-23,266.6583373,359.1583387,296.9041711,0.009020833,85735.41667,1.500000022,3.420833384,2.212500033,0.125052516,27.3713517208593,0.4576671189224164
2005-08-24,277.4083375,358.841672,296.5833378,0.010941666,85807.08333,0.400000006,2.179166699,2.137500032,0.124941437,18.211680203989097,0.5665306475928963
2005-08-25,280.4000042,363.6333388,297.3583378,0.010141666,85907.91667,0.0,2.704166707,0.750000011,0.124816251,13.522524451274323,0.5015628342589732
2005-08-26,283.6333376,355.141672,299.1375045,0.009166666,85947.5,0.0,2.587500039,-0.729166678,0.124705091,10.623261656463145,0.4075441331089611
2005-08-27,283.3791709,352.2000052,299.7208378,0.008345833,85760.83333,0.0,3.062500046,-0.145833336,0.124594629,8.391920602068875,0.3575981516908896
2005-08-28,283.0916709,351.8583386,300.3416711,0.008204166,85634.58333,0.0,3.087500046,0.029166667,0.124469559,7.0439443127389705,0.3383218221180679
2005-08-29,283.8083376,331.5250049,299.6125045,0.0060875,85564.58333,0.0,2.075000031,0.054166667,0.124343868,5.906454869752437,0.2619193500053658
2005-08-30,283.4375042,327.9875049,299.0583378,0.005795833,85557.08333,0.0,3.708333389,1.462500022,0.124232814,5.335131065138682,0.2577243167840934
2005-08-31,279.0500042,332.3333383,297.7916711,0.006604166,85690.83333,0.0,3.329166716,1.954166696,0.124107763,4.930359846154821,0.3173677083561637
2005-09-01,280.7625042,346.2666718,298.2291711,0.007779166,85699.16667,0.0,2.270833367,1.533333356,0.123996692,4.869943238925843,0.3641468063174417
2005-09-02,277.2833375,337.7166717,296.3750044,0.007029166,85840.0,0.0,0.162500002,2.016666697,0.123871646,4.609534851987096,0.3687433208412217
2005-09-03,257.3375038,346.2041718,296.5375044,0.007254166,85993.75,0.400000006,0.325000005,2.679166707,0.123760599,4.887307199135154,0.3774709017177284
2005-09-04,256.4375038,359.9750054,297.0125044,0.0088,85981.25,0.0,1.991666696,2.058333364,0.123635595,4.75187646493472,0.4448080159986926
2005-09-05,254.1375038,359.0000053,297.9333378,0.008545833,85895.0,0.0,2.091666698,1.329166686,0.123524589,4.618339462089782,0.4081529583618228
2005-09-06,247.095837,359.941672,297.9333378,0.007329166,85931.25,0.0,2.008333363,0.858333346,0.123399543,4.422662394439067,0.3501921047656126
2005-09-07,201.4666697,358.454172,298.0916711,0.006445833,85942.08333,3.800000057,1.587500024,0.412500006,0.123288379,18.683634557414468,0.305101395799457
2005-09-08,236.4916702,358.4583387,296.8375044,0.008095833,85933.75,0.100000001,-0.937500014,2.237500033,0.123163272,13.448976838046477,0.4133588322866076
2005-09-09,223.96667,358.8250053,296.9750044,0.008645833,85689.16667,0.300000004,2.2166667,4.691666737,0.123037595,9.851527524410566,0.4365233743217304
2005-09-10,257.8916705,347.5125052,295.3416711,0.009754166,85609.16667,0.500000007,2.829166709,4.4458334,0.12292661,8.96227644162986,0.5436522902268236
2005-09-11,271.3708374,325.4875049,294.2250044,0.0082375,85761.66667,0.0,1.629166691,4.233333396,0.122801636,7.07700948910195,0.4927698365796482
2005-09-12,269.9791707,312.9875047,293.729171,0.0062875,85781.66667,0.0,1.670833358,3.775000056,0.12269055,6.0609441003085625,0.3879786659834041
2005-09-13,274.7458374,288.4208376,292.3208377,0.0048125,85704.16667,0.0,1.958333363,2.858333376,0.122565492,4.957542632055974,0.3240373193610688
2005-09-14,274.4291708,286.4750043,292.0708377,0.004354167,85661.25,0.0,2.02500003,2.729166707,0.122454364,4.368918146521187,0.297681991136757
2005-09-15,272.9333374,277.2375041,292.7000044,0.003616667,85866.66667,0.0,-0.333333338,1.183333351,0.122329263,4.432474596492842,0.238235199606593
2005-09-16,268.2791707,292.6833377,293.9500044,0.004266667,85896.66667,0.0,0.929166681,3.945833392,0.122315748,3.957261368474674,0.260036871924504
2005-09-17,265.1916706,292.0000044,293.2875044,0.004575,85720.41667,0.0,1.504166689,4.041666727,0.122307165,3.6557563022558193,0.2899830290412751
2005-09-18,261.8416706,297.6625044,293.6958377,0.004595833,85717.91667,0.0,1.270833352,3.937500059,0.122298474,3.550326280001657,0.2839700622707355
2005-09-19,248.3791704,310.2791713,293.1583377,0.0046875,86105.0,0.0,0.345833338,2.479166704,0.122275138,3.285086045683931,0.3008658798509855
2005-09-20,239.6708369,337.7791717,295.5125044,0.005645833,86200.41667,0.0,-1.262500019,0.575000009,0.122265801,3.7199128508416432,0.3135378288207721
2005-09-21,231.7791701,345.6375052,297.2625044,0.007166666,85965.41667,0.0,2.2416667,1.891666695,0.122257056,3.3121527400635618,0.3567335684304799
2005-09-22,250.7541704,340.8666717,296.1291711,0.007208333,85775.0,0.0,2.316666701,1.629166691,0.122242981,3.437427950896628,0.3835694051770821
2005-09-23,233.9833368,331.1625049,295.7958377,0.007204166,85615.41667,0.0,2.233333367,3.162500047,0.122237488,2.942699561449297,0.3905183804203839
2005-09-24,248.9625037,317.9666714,295.0375044,0.0062875,85524.58333,0.0,2.608333372,3.829166724,0.122223944,2.904404600647142,0.3567061904934354
2005-09-25,249.358337,304.5708379,294.0875044,0.004883333,85673.33333,0.0,1.641666691,3.475000052,0.122208219,2.591619486404878,0.2943219793944529
2005-09-26,193.0625029,315.7166714,294.6291711,0.004779167,85917.5,0.0,0.112500002,1.904166695,0.122209939,1.845810779378784,0.2793322886734748
2005-09-27,140.3375021,346.5416718,295.3541711,0.005754167,85894.16667,0.0,2.679166707,1.800000027,0.122199078,1.5854437949605744,0.3215312634612676
2005-09-28,242.1583369,327.4208382,294.4375044,0.0055875,85769.16667,0.0,2.333333368,2.158333365,0.122187619,2.214128811710611,0.3299026099829987
2005-09-29,243.558337,294.8250044,293.3125044,0.004354167,85661.66667,0.0,2.016666697,2.583333372,0.122176168,1.8839561630569372,0.2753661960755823
2005-09-30,244.408337,288.466671,292.704171,0.004041667,85610.83333,0.0,1.32500002,0.362500005,0.122164704,1.7295685236009657,0.2653679662195503
2005-10-01,237.8791702,290.1125043,293.8083377,0.0037,85598.75,0.0,2.058333364,1.666666692,0.122153219,1.648326410181283,0.2267069113537391
2005-10-02,235.5208368,329.5541716,294.4250044,0.0057375,85621.66667,0.0,1.679166692,2.808333375,0.122141719,1.8526939390307655,0.3384383107199364
2005-10-03,230.9500034,321.3541715,294.0375044,0.006741666,85619.16667,0.0,1.937500029,4.100000061,0.122130317,1.748284899113291,0.4073308037615499
2005-10-04,227.1333367,346.4291718,294.5583377,0.009983333,85623.33333,0.500000007,2.787500042,4.345833398,0.122116114,2.039696930469186,0.5840597211088188
2005-10-05,228.9250034,329.9750049,294.0333377,0.009354166,85601.25,0.0,1.195833351,1.450000022,0.122103878,2.1382154851607806,0.5652057742392509
2005-10-06,228.5583367,301.9583378,292.9750044,0.005341667,85625.0,0.0,1.025000015,0.820833346,0.122089225,1.9778667879549552,0.3448761214385267
2005-10-07,224.62917,318.0958381,293.3000044,0.006208333,85593.33333,0.0,-0.566666675,1.500000022,0.122073229,1.9362584211563176,0.3926205647161585
2005-10-08,223.9458367,313.6041713,293.716671,0.005975,85287.91667,0.200000003,3.104166713,4.329166731,0.122070939,2.024825379952805,0.3668586465567379
2005-10-09,199.6791696,321.4458381,291.3500043,0.007729166,85062.08333,0.70000001,3.80833339,3.762500056,0.122054585,2.0626140690648618,0.5492007656255693
2005-10-10,226.1625034,271.4416707,287.8000043,0.004008333,85313.33333,0.0,2.450000037,-0.375000006,0.122042508,1.8922191096832373,0.3589334474001925
2005-10-11,226.24167,262.9166706,287.466671,0.003058333,85633.75,0.0,1.112500017,1.700000025,0.122034007,1.763368401936952,0.2809436554226672
2005-10-12,222.62917,260.2833372,287.7083376,0.002820833,85637.08333,0.0,-0.070833334,0.108333335,0.122025655,2.959839825131291,0.2550764918989132
2005-10-13,219.5333366,281.6875042,289.7583377,0.0031,85728.33333,0.0,-1.291666686,-1.700000025,0.1220173,1.704105569949132,0.245735397513212
2005-10-14,215.0750032,284.3541709,290.1875043,0.00395,86004.16667,0.0,-3.633333387,0.44583334,0.121994324,1.5730411948660896,0.3055959374388842
2005-10-15,200.162503,303.9166712,289.6583376,0.005429167,85748.33333,0.0,-2.820833375,2.750000041,0.121992245,1.380862112134308,0.43324243863096
2005-10-16,195.3958362,319.9750048,291.2583377,0.005866667,85540.41667,0.0,-1.358333354,4.054166727,0.121883171,1.4683322630569222,0.4216490986443741
2005-10-17,165.0250025,318.1500047,290.579171,0.00485,85836.66667,0.0,-1.650000025,2.620833372,0.121769404,1.206512477856873,0.3652367503344277
2005-10-18,150.0875022,334.7791717,288.741671,0.007966666,85722.5,14.80000022,1.295833353,3.058333379,0.121666701,65.63439670611244,0.6742579556586555
2005-10-19,204.2416697,305.1791712,284.6625042,0.0064125,85833.75,3.500000052,2.275000034,1.045833349,0.12154966,60.82495067630512,0.7107784803407822
2005-10-20,205.3333364,271.262504,285.6875043,0.0053375,85816.66667,0.0,0.066666668,-0.712500011,0.121431974,29.57665932443836,0.5524600649531605
2005-10-21,186.6875028,287.9083376,287.9000043,0.004729167,85692.5,0.0,-1.237500018,0.116666668,0.121314285,26.23747325360702,0.4225992383903811
2005-10-22,201.837503,275.4791708,287.8625043,0.004775,85697.5,0.0,0.704166677,0.487500007,0.121211222,18.078370701929167,0.4277642660699143
2005-10-23,201.3666697,267.875004,287.1458376,0.004933333,85505.0,0.0,1.245833352,0.875000013,0.121094168,12.925809643140418,0.4621116505053325
2005-10-24,198.950003,272.4416707,287.541671,0.004783333,85756.66667,0.0,-1.341666687,1.512500023,0.120991106,9.483678801566834,0.4378830626321443
2005-10-25,197.2041696,275.5750041,287.8250043,0.004425,85799.16667,0.0,-0.89166668,3.38750005,0.120874056,6.94328862767714,0.397851833076812
2005-10-26,196.1625029,266.4791706,286.1958376,0.0046625,85681.25,0.0,1.737500026,0.500000007,0.120756367,4.672875226800801,0.4658846442216844
2005-10-27,192.3208362,266.425004,285.7541709,0.004716667,85747.08333,0.0,0.450000007,0.775000012,0.120653304,4.066845240294732,0.4856523182582183
2005-10-28,185.9916694,276.8416708,286.3208376,0.0048125,85858.33333,0.0,0.500000007,3.700000055,0.120536244,2.6810896435782983,0.4779050256912241
2005-10-29,189.1583362,285.0958376,286.3791709,0.00515,85940.0,0.0,1.170833351,2.983333378,0.120424232,2.3543389235099776,0.5099399596777957
2005-10-30,188.6125028,271.8750041,286.0750043,0.0051,86154.58333,0.0,1.31250002,1.341666687,0.120312656,2.004618463248219,0.5165252853424707
2005-10-31,191.2833362,255.5083371,285.7583376,0.00405,86334.16667,0.0,-0.908333347,-2.208333366,0.120213915,1.6573401945832045,0.4197479873030144
2005-11-01,186.2541694,251.7875038,286.7458376,0.002275,86423.75,0.0,-3.445833385,-0.166666669,0.12009213,1.7851607645426215,0.2211258731013356
2005-11-02,173.5250026,258.1958372,287.2666709,0.002441667,86075.83333,0.0,-1.175000018,3.487500052,0.119983941,1.5739032159374553,0.2284246820363192
2005-11-03,157.3125023,276.2125041,287.2166709,0.003133333,85956.25,0.0,1.75833336,4.108333395,0.119861769,1.3964005840278595,0.2936853337568373
2005-11-04,179.0500027,263.4000039,285.6791709,0.004291667,85664.58333,0.0,1.179166684,2.750000041,0.119753584,0.9907353463101014,0.4436687265984652
2005-11-05,176.9375026,256.8833372,284.6125042,0.004433333,85620.41667,0.0,0.608333342,1.137500017,0.119646031,0.8235290997159463,0.4918237370692984
2005-11-06,172.9375026,256.9000038,285.1250042,0.003866667,85809.58333,0.0,-0.533333341,1.279166686,0.119538482,0.7444672076287002,0.4154406583905954
2005-11-07,165.3041691,274.7666708,286.7625043,0.003358333,85650.0,0.0,-0.070833334,3.191666714,0.11941631,0.8356024423518905,0.3231469239599238
2005-11-08,167.2125025,267.562504,286.8500043,0.003220833,85872.91667,0.0,0.537500008,3.541666719,0.119308121,0.7647827623020348,0.3089403102280689
2005-11-09,160.1250024,289.3125043,286.9583376,0.0050125,85971.66667,0.0,-1.791666693,3.125000047,0.119200572,0.619934686569207,0.4779347747244163
2005-11-10,165.9791691,269.5083373,286.6625043,0.0044125,85955.83333,0.0,-0.725000011,2.750000041,0.119093023,0.5484868261152362,0.428910649773242
2005-11-11,137.9916687,307.7458379,285.6625043,0.0052875,85839.16667,0.0,2.537500038,2.762500041,0.118970847,0.4974019830819955,0.5483371561139433
2005-11-12,166.7541692,271.4416707,283.8041709,0.0053875,85902.91667,0.0,0.970833348,-0.487500007,0.118862662,0.4362863543716005,0.6330947694998965
2005-11-13,166.8500025,248.808337,283.7250042,0.004175,86019.58333,0.0,-0.745833344,-1.066666683,0.118755113,0.3446679592271615,0.493905917839797
2005-11-14,163.7541691,243.1500036,283.6666709,0.0024875,85932.91667,0.0,0.141666669,-0.025,0.118632937,0.4894096855515137,0.29513531892015
2005-11-15,165.0166691,241.1500036,282.6750042,0.0030125,85858.75,0.0,0.050000001,-1.491666689,0.118524752,0.3096488184755858,0.3819201123056283
2005-11-16,163.3541691,232.5833368,282.6333375,0.0020375,86292.08333,0.0,-4.283333397,-0.845833346,0.118551163,0.4630468862301714,0.2603514210816225
2005-11-17,162.6166691,239.2166702,283.4375042,0.002616667,86104.58333,0.0,-2.629166706,0.154166669,0.118568775,0.3500026578042903,0.3159305390044521
2005-11-18,164.4291691,231.7041701,284.2500042,0.002195833,86105.83333,0.0,-2.845833376,-2.820833375,0.118600374,0.4494830300322809,0.2510067697827435
2005-11-19,159.791669,227.6208367,282.1458375,0.001766667,85927.91667,0.0,-2.358333368,-2.362500035,0.118617982,0.3624177279341956,0.2323849114947551
2005-11-20,160.3208357,228.3041701,282.0750042,0.001991667,86160.41667,0.0,-3.537500053,-0.487500007,0.118649581,0.3583782167595152,0.2639639120758175
2005-11-21,159.7208357,230.2000034,282.4958375,0.001954167,86195.83333,0.0,-3.14583338,-0.312500005,0.118681816,0.3387588746158966,0.2517693374394115
2005-11-22,155.8833357,227.5416701,282.6458375,0.001658333,86011.66667,0.0,-3.154166714,0.437500007,0.118699428,0.338614260275357,0.2110334520253626
2005-11-23,133.6458353,258.7625039,283.3375042,0.001658333,85922.5,0.0,-0.766666678,0.920833347,0.118731027,0.2356313979026445,0.201155118379451
2005-11-24,99.89583482,293.7958377,282.9708375,0.002441667,85677.5,0.0,2.029166697,0.320833338,0.118763262,0.2525937244807177,0.302753942924014
2005-11-25,152.5666689,248.9875037,282.8875042,0.0032375,85557.5,0.0,1.716666692,0.404166673,0.118780871,0.2315866727184153,0.4031437040535272
2005-11-26,129.4083353,262.2208372,281.8250042,0.003941667,85365.0,0.0,3.487500052,3.162500047,0.11881247,0.2788078008468969,0.5265082212004031
2005-11-27,153.9125023,243.270837,280.3791708,0.003045833,85223.33333,0.0,6.25416676,-1.462500022,0.118830082,0.3773533574373506,0.44869645179691
2005-11-28,154.341669,203.275003,275.8458374,0.001516667,85762.91667,0.0,1.308333353,-2.404166702,0.118861681,0.1678737534710446,0.309641555925028
2005-11-29,146.6708355,234.8458368,277.5625041,0.001458333,85751.25,0.0,-1.416666688,-0.508333341,0.118893916,0.1627519051696924,0.2633425329284539
2005-11-30,147.6083355,239.5000036,280.0625042,0.002145833,85613.33333,0.0,-0.466666674,0.066666668,0.118911528,0.157527398839749,0.3246123870049487
2005-12-01,148.5416689,240.2208369,281.0875042,0.002775,85780.83333,0.0,-0.779166678,0.47083334,0.118943123,0.1538007162323749,0.3918249320859617
2005-12-02,141.0083354,247.3416704,281.9166709,0.002533333,85716.66667,0.0,0.750000011,2.679166707,0.118975358,0.2410633377017997,0.3376591689756636
2005-12-03,147.1375022,276.6583375,282.8291709,0.003383333,85488.33333,0.0,3.412500051,2.762500041,0.11899297,0.3480297649548839,0.4226330009473148
2005-12-04,152.4250023,219.4333366,278.4500041,0.0028375,85755.41667,0.0,-0.020833334,-2.03750003,0.119024569,0.1323208958732121,0.4812723406082141
2005-12-05,152.6791689,194.6666696,276.3083375,0.000879167,86154.58333,0.0,-2.829166709,-1.908333362,0.119056804,0.2115834268314003,0.1744209684879862
2005-12-06,151.7625023,192.4125029,275.6083374,0.000708333,85771.66667,0.0,-1.329166686,-0.862500013,0.119074412,0.1101175408031262,0.1471220138677336
2005-12-07,149.2958356,199.150003,275.9541708,0.001033333,85619.58333,0.0,0.737500011,-0.320833338,0.119106011,0.0717334970159928,0.2089777634999153
2005-12-08,143.3416688,221.71667,277.4875041,0.0013375,85791.25,0.0,-2.350000035,-0.375000006,0.119123623,0.1706688006200714,0.242924325891222
2005-12-09,133.5083353,251.2041704,278.3708375,0.0010625,85908.33333,0.0,-2.795833375,0.816666679,0.119155222,0.2398604822859072,0.1815426046776538
2005-12-10,146.9791689,221.6458366,279.3333375,0.001266667,85867.91667,0.0,-2.541666705,-0.516666674,0.119187457,0.2018398167955003,0.2022006268131086
2005-12-11,143.2916688,224.42917,279.8791708,0.001545833,85936.66667,0.0,-1.850000028,1.179166684,0.119205069,0.1728577324743076,0.2377405279563224
2005-12-12,110.933335,259.2458372,280.2916708,0.002033333,85824.58333,0.0,0.100000001,2.233333367,0.119236665,0.1676704222640711,0.3034881497175523
2005-12-13,140.4750021,294.4083377,280.5666708,0.004183333,85705.83333,0.0,2.920833377,1.575000023,0.1192689,0.2211003275942388,0.6117641492315974
2005-12-14,145.6916688,219.7416699,278.5500042,0.0027375,85687.91667,0.0,0.725000011,-0.895833347,0.119286512,0.0867015131126882,0.4606929012989091
2005-12-15,136.750002,216.7083366,277.4208375,0.0015375,85461.25,0.0,-3.137500047,-1.091666683,0.119318111,0.187700820940822,0.2794946247838623
2005-12-16,145.9041688,227.01667,277.2541708,0.001654167,85135.41667,0.0,1.266666686,1.604166691,0.119315034,0.1442863368529588,0.3031244019785166
2005-12-17,144.6291688,214.3750032,277.2333375,0.001941667,85456.66667,0.0,-0.087500001,2.595833372,0.119325045,0.1421854827733267,0.3576804909633408
2005-12-18,130.2541686,255.0333371,278.1916708,0.003175,85987.5,0.0,-1.54166669,1.620833357,0.119321069,0.1292004228425318,0.5498928147822675
2005-12-19,140.8041688,260.2666705,280.3583375,0.0036125,86495.83333,0.0,-1.620833357,-0.729166678,0.11933108,0.1400016585377638,0.5409011730806456
2005-12-20,139.7041687,245.4291703,281.4208375,0.003179167,86324.16667,0.0,-1.916666695,-1.716666692,0.119327104,0.164461217492509,0.4414968112280369
2005-12-21,140.1625021,254.8583371,282.8458375,0.003720833,86291.66667,0.0,-3.304166716,-1.304166686,0.119337112,0.2118530232507667,0.4686292535121064
2005-12-22,140.1250021,265.4458373,283.5250042,0.0035375,86072.91667,0.0,-2.362500035,0.637500009,0.119333135,0.1918975796918885,0.4244369561180395
2005-12-23,139.0500021,255.3833371,284.4458376,0.003345833,85982.08333,0.0,0.625000009,0.004166667,0.119343146,0.1068573537365425,0.3769307409014595
2005-12-24,143.8416688,249.5041704,284.1291709,0.003675,86041.66667,0.0,-2.250000034,-2.129166698,0.119353793,0.2007267498118391,0.4231982331849457
2005-12-25,142.8583355,245.2750037,283.4416709,0.0032875,85927.5,0.0,-2.633333373,0.370833339,0.119349817,0.1774470027134241,0.3959976014460028
2005-12-26,140.9375021,252.2041704,283.6083376,0.0040375,85763.75,0.0,1.10833335,2.520833371,0.119359828,0.166978175797486,0.4799807016807854
2005-12-27,141.8416688,251.5083371,282.5500042,0.004541667,86012.91667,0.0,1.300000019,0.429166673,0.119355852,0.1013213085300415,0.5817448287285139
2005-12-28,139.0375021,255.7750038,281.9458375,0.003625,86003.33333,0.0,0.300000004,-1.116666683,0.11935124,0.1079215626360474,0.4838133717515632
2005-12-29,144.6958355,245.8625037,281.7625042,0.003525,85482.91667,0.0,1.595833357,0.704166677,0.119361251,0.1215674944705439,0.4735245949520972
2005-12-30,144.5833355,232.3458368,280.7666709,0.003345833,85423.75,0.0,-0.112500002,0.325000005,0.119371898,0.0629796077471778,0.4809844578497824
2005-12-31,132.225002,259.1000039,281.9000042,0.003845833,85354.16667,0.0,0.054166667,1.950000029,0.119367922,0.12262713944342,0.5110122761996302
2006-01-01,135.2666687,282.3708375,282.5500042,0.004491667,85400.41667,0.0,2.054166697,2.333333368,0.119377933,0.1790992227062189,0.5712432871906369
2006-01-02,132.6083353,279.8833375,283.3833376,0.004475,85661.66667,0.0,0.337500005,3.575000053,0.11938858,0.2040945345889543,0.5394935258138405
2006-01-03,138.0166687,285.4708376,283.3625042,0.00515,85919.58333,0.0,2.425000036,2.575000038,0.1193846,0.1955510159257352,0.6236166730229917
2006-01-04,140.6416688,236.7541702,282.2500042,0.003066667,86391.25,0.0,-1.183333351,-0.862500013,0.119394611,0.10466425582861,0.4026870737094451
2006-01-05,142.6125021,233.1833368,282.6208375,0.002016667,86702.08333,0.0,-3.36250005,-2.554166705,0.119390635,0.2981419213048064,0.2591339573943312
2006-01-06,143.6750021,227.7125034,282.8333375,0.001708333,86610.83333,0.0,-4.258333397,-0.575000009,0.119400646,0.3215022830218565,0.2161392751212982
2006-01-07,135.200002,231.5166701,282.0625042,0.0016375,85976.66667,0.0,-2.083333364,2.625000039,0.11939667,0.253615219160956,0.2167468813007781
2006-01-08,145.8291688,223.32917,281.7041709,0.001966667,85753.75,0.0,0.454166673,0.870833346,0.119406681,0.0873278267637292,0.266087019576697
2006-01-09,146.6291689,221.0083366,281.0166709,0.0018375,86004.58333,0.0,-1.508333356,-2.075000031,0.119402705,0.1949938379756108,0.2614009295037965
2006-01-10,147.5541689,204.2166697,277.7416708,0.0011375,86155.41667,0.0,-3.716666722,0.112500002,0.119412716,0.2550914908914302,0.2037719682365888
2006-01-11,149.4333356,203.6791697,277.4708375,0.001133333,85824.16667,0.0,-2.362500035,0.983333348,0.11940874,0.4939492067928124,0.2061650102828674
2006-01-12,146.6208355,210.6083365,278.1375041,0.001420833,85613.33333,0.0,0.541666675,0.925000014,0.119418751,0.3822429096944313,0.2459479431719367
2006-01-13,147.5000022,228.1750034,279.7125042,0.002170833,85975.83333,0.0,-2.745833374,-0.658333343,0.119414775,0.5354335932869828,0.3379118844018232
2006-01-14,116.5875017,257.4041705,279.8875042,0.002579167,85696.25,0.0,-2.112500031,3.058333379,0.119424786,0.5507827232351045,0.3953226333533223
2006-01-15,139.0125021,288.5958376,280.9500042,0.00425,85487.08333,0.0,3.400000051,3.333333383,0.119435433,0.5838436311752586,0.6037309455013667
2006-01-16,152.3458356,246.033337,278.5583375,0.003620833,85430.0,0.0,2.750000041,-1.058333349,0.119583046,0.4356892490873355,0.6071586500217429
2006-01-17,153.6125023,212.0375032,276.2166708,0.002104167,86173.33333,0.0,-0.691666677,-1.950000029,0.119680972,0.3894608123290879,0.4202964454553271
2006-01-18,148.8500022,230.9125034,278.3416708,0.0017625,85880.41667,0.0,-1.037500015,0.741666678,0.119682256,0.4756409741907936,0.301668452946785
2006-01-19,149.7875022,236.7416702,277.7791708,0.002545833,85347.5,0.0,2.975000044,3.495833385,0.119675915,0.5040794591259634,0.4505865627026835
2006-01-20,158.6500024,218.1791699,277.1708375,0.003033333,85652.5,0.0,-0.008333333,-1.858333361,0.119674659,0.3302833953944458,0.5625552519587288
2006-01-21,159.3583357,209.5958365,276.9958375,0.0022125,85707.08333,0.0,-3.245833382,-1.004166682,0.119695653,0.3964430487981041,0.4157342310669304
2006-01-22,154.729169,216.1875032,277.7833375,0.0022375,85680.41667,0.0,-2.695833374,-1.316666686,0.119719828,0.3916328285891023,0.3974422676688761
2006-01-23,159.6750024,220.85417,278.3333375,0.002629167,85786.66667,0.0,-4.550000068,-1.883333361,0.119742729,0.4356087391649549,0.449779413584036
2006-01-24,137.2208354,243.7250036,279.0791708,0.002845833,85803.75,0.0,-4.837500072,-0.325000005,0.119766905,0.4233137327156908,0.4620894044263224
2006-01-25,126.1458352,276.7916708,279.0958375,0.00305,85758.75,0.900000013,-2.437500036,3.508333386,0.119791716,0.686466996526828,0.494403805419189
2006-01-26,158.279169,228.5875034,277.9250041,0.003445833,85930.0,0.0,0.362500005,0.68750001,0.119815889,0.6119044200543935,0.6077379622009321
2006-01-27,162.7208358,227.7125034,280.1791708,0.002970833,85772.91667,0.0,0.21666667,2.341666702,0.119850237,0.578890156387265,0.4466204971448598
2006-01-28,161.2583357,229.0958367,278.4958375,0.0031375,85981.66667,0.0,1.845833361,-0.091666668,0.119877588,0.4935777822701406,0.5318415187220505
2006-01-29,163.4458358,238.4541702,280.0083375,0.003045833,85936.66667,0.0,1.208333351,0.120833335,0.119916387,0.6061334319185374,0.4642443670735511
2006-01-30,163.8250024,249.6958371,281.4791709,0.003345833,85852.5,0.0,-0.22916667,-0.504166674,0.119953275,0.7794293576437166,0.4602558956538909
2006-01-31,166.0708358,246.7916703,282.4250042,0.00335,85437.5,0.0,1.837500027,2.00000003,0.119978722,0.6125260444006188,0.4298761272731738
2006-02-01,164.6291691,245.2500037,280.3875042,0.003295833,85598.75,0.0,2.283333367,-0.366666672,0.120017521,0.5257197098955394,0.4873825088706749
2006-02-02,167.9750025,237.3083369,280.3416708,0.002845833,85440.0,0.0,2.800000042,-0.154166669,0.120041694,0.5323453052087894,0.4213927796918433
2006-02-03,171.1000025,240.9458369,281.6250042,0.003075,85619.58333,0.0,0.670833343,-1.745833359,0.120079857,0.5552516812975963,0.4176522443863885
2006-02-04,174.0625026,235.7291702,282.6458375,0.0025375,85821.66667,0.0,-1.833333361,-0.70000001,0.120118652,0.5887763186270377,0.3221997447861423
2006-02-05,165.2708358,237.0833369,282.5041709,0.001908333,85487.08333,0.0,1.762500026,-0.625000009,0.120157451,0.5889922114988884,0.2437042734320593
2006-02-06,184.1333361,209.2750031,282.1041709,0.001366667,85942.08333,0.0,-2.533333371,-2.595833372,0.120196249,0.6510228367722144,0.1803114557100936
2006-02-07,180.7166694,210.1291698,281.4958375,0.001133333,86198.33333,0.0,-4.179166729,-0.645833343,0.120220422,0.6706322648403524,0.156351359010032
2006-02-08,182.8458361,216.3708366,281.4791709,0.001054167,85964.58333,0.0,-3.875000058,-0.695833344,0.120258585,0.6767572165615992,0.1452015101080446
2006-02-09,147.2458355,252.7791704,281.8208375,0.001254167,85564.58333,0.0,-2.262500034,0.558333342,0.12029738,0.6019726156340184,0.1679649539511779
2006-02-10,184.1208361,241.4041703,281.6625042,0.002904167,85730.83333,0.0,2.604166705,-0.233333337,0.120321556,0.5494896954683012,0.3939477529989358
2006-02-11,190.9208362,218.3583366,281.6333375,0.002283333,86168.75,0.0,-0.925000014,-2.004166697,0.120359719,0.5593624218340149,0.3119374196376924
2006-02-12,191.1666695,209.9333365,281.1625042,0.001070833,86499.16667,0.0,-3.316666716,-1.387500021,0.120398514,0.7195047029109002,0.151680515185241
2006-02-13,191.3708362,220.1291699,281.8625042,0.001229167,86089.16667,0.0,-2.316666701,-0.175000003,0.120437313,0.7383159395055359,0.1651543466177699
2006-02-14,172.4333359,234.4750035,282.7791709,0.0014125,85572.08333,0.0,0.033333334,1.800000027,0.120461485,0.7482425100169882,0.1772177142996698
2006-02-15,191.7083362,236.6083369,282.2166709,0.0023375,85159.58333,0.0,3.079166713,5.075000076,0.120499648,0.9694898007451818,0.3032523780515118
2006-02-16,194.6750029,242.3000036,282.6208375,0.003925,85277.91667,0.0,3.625000054,4.02500006,0.120605179,0.8064792470073225,0.4960630118758282
2006-02-17,142.3083355,286.7333376,282.0041709,0.002945833,85452.91667,0.0,0.995833348,3.687500055,0.120713615,0.886566867545994,0.3890965304604538
2006-02-18,185.1458361,265.337504,280.4083375,0.003970833,85552.08333,0.0,3.316666716,4.27916673,0.12082205,0.7726049434794976,0.5860340247827233
2006-02-19,194.3791696,241.8083369,278.5708375,0.003191667,85574.16667,0.0,3.025000045,3.916666725,0.120930482,0.6883399139644952,0.5356261656045105
2006-02-20,195.0958362,227.01667,277.0916708,0.002795833,85555.0,0.0,1.645833358,2.2666667,0.121024295,0.5813038020219663,0.5208448945172853
2006-02-21,199.7916696,218.1666699,277.8208375,0.0024875,85477.5,0.0,1.475000022,2.004166697,0.121132091,0.5910758748398356,0.4396345454265222
2006-02-22,207.7541698,220.0458366,278.6916708,0.002195833,85484.58333,0.0,0.604166676,-0.887500013,0.121235914,0.7008363470150903,0.3650063310965363
2006-02-23,203.737503,222.75417,280.7833375,0.0018125,85675.41667,0.0,-2.495833371,-1.000000015,0.121344558,0.6926939445647574,0.261025287914159
2006-02-24,208.3500031,230.5958368,282.5416709,0.00185,85559.58333,0.0,-1.479166689,0.450000007,0.121453531,0.7263820229499066,0.2358523825565311
2006-02-25,213.3750032,223.10417,282.4916709,0.001641667,85993.75,0.0,0.725000011,0.387500006,0.121547783,0.6934241412395238,0.2110717210040368
2006-02-26,163.4333358,260.4291705,285.0041709,0.001691667,86118.75,0.0,-1.620833357,2.004166697,0.121656122,0.6575567733438173,0.1838858576080675
2006-02-27,212.4416698,243.1791703,283.7166709,0.00185,85807.5,0.0,1.083333349,2.01250003,0.121764943,0.7318614535386416,0.2184395940117106
2006-02-28,135.2291687,294.7583377,285.9166709,0.003245833,85815.83333,0.0,2.895833376,2.583333372,0.121873877,0.705281679581518,0.3308930604691991
2006-03-01,151.1958356,332.4666716,285.4333376,0.006479167,85741.25,0.0,1.695833359,1.333333353,0.121982788,0.6802656854499168,0.681446232716654
2006-03-02,223.39167,280.2541708,283.1375042,0.004695833,85655.0,0.0,-0.329166672,2.312500034,0.122091727,0.774793802282056,0.575567256860226
2006-03-03,229.3250034,237.7250035,283.5375042,0.00255,85503.33333,0.0,0.570833342,3.341666716,0.122185954,0.8261287783975562,0.3036735263995976
2006-03-04,210.0625031,251.1666704,282.8500042,0.002804167,85619.58333,0.0,1.841666694,3.354166717,0.122294289,0.793549311853058,0.3503277100104706
2006-03-05,229.3833368,233.1041701,282.7041709,0.002083333,85892.08333,0.0,-0.24166667,1.587500024,0.122403233,0.8829185651991313,0.2637009306530771
2006-03-06,210.2958365,245.8750037,283.7833376,0.0014875,85956.25,0.0,0.737500011,3.112500046,0.122512133,0.972826323203584,0.1751529788784067
2006-03-07,206.4500031,287.829171,282.9500042,0.00315,85919.16667,0.0,3.558333386,2.941666711,0.12262103,0.8912828692974043,0.3922391140380041
2006-03-08,184.0833361,293.2375044,280.7750042,0.003658333,85291.25,0.600000009,6.762500101,4.187500062,0.122715304,0.8817098162542802,0.5247904848106538
2006-03-09,189.8208362,256.9208372,279.0583375,0.002725,85076.66667,0.0,3.904166725,2.275000034,0.122823502,0.7537700896829137,0.4393603967356106
2006-03-10,153.2000023,274.1791708,278.4666708,0.003025,84456.25,0.70000001,6.29166676,6.345833428,0.136545804,0.9075976153735656,0.5047091646573711
2006-03-11,139.4458354,285.4375043,275.3875041,0.003170833,84542.91667,19.8000003,5.654166751,6.462500096,0.39015278,75.4404455637568,0.6595776158552117
2006-03-12,166.1833358,275.6583374,272.9791707,0.003266667,85004.16667,57.00000085,6.729166767,5.758333419,0.657675222,38.10205741075836,0.8144373104429834
2006-03-13,250.0833371,227.2625034,272.4291707,0.002479167,85880.0,1.900000028,0.525000008,1.212500018,0.627529783,9.577153740135714,0.6503599420656568
2006-03-14,254.6583371,209.8166698,275.6625041,0.002520833,85744.16667,4.400000066,-3.150000047,-0.479166674,0.606636897,23.356376374357158,0.5213745694727414
2006-03-15,253.7000038,256.1041705,280.5250042,0.003183333,85608.75,0.0,1.37500002,2.512500037,0.579403081,30.797659571040366,0.4663406857523745
2006-03-16,243.6666703,231.6500035,280.0208375,0.003129167,85831.25,0.0,-0.604166676,1.933333362,0.551570452,14.061025802269985,0.4759474692094551
2006-03-17,195.2958362,268.1833373,281.3958375,0.003566667,85553.75,0.0,0.979166681,3.762500056,0.530557148,19.80298024156069,0.4917329153255175
2006-03-18,108.7166683,286.7208376,279.5541708,0.003966667,85080.0,0.0,2.670833373,4.045833394,0.503038516,9.315752314105945,0.6177985586856135
2006-03-19,207.9791698,273.8750041,276.9875041,0.0035,84764.58333,1.200000018,2.591666705,4.045833394,0.367338246,14.074026478697832,0.6508128496570793
2006-03-20,154.466669,286.0875043,277.4041708,0.004033333,85178.33333,0.900000013,2.850000042,2.637500039,0.32099853,10.049027869915818,0.73163792777867
2006-03-21,183.9458361,296.9375044,278.1541708,0.003604167,85342.08333,0.0,1.691666692,3.975000059,0.263856231,10.117416760074793,0.6211780825438232
2006-03-22,263.2916706,245.9125037,277.4333375,0.003454167,85684.16667,4.800000072,2.945833377,0.262500004,0.238074555,32.54646630824421,0.6289956277080448
2006-03-23,265.387504,234.0458368,280.8666709,0.003308333,86242.91667,0.0,-1.875000028,-0.683333344,0.216893408,21.768512142639164,0.4768513013959463
2006-03-24,271.5708374,242.3750036,283.2833376,0.003166667,85978.33333,0.0,-3.875000058,1.020833349,0.177585451,18.60270232269363,0.3857757695957124
2006-03-25,264.8166706,241.8541703,284.6541709,0.0028875,85640.0,0.0,-0.566666675,1.900000028,0.148092074,12.30395826775298,0.3195137704778867
2006-03-26,263.7541706,251.4500037,283.9833376,0.003254167,85516.25,0.0,2.375000035,2.68750004,0.13410481,7.723244838747466,0.3761179280092233
2006-03-27,210.1250031,300.3958378,284.9041709,0.003791667,85544.58333,0.0,0.975000015,2.920833377,0.128385263,5.738403269830846,0.4121516044863814
2006-03-28,148.4458355,312.545838,284.5208376,0.004404167,85613.75,2.500000037,1.129166683,4.204166729,0.126416202,12.048424911874768,0.4915576177221248
2006-03-29,138.5708354,327.9083382,284.2375042,0.005416667,85409.16667,0.200000003,2.704166707,6.304166761,0.125205627,7.056966762199325,0.6146877819722946
2006-03-30,249.4250037,302.8625045,283.6666709,0.004925,85477.91667,2.00000003,2.695833374,2.48333337,0.124803135,19.211554800410145,0.5812442990798196
2006-03-31,157.066669,285.8291709,284.1541709,0.004304167,85597.91667,0.0,0.45833334,3.329166716,0.124703273,7.714891637098753,0.4922668399159915
2006-04-01,180.833336,332.4458383,284.0458376,0.006204167,85789.58333,2.00000003,2.845833376,2.695833374,0.124689241,14.925771130693958,0.7163547973501855
2006-04-02,290.854171,256.5250038,284.1125042,0.004329167,85943.75,0.400000006,0.437500007,1.516666689,0.124734976,16.60280986003114,0.4985201146505735
2006-04-03,275.0166708,268.8333373,286.7875043,0.0027875,85815.83333,0.0,0.087500001,2.795833375,0.124788337,11.651716638436923,0.2682977905782407
2006-04-04,243.0125036,293.4458377,287.8375043,0.0038125,85672.91667,0.0,1.77083336,3.38750005,0.124853146,7.292897197582171,0.3419986352931904
2006-04-05,202.175003,331.3833383,285.5750043,0.0065875,85460.0,6.300000094,3.066666712,6.650000099,0.124919223,48.4384845401076,0.6840975037928712
2006-04-06,294.7625044,271.4083374,282.5125042,0.004008333,85597.08333,1.000000015,5.762500086,2.450000037,0.124997379,33.56171679028104,0.5122534122150321
2006-04-07,298.4250044,244.1250036,283.6291709,0.003233333,85589.58333,0.0,1.587500024,-0.200000003,0.125062824,18.23122528459917,0.3830614066893468
2006-04-08,304.6041712,248.2166704,286.4541709,0.002745833,85715.0,0.0,-0.162500002,1.454166688,0.125142252,13.556072037099366,0.2698354064331137
2006-04-09,287.4375043,250.0708371,286.4583376,0.002316667,85668.75,0.0,1.841666694,2.775000041,0.125207697,7.832200438120151,0.2274755400168927
2006-04-10,230.8208368,309.4541713,287.0750043,0.004366667,85430.41667,0.0,2.750000041,4.650000069,0.125272502,5.0647274518108665,0.4105777838688483
2006-04-11,302.5541712,296.6916711,287.3583376,0.005491667,85626.66667,0.0,2.295833368,5.116666743,0.125337307,4.28495600447891,0.5080207404476511
2006-04-12,310.7541713,265.625004,289.0500043,0.003608333,85903.75,0.0,-0.487500007,2.816666709,0.125416739,4.323038454154558,0.2999948780897519
2006-04-13,304.0500045,262.0166706,289.741671,0.002508333,85946.25,0.0,-0.195833336,0.741666678,0.125477749,4.668524159397616,0.1995531984412922
2006-04-14,217.8125032,307.7541713,289.941671,0.004079167,85540.41667,0.0,2.408333369,3.900000058,0.125554518,2.6651950496331915,0.3188705368319933
2006-04-15,296.7583378,301.8708378,288.129171,0.005129167,85447.5,0.0,4.866666739,4.90416674,0.125617385,2.646788874140366,0.4502627366842873
2006-04-16,312.5000047,267.5291707,286.9208376,0.004295833,85540.83333,0.0,2.179166699,1.487500022,0.125692311,2.0680376487510213,0.4085540439750889
2006-04-17,315.8250047,262.9208373,287.0750043,0.003825,85608.75,0.0,3.850000057,2.745833374,0.125767789,2.055930372708183,0.3603980586589761
2006-04-18,321.3791715,251.0250037,287.2583376,0.002875,85618.33333,0.0,1.587500024,0.508333341,0.125843264,3.242621802793697,0.2676807160127694
2006-04-19,321.6791715,251.6666704,288.2625043,0.002225,85547.91667,0.0,0.129166669,0.779166678,0.125918741,3.806105137222122,0.193862444759526
2006-04-20,324.9875048,249.2916704,288.166671,0.00215,85495.0,0.0,2.758333374,1.241666685,0.12599422,2.9777472516726644,0.1883820465277174
2006-04-21,291.6750043,266.312504,289.6208376,0.001904167,85535.0,0.0,0.487500007,2.450000037,0.126055075,2.923463476423297,0.1519385537751166
2006-04-22,320.3708381,280.9000042,290.5500043,0.002966667,85339.16667,0.0,1.950000029,5.000000075,0.12614454,3.344145554668425,0.222528417009336
2006-04-23,324.4625048,274.6791708,289.166671,0.004666667,85387.08333,0.0,2.89166671,5.458333415,0.126206027,2.793685422940681,0.3827569119119186
2006-04-24,327.4166715,254.0375038,286.2333376,0.003391667,85704.58333,0.0,2.400000036,2.425000036,0.12628087,2.3570465023693887,0.3381543873692436
2006-04-25,329.2166716,254.4166705,287.5833376,0.002854167,85631.25,0.0,0.87916668,1.645833358,0.126356348,2.6322633829405118,0.2601888028678044
2006-04-26,321.5416715,267.162504,288.4000043,0.003283333,85428.75,0.0,1.087500016,4.020833393,0.126431826,2.594408487937775,0.2831353871766486
2006-04-27,313.195838,287.2541709,287.504171,0.004191667,85319.16667,0.0,2.720833374,3.275000049,0.126507304,2.3994169284366107,0.3826994042388211
2006-04-28,179.8541693,303.6208379,285.2958376,0.0050125,85515.41667,0.300000004,4.350000065,2.133333365,0.126580196,1.5432249030743077,0.5306323918857676
2006-04-29,327.5416715,278.2291708,286.8916709,0.004945833,85805.0,0.0,3.537500053,0.395833339,0.126651732,2.369283906122216,0.4727297556949146
2006-04-30,325.9000049,283.4375042,290.0750043,0.004233333,85742.08333,0.0,3.416666718,0.841666679,0.12672712,2.8107184599343253,0.3288790634308987
2006-05-01,334.062505,294.4625044,291.441671,0.003829167,85548.75,0.0,2.845833376,0.895833347,0.126797202,3.1349501529057395,0.2720547951109349
2006-05-02,335.350005,281.4875042,291.841671,0.003108333,85610.41667,0.0,2.612500039,2.350000035,0.126872812,3.086344586498224,0.2154763854054569
2006-05-03,320.4416714,273.0416707,291.3083377,0.002725,85491.25,0.0,2.66250004,3.908333392,0.12695101,2.942002479260656,0.1951185518813373
2006-05-04,346.9250052,266.1833373,290.0000043,0.003095833,85531.66667,0.0,2.137500032,4.812500072,0.127023052,2.834669701173764,0.2410746916538238
2006-05-05,345.0500051,272.2250041,289.141671,0.0038,85463.75,0.0,3.045833379,3.875000058,0.127097863,2.5799297772113863,0.3124570138937122
2006-05-06,338.0916717,279.7125042,289.2625043,0.003954167,85542.91667,0.0,3.025000045,1.450000022,0.127172377,2.5277557053350024,0.3229077286471418
2006-05-07,346.1625052,280.9000042,290.541671,0.0037125,85425.83333,0.0,3.283333382,1.137500017,0.12724752,2.7126215121145525,0.2789041451011483
2006-05-08,344.3416718,292.0500044,291.9875044,0.0044125,85580.41667,0.0,4.183333396,2.066666697,0.127308067,2.8049583393636217,0.3029740340322533
2006-05-09,350.2791719,279.7208375,291.5958377,0.003633333,85475.83333,0.0,3.104166713,2.425000036,0.127397223,2.7747387220025765,0.2554147792426902
2006-05-10,344.5958385,294.2791711,292.904171,0.00385,85651.66667,0.0,2.258333367,0.854166679,0.127458411,3.0001893221046667,0.2497521460538821
2006-05-11,346.8666718,291.829171,294.2125044,0.003441667,85660.0,0.0,2.00000003,1.304166686,0.127547578,3.1249067949349336,0.2057970132826108
2006-05-12,349.7625052,283.1833376,293.629171,0.002816667,85658.75,0.0,3.537500053,1.75833336,0.127608672,3.0140476028455656,0.1746414545025227
2006-05-13,339.5666717,295.9625044,293.5375044,0.0032625,85643.75,0.0,3.754166723,1.920833362,0.127683117,2.9554112209897045,0.203407746489514
2006-05-14,334.0333383,300.2500045,294.6208377,0.003629167,85734.16667,0.0,2.745833374,1.454166688,0.127758247,2.983473678256929,0.2117736534891231
2006-05-15,319.3291714,312.2625047,295.5416711,0.003804167,85701.25,0.0,2.733333374,2.329166701,0.127833412,3.016494396155608,0.2096629279321476
2006-05-16,291.8000043,344.8541718,296.7166711,0.004483333,85810.83333,0.300000004,-1.000000015,1.687500025,0.127872231,3.7446876320278406,0.2302691311973217
2006-05-17,338.5208384,325.7583382,295.1750044,0.005733333,85742.91667,0.0,0.604166676,1.875000028,0.127894845,3.629034701616229,0.3233472171868621
2006-05-18,343.8625051,319.0416714,295.4666711,0.005008333,85762.5,0.0,3.629166721,1.708333359,0.127916816,3.191719908345109,0.2775016293511574
2006-05-19,350.3833386,315.1000047,295.9791711,0.004470833,85829.16667,0.0,4.845833406,1.116666683,0.127950484,3.1818945919327537,0.2402452123865256
2006-05-20,353.8958386,307.3833379,295.9291711,0.004175,85728.75,0.0,3.504166719,1.387500021,0.127984186,3.065031986553226,0.2247724422226894
2006-05-21,347.5416718,305.3708379,294.9750044,0.003733333,85557.08333,0.0,2.850000042,2.779166708,0.12800889,2.837690606018728,0.2126999972628671
2006-05-22,301.1791712,321.1041715,294.2125044,0.00555,85368.75,0.0,3.716666722,5.987500089,0.128040398,2.36382592416068,0.3307379691512978
2006-05-23,358.216672,301.3375045,291.941671,0.006020833,85823.33333,0.0,2.033333364,0.320833338,0.128061379,2.4489405457021576,0.4157810246204738
2006-05-24,359.941672,290.3625043,293.766671,0.0038,85816.66667,0.0,1.483333355,-0.070833334,0.128096334,2.7651108002389337,0.2340328781492628
2006-05-25,356.7083386,291.4083377,295.0208377,0.0032875,85532.91667,0.0,3.675000055,2.083333364,0.128131929,2.4324063558406883,0.1867182665848868
2006-05-26,361.8708387,290.454171,294.6625044,0.0034625,85190.41667,0.0,2.845833376,3.725000056,0.128152767,2.387645962812608,0.2002502217675588
2006-05-27,362.4000054,280.6416708,292.804171,0.003433333,84978.33333,0.0,2.866666709,5.545833416,0.128178376,2.1933165395173484,0.222361212612195
2006-05-28,356.141672,299.6916711,292.1583377,0.005279167,85242.5,0.0,3.766666723,4.966666741,0.128207429,1.9456871472648487,0.3571814313660678
2006-05-29,359.2500054,278.1875041,290.6583377,0.003158333,85720.83333,0.0,1.583333357,2.554166705,0.128237577,2.009343229487083,0.2363256819985492
2006-05-30,367.0750055,267.9708373,291.091671,0.002258333,85781.25,0.0,1.858333361,1.14583335,0.12827366,2.1844456486275643,0.1645000133563262
2006-05-31,369.2666722,272.6958374,293.9958377,0.001933333,85751.66667,0.0,1.250000019,0.837500012,0.128294275,2.580075747630305,0.1172957489279734
2006-06-01,356.6250053,278.6833375,295.7541711,0.001945833,85867.5,0.0,2.00000003,1.970833363,0.128330817,2.4296114454994124,0.1060593486434509
2006-06-02,346.6666718,294.1333377,297.4375044,0.002375,85987.5,0.0,0.933333347,0.258333337,0.128353386,2.8837295770861187,0.1170041606398624
2006-06-03,346.8291718,328.0208382,299.7125045,0.003516667,85791.66667,0.0,0.925000014,-0.862500013,0.128389998,3.2844767939714807,0.1508092849689236
2006-06-04,348.9666719,321.2000048,299.8125045,0.0033625,85585.83333,0.0,2.100000031,-1.041666682,0.128412149,3.0745126280536463,0.1429996691918174
2006-06-05,349.1750052,320.6666714,299.4833378,0.0039,85465.0,0.0,4.487500067,-0.050000001,0.128432529,2.970447171188717,0.1688987978384819
2006-06-06,329.7666716,337.625005,299.3125045,0.005458333,85485.83333,0.0,5.033333408,1.000000015,0.128467485,2.869775296361728,0.2388631148445111
2006-06-07,314.3166714,354.854172,298.5166711,0.006370833,85561.66667,0.400000006,2.912500043,1.270833352,0.12850308,3.5166281673752007,0.292646379909774
2006-06-08,340.8166717,352.1416719,298.3208378,0.0068375,85683.33333,0.100000001,2.154166699,1.870833361,0.128524049,3.851238746904498,0.3182494981199081
2006-06-09,348.8750052,332.0958383,298.1416711,0.005479167,85703.33333,0.0,2.520833371,3.454166718,0.128559004,3.512116843743707,0.2578485856396463
2006-06-10,356.279172,309.3833379,297.6458378,0.004129167,85506.25,0.0,2.520833371,3.125000047,0.128579976,3.473635342820036,0.1997531998391732
2006-06-11,357.979172,294.3541711,297.1708378,0.003175,85305.0,0.0,2.020833363,3.300000049,0.128614932,3.3462014485627942,0.157700693522212
2006-06-12,353.4333386,298.5083378,297.6375044,0.0028,85640.41667,0.0,1.704166692,3.925000058,0.1286359,3.342194236981028,0.1357340572554365
2006-06-13,259.2750039,325.3791715,298.1166711,0.002995833,85962.08333,0.0,1.695833359,1.091666683,0.12867086,2.927689847435444,0.1416218799405132
2006-06-14,347.4458385,320.5625048,298.4583378,0.003920833,85801.25,0.0,3.412500051,2.479166704,0.128691828,3.332090497331218,0.1812424374774158
2006-06-15,357.0375053,287.1500043,296.3000044,0.0022375,85407.5,0.0,4.412500066,4.420833399,0.128726784,3.0587458790622954,0.117321297973201
2006-06-16,357.779172,304.1000045,297.2000044,0.003645833,85324.58333,0.0,3.541666719,0.208333336,0.128846943,3.138657949058198,0.1808083930140413
2006-06-17,355.8000053,303.4083379,297.2458378,0.003295833,85706.25,0.0,2.366666702,0.429166673,0.128956156,3.283678923986769,0.1637265883767599
2006-06-18,355.979172,302.7250045,298.2208378,0.003104167,85886.66667,0.0,3.345833383,0.87916668,0.12907936,3.1999807697261744,0.1456985754532409
2006-06-19,352.3458386,316.395838,298.9541711,0.0038125,85770.0,0.0,3.258333382,2.758333374,0.129188573,3.1361104089382,0.1710144419266702
2006-06-20,353.5500053,324.8083382,299.3458378,0.004545833,85840.0,0.0,3.32500005,2.450000037,0.129326397,3.079298616754396,0.1993585947457044
2006-06-21,351.2416719,327.9291716,299.5750045,0.0046125,85765.0,0.0,3.508333386,1.458333355,0.129436245,3.0321911788525937,0.1993655494737436
2006-06-22,338.4666717,325.9416715,300.0833378,0.004354167,85854.58333,0.0,2.787500042,-0.125000002,0.129559446,3.0043853545247754,0.1827929392001508
2006-06-23,316.0416714,338.4541717,300.2083378,0.003875,85961.25,0.0,2.304166701,0.633333343,0.129668659,2.942481149992849,0.1616771272782062
2006-06-24,318.9750048,340.6916717,300.1958378,0.0045125,85987.08333,0.0,2.300000034,1.262500019,0.129791863,2.811696064825873,0.1884716877743303
2006-06-25,315.2250047,352.1041719,301.3750045,0.004891667,86082.91667,1.000000015,-0.062500001,2.070833364,0.129901076,5.653801896473281,0.1907973335401443
2006-06-26,329.9041716,355.0833386,300.6458378,0.006316667,86000.83333,1.500000022,2.270833367,2.2666667,0.130024276,11.000618910509596,0.2569392200463515
2006-06-27,321.3000048,353.5625053,299.3916711,0.006504167,85902.5,3.500000052,2.404166702,1.766666693,0.130148112,40.33632915003602,0.2846707264847825
2006-06-28,328.2541716,358.5500053,299.6166711,0.007370833,85919.58333,0.0,1.500000022,1.700000025,0.130271949,16.06179623904418,0.3183725736031389
2006-06-29,301.2708378,359.4708387,300.5166711,0.007020833,85958.75,1.300000019,2.245833367,1.170833351,0.130381162,21.343678334559208,0.2876281797833182
2006-06-30,311.208338,364.6041721,300.2041711,0.007745833,85925.0,0.0,3.116666713,0.862500013,0.130504365,12.36988943501273,0.3231238389052128
2006-07-01,308.8041713,367.6791721,300.2083378,0.008279166,85704.58333,2.200000033,3.000000045,1.179166684,0.130628202,26.683993859247693,0.3444013088161465
2006-07-02,307.3583379,366.3000055,300.8541711,0.008045833,85750.41667,2.400000036,2.545833371,-0.354166672,0.130737415,39.799111689834646,0.3223371810295797
2006-07-03,297.1291711,372.8875056,300.9791712,0.008883333,85950.41667,0.200000003,3.995833393,0.804166679,0.130860615,16.4824380981868,0.3541026331991678
2006-07-04,300.2833378,362.4083387,300.2458378,0.007979166,86084.58333,0.0,3.925000058,0.620833343,0.130969828,11.8760623618437,0.3326539040485702
2006-07-05,252.9416704,370.0958388,297.5208378,0.008366666,85891.25,5.300000079,2.304166701,-0.008333333,0.131093029,52.56435536968516,0.4096520195436823
2006-07-06,297.6541711,357.579172,297.5166711,0.008720833,85952.08333,0.0,1.941666696,2.154166699,0.131216865,24.26914077324879,0.4274029558207823
2006-07-07,291.929171,358.5583387,297.4916711,0.007929166,86100.83333,0.100000001,0.554166675,0.300000004,0.131340704,17.211572989067488,0.3898651981893605
2006-07-08,303.0583378,357.9083387,297.3208378,0.007620833,86033.33333,6.300000094,-0.995833348,-0.42083334,0.131449918,66.70045333438371,0.3783014349773643
2006-07-09,303.4791712,366.1000055,299.7916711,0.008241666,85775.41667,0.0,2.275000034,1.058333349,0.131573118,35.69851981203861,0.3517112212748307
2006-07-10,320.3458381,366.3833388,301.1666712,0.008129166,85624.58333,0.200000003,3.512500052,1.691666692,0.131682331,21.984231382518,0.3192702763557452
2006-07-11,323.2500048,353.1583386,300.9625045,0.006720833,85785.83333,0.0,3.662500055,1.433333355,0.131805531,12.939750185233482,0.2676517709006026
2006-07-12,319.7666714,360.2458387,301.8916712,0.006725,85912.5,0.0,3.679166721,0.295833338,0.131929367,9.74519577722942,0.253980599253765
2006-07-13,309.3708379,380.320839,303.1541712,0.008295833,85890.83333,0.0,3.179166714,-1.116666683,0.132053207,8.011279227566558,0.2910377786723648
2006-07-14,320.6000048,361.8416721,302.9291712,0.007225,85864.58333,0.0,2.2416667,-0.570833342,0.13216242,7.055033223375311,0.2567196327359665
2006-07-15,298.5708378,362.6166721,303.9291712,0.005966667,85883.75,0.0,-0.516666674,1.087500016,0.132285621,6.614700976595634,0.2001460564127221
2006-07-16,311.1041713,364.8666721,302.2916712,0.007066666,86090.83333,0.0,-0.758333345,1.654166691,0.132099221,5.30678387706558,0.2612646151466014
2006-07-17,266.2333373,378.920839,301.7583378,0.008929166,86064.16667,0.0,1.416666688,2.420833369,0.13188471,3.791940960747178,0.3404653396344016
2006-07-18,301.2000045,381.1041723,301.7666712,0.009570833,85987.08333,0.0,1.420833355,0.858333346,0.131684187,4.347695149567109,0.3644271812947327
2006-07-19,297.4833378,379.5041723,301.5333378,0.0083875,85877.5,0.70000001,1.062500016,0.266666671,0.131484299,7.093168755502079,0.3233524305423858
2006-07-20,307.1625046,374.2583389,301.6791712,0.0073125,85970.41667,0.200000003,-0.89166668,0.304166671,0.131284411,7.1442271818290415,0.2798128388090021
2006-07-21,303.3333379,369.4125055,302.7291712,0.007533333,85916.25,0.0,-0.595833342,-0.991666681,0.131084523,5.599680827650582,0.2709648230384266
2006-07-22,307.0958379,365.9833388,302.5416712,0.006054167,85869.16667,0.0,-2.02500003,1.225000018,0.130870012,4.358720999225052,0.2200275438180781
2006-07-23,294.4875044,362.4416721,302.2958378,0.0062875,85840.0,2.100000031,-0.170833336,1.437500021,0.130669492,14.601275961811538,0.231724168869344
2006-07-24,308.1583379,369.2583388,301.3708378,0.006970833,85552.91667,1.500000022,1.195833351,1.012500015,0.130469604,21.363291001248555,0.2702863862479157
2006-07-25,303.5291712,368.0375055,301.0083378,0.007670833,85412.91667,0.100000001,3.837500057,1.520833356,0.130273771,10.838533914565184,0.3033371235075877
2006-07-26,277.6708375,370.0375055,296.7625044,0.009245833,85703.33333,19.8000003,4.94166674,1.662500025,0.13006292,204.0206721417673,0.472961460630208
2006-07-27,260.9875039,373.0416722,295.1083377,0.011275,85899.16667,7.000000104,6.300000094,1.887500028,0.129865999,128.72676253489018,0.63966410422431
2006-07-28,229.2333367,373.7250056,295.4791711,0.012366666,85858.33333,18.80000028,4.550000068,2.208333366,0.129669743,141.54585495043247,0.6854512624702298
2006-07-29,243.2250036,370.8708389,294.7583377,0.011654166,85835.41667,6.100000091,2.704166707,2.670833373,0.129458878,108.15889443468228,0.6751012005531762
2006-07-30,245.045837,367.7916721,292.9083377,0.010545833,85678.75,4.00000006,2.933333377,2.787500042,0.129247364,95.3947884986482,0.684153120433728
2006-07-31,212.6625032,384.8541724,294.3625044,0.011604166,85528.33333,15.70000023,2.225000033,2.758333374,0.129050492,124.21830318266036,0.6864014063735844
2006-08-01,263.4125039,391.3458392,296.3958377,0.012708333,85622.91667,7.200000107,0.837500012,3.479166719,0.128854226,153.04146073078988,0.6641366942783341
2006-08-02,304.3666712,386.7291724,298.5583378,0.0120375,85821.25,0.100000001,2.125000032,2.345833368,0.128657985,73.85055579805648,0.553239738344234
2006-08-03,300.1916711,357.2208387,297.5625044,0.009675,85748.33333,0.0,2.66250004,0.716666677,0.128447109,27.052316562797355,0.4717333949754938
2006-08-04,247.583337,372.8916722,297.2833378,0.010020833,85774.58333,0.200000003,3.137500047,1.225000018,0.128235587,13.587188088550835,0.4970698905478188
2006-08-05,304.4041712,360.9000054,297.0958378,0.010008333,85848.75,0.0,2.741666708,0.337500005,0.128038714,10.371647875736873,0.5025579104758936
2006-08-06,297.2041711,348.9250052,297.9458378,0.007541666,85765.41667,0.0,2.408333369,0.566666675,0.127842467,7.744332035940362,0.3593792718618358
2006-08-07,301.0125045,360.416672,299.0083378,0.008204166,85840.83333,0.0,-0.729166678,2.87916671,0.127631605,6.054112035023166,0.3671212809025747
2006-08-08,255.4208371,378.1625056,297.1208378,0.009683333,86023.33333,13.3000002,1.062500016,2.287500034,0.127434735,121.64707766726096,0.4864890429873745
2006-08-09,267.8541707,374.3666722,298.3125044,0.010141666,85995.0,0.0,1.191666684,0.329166672,0.127238484,55.32389319825191,0.4739952631631717
2006-08-10,231.2875034,382.5916724,299.4375045,0.011558333,85930.83333,3.300000049,2.200000033,0.637500009,0.127027591,58.91345453080275,0.5046653717716573
2006-08-11,284.8208376,373.5333389,298.1541711,0.010958333,85884.16667,0.200000003,3.316666716,0.537500008,0.126830728,38.09358815270424,0.5163967364430251
2006-08-12,271.7291707,364.3500054,295.4416711,0.009770833,85723.33333,13.90000021,2.691666707,1.020833349,0.126619841,146.01499137581703,0.5419665349316056
2006-08-13,260.4625039,362.2625054,295.5625044,0.009916666,85692.5,3.900000058,1.495833356,0.258333337,0.126422926,80.65824337003679,0.5457931353182522
2006-08-14,244.0000036,361.4125054,295.7291711,0.010170833,85887.08333,8.500000127,2.600000039,-0.137500002,0.126226699,125.93464296745071,0.5553469491757664
2006-08-15,243.920837,371.2166722,296.0125044,0.010525,85907.91667,3.100000046,2.766666708,0.21666667,0.126015841,91.85239528404377,0.564938508495688
2006-08-16,194.1916696,376.7041723,296.0916711,0.010525,85979.16667,8.900000133,2.641666706,1.170833351,0.125886563,114.4375824242054,0.562676848231029
2006-08-17,280.0833375,366.6000055,297.1958378,0.0113625,86107.08333,0.0,1.891666695,1.395833354,0.125775502,73.07968959023358,0.5688137417185594
2006-08-18,292.491671,353.1916719,297.2166711,0.007670833,86051.25,0.0,2.504166704,0.45833334,0.125665065,42.01477877621439,0.3832734290710088
2006-08-19,291.7125043,342.8625051,297.7958378,0.0070875,85825.83333,0.0,2.033333364,0.441666673,0.125539977,20.918884646008152,0.3410454983828982
2006-08-20,285.2375043,345.0791718,298.6458378,0.007558333,85827.08333,0.0,1.683333358,1.170833351,0.125414313,12.942829323187969,0.3455844971046901
2006-08-21,281.9958375,350.7541719,298.4125044,0.007695833,85937.5,0.0,-1.087500016,1.129166683,0.125303239,12.238927211997227,0.3572903067295818
2006-08-22,260.5208372,357.8500053,296.5916711,0.007758333,86112.5,4.300000064,-3.162500047,1.32500002,0.125178174,41.82567252628321,0.4029313517494153
2006-08-23,257.3333372,346.0666718,295.2625044,0.007904166,86220.83333,0.400000006,-0.112500002,0.720833344,0.125052471,20.85627406896662,0.4458548431780283
2006-08-24,211.5041698,357.9125053,296.0916711,0.009258333,85930.83333,0.0,2.741666708,1.450000022,0.124941404,10.142012518989125,0.4946813426152802
2006-08-25,244.883337,359.541672,295.6625044,0.010195833,85657.91667,1.200000018,2.558333371,1.725000026,0.124816398,14.31294715617272,0.557500639356077
2006-08-26,268.1708373,361.8875054,295.8500044,0.01115,85646.66667,0.400000006,3.020833378,2.233333367,0.124705296,11.804554560700428,0.6026293011972135
2006-08-27,286.2208376,331.5041716,296.1375044,0.0078875,85795.83333,0.0,1.766666693,0.600000009,0.124594879,12.43582865806895,0.4195974286477261
2006-08-28,287.4875043,310.1125046,296.6208378,0.004704167,85747.5,0.0,-0.075000001,-0.495833341,0.124469782,11.816145917369976,0.2428451658660975
2006-08-29,278.3875041,317.9416714,296.9125044,0.0049125,85761.66667,0.0,-0.083333335,0.958333348,0.124344077,8.854196835499305,0.2491831991978135
2006-08-30,258.0458372,350.9791719,298.0250044,0.0082875,85733.33333,4.100000061,1.479166689,2.425000036,0.124232968,33.37741898595911,0.392894231488677
2006-08-31,256.0625038,359.529172,297.9958378,0.009241666,85670.41667,2.200000033,1.208333351,1.812500027,0.124107941,34.58146618857745,0.4385776019926888
2006-09-01,278.2791708,347.7625052,297.2750044,0.008025,85694.16667,1.800000027,0.945833347,0.500000007,0.123996916,33.8612649752763,0.3978968646793047
2006-09-02,270.5708374,346.3958385,296.4083378,0.007866666,85707.5,2.00000003,2.595833372,1.691666692,0.12387185,37.64907239837858,0.4112040481903896
2006-09-03,229.1583367,350.8083386,293.7750044,0.008179166,85742.91667,5.700000085,-1.925000029,1.937500029,0.123760795,64.13054193176235,0.5030413381733136
2006-09-04,265.5416706,349.2958385,294.4000044,0.0105375,85875.41667,0.500000007,-2.808333375,3.079166713,0.12363574,39.45210615853836,0.6243842242793619
2006-09-05,260.1291705,350.9291719,294.8833377,0.009816666,86134.16667,3.300000049,-2.812500042,1.925000029,0.123524679,54.15929409438552,0.5662518168929819
2006-09-06,275.3333374,335.2791717,294.2583377,0.008791666,86163.75,0.0,-1.56666669,2.137500032,0.123399634,25.08940663590836,0.5272949504634472
2006-09-07,263.8291706,331.1250049,292.491671,0.007275,85755.83333,8.400000125,0.087500001,2.425000036,0.123288514,86.35444074343398,0.4849000553758594
2006-09-08,250.6208371,324.7708382,290.891671,0.008254166,85584.58333,3.800000057,2.608333372,2.175000032,0.123163451,74.57395742788589,0.6075456948251104
2006-09-09,218.5750033,343.0958384,291.754171,0.008870833,85751.66667,0.300000004,2.862500043,1.37500002,0.123037724,39.67771098346716,0.6193758177922285
2006-09-10,269.9666707,327.3541715,292.6250044,0.0087875,85768.75,0.0,2.108333365,0.683333344,0.122926674,25.99233728413736,0.5809141388335769
2006-09-11,268.6541707,318.6208381,293.1000044,0.007270833,85810.41667,0.0,1.066666683,0.487500007,0.122801708,16.96373439751272,0.4667797590449268
2006-09-12,266.825004,319.2208381,293.3375044,0.005475,86019.58333,2.400000036,-1.866666694,2.262500034,0.122690615,29.52653849933139,0.347154202354045
2006-09-13,257.4208372,323.4833382,293.4000044,0.006325,85857.5,2.300000034,-0.958333348,2.366666702,0.122565529,34.00990604460544,0.3987357537657046
2006-09-14,212.7083365,336.625005,293.254171,0.0075875,85522.08333,0.600000009,1.904166695,3.525000053,0.122454451,19.613676449097312,0.4808157032106084
2006-09-15,264.4416706,323.5208382,292.354171,0.007504166,85352.91667,0.0,2.87916671,5.587500083,0.122329419,12.66797254149006,0.5021483825299501
2006-09-16,269.0166707,305.3041712,292.6625044,0.006908333,85418.75,0.0,1.983333363,3.487500052,0.122315889,9.032543238608238,0.4537550697338022
2006-09-17,266.3041706,293.254171,291.129171,0.005733333,85710.0,0.0,1.845833361,0.912500014,0.122307169,8.198392575319382,0.4162836467722642
2006-09-18,267.5333373,278.9166708,291.5458377,0.004075,85839.16667,0.0,1.091666683,0.70000001,0.1222985,7.20898517826737,0.2885927766066246
2006-09-19,264.9416706,281.1916709,292.4458377,0.0039625,85941.66667,0.0,0.137500002,2.2041667,0.122275198,5.793035545594254,0.2654483698334886
2006-09-20,253.5375038,306.6625046,290.9333377,0.005454167,85647.5,0.0,4.533333401,4.829166739,0.122265879,4.995010428085527,0.4006836750762318
2006-09-21,256.0666705,293.8458377,290.2583377,0.005970833,85423.75,0.0,5.191666744,2.600000039,0.122257187,3.938348518346654,0.4567473134313236
2006-09-22,241.5791703,299.5583378,290.1875043,0.00585,85067.91667,0.0,4.158333395,3.791666723,0.122248522,3.525371120305989,0.4476644956313015
2006-09-23,225.2458367,333.6833383,291.791671,0.007470833,85425.0,0.0,2.125000032,2.279166701,0.122239879,3.3337637645836597,0.5184080880099342
2006-09-24,248.4291704,326.9458382,292.616671,0.005925,85821.25,0.0,-0.400000006,0.183333336,0.122231171,5.275379455213251,0.3921281192324901
2006-09-25,247.995837,311.145838,293.6958377,0.00605,85939.58333,0.0,-1.425000021,1.616666691,0.122207868,3.506262158920537,0.3747876992285112
2006-09-26,240.6250036,315.3000047,294.7000044,0.0058375,86014.58333,0.0,0.545833341,2.129166698,0.122198587,3.5072750897436227,0.3400831131832984
2006-09-27,247.0125037,313.108338,295.0208377,0.0059625,86120.0,0.0,2.658333373,-0.579166675,0.122189885,3.5532006095212547,0.3409731462070345
2006-09-28,250.5708371,284.2250042,293.7625044,0.0035625,86106.66667,0.0,1.279166686,-1.670833358,0.122183572,3.302931286216928,0.2202043562752008
2006-09-29,236.4625035,277.4166708,293.366671,0.002691667,85822.91667,0.0,0.19166667,-0.770833345,0.122166098,2.8871391919775684,0.169970939165908
2006-09-30,244.6666703,274.8666708,293.2750044,0.002745833,85792.08333,0.0,1.31250002,0.875000013,0.122161259,3.035228257570393,0.1743242027149727
2006-10-01,231.9333368,288.0083376,293.3750044,0.003245833,85805.0,0.0,1.816666694,1.933333362,0.122144865,3.2561812177152034,0.2048155386911567
2006-10-02,229.8083368,316.4416714,294.3333377,0.005133333,85936.66667,0.0,1.345833353,3.741666722,0.122142498,3.692825884670239,0.3056447562531055
2006-10-03,231.4750034,323.4166715,294.5750044,0.006545833,86032.08333,0.0,1.633333358,3.433333384,0.122126118,3.515913726331068,0.3843857175925708
2006-10-04,227.2666701,314.108338,294.2500044,0.005654167,85954.16667,0.0,0.441666673,3.116666713,0.122109047,3.3688713278780447,0.3384681378499386
2006-10-05,202.112503,329.6166716,293.079171,0.005754167,85847.91667,3.400000051,-1.191666684,3.816666724,0.122106575,12.092177687128942,0.3700548875589399
2006-10-06,154.091669,341.3625051,292.166671,0.0070625,85709.58333,35.60000053,1.266666686,4.950000074,0.122090156,128.12392225962128,0.48020541877424
2006-10-07,224.7125033,314.4416714,291.0458377,0.0073625,85721.66667,0.900000013,0.595833342,4.191666729,0.122073246,50.804404433776526,0.5374855463310617
2006-10-08,179.770836,305.5166712,289.2000043,0.005879167,85761.25,2.600000039,-0.437500007,2.487500037,0.122070876,34.84869700955195,0.4832778826459973
2006-10-09,179.7125027,314.533338,288.529171,0.006575,85657.5,7.100000106,0.225000003,3.195833381,0.122054547,66.41585430154798,0.5637625423973984
2006-10-10,223.6083367,279.7291708,286.8208376,0.005279167,85721.66667,0.0,0.454166673,2.679166707,0.122042506,43.33033531927316,0.5064526936573335
2006-10-11,224.5833367,271.425004,288.629171,0.004245833,85774.58333,0.0,-0.625000009,0.86666668,0.122034007,23.39020494662137,0.3621938019384799
2006-10-12,222.3083366,272.0416707,289.1208376,0.004208333,85633.75,0.0,0.520833341,0.958333348,0.122025655,16.622822905520106,0.3471872831010635
2006-10-13,198.100003,283.5625042,288.8875043,0.004691667,85496.66667,0.0,1.029166682,2.195833366,0.1220173,11.394198891047203,0.3923129414816116
2006-10-14,175.3166693,330.4250049,288.5875043,0.007391666,85377.91667,0.200000003,0.525000008,5.187500077,0.121994324,7.772999166511752,0.6293326478805408
2006-10-15,101.1125015,328.3958382,285.9416709,0.005745833,85182.08333,0.0,1.854166694,1.54166669,0.121992245,4.065585469717587,0.5804654170473075
2006-10-16,212.0541698,280.6250042,285.7041709,0.005483333,85167.08333,0.0,2.520833371,1.345833353,0.121883171,4.615782791198021,0.5626360357248569
2006-10-17,189.2916695,286.8958376,286.3875043,0.006033333,85130.41667,0.0,2.766666708,4.558333401,0.121769404,3.547536253742954,0.5914523152167644
2006-10-18,199.912503,280.4458375,284.3333376,0.004620833,85520.41667,0.0,1.050000016,-0.366666672,0.121666701,3.466006924062933,0.5216932303080758
2006-10-19,213.3333365,243.1250036,284.2958376,0.002891667,85929.58333,0.0,-1.979166696,-2.283333367,0.12154966,2.7641685513250107,0.3288582156291978
2006-10-20,208.7208364,254.7416705,285.5375043,0.0028875,85589.58333,0.0,-1.295833353,-1.220833352,0.121431974,2.4508765523010823,0.3010641817957434
2006-10-21,208.7666698,248.7666704,285.5291709,0.0029,85550.0,0.0,0.758333345,-0.20416667,0.121314285,2.059754943593473,0.3023950094455765
2006-10-22,205.5416697,254.0875038,286.5958376,0.002954167,85882.08333,0.0,-1.683333358,-0.729166678,0.121211222,2.643447463289801,0.2881714024154833
2006-10-23,199.725003,258.5041705,287.991671,0.0030625,85933.33333,0.0,-1.504166689,0.941666681,0.121094168,2.4762875056596685,0.2728004009905316
2006-10-24,169.2833359,324.9666715,287.6250043,0.00585,85733.75,0.0,1.287500019,1.970833363,0.120991106,2.406751207575529,0.532478792452719
2006-10-25,145.9375022,320.4708381,286.3583376,0.00745,85604.58333,1.800000027,2.800000042,2.420833369,0.120874056,3.153285463364882,0.7358118646340678
2006-10-26,203.8791697,249.5500037,284.2208376,0.004070833,85902.91667,0.300000004,0.900000013,-2.775000041,0.120756367,3.659612318621731,0.4651522062476911
2006-10-27,200.062503,237.8666702,284.0958376,0.0023875,86338.33333,0.0,-2.962500044,-2.250000034,0.120653304,3.460280475493203,0.2765015121093322
2006-10-28,192.1791695,237.4541702,284.3916709,0.0022,86179.16667,0.0,-3.379166717,-0.487500007,0.120536282,2.908796257699125,0.2493165819373689
2006-10-29,121.3625018,268.7833373,285.1208376,0.00265,85764.58333,0.0,-0.966666681,2.804166708,0.120424332,1.9989756496636653,0.2846498082775902
2006-10-30,189.7166695,287.5333376,285.1958376,0.004745833,85590.0,0.0,1.316666686,2.737500041,0.120312794,2.176405397515078,0.5062000441687884
2006-10-31,190.9416695,253.0083371,284.7000042,0.003966667,85666.25,0.0,0.441666673,2.191666699,0.120213918,1.6644787739335265,0.4377185463105231
2006-11-01,185.7458361,243.5625036,283.9166709,0.003041667,85723.33333,0.0,0.112500002,0.600000009,0.12009213,1.5374769613224502,0.3539927724233371
2006-11-02,183.9833361,241.8458369,284.6791709,0.002658333,85894.16667,0.0,-1.075000016,0.829166679,0.119983941,1.3991624113730454,0.2945355075715679
2006-11-03,182.3458361,250.1833371,285.7083376,0.002779167,85768.33333,0.0,-1.404166688,1.262500019,0.119861769,1.5477027424693584,0.2870996873829843
2006-11-04,176.7875026,256.8916705,286.0166709,0.0032625,85784.58333,0.0,0.570833342,1.262500019,0.119753584,1.4758519909471342,0.3302773692595808
2006-11-05,177.9791693,251.4458371,285.7000043,0.003079167,85872.5,0.0,0.075000001,-1.300000019,0.119646031,1.445564786917915,0.3186533911434638
2006-11-06,176.2541693,261.4916706,286.6125043,0.003266667,86014.58333,0.0,-1.937500029,-2.158333365,0.119538482,1.8928503455301815,0.3187964656462896
2006-11-07,171.6500026,270.625004,287.7458376,0.003275,85959.58333,0.0,-2.095833365,-1.920833362,0.11941631,2.0817936516937814,0.2965335004083891
2006-11-08,169.9458359,271.5291707,288.229171,0.003391667,85525.83333,0.0,0.412500006,0.920833347,0.119308121,1.704397531928305,0.2960777491057614
2006-11-09,170.7125025,263.6958373,286.7958376,0.003575,85283.33333,0.0,1.875000028,3.129166713,0.119200572,2.261445558371845,0.3417724142656687
2006-11-10,170.8333359,256.0250038,285.0166709,0.004029167,85682.5,0.0,-0.070833334,-0.054166667,0.119093023,1.521830685231609,0.4353925339133611
2006-11-11,167.0875025,246.9625037,284.3375042,0.003029167,85860.0,0.0,-2.370833369,2.141666699,0.118970847,1.6615772281823664,0.3432557684714952
2006-11-12,166.9291692,275.9208374,284.1916709,0.0040875,85430.83333,0.0,2.883333376,2.058333364,0.118862662,1.6570763156113466,0.465400490926821
2006-11-13,155.216669,257.0916705,283.1041709,0.003754167,85947.5,0.0,0.404166673,1.475000022,0.118755113,1.033921168237564,0.4627625382123215
2006-11-14,155.129169,264.4041706,283.1333376,0.003366667,85603.33333,0.0,2.70000004,1.679166692,0.118632937,1.326708480154218,0.4125191542204156
2006-11-15,166.6166691,241.3791703,284.4583376,0.002970833,85782.91667,0.0,-2.033333364,-2.100000031,0.118524752,1.2442196729799546,0.3336296114344077
2006-11-16,165.4916691,237.8083369,284.0750042,0.0016375,85719.58333,0.0,-2.612500039,-0.291666671,0.118551163,1.2620293274241765,0.1885471420877605
2006-11-17,161.1541691,238.8166702,284.8541709,0.001720833,85712.08333,0.0,-0.541666675,0.500000007,0.118568775,0.7230833832296814,0.1880464865897274
2006-11-18,157.8500024,246.233337,284.9458376,0.002070833,85858.33333,0.0,-0.862500013,0.487500007,0.118600374,0.8218775062277931,0.2252961678264632
2006-11-19,160.5541691,247.2125037,285.5625043,0.00255,86145.0,0.0,-3.14583338,-0.708333344,0.118617982,1.316845760685657,0.2671562099925761
2006-11-20,158.754169,246.9166703,286.0791709,0.0027625,86300.83333,0.0,-4.291666731,1.908333362,0.118649581,1.6418854549702062,0.2801822481973304
2006-11-21,156.591669,256.3375038,285.7375043,0.003479167,86181.25,0.0,-2.500000037,2.841666709,0.118681816,1.3719640545973752,0.3604449762292144
2006-11-22,155.629169,250.2041704,285.3541709,0.0029375,86063.75,0.0,-0.304166671,2.191666699,0.118699428,1.0967383331442988,0.3117506174785871
2006-11-23,145.6291688,251.6250037,284.7041709,0.003033333,85938.75,0.0,-0.429166673,1.995833363,0.118731027,0.9905389686359474,0.3356970701601647
2006-11-24,121.7041685,282.3708375,283.9666709,0.002904167,85659.58333,0.0,0.258333337,1.991666696,0.118763262,1.0904737621717442,0.3366045856002653
2006-11-25,150.6333356,285.7708376,283.9833376,0.003733333,85478.33333,0.0,0.508333341,2.629166706,0.118780871,1.343510568982561,0.4313088056923615
2006-11-26,149.3375022,253.1125038,281.8375042,0.004533333,85495.41667,0.0,0.750000011,2.754166708,0.11881247,0.8442712881403088,0.6059463980883828
2006-11-27,132.6916686,258.7166705,281.1708375,0.004554167,85465.0,0.0,1.741666693,3.550000053,0.118830082,0.831944701906201,0.6370070987071291
2006-11-28,89.18333466,308.3375046,280.7375042,0.004808333,85426.25,0.0,3.38750005,4.854166739,0.118861681,0.9497850911073392,0.6926420623916092
2006-11-29,105.7791682,297.1000044,278.5666708,0.003720833,85360.41667,1.200000018,4.779166738,1.029166682,0.123514786,1.306206418542757,0.6230537076171133
2006-11-30,152.6125023,197.6583363,274.8625041,0.001295833,86244.58333,0.0,-1.78333336,-3.341666716,0.131667239,1.1879556347599984,0.2856253013670696
2006-12-01,150.3916689,217.7750032,275.9166708,0.001179167,86155.0,0.0,-2.095833365,-1.083333349,0.130197116,1.1498244543048932,0.2406096770389592
2006-12-02,152.1750023,213.9375032,277.6708375,0.001529167,85845.83333,0.0,-0.283333338,-1.32500002,0.127470689,0.9315894340659122,0.2743236925760499
2006-12-03,154.816669,201.5416697,277.3875041,0.0015625,86434.58333,0.0,-3.758333389,-2.358333368,0.125536447,1.2994765262380517,0.2879549389030442
2006-12-04,154.1125023,197.8500029,277.2208375,0.001316667,86540.83333,0.0,-4.695833403,-0.483333341,0.124242439,1.3264036828320278,0.2458428585896524
2006-12-05,151.2625023,208.5166698,277.7291708,0.001766667,86039.58333,0.0,-3.741666722,0.487500007,0.122807287,1.080714775338352,0.316335427162578
2006-12-06,149.2291689,214.0333365,279.4083375,0.0019375,86151.25,0.0,-2.383333369,-0.983333348,0.12143571,0.9130166230813712,0.3086861287649435
2006-12-07,148.0625022,216.1625032,279.5583375,0.001216667,86106.66667,0.0,-3.979166726,-0.708333344,0.120530801,1.2889637965242988,0.1917237696285116
2006-12-08,144.9625022,226.9375034,279.6041708,0.0023125,86248.33333,0.0,-4.70000007,1.008333348,0.119970486,1.1412060220418976,0.3638411886202203
2006-12-09,142.7833355,245.1375037,279.5708375,0.003591667,85931.25,0.0,-2.300000034,2.495833371,0.119612986,0.7612447171285517,0.5643337670792373
2006-12-10,94.2500014,270.9791707,280.0625042,0.004420833,85725.83333,0.0,1.837500027,3.725000056,0.119419518,0.5634377374909139,0.669643390780276
2006-12-11,144.0833355,239.8875036,279.1500042,0.003958333,86110.0,0.0,2.500000037,0.345833338,0.119350028,0.5490396387955314,0.6418341201700205
2006-12-12,145.0708355,219.2750033,277.3750041,0.002345833,86404.16667,0.0,-1.141666684,-1.170833351,0.119326946,0.5143154729360564,0.4325479556777016
2006-12-13,142.7500021,232.6083368,279.0791708,0.001891667,86181.25,0.0,-1.454166688,-1.466666689,0.119326756,0.6855225444374067,0.3085089779978251
2006-12-14,140.0125021,238.2916702,279.4208375,0.0024375,85970.41667,0.0,-0.858333346,-1.59166669,0.119329109,0.5978484743160656,0.3871938022776165
2006-12-15,141.7750021,233.5250035,280.7125042,0.002704167,85753.75,0.0,-0.366666672,-0.033333334,0.119334005,0.4098099226435966,0.3917054674792397
2006-12-16,140.6583354,236.1416702,280.5333375,0.003058333,85367.5,0.0,0.379166672,3.704166722,0.119329021,0.6756670764753423,0.4465087820143391
2006-12-17,57.35833419,292.1375044,279.5625042,0.004791667,85339.58333,2.300000034,3.175000047,4.937500074,0.119325045,0.9432118805417936,0.74813227623779
2006-12-18,64.03750095,296.7000044,278.4750041,0.004583333,85597.08333,0.600000009,-0.43333334,1.420833355,0.119335692,1.2024356970864072,0.7745860966296351
2006-12-19,79.10833451,285.6458376,276.5708375,0.003245833,85689.58333,0.200000003,1.516666689,1.641666691,0.120930074,1.4122188564060814,0.6285550088936658
2006-12-20,142.3458355,232.2291701,274.6041708,0.003004167,85883.33333,0.100000001,3.283333382,0.483333341,0.123548702,1.1083746811120307,0.6718848562321484
2006-12-21,143.8416688,210.0250031,273.7500041,0.002295833,85755.83333,0.0,0.666666677,-0.745833344,0.123184234,1.0293481351944982,0.5456662861574788
2006-12-22,118.5750018,234.9375035,274.6625041,0.001845833,85508.75,0.200000003,-0.958333348,0.808333345,0.122365184,1.1620530622534413,0.409283152667313
2006-12-23,142.2416688,232.8500035,275.3000041,0.0029625,85788.33333,0.300000004,-1.154166684,-1.725000026,0.12172161,1.1144276932181834,0.6292843526912034
2006-12-24,143.1250021,218.9125033,277.2208375,0.002375,86235.41667,0.0,-1.929166695,-1.537500023,0.121062142,1.0906150736831324,0.4418856044136786
2006-12-25,144.9583355,211.3625031,278.0958375,0.0012625,86457.08333,0.0,-2.170833366,-1.837500027,0.120474517,1.2636154821413363,0.2213441069091737
2006-12-26,139.9458354,225.97917,278.5250042,0.001020833,86110.41667,0.0,-2.054166697,-0.533333341,0.120074448,1.2110562778245062,0.1729465399102811
2006-12-27,124.7625019,244.095837,279.0375042,0.001358333,85380.0,0.0,0.279166671,3.054166712,0.11975576,1.195764378075844,0.2201101408023359
2006-12-28,73.35000109,296.7583378,277.7833375,0.003841667,84378.33333,2.600000039,2.050000031,3.237500048,0.16986864,2.555729488908288,0.6720167502069972
2006-12-29,127.9500019,282.2708375,276.8500041,0.00415,85276.66667,1.600000024,0.25416667,0.0,0.272818257,5.9389337723897455,0.783987412616682
2006-12-30,143.2250021,249.2875037,276.8333375,0.003825,85695.41667,0.0,2.187500033,-0.66250001,0.24102768,2.8024512477811148,0.7270029236219308
2006-12-31,147.2041689,216.9083366,276.9083375,0.003133333,85979.16667,0.0,0.270833337,-0.025,0.204036399,1.5520519323436737,0.5943248727108207
2007-01-01,136.362502,226.91667,277.3041708,0.002554167,85547.08333,0.0,-1.708333359,1.716666692,0.173460168,2.1289573221902165,0.4686432567757805
2007-01-02,137.0083354,228.3708367,277.2166708,0.002779167,85538.33333,0.0,-3.025000045,-1.570833357,0.153998057,1.7403484060005718,0.5130558980286549
2007-01-03,137.5166687,233.3958368,278.5833375,0.003045833,85858.75,0.0,-1.912500028,-0.537500008,0.14019886,1.5130028030285612,0.512401589157758
2007-01-04,138.6541687,229.3541701,278.1125041,0.0028,85713.75,0.0,1.500000022,1.625000024,0.131698917,1.302063586055976,0.4861089025800191
2007-01-05,75.70000113,267.362504,277.0250041,0.003716667,85177.08333,3.700000055,2.862500043,3.250000048,0.129762161,4.768228462601119,0.6926117740097063
2007-01-06,143.6416688,228.1083367,277.3583375,0.003083333,85830.83333,1.700000025,-1.491666689,-2.625000039,0.136652615,9.324883853205236,0.565431941129855
2007-01-07,143.2750021,216.2958366,276.9166708,0.0018625,86363.33333,0.0,-1.745833359,-2.566666705,0.132457558,7.834089631813118,0.3546433159466115
2007-01-08,143.2166688,218.5250033,277.8625041,0.001666667,86467.91667,0.0,-3.750000056,-2.2291667,0.128595015,6.710852460981516,0.2970985811169236
2007-01-09,141.6166688,222.7750033,279.1958375,0.001725,86318.33333,0.0,-4.350000065,-0.145833336,0.124467987,5.162814260566733,0.2794835800683218
2007-01-10,134.9541687,237.8000035,279.8666708,0.002016667,85811.25,0.0,-2.187500033,3.033333379,0.121985729,3.833768541039023,0.3099689648962928
2007-01-11,135.450002,275.4125041,280.5916708,0.004225,85472.5,0.0,2.320833368,4.158333395,0.120851331,2.4588696868353663,0.6151108726761851
2007-01-12,97.53333479,294.3083377,279.2416708,0.004829167,85137.5,0.0,3.170833381,7.237500108,0.120038639,1.2301641035497193,0.7692456777663714
2007-01-13,92.38333471,296.0708377,275.3125041,0.0038125,85339.16667,0.0,2.608333372,2.68750004,0.163252004,0.9118063368958093,0.8048710796225881
2007-01-14,143.6666688,219.2458366,271.6708374,0.001466667,85550.0,0.0,2.854166709,1.716666692,0.214212384,0.959663828274626,0.4054802430360565
2007-01-15,152.9000023,185.6750028,271.4708374,0.001183333,85847.08333,0.0,-2.116666698,-1.691666692,0.201074405,0.7192943611911151,0.3332181431690267
2007-01-16,151.8541689,196.4541696,272.7875041,0.0016125,86088.33333,0.0,-4.670833403,-1.729166692,0.187946235,0.7294103624480393,0.4129483208410818
2007-01-17,152.5416689,206.1291697,274.1125041,0.0023,85866.25,0.0,-3.383333384,1.55416669,0.171904814,0.5596793261425765,0.5330465316945205
2007-01-18,123.6375018,225.5250034,275.9958374,0.002420833,85825.41667,0.0,-3.495833385,0.720833344,0.15614059,0.5700029898801282,0.4892909296883893
2007-01-19,67.74583434,287.6500043,277.1208375,0.003991667,85671.66667,13.1000002,-3.562500053,0.775000012,0.146116853,23.987864663817533,0.7430904671794271
2007-01-20,50.08333408,291.9083377,275.6083374,0.004741667,85501.25,1.400000021,1.587500024,1.833333361,0.194769518,5.892299893140345,0.981747607405749
2007-01-21,94.98750142,285.7583376,275.1083374,0.004170833,85338.75,3.600000054,1.912500028,1.908333362,0.224822987,19.39147828826376,0.8936128435973801
2007-01-22,149.6291689,244.758337,274.7375041,0.003070833,85341.25,3.000000045,-2.137500032,-2.191666699,0.430538183,25.734967846491987,0.6758813288462344
2007-01-23,158.4708357,212.5083365,275.3583374,0.002358333,85960.83333,0.0,-1.958333363,-1.695833359,0.412103035,16.718685067602163,0.4998455671179676
2007-01-24,159.779169,216.6875032,276.9291708,0.002033333,86149.58333,0.0,-2.737500041,-1.395833354,0.339061135,23.70195342636558,0.3858698027093168
2007-01-25,161.1541691,217.9583366,277.6916708,0.002208333,86206.66667,0.0,-3.270833382,-1.195833351,0.263349583,21.583290889197013,0.3972406272425223
2007-01-26,159.716669,238.7708369,277.7541708,0.0026,85562.91667,0.0,0.575000009,0.908333347,0.212316575,10.756542256626226,0.4621522024526954
2007-01-27,149.5333356,235.3750035,278.3291708,0.003233333,85665.83333,0.0,1.570833357,1.625000024,0.180002291,8.520345940318705,0.5525189593881401
2007-01-28,158.841669,251.9708371,279.9041708,0.003220833,85902.08333,0.0,-1.700000025,1.737500026,0.158114206,8.78312798740431,0.4942866350459248
2007-01-29,162.5666691,254.9416705,279.8750042,0.002470833,85752.5,0.0,-1.204166685,1.283333352,0.143602478,7.356489616744685,0.379295948861062
2007-01-30,50.48750075,279.4916708,279.3791708,0.003591667,85518.75,10.30000015,1.450000022,2.89166671,0.134285093,23.502271966611268,0.5691882147810152
2007-01-31,104.1083349,302.7708378,278.1458375,0.005425,85195.41667,11.50000017,1.78333336,3.137500047,0.137944039,30.784687425159262,0.9339407577694048
2007-02-01,114.8000017,295.2875044,276.7083375,0.004508333,85053.75,2.800000042,4.708333403,2.775000041,0.183793537,35.66311349683449,0.8580873065933604
2007-02-02,169.5791692,251.1041704,277.1750041,0.003879167,85608.33333,0.100000001,3.32500005,-0.041666667,0.202900097,29.64687540235367,0.718837689951064
2007-02-03,174.9125026,208.8000031,277.0541708,0.002429167,86134.16667,0.0,-1.408333354,-1.341666687,0.176067533,18.21295888632144,0.4568190043340512
2007-02-04,173.5708359,214.0750032,278.8166708,0.0016625,86387.08333,0.0,-2.354166702,-1.475000022,0.154315505,22.278977304691384,0.2768294013961598
2007-02-05,172.3583359,239.2875036,280.8833375,0.001875,86296.25,0.0,-3.025000045,-1.441666688,0.138649196,19.484859917532894,0.2701121491043708
2007-02-06,174.7750026,244.1041703,282.2166709,0.002554167,86195.83333,0.0,-2.43333337,0.566666675,0.128331091,11.19865571657595,0.3353934910382908
2007-02-07,174.7875026,237.9250035,282.6958375,0.002291667,85957.08333,0.0,0.125000002,2.283333367,0.123719771,7.557193135171779,0.2904551076110586
2007-02-08,179.9291693,237.8166702,282.6500042,0.0025,85855.83333,0.0,0.437500007,2.050000031,0.121903991,5.573223475463182,0.3174745815117475
2007-02-09,128.1625019,259.2416705,283.3041709,0.003208333,86036.66667,0.0,0.479166674,1.258333352,0.121128984,2.9363947059059634,0.3905660619057229
2007-02-10,103.0333349,305.6666712,283.3250042,0.0037375,85917.08333,0.0,0.095833335,1.10833335,0.120729093,3.0060572558533054,0.453712013744229
2007-02-11,106.0833349,318.0250047,283.3916709,0.004783333,85502.08333,1.700000025,1.875000028,2.89166671,0.120530109,5.801358120350729,0.5752668677241294
2007-02-12,177.0791693,272.0166707,280.4291708,0.005479167,85515.83333,3.100000046,1.80833336,1.633333358,0.120482438,13.15541837050424,0.8071329873158292
2007-02-13,125.6500019,284.9500042,279.3333375,0.004491667,85289.16667,6.500000097,2.220833366,2.041666697,0.120481182,30.291888567763667,0.7121812534388212
2007-02-14,124.9458352,279.6625042,277.5916708,0.0041125,85392.08333,4.500000067,3.416666718,1.162500017,0.215289773,32.395813630667014,0.7379879576684152
2007-02-15,190.5958362,232.1000035,278.2291708,0.003283333,85948.75,1.300000019,1.162500017,-1.975000029,0.205970484,30.715615957086012,0.5668979184754324
2007-02-16,190.5708362,233.7125035,279.6750042,0.0027625,86213.33333,0.0,0.262500004,-2.183333366,0.174235372,28.17059806022161,0.4323266435602599
2007-02-17,195.7250029,237.0458369,281.5041709,0.002945833,86168.33333,0.0,-2.829166709,-1.712500026,0.146517498,27.18664789329716,0.4060248804848147
2007-02-18,161.1875024,252.7166704,281.3833375,0.002495833,85786.25,0.0,-1.970833363,2.970833378,0.13265842,17.103872514671913,0.3453296315063417
2007-02-19,102.6791682,303.9250045,280.7291708,0.004508333,85302.5,0.200000003,2.258333367,6.087500091,0.126416017,8.246251349316488,0.6488595795997399
2007-02-20,171.4041692,290.4875043,279.5708375,0.004833333,85578.33333,6.000000089,2.720833374,2.262500034,0.128354236,34.917200722790746,0.7563092032640419
2007-02-21,196.6250029,253.6875038,280.2250042,0.004354167,85960.0,0.0,0.42083334,-0.42083334,0.127254045,18.250603781317043,0.6539292391336341
2007-02-22,181.0250027,250.1958371,282.0833375,0.003379167,85654.16667,0.0,-0.44583334,2.050000031,0.123589362,15.936687477609354,0.444970211590742
2007-02-23,123.1041685,269.6083374,280.4208375,0.003820833,85142.91667,0.70000001,4.933333407,4.804166738,0.123149924,12.43730871858688,0.560713781051562
2007-02-24,208.7708364,235.3250035,278.3833375,0.002858333,85510.83333,0.200000003,3.850000057,-1.037500015,0.140013593,10.107106993473677,0.4856975863132498
2007-02-25,208.8250031,215.3083365,277.9041708,0.001820833,85605.0,0.800000012,0.587500009,0.520833341,0.1324671,9.412302505040962,0.3203953979076158
2007-02-26,209.1833365,231.1583368,279.4583375,0.002291667,85390.83333,0.0,2.062500031,2.508333371,0.127379865,7.708077878838813,0.3606288789275096
2007-02-27,211.2000031,237.9875035,280.8083375,0.003483333,85358.33333,0.0,2.925000044,3.008333378,0.124395652,5.157954671819386,0.4989300686052436
2007-02-28,177.170836,268.0958373,279.5291708,0.003204167,84918.75,0.0,7.029166771,4.154166729,0.123376674,3.8761787362671423,0.4989646350895138
2007-03-01,226.9833367,233.7583368,277.2791708,0.002241667,85310.41667,0.0,3.429166718,-0.679166677,0.124041344,3.414381732414422,0.4108967058524757
2007-03-02,232.1416701,205.5000031,276.6500041,0.001633333,85482.08333,0.0,2.337500035,-1.387500021,0.123432,2.8253959326271008,0.313748409339791
2007-03-03,237.7916702,203.9291697,278.1583375,0.001558333,86032.5,0.0,-2.175000032,-3.758333389,0.12309776,2.806306525100752,0.270671858277367
2007-03-04,237.7708369,206.8333364,278.8958375,0.001229167,86429.16667,0.0,-4.325000064,-1.000000015,0.123015295,2.855386957247086,0.203639033472611
2007-03-05,215.7791699,228.6041701,281.0166709,0.001220833,86175.83333,0.0,-4.4958334,1.529166689,0.1228145,3.059751453341714,0.1740203089971551
2007-03-06,228.3416701,233.8000035,282.7000042,0.001325,86080.41667,0.0,-1.270833352,0.991666681,0.122730789,2.879532929432317,0.1681291708141766
2007-03-07,170.7041692,278.6958375,284.3000042,0.0016125,85938.33333,0.0,0.725000011,1.000000015,0.122690986,2.5304210585145905,0.1833508585575328
2007-03-08,233.4791701,289.704171,285.7000043,0.0034875,85797.08333,0.0,0.87916668,0.187500003,0.122743324,3.437244343830108,0.3605935339581952
2007-03-09,240.2208369,255.2916705,285.8625043,0.0032125,85742.08333,0.0,1.10833335,0.754166678,0.122835033,2.3966604308724406,0.328389675135106
2007-03-10,240.8000036,251.2166704,286.1916709,0.002679167,85748.75,0.0,1.258333352,0.070833334,0.12293244,2.20003447183378,0.2679914357663616
2007-03-11,247.0125037,248.5666704,286.7750043,0.002591667,85926.25,0.0,-0.729166678,-3.237500048,0.123041441,2.11972625297375,0.2499751793610349
2007-03-12,245.9791703,258.2833372,287.9250043,0.002683333,86089.58333,0.0,-2.070833364,-1.529166689,0.123150293,1.984834570699471,0.2405020498164061
2007-03-13,246.7291703,259.6333372,287.1750043,0.002575,85820.83333,0.0,3.316666716,0.558333342,0.123254142,1.865056627349032,0.2416319608340995
2007-03-14,251.1916704,257.0916705,287.7875043,0.002433333,85762.5,0.0,2.800000042,0.766666678,0.123366251,1.7097551089280505,0.219223122621095
2007-03-15,254.0083371,253.0875038,288.679171,0.0025,85781.66667,0.0,1.36250002,-0.237500004,0.123464106,1.6512818493489496,0.2125920545542244
2007-03-16,255.4500038,261.1875039,289.7833377,0.002358333,85958.33333,0.0,-1.787500027,-0.600000009,0.123530265,1.7841688976084429,0.1871446823226935
2007-03-17,251.3083371,268.2416707,290.979171,0.002408333,85858.75,0.0,-1.058333349,1.704166692,0.123609694,1.87151498841612,0.1768451741017022
2007-03-18,257.8791705,268.562504,289.579171,0.002454167,85611.25,0.0,2.966666711,3.058333379,0.123675138,2.1802766035238976,0.1965249662246171
2007-03-19,260.0541705,252.1583371,287.8875043,0.002208333,85507.5,0.0,1.570833357,2.979166711,0.123739944,1.903822793950067,0.1970715315032034
2007-03-20,245.720837,259.5333372,286.8291709,0.002745833,85728.33333,0.0,2.291666701,3.279166716,0.123804749,1.8459908425843905,0.2632955021260666
2007-03-21,191.3041695,312.0875047,287.2708376,0.004533333,85371.66667,0.0,2.2166667,4.462500066,0.12388418,1.775256901996407,0.4205214876385637
2007-03-22,192.3833362,324.9250048,284.8791709,0.0067625,85364.16667,13.90000021,-1.858333361,2.979166711,0.123949621,69.9046685705041,0.7347543715660174
2007-03-23,200.7666697,306.2791712,283.6500042,0.006404167,85361.66667,15.90000024,0.19166667,1.512500023,0.12401443,66.38143752777498,0.7556353439505913
2007-03-24,170.4916692,320.3375048,282.6083375,0.0063875,85729.16667,5.300000079,1.625000024,1.354166687,0.124093859,62.02122290549902,0.8122493590687186
2007-03-25,266.1166706,267.9166707,284.5583376,0.005591667,85904.16667,0.0,-1.141666684,-0.320833338,0.124159299,49.94504431939965,0.6246432576859648
2007-03-26,264.8958373,270.787504,285.2166709,0.004858333,85831.66667,0.0,1.891666695,0.770833345,0.124238731,40.63400968505309,0.5189420784938743
2007-03-27,270.5416707,262.5291706,283.9166709,0.004245833,85508.75,0.0,3.287500049,4.629166736,0.124304172,25.263330919830157,0.4928981009065333
2007-03-28,276.5958375,252.8666704,280.5958375,0.002695833,85171.25,0.0,6.975000104,3.633333387,0.12481085,12.841180302662227,0.3909859491039266
2007-03-29,266.5291706,242.3500036,280.4583375,0.002479167,85687.08333,0.0,2.43333337,0.816666679,0.124943684,8.804142139958913,0.3651977720342206
2007-03-30,279.2583375,264.1666706,282.7750042,0.003104167,85752.5,0.0,2.900000043,-0.170833336,0.124826659,7.3812073307487935,0.3903924063021234
2007-03-31,280.9541709,247.3875037,284.4750042,0.0029625,85807.91667,0.0,1.020833349,-1.079166683,0.124742691,6.329346237377583,0.3324193236590543
2007-04-01,290.0000043,258.2125038,286.9333376,0.003104167,85563.33333,0.0,0.979166681,0.87916668,0.124709586,5.798497745448589,0.2950562385534174
2007-04-02,294.4958377,250.6000037,288.1125043,0.002445833,85645.41667,0.0,2.129166698,3.179166714,0.12473434,5.415572894511895,0.2154377042745953
2007-04-03,295.1291711,252.4916704,288.6500043,0.002295833,85893.75,0.0,1.31250002,2.925000044,0.12479851,4.903604090997829,0.1958551750183749
2007-04-04,296.7250044,261.2333372,289.766671,0.002541667,85982.5,0.0,0.450000007,2.008333363,0.124853146,4.725943833657569,0.2019658431186935
2007-04-05,270.137504,284.5083376,290.1125043,0.002575,85740.41667,0.0,1.625000024,1.658333358,0.124917951,4.283727892730392,0.1995626913559844
2007-04-06,286.1375043,294.4750044,291.0458377,0.003191667,85517.91667,0.0,1.31250002,3.270833382,0.124997379,4.335038719272158,0.2324478649329819
2007-04-07,296.8291711,288.5000043,288.9708376,0.0036625,85355.0,0.0,3.075000046,3.041666712,0.125062824,3.808161799073696,0.3041046624966563
2007-04-08,293.8750044,293.3250044,289.4625043,0.0047,85346.66667,0.0,2.954166711,3.741666722,0.125142252,3.5371064303642314,0.3780311376399556
2007-04-09,279.6666708,301.6250045,289.3000043,0.0067375,85289.58333,0.0,4.158333395,3.050000045,0.125207697,2.883233364959396,0.5472479970216848
2007-04-10,300.6125045,295.7791711,289.1083376,0.006908333,85444.16667,0.0,5.162500077,1.587500024,0.125272502,2.838100041232477,0.5691344621867973
2007-04-11,303.3583379,261.0291706,287.5083376,0.003475,85292.5,0.0,3.312500049,1.283333352,0.125337307,2.893260041046368,0.3170821098093238
2007-04-12,289.3208376,275.8250041,287.5958376,0.004175,84796.66667,0.0,5.266666745,5.637500084,0.125416739,3.278940211244431,0.3765801856990557
2007-04-13,214.4625032,300.0500045,284.9791709,0.004816667,84903.33333,6.100000091,5.137500077,0.641666676,0.125478233,26.412102706001065,0.5170487802275943
2007-04-14,307.0916712,256.4083372,284.6750042,0.003133333,85865.0,0.0,1.441666688,0.44583334,0.125548616,17.857124176158393,0.3471429716929323
2007-04-15,313.4416713,249.295837,285.8291709,0.0027125,85285.0,0.0,1.333333353,6.091666757,0.125617025,10.19595978549657,0.2764101572090782
2007-04-16,198.9708363,259.5333372,283.4125042,0.003020833,85237.5,0.0,2.745833374,2.387500036,0.125691936,5.20425915669813,0.3616662374294142
2007-04-17,310.4791713,258.2208372,283.7375042,0.003733333,85841.25,0.0,3.908333392,0.141666669,0.12576435,5.673070113688224,0.4403695235635319
2007-04-18,317.3708381,258.6000039,286.3375043,0.003408333,85661.66667,0.0,3.004166711,3.462500052,0.125843767,5.65304879420702,0.3373177261752986
2007-04-19,325.4125048,238.7000036,286.7875043,0.0020875,85291.25,0.0,2.533333371,2.733333374,0.125911969,5.399090734568119,0.1996943417860703
2007-04-20,315.0000047,238.8708369,284.6875042,0.001991667,85174.58333,0.0,1.641666691,5.062500075,0.125991119,4.446369885299198,0.2187002484042844
2007-04-21,266.762504,292.1375044,282.4291709,0.003958333,85305.83333,4.00000006,3.679166721,4.05000006,0.126441508,17.871215774711548,0.5070114530796261
2007-04-22,306.3375046,254.6791705,283.9125042,0.003775,85631.25,0.0,1.383333354,2.612500039,0.126571766,11.600271159093587,0.4389900860179335
2007-04-23,192.2666695,315.6041714,285.4000043,0.004029167,85415.0,0.100000001,4.512500067,5.466666748,0.126342549,7.919747905853447,0.423091803192206
2007-04-24,309.3375046,291.0625043,284.4541709,0.003816667,85760.0,0.0,4.300000064,0.062500001,0.126339536,7.594066715799044,0.4286233684838767
2007-04-25,323.2416715,272.7666707,288.2083376,0.0037,85835.0,0.0,1.850000028,0.145833336,0.126374015,8.63688700287322,0.3246008488531455
2007-04-26,317.0041714,279.8958375,289.954171,0.003570833,85382.08333,0.0,2.270833367,1.716666692,0.126435851,6.754682541734203,0.2783938820307161
2007-04-27,324.1958382,289.3750043,291.7833377,0.003779167,85436.66667,0.0,2.629166706,0.562500008,0.126496409,6.387301642710451,0.2624139310792225
2007-04-28,320.2541714,286.1625043,292.9250044,0.003316667,85817.08333,0.0,-0.329166672,0.212500003,0.12658552,8.535314444446037,0.2152888007396101
2007-04-29,318.9291714,309.6958379,292.8125044,0.004204167,85861.25,0.0,-0.908333347,1.625000024,0.126646707,5.345098023989648,0.2749698825312168
2007-04-30,318.7750048,316.6333381,293.5958377,0.005266667,85740.83333,0.0,3.425000051,1.750000026,0.126721299,4.400786867167279,0.3275410277448787
2007-05-01,310.4416713,299.5500045,291.1125043,0.003991667,85437.91667,0.100000001,2.654166706,1.975000029,0.126796465,3.866118213728183,0.2892115012343961
2007-05-02,329.9208382,305.1083379,290.7708377,0.004770833,85436.25,0.100000001,3.762500056,1.79583336,0.126871626,3.86501103589135,0.3532552417643487
2007-05-03,344.1041718,278.9541708,290.3625043,0.003941667,85427.5,0.0,3.929166725,3.804166723,0.12694679,3.776119178748371,0.2995347134893952
2007-05-04,343.7333385,265.0625039,288.404171,0.0032875,85130.83333,0.0,4.320833398,5.341666746,0.127021951,3.5983978912086823,0.2824296793250408
2007-05-05,280.1958375,286.8875043,287.2041709,0.004191667,84837.5,0.0,7.012500104,4.141666728,0.127094529,3.0352615263059564,0.3880866399803946
2007-05-06,336.2291717,285.1250042,287.2875043,0.0028,85224.58333,0.0,1.308333353,-1.658333358,0.12716813,3.5205427488037917,0.2590034649307532
2007-05-07,347.7416718,267.3958373,289.3458376,0.002779167,85688.75,0.0,-1.979166696,-0.908333347,0.127249343,3.5885493929500445,0.2261231315601826
2007-05-08,344.1500051,298.6000044,291.8208377,0.003333333,85701.25,0.0,-1.662500025,-0.133333335,0.127316276,4.288301604275369,0.2316237466448776
2007-05-09,347.6416718,290.4583377,293.141671,0.003429167,85702.91667,0.0,2.441666703,0.487500007,0.127391732,4.092086903506998,0.2193007820171881
2007-05-10,350.0625052,289.5375043,294.3041711,0.0028625,85833.33333,0.0,3.291666716,-0.208333336,0.127460477,4.19723934565917,0.1705396789334066
2007-05-11,349.1375052,289.7458377,294.7958377,0.002566667,85778.75,0.0,1.512500023,1.112500017,0.127543786,4.319223436742173,0.1482397768045836
2007-05-12,346.6125052,300.6041711,295.8958377,0.0029,85760.83333,0.0,0.291666671,2.504166704,0.127613139,4.341974296688957,0.1565067839516254
2007-05-13,341.9125051,310.783338,295.9625044,0.003604167,85650.41667,0.0,1.608333357,3.216666715,0.127684895,4.250133085438004,0.1934677701784645
2007-05-14,344.3000051,302.7041712,295.2583377,0.0034,85685.41667,0.0,2.270833367,3.016666712,0.127758722,4.072300259162703,0.1906436619697898
2007-05-15,347.0708385,299.9833378,294.4500044,0.0035125,85743.33333,0.0,1.98750003,1.845833361,0.127833792,3.9185723046264864,0.2071655967661475
2007-05-16,333.3916716,302.5875045,294.1833377,0.003658333,85807.91667,0.0,1.358333354,2.341666702,0.127872463,3.723041588976749,0.219527253029559
2007-05-17,330.4666716,325.9166715,292.904171,0.0047125,85761.25,8.400000125,1.525000023,2.112500031,0.127895052,75.81653363730356,0.3060942324999773
2007-05-18,334.2791716,314.1125047,293.0875044,0.004475,85770.83333,0.0,2.520833371,1.616666691,0.127916994,25.460680549424957,0.2873823848629369
2007-05-19,325.8291715,305.9125046,293.1833377,0.003795833,85747.91667,0.0,3.054166712,1.31250002,0.127953547,12.865831673946625,0.2422451494795607
2007-05-20,338.350005,305.2541712,293.454171,0.004395833,85672.91667,0.0,-0.350000005,2.062500031,0.127990705,11.753131713712122,0.2755898398684006
2007-05-21,354.729172,292.541671,292.4250044,0.004045833,85357.91667,0.0,3.250000048,3.520833386,0.128005241,7.413605692201433,0.269542817874992
2007-05-22,355.9333386,286.2541709,291.7583377,0.004229167,85229.58333,0.0,2.629166706,4.350000065,0.12804041,5.952002496184833,0.2934121307267042
2007-05-23,353.9958386,304.9166712,292.1083377,0.005983333,85390.41667,0.0,3.333333383,2.920833377,0.128061379,5.1825361433483526,0.4068069986381611
2007-05-24,356.7375053,292.6583377,293.0125044,0.004416667,85629.58333,0.0,-0.24166667,0.941666681,0.128096334,7.486851917861094,0.2845014606443117
2007-05-25,353.5416719,295.0416711,293.641671,0.003770833,85650.41667,0.0,2.391666702,2.300000034,0.128131905,5.038233899570846,0.2335977598191465
2007-05-26,355.616672,295.6083377,293.879171,0.003566667,85763.75,0.0,3.112500046,2.108333365,0.128152847,4.750066749104549,0.2179960089845017
2007-05-27,359.8125054,299.0000045,293.516671,0.003225,85719.58333,0.0,2.945833377,2.341666702,0.128179837,4.582556497048591,0.2015093583254481
2007-05-28,364.1125054,280.0708375,293.3958377,0.0026375,85630.41667,0.0,2.550000038,3.162500047,0.12820649,4.2944611541523,0.16587459768261
2007-05-29,363.3083387,285.3541709,293.4750044,0.003,85688.33333,0.0,3.095833379,2.912500043,0.128238357,4.125178793064082,0.1878698045472494
2007-05-30,365.7666721,281.3583375,293.629171,0.002708333,85815.41667,0.0,2.92916671,2.058333364,0.128272256,4.0682921015297815,0.1682315624929763
2007-05-31,362.3083387,293.8458377,294.8833377,0.003079167,85537.91667,0.0,3.462500052,1.291666686,0.128294193,4.169633976664425,0.1763851624755704
2007-06-01,351.7791719,303.1000045,295.9625044,0.003525,85243.75,0.0,4.020833393,1.075000016,0.12833081,4.147936062659617,0.1883197670529314
2007-06-02,307.1791712,319.0416714,296.4833378,0.003875,85460.0,0.0,4.104166728,1.512500023,0.128353392,3.8559167056051984,0.2010466989145962
2007-06-03,325.5916715,346.1958385,297.2291711,0.0047375,85717.5,0.0,3.154166714,1.200000018,0.128389976,4.22285971114806,0.2356127452164202
2007-06-04,349.1291719,320.3333381,297.6750044,0.004716667,85797.91667,0.0,4.408333399,1.358333354,0.128412148,4.091786946665129,0.2285495890677904
2007-06-05,352.9000053,309.0833379,297.6625044,0.003670833,85613.33333,0.0,4.337500065,3.35000005,0.128432529,4.135334421898746,0.1776242821945679
2007-06-06,355.866672,294.8958377,295.6500044,0.00395,85051.66667,0.0,6.816666768,6.833333435,0.128467485,3.97216194988512,0.2146189238102749
2007-06-07,360.5750054,272.8625041,292.4583377,0.003045833,85082.91667,0.0,4.262500064,3.558333386,0.12850308,3.175067814542879,0.201843200060564
2007-06-08,357.3875053,276.6000041,292.316671,0.002645833,85513.75,0.0,0.395833339,2.770833375,0.128524049,3.2685842623673937,0.1778011786091998
2007-06-09,312.9500047,297.6208378,293.8083377,0.0027875,85554.16667,0.0,1.158333351,3.162500047,0.128559004,3.1626012346875774,0.1707071276560741
2007-06-10,356.3458386,284.8791709,293.829171,0.002808333,85664.16667,0.0,1.858333361,2.2666667,0.128579976,3.39785819167299,0.171981027179344
2007-06-11,281.6875042,315.3250047,293.5208377,0.004154167,85623.75,0.0,-0.475000007,3.404166717,0.128614932,2.7667434234074326,0.2592094355605684
2007-06-12,349.7041719,320.8541714,294.5000044,0.006704166,85839.58333,0.0,-1.508333356,2.175000032,0.1286359,3.204332598354988,0.3946292614867177
2007-06-13,352.1666719,310.2541713,296.3625044,0.0035625,85855.41667,0.0,1.895833362,-0.358333339,0.12867086,3.742907261341028,0.1870614684424695
2007-06-14,353.8958386,313.8875047,298.2541711,0.0032875,85635.0,0.0,2.629166706,-0.054166667,0.128691828,3.733609791964669,0.1535434073054855
2007-06-15,353.0375053,315.5166714,298.7458378,0.002920833,85569.58333,0.0,4.212500063,0.425000006,0.128726784,3.602631889878418,0.1323512512164719
2007-06-16,275.3875041,328.8958382,298.5541711,0.003175,85733.33333,0.0,4.108333395,1.016666682,0.128846943,3.0289508092737445,0.1458089566987252
2007-06-17,353.1625053,302.3750045,296.9833378,0.002529167,85606.66667,0.0,4.033333393,2.245833367,0.128956156,3.1417158951388684,0.1275087910545685
2007-06-18,358.8375053,300.8416711,297.2833378,0.002879167,85572.5,0.0,3.416666718,2.608333372,0.12907936,3.069786206472107,0.1424807168422679
2007-06-19,355.2083386,306.9125046,297.9000044,0.002920833,85879.16667,0.0,2.670833373,2.158333365,0.129188573,3.242188798764345,0.1397551197736604
2007-06-20,349.0000052,324.4291715,298.5375044,0.0039375,86058.33333,0.0,3.56666672,-0.225000003,0.129326397,3.355508214880451,0.1816930943166185
2007-06-21,353.6750053,319.9166714,299.0375045,0.003195833,85968.33333,0.0,3.666666721,0.429166673,0.129436245,3.5365730383854834,0.1429706087026841
2007-06-22,357.104172,307.4458379,299.1833378,0.002375,85805.41667,0.0,3.116666713,1.058333349,0.129559446,3.649932667994472,0.1051283784004294
2007-06-23,352.9333386,312.9041713,298.7708378,0.003179167,85687.5,0.0,3.841666724,1.716666692,0.129668659,3.548677123228252,0.1440398100680605
2007-06-24,354.2250053,315.1375047,298.6875045,0.0036625,85581.66667,0.0,3.466666718,1.708333359,0.129791863,3.5970888660112745,0.166562738654339
2007-06-25,356.004172,303.4375045,298.0916711,0.002816667,85730.41667,0.0,3.291666716,1.650000025,0.129901076,3.5981684488190675,0.1329932832856004
2007-06-26,352.0583386,313.2500047,299.0250045,0.002825,85942.5,0.0,2.795833375,1.754166693,0.130024276,3.854857667495596,0.1264372468271007
2007-06-27,352.1583386,321.6375048,299.4750045,0.003,85982.08333,0.0,3.104166713,2.062500031,0.130148112,3.753143620947899,0.1307730972422865
2007-06-28,349.8916719,329.9500049,299.0375045,0.0039875,85822.5,0.0,2.858333376,1.129166683,0.130271949,3.577682628200148,0.1780844664758959
2007-06-29,352.7958386,314.9291714,298.2333378,0.0032,85780.0,0.0,2.979166711,0.770833345,0.130381162,3.28595688402089,0.1498973949262712
2007-06-30,354.0583386,310.3041713,298.7000045,0.002629167,85850.0,0.0,3.458333385,0.45833334,0.130504366,3.142591450249034,0.1198540463084256
2007-07-01,336.7041717,307.6875046,300.1666711,0.002383333,85796.25,0.0,3.970833393,0.641666676,0.130628202,2.985937306306033,0.0994945013814995
2007-07-02,334.4708383,317.6666714,300.5541711,0.0035375,85811.66667,0.0,3.841666724,0.762500011,0.130737415,2.821974317657788,0.1443554978094964
2007-07-03,336.0083383,317.4833381,300.8000045,0.003641667,85862.5,0.0,4.316666731,0.550000008,0.130860615,2.6677149355127723,0.1465526297995695
2007-07-04,339.2958384,309.6250046,301.6416712,0.003004167,85692.91667,0.0,3.454166718,0.545833341,0.130969828,2.614031889727937,0.1148353798471447
2007-07-05,297.4541711,333.9083383,302.9916712,0.003420833,85775.83333,0.0,1.462500022,2.195833366,0.131093029,2.6866434691354777,0.1209844397472724
2007-07-06,313.5125047,358.9250053,302.4083378,0.004825,85935.41667,1.000000015,-0.270833337,1.970833363,0.131216865,5.922895059311236,0.1768585561010837
2007-07-07,312.6291713,366.7791721,301.4291712,0.0062,85908.33333,0.0,0.87916668,1.31250002,0.131340704,5.380233032494665,0.2405718158151593
2007-07-08,318.2333381,361.2125054,300.3583378,0.006816666,85652.08333,0.0,4.67500007,0.683333344,0.131449918,3.658722398681017,0.2808847112017503
2007-07-09,319.5583381,367.2875055,301.0250045,0.0087375,85619.58333,0.0,5.220833411,1.512500023,0.131573118,3.392952712149902,0.3460140354293529
2007-07-10,311.3125046,368.3416722,301.0500045,0.0084875,85786.25,0.0,4.770833404,1.283333352,0.131682331,3.3457676788632424,0.3362729156360355
2007-07-11,309.908338,385.2083391,301.0750045,0.009104166,85856.25,2.800000042,3.300000049,0.875000013,0.131805531,17.591239395041605,0.3604687531771851
2007-07-12,296.3416711,374.7333389,301.5291712,0.007475,85891.25,2.100000031,3.537500053,0.929166681,0.131929367,29.78490112141812,0.288290561674941
2007-07-13,318.4166714,360.679172,301.5166712,0.006304167,85976.66667,0.0,3.979166726,1.316666686,0.132053207,15.19166330725831,0.243554940582466
2007-07-14,309.7875046,369.1000055,301.2583378,0.0079625,85974.16667,0.0,5.062500075,0.845833346,0.13216242,9.330798718143331,0.3123140752589319
2007-07-15,296.6625044,381.1500057,302.1000045,0.008833333,85926.66667,0.0,4.612500069,0.941666681,0.132285621,7.544396601214222,0.3296233329615036
2007-07-16,286.4041709,381.483339,301.8541712,0.008529166,85727.91667,1.400000021,2.90416671,0.525000008,0.132099221,14.5549640441566,0.3221314979260432
2007-07-17,278.2625041,384.6125057,302.4708378,0.008045833,85675.0,0.0,2.670833373,0.725000011,0.13188471,10.358590099462376,0.2929550866149311
2007-07-18,308.9041713,366.7125055,302.4000045,0.006583333,85632.91667,0.0,2.650000039,-0.104166668,0.131684187,8.766600510832035,0.2405769082765188
2007-07-19,310.1000046,367.4250055,301.9958378,0.0067,85602.08333,0.300000004,4.179166729,0.308333338,0.131484299,7.820040584023621,0.2505917316157492
2007-07-20,310.7041713,363.1500054,299.5083378,0.008766666,85644.16667,0.100000001,4.300000064,0.512500008,0.131284411,5.856453236265961,0.3798913215149284
2007-07-21,278.8416708,374.8166723,297.9000044,0.0098875,85843.33333,2.100000031,4.887500073,1.045833349,0.131084523,12.842546606265394,0.4728966615245984
2007-07-22,291.716671,374.8000056,295.6041711,0.0103625,86024.16667,59.10000088,3.83333339,1.450000022,0.130870012,175.43112007641668,0.5710763310813829
2007-07-23,251.5958371,376.2208389,295.6916711,0.010145833,85917.5,3.000000045,1.300000019,0.925000014,0.130669492,48.779652761683415,0.5554535600262237
2007-07-24,268.237504,372.7250056,294.2291711,0.0097375,85781.25,0.500000007,2.162500032,0.570833342,0.130469604,31.010047872324197,0.5824827907784349
2007-07-25,284.8291709,370.2166722,296.0250044,0.010545833,85721.25,2.800000042,2.975000044,0.86666668,0.130273751,46.22899692866681,0.5643951386197588
2007-07-26,295.6583377,367.3125055,295.7250044,0.011604166,85885.41667,0.600000009,3.195833381,0.86666668,0.130062886,25.02934920283601,0.6337592223244068
2007-07-27,283.7875042,370.0708388,296.4291711,0.010995833,85948.75,6.600000098,3.82083339,1.066666683,0.12986604,91.54224542203768,0.5756571499667622
2007-07-28,238.1125035,375.8916723,296.3833377,0.010925,85824.16667,2.200000033,3.441666718,0.795833345,0.129669778,53.52452279577858,0.5727181835909837
2007-07-29,293.329171,364.5666721,295.0833377,0.011358333,85705.0,0.0,2.70000004,1.420833355,0.129458901,25.995501616894437,0.643926075093463
2007-07-30,273.6750041,371.3750055,295.2375044,0.009833333,85490.83333,0.400000006,2.550000038,1.437500021,0.12924736,18.018138867499104,0.5508248116857526
2007-07-31,237.5958369,377.6125056,295.3416711,0.0100125,85605.83333,2.00000003,2.691666707,0.870833346,0.129050482,24.708230067454732,0.5580289089744073
2007-08-01,287.7708376,372.7250056,295.7041711,0.0119,85784.58333,2.400000036,3.141666713,1.59166669,0.128854187,36.86503336109877,0.6499826863403991
2007-08-02,269.662504,377.5541723,296.0583377,0.0115375,85886.25,0.0,3.462500052,1.037500015,0.128657937,17.23106100761226,0.6173963205268792
2007-08-03,252.6958371,389.1750058,297.4916711,0.011666666,85859.16667,1.800000027,3.479166719,0.508333341,0.128447101,25.819551370907064,0.572022402920356
2007-08-04,267.7791707,380.9916723,297.1333378,0.010558333,85793.75,12.60000019,3.912500058,0.816666679,0.128235651,172.1284358152832,0.5286323689283061
2007-08-05,271.650004,375.0708389,294.8666711,0.010516666,85777.5,9.700000145,3.504166719,1.475000022,0.128038708,158.09409437259342,0.6047393330339611
2007-08-06,222.79167,370.5791722,295.2166711,0.011883333,85770.41667,27.50000041,3.004166711,2.145833365,0.12784248,124.28171503813924,0.668691389306649
2007-08-07,284.6833376,378.0416723,295.1750044,0.012629166,85840.83333,3.300000049,0.554166675,2.375000035,0.127631592,90.61977895937444,0.7130702290959816
2007-08-08,305.5666712,340.2500051,296.0291711,0.009191666,85697.91667,0.0,1.725000026,0.341666672,0.127434709,48.7128501071992,0.4916632134438505
2007-08-09,301.5000045,343.9750051,297.5375044,0.007891666,85779.16667,0.0,3.000000045,1.604166691,0.127238461,27.86109327975653,0.3855020655267196
2007-08-10,288.4500043,361.4750054,298.8500045,0.009425,86010.0,0.0,3.179166714,0.775000012,0.127027585,15.91974251736935,0.4266030379943911
2007-08-11,295.2208377,377.5666723,299.8500045,0.011475,85871.25,0.0,2.533333371,1.200000018,0.126830713,11.61737766497105,0.4885443714477489
2007-08-12,287.5750043,380.295839,300.5000045,0.010908333,86006.66667,0.0,2.45833337,0.633333343,0.126619815,8.924900662236338,0.4475802483905766
2007-08-13,291.016671,366.8875055,300.3166711,0.0084375,86005.83333,0.100000001,1.279166686,1.370833354,0.126422911,7.787420632122751,0.3499697601821888
2007-08-14,284.3333376,373.2291722,300.5208378,0.0097625,85833.75,1.100000016,1.700000025,1.316666686,0.126226683,11.331268793384089,0.3992683746272515
2007-08-15,270.9583374,378.3666723,300.1500045,0.010591666,85664.58333,0.0,2.212500033,0.683333344,0.126015773,7.843165367018879,0.4419167689422784
2007-08-16,274.2500041,365.7833388,300.2208378,0.009691666,85657.91667,0.100000001,2.01250003,0.66250001,0.12588645,6.725067385237596,0.4026415599189104
2007-08-17,262.7916706,363.3708387,298.2916711,0.007391666,85669.58333,0.200000003,-0.066666668,2.245833367,0.125775383,6.11801820717713,0.3445912124595367
2007-08-18,271.2958374,366.5250055,300.0583378,0.008904166,85680.0,0.0,2.566666705,1.983333363,0.125664986,5.529071552830448,0.3736003384187696
2007-08-19,287.654171,379.5166723,300.8583378,0.0105625,85792.08333,0.0,3.495833385,2.900000043,0.125539985,5.562497999869592,0.4232631302833312
2007-08-20,287.0000043,385.4291724,300.3333378,0.01275,85962.08333,0.0,3.879166724,0.870833346,0.125414318,4.661776095392362,0.5280531446962209
2007-08-21,288.429171,369.5333388,300.3416711,0.010354166,85765.41667,0.0,3.704166722,0.025,0.125303223,4.4552961170161165,0.4276354581690996
2007-08-22,287.741671,359.8708387,299.8666711,0.008933333,85537.91667,0.0,3.683333388,1.000000015,0.125178169,4.14111045180965,0.3784825809614391
2007-08-23,283.7083376,371.7750055,300.0083378,0.010516666,85435.83333,0.0,3.154166714,2.770833375,0.125052471,3.847887887941206,0.4413066537872313
2007-08-24,275.6833374,376.3708389,299.6625045,0.010220833,85429.58333,0.0,3.208333381,2.162500032,0.124941427,3.467218825658483,0.4377614200942386
2007-08-25,270.600004,375.6666723,299.1916711,0.010808333,85759.58333,0.0,3.354166717,2.029166697,0.124816363,3.0860840402058423,0.4779329896315554
2007-08-26,230.9750034,373.9625056,298.8458378,0.011525,85755.41667,0.0,2.183333366,2.320833368,0.124705271,2.3072478148799034,0.5202408170636682
2007-08-27,276.9875041,368.2208388,297.9666711,0.010258333,85687.5,0.0,1.833333361,2.2166667,0.12459488,2.464616093950315,0.4877784822058613
2007-08-28,276.3666708,362.9291721,299.1333378,0.008375,85720.41667,0.0,1.270833352,0.975000015,0.124469824,2.157269400953065,0.3714557890797693
2007-08-29,270.575004,362.8833387,299.7458378,0.0073625,85725.0,4.00000006,-1.391666687,1.891666695,0.124344107,23.18003512327305,0.3148647353305516
2007-08-30,265.4458373,359.1958387,299.0041711,0.00735,85974.58333,0.400000006,-1.441666688,2.325000035,0.124233034,14.460733453404398,0.3294934410681025
2007-08-31,268.4208373,365.9458388,299.7125045,0.007933333,86007.91667,0.0,-1.179166684,1.75833336,0.12410798,10.007690703776044,0.3410718226261511
2007-09-01,260.9125039,358.9708387,299.3791711,0.007179166,85900.41667,11.40000017,-0.104166668,1.287500019,0.123996898,93.49688747595596,0.314440245312453
2007-09-02,275.2041708,359.254172,298.1125044,0.007516666,85801.25,1.000000015,-2.387500036,2.400000036,0.123871899,84.92989140833437,0.3547591372766695
2007-09-03,283.0458376,341.8541718,298.3291711,0.0064,85910.0,0.0,-3.166666714,1.687500025,0.123760807,33.15063001104408,0.2985247076028459
2007-09-04,224.92917,342.2458384,298.7125045,0.005279167,85716.25,0.0,-0.087500001,2.333333368,0.123635632,16.045949343987363,0.2401029918673183
2007-09-05,275.4333374,355.8958386,297.9041711,0.009329166,85452.91667,0.0,3.008333378,1.866666694,0.123524612,11.65707980403094,0.4440519817417207
2007-09-06,231.9833368,367.5333388,298.0166711,0.010733333,85537.5,0.0,4.112500061,1.150000017,0.123399608,7.665779114664647,0.5079389436847285
2007-09-07,261.3541706,376.1750056,297.3333378,0.011629166,85950.41667,0.0,4.058333394,0.779166678,0.123288541,6.8126222592746455,0.576284147475676
2007-09-08,256.7791705,356.7375053,297.3041711,0.009083333,85794.16667,11.40000017,2.504166704,0.541666675,0.123163477,103.06049605868344,0.4501011024297192
2007-09-09,269.7041707,354.929172,298.5916711,0.009029166,85665.0,0.0,2.616666706,2.329166701,0.123037772,58.42417774888976,0.4133949472966441
2007-09-10,268.4041707,355.4125053,298.4458378,0.008779166,85865.41667,0.0,2.504166704,0.816666679,0.122926711,24.739821424976963,0.4064296004520868
2007-09-11,266.7416706,343.4125051,297.5916711,0.0070375,85875.41667,0.0,1.333333353,1.008333348,0.122801617,14.30895181323896,0.3430376457149396
2007-09-12,267.1083373,350.1750052,297.8375044,0.007654166,85877.91667,3.300000049,0.108333335,1.733333359,0.122690577,37.43708971486425,0.3676115264336945
2007-09-13,266.8208373,330.1500049,297.9375044,0.005758333,85818.33333,0.0,2.341666702,0.741666678,0.122565487,18.231979839340408,0.2747062043379139
2007-09-14,265.3708373,322.0875048,297.2500044,0.0051125,85816.25,0.0,1.937500029,1.387500021,0.122454323,13.487090540881074,0.2542346559036814
2007-09-15,260.3500039,346.0708385,297.4750044,0.007195833,85924.58333,0.0,2.320833368,2.325000035,0.122330542,10.068042826928613,0.3534401038058568
2007-09-16,246.095837,362.4375054,297.5708378,0.009483333,85922.91667,0.0,2.408333369,3.104166713,0.122315409,7.566021176419855,0.4630962405327877
2007-09-17,258.3041705,354.4541719,295.2375044,0.009045833,85674.58333,1.700000025,3.287500049,5.220833411,0.122304958,12.076111627185831,0.5078012485800879
2007-09-18,263.0416706,313.7500047,293.0833377,0.006558333,85719.58333,0.0,1.383333354,3.662500055,0.122296539,8.483837596889638,0.4210311346473968
2007-09-19,258.3958372,316.6791714,293.2958377,0.006816666,85730.0,0.0,0.812500012,4.866666739,0.12227522,6.774587491983304,0.4318928088587305
2007-09-20,261.2291706,301.2916712,293.191671,0.005854167,85604.58333,0.0,0.266666671,5.112500076,0.122265921,5.9359568377858185,0.372786589143401
2007-09-21,246.1416703,339.3416717,293.966671,0.007695833,85681.66667,1.300000019,1.058333349,3.191666714,0.122257226,9.642582718599256,0.4673729857495733
2007-09-22,197.5916696,342.2583384,294.2250044,0.007683333,85694.16667,2.600000039,2.437500036,3.879166724,0.122248547,20.26269587585439,0.4592576423267439
2007-09-23,169.2250025,363.2625054,290.8708377,0.0093,85737.5,7.500000112,1.550000023,3.454166718,0.122239792,60.246823827121794,0.6866571619677105
2007-09-24,255.7125038,292.0833377,289.379171,0.0057125,85728.75,0.0,1.529166689,2.625000039,0.122231033,39.9910183982788,0.4640091425765112
2007-09-25,255.2250038,276.7625041,289.9625043,0.003825,85922.08333,0.0,0.70000001,1.525000023,0.122207651,21.21618027477092,0.2999352855238937
2007-09-26,252.0583371,277.3000041,290.366671,0.003541667,85967.91667,0.0,0.237500004,0.587500009,0.122198324,13.53228986449571,0.2707684078404776
2007-09-27,243.583337,277.0875041,290.816671,0.0030625,85902.91667,0.0,0.366666672,0.975000015,0.122189744,9.144625022478165,0.2273359897575086
2007-09-28,234.8083368,297.1083378,291.4750043,0.003641667,85661.25,0.0,1.391666687,3.925000058,0.122186809,8.071997815288299,0.2585268499348483
2007-09-29,238.0416702,309.5208379,292.279171,0.006070833,85503.75,0.0,2.487500037,5.12083341,0.122169804,6.221719904646268,0.4088791737035873
2007-09-30,239.9000036,298.1833378,290.7208377,0.005283333,85938.75,0.0,0.408333339,1.562500023,0.12215579,5.586024632786451,0.3947599394207574
2007-10-01,149.2000022,344.0625051,292.304171,0.007229166,86192.08333,0.0,1.78333336,2.583333372,0.122144377,3.5137229275595523,0.4900422882132942
2007-10-02,191.1416695,366.3583388,292.541671,0.010204166,86077.08333,0.0,0.104166668,0.991666681,0.122142473,4.999103140101092,0.6805435374389356
2007-10-03,212.4416698,336.762505,292.854171,0.008516666,85909.58333,0.0,2.070833364,1.229166685,0.122124896,3.517393890234106,0.5558847388721151
2007-10-04,223.9083367,345.6291718,293.5625044,0.007908333,85508.75,0.0,2.937500044,3.78333339,0.122113316,3.60724313952142,0.4915185737742105
2007-10-05,227.4208367,326.4083382,291.541671,0.0079,85372.5,0.0,2.316666701,5.57916675,0.12210357,2.9108610677841606,0.5565856940017921
2007-10-06,236.3458369,281.9666709,289.2833376,0.005045833,85419.58333,0.0,3.262500049,4.187500062,0.122095955,2.707000379303731,0.4109096554525253
2007-10-07,240.2000036,245.045837,287.3041709,0.002466667,85762.91667,0.0,-0.962500014,-2.2166667,0.122073406,2.258851045338102,0.2293605038333832
2007-10-08,227.3291701,261.1583372,289.1458376,0.002458333,85824.58333,0.0,-3.804166723,-0.141666669,0.122070856,2.5019350509825293,0.2029365917915344
2007-10-09,221.8458366,299.0541711,291.6458377,0.003745833,85772.08333,0.0,-2.066666697,3.670833388,0.122054558,2.7270994016367087,0.2634010567227359
2007-10-10,222.82917,302.7416712,292.0000044,0.004545833,85783.75,0.0,1.475000022,2.291666701,0.122042499,2.393924855965749,0.3126239313538854
2007-10-11,227.5833367,264.0750039,290.4958377,0.0030875,85628.75,0.0,0.083333335,1.425000021,0.122034007,1.9341868970917524,0.2331828692647961
2007-10-12,226.0333367,257.2416705,290.4625043,0.002175,85295.41667,0.0,0.616666676,3.504166719,0.122025655,2.132632046343925,0.1639757134516467
2007-10-13,220.7375033,265.7541706,289.354171,0.0032,85147.91667,0.0,3.608333387,3.304166716,0.1220173,2.03935168035374,0.2585814361785388
2007-10-14,217.3583366,278.5541708,288.0583376,0.004866667,85329.58333,0.0,2.170833366,0.166666669,0.121994324,1.485056916847646,0.4286009740945419
2007-10-15,218.5458366,271.737504,288.429171,0.004120833,85477.5,0.0,0.400000006,0.783333345,0.121992245,1.5426806074275954,0.3548866875367862
2007-10-16,214.3750032,270.8541707,288.0958376,0.0038,85130.41667,0.0,2.512500037,4.412500066,0.121883171,1.6362224409213495,0.333065909250549
2007-10-17,213.6208365,272.5291707,287.0083376,0.0047875,85178.75,2.800000042,4.4458334,3.33750005,0.121769404,5.2780850868723785,0.4507888008344629
2007-10-18,212.1541698,269.675004,287.2375043,0.004566667,85514.16667,0.0,1.979166696,-0.65000001,0.121666701,4.447711375868705,0.4252484287546154
2007-10-19,211.0625031,270.0791707,288.3458376,0.003179167,85816.66667,0.0,-1.75833336,-1.070833349,0.12154966,4.185671651383444,0.276368003967319
2007-10-20,208.8958364,261.2208372,289.8250043,0.0024125,85498.75,0.0,1.14583335,2.720833374,0.121431974,3.73469830776816,0.1899107978688606
2007-10-21,214.1291699,251.6833371,288.354171,0.0026125,85487.5,0.0,1.237500018,-2.412500036,0.121314285,3.0060229651018693,0.2261135731761649
2007-10-22,211.3750031,232.4458368,285.6583376,0.001691667,86466.25,0.0,-4.02500006,-2.933333377,0.121211222,2.6716049336588146,0.1767638256850551
2007-10-23,204.637503,257.1375038,286.5416709,0.0019125,86592.91667,0.0,-3.116666713,-1.458333355,0.121094168,2.5306075297578934,0.1887760387656429
2007-10-24,201.5791697,266.7541706,288.179171,0.0023875,86513.75,0.0,-3.937500059,0.237500004,0.120991106,2.588006320105348,0.2115123665409743
2007-10-25,202.0166697,265.600004,288.4000043,0.002841667,86110.83333,0.0,-2.925000044,1.633333358,0.120874056,2.269893066899275,0.2470052276421354
2007-10-26,197.7208363,264.5750039,288.741671,0.002758333,85672.5,0.0,0.862500013,1.925000029,0.120756367,2.005616640300623,0.2333150622752926
2007-10-27,186.2666694,271.6208374,288.5000043,0.002925,86109.16667,0.0,0.983333348,1.608333357,0.120653304,1.7847758844195658,0.2525991904291101
2007-10-28,192.3791695,269.9708374,289.3625043,0.0025875,86412.08333,0.0,-2.450000037,1.395833354,0.120536259,1.8747550978827017,0.2120776926867626
2007-10-29,194.4125029,264.6250039,288.5958376,0.002354167,86409.16667,0.0,-3.441666718,2.2416667,0.120424361,1.88648002381293,0.202747193707573
2007-10-30,191.2791695,262.1250039,287.7333376,0.002191667,86013.33333,0.0,-0.170833336,3.925000058,0.12031271,1.7084486126076022,0.1987297172087713
2007-10-31,188.5666695,264.8416706,286.4375043,0.0033,85966.66667,0.0,1.045833349,1.829166694,0.120213915,1.2691801486442098,0.3256037060164131
2007-11-01,185.8500028,260.7750039,286.8541709,0.003358333,86017.08333,0.0,-0.395833339,0.404166673,0.12009213,1.208599361222427,0.3225816687488358
2007-11-02,184.5333361,248.645837,286.0916709,0.002966667,85768.33333,0.0,-0.008333333,0.366666672,0.119983941,1.051937987143991,0.2987858852724055
2007-11-03,179.8375027,257.0125038,287.679171,0.002495833,86046.25,0.0,-2.095833365,-0.416666673,0.119861769,1.161103779446628,0.2271986180678626
2007-11-04,172.8375026,271.5666707,288.1583376,0.002295833,86108.75,0.0,-2.075000031,0.841666679,0.119753584,1.2470168767851768,0.202713805118523
2007-11-05,176.220836,267.0291706,288.6458376,0.0025125,85956.25,0.0,-1.066666683,-0.179166669,0.119646031,1.0908873803469998,0.2145526962270082
2007-11-06,175.7916693,270.562504,289.1375043,0.002454167,85960.83333,0.0,-2.466666703,1.320833353,0.119538482,1.3085996569421832,0.2030234767762344
2007-11-07,166.2708358,272.0000041,288.141671,0.002504167,86112.91667,0.0,-2.925000044,1.600000024,0.11941631,1.2680380452823776,0.2213595183011243
2007-11-08,172.7208359,271.5458374,288.3625043,0.002725,86035.0,0.0,-1.037500015,0.937500014,0.119308121,1.0699807995071973,0.2372325863930451
2007-11-09,168.6708358,262.2458372,287.0958376,0.00265,85802.5,0.0,-1.066666683,0.983333348,0.119200572,0.9481445435839038,0.2499108165604072
2007-11-10,87.69166797,289.7083377,286.8916709,0.003379167,85613.75,0.0,0.425000006,2.366666702,0.119093023,0.6659673375453758,0.3222656904607546
2007-11-11,167.9500025,269.450004,287.1208376,0.004133333,85500.41667,0.0,-0.325000005,1.991666696,0.118970847,0.8569717512834047,0.3877891572091126
2007-11-12,157.3875023,279.1125042,286.5208376,0.004220833,85712.5,0.0,-1.36250002,1.225000018,0.118862662,0.795133150221138,0.4129539644775146
2007-11-13,164.6500025,283.4500042,286.8125043,0.003891667,85976.25,0.0,-1.13333335,0.625000009,0.118755113,0.8511754464499499,0.3746579941837579
2007-11-14,163.3791691,262.0958372,286.0625043,0.0035875,85878.33333,0.0,-0.24166667,-0.400000006,0.118632937,0.6600426852506645,0.3624746363700695
2007-11-15,122.5500018,283.2083376,285.8541709,0.003616667,85960.0,0.0,-2.395833369,0.366666672,0.118524752,0.6270488820341564,0.3708489481380801
2007-11-16,157.9375024,289.629171,286.0458376,0.003658333,85861.25,0.0,-1.833333361,0.616666676,0.118551163,0.7616331704354112,0.3699656303867017
2007-11-17,158.991669,265.8458373,285.4416709,0.003795833,85708.33333,0.0,1.704166692,-0.587500009,0.118568775,0.5923266870070745,0.3988523465893163
2007-11-18,161.2333357,250.0291704,285.5500043,0.002883333,85898.33333,0.0,-0.495833341,-0.912500014,0.118600374,0.5211336503829478,0.3014637679867263
2007-11-19,159.8625024,247.545837,286.1083376,0.0021625,85958.33333,0.0,-0.766666678,0.729166678,0.118617982,0.5280615588226741,0.2180367759123993
2007-11-20,157.0833357,246.9250037,285.4708376,0.002304167,85637.08333,0.0,1.154166684,2.612500039,0.118649581,0.670919220052124,0.2414436715759026
2007-11-21,156.379169,246.708337,283.7541709,0.002816667,85664.16667,0.0,0.716666677,2.041666697,0.118681816,0.5402677495612465,0.3311855299126364
2007-11-22,152.6458356,278.0375041,284.0375042,0.003104167,85702.5,0.0,0.804166679,2.900000043,0.118699428,0.677194152707397,0.3582548193244668
2007-11-23,153.7958356,250.2041704,282.9958376,0.003820833,85276.25,0.0,2.287500034,3.300000049,0.118731027,0.5394149989448159,0.4707457753620224
2007-11-24,156.1000023,240.2125036,281.9666709,0.002416667,85177.5,0.0,-2.2166667,-3.366666717,0.118763262,0.619826626476457,0.3189903348953607
2007-11-25,154.204169,225.4375034,279.4458375,0.0022375,85567.08333,0.0,-1.912500028,-0.920833347,0.118780871,0.4135400961782283,0.3531396427093524
2007-11-26,139.3083354,243.4541703,279.1458375,0.0018125,85865.41667,0.0,-0.387500006,0.116666668,0.11881247,0.3998230257606857,0.2931431974984394
2007-11-27,151.2291689,230.5666701,280.6291708,0.001166667,85996.66667,0.0,-1.837500027,0.745833344,0.118830082,0.503342283461915,0.1704522439498622
2007-11-28,149.5416689,241.4083369,281.0500042,0.000966667,85970.0,0.0,0.45833334,0.595833342,0.118861681,0.4675776166734107,0.1371464284454845
2007-11-29,106.0791682,269.1541707,281.2583375,0.001441667,86193.75,0.0,-1.637500024,1.904166695,0.118893916,0.5257379707209953,0.20214974653378
2007-11-30,57.35833419,323.9833382,281.3083375,0.006341667,85742.5,7.40000011,-1.025000015,3.750000056,0.118911528,7.794367109599256,0.8815335655906789
2007-12-01,54.30000081,326.2083382,280.7416709,0.006895833,84970.83333,52.10000078,2.87916671,8.775000131,0.118943123,18.104193504171537,0.987767210747376
2007-12-02,149.2208356,270.4166707,280.3958375,0.0055,86022.08333,0.500000007,2.237500033,2.412500036,0.118975358,24.33955508634937,0.8168818984214322
2007-12-03,152.2250023,222.51667,279.7833375,0.00285,86870.41667,0.0,-3.225000048,-0.65000001,0.11899297,22.29099014106816,0.4460414390583399
2007-12-04,149.7625022,225.64167,280.5375042,0.001533333,86470.83333,0.0,-2.87916671,-1.879166695,0.119024569,20.84446011520042,0.2266906451322489
2007-12-05,144.5166688,235.4666702,281.7125042,0.001966667,85800.0,0.0,-1.762500026,-0.475000007,0.119056804,9.811096723670154,0.2660785445735673
2007-12-06,140.1291688,243.7541703,281.3416709,0.00295,85455.0,0.0,1.000000015,3.495833385,0.119074412,7.627178471789386,0.4077590884804569
2007-12-07,45.78750068,306.4916712,281.4750042,0.005833333,85415.0,1.200000018,1.587500024,5.029166742,0.119106011,3.4639137250880503,0.798577931500387
2007-12-08,63.77916762,329.3083382,280.2291708,0.0066375,85351.66667,31.40000047,3.008333378,4.983333408,0.11991263,22.0704226347376,0.9895102412779536
2007-12-09,109.1666683,296.2000044,278.9541708,0.004866667,85623.75,0.100000001,-1.287500019,3.083333379,0.136730804,24.88195571746537,0.7954987082652347
2007-12-10,93.33750139,295.9000044,277.6833375,0.0049125,85239.58333,5.100000076,-0.475000007,2.120833365,0.133392118,22.131596838765724,0.8742758577553967
2007-12-11,90.06250134,289.4375043,276.6000041,0.00455,85240.41667,13.3000002,1.570833357,2.841666709,0.326417517,20.141275740614823,0.8746625005188072
2007-12-12,143.6625021,255.4041705,276.6583375,0.0043625,86105.41667,0.200000003,-1.212500018,-0.437500007,0.470418967,6.849311046694679,0.8436047764816057
2007-12-13,144.4541688,217.6541699,276.0666708,0.003575,85848.33333,0.0,-2.812500042,-0.725000011,0.419935073,7.120898514987039,0.7190927840040088
2007-12-14,143.7166688,220.8500033,275.7958374,0.003720833,85615.83333,0.0,2.316666701,0.670833343,0.355914726,5.931841893279036,0.7610725390158283
2007-12-15,145.3000022,204.6666697,274.4458374,0.002904167,86063.75,0.0,-1.345833353,-2.350000035,0.305322114,6.8249853754147685,0.6584234164282086
2007-12-16,142.3208355,212.9791698,275.2125041,0.002470833,86002.5,0.0,-3.78333339,-0.512500008,0.272171861,10.44349083398024,0.5294949973808227
2007-12-17,143.3458355,219.9375033,276.2916708,0.0024625,85663.33333,0.0,-2.779166708,1.887500028,0.226835294,8.520787309672457,0.4863386990470857
2007-12-18,143.3708355,216.7416699,276.6791708,0.002708333,85880.41667,0.0,-1.250000019,2.350000035,0.191145461,5.264439889317444,0.5215824323724811
2007-12-19,137.3541687,224.5708367,276.8625041,0.002875,85775.41667,0.0,-0.079166668,2.2666667,0.165871658,3.848407750459337,0.5458134689519883
2007-12-20,134.3541687,230.8541701,276.5041708,0.003266667,85943.75,0.0,-1.608333357,0.258333337,0.14986757,2.6563598973616847,0.6374981071339733
2007-12-21,70.80000106,276.7791708,277.0208375,0.0039125,85239.58333,2.200000033,1.504166689,1.270833352,0.139750828,3.964423948169221,0.7298573944299394
2007-12-22,146.7375022,199.2333363,274.8875041,0.002670833,85922.5,0.0,-0.408333339,-2.850000042,0.151638535,3.618494428629303,0.5854395515072036
2007-12-23,143.3166688,208.3666698,274.0666708,0.002325,86243.33333,0.0,-2.508333371,-1.54166669,0.146760647,3.220987155795101,0.5430207374784716
2007-12-24,142.1583355,220.1833366,275.4250041,0.002441667,86068.33333,0.0,-3.075000046,-1.77083336,0.138160251,2.867367565906355,0.515666970220973
2007-12-25,143.1000021,216.3208366,276.6291708,0.00275,85507.91667,0.0,1.141666684,-0.920833347,0.131604532,1.9927836889956727,0.5291968385285982
2007-12-26,146.1791688,195.1833362,272.9708374,0.002291667,85736.25,0.0,-1.35000002,-0.733333344,0.12981337,1.2761712940839822,0.5766274136850964
2007-12-27,145.6541688,213.6625032,273.6625041,0.0018875,84915.0,0.0,2.666666706,0.250000004,0.129067436,1.59870947002078,0.4470722333089382
2007-12-28,115.7791684,214.7291699,272.7125041,0.002554167,85724.58333,0.0,-1.041666682,-0.762500011,0.12940869,0.6941526705240021,0.6549548015247341
2007-12-29,134.3458353,218.8708366,273.5666707,0.002275,85627.91667,0.0,-1.387500021,0.258333337,0.128136962,0.9897384811605884,0.5472095885948309
2007-12-30,144.1416688,222.8500033,274.5750041,0.002879167,85789.58333,0.0,-1.37500002,-0.325000005,0.126753337,0.7833641876659418,0.6445908510148367
2007-12-31,146.8833355,217.5500032,275.9625041,0.002879167,85968.33333,0.0,-2.2666667,-1.595833357,0.12454383,0.7023658479353447,0.5842946967425454
2008-01-01,142.1416688,193.7250029,275.4166708,0.0016125,86520.41667,0.0,-4.779166738,-1.620833357,0.122938317,0.9287990027655636,0.3425461374651248
2008-01-02,115.3875017,244.6250036,276.4375041,0.002141667,86482.91667,0.0,-5.233333411,1.033333349,0.12221845,0.925014614033618,0.4225847371817346
2008-01-03,120.8208351,252.2750038,277.5500041,0.002770833,86181.66667,0.0,-3.541666719,2.116666698,0.121268425,0.7478139156336053,0.5033082484554424
2008-01-04,92.24583471,306.9791712,280.2625042,0.004091667,85904.16667,0.0,0.095833335,3.32500005,0.120546014,0.7052503880635642,0.6125115556605748
2008-01-05,51.35416743,278.3208375,277.7666708,0.004558333,82029.58333,0.200000003,1.170833351,4.066666727,0.120066472,0.2768120571442206,0.7761011796858235
2008-01-06,66.87083433,327.6000049,280.2166708,0.006733333,85314.16667,16.40000024,3.712500055,4.516666734,0.119721081,20.560968028101307,1.0042262313563104
2008-01-07,48.15416738,314.1875047,279.1583375,0.006316667,85045.0,42.10000063,4.03750006,5.495833415,0.119596306,9.3669198662177,1.0109749387938378
2008-01-08,139.7166687,241.0083369,277.2333375,0.004920833,85947.08333,0.200000003,-0.545833341,0.233333337,0.119699141,11.555776609906422,0.9116839820186048
2008-01-09,142.6416688,246.345837,278.0916708,0.004491667,85754.16667,0.0,-0.416666673,0.629166676,0.119618235,12.291247751329648,0.7813156597437103
2008-01-10,140.3750021,229.2750034,276.9416708,0.003920833,85810.83333,0.0,-0.333333338,-0.929166681,0.119542416,8.26859417590418,0.7404787650162772
2008-01-11,144.3750022,226.66667,276.7250041,0.002895833,85755.0,0.0,-1.275000019,-0.912500014,0.119507922,9.723734507051311,0.555057663856628
2008-01-12,145.4625022,213.9583365,276.6000041,0.0026875,85842.91667,0.0,-1.408333354,-2.44583337,0.119477243,8.19106191123233,0.5202792252331816
2008-01-13,113.2000017,263.7000039,277.5541708,0.00255,85842.08333,0.0,-2.633333373,-1.841666694,0.119458644,7.909619510774275,0.4612335722597417
2008-01-14,148.7833356,224.5208367,278.0041708,0.00295,85931.66667,0.0,-3.300000049,-3.066666712,0.119634594,5.1300088260877255,0.5173956162940172
2008-01-15,131.962502,216.1833366,276.0208374,0.002416667,86083.33333,0.0,-2.208333366,-0.937500014,0.11961536,2.774556798157012,0.489037727513213
2008-01-16,147.6375022,211.4541698,275.8250041,0.0024875,85322.91667,0.0,-0.19166667,-1.912500028,0.119609113,2.288958709468324,0.5059983859716823
2008-01-17,155.016669,208.8291698,274.7875041,0.0018875,85385.83333,0.0,-4.208333396,-3.57916672,0.119632653,2.397319284697336,0.4141443675900346
2008-01-18,153.6875023,201.487503,273.3458374,0.002316667,85635.41667,0.0,-2.691666707,-1.766666693,0.119655554,1.3705930433819795,0.5663866422546244
2008-01-19,155.9833357,201.1333363,274.2916708,0.0025375,86090.41667,0.0,-3.33750005,-1.741666693,0.119675279,1.1733121683494487,0.5819700007376127
2008-01-20,157.6625023,200.8666697,274.7541708,0.002366667,85676.25,0.0,-3.537500053,0.937500014,0.119672752,1.0372039760882157,0.52230881571786
2008-01-21,156.129169,210.7625031,275.7125041,0.002879167,85387.91667,0.0,0.108333335,3.558333386,0.119694381,0.8648241861260756,0.5908814922131258
2008-01-22,157.416669,219.6250033,276.2708375,0.003220833,85680.0,0.0,-0.850000013,2.520833371,0.119717285,0.7430264879069595,0.6371823656611391
2008-01-23,156.191669,228.1375034,276.4166708,0.002633333,85625.0,0.0,-1.645833358,2.941666711,0.119728106,0.8402016028799546,0.5152115296366249
2008-01-24,101.4125015,293.0625044,277.1458375,0.004491667,85394.58333,0.200000003,1.366666687,3.862500058,0.119752918,0.5605210368937166,0.8319848249368752
2008-01-25,149.7875022,273.8875041,278.3916708,0.004475,85659.16667,0.100000001,0.408333339,3.037500045,0.119791716,0.7727765096951944,0.7612792508684179
2008-01-26,147.7583355,236.6583369,278.5375042,0.0033,85972.5,0.0,-2.2291667,1.416666688,0.119815889,0.683213609135803,0.5576903416495969
2008-01-27,54.90833415,307.7708379,279.1916708,0.005108333,85808.75,27.30000041,-0.791666678,3.787500056,0.119839429,25.83567022871886,0.8230031910521161
2008-01-28,103.8000015,323.8916715,280.8041709,0.006833333,85393.33333,41.00000061,3.237500048,4.920833407,0.119877588,34.876503100357084,0.9794453916405343
2008-01-29,165.7333358,259.8958372,278.8041708,0.005129167,85592.91667,5.700000085,2.725000041,1.995833363,0.11992656,41.45404630058714,0.8469687568679368
2008-01-30,109.8250016,251.9458371,276.3958375,0.004333333,85402.91667,0.0,2.762500041,1.408333354,0.121950905,14.420110770842266,0.8468797722781738
2008-01-31,170.6000025,210.5291698,274.9833374,0.002641667,86024.58333,0.0,-1.066666683,-2.679166707,0.150188582,21.42018273970749,0.5757212684663808
2008-02-01,168.2416692,212.4791698,275.1458374,0.002116667,85755.0,0.0,-1.283333352,0.920833347,0.146502964,14.395129710752604,0.4544789040960988
2008-02-02,168.9500025,221.8958366,275.9708374,0.003170833,85526.66667,0.0,-0.187500003,2.03750003,0.140295829,10.904530077930993,0.6397958644498746
2008-02-03,74.62083445,264.0583373,276.1291708,0.00375,85394.16667,1.000000015,1.845833361,4.162500062,0.133772712,6.956869442095638,0.7469441157431072
2008-02-04,66.912501,309.3541713,276.3250041,0.0046625,84802.08333,26.50000039,4.758333404,5.662500084,0.241324935,29.275573897704067,0.9094015288042122
2008-02-05,176.4166693,236.2166702,275.0916708,0.003425,85461.25,0.100000001,1.008333348,-1.916666695,0.631981105,5.223091745633873,0.7357564416744319
2008-02-06,175.733336,208.2708364,274.1416708,0.002975,86024.58333,0.0,-1.13333335,-1.333333353,0.616917517,0.1276087396702042,0.6892867113740121
2008-02-07,176.8666693,221.0500033,276.3208375,0.003070833,86005.0,0.0,-0.933333347,-1.33750002,0.550412733,3.770137188687999,0.6076309100333487
2008-02-08,181.3125027,222.01667,277.7208375,0.003116667,85897.08333,0.0,-1.208333351,-1.700000025,0.431977208,8.32100168984716,0.5574679931684456
2008-02-09,181.5625027,224.49167,279.3958375,0.002945833,85945.41667,0.0,-3.029166712,-1.883333361,0.312514253,13.673226150093738,0.4686231968280712
2008-02-10,182.045836,230.9708368,280.4750042,0.0032375,85962.91667,0.0,-3.333333383,-0.304166671,0.217481259,10.777055330800122,0.4778887624942144
2008-02-11,183.7958361,228.9083367,281.3125042,0.003079167,85753.33333,0.0,-1.037500015,-0.537500008,0.164124469,7.008400838451944,0.4279560062835878
2008-02-12,185.7750028,232.2625035,280.9916709,0.0035,85778.75,0.0,-1.98750003,-2.587500039,0.139140758,5.941978295257025,0.4974555112872187
2008-02-13,182.7083361,236.2333369,280.5083375,0.003566667,85519.58333,0.0,-2.095833365,0.429166673,0.128780692,4.390339226735392,0.5225551010915682
2008-02-14,133.5208353,251.3500037,279.7250042,0.003541667,84763.33333,0.0,2.579166705,5.341666746,0.124035221,3.071470325640468,0.5430480774692498
2008-02-15,130.5083353,301.6791712,277.8375041,0.004279167,85121.66667,21.30000032,0.079166668,1.837500027,0.123427428,44.41236431738535,0.7522533777244811
2008-02-16,189.1416695,249.8375037,277.4666708,0.004779167,85627.08333,10.40000015,2.845833376,0.087500001,0.126400506,42.38491163180167,0.867640074681341
2008-02-17,193.5166696,229.3291701,277.4708375,0.004291667,85637.5,0.0,2.654166706,-0.22916667,0.124174686,27.38074375245602,0.779000663282094
2008-02-18,194.1000029,219.6833366,278.4541708,0.003466667,85619.16667,0.0,-1.741666693,-0.983333348,0.122263575,22.442678745182494,0.5868798834291878
2008-02-19,181.6750027,239.3125036,280.2750042,0.003158333,85644.16667,0.0,-1.433333355,1.36250002,0.121595423,20.15537070134072,0.4709546204898627
2008-02-20,183.6125027,245.6541703,279.0666708,0.003695833,85617.08333,0.0,1.945833362,3.141666713,0.121344341,14.552202168094563,0.599326179435285
2008-02-21,153.4625023,280.0916708,277.9583375,0.004320833,85267.91667,5.200000077,3.508333386,3.600000054,0.130611568,32.734238681094936,0.7544095484982432
2008-02-22,82.24166789,290.879171,278.2625041,0.004525,85477.91667,3.900000058,1.208333351,3.204166714,0.132634643,20.85986147129202,0.7751793180291854
2008-02-23,177.2166693,306.8958379,279.7583375,0.005645833,85478.33333,2.500000037,2.150000032,3.041666712,0.13174155,43.334777571211376,0.8709604817296208
2008-02-24,163.1541691,270.1541707,281.2375042,0.004175,86051.66667,0.0,-1.129166683,1.925000029,0.125900141,27.22805153972348,0.5852892884527424
2008-02-25,206.8250031,246.3916703,282.2500042,0.004195833,85813.75,0.0,1.766666693,0.19166667,0.123392024,21.68443343883749,0.5472759787178895
2008-02-26,210.8125031,233.4333368,282.4208375,0.003325,86177.91667,0.0,-2.937500044,-2.43333337,0.12238253,18.502906757628924,0.4304878605598277
2008-02-27,212.3500032,234.5625035,282.8708375,0.003075,86054.58333,0.0,-3.520833386,-0.504166674,0.122052776,12.49232401655995,0.3855692866974199
2008-02-28,213.0333365,235.4625035,283.7416709,0.0028875,85579.16667,0.0,-2.45833337,1.154166684,0.121940395,8.994975140062984,0.3394630995428707
2008-02-29,213.1208365,240.9916703,284.1500042,0.003208333,85909.58333,0.0,-0.620833343,1.104166683,0.121976081,6.610084992617248,0.3683756239619438
2008-03-01,193.0458362,248.5250037,283.7791709,0.002904167,85992.5,0.0,-1.216666685,1.245833352,0.122044174,4.809509985647995,0.3422056534698865
2008-03-02,213.8000032,249.5083371,282.8083375,0.003991667,85204.58333,0.0,3.525000053,0.150000002,0.122138415,3.848743657142615,0.4976723159460259
2008-03-03,234.7458368,219.0000033,280.1625042,0.002391667,85950.0,0.0,-2.00000003,-4.512500067,0.122232527,3.581221529292206,0.3607107793224796
2008-03-04,233.5958368,218.5416699,279.4833375,0.0023625,85888.33333,0.0,-0.583333342,-0.770833345,0.122340849,2.8441883469381493,0.3732896301916349
2008-03-05,238.0375035,213.1125032,278.6000042,0.002279167,85302.08333,0.0,2.058333364,1.09583335,0.122434968,2.237592287760602,0.3804930374490505
2008-03-06,242.6333369,212.2041698,279.4083375,0.002404167,85707.5,0.0,-0.67500001,-3.454166718,0.122552032,2.312675883062121,0.3810634358757169
2008-03-07,242.8625036,215.3916699,279.6208375,0.002154167,86114.16667,0.0,-1.266666686,-2.050000031,0.122652063,2.1192659709318544,0.3380093905865251
2008-03-08,239.4708369,225.3583367,280.2083375,0.002579167,85652.91667,0.0,1.629166691,0.887500013,0.122746236,1.9729968245504643,0.3864141278797506
2008-03-09,233.4250035,262.9000039,280.4708375,0.0029,85408.33333,0.0,0.725000011,0.091666668,0.122854375,2.3962111555602257,0.4254312693138699
2008-03-10,243.783337,239.8500036,282.7916709,0.0033875,86202.08333,0.0,-1.087500016,-0.670833343,0.122948595,1.9612249171245395,0.4277744966422425
2008-03-11,247.2916704,237.3625035,282.6791709,0.003125,86217.08333,0.0,-0.437500007,-1.208333351,0.123056917,1.9099179228020988,0.3977234849635058
2008-03-12,248.2875037,245.0291703,283.9083376,0.0031625,85729.58333,0.0,-0.333333338,-0.68750001,0.123151179,2.017579964306533,0.3682888027495833
2008-03-13,244.245837,246.6375037,283.1500042,0.0033875,85487.5,0.0,3.395833384,1.287500019,0.123262095,2.409939372880804,0.414042540780058
2008-03-14,249.2875037,253.0041704,283.9125042,0.003795833,85311.25,0.0,4.945833407,2.608333372,0.123363255,2.91799137917062,0.4397631910000675
2008-03-15,254.9250038,228.3250034,282.5750042,0.002858333,85127.91667,0.0,4.133333395,3.654166721,0.123463961,2.766843439958041,0.3617425243176399
2008-03-16,151.7916689,257.2541705,278.3083375,0.002683333,84637.5,0.0,3.166666714,4.150000062,0.124357419,1.6952338379652343,0.453695066720685
2008-03-17,200.1791696,270.3958374,276.4000041,0.003316667,85150.0,1.700000025,1.954166696,0.791666678,0.128112308,2.449667968369141,0.6460765087943733
2008-03-18,257.7833372,239.1625036,279.2166708,0.003141667,85731.66667,0.0,1.391666687,-2.145833365,0.126957049,2.648134803272685,0.5048155031584886
2008-03-19,263.7041706,226.3208367,280.3208375,0.0026375,86052.5,0.0,-0.21666667,-0.770833345,0.125429854,2.8997244534866664,0.3939122096873007
2008-03-20,262.2916706,227.3333367,282.4750042,0.00225,85847.5,0.0,0.100000001,1.016666682,0.124561966,2.541808527505477,0.2891219998182828
2008-03-21,270.3541707,233.4416701,283.5125042,0.002345833,86039.58333,0.0,1.183333351,-0.658333343,0.124171554,2.3794699334757814,0.2815867185869949
2008-03-22,271.062504,229.1416701,284.8291709,0.002141667,85987.91667,0.0,0.137500002,-1.462500022,0.124057705,2.2363727269185163,0.2351793121116265
2008-03-23,275.0958374,231.1500034,285.8041709,0.002233333,86047.5,0.0,-2.720833374,-2.145833365,0.124066564,2.663918672908481,0.2299974167567401
2008-03-24,274.4000041,241.9375036,285.3625043,0.002833333,85919.58333,0.0,-3.366666717,1.379166687,0.124105303,2.5749451739414653,0.3000255230674963
2008-03-25,276.3833375,231.5291701,285.6125043,0.002233333,85836.66667,0.0,1.262500019,1.708333359,0.124172651,2.144617750236366,0.2323696732065211
2008-03-26,277.0416708,235.8791702,285.0458376,0.0022625,85820.41667,0.0,2.729166707,2.350000035,0.124238731,2.555239908365881,0.2444037689086747
2008-03-27,274.7916708,248.6250037,285.6458376,0.003329167,85657.08333,0.0,2.400000036,2.175000032,0.124304172,2.3393301563550053,0.3448982901272076
2008-03-28,276.5708375,247.020837,285.2833376,0.002941667,85297.91667,0.0,1.512500023,1.645833358,0.124368981,2.0816336607661854,0.3108767398971493
2008-03-29,278.9458375,245.9500037,285.1458376,0.0027625,85266.25,0.0,2.187500033,3.595833387,0.124448409,2.7123606362125066,0.2945187152210136
2008-03-30,272.3958374,258.9791705,284.8291709,0.003891667,85201.25,0.0,3.300000049,4.708333403,0.124513854,2.815928955086086,0.4234395135635362
2008-03-31,283.4375042,249.5541704,284.3875042,0.0038875,85482.5,0.0,3.162500047,2.420833369,0.124578659,2.2393277349244003,0.4371144227875476
2008-04-01,290.554171,245.3000037,284.9666709,0.003154167,85662.91667,0.0,0.054166667,1.054166682,0.124643464,1.6385863685601243,0.341900676422135
2008-04-02,286.5125043,250.7375037,284.0958376,0.002870833,85573.75,0.0,2.070833364,2.900000043,0.124708273,2.251346874327933,0.3295330389109721
2008-04-03,283.9583376,243.8625036,282.8625042,0.0029,85561.66667,0.0,3.416666718,1.912500028,0.124787701,2.1417679626304147,0.3617480563758674
2008-04-04,301.4875045,243.6291703,283.9333376,0.0031375,85825.83333,0.0,1.654166691,-1.295833353,0.124853146,1.7480418693409554,0.3651727067924537
2008-04-05,304.5500045,230.0250034,284.6375042,0.001991667,85281.25,0.0,2.429166703,2.550000038,0.124917951,3.025374442849121,0.2197078183936065
2008-04-06,302.1208378,245.9541703,285.4583376,0.002691667,85221.25,0.0,2.295833368,2.475000037,0.124997379,2.997220971579085,0.2809118554881916
2008-04-07,298.7125045,258.7875039,286.3166709,0.00375,85384.58333,0.0,3.220833381,2.833333376,0.125062824,3.100341852105795,0.3704406071896821
2008-04-08,307.6500046,244.1375036,284.8333376,0.003275,85253.75,0.0,2.108333365,2.737500041,0.125142252,2.777526003396299,0.3564623331415449
2008-04-09,252.8916704,267.5458373,283.5083376,0.003358333,84862.08333,0.0,4.325000064,4.058333394,0.125207697,2.891659866900255,0.3977190690283471
2008-04-10,307.1583379,246.5041703,283.4875042,0.003641667,85361.66667,0.0,4.391666732,-0.20416667,0.125272502,2.654641958550637,0.4344233026800247
2008-04-11,313.6250047,235.3375035,284.4916709,0.0025,85877.08333,0.0,0.287500004,-3.33750005,0.125337307,2.754278333469174,0.2804354450844892
2008-04-12,314.7916714,243.4125036,287.516671,0.002554167,86218.33333,0.0,-3.10833338,-3.14583338,0.125416739,3.3501976913177813,0.2354606627891103
2008-04-13,317.3416714,244.733337,288.641671,0.002291667,86071.25,0.0,-4.27916673,-0.970833348,0.125477749,3.51342857085865,0.1960095901162127
2008-04-14,320.3166714,247.1500037,289.7333377,0.002141667,85862.5,0.0,-3.38750005,2.045833364,0.125554518,3.5293414287622022,0.170307795132227
2008-04-15,320.9416714,244.3875036,288.379171,0.002116667,85560.83333,0.0,3.104166713,4.391666732,0.125617385,3.771379727365556,0.1830586168305205
2008-04-16,319.7583381,238.6791702,286.2583376,0.0023125,85234.16667,0.0,4.658333403,3.712500055,0.125692311,3.518415620959171,0.2289159693838162
2008-04-17,324.6750048,225.59167,284.9625042,0.002008333,85641.25,0.0,1.608333357,-3.883333391,0.125767789,2.8854856183357853,0.2177017424195627
2008-04-18,327.2541715,228.2958367,285.9041709,0.001695833,85896.66667,0.0,-1.866666694,-0.86666668,0.125843904,2.6047577722217032,0.1731860854298153
2008-04-19,315.533338,237.5291702,286.8541709,0.001591667,85460.41667,0.0,0.787500012,4.337500065,0.125912392,3.191309319805351,0.1518967329251181
2008-04-20,326.1375049,242.1041703,286.2041709,0.0026625,85385.83333,0.0,2.92916671,4.516666734,0.125991446,3.1664505346197025,0.2649781481006045
2008-04-21,327.7291716,239.6791702,286.1958376,0.0026,85578.75,0.0,2.562500038,3.179166714,0.12605808,2.854332598091773,0.2594854699139399
2008-04-22,329.8958382,234.7666702,287.2916709,0.001875,85550.0,0.0,-0.150000002,1.104166683,0.126139733,2.65875914832034,0.1740545639330247
2008-04-23,326.7166715,242.5125036,286.9125043,0.002079167,85460.0,0.0,2.933333377,3.025000045,0.126210878,3.028804921226752,0.1976599464368177
2008-04-24,328.7250049,251.8375038,286.9541709,0.0028,85584.58333,0.0,3.404166717,2.629166706,0.126285534,2.9483066080947906,0.2658467266387182
2008-04-25,338.9708384,235.6041702,288.0708376,0.0021375,85871.66667,0.0,0.45833334,-1.675000025,0.126360705,2.6983040425003995,0.189288627148277
2008-04-26,335.2333383,238.1500035,289.066671,0.001579167,85771.25,0.0,-1.050000016,-2.941666711,0.126435864,3.006894703829327,0.1309475647812002
2008-04-27,342.8125051,236.0541702,291.141671,0.001683333,85872.5,0.0,-3.637500054,-2.608333372,0.126498923,3.499462151232333,0.1223573139085766
2008-04-28,337.8916717,245.3375037,289.8625043,0.002020833,86130.0,0.0,-3.983333393,1.466666689,0.12658195,3.251990488836147,0.1598682216923322
2008-04-29,298.5041711,270.1833374,290.5750043,0.001416667,85630.41667,0.0,0.033333334,2.120833365,0.126658256,2.8771301486049823,0.1064562579371362
2008-04-30,340.0583384,247.983337,288.804171,0.0021125,85096.25,0.0,4.4833334,4.504166734,0.126733734,3.594020994642094,0.176768450524951
2008-05-01,347.7666718,247.345837,287.7208376,0.002841667,85063.33333,0.0,4.608333402,2.120833365,0.126796465,3.027465186438792,0.2550306591241855
2008-05-02,353.2208386,228.0291701,286.6166709,0.001620833,85490.41667,0.0,0.350000005,-2.679166707,0.126873976,2.646064929209822,0.1571712394366499
2008-05-03,352.7083386,238.0416702,288.029171,0.001483333,85619.16667,0.0,-0.800000012,0.600000009,0.126951121,2.8884091090331303,0.1313276792652172
2008-05-04,330.1916716,248.4791704,288.7125043,0.0015625,85404.58333,0.0,0.291666671,2.887500043,0.127021241,2.806259203485861,0.1320006563578641
2008-05-05,241.7916703,283.8666709,288.4625043,0.002495833,85381.66667,0.0,0.870833346,3.77083339,0.127098341,2.4478077550218464,0.2142365234675644
2008-05-06,331.7583383,280.0875042,287.5375043,0.0032,85355.0,0.0,2.983333378,2.462500037,0.12717235,2.7742588839004934,0.2916465725073585
2008-05-07,341.7666718,279.4083375,287.816671,0.004575,85617.08333,0.500000007,3.200000048,1.491666689,0.127247502,3.010643604879885,0.4106885530069954
2008-05-08,351.6291719,270.8583374,289.104171,0.003666667,85428.75,0.0,2.895833376,2.883333376,0.127308071,3.253201080107496,0.302100571519571
2008-05-09,183.0791694,292.666671,289.7250043,0.002891667,85384.16667,0.0,1.395833354,3.383333384,0.12739723,2.2724261270218804,0.2287900728429568
2008-05-10,347.5625052,262.4916706,289.916671,0.002583333,85598.33333,0.0,1.620833357,1.720833359,0.127458409,3.231785116103815,0.2024014604006937
2008-05-11,346.3791718,262.2250039,290.491671,0.0024125,85731.66667,0.0,1.775000026,2.387500036,0.127547558,3.2151899264175974,0.1824711504295854
2008-05-12,357.629172,253.4291704,289.154171,0.002570833,85268.33333,0.0,3.450000051,4.566666735,0.12760875,3.2991807409917224,0.2107346821741144
2008-05-13,251.2833371,279.5541708,287.4708376,0.004045833,85059.16667,1.200000018,3.141666713,3.979166726,0.127683291,3.353886313788875,0.3690627507265788
2008-05-14,345.9791718,269.7166707,285.7625043,0.004029167,85598.33333,0.400000006,2.2166667,-1.787500027,0.127758487,4.445345487055507,0.4139153025941318
2008-05-15,282.4000042,284.2666709,286.5166709,0.003204167,85507.91667,0.0,1.141666684,-1.57916669,0.127833635,4.040245612177327,0.3128239819894222
2008-05-16,349.0708385,283.6583376,288.4750043,0.004020833,85831.25,0.0,-4.116666728,-1.666666692,0.127872433,3.941155476081396,0.3466750430417011
2008-05-17,352.7416719,287.4875043,291.041671,0.0038125,86069.58333,0.0,-0.708333344,-0.800000012,0.127895039,5.660185681982017,0.2795281039640359
2008-05-18,356.179172,284.9541709,293.204171,0.003095833,85831.25,0.0,0.704166677,0.200000003,0.127916982,5.982894753454248,0.1975066642740001
2008-05-19,360.1625054,280.4041708,293.841671,0.002445833,85641.25,0.0,3.57916672,0.220833337,0.1279536,4.283892397869827,0.1496252394251485
2008-05-20,354.3791719,291.2000043,293.3708377,0.002875,85668.33333,0.0,5.250000078,0.654166676,0.127976233,4.119200332272023,0.181173748343675
2008-05-21,351.1166719,283.5041709,292.0958377,0.003579167,84906.66667,0.0,6.033333423,4.925000073,0.12801284,3.8898860933005617,0.2421598564902254
2008-05-22,255.7625038,304.0625045,285.1291709,0.0033125,84011.25,19.40000029,5.61666675,4.791666738,0.128035435,204.6349731791132,0.3483446625799642
2008-05-23,211.2375031,297.4291711,278.8000042,0.004495833,84590.0,35.00000052,1.458333355,5.100000076,0.178895254,84.846074577588,0.7339034341439729
2008-05-24,256.6125038,301.6458378,281.6625042,0.004795833,85424.58333,1.800000027,-0.100000001,3.175000047,0.157950991,58.96726024610192,0.6482267026353417
2008-05-25,356.779172,273.7833374,285.5833376,0.005333333,85350.41667,0.500000007,0.966666681,3.458333385,0.134583782,54.75689142556322,0.5528387851443433
2008-05-26,360.3708387,274.4000041,287.0583376,0.005466667,85351.25,0.0,2.387500036,4.291666731,0.129096042,25.233830991385293,0.5140913708994692
2008-05-27,365.4666721,264.9125039,288.6125043,0.004254167,85544.16667,0.0,-0.24166667,1.679166692,0.12834872,18.657087945735263,0.3623210209058605
2008-05-28,363.9375054,265.4916706,288.7000043,0.0036125,85710.41667,0.0,1.162500017,1.887500028,0.128237825,11.35624695739074,0.3065264391146272
2008-05-29,367.3875055,261.2166706,289.3250043,0.003108333,85797.5,0.0,1.633333358,1.266666686,0.128243926,8.545666852370518,0.2535664419287698
2008-05-30,371.9458389,254.2083371,289.779171,0.002508333,85770.83333,0.0,1.045833349,0.86666668,0.128271607,7.324231951610235,0.1986668478622082
2008-05-31,367.2708388,264.3208373,291.966671,0.002570833,85820.0,0.0,1.291666686,1.137500017,0.128294187,6.007223890258419,0.1772473339831366
2008-06-01,357.9375053,273.1750041,293.2333377,0.002595833,85658.75,0.0,1.258333352,1.929166695,0.128330789,5.132558982192771,0.1649740180503912
2008-06-02,355.7750053,273.2541707,293.5625044,0.002408333,85611.66667,0.0,2.854166709,3.079166713,0.128353394,4.947845765031371,0.1498628254879296
2008-06-03,360.4083387,272.5291707,293.1583377,0.002879167,85488.33333,0.0,2.820833375,3.212500048,0.128389964,4.4322880089930194,0.1834750408459979
2008-06-04,355.179172,274.5458374,292.9083377,0.003383333,84840.0,0.0,3.479166719,4.900000073,0.128412148,4.527071148227081,0.2173425234956967
2008-06-05,354.9208386,291.6500043,293.3458377,0.005095833,84728.33333,0.0,5.770833419,2.554166705,0.128432529,4.13594842529494,0.3180964566354586
2008-06-06,353.9416719,282.4541709,292.204171,0.003533333,85385.83333,0.0,0.841666679,0.795833345,0.128467485,2.888857743470389,0.2387720076015128
2008-06-07,355.029172,282.8375042,292.9958377,0.003275,85342.91667,0.0,2.650000039,3.895833391,0.12850308,3.422112458368421,0.2104737653077738
2008-06-08,353.6625053,296.2791711,294.2791711,0.004566667,85450.0,0.0,2.983333378,2.579166705,0.128524049,3.002990608494021,0.2712741080667549
2008-06-09,356.3958386,289.041671,294.3791711,0.0036,85570.41667,0.0,1.691666692,0.058333334,0.128559004,5.439011403066657,0.2128295865818237
2008-06-10,357.679172,281.1875042,294.7416711,0.002829167,85442.08333,0.0,2.762500041,2.125000032,0.128579976,5.118995070445545,0.1633046761920644
2008-06-11,355.2875053,297.3291711,295.2125044,0.004254167,85350.83333,0.0,4.537500068,3.804166723,0.128614932,5.193803703482119,0.2382778127640553
2008-06-12,358.491672,286.0500043,294.6750044,0.003716667,85565.41667,0.0,3.162500047,1.700000025,0.1286359,4.480891395665084,0.2157291856754441
2008-06-13,364.3333388,275.6458374,294.9666711,0.002716667,85807.91667,0.0,1.408333354,-0.491666674,0.12867086,4.457369625195667,0.1553108119628453
2008-06-14,358.0625053,286.4166709,296.5166711,0.0026125,85896.66667,0.0,1.816666694,0.783333345,0.128691828,4.331885985333285,0.135960542886246
2008-06-15,349.7541719,322.4875048,297.9333378,0.003491667,85731.25,0.0,2.979166711,1.329166686,0.128726784,4.48207926190779,0.1664457219768383
2008-06-16,347.6666718,327.0875049,298.1750044,0.0046375,85660.83333,0.0,3.333333383,0.833333346,0.128846943,4.156985681675423,0.2176946831107422
2008-06-17,349.0666719,324.8750048,298.2750044,0.004825,85936.25,0.0,3.33750005,-0.545833341,0.128956156,3.8868837258523783,0.225862410337325
2008-06-18,353.0000053,316.9041714,298.2125044,0.0043125,85956.66667,0.0,3.691666722,0.408333339,0.12907936,3.954193025084429,0.2026799473911388
2008-06-19,359.416672,293.729171,297.9083378,0.0028625,85686.66667,0.0,2.89166671,0.491666674,0.129188573,3.925375313355633,0.1365883853704581
2008-06-20,358.866672,285.6500043,297.7875044,0.002208333,85700.41667,0.0,0.704166677,-0.554166675,0.129326397,4.1796108976476765,0.1061615023570558
2008-06-21,350.9083386,308.5750046,299.8583378,0.002670833,85881.66667,0.0,0.825000012,1.291666686,0.129436245,4.362388171809246,0.1136673698137066
2008-06-22,344.5833385,321.2875048,299.3583378,0.004095833,86062.91667,0.0,3.125000047,1.387500021,0.129559446,4.275711804731328,0.1799560528320245
2008-06-23,350.0875052,329.0041716,299.7166711,0.005066667,85852.5,0.0,3.558333386,2.379166702,0.129668659,4.445905869887333,0.2173799396797633
2008-06-24,353.2375053,314.633338,298.4333378,0.004025,85838.33333,0.0,2.2416667,2.995833378,0.129791863,4.308858863064793,0.1864175660310639
2008-06-25,330.3833383,327.8083382,298.8875045,0.0047875,85926.66667,0.0,2.583333372,3.454166718,0.129901076,4.2778683378201885,0.2160010885383171
2008-06-26,321.4333381,351.4083386,298.5750044,0.007020833,85880.41667,2.100000031,2.441666703,3.629166721,0.130024276,9.626309331448692,0.3225751654684179
2008-06-27,342.8041718,342.3958384,297.3791711,0.0068625,85771.66667,0.0,2.195833366,1.687500025,0.130148112,8.115504164543506,0.3384242261012442
2008-06-28,347.8083385,332.900005,298.9833378,0.0055875,85872.08333,0.0,3.883333391,-0.137500002,0.130271949,6.917425387148635,0.2504953876500773
2008-06-29,317.2458381,342.2875051,299.1208378,0.005170833,85881.25,0.0,3.416666718,0.575000009,0.130381162,5.984976246366481,0.2299434731893741
2008-06-30,334.8208383,357.791672,299.6541711,0.0064375,85965.83333,1.600000024,-0.562500008,2.029166697,0.130504366,14.469595674839091,0.2775883713501923
2008-07-01,311.308338,369.9458388,301.6541712,0.0079125,85831.66667,0.500000007,-0.86666668,1.500000022,0.130628202,13.631734873266907,0.3027261640047613
2008-07-02,318.0916714,351.2916719,299.9208378,0.006504167,85578.75,0.0,1.733333359,-1.412500021,0.130737415,8.886072775949687,0.2748114031431435
2008-07-03,320.6375048,344.0125051,299.6916711,0.005733333,85499.58333,0.200000003,2.854166709,-0.733333344,0.130860615,7.573470655571737,0.2453357435674463
2008-07-04,308.0500046,369.2541722,299.1541711,0.0077125,85670.83333,0.200000003,2.729166707,1.066666683,0.130969828,7.004852303484466,0.3414491111782168
2008-07-05,307.1458379,374.9958389,298.8791711,0.009708333,85725.0,3.600000054,4.079166727,0.862500013,0.131093029,31.495347370310743,0.437207766618489
2008-07-06,282.2875042,372.0541722,299.2791711,0.010341666,85496.25,0.200000003,4.158333395,0.195833336,0.131216865,13.4154375925841,0.4535193763115994
2008-07-07,307.6166713,366.2041721,298.2416711,0.0090625,85432.08333,0.400000006,2.67500004,-0.062500001,0.131340704,14.786224581740942,0.4225805363186648
2008-07-08,310.783338,352.2583386,298.6000044,0.007470833,85445.83333,0.400000006,0.870833346,0.979166681,0.131449918,15.168513974786626,0.3410020814062298
2008-07-09,312.5125047,359.229172,298.9666711,0.008179166,85473.33333,0.0,1.616666691,1.650000025,0.131573118,9.781493185044503,0.3653445218303846
2008-07-10,298.8708378,373.2708389,298.1166711,0.010204166,85607.91667,0.0,1.475000022,2.67500004,0.131682331,6.818969362141225,0.4803936584966963
2008-07-11,218.5791699,385.2541724,293.9333377,0.011554166,85846.66667,28.40000042,-0.950000014,3.35000005,0.131805531,124.30194181535114,0.7045012721273709
2008-07-12,240.1250036,377.7375056,295.7791711,0.012166666,85974.58333,1.200000018,2.358333368,1.450000022,0.131929367,61.9707967546676,0.6629654969455594
2008-07-13,226.0500034,374.2791722,294.9333377,0.011566666,85953.75,2.200000033,2.795833375,0.554166675,0.132053207,49.71129749781857,0.6637486667137676
2008-07-14,221.62917,377.3375056,295.3666711,0.011125,85865.41667,8.800000131,2.500000037,0.800000012,0.13216242,97.23798798780656,0.6209572078744289
2008-07-15,269.5916707,383.0416724,296.8250044,0.011758333,85926.66667,0.600000009,3.14583338,0.566666675,0.132285621,78.30309583767747,0.600766310222078
2008-07-16,309.3333379,361.4375054,298.0666711,0.009795833,86063.33333,0.0,2.870833376,0.266666671,0.132099221,40.59003912656804,0.4650207942762137
2008-07-17,316.7458381,359.6208387,299.4541711,0.009379166,85962.5,0.0,3.254166715,0.629166676,0.13188471,20.2946828428187,0.4092619382903872
2008-07-18,316.8791714,346.2750052,299.3208378,0.0077375,85637.5,0.0,3.358333383,-0.091666668,0.131684187,12.030571500236949,0.3390343896948552
2008-07-19,305.4000046,355.341672,297.6458378,0.008466666,85639.16667,0.800000012,4.029166727,0.975000015,0.131484299,11.764128468410384,0.410221385666928
2008-07-20,268.875004,384.2541724,296.9708378,0.011104166,85803.75,0.400000006,3.683333388,2.641666706,0.131284411,8.570721770702528,0.5615349763545475
2008-07-21,280.5000042,388.5500058,297.5666711,0.011941666,85857.08333,8.800000131,1.866666694,1.558333357,0.131084523,91.6464497296692,0.5828430893447448
2008-07-22,275.7000041,387.9583391,298.1416711,0.011520833,85713.33333,12.90000019,2.537500038,1.179166684,0.130870012,156.75150784403004,0.542231531232452
2008-07-23,290.029171,368.3041722,298.7416711,0.009733333,85726.25,0.0,2.950000044,0.908333347,0.130669492,65.01153684076966,0.4419627754351224
2008-07-24,307.6541713,379.4375057,299.1708378,0.0095,85747.08333,2.400000036,2.03750003,1.033333349,0.130469604,59.176306986088505,0.420541308009956
2008-07-25,286.1916709,365.7708388,298.2875044,0.009004166,85758.75,0.0,3.233333382,1.09583335,0.130273734,21.893129098243037,0.4203062982858432
2008-07-26,271.4083374,384.9458391,297.8375044,0.011404166,85852.5,12.00000018,4.016666727,1.150000017,0.130062851,151.31532463805496,0.5475530717784877
2008-07-27,301.7833378,381.870839,298.4666711,0.010991666,85904.58333,1.900000028,4.933333407,1.879166695,0.129866029,101.95216809466606,0.5084527213526687
2008-07-28,309.4583379,365.0000054,299.1958378,0.010154166,85915.0,0.0,3.612500054,1.616666691,0.129669733,28.46377919875973,0.4497082748547167
2008-07-29,311.608338,342.6291718,299.0750045,0.0071375,85864.58333,0.0,3.970833393,1.012500015,0.12945887,15.496110664081495,0.3182081625012375
2008-07-30,310.6000046,348.7000052,300.1708378,0.006941666,85828.75,0.0,4.116666728,0.562500008,0.129247334,13.30696102777702,0.2898246655730721
2008-07-31,309.6958379,347.0083385,300.3500045,0.006754166,85670.83333,0.0,4.079166727,-0.079166668,0.129050421,10.681863345025643,0.2785075561870725
2008-08-01,286.0000043,357.8583387,301.5000045,0.007529166,85558.33333,0.0,3.866666724,0.462500007,0.128854237,9.063024487124403,0.2897492383918082
2008-08-02,303.8166712,355.891672,299.5625045,0.007670833,85633.75,0.0,3.479166719,0.645833343,0.128658015,7.897232408450229,0.3312944948930656
2008-08-03,303.5833379,372.2791722,299.2583378,0.010395833,85671.25,0.0,4.404166732,1.620833357,0.128447118,6.86355134956608,0.4573960182438582
2008-08-04,253.9166705,378.970839,297.2333378,0.010479166,85807.08333,6.600000098,3.720833389,0.883333346,0.128235607,58.07286004842685,0.5215792191063224
2008-08-05,273.9541707,375.5458389,298.6291711,0.010875,85870.41667,2.200000033,2.900000043,0.495833341,0.128038728,47.97640653443043,0.4979784711043749
2008-08-06,282.7458375,375.1375056,297.0666711,0.009270833,85963.33333,3.800000057,1.454166688,0.529166675,0.127842513,59.5942025480453,0.466971915103791
2008-08-07,267.200004,360.4333387,297.7583378,0.009066666,85806.25,0.800000012,1.495833356,0.141666669,0.127631635,33.9955816154368,0.4371700386976396
2008-08-08,270.8208374,368.2666722,296.7000044,0.009604166,85822.08333,1.300000019,3.125000047,1.09583335,0.127434757,30.42245625641317,0.4938461192974117
2008-08-09,280.5166708,372.4291722,297.6750044,0.011795833,85840.41667,0.0,3.250000048,0.912500014,0.127238483,15.592262971021931,0.5718589451469438
2008-08-10,280.6250042,380.8250057,298.8541711,0.012066666,85877.08333,1.800000027,3.404166717,0.245833337,0.127027608,25.028155308021457,0.5451925729725701
2008-08-11,290.6625043,369.1750055,298.8708378,0.010141666,85734.16667,1.600000024,3.429166718,-0.112500002,0.126830716,29.11969744565801,0.4569992397695808
2008-08-12,296.6916711,358.1958387,299.3458378,0.008145833,85578.75,0.0,3.991666726,0.287500004,0.126619859,15.785627193764476,0.3561502214036403
2008-08-13,232.8458368,363.6916721,299.3458378,0.009479166,85567.5,0.100000001,3.633333387,1.045833349,0.126422962,10.995852198676452,0.4143914154551126
2008-08-14,281.7166709,369.1166722,297.8083378,0.010416666,85789.58333,0.400000006,3.620833387,0.370833339,0.126226755,11.099618587669342,0.5006532478880701
2008-08-15,281.7041709,368.1083388,296.2000044,0.010858333,85728.33333,25.30000038,3.295833382,2.350000035,0.12601581,168.2842012476586,0.5749852020962356
2008-08-16,241.5125036,372.7250056,296.6625044,0.011079166,85825.41667,3.400000051,3.59166672,1.866666694,0.125886535,82.53056506627077,0.5710141497125095
2008-08-17,281.3375042,368.7916722,296.5333378,0.010904166,85730.0,11.50000017,3.562500053,1.958333363,0.12577548,168.71486922090412,0.5658021668387628
2008-08-18,284.4333376,369.1791722,296.3541711,0.0108125,85721.66667,10.10000015,3.979166726,1.12083335,0.125665051,171.58453092624248,0.567151716795316
2008-08-19,277.0250041,359.9750054,296.9041711,0.0105125,85699.16667,7.800000116,3.562500053,0.875000013,0.125540012,139.429185069584,0.5331205379461081
2008-08-20,285.7291709,348.7291719,297.6166711,0.009516666,85615.83333,0.70000001,3.304166716,1.270833352,0.125414316,77.70907574859473,0.4617825067858827
2008-08-21,291.8708377,338.725005,298.1250044,0.0078375,85630.0,0.0,3.15833338,2.079166698,0.125303251,35.21938836482849,0.368885457043905
2008-08-22,287.8708376,347.2750052,297.9333378,0.008675,85680.83333,0.0,3.241666715,1.016666682,0.125178171,17.83791807262302,0.4132889827140549
2008-08-23,285.3666709,352.9625053,298.9000045,0.009233333,85718.75,0.0,4.212500063,0.166666669,0.12505247,12.246054069420476,0.4152682825703505
2008-08-24,278.5958375,349.9291719,297.6000044,0.0075125,85761.66667,1.400000021,1.429166688,1.37500002,0.124941398,17.871930340322475,0.3655220241535112
2008-08-25,237.6750035,351.6166719,295.4708377,0.0078375,85698.75,1.200000018,-0.400000006,3.179166714,0.124816374,15.971160795942716,0.4338262331024437
2008-08-26,210.1125031,369.4250055,292.8375044,0.0097875,85649.16667,29.10000043,1.675000025,1.908333362,0.124705289,109.97638814422992,0.6375616266932155
2008-08-27,248.2916704,366.3375055,293.8458377,0.011608333,85590.83333,7.100000106,2.425000036,0.995833348,0.124594874,119.80808987119434,0.7095444697664272
2008-08-28,272.9083374,369.2208388,295.3666711,0.011941666,85497.08333,0.0,3.441666718,1.154166684,0.124469826,75.0286521454085,0.6636813147049874
2008-08-29,258.8458372,374.6791722,296.5375044,0.012645833,85485.83333,4.400000066,2.429166703,1.141666684,0.124344107,76.42773455381857,0.6541399794536732
2008-08-30,256.6500038,358.7625053,295.4916711,0.0099875,85495.0,1.900000028,-0.812500012,3.220833381,0.124233035,61.253470795527605,0.5508148292805587
2008-08-31,221.7875033,358.716672,293.704171,0.009583333,85387.08333,0.70000001,-0.316666671,3.020833378,0.124108021,30.52717192763561,0.5895492776037589
2008-09-01,256.6375038,372.6458389,294.5083377,0.011216666,85535.41667,2.300000034,2.166666699,2.333333368,0.123996933,41.503788323855886,0.6575711292797591
2008-09-02,279.9083375,348.8916719,295.6083377,0.010795833,85718.33333,0.300000004,2.441666703,-0.220833337,0.123871848,25.36416265774059,0.5926905432696997
2008-09-03,277.6250041,342.8458384,295.9916711,0.008441666,85712.5,0.0,2.683333373,0.900000013,0.123760782,16.352175628064973,0.4526594922368538
2008-09-04,281.4375042,329.8625049,296.4666711,0.007745833,85602.5,0.0,2.91666671,0.162500002,0.123635759,11.433558043226268,0.4029563935296005
2008-09-05,282.0583375,309.2625046,295.9666711,0.005254167,85507.91667,0.0,1.483333355,-0.025,0.123524693,8.783339101352844,0.2814969679899484
2008-09-06,282.1791709,304.3000045,296.8958378,0.004029167,85512.5,0.0,-0.183333336,0.108333335,0.123399634,8.167137901299961,0.2039893603305417
2008-09-07,251.1833371,321.7125048,297.6666711,0.004745833,85534.16667,0.0,0.545833341,1.833333361,0.123288527,5.508532938951904,0.2293713159726819
2008-09-08,228.0291701,353.8250053,296.0250044,0.006604166,85625.83333,0.0,0.070833334,2.150000032,0.123163469,6.596185896880269,0.3530503703649557
2008-09-09,226.1500034,348.3458385,295.4583377,0.0077625,85530.41667,0.600000009,1.179166684,3.070833379,0.123037802,7.045035573004585,0.4291601651696858
2008-09-10,242.5458369,345.1083385,293.241671,0.0091375,85409.16667,3.000000045,2.654166706,3.425000051,0.122926735,17.4564781272327,0.5787257055403924
2008-09-11,267.4541707,341.9000051,292.9958377,0.008979166,85362.91667,1.800000027,2.566666705,0.887500013,0.122801673,24.505250632170604,0.5771974864020486
2008-09-12,255.7375038,331.4875049,292.8333377,0.008008333,85445.0,2.300000034,2.962500044,0.945833347,0.122690613,31.741349479496147,0.5205584181361557
2008-09-13,268.8708373,306.3916712,292.279171,0.006733333,85572.08333,0.0,3.345833383,-0.454166673,0.122565534,16.958940018320344,0.4538619141271284
2008-09-14,272.4875041,283.2458376,291.666671,0.004304167,85786.25,0.0,0.883333346,-0.770833345,0.122454469,11.869034453113876,0.3023134441995704
2008-09-15,266.187504,296.8750044,293.379171,0.004216667,86090.83333,0.0,-3.404166717,1.437500021,0.122329419,10.490423015593112,0.266893127289331
2008-09-16,262.5125039,310.4875046,293.1250044,0.006491667,86060.41667,0.0,-3.79583339,2.325000035,0.122315845,7.752608512981631,0.4173191676544655
2008-09-17,257.2083372,324.2750048,293.241671,0.007066666,86068.75,0.0,-1.608333357,1.641666691,0.122307176,6.814457522787096,0.4510253575320399
2008-09-18,258.6833372,312.820838,293.9833377,0.0061375,85900.41667,0.0,0.500000007,1.020833349,0.122298391,6.5207295092585,0.3732992259494568
2008-09-19,255.9583371,313.570838,294.2125044,0.005925,85831.66667,0.0,2.141666699,0.541666675,0.122275052,5.223590722523221,0.3549997524635767
2008-09-20,251.9041704,325.8416715,294.1625044,0.007041666,85873.75,0.0,2.100000031,1.629166691,0.122265762,4.579948530869206,0.42342356386968
2008-09-21,250.7583371,326.5916715,294.1583377,0.007466666,85793.33333,0.0,1.31250002,3.037500045,0.122257041,4.080068601905476,0.4486748395038291
2008-09-22,253.3666704,313.995838,294.3208377,0.006183333,85701.25,0.0,1.995833363,3.458333385,0.122248357,4.132284339670684,0.3674389486243843
2008-09-23,248.5791704,319.0166714,293.8500044,0.006470833,85951.66667,0.0,1.800000027,1.77083336,0.122239699,3.644526186494401,0.3970858860301166
2008-09-24,249.6208371,312.3541713,294.7416711,0.005329167,86017.08333,0.0,-1.445833355,0.658333343,0.122231081,3.612671391724928,0.3096793524836614
2008-09-25,250.8000037,302.5625045,293.9458377,0.004641667,85964.16667,0.0,-4.045833394,2.383333369,0.122207741,4.001751394590372,0.2831873005643507
2008-09-26,233.6875035,324.5625048,294.1916711,0.006045833,85849.16667,0.0,-3.129166713,1.725000026,0.122198426,3.4486656513299727,0.3627818703873707
2008-09-27,236.6291702,329.3166716,294.3500044,0.006620833,85808.33333,0.0,0.325000005,1.945833362,0.1221987,3.186346522785696,0.3932173183184052
2008-09-28,240.2875036,317.4375047,294.2750044,0.005420833,85904.58333,0.0,-2.43333337,1.837500027,0.122187642,3.2869391313146847,0.3238109057795755
2008-09-29,240.6750036,292.254171,292.704171,0.0040875,86048.75,0.0,-4.516666734,2.279166701,0.122176147,3.547405200225934,0.2697500753809878
2008-09-30,201.912503,306.4541712,292.7000044,0.004479167,86100.0,0.0,-4.016666727,2.67500004,0.122164688,3.1372591179699727,0.2958511136393102
2008-10-01,239.6791702,297.6625044,293.054171,0.003633333,86048.33333,0.0,-2.92916671,1.837500027,0.122153277,3.152342207980868,0.2345746152798282
2008-10-02,233.8583368,282.3000042,293.266671,0.002775,85862.08333,0.0,0.100000001,1.812500027,0.122141827,2.5729059572431616,0.1764114941095615
2008-10-03,224.94167,305.5875046,291.8708377,0.005225,85514.16667,0.0,2.287500034,3.708333389,0.122130266,2.8502835338437555,0.3611350825009484
2008-10-04,127.4916686,321.6500048,290.3333377,0.0060375,85336.66667,2.500000037,2.812500042,5.112500076,0.122118673,5.092358322765728,0.4591685403333973
2008-10-05,228.7291701,318.8416714,288.1250043,0.006616666,85222.08333,16.90000025,2.733333374,3.016666712,0.122106717,120.17557813115263,0.5794672628391002
2008-10-06,233.3291701,274.7625041,287.979171,0.004958333,85725.83333,0.0,1.412500021,-0.529166675,0.122090411,36.27266453527125,0.440969213378434
2008-10-07,230.7458368,277.2750041,290.1458377,0.004195833,86101.66667,0.0,-2.770833375,-0.762500011,0.122073336,30.989020700920644,0.3258511216952809
2008-10-08,231.4166701,275.3083374,291.1208377,0.003358333,86002.08333,0.0,-2.895833376,0.341666672,0.122070998,18.90939398203724,0.2448011012609226
2008-10-09,228.0333367,266.8708373,292.1458377,0.002729167,85586.66667,0.0,1.391666687,3.070833379,0.122054568,12.14427371102012,0.1855434687209279
2008-10-10,223.6458367,289.229171,290.2625043,0.005545833,85174.58333,0.0,2.733333374,5.950000089,0.122042504,7.188729611181694,0.4228861770190365
2008-10-11,129.0916686,311.0166713,288.241671,0.006154167,85031.66667,3.300000049,3.470833385,8.691666796,0.122034007,19.93551644094227,0.533693984193776
2008-10-12,231.5958368,269.3916707,282.6291709,0.002045833,85327.08333,0.0,2.704166707,2.050000031,0.122025655,12.906384717006166,0.2585660667445911
2008-10-13,230.7500034,211.9583365,281.8708375,0.001204167,85915.41667,0.0,-1.012500015,-1.57916669,0.1220173,7.422374040075168,0.1613766720695554
2008-10-14,227.2416701,223.34167,283.9125042,0.001708333,85865.83333,0.0,-2.237500033,-3.345833383,0.121994324,6.363647579302528,0.1992041547554105
2008-10-15,219.7166699,249.9416704,285.9583376,0.0027,85915.83333,0.0,-3.095833379,-1.366666687,0.121992245,5.391684242317216,0.2748101888426272
2008-10-16,215.2833365,266.587504,288.0583376,0.003554167,86177.5,0.0,-3.229166715,0.808333345,0.121883171,4.797060572266677,0.316121198114359
2008-10-17,218.0208366,267.4541707,289.3583376,0.003308333,86272.08333,0.0,-3.050000045,0.062500001,0.121769404,4.449056759175416,0.2707922614139427
2008-10-18,206.1208364,274.4708374,288.854171,0.0031875,86088.33333,0.0,-3.066666712,2.579166705,0.121666701,3.981126547990548,0.2689596409052818
2008-10-19,208.8041698,278.2291708,290.0125043,0.0034,85898.33333,0.0,-0.079166668,0.979166681,0.12154966,3.658747236999632,0.2656824263966392
2008-10-20,207.3541698,282.6583375,291.1083377,0.003608333,85955.0,0.0,0.504166674,2.2416667,0.121431974,3.3285032718340126,0.2630893984278837
2008-10-21,206.9375031,261.7833372,287.7458376,0.003183333,85976.66667,0.0,1.187500018,0.637500009,0.121314285,2.529350684514665,0.2882908330066364
2008-10-22,212.4833365,235.4208368,287.0083376,0.002095833,86077.91667,0.0,-1.258333352,-2.950000044,0.121211222,2.492164529332153,0.199425867636533
2008-10-23,212.5041698,216.1166699,284.8041709,0.001008333,86024.58333,0.0,-3.13333338,-1.637500024,0.121094168,2.3568419073817832,0.1109587987193575
2008-10-24,211.3583365,212.3708365,285.2750043,0.000825,85859.16667,0.0,-0.775000012,-0.270833337,0.120991106,1.5744742577685449,0.0878087564909665
2008-10-25,205.3166697,229.4166701,285.8625043,0.001158333,85967.08333,0.0,-0.21666667,-0.520833341,0.120874056,1.6411993997821652,0.1187183761617778
2008-10-26,201.6291697,236.6208369,286.5291709,0.00125,86052.5,0.0,-0.958333348,-1.187500018,0.120756367,1.788609732683003,0.1227140532611685
2008-10-27,195.0708362,262.9416706,287.8208376,0.0025375,86350.0,0.0,-4.216666729,1.158333351,0.120653304,2.4763684598688696,0.2296737899624636
2008-10-28,193.6791696,268.5541707,288.3375043,0.003704167,86678.75,0.0,-3.920833392,1.358333354,0.120536132,2.19631594298535,0.3254176099195758
2008-10-29,188.9333361,275.4333374,288.4500043,0.003825,86257.5,0.0,-2.262500034,1.654166691,0.120424349,1.919706439291391,0.3319662703226732
2008-10-30,188.6750028,267.5666707,288.604171,0.003208333,86146.66667,0.0,0.375000006,2.616666706,0.120312779,1.8827899124300704,0.2753221098406926
2008-10-31,183.7916694,275.9208374,287.7625043,0.0032875,86535.0,0.0,0.200000003,1.904166695,0.120213915,1.7086916735733246,0.2993321460026332
2008-11-01,176.3916693,285.8166709,290.1833377,0.004308333,86407.08333,0.0,-1.308333353,0.608333342,0.12009213,1.542508205563629,0.3349696249529112
2008-11-02,172.9458359,281.8666709,289.6958377,0.003833333,85948.33333,0.0,1.32500002,2.92916671,0.119983941,1.7260009992469494,0.3058717926494096
2008-11-03,178.0625027,285.5083376,288.4375043,0.005891667,85666.66667,0.0,1.504166689,2.787500042,0.119861769,1.318999688486976,0.5082390612634057
2008-11-04,166.3708358,284.4166709,288.066671,0.00625,85484.16667,0.0,2.44583337,4.400000066,0.119753584,1.263405355005025,0.5511273925601902
2008-11-05,175.945836,263.4375039,285.6791709,0.005408333,85508.33333,0.0,3.283333382,0.633333343,0.119646031,0.9248484873205748,0.5580888670460684
2008-11-06,178.9875027,232.3833368,283.9333376,0.001845833,85909.58333,0.0,-1.529166689,-2.941666711,0.119538482,1.0798134610498562,0.2150456024918952
2008-11-07,179.4791693,227.9583367,282.8625042,0.001783333,86194.58333,0.0,-2.558333371,-2.495833371,0.11941631,0.9828505416197286,0.2240997610891233
2008-11-08,176.1541693,231.7083368,282.7958375,0.001545833,85847.08333,0.0,-2.783333375,-0.504166674,0.119308121,0.8439250711727645,0.1943493251158846
2008-11-09,126.9458352,245.0875037,283.1416709,0.001770833,85095.41667,0.100000001,0.683333344,4.325000064,0.119200572,0.9389992940108608,0.2155717909685136
2008-11-10,168.6708358,267.762504,281.8541709,0.004429167,85056.66667,3.300000049,3.200000048,2.208333366,0.119093023,4.141240565657687,0.5883133756610389
2008-11-11,167.8000025,260.5750039,281.1541709,0.0037,85646.25,0.0,1.833333361,-0.887500013,0.118970847,3.3401594600790743,0.5192246718555842
2008-11-12,164.2125024,247.9916704,281.7375042,0.003608333,85822.91667,0.0,1.13333335,-1.56666669,0.118862662,2.455924396826204,0.4874810265533568
2008-11-13,166.1166691,254.3375038,283.7083376,0.003283333,85714.16667,0.0,0.387500006,-2.170833366,0.118755113,2.442821054749334,0.3874769803259285
2008-11-14,166.2375025,252.8083371,284.9625042,0.003108333,85542.91667,0.0,-1.020833349,-3.150000047,0.118632937,2.2503890571163465,0.3365540151236444
2008-11-15,167.7000025,227.9875034,284.5958376,0.00165,86113.75,0.0,-3.900000058,-1.437500021,0.118524752,2.135294060247457,0.1843073688619071
2008-11-16,166.6375025,230.0166701,285.0250042,0.0017625,86151.66667,0.0,-3.979166726,-0.066666668,0.118551163,1.8912773295834169,0.1913925256124336
2008-11-17,165.4583358,231.9041701,285.6791709,0.001708333,86385.83333,0.0,-3.687500055,0.341666672,0.118568775,1.728804413806095,0.1780928774829756
2008-11-18,166.2958358,225.19167,286.5458376,0.001116667,86516.66667,0.0,-3.975000059,1.245833352,0.118600374,1.7799716727959682,0.1100949194126704
2008-11-19,161.6708357,231.9000035,285.6625043,0.001591667,86264.58333,0.0,-3.187500047,1.583333357,0.118617982,1.4426244011699056,0.1658809611872877
2008-11-20,162.9500024,223.6625033,284.6375042,0.001391667,86062.5,0.0,-1.979166696,0.550000008,0.118649581,1.051281472603225,0.1549260732949428
2008-11-21,158.1250024,232.8750035,284.3833376,0.001916667,86087.91667,0.0,-3.850000057,1.733333359,0.118681816,1.2500149043612694,0.2170989437736512
2008-11-22,153.491669,234.5833368,283.8333376,0.00215,86022.08333,0.0,-2.958333377,2.054166697,0.118699428,1.0442706865176803,0.2525042746399271
2008-11-23,154.6708356,233.5291701,283.7500042,0.001708333,86054.16667,0.0,-0.625000009,1.900000028,0.118731027,0.8512569324588749,0.2018380498597393
2008-11-24,156.1083357,224.0333367,283.5666709,0.001466667,86021.25,0.0,-2.533333371,0.429166673,0.118763262,0.8673158150285534,0.1753742852172023
2008-11-25,85.42083461,268.0041707,282.1875042,0.001720833,85990.0,0.0,-2.795833375,1.975000029,0.118780871,0.8447924954508834,0.2258760851023216
2008-11-26,57.17083419,310.7166713,281.1750042,0.003720833,85816.66667,7.000000104,-1.104166683,2.091666698,0.11881247,12.603782307152663,0.5224374447752576
2008-11-27,81.45416788,319.7916714,281.7291709,0.006658333,85677.5,15.50000023,1.237500018,3.80833339,0.118830082,30.793576647093104,0.898520692718426
2008-11-28,68.11250101,321.5666715,281.4041709,0.006804166,85855.41667,13.6000002,0.720833344,1.366666687,0.118861681,19.517089994597328,0.9408527038501444
2008-11-29,145.5291688,274.2375041,282.0625042,0.0063375,85751.66667,0.0,1.595833357,-1.345833353,0.118893916,23.76495060774606,0.8366647796671839
2008-11-30,147.6666689,247.2250037,282.0750042,0.0046875,85804.16667,0.0,0.375000006,-2.716666707,0.118911528,22.624990143716456,0.6186851565931198
2008-12-01,150.1500022,236.1541702,281.9083375,0.002779167,86022.08333,0.0,-0.883333346,-2.087500031,0.118943123,19.87300167955966,0.3719573823642491
2008-12-02,149.1416689,228.1916701,282.5250042,0.002,86029.16667,0.0,-0.820833346,1.395833354,0.118975358,12.213673958498855,0.2566659531254143
2008-12-03,150.8458356,228.6250034,280.7166708,0.0028875,85924.58333,0.0,0.920833347,-0.233333337,0.11899297,6.545601892765154,0.4189743342251767
2008-12-04,144.2666688,223.2708367,280.4791708,0.002441667,85868.33333,0.0,-0.679166677,1.529166689,0.119024569,5.8180912677290895,0.3599151346108709
2008-12-05,149.3791689,232.0041701,280.2208375,0.0024875,85993.33333,0.0,-1.383333354,0.508333341,0.119056804,4.924214654319048,0.3738373266171634
2008-12-06,153.3833356,199.2833363,279.1166708,0.0012,86280.83333,0.0,-0.862500013,-0.720833344,0.119074412,2.820755107889665,0.1954185074123164
2008-12-07,107.4083349,238.6458369,279.2250042,0.001304167,86061.25,0.0,-0.183333336,0.333333338,0.119106011,1.266551422859971,0.2102417667395863
2008-12-08,85.85833461,318.5125047,280.7625042,0.0040875,85406.25,0.800000012,2.704166707,2.150000032,0.119123623,3.928494320371758,0.5876524260218692
2008-12-09,146.0916688,264.0083373,280.7791709,0.004383333,85280.83333,0.0,2.504166704,-1.479166689,0.119155222,2.7555953502188264,0.6285345962827643
2008-12-10,143.1250021,230.7708368,279.3708375,0.002133333,86389.16667,0.0,-1.645833358,-1.454166688,0.119187457,2.4061355372530717,0.3417190793063372
2008-12-11,142.2916688,239.9250036,280.1583375,0.002283333,86150.41667,0.0,-1.895833362,-1.170833351,0.119205069,2.12802740127107,0.3452746950473026
2008-12-12,126.1166685,251.9250038,280.5000042,0.002395833,85697.5,0.0,-2.312500034,2.233333367,0.119236665,1.8165062289263745,0.3519484908737408
2008-12-13,130.8041686,261.8208372,280.2583375,0.003270833,85110.83333,0.0,2.837500042,4.4583334,0.1192689,1.5084339919518326,0.4852532717713781
2008-12-14,67.73750101,292.6750044,277.5333375,0.0040625,84918.33333,15.20000023,7.733333449,7.000000104,0.124826088,70.31456634674932,0.7279758746619223
2008-12-15,81.42500121,295.8541711,276.7083375,0.0040375,85515.83333,2.400000036,1.645833358,4.504166734,0.130836589,28.95922205115659,0.7726469452206302
2008-12-16,56.08750084,312.3500047,278.6541708,0.0049375,85371.66667,25.70000038,3.966666726,5.391666747,0.127240703,39.266772574897495,0.8218231890907529
2008-12-17,47.86666738,315.483338,279.4500042,0.005883333,85379.16667,15.50000023,0.708333344,4.787500071,0.135126793,18.642745522805622,0.9262446589644292
2008-12-18,94.72083474,300.4541711,279.3750042,0.00525,85452.91667,14.50000022,2.637500039,6.854166769,0.14876481,47.63666915342401,0.8315934908921241
2008-12-19,139.4958354,238.8958369,276.9208375,0.0039125,86072.08333,1.100000016,0.337500005,1.10833335,0.171397247,13.923934266609953,0.7422560766815655
2008-12-20,143.5291688,212.4416698,276.3750041,0.0029625,85947.08333,0.0,-0.43333334,0.425000006,0.15542622,7.141170000014424,0.5835316230224017
2008-12-21,139.9708354,220.0166699,276.5291708,0.002125,85805.83333,0.0,-2.325000035,-0.183333336,0.144292225,17.55481739176394,0.4132937671915129
2008-12-22,66.825001,254.1666705,276.9500041,0.002233333,85292.91667,0.400000006,-0.408333339,3.083333379,0.1350961,13.121128275005766,0.418987092813411
2008-12-23,68.19583435,303.0458378,276.9250041,0.0048125,84935.41667,31.20000046,5.391666747,4.754166738,0.182587648,29.281647455561096,0.9006740764869245
2008-12-24,85.71666794,307.1333379,277.6458375,0.004879167,85463.75,0.800000012,1.550000023,2.566666705,0.181809288,19.28291149247631,0.8729433865837214
2008-12-25,46.92916737,321.6208381,279.0875042,0.005658333,85348.75,14.50000022,1.82083336,6.200000092,0.1573264,25.151192413153744,0.913361253723278
2008-12-26,51.21250076,314.0375047,278.2958375,0.005320833,85127.08333,33.90000051,5.958333422,6.520833431,0.13977736,30.614742460685715,0.9056421458969456
2008-12-27,145.4833355,214.5625032,275.3125041,0.003229167,85865.41667,2.400000036,0.862500013,-1.600000024,0.150942181,15.682646768907272,0.6859253602542286
2008-12-28,143.4166688,219.7041699,275.5291708,0.0029,86320.0,0.0,-2.604166705,-1.466666689,0.146963291,20.63975115846438,0.6096557552492966
2008-12-29,146.0416688,216.1500032,275.2958374,0.002291667,86222.91667,0.0,-4.079166727,-0.545833341,0.138173431,23.458935430597528,0.4894015395543433
2008-12-30,146.5875022,214.0750032,277.7333375,0.002383333,85982.5,0.0,-3.679166721,0.258333337,0.130153504,16.91828695867474,0.4263453164941695
2008-12-31,146.5625022,216.6666699,278.5416708,0.0024875,85955.41667,0.0,-2.962500044,0.987500015,0.125193601,10.868219870594892,0.420173532114737
2009-01-01,138.2625021,223.1125033,278.1666708,0.002875,85774.16667,0.0,-1.98750003,0.45833334,0.122501534,5.742058896070565,0.4975758565616771
2009-01-02,138.9208354,224.8958367,278.7833375,0.0032375,85483.75,0.0,-1.291666686,1.100000016,0.121104558,4.00252755672106,0.5347011469501431
2009-01-03,130.9583353,233.7583368,277.8791708,0.003654167,85093.75,0.0,0.775000012,3.162500047,0.120382144,2.9795150758076074,0.6402813571927004
2009-01-04,83.68750125,303.0166712,277.8250041,0.00435,85277.91667,6.7000001,0.570833342,1.429166688,0.120224944,16.12260183625321,0.766786952378988
2009-01-05,75.9791678,308.2708379,276.4625041,0.004595833,85607.91667,3.300000049,1.570833357,1.175000018,0.121212153,16.80345789590052,0.8960508213524568
2009-01-06,139.9416688,250.6708371,276.4083375,0.004229167,85555.83333,0.0,2.600000039,0.566666675,0.121397004,15.52176159436766,0.8272614136592463
2009-01-07,139.3333354,225.6125034,276.1375041,0.00325,85800.41667,0.0,0.400000006,-0.804166679,0.120970869,8.24088468812041,0.6500424072933758
2009-01-08,143.8541688,222.9708367,277.5541708,0.0027875,85773.33333,0.0,-2.129166698,-1.395833354,0.120336832,11.518309516929492,0.5037877994256191
2009-01-09,143.3875021,226.4750034,279.4541708,0.002820833,85645.41667,0.0,0.42083334,-0.145833336,0.119876363,4.812030676823253,0.4453542061914762
2009-01-10,147.5625022,212.7500032,278.3666708,0.002833333,86310.41667,0.0,-2.029166697,-3.454166718,0.119666394,6.94339435668004,0.4865221550305783
2009-01-11,144.6875022,217.6166699,278.0041708,0.002308333,86582.08333,0.0,-2.354166702,-2.725000041,0.119609647,5.433193631455905,0.4079190481008949
2009-01-12,146.5083355,218.6708366,278.4833375,0.002195833,86380.0,0.0,-1.762500026,-2.729166707,0.119534464,4.22309501141447,0.3742718310694402
2009-01-13,147.3083355,226.55417,279.5833375,0.002570833,86418.33333,0.0,-2.908333377,-2.454166703,0.119485347,3.4987740856065104,0.4058728721855793
2009-01-14,150.7125022,215.9375032,279.3291708,0.002254167,86118.33333,0.0,-2.187500033,-2.454166703,0.119455939,2.6980048781237898,0.3609917415947247
2009-01-15,151.3875023,219.1958366,279.8916708,0.002070833,86226.66667,0.0,-3.529166719,-0.758333345,0.119450056,2.498443552176515,0.319279628454241
2009-01-16,153.8625023,215.4000032,279.8208375,0.001854167,86287.91667,0.0,-4.075000061,0.379166672,0.119473055,2.273453871152324,0.2874906119087443
2009-01-17,153.2375023,221.0958366,280.4500042,0.001841667,86215.0,0.0,-3.645833388,-0.187500003,0.119508039,2.009055163966354,0.2731187264324582
2009-01-18,152.7125023,226.3708367,281.0583375,0.001883333,86400.0,0.0,-3.920833392,-0.429166673,0.119535391,1.920238397028614,0.2683812735077735
2009-01-19,143.0541688,241.0500036,282.1000042,0.002395833,86441.66667,0.0,-3.520833386,-0.654166676,0.119574189,1.6475108281151685,0.3180226205267793
2009-01-20,151.8041689,243.545837,282.2958375,0.00245,86249.58333,0.0,-3.687500055,-0.125000002,0.119598365,1.6143225440779922,0.3201818238799599
2009-01-21,136.9458354,258.2875038,281.8041709,0.001995833,85947.08333,0.0,-3.645833388,1.741666693,0.119636525,1.6533988882437245,0.2687943809919546
2009-01-22,92.39583471,316.508338,282.5583375,0.0052,85905.41667,7.900000118,-1.720833359,1.245833352,0.119675324,19.309338103998936,0.6648614735092585
2009-01-23,91.55416803,329.6958382,283.8625042,0.008008333,85993.75,3.000000045,-0.295833338,1.958333363,0.119714119,16.431128168102394,0.9383747658161652
2009-01-24,147.9875022,317.8791714,283.9708376,0.007116666,86039.58333,0.300000004,0.595833342,1.75833336,0.119738295,23.568721431554927,0.8282770468084966
2009-01-25,117.7541684,273.8375041,282.5166709,0.006525,85592.91667,0.0,1.483333355,2.975000044,0.119761835,8.031568263139102,0.8335991307602825
2009-01-26,151.9041689,250.5791704,280.9791709,0.005116667,85235.41667,0.0,3.745833389,4.820833405,0.119799994,9.18454595647006,0.7232491657654624
2009-01-27,164.4375025,244.020837,277.6125041,0.003354167,85716.66667,0.0,3.041666712,0.050000001,0.119850873,7.200902230462846,0.6033014269409279
2009-01-28,166.9416692,210.0791698,277.2708375,0.002025,86162.5,0.0,-1.008333348,-2.329166701,0.119892847,5.208130713933997,0.3751112238037359
2009-01-29,170.2875025,214.1666699,279.4958375,0.0021875,86038.33333,0.0,-3.195833381,-3.287500049,0.119931646,4.956994608104054,0.3459402854822689
2009-01-30,171.6666692,213.0708365,280.0291708,0.00195,86342.91667,0.0,-3.708333389,-1.98750003,0.119955818,3.998222183926568,0.2981911293419486
2009-01-31,173.2833359,211.8250032,280.5041708,0.001816667,86027.08333,0.0,-3.408333384,-0.050000001,0.119979358,3.1782791708552254,0.2678179659748567
2009-02-01,172.0708359,210.3875031,278.8958375,0.001695833,85696.25,0.0,0.491666674,-0.991666681,0.120017521,2.065583077461409,0.2785702343193866
2009-02-02,175.3875026,210.6250031,279.4583375,0.0019125,86042.91667,0.0,-2.820833375,-1.570833357,0.120042965,2.0385158639316296,0.3032594244689531
2009-02-03,175.870836,215.4750032,280.4166708,0.001666667,86195.0,0.0,-3.004166711,-0.979166681,0.120079857,1.9686108317461244,0.2476799668158302
2009-02-04,178.858336,212.9250032,281.6208375,0.001570833,86058.75,0.0,-4.016666727,1.100000016,0.120118652,2.0767642855511728,0.2145091033506838
2009-02-05,175.0750026,221.6625033,281.3416709,0.001533333,85987.08333,0.0,-2.425000036,3.195833381,0.120157451,1.8812030418961845,0.2132621856334485
2009-02-06,175.3625026,243.9291703,282.1125042,0.0030625,85718.33333,0.0,1.55416669,4.391666732,0.120196249,1.670701908980139,0.402770226748963
2009-02-07,160.2708357,240.6791703,279.9458375,0.003416667,85395.83333,0.0,0.054166667,4.420833399,0.120220422,1.1484262610388911,0.5197422333579397
2009-02-08,100.1791682,297.2791711,277.9166708,0.004858333,85213.75,18.70000028,2.366666702,4.862500072,0.123098627,40.3560820850341,0.8502177120854418
2009-02-09,99.12500148,289.929171,275.9375041,0.0043875,85353.75,12.50000019,2.545833371,5.404166747,0.145574836,34.66228057541862,0.885618407337358
2009-02-10,86.04166795,290.5125043,273.8875041,0.003695833,84993.33333,25.40000038,6.187500092,4.858333406,0.476770047,29.7048738110146,0.8618882611261229
2009-02-11,183.6125027,215.1250032,274.4291708,0.0032625,85873.75,0.0,-0.416666673,0.795833345,0.546601276,1.1297202828873452,0.7389264756049649
2009-02-12,180.9375027,227.6166701,276.8500041,0.002983333,85505.41667,0.0,0.45833334,3.300000049,0.457239462,17.677691930876133,0.5651010793037056
2009-02-13,188.8125028,212.4250032,275.3666708,0.002891667,85670.41667,0.0,0.633333343,0.920833347,0.346885372,7.9627449780902,0.6104468616323812
2009-02-14,156.316669,225.8458367,275.5250041,0.0029375,85347.5,0.0,2.133333365,2.525000038,0.277043364,10.670055165278711,0.6107654246914473
2009-02-15,172.2708359,225.8333367,276.5583375,0.002825,85689.58333,0.0,-2.158333365,0.366666672,0.231266377,9.072374163451096,0.5475499333315454
2009-02-16,190.1583362,249.2625037,278.0791708,0.002741667,85291.66667,0.0,0.0125,4.195833396,0.18833195,11.134205760410795,0.4747536641439149
2009-02-17,111.7541683,302.4250045,278.5875042,0.004270833,85415.41667,8.100000121,3.491666719,4.662500069,0.164776547,44.1442592658505,0.7145645098425207
2009-02-18,196.5625029,250.4833371,277.1250041,0.003429167,85844.58333,0.0,1.008333348,-0.233333337,0.151940443,23.052898218745675,0.639474043003725
2009-02-19,204.7000031,204.8708364,278.7125042,0.0020625,86133.75,0.0,-3.062500046,-1.875000028,0.14039879,23.99861211707917,0.3449412003725846
2009-02-20,207.5500031,202.2583363,279.5041708,0.0016375,85948.33333,0.0,-3.112500046,-0.525000008,0.13296239,16.09018350065775,0.258539745400339
2009-02-21,192.3750029,214.8750032,281.4208375,0.0018625,85900.0,0.0,-1.637500024,-0.533333341,0.1272337,9.36121216278942,0.2573779160049667
2009-02-22,161.3333357,257.4541705,282.9625042,0.001829167,86153.33333,0.0,-2.641666706,1.437500021,0.124157277,9.077717848287891,0.2281957221947865
2009-02-23,188.2041695,278.4416708,285.0083376,0.002466667,86193.33333,0.0,-1.020833349,2.575000038,0.12255895,8.337875012482126,0.2682867418747566
2009-02-24,208.3916698,252.4125038,284.1333376,0.002675,86072.91667,0.0,2.287500034,1.112500017,0.121812709,5.785078290387791,0.3080678757470197
2009-02-25,206.9333364,256.7541705,285.0166709,0.003095833,85883.33333,0.0,0.787500012,2.262500034,0.121671792,4.749574360151049,0.3353204165053967
2009-02-26,211.9750032,240.6208369,283.5625042,0.003108333,85627.5,0.0,3.012500045,2.48333337,0.1216993,3.913715188415347,0.3700765682152356
2009-02-27,212.9250032,232.1750035,282.2625042,0.002779167,85685.41667,0.0,1.36250002,0.479166674,0.12178088,2.7986876721402005,0.3616450529625254
2009-02-28,216.1708366,234.5625035,283.4000042,0.0022875,85994.58333,0.0,-1.550000023,-1.275000019,0.121874576,2.719743169870465,0.2765347005143165
2009-03-01,227.9291701,229.4125034,284.1125042,0.001783333,86076.25,0.0,-4.304166731,0.945833347,0.121982828,3.3252903749128144,0.2056742071868504
2009-03-02,228.0083367,232.0958368,284.4750042,0.001933333,86015.0,0.0,-3.212500048,1.550000023,0.122091655,2.727662443061186,0.2174610107593301
2009-03-03,216.1500032,247.8875037,284.3875042,0.001979167,85856.66667,0.0,0.795833345,1.950000029,0.122186019,2.105321925108639,0.2235136155833272
2009-03-04,232.4375035,257.6958372,284.7458376,0.002604167,85709.16667,0.0,2.087500031,3.729166722,0.122294218,2.4845139233324227,0.2866319265574709
2009-03-05,218.4958366,248.6500037,283.1916709,0.002233333,85743.33333,0.0,2.2291667,4.195833396,0.122403167,2.14952063545831,0.2730181911049597
2009-03-06,182.4833361,288.3458376,283.0875042,0.002970833,85560.0,0.0,2.100000031,4.650000069,0.122512147,1.8749035732123944,0.3649646448013748
2009-03-07,241.5125036,225.2083367,279.7583375,0.002570833,85405.41667,0.0,2.987500045,2.808333375,0.12262098,1.51319496835138,0.3962539992939199
2009-03-08,230.4125034,219.0791699,279.8833375,0.00205,85581.66667,0.0,-1.070833349,1.716666692,0.12271529,1.193877043620578,0.3138852227010066
2009-03-09,153.8708356,309.8666713,281.2000042,0.004429167,85490.41667,1.100000016,1.204166685,3.533333386,0.122823583,1.9692536510253804,0.618464512173107
2009-03-10,230.7416701,274.7666708,280.9750042,0.004258333,85552.91667,0.0,0.89166668,2.2166667,0.12293249,2.186794353621503,0.6043379762929009
2009-03-11,245.2041703,240.1416702,282.4375042,0.003383333,85484.58333,0.0,0.225000003,0.283333338,0.123041461,2.824106664433029,0.4340229766297684
2009-03-12,236.9791702,247.7916704,282.2625042,0.003116667,85462.91667,0.0,0.804166679,2.441666703,0.123150374,2.108625309387336,0.4045098341156898
2009-03-13,247.1250037,246.2541703,281.4583375,0.003570833,85314.16667,0.0,2.766666708,1.32500002,0.123254145,2.0512763962263216,0.4888257407555755
2009-03-14,228.9250034,248.758337,281.2125042,0.003033333,85322.08333,0.0,1.78333336,1.14583335,0.123366251,1.842856670026636,0.4223605074672487
2009-03-15,250.3500037,241.4708369,281.1416709,0.002875,85554.58333,0.0,2.404166702,2.03750003,0.123464106,2.0551077193492038,0.4033667405765618
2009-03-16,256.7541705,234.7250035,282.5750042,0.002395833,86066.66667,0.0,0.245833337,0.862500013,0.123530265,1.682650095142881,0.3065534882043716
2009-03-17,259.5666705,236.9333369,284.4500042,0.0020625,86136.66667,0.0,0.366666672,-0.087500001,0.123609694,1.722541924222717,0.232707342410396
2009-03-18,262.8083372,235.5333368,284.6291709,0.002075,85937.5,0.0,0.925000014,0.595833342,0.123675138,1.5601915467608172,0.2307906527223403
2009-03-19,263.6541706,234.3250035,285.6500043,0.0018625,85724.16667,0.0,0.295833338,0.695833344,0.123739944,2.261935102421326,0.1930508110741032
2009-03-20,234.2541702,256.0625038,286.2833376,0.0019875,85608.33333,0.0,0.720833344,1.558333357,0.123804749,2.193228584913573,0.1972817037090708
2009-03-21,262.5750039,247.508337,285.5166709,0.002179167,85485.0,0.0,1.383333354,2.90416671,0.12388418,2.5579841605798377,0.2272467597152953
2009-03-22,260.1541705,263.5125039,285.4041709,0.003395833,85548.33333,0.0,3.966666726,4.487500067,0.123949621,2.9326017501958086,0.3570448223549605
2009-03-23,269.7583374,234.4416702,281.5958375,0.0029375,85347.5,0.0,5.220833411,2.2291667,0.12401443,2.415113182341649,0.3985051775074564
2009-03-24,274.6125041,224.2125033,280.8375042,0.002320833,85536.25,0.0,0.870833346,-1.875000028,0.124093859,1.8387828196850176,0.332444024594798
2009-03-25,274.6250041,224.6250033,281.4708375,0.0018625,85476.66667,0.0,2.875000043,-0.295833338,0.124159299,2.141271217438068,0.2552316273776736
2009-03-26,272.2000041,232.5291701,282.1083375,0.002029167,85048.33333,0.0,5.508333415,2.125000032,0.124238731,2.997265143186597,0.2648590010175602
2009-03-27,281.8708375,213.7458365,281.3125042,0.001691667,85257.91667,0.0,2.00000003,-4.812500072,0.124304172,2.788806617988068,0.233756914097412
2009-03-28,281.7083375,218.8791699,280.8833375,0.001533333,85496.25,0.0,-1.041666682,-1.991666696,0.124368981,2.1247244567194863,0.2188439128690887
2009-03-29,261.1458372,235.8458368,283.3625042,0.0017125,85145.0,0.0,2.354166702,2.858333376,0.124446502,2.666545355170472,0.205498216336894
2009-03-30,285.3041709,231.7666701,283.3875042,0.0023875,84943.75,0.0,3.595833387,2.070833364,0.124529113,2.801951917288072,0.2853377108366013
2009-03-31,285.2041709,223.7000033,281.5541709,0.001766667,85565.41667,0.0,1.33750002,-0.491666674,0.124648595,2.1201002446923853,0.2409681315940038
2009-04-01,295.1041711,227.8958367,283.1875042,0.00185,84957.91667,0.0,4.454166733,2.2291667,0.12468479,3.150801961565004,0.2241484985190973
2009-04-02,293.6375044,247.9000037,284.2625042,0.002933333,85304.58333,0.0,2.825000042,0.91666668,0.124736247,2.601983652088103,0.3319119723116189
2009-04-03,293.3958377,259.6333372,285.0583376,0.0042,84812.08333,0.0,3.866666724,5.262500078,0.124800417,3.161022847779538,0.4479955298797679
2009-04-04,299.3333378,253.8500038,282.7666709,0.0033125,84952.91667,0.800000012,7.320833442,3.050000045,0.124853782,3.746899557481629,0.4129424530165874
2009-04-05,305.2500045,222.9500033,282.4583375,0.002008333,85845.41667,0.0,-0.791666678,-1.166666684,0.124932574,2.870776955729197,0.2583549260843726
2009-04-06,306.5083379,234.7791702,285.6708376,0.0015625,85968.33333,0.0,-4.575000068,0.166666669,0.124998015,3.7322126833112064,0.1621922777820986
2009-04-07,304.4375045,244.8666703,287.2208376,0.001883333,85901.25,0.0,-3.233333382,3.541666719,0.125062824,3.863743060118123,0.1763625011120648
2009-04-08,302.0708378,259.1916705,287.1833376,0.003345833,85532.5,0.0,3.737500056,5.445833414,0.125142252,3.895741803482221,0.3127393855356822
2009-04-09,306.8208379,247.8750037,284.9750042,0.003725,85410.83333,0.0,3.491666719,2.087500031,0.125207697,2.810305181299725,0.4023649501194832
2009-04-10,199.1208363,273.0166707,285.2541709,0.002883333,85117.08333,0.0,0.316666671,4.833333405,0.125272502,2.580883924024412,0.3046569591648218
2009-04-11,169.6541692,305.5416712,281.7708375,0.004533333,85211.25,15.50000023,1.975000029,5.141666743,0.126955374,98.47200123117706,0.6066954871431988
2009-04-12,290.5833377,298.2541711,280.8625042,0.005179167,85812.91667,5.500000082,3.112500046,0.404166673,0.127974493,91.39606955234994,0.7429981961265286
2009-04-13,307.9875046,263.2375039,285.5833376,0.004541667,85791.66667,0.0,1.925000029,0.300000004,0.126268028,59.191128821913175,0.4732106939410546
2009-04-14,240.7791703,279.9458375,287.0333376,0.003145833,85166.25,0.0,1.500000022,3.237500048,0.125747796,37.941048520557466,0.2956810938616697
2009-04-15,203.037503,296.4291711,284.6208376,0.0043125,84928.33333,0.0,5.104166743,7.879166784,0.125662525,15.08532921602315,0.4742870826964751
2009-04-16,244.9250036,250.1750037,278.5083375,0.002266667,85527.91667,0.0,4.433333399,0.725000011,0.125718486,8.491982737910407,0.3818618819905307
2009-04-17,317.3375047,243.6666703,280.6916708,0.002479167,85748.33333,0.0,3.312500049,-0.900000013,0.125787166,8.63803091847955,0.3596082212798959
2009-04-18,317.8333381,247.5291704,284.3500042,0.00255,85831.25,0.0,1.954166696,-0.079166668,0.125845302,8.76042526318665,0.288619220848323
2009-04-19,320.5125048,266.1083373,289.1250043,0.0034125,86009.58333,0.0,-1.82083336,-1.875000028,0.125917637,7.932525883249525,0.2826906483786145
2009-04-20,324.8083382,260.8000039,290.9958377,0.002316667,86045.41667,0.0,-2.362500035,-0.429166673,0.125985898,7.26786653564907,0.1703033018393036
2009-04-21,327.5416715,258.0250038,292.141671,0.0017625,85850.41667,0.0,-1.433333355,0.562500008,0.126060055,6.765020350857714,0.1202250704600941
2009-04-22,248.1875037,272.2750041,290.9000043,0.001866667,85683.75,0.0,1.829166694,2.341666702,0.126141683,4.550255721585492,0.1374817836866393
2009-04-23,328.9500049,259.9125039,290.8583377,0.002316667,85492.5,0.0,2.787500042,2.612500039,0.126206027,5.068500809202227,0.1706960431542706
2009-04-24,319.7875048,261.0416706,289.629171,0.002633333,85527.08333,0.0,2.970833378,3.320833383,0.12628087,4.583813941872553,0.2099886610053852
2009-04-25,323.7625048,270.2166707,289.1500043,0.003125,85307.5,0.0,4.179166729,4.704166737,0.126356348,4.767024973705185,0.2563470928122615
2009-04-26,309.6916713,254.3833371,286.0083376,0.002720833,85287.91667,0.0,3.845833391,1.35000002,0.126431947,3.563396348612431,0.2739983438490462
2009-04-27,325.3708382,242.8916703,286.3125043,0.002033333,85522.08333,0.0,0.908333347,2.595833372,0.126502775,3.553375672437122,0.2012399001248129
2009-04-28,313.0666713,269.4791707,287.5625043,0.002208333,85638.33333,0.0,1.670833358,4.212500063,0.126578392,4.073743328123364,0.201604865281114
2009-04-29,338.0708384,249.1500037,288.7250043,0.002016667,85642.5,0.0,1.491666689,2.762500041,0.126653189,3.974013750650872,0.1707052421624752
2009-04-30,337.0583384,242.7041703,289.8583377,0.001829167,85818.75,0.0,1.287500019,1.408333354,0.126724666,3.867241020800452,0.1442211455916269
2009-05-01,314.4625047,262.2333372,288.9208376,0.001820833,85802.08333,0.0,1.404166688,1.79583336,0.126797759,3.775718737295483,0.1524713052599646
2009-05-02,322.1666715,306.5916712,290.5333377,0.003954167,85633.33333,0.0,5.408333414,3.200000048,0.126872644,4.6291003263253785,0.2979395496019186
2009-05-03,329.7125049,299.9625045,290.2458377,0.005633333,85742.91667,0.0,2.770833375,1.637500024,0.12695256,3.5954649802963,0.4328858909653003
2009-05-04,339.2291717,282.4333375,290.704171,0.0037125,85532.08333,0.0,2.87916671,2.420833369,0.127025211,3.822393002653308,0.2763713180942762
2009-05-05,340.5833384,284.5291709,291.7500043,0.00355,85562.08333,0.0,4.104166728,1.900000028,0.127093136,3.985463136205129,0.247383874088949
2009-05-06,345.8333385,280.9250042,291.8000043,0.003229167,85632.5,0.0,2.691666707,0.983333348,0.127168534,3.692806825951209,0.2245009285042637
2009-05-07,347.9416719,281.1625042,292.2000044,0.003045833,85632.08333,0.0,3.116666713,1.187500018,0.127246865,3.68803887456084,0.206476021053074
2009-05-08,349.2958385,281.2666709,293.2625044,0.002954167,85479.16667,0.0,3.125000047,1.612500024,0.127316554,3.714484790485209,0.1870125928620835
2009-05-09,353.0125053,278.5708375,293.641671,0.002825,85492.5,0.0,3.029166712,2.645833373,0.127393438,3.713313234326909,0.1746820836572527
2009-05-10,354.3166719,273.6958374,293.5708377,0.002670833,85617.91667,0.0,2.708333374,3.058333379,0.12746268,3.650673186633204,0.1661231762392351
2009-05-11,355.5375053,272.4125041,293.304171,0.002695833,85624.58333,0.0,2.083333364,2.925000044,0.127541533,3.4974535375182327,0.1705047683787679
2009-05-12,357.679172,270.9416707,292.841671,0.0026,85470.0,0.0,2.833333376,3.379166717,0.127610948,3.5469565795463898,0.1689666012225349
2009-05-13,358.8958387,266.662504,292.8208377,0.002433333,85432.91667,0.0,2.795833375,2.666666706,0.127683357,3.419526926183121,0.1582733609325097
2009-05-14,352.7000053,284.4750042,293.5833377,0.003254167,85552.5,0.0,1.98750003,2.354166702,0.12775849,3.372790852626166,0.2020938125829614
2009-05-15,355.004172,282.9166709,293.3500044,0.003358333,85514.16667,0.0,2.44583337,1.354166687,0.127833642,3.302607011688733,0.2115260288057785
2009-05-16,353.7750053,289.104171,293.4500044,0.003383333,85572.08333,0.0,3.341666716,1.13333335,0.127872452,3.3594242018677964,0.2119181775558304
2009-05-17,348.6875052,310.8041713,295.8250044,0.004179167,85853.75,0.0,0.108333335,1.816666694,0.127895055,3.670304391442445,0.2267664775699056
2009-05-18,350.1541719,319.9083381,296.4416711,0.0039125,85885.83333,0.0,-0.545833341,2.533333371,0.12791705,4.034694836912785,0.2045225248854582
2009-05-19,305.3625046,319.7833381,295.1250044,0.003620833,85576.66667,0.0,2.095833365,3.441666718,0.127953607,3.8420199043077146,0.2044393823223706
2009-05-20,298.4041711,317.5208381,292.866671,0.003845833,85584.58333,4.70000007,1.300000019,-0.491666674,0.127976236,27.53993457284468,0.2498729388505474
2009-05-21,316.333338,322.3875048,289.5833376,0.004529167,85660.83333,6.7000001,3.633333387,0.695833344,0.128012828,91.33538499473929,0.3627997884983457
2009-05-22,113.795835,347.8375052,287.1541709,0.007320833,85689.16667,10.80000016,2.758333374,1.008333348,0.128035417,62.039170219226,0.6868534338367633
2009-05-23,265.225004,334.8083383,287.8250043,0.006933333,85680.83333,2.500000037,-0.300000004,1.287500019,0.128071983,82.50677385460077,0.6225163462078012
2009-05-24,341.1125051,310.7000046,290.2625043,0.0046375,85613.33333,0.0,2.179166699,2.520833371,0.128094595,84.16105124692976,0.3554446757533541
2009-05-25,357.3333387,292.1125044,291.891671,0.003858333,85632.5,0.0,2.583333372,2.516666704,0.128131205,34.476925564626875,0.2666933459646461
2009-05-26,356.891672,290.441671,291.3750043,0.003654167,85532.08333,0.0,3.354166717,0.970833348,0.128153821,16.43014769889494,0.2606701857430112
2009-05-27,327.3541715,295.2041711,292.479171,0.00325,85524.16667,0.0,3.483333385,0.108333335,0.128175808,10.422916384672632,0.2162066448033501
2009-05-28,358.1375053,290.454171,292.366671,0.0031125,85606.25,0.0,2.966666711,0.683333344,0.128212419,10.5940699417595,0.2087298242871891
2009-05-29,358.741672,294.0458377,293.1458377,0.003070833,85846.25,0.0,3.150000047,1.400000021,0.128234984,8.7880898250595,0.1966619314244157
2009-05-30,354.5708386,302.7333378,293.691671,0.00335,85832.08333,3.200000048,2.03750003,2.158333365,0.128271598,30.691095968528224,0.2073212680887061
2009-05-31,341.6791718,286.0333376,293.1208377,0.003070833,85611.25,0.0,2.058333364,2.195833366,0.128294189,12.545553986393193,0.1964304808812193
2009-06-01,352.1041719,276.7166708,292.279171,0.00255,85515.83333,0.0,3.041666712,1.966666696,0.128330816,10.205889923740449,0.1717703712761365
2009-06-02,351.1375052,286.9500043,293.266671,0.0029,85573.33333,0.0,2.541666705,2.095833365,0.128353417,8.501879977639497,0.1837379709845244
2009-06-03,341.9250051,286.6750043,293.7833377,0.002375,85832.08333,0.0,1.570833357,1.466666689,0.128390009,7.669255010249063,0.1461451643997895
2009-06-04,358.241672,267.987504,293.8833377,0.001525,85747.91667,0.0,1.670833358,2.683333373,0.128412149,6.482195991218447,0.0931672157625128
2009-06-05,337.0541717,296.9208378,294.029171,0.003383333,85500.0,0.0,3.254166715,5.658333418,0.128432529,5.81357657814428,0.2042418143034611
2009-06-06,349.9791719,277.9833375,290.6083377,0.003204167,85357.5,0.0,3.400000051,4.825000072,0.128467485,4.645370099335081,0.2395016504138665
2009-06-07,357.866672,273.8250041,290.054171,0.00335,85422.91667,0.0,2.825000042,3.775000056,0.12850308,4.219738062145646,0.2596322718040954
2009-06-08,337.5916717,282.2125042,290.291671,0.0030625,85507.91667,0.0,1.950000029,3.545833386,0.128524049,4.027219256018936,0.2340016267510854
2009-06-09,240.8583369,320.4000048,291.4958377,0.003616667,85540.41667,0.200000003,2.062500031,4.745833404,0.128559004,3.8129465410060632,0.2560516921623542
2009-06-10,332.9333383,326.9541715,292.229171,0.004408333,85488.75,2.00000003,2.729166707,4.462500066,0.128579976,10.331674903679748,0.2977915841558953
2009-06-11,347.3750052,304.2625045,292.0375044,0.004704167,85493.33333,0.0,2.695833374,4.408333399,0.128614932,7.4735904621286,0.3216556340557789
2009-06-12,354.1791719,285.8041709,291.8458377,0.003604167,85558.75,0.0,1.766666693,4.237500063,0.1286359,6.503834782147829,0.2496321632667332
2009-06-13,352.2583386,289.6958377,292.4458377,0.003458333,85589.16667,0.0,2.066666697,4.870833406,0.12867086,5.864524728831983,0.2307239203359281
2009-06-14,350.1833386,300.8333378,292.5875044,0.004191667,85580.41667,0.0,2.583333372,4.362500065,0.128691828,5.249445614941637,0.2771414671015633
2009-06-15,354.6000053,287.0541709,291.7875043,0.003575,85679.58333,0.0,2.016666697,3.858333391,0.128726784,4.743890331491195,0.248877434676559
2009-06-16,351.3166719,293.629171,292.0500044,0.003583333,85540.0,0.0,1.625000024,4.26666673,0.128846943,4.511530928262469,0.2449571679746838
2009-06-17,350.0291719,303.9583379,292.8833377,0.004295833,85510.41667,0.0,2.220833366,4.920833407,0.128956156,4.340938468218534,0.2785775055785168
2009-06-18,350.6708386,305.5750046,292.891671,0.004529167,85345.41667,0.0,1.79583336,3.000000045,0.12907936,4.248920968090664,0.2929890427992977
2009-06-19,336.4166717,307.0375046,292.4958377,0.004183333,85237.08333,0.0,2.783333375,2.529166704,0.129188573,3.859625550711265,0.2770721243263225
2009-06-20,340.6625051,332.9458383,294.1833377,0.005741667,85268.33333,0.500000007,3.708333389,2.725000041,0.129326397,4.709954675809998,0.3423762461004942
2009-06-21,349.0625052,326.5458382,296.1000044,0.0065375,85330.41667,0.0,2.858333376,4.666666736,0.129436245,4.472760167272578,0.3466874114053107
2009-06-22,354.566672,307.0916712,296.4500044,0.004329167,85423.75,0.0,1.225000018,2.966666711,0.129559446,4.650085595152976,0.2249715619983585
2009-06-23,321.6375048,336.8208384,298.4791711,0.003533333,85360.0,0.0,3.204166714,1.179166684,0.129668659,4.717176044341609,0.1622870597980359
2009-06-24,345.7000052,336.1666717,299.0833378,0.0045375,85625.83333,0.0,4.033333393,1.062500016,0.129791863,4.52640407967211,0.2016305716004584
2009-06-25,212.7750032,350.3708386,298.3125044,0.005783333,85737.91667,0.0,3.450000051,0.758333345,0.129901076,3.007833576870372,0.269489980501335
2009-06-26,330.1375049,363.2958387,297.6208378,0.007108333,85603.75,0.0,2.754166708,1.59166669,0.130024276,3.819854235199953,0.3447861416025639
2009-06-27,343.2083384,339.1708384,297.1583378,0.0058,85690.0,0.0,2.550000038,-0.316666671,0.130148112,3.886881842869596,0.2896027029375439
2009-06-28,235.3458368,363.2375054,299.0708378,0.005204167,85776.66667,0.0,2.420833369,0.70000001,0.130271949,3.317566978966605,0.2318353309514898
2009-06-29,330.1666716,361.6541721,298.8083378,0.005541667,85674.16667,0.800000012,2.620833372,1.104166683,0.130381162,6.123078682328995,0.2504765088067524
2009-06-30,341.2875051,351.6875052,298.4750044,0.007170833,85539.16667,0.70000001,4.275000064,0.579166675,0.130504365,6.868325716971322,0.3301323910202648
2009-07-01,285.6166709,368.1541722,298.8958378,0.0087875,85537.08333,0.0,3.533333386,1.462500022,0.130628202,5.428305650349388,0.3944777007201792
2009-07-02,275.7958374,361.7083387,295.5458377,0.0063625,85711.66667,12.40000018,1.620833357,1.358333354,0.130737415,115.69274101228385,0.3506158756064566
2009-07-03,315.220838,361.2791721,296.9833378,0.007845833,85877.5,0.0,3.345833383,0.854166679,0.130860615,64.94006406649518,0.3968016665640268
2009-07-04,319.7458381,364.2875054,298.0833378,0.008133333,85957.91667,2.800000042,3.78333339,0.270833337,0.130969828,64.09963604786303,0.3852401512386337
2009-07-05,321.0208381,362.6375054,298.7750045,0.007575,85952.5,8.400000125,4.070833394,0.970833348,0.131093029,151.2685143071964,0.344179123281379
2009-07-06,327.0583382,333.175005,298.6375045,0.005079167,85831.25,0.0,4.71250007,1.575000023,0.131216865,39.00477175935063,0.2323585862105608
2009-07-07,322.0083381,360.816672,299.2250045,0.0085875,85820.0,0.0,4.454166733,2.075000031,0.131340704,15.046324908824667,0.3792424599808084
2009-07-08,317.1958381,372.0375055,299.9541711,0.008958333,85760.0,0.0,3.945833392,2.275000034,0.131449918,12.486847358155783,0.3785558454854953
2009-07-09,321.3666715,360.104172,300.3416711,0.006733333,85747.91667,0.0,3.383333384,2.850000042,0.131573118,10.372093526739166,0.278035373684325
2009-07-10,310.2291713,346.7833385,299.6750045,0.0046625,85882.91667,0.0,2.87916671,2.075000031,0.131682331,8.684378943411009,0.2006068203332303
2009-07-11,323.6000048,354.5166719,300.7833378,0.004754167,85912.91667,0.0,1.645833358,2.058333364,0.131805531,8.625853587230495,0.1916238435701702
2009-07-12,321.7708381,350.5583386,300.9750045,0.00485,85993.33333,0.0,3.245833382,2.01250003,0.131929367,7.4070784344682306,0.1934720793177109
2009-07-13,305.6458379,365.4625054,301.2125045,0.006229167,85884.16667,0.0,3.858333391,0.833333346,0.132053207,6.490057193472977,0.2447298579737592
2009-07-14,314.320838,360.7250054,301.3291712,0.006116667,85761.25,0.0,3.895833391,0.658333343,0.13216242,6.022583824607613,0.2383269147048558
2009-07-15,276.1166708,364.1375054,301.5166712,0.006879166,86050.83333,0.0,4.170833395,1.09583335,0.132285621,5.041877922444039,0.2659986919552093
2009-07-16,283.8375042,378.1166723,301.2458378,0.0072,86058.75,2.70000004,3.391666717,-0.104166668,0.132099221,17.992165646255508,0.2828919877766047
2009-07-17,308.3875046,361.1250054,300.7291711,0.0058625,85964.58333,0.200000003,2.429166703,0.408333339,0.13188471,13.6621889046847,0.2371955419219081
2009-07-18,311.6166713,349.8458385,299.7000045,0.0050125,86062.91667,0.600000009,0.587500009,1.55416669,0.131684187,13.96170755198516,0.2157967616363835
2009-07-19,317.4041714,353.1125053,300.9916712,0.005579167,86102.5,0.400000006,1.950000029,2.2041667,0.131484299,11.616245812863806,0.2226233557513164
2009-07-20,298.4875044,360.4083387,299.7666711,0.0062,86051.66667,0.800000012,4.175000062,1.266666686,0.131284411,11.513440301335118,0.2658303053126694
2009-07-21,312.620838,359.591672,298.6833378,0.007016666,85857.5,3.300000049,3.975000059,-0.379166672,0.131084523,39.614740723998416,0.3202115163863769
2009-07-22,211.8833365,364.0708388,297.1708378,0.0074875,85840.0,2.800000042,2.083333364,-0.870833346,0.130870012,32.5868482853646,0.374232870364471
2009-07-23,306.7375046,360.354172,297.4666711,0.0069375,85823.75,1.200000018,0.91666668,0.712500011,0.130669492,36.11739048951972,0.3405231747969245
2009-07-24,300.8916712,365.1875054,295.9875044,0.006675,85868.75,3.600000054,2.179166699,1.175000018,0.130469604,57.85864459881979,0.3586711213198481
2009-07-25,308.0416713,366.3750055,296.8333378,0.008229166,85995.0,0.0,3.008333378,0.550000008,0.130273651,22.29394880422377,0.420572539768992
2009-07-26,307.8000046,380.295839,299.4291711,0.009170833,85925.83333,0.0,3.179166714,0.116666668,0.13006281,13.22367912218117,0.4005967601990854
2009-07-27,308.5708379,376.4958389,300.7458378,0.007829166,85795.0,0.0,3.970833393,0.508333341,0.129866008,11.447931689744594,0.3158308971099603
2009-07-28,312.833338,361.3458387,301.4833378,0.006266667,85643.75,0.0,4.616666735,1.475000022,0.129669781,9.210646585804874,0.2416406218240877
2009-07-29,314.4666714,340.7416717,299.9458378,0.0056625,85640.83333,0.0,3.654166721,3.045833379,0.129458893,7.208377206557637,0.2390682195004147
2009-07-30,312.1375047,353.6666719,299.4250045,0.0074625,85807.91667,0.0,3.575000053,2.45833337,0.129247381,6.170544142235437,0.3256075052168671
2009-07-31,312.8500047,337.5416717,298.9041711,0.005491667,85897.5,0.800000012,3.400000051,1.170833351,0.129050488,8.477779924686148,0.2474405714660534
2009-08-01,317.7583381,326.5583382,299.0666711,0.004420833,85838.33333,2.400000036,3.175000047,0.387500006,0.128854259,22.98013709123986,0.1971300017283434
2009-08-02,314.5750047,334.737505,300.1208378,0.003554167,85823.75,0.0,3.729166722,0.279166671,0.128658025,14.497208486132426,0.1488232679548556
2009-08-03,250.2958371,354.779172,300.6875045,0.005191667,85827.91667,0.0,3.654166721,0.179166669,0.128447121,9.4679292537611,0.2102360368048323
2009-08-04,310.8041713,355.441672,302.2291712,0.005816667,85892.08333,0.0,3.520833386,-0.208333336,0.12823561,9.507445135422676,0.2153372919885767
2009-08-05,307.0458379,365.9041721,302.9000045,0.006579167,85873.33333,0.0,3.10833338,1.158333351,0.128038718,8.479367208798298,0.2341916471235386
2009-08-06,300.6208378,363.9166721,300.5708378,0.007033333,85700.83333,0.0,3.875000058,2.695833374,0.127842451,6.379483983471431,0.2863579405643803
2009-08-07,311.420838,315.0750047,297.2458378,0.003791667,85783.75,0.0,4.062500061,4.300000064,0.127631575,5.1724053380785335,0.1885283806803251
2009-08-08,318.9583381,284.5333376,295.0250044,0.002054167,85727.91667,0.0,2.350000035,3.058333379,0.127434704,4.414410125485339,0.1169053145743964
2009-08-09,316.195838,289.154171,295.1791711,0.002291667,85787.08333,0.0,1.525000023,2.200000033,0.127238474,4.184299438187468,0.1292783284694548
2009-08-10,309.5833379,309.3000046,296.5291711,0.0033375,85960.83333,0.0,2.170833366,2.383333369,0.127027611,3.991870046559603,0.1736886553303274
2009-08-11,255.7208371,345.3833385,298.7083378,0.005591667,86166.25,0.0,3.045833379,0.108333335,0.126830752,3.5736601841487667,0.255714823944953
2009-08-12,240.4000036,373.5083389,299.3375045,0.0056,86032.5,0.0,3.187500047,0.816666679,0.126619845,3.546015204940649,0.2462624017758303
2009-08-13,274.4125041,360.3500054,296.2541711,0.006625,85970.83333,3.000000045,2.095833365,0.21666667,0.126422989,16.208770597925447,0.3506467035447699
2009-08-14,295.6000044,354.5750053,295.2541711,0.007583333,85876.25,2.200000033,2.933333377,1.600000024,0.12622671,23.926407725764463,0.4262663623144384
2009-08-15,302.3000045,333.1541716,297.2916711,0.006033333,85831.66667,0.0,3.237500048,3.000000045,0.12601584,12.438923635419384,0.2993234024651036
2009-08-16,302.1291712,320.9041714,296.8250044,0.004483333,85670.0,0.0,2.312500034,2.733333374,0.125886579,10.194034004728126,0.2283818646566902
2009-08-17,305.6208379,300.0333378,296.1458377,0.002908333,85697.5,0.0,2.187500033,1.937500029,0.125775507,7.864788073524326,0.1544608445302102
2009-08-18,303.2208379,298.2416711,296.2958377,0.0023,85757.5,0.0,2.725000041,1.191666684,0.125665091,6.561861048267131,0.121123436874168
2009-08-19,296.3958377,322.8791715,297.2666711,0.003958333,85684.16667,0.0,4.400000066,0.541666675,0.125539992,5.63306965936602,0.1963388905060537
2009-08-20,294.1583377,342.2291718,298.8541711,0.006608333,85622.91667,0.0,4.008333393,0.054166667,0.125414334,5.243478566553113,0.2976920865776493
2009-08-21,291.0583377,335.725005,298.3000044,0.005595833,85731.25,0.0,2.775000041,0.925000014,0.125303254,5.0182650210240425,0.2609285587206744
2009-08-22,248.1625037,361.1250054,295.0958377,0.007058333,85875.83333,7.600000113,1.154166684,1.141666684,0.125178193,56.922746640176165,0.4006396790293814
2009-08-23,285.1291709,348.8708385,294.4000044,0.0083875,85911.66667,9.800000146,2.183333366,1.675000025,0.125052445,126.39743745537336,0.4971988943837745
2009-08-24,283.8041709,340.8250051,295.3750044,0.007075,85817.91667,0.0,3.487500052,1.183333351,0.124941415,71.17525582280746,0.3944803117729482
2009-08-25,284.5541709,338.812505,295.8750044,0.0064125,86001.25,0.0,3.195833381,-0.058333334,0.124816355,27.84231063156025,0.3474819380256267
2009-08-26,287.679171,329.7708382,296.6916711,0.005804167,86075.83333,0.0,1.016666682,-1.575000023,0.124705299,15.122527245106276,0.2994844342404233
2009-08-27,287.9375043,325.1166715,298.0625044,0.003670833,85977.91667,0.0,0.883333346,-1.14583335,0.124594887,12.930941284442149,0.1741298895073658
2009-08-28,287.5833376,317.5250047,298.3583378,0.0030875,86055.0,0.0,-1.59166669,-0.329166672,0.124469827,9.193868592244606,0.1440053768782271
2009-08-29,287.1333376,318.1000047,298.9333378,0.002770833,85941.25,0.0,-1.583333357,1.525000023,0.124344127,7.129869383800276,0.1246925746057683
2009-08-30,271.9000041,331.6125049,298.4708378,0.003733333,85792.08333,0.0,1.550000023,2.120833365,0.124233075,5.62355177217529,0.172427311167067
2009-08-31,265.312504,337.1416717,297.5791711,0.004470833,85760.83333,0.0,1.979166696,2.041666697,0.124107981,4.611471701769875,0.2178010573272927
2009-09-01,285.0416709,345.6500052,298.5666711,0.005254167,85866.25,0.0,1.616666691,2.366666702,0.123996934,4.497593060503822,0.241485772764137
2009-09-02,264.3833373,358.1583387,298.6041711,0.006725,85971.25,0.200000003,2.537500038,1.766666693,0.123871891,4.2248084789591225,0.3087693245056337
2009-09-03,277.3041708,359.1208387,298.6333378,0.0084625,86003.75,0.0,3.904166725,1.587500024,0.123760792,3.5549562212250567,0.3880121558688212
2009-09-04,226.84167,351.1541719,295.5208377,0.0081125,85889.16667,0.100000001,3.879166724,1.208333351,0.123635741,2.585815249696505,0.4486663034862732
2009-09-05,274.0000041,341.9500051,293.8250044,0.0073,85876.25,12.50000019,2.979166711,1.091666683,0.123524684,116.15333242474604,0.4482716132567271
2009-09-06,272.2375041,332.9916716,293.7833377,0.006233333,85959.58333,0.300000004,2.258333367,0.912500014,0.123399592,50.266223654832814,0.3841367100588651
2009-09-07,271.462504,339.8125051,294.2041711,0.0069625,85793.75,3.700000055,2.375000035,1.116666683,0.123288548,63.79784734023088,0.4171934445365586
2009-09-08,263.4958373,343.3291718,295.4125044,0.006991666,85644.16667,0.0,2.770833375,1.587500024,0.123163493,29.04944043850898,0.3881490533570967
2009-09-09,251.3250037,343.7791718,294.5750044,0.006866666,85803.33333,23.30000035,2.829166709,0.716666677,0.123037813,142.2215416392844,0.4021536037299004
2009-09-10,269.2666707,327.7500049,294.8416711,0.005383333,85835.0,0.0,2.054166697,0.054166667,0.122926715,50.86011306469421,0.310243319534317
2009-09-11,265.5166706,326.8333382,295.2958377,0.004920833,85818.33333,0.200000003,0.416666673,0.083333335,0.122801652,25.4442089263352,0.2757106154474211
2009-09-12,265.0166706,330.5125049,295.2083377,0.004416667,85598.33333,0.0,1.220833352,1.008333348,0.122690583,16.740026805043854,0.2481604879621821
2009-09-13,264.4125039,334.6291717,295.5666711,0.006120833,85549.16667,0.0,2.383333369,2.816666709,0.122565521,9.11302367061336,0.3362287329765205
2009-09-14,262.1000039,341.4666718,295.8833377,0.007475,85724.58333,0.0,2.287500034,3.841666724,0.122454481,6.061252597731124,0.4035479044881193
2009-09-15,264.0208373,324.9958382,294.6125044,0.006354167,85852.91667,0.0,2.116666698,3.616666721,0.122329437,4.438630283739353,0.3714911557946428
2009-09-16,261.8333372,316.3041714,293.791671,0.005241667,85907.91667,0.0,1.570833357,2.670833373,0.122315855,3.5836154568295244,0.3226625733486839
2009-09-17,262.1291706,308.3875046,293.066671,0.004204167,85802.5,0.0,1.404166688,1.329166686,0.122307145,3.068984046894915,0.2704416136935464
2009-09-18,258.1166705,308.6458379,292.979171,0.004070833,85773.33333,0.0,0.070833334,1.454166688,0.12229847,4.41039595675175,0.2632133970109263
2009-09-19,222.3375033,325.0625048,293.5458377,0.004108333,85901.66667,5.500000082,1.583333357,1.616666691,0.122275183,35.824873578113746,0.256780999894089
2009-09-20,252.7666704,318.4625047,292.5708377,0.004858333,85887.91667,0.800000012,3.462500052,0.712500011,0.122265894,25.090903598654105,0.3227114464050455
2009-09-21,253.4791704,314.070838,293.4208377,0.0044875,85910.83333,0.0,3.59166672,-0.454166673,0.122257221,13.56840881581133,0.2827054211743984
2009-09-22,264.3583373,272.9958374,293.729171,0.0024125,85959.58333,0.0,-2.141666699,-3.204166714,0.122248567,10.054848105710937,0.1491753244485843
2009-09-23,259.5416705,263.6333373,291.7333377,0.0019375,85975.0,0.0,-3.883333391,-2.533333371,0.122239871,6.900554485845931,0.1358104703006542
2009-09-24,255.3833371,277.8958375,291.2250043,0.002641667,85875.0,0.0,-2.908333377,-1.300000019,0.122231156,5.471749119206807,0.1910082647362431
2009-09-25,251.6458371,286.7916709,292.629171,0.002658333,85843.33333,0.0,-2.866666709,-0.979166681,0.122207862,4.982001152726502,0.1758408839381506
2009-09-26,251.4916704,288.7750043,294.2583377,0.0023,85920.83333,0.0,-2.066666697,-1.012500015,0.122199181,4.707996634598418,0.1375574626456388
2009-09-27,252.2791704,277.9708375,293.7750044,0.001595833,85754.16667,0.0,-0.425000006,-0.779166678,0.122186226,4.3729820914343325,0.0981610223092186
2009-09-28,248.458337,280.3541708,293.954171,0.001766667,85551.25,0.0,1.13333335,2.329166701,0.122183191,3.681801383993924,0.1072107844461791
2009-09-29,243.870837,290.341671,293.266671,0.002379167,85665.41667,0.0,2.283333367,4.562500068,0.122170656,3.5752573523639226,0.1509012814781916
2009-09-30,238.6333369,315.4250047,292.004171,0.003608333,85567.5,0.0,5.275000079,5.175000077,0.12215685,3.4088264474836767,0.2474599871095655
2009-10-01,251.5708371,251.2541704,288.9000043,0.0018875,85769.58333,0.0,1.912500028,-0.391666673,0.122144879,2.339130128414543,0.1582069160520446
2009-10-02,231.6000035,243.3166703,287.5833376,0.000808333,85712.08333,0.0,1.812500027,1.683333358,0.122142348,2.0309558348789336,0.0737580283834096
2009-10-03,190.4208362,334.6541717,289.816671,0.00465,85457.08333,0.0,1.154166684,2.933333377,0.12212605,2.058450456861048,0.3660630720333443
2009-10-04,114.1875017,343.9833385,289.5833376,0.008445833,85045.0,0.0,0.725000011,6.391666762,0.122109076,1.090291597139643,0.6716726603148263
2009-10-05,231.1583368,304.6583379,289.5375043,0.0073375,85134.58333,0.0,3.562500053,6.420833429,0.122106753,1.5788621652349923,0.5858696248951899
2009-10-06,230.0958368,274.0125041,287.1041709,0.004045833,85506.25,0.0,-0.020833334,2.454166703,0.122090307,1.5015436979335464,0.380021033407115
2009-10-07,227.2000034,288.8958376,287.2583376,0.0043,85437.08333,0.0,2.116666698,3.504166719,0.122073181,1.4885200098051776,0.3995097072906141
2009-10-08,229.3916701,271.600004,285.8291709,0.004229167,85573.33333,0.0,3.483333385,0.87916668,0.122070843,1.2467119486954086,0.432419112832702
2009-10-09,230.7708368,251.6875038,285.4041709,0.002404167,85868.33333,0.0,2.275000034,0.408333339,0.122054447,1.3215918402129068,0.2537245713069707
2009-10-10,207.9541698,268.0833373,287.654171,0.002266667,85560.0,0.0,0.058333334,1.304166686,0.122042501,1.4191025763239715,0.2055065856629061
2009-10-11,224.0708367,278.3541708,287.6833376,0.002220833,85265.0,0.0,1.733333359,3.725000056,0.122034007,1.7220844135296538,0.2002750076865847
2009-10-12,219.2791699,285.2166709,287.466671,0.004883333,85333.33333,0.0,1.183333351,4.575000068,0.122025655,1.4102725244097585,0.4470175213975894
2009-10-13,213.9208365,304.9333379,289.366671,0.007033333,85405.41667,0.0,2.570833372,5.033333408,0.1220173,1.388122392030689,0.5696002409637432
2009-10-14,214.2958365,290.6875043,288.0333376,0.0053125,85870.41667,0.0,1.79583336,2.100000031,0.121994324,1.4058691068296831,0.4715972903172959
2009-10-15,213.0458365,297.8583378,289.8583377,0.005295833,85905.41667,0.0,1.162500017,-0.766666678,0.121992245,1.6880222142398087,0.417973000582354
2009-10-16,212.9750032,289.5750043,290.7125043,0.00415,85856.66667,0.0,-1.333333353,-0.737500011,0.121883171,1.7342215833078054,0.3099480231052767
2009-10-17,209.6500031,290.3750043,291.5000043,0.003008333,85840.83333,0.0,-3.050000045,1.195833351,0.121769404,1.9226159687873696,0.2136746304308978
2009-10-18,206.3875031,299.7333378,290.7833377,0.0035625,85956.66667,0.0,-1.000000015,3.958333392,0.121666701,1.9019302767369184,0.2651800129878239
2009-10-19,206.9208364,299.1791711,290.5583377,0.004483333,85757.08333,0.0,2.504166704,4.333333398,0.12154966,1.8181928564722856,0.3377600570817879
2009-10-20,204.662503,291.116671,290.0250043,0.005354167,85238.33333,0.0,3.59166672,4.416666732,0.121431974,1.631655326397386,0.4148375739788454
2009-10-21,204.7666697,270.4291707,285.4833376,0.003941667,85300.41667,0.0,2.416666703,-0.762500011,0.121314285,1.2342838995733856,0.4110648061326161
2009-10-22,203.8958364,263.4208373,285.8750043,0.00335,85488.33333,0.0,1.166666684,-0.291666671,0.121211222,1.2975134880191002,0.3411491736391441
2009-10-23,200.437503,261.7458372,286.4708376,0.002408333,85630.83333,0.0,0.400000006,-1.704166692,0.121094168,1.3250079330446416,0.2361769047801464
2009-10-24,199.950003,254.6291705,286.5250043,0.001775,85657.91667,0.0,2.104166698,-0.004166667,0.120991106,1.3395556782838558,0.1735025705554704
2009-10-25,199.812503,259.8000039,286.9208376,0.0020625,85428.33333,0.0,2.754166708,-0.287500004,0.120874056,1.4060100687625263,0.1958955351722986
2009-10-26,205.6916697,223.96667,285.6500043,0.0011125,85900.0,0.0,-2.71250004,-2.45833337,0.120756367,1.3583382391759713,0.1155487523894033
2009-10-27,198.4833363,226.5833367,283.2958376,0.000616667,85296.25,0.0,1.612500024,4.175000062,0.120653304,1.3842247789014137,0.0744658133815479
2009-10-28,196.0125029,227.7625034,278.4375041,0.001375,84191.66667,0.0,6.987500104,0.829166679,0.120536204,1.1869600942039762,0.2291645370514028
2009-10-29,185.1541694,238.7875036,276.8250041,0.0015875,85058.75,0.0,3.400000051,-0.100000001,0.120431362,0.848206517239882,0.2996664039733113
2009-10-30,190.9666695,225.6458367,277.5666708,0.001420833,85682.5,0.0,0.704166677,-1.55416669,0.120342035,0.8263845941567217,0.2562894314980648
2009-10-31,189.3500028,243.2375036,280.7291708,0.001679167,86004.16667,0.0,-2.187500033,-1.36250002,0.120225998,0.994136578267278,0.2436611879532096
2009-11-01,188.1958361,244.8000036,285.0500042,0.001945833,85905.41667,0.0,-2.629166706,-0.225000003,0.120102302,1.1362027701465478,0.2103459358746165
2009-11-02,186.7916695,240.9791703,285.9583376,0.001583333,86015.0,0.0,-1.408333354,-0.337500005,0.119983941,1.0077828697726716,0.1613400981145788
2009-11-03,187.1916695,234.7708368,286.3458376,0.000966667,86183.33333,0.0,-2.937500044,0.325000005,0.119876392,1.1306644537420083,0.0961993066846548
2009-11-04,180.958336,243.0291703,286.6250043,0.001225,86020.0,0.0,-3.125000047,2.104166698,0.11975422,1.1458914191589695,0.1194578156931571
2009-11-05,179.0250027,270.3208374,287.5375043,0.001708333,86026.66667,0.0,-1.10833335,2.900000043,0.119646031,1.1236502134837438,0.1569218998510234
2009-11-06,167.9000025,265.0125039,286.4625043,0.002058333,85829.16667,0.0,0.275000004,2.391666702,0.119538482,0.8755651383417473,0.2024323309249906
2009-11-07,175.6916693,257.5666705,285.3500043,0.002375,85521.25,0.0,0.587500009,0.579166675,0.11941631,0.7290121125804182,0.2505343158853508
2009-11-08,169.2333359,263.8500039,285.4708376,0.003316667,85576.25,0.0,1.283333352,1.433333355,0.119308121,0.6402069427714929,0.3472922788687694
2009-11-09,170.5875025,266.3041706,285.4625043,0.003858333,85897.08333,0.0,0.400000006,1.13333335,0.119200572,0.5792050332846762,0.4057501425002531
2009-11-10,169.9833359,256.2083372,285.7875043,0.002704167,86154.16667,0.0,-2.295833368,0.975000015,0.119093023,0.6448940364907965,0.2791392057315878
2009-11-11,159.7083357,263.5750039,285.7916709,0.00245,86034.16667,0.0,-2.441666703,2.68750004,0.118970847,0.7401728499677479,0.252480663930041
2009-11-12,153.1833356,274.8833374,285.8000043,0.0031125,85485.83333,0.0,1.950000029,4.883333406,0.118862662,0.8122375062702578,0.3185331795961348
2009-11-13,76.33333447,308.0958379,284.1791709,0.005558333,85060.41667,0.500000007,2.145833365,4.200000063,0.118755113,0.5023475248985316,0.6306538834819916
2009-11-14,84.9833346,309.5375046,282.9000042,0.0058375,85341.66667,0.400000006,1.850000028,2.520833371,0.118632937,0.5243940353506229,0.7244553293246824
2009-11-15,168.5958358,230.0000034,279.0791708,0.003404167,85719.58333,0.0,0.970833348,-1.216666685,0.118524752,0.668852779496653,0.552206150002703
2009-11-16,169.7666692,208.9333364,280.1583375,0.0013375,86108.33333,0.0,-3.200000048,-1.35000002,0.118551163,0.8504801200555614,0.2021515560949544
2009-11-17,167.5333358,207.9541698,281.1125042,0.00065,85956.25,0.0,-3.879166724,0.233333337,0.118568775,0.9900647736581668,0.091808294116435
2009-11-18,161.2666691,217.5708366,281.3083375,0.0009375,85532.08333,0.0,-2.2416667,1.958333363,0.118600374,0.858085613548362,0.1299988781317792
2009-11-19,160.1875024,228.2458367,281.8458375,0.001258333,85549.58333,0.0,0.125000002,0.220833337,0.118617982,0.6940582921666887,0.1682052351863261
2009-11-20,162.1000024,224.22917,281.8458375,0.0013625,85870.83333,0.0,-1.13333335,-0.125000002,0.118649581,0.6528444643133988,0.1828134784463636
2009-11-21,158.6833357,218.4083366,281.4708375,0.001020833,85518.75,0.0,-0.175000003,2.650000039,0.118681816,0.6952249457330637,0.1399608836145443
2009-11-22,159.604169,218.4166699,280.5500042,0.001545833,85575.0,0.0,-0.250000004,0.137500002,0.118699428,0.4777279771391153,0.2259755145228467
2009-11-23,157.6375023,218.7750033,280.1875042,0.001570833,85597.5,0.0,0.025,-0.24166667,0.118731027,0.4444021707462477,0.2355321545931737
2009-11-24,157.804169,215.8500032,280.2625042,0.001345833,85862.91667,0.0,-2.933333377,-1.37500002,0.118763262,0.5573180643334888,0.2013708419052793
2009-11-25,157.5083357,217.0458366,280.4166708,0.001320833,85945.41667,0.0,-3.708333389,-0.837500012,0.118780871,0.5641099472872562,0.1957179249730234
2009-11-26,152.9916689,219.2333366,281.3750042,0.0013125,86013.33333,0.0,-4.845833406,0.037500001,0.11881247,0.6775134512945862,0.1821857471707683
2009-11-27,149.4500022,242.9666703,281.9041709,0.002041667,85862.91667,0.0,-2.225000033,2.387500036,0.118830082,0.6349767588917401,0.2728242224731107
2009-11-28,142.5708355,252.5791704,281.8500042,0.002766667,85193.75,0.0,1.79583336,5.033333408,0.118861681,0.696689091551303,0.3681855914838317
2009-11-29,103.1583349,269.5708374,279.0541708,0.0035125,85066.25,6.100000091,-0.820833346,1.212500018,0.118893916,7.513085721601484,0.5664274497672077
2009-11-30,116.7208351,265.7458373,279.1083375,0.003795833,85492.08333,0.0,-3.691666722,-1.004166682,0.118911528,6.145464077544475,0.6128532055291068
2009-12-01,150.6541689,236.5625035,278.7833375,0.003166667,85420.0,0.0,0.525000008,-1.13333335,0.118943123,4.86985875894064,0.522612431803782
2009-12-02,147.9875022,228.1250034,278.3625041,0.0031,85141.25,0.0,1.679166692,0.633333343,0.118975358,3.347398745974516,0.5252559341810332
2009-12-03,149.1041689,225.3708367,277.5458375,0.003029167,85124.16667,0.0,2.2166667,0.354166672,0.11899297,2.5250894625683244,0.5436422807242792
2009-12-04,153.9500023,194.3166696,275.2833374,0.001395833,85701.25,0.0,-1.787500027,-2.066666697,0.119024569,2.084447916728791,0.2965541829886114
2009-12-05,137.2208354,206.4125031,274.0375041,0.0010125,85382.5,0.0,-1.82083336,1.887500028,0.119056804,1.7157370903268616,0.2346155750814229
2009-12-06,117.2166684,244.9166703,275.4958374,0.0026625,84979.16667,0.400000006,2.341666702,4.250000063,0.125031062,1.4508295206159123,0.552359185772045
2009-12-07,77.57916782,290.066671,276.7250041,0.0043875,84971.25,15.00000022,0.90416668,4.583333402,0.134437915,29.8111258028624,0.8332863657208838
2009-12-08,141.0916688,274.0666708,276.7166708,0.004445833,84797.5,26.10000039,6.529166764,6.979166771,0.151165173,57.061084523105,0.843140141958778
2009-12-09,139.7666687,218.1208366,274.1791708,0.002879167,85407.5,0.0,0.90416668,1.858333361,0.166248296,12.805839446773224,0.6604881113902432
2009-12-10,123.2291685,225.4125034,273.8916707,0.0025875,85596.66667,0.0,-1.275000019,1.125000017,0.157802366,9.488623377142323,0.6075173022725114
2009-12-11,122.9083352,235.2833368,275.4416708,0.002941667,85547.08333,0.0,-1.125000017,1.162500017,0.149502031,8.19981120294761,0.6167593365691224
2009-12-12,104.7833349,272.9416707,277.2833375,0.003445833,85697.5,0.0,0.170833336,1.391666687,0.140992519,8.113352817480655,0.6342978810004439
2009-12-13,57.08750085,298.0833378,279.6791708,0.005058333,85560.83333,0.600000009,0.43333334,3.629166721,0.134399261,5.103022498689323,0.7854012996662004
2009-12-14,137.037502,291.004171,280.3041708,0.0051,85572.08333,0.800000012,0.437500007,1.150000017,0.128083203,10.983257139479376,0.7583112117082054
2009-12-15,145.5500022,224.0125033,278.8750042,0.0035375,86127.5,0.0,-2.500000037,-1.545833356,0.124817633,5.3974055003276,0.5848744711492281
2009-12-16,117.6458351,251.0208371,278.5541708,0.00275,86285.41667,0.0,-4.075000061,0.087500001,0.12320984,5.073103436966004,0.4658870522331576
2009-12-17,142.9875021,227.2125034,278.6791708,0.002783333,85992.08333,0.0,-3.079166713,-0.575000009,0.121753736,3.473690463424719,0.4658201826829198
2009-12-18,141.6333354,220.7583366,278.5333375,0.002029167,85737.08333,0.0,-2.383333369,-1.841666694,0.120803079,2.8838094404104875,0.3420845078090124
2009-12-19,142.4625021,229.7333368,278.9708375,0.002491667,85801.66667,0.0,-3.37500005,-2.120833365,0.120217361,2.272189240979625,0.4076542708475675
2009-12-20,141.6750021,222.2500033,278.3916708,0.0024625,85874.16667,0.0,-3.545833386,0.070833334,0.119892951,1.6145277799795226,0.4199676935169094
2009-12-21,128.9500019,251.0708371,278.8166708,0.002675,85758.33333,0.0,-1.279166686,1.187500018,0.119686792,1.4457878421287258,0.4421828218686779
2009-12-22,101.6250015,275.7916708,277.7916708,0.002795833,85008.33333,1.800000027,1.825000027,3.966666726,0.119567739,3.517084103199179,0.4924317185913604
2009-12-23,62.16250093,287.3416709,276.2958375,0.0037125,84692.08333,5.40000008,5.079166742,1.729166692,0.278339093,12.934760122469456,0.724681572586031
2009-12-24,144.3333355,214.6791699,273.4750041,0.002741667,85595.0,0.0,0.979166681,-1.950000029,0.284655434,5.56261726640321,0.6636518266360474
2009-12-25,144.5916688,194.7625029,272.6708374,0.001591667,85515.41667,0.0,-1.304166686,-1.875000028,0.250464141,5.621858060109267,0.4084040567845464
2009-12-26,146.2875022,199.812503,273.4958374,0.002004167,85452.08333,0.0,-1.170833351,-1.458333355,0.221847392,3.929590815227552,0.4835817010183817
2009-12-27,144.9125022,213.8125032,273.5333374,0.0016125,85726.66667,0.0,-2.466666703,-0.816666679,0.201162035,4.462849140156263,0.3892550322256755
2009-12-28,129.2958353,228.3416701,274.3750041,0.001495833,85835.41667,0.0,-4.333333398,-0.19166667,0.181871585,4.02071698361734,0.3399795000040413
2009-12-29,63.29583428,273.0458374,275.8083374,0.002470833,85522.5,0.0,-1.54166669,2.220833366,0.170066843,2.149345173963043,0.5043882070790504
2009-12-30,99.22500148,266.7833373,276.3625041,0.003129167,85736.25,0.0,1.675000025,2.016666697,0.153244503,1.8923404078616897,0.6153991807382453
2009-12-31,146.7041689,261.6416706,277.4208375,0.003283333,86007.91667,0.0,0.308333338,-1.412500021,0.151392941,2.566522550610839,0.6006790075779574
2010-01-01,138.5541687,210.7541698,275.6083374,0.001783333,86302.5,0.0,-3.750000056,-1.345833353,0.144652846,1.5959559840452229,0.3726937924516925
2010-01-02,138.8833354,227.1791701,276.8875041,0.001458333,85915.0,0.0,-3.070833379,-0.783333345,0.136199951,1.7128380644641616,0.2768183999466859
2010-01-03,139.5208354,219.1125033,277.9291708,0.001941667,85965.0,0.0,-2.833333376,-2.145833365,0.129068209,1.3722284393631954,0.3424883615824954
2010-01-04,139.9875021,215.9375032,277.4916708,0.001704167,86038.75,0.0,-4.058333394,-1.229166685,0.125773421,1.2786094303923603,0.3103216461241428
2010-01-05,142.5333355,216.4291699,277.4250041,0.002025,86022.91667,0.0,-3.60416672,0.320833338,0.123599518,1.0197836226462282,0.3704246035358006
2010-01-06,137.9291687,224.29167,278.5416708,0.002179167,85780.0,0.0,-2.075000031,0.304166671,0.121917711,0.8670169154313278,0.3673405802703241
2010-01-07,114.695835,256.8166705,278.2916708,0.002325,85621.25,0.0,-1.587500024,-0.108333335,0.12089521,0.8345764036767944,0.398145033167168
2010-01-08,143.6416688,232.9833368,278.1833375,0.0026875,85922.91667,0.0,-3.016666712,-0.725000011,0.120385787,0.7367531036756477,0.4653843499184181
2010-01-09,146.0833355,210.7083365,276.5000041,0.001966667,86147.5,0.0,-3.562500053,-0.212500003,0.120086172,0.6495638997306228,0.3848244867307009
2010-01-10,140.7250021,213.8375032,276.3541708,0.001383333,85992.5,0.0,-3.775000056,-0.112500002,0.119864758,0.6961180170291112,0.2730299049924894
2010-01-11,145.7708355,221.1625033,277.4458375,0.001591667,86070.41667,0.0,-3.558333386,-0.441666673,0.119729175,0.6812018755703766,0.2908871253911
2010-01-12,146.5750022,216.9083366,278.0541708,0.0017125,86245.83333,0.0,-3.883333391,0.429166673,0.11962093,0.6401845242301597,0.300387867741445
2010-01-13,132.875002,249.7625037,279.4625042,0.002004167,85904.16667,0.0,-1.537500023,2.412500036,0.11953621,0.6220770395169328,0.3171900550230048
2010-01-14,145.2500022,260.2458372,279.4333375,0.0032,85473.75,5.40000008,0.44583334,-0.887500013,0.119506166,9.690741043900578,0.5049384444607491
2010-01-15,149.9208356,227.8666701,279.1833375,0.0028625,86053.33333,0.0,-2.654166706,-2.500000037,0.119479938,6.266314114905592,0.4627614030786078
2010-01-16,138.7125021,232.0500035,278.6166708,0.002175,85883.33333,0.0,-2.062500031,-0.066666668,0.119500394,4.3631086258346325,0.3651491244501056
2010-01-17,147.5666689,223.9583367,277.6958375,0.0016,85477.91667,0.0,-0.287500004,2.270833367,0.119523298,3.5565062276499333,0.285294881611492
2010-01-18,68.32916768,278.8333375,277.2750041,0.002766667,85400.41667,6.200000092,0.275000004,2.883333376,0.119550649,17.532275529726114,0.5078143835205798
2010-01-19,146.4625022,288.4625043,279.1791708,0.004875,85161.66667,19.50000029,0.337500005,4.437500066,0.11957864,55.7507638436162,0.7801701196161909
2010-01-20,141.5833354,287.1875043,279.7125042,0.005366667,84653.75,47.1000007,3.262500049,5.600000083,0.120087918,57.55760429027482,0.8225295456172766
2010-01-21,63.70833428,310.7041713,279.6166708,0.005933333,84449.16667,68.00000101,1.720833359,8.595833461,0.191787073,29.607247721921077,0.913261256139786
2010-01-22,105.6958349,305.2291712,277.2750041,0.005229167,84108.75,52.70000079,5.450000081,8.820833465,0.395607,29.93369663387689,0.9452829152840492
2010-01-23,118.6041684,264.7833373,275.3541708,0.0041875,84672.08333,10.20000015,4.970833407,3.875000058,0.631829597,14.369150774447926,0.8744920494224561
2010-01-24,159.7833357,225.6083367,274.6000041,0.003595833,85640.41667,0.0,1.491666689,-1.054166682,0.620892241,0.0080365855111042,0.8021797772229519
2010-01-25,158.5625024,220.4583366,275.1958374,0.003145833,85613.75,0.0,-1.266666686,-1.091666683,0.601675083,1.00186650836488,0.6719083741152992
2010-01-26,159.304169,230.2000034,276.4666708,0.003004167,85428.33333,0.0,-2.958333377,0.595833342,0.583304786,10.146323842742357,0.5843203131385372
2010-01-27,129.6375019,267.3541707,276.6500041,0.0037,85280.41667,5.40000008,-2.558333371,1.295833353,0.533128181,17.30979893605286,0.7090595906743679
2010-01-28,87.85000131,297.0416711,278.4791708,0.005275,85296.66667,3.800000057,1.141666684,1.008333348,0.38692547,13.514079191741484,0.8880890148894384
2010-01-29,161.3666691,270.9416707,278.9541708,0.005545833,85613.75,0.0,0.062500001,-0.600000009,0.305462626,17.474902967566983,0.9064083786393206
2010-01-30,158.9125024,243.095837,278.9375042,0.004583333,85514.16667,0.0,-2.608333372,0.066666668,0.251207471,17.52842599862986,0.7491011805926119
2010-01-31,164.3333358,237.7833369,278.2625041,0.0041125,85390.83333,0.0,-2.150000032,1.495833356,0.198373294,16.93455983737542,0.7037960542977681
2010-02-01,159.3375024,240.6125036,278.1541708,0.004158333,85327.08333,0.0,0.087500001,0.783333345,0.164976272,10.39988025844236,0.7165626097851553
2010-02-02,147.7375022,256.7291705,278.7041708,0.004029167,85324.58333,0.0,-2.604166705,0.583333342,0.148379808,11.526049764333909,0.6679153174685261
2010-02-03,141.2291688,269.187504,279.9875042,0.004145833,84848.75,0.0,-0.133333335,-0.262500004,0.136651537,8.391542894698427,0.6248101403343589
2010-02-04,167.5458358,273.3500041,279.1291708,0.0044875,85201.25,0.0,2.704166707,1.708333359,0.131306523,7.156677833477962,0.7210087735674019
2010-02-05,156.6583357,256.9833372,279.2750042,0.004525,85617.08333,0.0,1.950000029,1.870833361,0.127052516,4.305194806166897,0.7231672919364126
2010-02-06,164.4000024,251.1583371,279.7791708,0.004379167,85502.5,0.0,0.220833337,2.054166697,0.124389238,3.7225929946316536,0.6747684113449525
2010-02-07,140.0000021,291.1000043,278.9083375,0.004670833,85017.5,9.000000134,3.487500052,3.37500005,0.123083352,39.86636513271499,0.7605220172128208
2010-02-08,164.3583358,253.7708371,277.3000041,0.004195833,85096.66667,0.400000006,2.287500034,0.945833347,0.131144459,20.31215375301573,0.7660325295114702
2010-02-09,168.5958358,244.983337,276.6791708,0.003529167,85309.16667,0.0,-0.041666667,1.537500023,0.128439851,14.85650913730898,0.6751412761112041
2010-02-10,127.6083352,260.7958372,277.0166708,0.003341667,85218.75,0.0,0.137500002,2.587500039,0.125130618,10.317005543622264,0.6234039801752299
2010-02-11,181.0875027,245.7250037,277.1750041,0.004491667,85507.5,0.0,2.70000004,0.108333335,0.123352349,7.349070857779001,0.8313580026687974
2010-02-12,183.7000027,234.1750035,277.4583375,0.004016667,85837.91667,0.0,1.516666689,-0.20416667,0.122134837,6.140581569743343,0.7314389494467507
2010-02-13,188.3375028,226.7083367,278.6166708,0.003433333,85823.75,0.0,-1.066666683,-1.79583336,0.121256201,5.008599477156947,0.5760040338428741
2010-02-14,189.5583362,228.8166701,279.9000042,0.002754167,85721.66667,0.0,-1.812500027,-2.716666707,0.120869658,4.62937248562869,0.4219040469343359
2010-02-15,185.3791694,233.1208368,280.2666708,0.002704167,85719.58333,0.0,-2.583333372,-1.425000021,0.120698648,3.692518712948309,0.4038200332672899
2010-02-16,193.2083362,229.2416701,280.1708375,0.002766667,85720.0,0.0,-2.658333373,-1.083333349,0.120703725,2.9739960967829973,0.4159110169934525
2010-02-17,192.4708362,232.4583368,280.2333375,0.002975,85654.58333,0.0,-2.733333374,0.162500002,0.120767656,2.435251150775438,0.4449547190961372
2010-02-18,194.8500029,236.7333369,280.3625042,0.003120833,85430.0,0.0,1.470833355,1.750000026,0.120837309,2.1374800178083384,0.4613924000432569
2010-02-19,193.1333362,238.7458369,280.5708375,0.003475,85250.41667,0.0,2.075000031,2.837500042,0.120930482,1.9003085338901493,0.5053326488940766
2010-02-20,122.3416685,263.1208373,280.6208375,0.004345833,85123.75,8.200000122,2.333333368,4.545833401,0.121183241,28.44667103011099,0.6288516200635451
2010-02-21,112.695835,308.5208379,278.4583375,0.0054625,85233.75,21.00000031,3.050000045,4.270833397,0.127030249,39.91537773729606,0.9203261888822905
2010-02-22,91.06250136,301.2250045,278.4833375,0.005233333,85060.41667,17.60000026,5.33750008,3.316666716,0.136441754,37.211031772371854,0.8783761000382558
2010-02-23,208.9750031,212.9041698,275.5125041,0.002741667,85703.33333,2.500000037,-1.262500019,-2.912500043,0.165142221,42.362959024078094,0.5729408053510815
2010-02-24,147.5541689,240.0250036,276.4833375,0.0023,85892.08333,0.0,-1.570833357,-0.283333338,0.15084437,22.193316597035466,0.4492499316288542
2010-02-25,197.9833363,278.8291708,278.4000041,0.002745833,85591.25,0.0,1.645833358,-0.44583334,0.137398462,33.62926988852263,0.4664721717148627
2010-02-26,208.7875031,230.6833368,279.9208375,0.003358333,85874.16667,0.0,-1.058333349,-1.59166669,0.128849292,18.276802473080505,0.5146238248259715
2010-02-27,180.3250027,256.3000038,280.5708375,0.002883333,85317.5,0.0,-2.558333371,3.025000045,0.125193032,16.01351622608182,0.4196226892985022
2010-02-28,98.41666813,301.7541712,279.9500042,0.005095833,84696.66667,11.80000018,2.550000038,4.837500072,0.194241034,48.20557089151729,0.7686070676344966
2010-03-01,213.3250032,280.7875042,278.5625042,0.005225,85639.58333,0.0,1.187500018,0.487500007,0.27261092,30.22330419002606,0.8780451927612626
2010-03-02,222.3333366,245.6541703,280.8250042,0.004416667,85722.5,0.0,-1.691666692,1.35000002,0.190012799,27.85674748021723,0.6345832467107898
2010-03-03,229.3250034,241.3125036,280.1125042,0.003841667,85452.08333,0.0,0.091666668,1.775000026,0.150736853,21.85806925074292,0.578045743117326
2010-03-04,229.2083367,242.7416703,280.6125042,0.004158333,85264.16667,0.0,1.704166692,3.625000054,0.133245331,15.823768453567068,0.6030598960993181
2010-03-05,235.5708368,234.0708368,279.5041708,0.00395,85398.75,0.0,0.179166669,0.604166676,0.126929688,11.90223863305576,0.619665272808834
2010-03-06,182.8208361,249.8458371,280.8875042,0.003120833,85289.58333,0.0,-2.729166707,2.516666704,0.124571878,7.3672053585285155,0.4442143710553853
2010-03-07,144.3333355,306.8875046,280.0166708,0.005104167,85177.5,21.00000031,0.895833347,4.550000068,0.123374966,64.14639891898366,0.7706556028148154
2010-03-08,106.1000016,301.8666712,277.4166708,0.0050625,85352.08333,12.40000018,2.287500034,2.92916671,0.203245399,30.45271126308228,0.9193835435392524
2010-03-09,178.533336,283.5166709,278.1291708,0.005154167,85242.08333,9.700000145,1.791666693,3.837500057,0.21178741,47.7370351477703,0.8888463784206896
2010-03-10,148.9083356,281.2291709,276.8291708,0.003754167,85013.75,0.400000006,4.825000072,1.937500029,0.218596878,39.9618113758311,0.708074547993757
2010-03-11,237.4958369,259.2833372,277.4708375,0.003579167,85183.33333,0.0,3.154166714,-0.404166673,0.192235623,35.33950428245554,0.6462259941333167
2010-03-12,248.845837,223.90417,277.8000041,0.0031875,85751.25,0.0,0.325000005,-1.12083335,0.162007489,20.010763533239857,0.5659887697107103
2010-03-13,246.3916703,228.9083367,280.4666708,0.003191667,85325.41667,0.0,0.570833342,0.862500013,0.140195216,16.558599931447375,0.4678993282069401
2010-03-14,252.2708371,241.5791703,280.4208375,0.003533333,85092.08333,0.0,3.562500053,0.270833337,0.130144968,12.343132121182794,0.5182130876599198
2010-03-15,254.2833371,245.4375037,280.8666709,0.003308333,85887.08333,0.0,-1.004166682,-1.854166694,0.127221583,9.839307098434723,0.4748838402082835
2010-03-16,256.9291705,239.2833369,282.3750042,0.003270833,86453.33333,0.0,-3.062500046,-0.995833348,0.12529647,7.533288084126494,0.4261570971562057
2010-03-17,249.6625037,238.2000035,283.4750042,0.0029875,86151.66667,0.0,-3.341666716,-0.295833338,0.124234668,6.430411904871578,0.3599881950594283
2010-03-18,262.3583372,240.3625036,284.2041709,0.002854167,85553.33333,0.0,-2.312500034,2.345833368,0.123865237,6.00622744223398,0.3251668045887005
2010-03-19,223.9500033,257.7541705,283.2458376,0.003525,85202.5,0.0,3.59166672,1.533333356,0.123799707,4.5136609675863655,0.4266354326271268
2010-03-20,268.3708373,225.8250034,282.3125042,0.002770833,85885.41667,0.0,-0.312500005,-3.545833386,0.123835266,4.265317491652498,0.3601718512014837
2010-03-21,271.1916707,213.8083365,281.0375042,0.001841667,86154.16667,0.0,-1.354166687,-1.833333361,0.123899439,3.592422912918071,0.262072894999711
2010-03-22,254.2583371,238.4083369,282.6833375,0.002008333,85649.58333,0.0,-0.483333341,0.575000009,0.123962973,3.670157283281275,0.2538492291692588
2010-03-23,179.0250027,285.8250043,281.6833375,0.004075,85402.91667,8.800000131,2.029166697,1.462500022,0.124028417,37.80683853864056,0.5498701338230257
2010-03-24,272.6625041,235.8125035,280.0083375,0.004129167,85594.58333,0.0,0.991666681,-1.154166684,0.124093859,25.68505141593254,0.6268603213959769
2010-03-25,273.8208374,227.8625034,281.9708375,0.002566667,85761.66667,0.0,-0.537500008,1.179166684,0.124159299,20.012649279050557,0.3410160566575097
2010-03-26,275.3458374,230.1333368,282.1708375,0.0027125,85349.58333,0.0,4.4458334,2.704166707,0.124238731,15.06076004090678,0.3537926672505131
2010-03-27,278.8333375,231.0416701,281.8166709,0.0027875,85763.75,0.0,1.537500023,-2.841666709,0.124304172,10.73877650584838,0.3742930739389922
2010-03-28,283.4416709,221.9750033,282.3125042,0.0021875,86230.83333,0.0,-3.475000052,-2.112500031,0.124368981,9.740675991845702,0.2854898251120372
2010-03-29,282.9333375,226.62917,283.6833376,0.002025,85849.16667,0.0,-2.420833369,-0.133333335,0.124448409,8.595690887554802,0.239757131544978
2010-03-30,281.0041709,234.8458368,285.0750042,0.0020375,85325.0,0.0,1.09583335,2.683333373,0.124513854,8.591705718116419,0.2184026586510034
2010-03-31,278.2541708,248.058337,285.8833376,0.002583333,85162.08333,0.0,2.804166708,5.308333412,0.124578659,9.789941916513454,0.2619265865016132
2010-04-01,222.89167,277.7500041,282.6250042,0.003854167,84880.83333,0.0,4.816666738,4.94166674,0.124643464,6.39453143454071,0.4847052088268588
2010-04-02,294.6375044,231.9458368,280.2958375,0.003133333,85470.83333,0.0,2.658333373,0.354166672,0.124708273,4.394755158134568,0.4656081436077231
2010-04-03,295.3208377,237.7875035,281.3416709,0.002504167,85415.0,0.0,0.695833344,1.616666691,0.124787701,4.275629935493566,0.3459725069952385
2010-04-04,296.4125044,248.383337,284.2291709,0.003170833,85352.5,0.0,1.400000021,3.720833389,0.124853146,4.760601276844865,0.3597911955017618
2010-04-05,297.1375044,252.3875038,285.0541709,0.003433333,85373.75,0.0,3.645833388,4.704166737,0.124917951,5.04031299690076,0.3687462558932604
2010-04-06,304.5625045,245.570837,284.2791709,0.003916667,85487.91667,0.0,3.59166672,-0.037500001,0.124997379,3.4008101140503246,0.4436339736736307
2010-04-07,309.4750046,225.85417,284.1625042,0.0023,85697.5,0.0,-1.637500024,-3.800000057,0.125062824,3.3900680619115597,0.2632092562527248
2010-04-08,309.9000046,228.1208367,284.6000042,0.001945833,85661.25,0.0,-3.679166721,0.195833336,0.125142252,3.2889424200404997,0.2161499333018053
2010-04-09,311.5666713,235.7583368,286.0791709,0.002029167,85351.25,0.0,0.783333345,2.404166702,0.125207697,3.012951117583808,0.2035405841048157
2010-04-10,304.1583379,238.8041702,286.3458376,0.0021125,85578.75,0.0,1.058333349,3.925000058,0.125273686,3.402169456607207,0.208753813588802
2010-04-11,306.1666712,261.4333372,286.8958376,0.0030375,85762.08333,0.0,1.154166684,4.437500066,0.125343626,3.535321075556336,0.290103921516158
2010-04-12,305.8708379,261.1666706,287.3291709,0.003833333,85401.66667,0.0,2.145833365,5.291666746,0.125411293,3.6400312311853167,0.3543565342173615
2010-04-13,312.8791713,261.9625039,286.5625043,0.005120833,85242.08333,0.0,3.083333379,3.14583338,0.125480938,2.8147363943669035,0.4968915035952572
2010-04-14,315.708338,245.833337,285.5250043,0.003229167,85411.66667,0.0,-0.22916667,1.320833353,0.12555013,2.287335596170014,0.3362672131215071
2010-04-15,314.3791714,255.0041705,287.2375043,0.002908333,85704.58333,0.0,-0.595833342,0.508333341,0.125609669,2.4570479832040224,0.2714272737182048
2010-04-16,271.3791707,278.1625041,288.7208376,0.00265,85752.91667,0.0,-0.104166668,1.35000002,0.125685732,2.325725821017791,0.2246649311001337
2010-04-17,311.0500046,277.8833375,288.0125043,0.003608333,85535.83333,0.0,0.68750001,0.129166669,0.125762989,2.7999229795460883,0.3195013299858716
2010-04-18,306.6208379,265.950004,289.191671,0.003125,85532.91667,0.0,0.67500001,1.154166684,0.125843839,2.6133258966170088,0.2563343502305628
2010-04-19,202.1916697,313.6250047,288.241671,0.0034375,85615.83333,0.0,2.262500034,1.916666695,0.125912521,2.5583458080887254,0.3001505432756669
2010-04-20,309.8500046,284.8833376,288.8875043,0.004433333,85601.25,0.0,0.912500014,3.091666713,0.125993263,3.30062173573506,0.3711647571390399
2010-04-21,181.083336,324.5416715,289.6000043,0.006741666,84962.08333,0.0,3.191666714,5.937500088,0.126056592,3.163227765673674,0.5350486526812577
2010-04-22,228.2791701,306.9958379,281.8541709,0.003858333,84818.33333,0.900000013,4.250000063,2.945833377,0.12614454,3.222789177602486,0.5110551273391515
2010-04-23,291.141671,272.2041707,280.4666708,0.003920833,85024.58333,0.0,3.33750005,0.425000006,0.126207025,2.8181029831947053,0.5727687139835418
2010-04-24,311.145838,292.5208377,284.1041709,0.003904167,85602.91667,0.0,4.733333404,0.129166669,0.126285401,3.853827733732025,0.4480476449146176
2010-04-25,328.4208382,253.2208371,286.4083376,0.003225,85649.58333,0.0,2.762500041,-0.383333339,0.126356817,3.432894167542654,0.317640422647697
2010-04-26,325.5125049,262.0583372,288.191671,0.002833333,85452.5,0.0,2.054166697,-0.716666677,0.126431826,3.3945335226376003,0.2477288507411055
2010-04-27,326.5500049,275.4333374,290.229171,0.0032,85370.83333,0.0,3.229166715,1.208333351,0.126507304,3.810054221778095,0.2450938350041535
2010-04-28,324.8208382,279.5875042,291.4375043,0.003841667,85358.33333,0.0,4.733333404,3.754166723,0.126581,4.552886568054046,0.2724073021139815
2010-04-29,319.9291714,273.2083374,288.3625043,0.004391667,84701.25,0.0,7.662500114,5.695833418,0.12665415,4.691004260752497,0.3764019769455843
2010-04-30,298.0083378,263.9000039,282.1416709,0.002658333,84825.83333,0.0,4.604166735,-1.262500019,0.126728547,2.5887814514901764,0.345286837028868
2010-05-01,308.3541713,267.3166706,281.3541709,0.0020125,85009.58333,0.0,4.150000062,-0.083333335,0.126798823,2.4796430966159435,0.2764870734959273
2010-05-02,220.1791699,288.666671,283.3958376,0.002870833,84988.75,0.100000001,5.695833418,1.779166693,0.126872604,2.518960725888096,0.3430908300881931
2010-05-03,332.925005,251.1625037,283.5791709,0.002675,85936.25,0.0,0.450000007,-2.220833366,0.126950578,2.122457091189735,0.3192731789156194
2010-05-04,349.4041719,248.8041704,286.3958376,0.002316667,85947.08333,0.0,1.020833349,0.250000004,0.12702211,2.2830396211984736,0.2291572856487513
2010-05-05,349.8125052,258.6875039,289.479171,0.0024,85513.75,0.0,2.02500003,2.595833372,0.127097171,2.788068754147097,0.1932076829535931
2010-05-06,347.9000052,268.1791707,290.5500043,0.002966667,85453.75,0.0,3.970833393,4.250000063,0.127172347,3.517414818161486,0.2228272018233377
2010-05-07,347.3625052,271.2666707,289.8583377,0.0029875,85580.0,0.0,1.745833359,1.408333354,0.127247512,2.370895475603221,0.2348949039812372
2010-05-08,345.3916718,270.5666707,291.1333377,0.002654167,85603.75,0.0,1.691666692,3.575000053,0.127308065,2.816568012339996,0.1924228987950057
2010-05-09,351.2666719,269.9583374,290.7833377,0.002895833,85493.33333,0.0,3.079166713,4.666666736,0.127397223,3.1929877583574053,0.2143937457873202
2010-05-10,355.2208386,257.6833372,289.366671,0.002954167,85582.91667,0.0,4.966666741,4.4458334,0.127458409,3.201645743382601,0.239742866768066
2010-05-11,355.4208386,252.2208371,286.5083376,0.0027375,85382.5,0.0,4.920833407,4.783333405,0.127547572,2.8831696463888736,0.2670177313623732
2010-05-12,352.5500053,245.2916703,284.2583376,0.002633333,85303.75,0.0,3.425000051,0.150000002,0.127608729,1.844057557635888,0.2980468520958948
2010-05-13,336.4708383,264.0916706,286.2583376,0.002808333,85520.83333,0.0,-0.033333334,0.408333339,0.127683253,1.791236471396764,0.2789338087356238
2010-05-14,344.3958385,280.0500042,288.379171,0.002633333,85470.0,0.0,1.716666692,1.37500002,0.127758405,1.8503876236609376,0.2275003752645978
2010-05-15,353.5541719,269.6541707,289.4875043,0.002758333,85622.08333,0.0,1.400000021,0.129166669,0.127833581,1.6792315512024834,0.2222167199455791
2010-05-16,353.7708386,273.8041707,290.1250043,0.002741667,85707.5,0.0,0.112500002,1.083333349,0.127872334,1.6349032321416248,0.2122278553340728
2010-05-17,343.5708385,272.3916707,291.0750043,0.002916667,85529.58333,0.0,1.10833335,4.720833404,0.127894874,2.3537150732151275,0.2120551597747017
2010-05-18,342.4250051,285.0083376,290.879171,0.004141667,85510.0,0.0,3.758333389,4.383333399,0.127916838,2.382827681921508,0.304823096492732
2010-05-19,357.6000053,273.8500041,288.7750043,0.003679167,85529.16667,0.0,2.695833374,-0.004166667,0.127953476,1.6352224234961894,0.3100139202321734
2010-05-20,359.4000054,274.6916708,290.4625043,0.003141667,85553.33333,0.0,1.80833336,0.120833335,0.127976146,1.508111392917661,0.2375700331236422
2010-05-21,357.4125053,283.1541709,292.4958377,0.003370833,85357.91667,0.0,2.2291667,3.516666719,0.128012824,2.043347113615957,0.2235748052883209
2010-05-22,359.7250054,283.7791709,293.2833377,0.003683333,85145.83333,0.0,4.070833394,5.025000075,0.128035428,2.539488963548081,0.2319608221936521
2010-05-23,359.5458387,272.7958374,289.7875043,0.003533333,84992.5,0.0,3.779166723,6.358333428,0.128072031,2.3873961106446067,0.2771617879271798
2010-05-24,366.8375055,244.683337,285.1375042,0.002683333,85374.16667,0.0,2.887500043,2.125000032,0.128094635,1.3776882775998065,0.2865996659395221
2010-05-25,365.5125054,250.7000037,286.3875043,0.0022,85585.41667,0.0,0.91666668,0.641666676,0.12813118,0.9961622676151272,0.2168203949308075
2010-05-26,362.2791721,259.7583372,288.7625043,0.00225,85541.66667,0.0,1.09583335,1.525000023,0.128153779,1.1666009429311348,0.1897706721037473
2010-05-27,359.366672,269.2041707,290.8750043,0.002525,85537.5,0.0,1.329166686,2.304166701,0.128175717,3.583466730955545,0.1859468916890464
2010-05-28,357.5958387,279.3666708,291.9500044,0.003120833,85510.0,0.0,1.82083336,2.583333372,0.128212325,3.738077242254697,0.214615788409279
2010-05-29,363.1666721,279.2666708,291.5250043,0.003395833,85429.58333,0.0,2.520833371,1.516666689,0.128235003,3.746366969512107,0.2396624467919827
2010-05-30,368.8083388,264.9458373,291.254171,0.002433333,85544.16667,0.0,2.01250003,0.762500011,0.128271626,3.869339054596418,0.1749424404422695
2010-05-31,367.0125055,268.475004,291.3375043,0.0021875,85586.66667,0.0,2.041666697,1.179166684,0.128294238,3.9517816526973575,0.1565168111148019
2010-06-01,351.5416719,280.7916709,291.629171,0.002879167,85712.91667,0.0,2.995833378,2.745833374,0.128330803,3.876065825055056,0.2025323139329535
2010-06-02,350.3541719,283.3208376,291.8375043,0.0032125,85632.5,0.0,2.954166711,2.337500035,0.128353426,3.877081281865979,0.2228135629440067
2010-06-03,349.8416719,290.016671,292.4083377,0.003466667,85620.83333,0.0,3.150000047,1.33750002,0.128390007,3.799799729458208,0.2319117974882701
2010-06-04,348.7500052,301.1833378,294.0750044,0.003691667,85583.33333,0.0,3.279166716,0.729166678,0.128412146,3.9102482290369767,0.2224382358428891
2010-06-05,347.5125052,319.2416714,296.8333378,0.004466667,85816.25,0.0,3.862500058,0.300000004,0.128432529,4.1296785227601225,0.2278059158828517
2010-06-06,347.7166718,327.7625049,298.4291711,0.005104167,85891.25,0.0,3.750000056,0.745833344,0.128467485,4.1422911117855525,0.2366040130449039
2010-06-07,351.1416719,318.2000047,298.1416711,0.004716667,85869.16667,0.0,3.154166714,1.458333355,0.12850308,3.8973493185145607,0.2223949731028441
2010-06-08,353.8500053,308.2416713,297.5125044,0.004283333,85699.58333,0.0,2.912500043,2.308333368,0.128524049,3.61793138878081,0.2093597038793077
2010-06-09,351.6500052,315.3416714,297.2458378,0.005029167,85762.08333,0.0,2.900000043,2.45833337,0.128559004,3.362470228709157,0.2499959083475978
2010-06-10,326.5666715,321.5000048,296.8750044,0.005483333,85466.66667,0.0,3.100000046,4.375000065,0.128579976,3.011296779511217,0.2778137223610073
2010-06-11,340.5000051,310.2541713,295.4875044,0.0054,85180.83333,0.0,2.233333367,5.687500085,0.128614932,2.874430032237255,0.2967938404063551
2010-06-12,353.0916719,295.7416711,292.591671,0.004983333,85257.91667,0.0,2.533333371,5.008333408,0.1286359,2.520736479414802,0.328156724119197
2010-06-13,346.0041718,296.2666711,291.0375043,0.004683333,85732.91667,0.0,3.087500046,1.091666683,0.12867086,2.397352180396504,0.3421240599084449
2010-06-14,352.9833386,299.1750045,292.8000044,0.004325,85767.5,0.0,1.483333355,-1.454166688,0.128691828,2.86038808518179,0.282785560504102
2010-06-15,357.3750053,291.2875043,294.7958377,0.003229167,85630.0,0.0,1.12083335,0.729166678,0.128726784,3.3100286859460275,0.1861795438678347
2010-06-16,356.166672,297.2291711,295.6166711,0.003566667,85509.16667,0.0,2.975000044,4.408333399,0.128846943,2.989966578211212,0.1952321435008013
2010-06-17,358.5333387,292.579171,295.2291711,0.003595833,85578.33333,0.0,1.754166693,3.175000047,0.128956156,2.899961434098775,0.2017340570681796
2010-06-18,355.8625053,294.4333377,295.5291711,0.003354167,85620.0,0.0,1.891666695,3.141666713,0.12907936,2.933900258936843,0.1848281313794108
2010-06-19,358.541672,285.0500042,295.3666711,0.002725,85805.83333,0.0,2.175000032,3.862500058,0.129188573,3.4791022122675805,0.1519940864078285
2010-06-20,360.1458387,287.1083376,295.5500044,0.002579167,85850.0,0.0,2.116666698,3.379166717,0.129326397,4.0927484620618255,0.1423221612969364
2010-06-21,356.329172,292.954171,295.6375044,0.002679167,85731.25,0.0,2.450000037,3.983333393,0.129436245,4.6518439926114805,0.1468452834919647
2010-06-22,359.9208387,287.6250043,295.2500044,0.002883333,85796.66667,0.0,2.03750003,2.962500044,0.129559446,5.066389106650406,0.1619662064785722
2010-06-23,359.9250054,284.7708376,295.6833377,0.002245833,85811.25,0.0,1.483333355,0.920833347,0.129668659,6.215647380959739,0.1228632527334069
2010-06-24,313.083338,304.0208379,298.0166711,0.0017875,85800.0,0.0,1.266666686,0.712500011,0.129791863,6.7378236787711945,0.084850360787454
2010-06-25,259.3791705,351.4916719,298.4333378,0.003758333,85813.33333,0.0,0.970833348,2.262500034,0.129901076,6.740240792971648,0.1740162082508848
2010-06-26,352.5541719,312.1791713,297.4000044,0.003691667,85655.41667,0.0,2.300000034,3.037500045,0.130024276,7.678970452083662,0.1815787649465663
2010-06-27,356.7875053,297.5625044,296.4375044,0.003216667,85444.16667,0.0,0.87916668,1.454166688,0.130148112,7.733937392629829,0.1673262563551301
2010-06-28,353.7083386,302.1958378,297.5166711,0.002795833,85430.83333,0.0,1.766666693,1.054166682,0.130271949,7.304426225373875,0.1361911894721581
2010-06-29,344.6166718,330.1291716,298.7791711,0.004095833,85682.08333,0.0,-0.325000005,1.850000028,0.130381162,7.381762304532635,0.1854672728049688
2010-06-30,342.3458384,341.3458384,299.6875045,0.005175,85736.66667,0.200000003,-1.825000027,1.483333355,0.130504365,7.1243676566770056,0.2221131157294091
2010-07-01,314.833338,357.104172,299.3125045,0.0065375,85760.83333,0.0,-2.920833377,2.137500032,0.130628202,5.663920768460871,0.2870090614711777
2010-07-02,308.8541713,375.0000056,299.9500045,0.006241667,85505.0,0.300000004,-0.225000003,4.100000061,0.130737415,5.925295752785877,0.2630373788139031
2010-07-03,329.0791716,336.625005,300.4000045,0.004983333,85281.66667,0.0,4.108333395,3.920833392,0.130860615,5.230026438076307,0.2039498596650557
2010-07-04,331.5666716,320.8750048,297.6625044,0.0059125,85559.58333,0.0,3.087500046,3.187500047,0.130969828,3.982033328570814,0.2859144577710134
2010-07-05,330.4041716,322.3375048,296.9500044,0.0054125,85705.0,0.0,3.179166714,0.629166676,0.131093029,4.000689674843107,0.2737398412730608
2010-07-06,332.3666716,313.2500047,297.4750044,0.004166667,85598.75,0.0,3.079166713,0.858333346,0.131216865,4.031306995324909,0.2038794865904696
2010-07-07,307.6250046,322.6583381,298.1791711,0.003975,85531.25,0.0,1.170833351,1.32500002,0.131340704,4.254769915348466,0.1862664806503772
2010-07-08,321.5833381,351.0958386,298.6333378,0.005133333,85685.41667,0.0,-0.437500007,1.195833351,0.131449918,5.072401929253186,0.2344960938116027
2010-07-09,314.5791714,359.6833387,301.1250045,0.006629166,85702.91667,0.0,-1.366666687,2.2166667,0.131573118,4.373346904531832,0.2612357717179303
2010-07-10,264.3708373,377.408339,299.7166711,0.0075875,85753.75,0.500000007,-1.662500025,-0.045833334,0.131682331,5.0863853001114325,0.3251591508687905
2010-07-11,269.337504,372.7291722,299.9583378,0.007854166,85629.16667,0.600000009,2.850000042,0.495833341,0.131805531,5.54784667810411,0.3313083618486602
2010-07-12,309.895838,375.4541723,299.1375045,0.0094875,85694.16667,0.0,4.191666729,1.137500017,0.131929367,4.5607025791843485,0.4205649136651707
2010-07-13,316.6708381,370.7916722,300.5541711,0.008754166,85684.58333,0.0,4.354166732,0.733333344,0.132053207,4.728261963396106,0.3567040249982924
2010-07-14,315.245838,376.7833389,301.6916712,0.008470833,85660.0,0.0,3.716666722,0.412500006,0.13216242,5.035766318610905,0.3227297345497912
2010-07-15,292.479171,381.6875057,302.0916712,0.0082875,85830.41667,0.100000001,2.954166711,0.529166675,0.132285621,5.216165497191335,0.3090590330544758
2010-07-16,303.0750045,388.0083391,302.0625045,0.008070833,85875.41667,2.500000037,3.154166714,0.741666678,0.132099221,17.802530156320067,0.3016501580503865
2010-07-17,264.2541706,383.9541724,299.8625045,0.0086625,85852.08333,23.10000034,3.800000057,0.308333338,0.13188471,190.87524424306585,0.3684471844573696
2010-07-18,312.0166713,380.9166723,300.9875045,0.0091875,85757.91667,0.0,4.316666731,0.358333339,0.131684187,51.03238044001343,0.3652277061359582
2010-07-19,296.5041711,390.6666725,301.3833378,0.0098875,85657.5,0.100000001,4.525000067,0.633333343,0.131484299,18.89653251795423,0.383564041604738
2010-07-20,303.4166712,381.258339,301.1916712,0.009066666,85622.5,0.500000007,3.60416672,0.383333339,0.131284411,14.79130015729411,0.3555586377993357
2010-07-21,306.0958379,372.8500056,300.3083378,0.008475,85672.5,0.200000003,3.112500046,1.966666696,0.131084523,9.819664367882098,0.3503354996667874
2010-07-22,258.3833372,367.4500055,295.7291711,0.007683333,85723.33333,11.90000018,2.562500038,0.91666668,0.130870012,116.77731487217623,0.4187248335309214
2010-07-23,257.3375038,363.2791721,294.7500044,0.00835,85698.33333,3.900000058,2.47083337,-0.033333334,0.130669492,87.51272937266693,0.4831739687664118
2010-07-24,275.3500041,361.5208387,296.0375044,0.008183333,85717.91667,2.00000003,1.179166684,0.408333339,0.130469604,60.92120055755702,0.4376064700949368
2010-07-25,268.4208373,359.341672,296.2041711,0.007204166,85755.41667,2.70000004,0.370833339,0.975000015,0.130273728,54.508762112747206,0.3815082114861224
2010-07-26,210.8416698,382.6500057,298.2583378,0.008204166,85638.33333,9.100000136,1.662500025,2.03750003,0.130062878,112.49652002756709,0.3830963149346394
2010-07-27,288.7583376,384.9875057,298.7416711,0.0095375,85600.0,4.800000072,2.579166705,1.045833349,0.129866001,130.48588432869423,0.4324327719466232
2010-07-28,289.4875043,381.633339,298.1250044,0.01055,85760.0,0.400000006,2.529166704,0.983333348,0.12966974,59.75836424831246,0.4973077966626565
2010-07-29,280.7916709,388.3958391,297.5541711,0.011633333,85905.83333,7.600000113,2.033333364,1.370833354,0.129458871,104.02290277868066,0.5685458631723019
2010-07-30,254.6916705,373.4750056,295.0583377,0.0102625,86001.25,3.300000049,3.025000045,1.100000016,0.129247364,78.07154480896345,0.584712118873521
2010-07-31,229.2541701,375.1916723,294.8458377,0.0108375,85834.58333,10.20000015,3.616666721,0.954166681,0.129050475,134.8140546163112,0.6244052079531831
2010-08-01,132.6333353,393.0625059,294.1375044,0.013229166,85927.08333,14.00000021,0.062500001,1.254166685,0.128854253,62.542758222674586,0.7972149194973452
2010-08-02,297.5625044,377.770839,295.4416711,0.010854166,86009.58333,0.0,-0.037500001,1.279166686,0.128657973,86.81714526085625,0.6040670307709103
2010-08-03,286.8083376,360.5875054,298.1666711,0.009158333,85978.75,0.0,1.154166684,1.79583336,0.128447109,50.106307898246,0.4317246686783416
2010-08-04,307.0000046,351.4750052,299.0500045,0.007208333,85911.25,0.0,1.600000024,1.750000026,0.128235611,27.85571810772528,0.3220213594077442
2010-08-05,286.9833376,355.241672,299.9875045,0.007258333,85731.25,0.0,1.966666696,1.995833363,0.128038727,15.062026971928454,0.306009632837909
2010-08-06,274.1375041,356.6708386,300.2291711,0.0070625,85620.83333,0.0,2.03750003,2.375000035,0.12784248,9.951125912699284,0.2931407863557975
2010-08-07,154.404169,378.708339,298.8791711,0.009320833,85643.75,0.0,2.858333376,1.36250002,0.12763159,4.844605542575095,0.4193591390078473
2010-08-08,260.5708372,375.7208389,295.0416711,0.010175,85745.41667,7.500000112,0.666666677,2.825000042,0.127434721,70.50378748111063,0.5785961001293982
2010-08-09,302.2750045,347.2375052,296.4333378,0.008125,85734.58333,0.0,2.058333364,2.500000037,0.127238438,34.46905614465654,0.4241947564084348
2010-08-10,303.0083378,346.0875052,297.6416711,0.007575,85760.0,0.0,2.262500034,2.175000032,0.127027601,18.464764424670584,0.3676293193772956
2010-08-11,299.4208378,356.091672,298.9625045,0.007783333,85783.33333,0.0,2.795833375,2.041666697,0.126830723,14.757430720341558,0.3490114352122592
2010-08-12,298.3625044,365.5250054,299.9625045,0.008545833,85678.75,0.0,2.733333374,2.420833369,0.126619835,11.707852033432388,0.3606041759660384
2010-08-13,300.3875045,347.1416718,299.9291711,0.005770833,85544.16667,0.0,3.341666716,1.36250002,0.126422935,10.127192638658492,0.243607821369745
2010-08-14,298.7708378,345.8625052,299.3125045,0.005329167,85585.41667,0.0,2.737500041,0.491666674,0.126226672,8.86699612325611,0.2334823272803429
2010-08-15,293.616671,365.6166721,300.1166711,0.0076125,85743.33333,0.0,2.729166707,0.287500004,0.126015811,8.151752200197185,0.3185374027095674
2010-08-16,284.1666709,375.2291723,299.1458378,0.0089,85833.33333,8.900000133,2.158333365,1.283333352,0.125886551,90.22409712348065,0.3949661550237047
2010-08-17,262.6375039,374.7875056,298.6500045,0.0093625,85912.91667,0.100000001,1.09583335,0.770833345,0.125775505,32.4416609621461,0.4283963025590558
2010-08-18,276.5000041,372.2333389,298.0500044,0.0097375,85909.58333,1.700000025,2.03750003,1.425000021,0.125665053,34.24490506667457,0.4618890915882153
2010-08-19,289.204171,357.654172,297.8041711,0.008391666,85737.91667,0.0,2.233333367,0.450000007,0.125539986,18.159258102334707,0.403184673087083
2010-08-20,288.8708376,367.6416721,300.1041711,0.009104166,85498.75,0.0,3.15833338,0.962500014,0.12541429,15.138451303055536,0.3801495276222471
2010-08-21,279.4125042,367.1833388,300.1125045,0.008883333,85585.41667,0.400000006,2.729166707,0.004166667,0.125303155,13.904515561755591,0.371121166490706
2010-08-22,271.0916707,378.1041723,297.0750044,0.009645833,85687.91667,18.00000027,1.141666684,0.775000012,0.125178059,133.34470601828556,0.4840592564511269
2010-08-23,282.7083375,368.8166722,297.7708378,0.010004166,85817.91667,0.0,1.79583336,0.237500004,0.125052365,63.84638881754639,0.4820755799532081
2010-08-24,248.3875037,355.466672,297.8625044,0.00735,85877.08333,9.500000142,-0.558333342,-0.804166679,0.124941348,87.72422727292741,0.3524679626062617
2010-08-25,268.7541707,353.8833386,297.8000044,0.007695833,86025.41667,0.0,-4.583333402,1.366666687,0.124816334,100.75556903175676,0.3710859218332758
2010-08-26,280.9583375,355.779172,297.8625044,0.0086875,86089.16667,0.0,-3.979166726,1.870833361,0.124705288,32.46139690169404,0.4176364011008338
2010-08-27,271.712504,355.1458386,296.7208378,0.008429166,85753.33333,1.200000018,-1.400000021,2.02500003,0.124594898,26.28418740805778,0.4325319056763803
2010-08-28,235.8291702,362.1416721,295.1791711,0.008970833,85417.91667,0.500000007,1.333333353,3.283333382,0.12446984,15.586180637695708,0.5038880529914144
2010-08-29,248.6375037,362.5166721,294.9541711,0.009779166,85365.41667,7.40000011,2.091666698,5.745833419,0.124344113,98.6271293413306,0.5566169757292592
2010-08-30,263.4708373,345.5833385,294.6708377,0.0089625,85482.08333,0.200000003,2.104166698,5.520833416,0.12423305,32.61540139990579,0.5198440526473745
2010-08-31,278.0916708,331.8875049,294.2083377,0.007858333,85854.58333,0.0,1.412500021,2.883333376,0.12410799,17.518294321098303,0.4710839368267784
2010-09-01,285.7208376,330.9750049,295.1041711,0.0076625,85847.08333,0.0,1.35000002,0.425000006,0.123996895,13.381163856737338,0.4345642173891699
2010-09-02,289.7125043,309.4625046,296.4458378,0.004941667,85691.25,0.0,0.533333341,-0.491666674,0.123871833,13.230079070669492,0.2576706233338
2010-09-03,285.6541709,307.5416712,297.0666711,0.0033,85835.83333,0.0,0.258333337,0.570833342,0.123760774,10.72838750428948,0.1659744828122261
2010-09-04,278.0958375,338.8166717,297.9041711,0.0059375,86038.33333,0.0,-1.904166695,1.875000028,0.123635693,8.304053474298609,0.2845507356731408
2010-09-05,278.3291708,336.0541717,298.6708378,0.0058625,85736.25,0.0,0.166666669,2.158333365,0.123524634,7.561852396719832,0.2673625267863184
2010-09-06,258.4125039,354.891672,298.6125044,0.008295833,85465.41667,0.500000007,2.820833375,1.54166669,0.123399598,7.67456674840596,0.3784618063468165
2010-09-07,246.695837,369.6333388,298.0916711,0.009354166,85568.33333,0.200000003,2.754166708,1.779166693,0.123288522,7.124701407797792,0.4408363657583441
2010-09-08,269.7583374,359.191672,297.7916711,0.008879166,85527.08333,0.0,2.47083337,3.816666724,0.123163461,6.762591271433742,0.4258790002129855
2010-09-09,274.0333374,317.5791714,294.4458377,0.006654166,85458.33333,0.0,2.512500037,5.141666743,0.123037787,5.715216878551099,0.3912560037014397
2010-09-10,279.9916708,292.2125044,291.929171,0.004754167,85722.5,0.0,2.058333364,2.70000004,0.12292671,4.7728032659586965,0.3281819585327715
2010-09-11,284.3416709,266.7291706,291.1708377,0.002908333,85883.33333,0.0,-0.0125,0.483333341,0.122801673,5.189036157381022,0.2110348512001201
2010-09-12,274.1625041,280.2625042,293.7083377,0.002654167,85925.0,0.0,-0.537500008,1.112500017,0.122690591,4.575175591677098,0.1642655396862726
2010-09-13,270.450004,311.5416713,294.4125044,0.003058333,85909.16667,0.0,1.54166669,1.275000019,0.122565554,4.941020364420536,0.1811480113152238
2010-09-14,268.4041707,310.370838,295.7041711,0.00355,85916.25,0.0,2.933333377,1.112500017,0.122454513,4.963490844506442,0.1942000095787401
2010-09-15,265.750004,322.4708381,296.4416711,0.004875,85915.0,0.0,2.379166702,0.908333347,0.122329456,4.676466749441952,0.2549229148209246
2010-09-16,263.6500039,331.2708383,297.8416711,0.006520833,85792.5,0.0,1.454166688,0.66250001,0.122315865,4.531920498041028,0.3127901115354584
2010-09-17,268.562504,303.1708379,297.4500044,0.004491667,85717.5,0.0,1.025000015,0.562500008,0.122307184,4.089473038415979,0.2204200181368604
2010-09-18,267.7666707,296.0000044,297.0833378,0.003183333,85762.5,0.0,0.750000011,0.529166675,0.122298522,3.8870391424842574,0.159808241397937
2010-09-19,256.5041705,325.1791715,297.9625044,0.004420833,85674.58333,0.0,-1.237500018,0.945833347,0.122275248,4.062518529577774,0.2102294279247528
2010-09-20,252.1875038,352.1375052,298.7500045,0.0069125,85342.91667,0.0,-0.779166678,3.304166716,0.12226592,4.26595899632953,0.312317385119731
2010-09-21,250.6000037,343.1791718,297.5375044,0.007170833,85280.41667,0.0,2.758333374,2.2541667,0.12225723,3.833106577913048,0.3482531972414991
2010-09-22,141.8750021,363.0750054,292.7458377,0.009245833,85209.58333,74.30000111,2.212500033,3.333333383,0.122248559,99.6249034674464,0.6026405147613627
2010-09-23,246.7541703,334.875005,292.216671,0.0094875,85496.66667,0.800000012,-0.295833338,3.254166715,0.122239862,41.06507113056755,0.6414635671545228
2010-09-24,250.1250037,305.9625046,292.829171,0.0062,85870.0,0.0,-1.062500016,-0.533333341,0.122231203,22.667156484260023,0.4051233690323595
2010-09-25,248.508337,309.4916713,294.1750044,0.0054875,85912.91667,0.0,-2.595833372,-1.900000028,0.122207846,16.369680949511903,0.3298643368752693
2010-09-26,244.9625037,321.1458381,294.8500044,0.005795833,85837.91667,0.0,-3.329166716,-0.44583334,0.122198512,11.66758799313018,0.3338554395159962
2010-09-27,245.0250037,316.7125047,295.1416711,0.005591667,85826.25,0.0,-2.487500037,-0.162500002,0.12219032,8.73118048635868,0.3163125435454084
2010-09-28,249.2250037,298.5125044,295.0083377,0.004491667,85831.66667,0.0,-1.050000016,0.854166679,0.122178155,6.772161616983944,0.2561990173669597
2010-09-29,247.3875037,285.7166709,294.9166711,0.0033875,85692.08333,0.0,-0.279166671,-0.537500008,0.122175669,5.494318418650449,0.1939979244019163
2010-09-30,242.0416703,298.6833378,295.3708377,0.0037875,85440.0,0.0,-0.016666667,0.25416667,0.12216473,5.524299843606297,0.2103032706786129
2010-10-01,235.8125035,310.833338,296.5875044,0.004241667,85850.0,0.0,-0.450000007,2.016666697,0.122145499,4.416764569539708,0.2196764493585009
2010-10-02,235.9666702,314.7625047,295.4375044,0.0051,85972.91667,0.0,1.950000029,0.037500001,0.122139445,3.859281502318729,0.2837819926978168
2010-10-03,231.1166701,333.0958383,293.8750044,0.0060875,85998.33333,8.800000131,1.641666691,1.570833357,0.122125903,61.65558103404642,0.373184629118257
2010-10-04,220.0916699,307.1666712,291.9500044,0.005283333,85950.41667,1.000000015,1.637500024,3.262500049,0.122109043,40.13219544814425,0.3651995240619972
2010-10-05,172.8458359,321.0166715,289.9250043,0.00605,85897.91667,19.8000003,-0.116666668,4.937500074,0.122106679,123.6905416714792,0.4754160075391691
2010-10-06,214.9875032,325.6000049,289.8375043,0.008383333,85932.08333,4.400000066,-0.095833335,4.416666732,0.122090369,81.37916365854656,0.6627445449219121
2010-10-07,227.3375034,300.2125045,290.4958377,0.007033333,86016.25,0.0,0.44583334,3.766666723,0.122073243,48.11415632986409,0.533595005996027
2010-10-08,231.5750035,271.5541707,288.6125043,0.00505,86094.16667,0.0,0.450000007,0.45833334,0.122070844,19.508900442831195,0.4328662261523824
2010-10-09,230.9833368,259.3833372,288.4625043,0.003654167,86132.91667,0.0,0.354166672,-0.991666681,0.122054558,14.196688966232978,0.3164250857317536
2010-10-10,226.4458367,271.3208374,289.6708376,0.003245833,85885.41667,0.0,-0.108333335,-1.929166695,0.122042499,11.654752240104385,0.2592201598461952
2010-10-11,223.7083367,277.9500041,289.866671,0.003841667,85720.0,0.0,-0.400000006,-1.483333355,0.122034007,8.368939430469046,0.302386936278466
2010-10-12,219.3000033,282.8708375,290.1750043,0.003625,85776.66667,0.0,-0.354166672,-1.266666686,0.122025655,6.563652299577713,0.2799340124230051
2010-10-13,220.7708366,283.9875042,291.329171,0.003308333,86031.66667,0.0,-3.570833387,-0.166666669,0.1220173,5.948169047824072,0.2380696007240251
2010-10-14,217.3166699,286.0166709,291.1208377,0.0037625,86255.0,0.0,-4.500000067,0.966666681,0.121994324,5.18102032635019,0.2750688593412999
2010-10-15,198.9791696,290.379171,290.9625043,0.003579167,86090.0,0.0,-3.379166717,0.487500007,0.121992245,3.970927715507772,0.2638075659795511
2010-10-16,210.0458365,301.4416712,291.391671,0.004991667,85945.41667,0.0,-0.041666667,0.725000011,0.121883171,3.458838570770367,0.3574236437817875
2010-10-17,205.5375031,301.7958378,290.9125043,0.00595,85851.25,0.0,2.191666699,0.779166678,0.121769404,2.768683970931911,0.4387305838862627
2010-10-18,208.7291698,304.4791712,290.8375043,0.006645833,85589.58333,0.0,1.933333362,1.116666683,0.121666701,2.5792901936326524,0.4908833437180626
2010-10-19,207.4375031,293.3958377,290.091671,0.005875,85577.5,0.0,-0.245833337,1.520833356,0.12154966,2.2615920649453383,0.4550546229017603
2010-10-20,202.100003,302.8250045,288.9500043,0.007,85607.5,0.200000003,1.183333351,2.404166702,0.121431974,2.3697817425068903,0.5837288197023688
2010-10-21,151.6708356,302.0666712,284.1083376,0.006258333,85714.16667,14.80000022,2.670833373,1.016666682,0.121314285,50.89658135648801,0.7189470738671644
2010-10-22,99.35833481,337.025005,282.9916709,0.005520833,85700.41667,0.0,2.400000036,1.345833353,0.121211222,34.75172244663957,0.6837707720259629
2010-10-23,161.8375024,316.4291714,283.9583376,0.005470833,85711.25,0.0,1.425000021,1.650000025,0.121094168,32.207536702890934,0.6348297361698421
2010-10-24,195.3833362,275.5666708,284.6291709,0.0053625,85822.08333,0.0,1.600000024,1.354166687,0.120991106,21.01265175868653,0.5956398654913924
2010-10-25,150.7458356,298.6250044,285.5250043,0.005879167,85483.75,0.0,4.179166729,2.262500034,0.120874056,13.768719475277512,0.612739932896159
2010-10-26,172.2041692,313.4875047,285.8291709,0.006175,85230.0,0.0,2.870833376,1.645833358,0.120756367,10.83722882406041,0.628841286738571
2010-10-27,198.912503,260.2125039,284.4291709,0.004429167,85638.75,0.0,0.366666672,-0.333333338,0.120653304,7.905401570591799,0.4975386502728763
2010-10-28,194.8000029,248.183337,284.3291709,0.002525,86212.5,0.0,-4.245833397,1.433333355,0.120536114,6.450505090252501,0.2874604658231324
2010-10-29,193.8250029,259.1083372,286.8708376,0.0026625,86080.83333,0.0,-2.679166707,3.241666715,0.120424295,5.720079984627848,0.2556533900688884
2010-10-30,190.8083362,255.9416705,286.5958376,0.002666667,85819.16667,0.0,1.204166685,4.95416674,0.120312659,4.715244205353217,0.2599359489163154
2010-10-31,188.3500028,259.5375039,285.6333376,0.00385,85711.25,0.0,0.966666681,1.958333363,0.120213911,2.7731137928208827,0.3994395461767898
2010-11-01,185.9583361,252.6375038,286.0458376,0.0034125,85987.5,0.0,-0.379166672,-2.02500003,0.12009213,2.264614419523526,0.3456120860019825
2010-11-02,183.3958361,257.6083372,287.6458376,0.0025125,86440.0,0.0,-2.925000044,-1.662500025,0.119983941,2.594659354563884,0.2302631554673136
2010-11-03,181.533336,267.8916707,288.7083376,0.002641667,86291.66667,0.0,-2.729166707,-0.983333348,0.119861769,2.888280741986553,0.2255480147595564
2010-11-04,178.5000027,261.3041706,288.041671,0.002575,86364.16667,0.0,-2.575000038,1.666666692,0.119753584,2.5570604138806634,0.2297756273659342
2010-11-05,178.2916693,257.8541705,285.8958376,0.002554167,86081.66667,0.0,-2.791666708,1.454166688,0.119646031,2.230676981351838,0.2615491249169034
2010-11-06,175.1708359,242.9916703,285.0375042,0.002045833,86038.33333,0.0,-0.941666681,2.737500041,0.119538482,1.9302555959599828,0.2216829226708113
2010-11-07,176.6791693,245.8250037,285.0625042,0.002408333,86151.25,0.0,0.183333336,3.141666713,0.11941631,1.8789949464881477,0.260869983585646
2010-11-08,173.6000026,247.7750037,284.9625042,0.0027375,85658.33333,0.0,0.750000011,3.716666722,0.119308121,1.8932000575230836,0.2968020736547083
2010-11-09,173.1166692,270.5333374,283.4208376,0.004108333,85344.58333,0.0,3.404166717,1.429166688,0.119200572,1.5748223611015162,0.4922067601866768
2010-11-10,172.7083359,218.5125033,280.4000042,0.001779167,85481.25,0.0,0.779166678,1.720833359,0.119093023,1.09370481185581,0.2625118209596767
2010-11-11,168.2833358,225.6583367,280.0958375,0.0019375,85593.75,0.0,-0.045833334,-1.083333349,0.118970847,0.9326964529870404,0.2923520707875258
2010-11-12,171.5541692,228.7708367,280.4000042,0.002108333,86273.33333,0.0,-2.162500032,-2.941666711,0.118862662,1.386384986114083,0.3139619878842162
2010-11-13,166.6666692,220.5583366,280.0541708,0.001366667,86270.0,0.0,-2.095833365,-1.720833359,0.118755113,1.2215010195904767,0.208449880898415
2010-11-14,166.1250025,226.6750034,280.7125042,0.001333333,85709.58333,0.0,-0.42083334,-1.300000019,0.118632937,0.9770993886278556,0.193037202880673
2010-11-15,163.1250024,238.3833369,280.7833375,0.002291667,85525.83333,0.0,3.508333386,-0.212500003,0.118524752,1.3127379512681905,0.3294558081923701
2010-11-16,161.2458357,247.3750037,282.7708375,0.003433333,85688.75,0.0,0.725000011,-0.770833345,0.118551163,0.8596878923902153,0.4315907793583531
2010-11-17,164.0166691,241.1625036,282.3541709,0.003308333,85855.83333,0.0,-0.025,-0.954166681,0.118568775,0.8051123270339089,0.4286722037668473
2010-11-18,164.6375025,227.1333367,282.7583375,0.002029167,86134.58333,0.0,-3.283333382,0.583333342,0.118600374,1.3147448388121994,0.2566235915583884
2010-11-19,159.516669,228.8291701,282.8000042,0.001733333,85695.41667,0.0,-1.195833351,2.625000039,0.118617982,1.2333979599554774,0.2174761392060191
2010-11-20,159.2375024,237.8458369,283.6916709,0.002416667,85365.41667,0.0,0.716666677,4.720833404,0.118649581,1.647399282021757,0.2843578127526149
2010-11-21,108.1916683,297.4250044,284.0750042,0.006183333,85477.08333,4.00000006,3.062500046,4.595833402,0.118681816,4.496985822391053,0.7099551671921146
2010-11-22,155.9125023,288.1750043,283.0208376,0.005875,85709.16667,9.200000137,4.291666731,3.425000051,0.118699428,50.7704516877611,0.7262719472476551
2010-11-23,153.3208356,231.4750034,279.3583375,0.0038875,85727.08333,0.0,-0.454166673,2.316666701,0.118731027,16.532007824126108,0.6184704824359463
2010-11-24,152.6375023,235.9333368,278.7166708,0.00355,85297.5,0.0,2.350000035,2.954166711,0.118763262,16.24830152910996,0.5877807006501233
2010-11-25,140.6500021,283.2166709,279.6541708,0.003491667,85328.33333,0.0,0.558333342,-1.82083336,0.119161069,13.814864902514945,0.5416164635292587
2010-11-26,157.354169,197.2083363,277.2416708,0.001279167,86070.83333,0.0,-3.000000045,-1.558333357,0.119431086,8.601171996032573,0.2371922457698166
2010-11-27,157.0375023,202.337503,277.7208375,0.000866667,85562.5,0.0,-2.912500043,0.86666668,0.119349516,6.715653551734654,0.1544140604605439
2010-11-28,56.17083417,250.5541704,277.3583375,0.0021875,84845.41667,1.800000027,4.087500061,3.891666725,0.127375449,8.07733817555578,0.3965455004611507
2010-11-29,152.3458356,257.6000038,276.5541708,0.002483333,85370.83333,0.600000009,3.466666718,-1.954166696,0.16530988,8.914279264753187,0.4796794616060627
2010-11-30,152.3208356,198.375003,275.2708374,0.0015875,86340.83333,0.0,-2.179166699,-2.00000003,0.162716332,4.526376816972796,0.3400993274348903
2010-12-01,150.9416689,217.5250032,277.0958375,0.001225,86147.08333,0.0,-3.745833389,-0.745833344,0.154189654,4.935459042947206,0.2297204397863297
2010-12-02,150.7416689,223.6333367,280.1000042,0.0012,86016.66667,0.0,-3.470833385,1.520833356,0.141343471,4.52474276354585,0.1819116919440357
2010-12-03,149.6291689,227.9166701,281.4291709,0.001158333,85920.83333,0.0,-2.350000035,1.787500027,0.131699726,3.6022901209625777,0.1600166470709483
2010-12-04,147.5291689,230.1041701,281.4500042,0.00135,85889.58333,0.0,-1.779166693,1.387500021,0.125974947,2.7068080556881258,0.1861599076499852
2010-12-05,142.7750021,244.233337,281.8791709,0.001645833,86024.16667,0.0,-2.608333372,1.56666669,0.122777405,2.57270524719896,0.2207199089553351
2010-12-06,141.8125021,263.2958373,283.2208376,0.0018875,86124.16667,0.0,-0.920833347,2.02500003,0.12096841,2.4146233546486098,0.2313088580054689
2010-12-07,147.1833355,235.5666702,282.3625042,0.002004167,86081.66667,0.0,-0.400000006,-1.59166669,0.120040612,1.6131857208803253,0.2602221051752211
2010-12-08,149.6541689,219.4666699,281.9916709,0.0019375,86204.58333,0.0,-3.775000056,0.100000001,0.119647508,1.7715521977027708,0.2583839508949953
2010-12-09,144.1708355,228.4666701,281.3541709,0.0015125,85970.0,0.0,-2.320833368,0.845833346,0.119434967,1.4959715659886124,0.2101422438337028
2010-12-10,141.5208354,242.1916703,280.9250042,0.0017625,85867.08333,0.0,1.275000019,0.350000005,0.11932733,1.256335840616925,0.2519176283132501
2010-12-11,140.1750021,248.7916704,281.2375042,0.002870833,85906.66667,0.0,0.737500011,-1.437500021,0.119276277,1.1291607639904342,0.4017811964425218
2010-12-12,142.7083355,245.7500037,281.6750042,0.002975,86229.16667,0.0,-2.141666699,-2.495833371,0.119264639,1.2681541980734263,0.405554321685234
2010-12-13,146.5958355,234.8375035,282.9250042,0.0025875,86160.83333,0.0,-3.170833381,-1.058333349,0.119280344,1.2988929916981296,0.3236511227041394
2010-12-14,145.2958355,225.0000034,282.0750042,0.001854167,85758.75,0.0,-1.608333357,2.091666698,0.119301135,1.099306747823824,0.2445948607072018
2010-12-15,139.0000021,239.3333369,281.0125042,0.002779167,85286.25,0.0,1.733333359,3.262500049,0.119318746,1.0662270426749465,0.3921719746548349
2010-12-16,65.99583432,286.4833376,279.9333375,0.004541667,85199.58333,3.500000052,1.583333357,2.416666703,0.119315034,2.469134988434752,0.6898884505784397
2010-12-17,112.695835,297.0375044,280.3875042,0.0065875,85343.33333,11.30000017,1.654166691,2.366666702,0.119325045,23.06690058179804,0.9712422096476948
2010-12-18,44.32916733,318.7000047,281.2750042,0.006116667,85703.75,0.400000006,0.362500005,2.050000031,0.119321069,10.835100964301622,0.8518229394908341
2010-12-19,76.02500113,335.412505,283.5458376,0.0064375,85530.0,0.0,-0.166666669,2.837500042,0.11933108,23.629273472790608,0.7664345864472311
2010-12-20,135.525002,282.6208375,283.6291709,0.005870833,85257.08333,0.0,2.341666702,4.612500069,0.119327104,25.63201739946924,0.6928309022343166
2010-12-21,136.212502,268.3458373,283.1500042,0.005725,85550.83333,0.100000001,1.537500023,4.870833406,0.119337112,14.408757629603777,0.7002655792427498
2010-12-22,102.1125015,300.9041712,283.1333376,0.005608333,85683.33333,0.500000007,-0.679166677,4.491666734,0.119333135,11.432268025151725,0.6878336624741541
2010-12-23,77.15000115,318.3875047,280.6708375,0.005929167,85082.91667,15.10000023,2.191666699,3.437500051,0.119343146,34.49614617781933,0.8545932059320813
2010-12-24,140.8458354,241.3833369,278.8208375,0.004933333,86010.0,0.0,-0.754166678,-1.275000019,0.119353793,14.061295235657632,0.8176437904588593
2010-12-25,143.2791688,237.2750035,281.0666709,0.003854167,85958.75,0.0,-4.095833394,0.487500007,0.119349817,28.981741726477534,0.5461131734130452
2010-12-26,138.1458354,240.9625036,281.5291709,0.003491667,85845.41667,0.0,-1.875000028,2.941666711,0.119359828,19.66145785684057,0.4786318476141235
2010-12-27,102.7333349,274.9625041,280.5458375,0.004508333,85807.5,0.0,-0.250000004,-0.354166672,0.119355852,5.6891967883417065,0.6610256690382487
2010-12-28,141.2333354,240.1875036,279.5750042,0.004341667,85664.58333,0.0,-0.400000006,-1.500000022,0.119365863,5.819357148553181,0.679861526797296
2010-12-29,75.82500113,267.0333373,278.1250041,0.0042125,85162.91667,5.000000075,1.329166686,3.32500005,0.120374053,13.031951095474453,0.7259928124053072
2010-12-30,121.5625018,288.716671,275.3041708,0.004304167,84170.0,50.40000075,6.129166758,5.38750008,0.573750026,26.506110727737035,0.8967595730448026
2010-12-31,136.2666687,203.8708364,272.0708374,0.002091667,84932.08333,0.200000003,3.254166715,0.525000008,0.639924054,6.046304355042213,0.5572623028212221
2011-01-01,140.8625021,184.0291694,269.775004,0.002045833,85765.0,0.0,-1.287500019,-1.291666686,0.627746107,0.0,0.653810240975196
2011-01-02,136.012502,192.1875029,270.7541707,0.002025,85907.08333,0.0,-3.829166724,-0.108333335,0.618095398,3.5719833614528627,0.6020795642648787
2011-01-03,94.54583474,253.3000038,273.9583374,0.002495833,85495.0,0.0,-2.187500033,1.933333362,0.601355069,5.290604822554689,0.5824532684863354
2011-01-04,140.5250021,219.7041699,275.8166708,0.002858333,85743.33333,0.0,-1.233333352,-0.25416667,0.581340463,0.0,0.5846472643162536
2011-01-05,143.0625021,206.0875031,275.3833374,0.002858333,86088.75,0.0,-3.029166712,-1.533333356,0.528455882,2.1750757048508285,0.605626972544667
2011-01-06,139.7375021,201.325003,275.2875041,0.001854167,86040.0,0.0,-3.716666722,-1.333333353,0.449444439,4.057221290698595,0.3953683538386671
2011-01-07,144.4125022,207.9916698,275.8208374,0.001741667,85649.58333,0.0,-2.90416671,0.575000009,0.376016441,3.338194786425463,0.3557467321381668
2011-01-08,143.1208355,215.0666699,277.5125041,0.002391667,85143.33333,0.0,0.066666668,0.762500011,0.314249973,1.0127140943927606,0.4303435466819295
2011-01-09,142.2625021,227.0208367,277.0125041,0.00335,85142.5,0.0,0.483333341,1.316666686,0.267517227,1.5352645188629666,0.6245847098713487
2011-01-10,144.2750021,223.00417,277.1750041,0.00375,85439.16667,0.0,0.079166668,0.600000009,0.221631344,1.1610268014746628,0.6935289471679194
2011-01-11,131.1541686,225.3583367,276.7291708,0.002995833,86016.25,0.0,-3.558333386,-1.008333348,0.192057106,1.448929220794335,0.5758031455239846
2011-01-12,139.9416688,253.0666704,278.2708375,0.002720833,86117.91667,0.0,-3.025000045,0.062500001,0.17493404,1.9894176322711448,0.4693209410637461
2011-01-13,146.1208355,233.3416701,280.1500042,0.0034125,86335.83333,0.0,-3.316666716,-1.183333351,0.152930069,1.6035729307316564,0.5174317124160943
2011-01-14,147.9000022,230.8333368,280.1458375,0.003104167,86017.91667,0.0,-3.225000048,-2.491666704,0.141134228,1.6938590735151573,0.4690821354933955
2011-01-15,147.3333355,231.3458368,279.7166708,0.003045833,86015.0,0.0,-2.887500043,-2.450000037,0.132891778,1.525900434210558,0.4741927323289279
2011-01-16,146.5333355,237.7083369,280.6458375,0.003241667,85917.08333,0.0,-1.32500002,-2.437500036,0.127327517,1.3480610562454876,0.4726304972230332
2011-01-17,146.5916689,253.2791704,281.2458375,0.003420833,85644.58333,0.0,-0.095833335,-1.762500026,0.123734724,1.290455726648574,0.4770211497673075
2011-01-18,152.3208356,240.2958369,282.3125042,0.003675,85680.0,0.0,-0.545833341,-1.616666691,0.121360723,1.0770304033292009,0.4765591264199244
2011-01-19,150.7625022,239.5041702,283.0041709,0.0031875,85450.83333,0.0,1.658333358,1.629166691,0.120469372,1.2311926008763985,0.3932976723986355
2011-01-20,156.816669,232.4875035,282.4125042,0.003416667,85625.0,0.0,-1.75833336,-2.029166697,0.120083468,1.1625941274495537,0.4397674441567411
2011-01-21,155.3083356,221.07917,279.4166708,0.002145833,85777.91667,0.0,-2.562500038,-1.708333359,0.119981119,1.2296606605670486,0.3401985915945593
2011-01-22,155.029169,228.5125034,279.8458375,0.002216667,85515.0,0.0,-1.741666693,-1.054166682,0.119876231,0.9894520975611942,0.3400259390719262
2011-01-23,161.3375024,227.3625034,281.5833375,0.00265,85420.83333,0.0,-2.512500037,-3.537500053,0.119820295,1.571046650908899,0.3601200727985013
2011-01-24,162.7250024,210.8333365,279.5583375,0.001741667,85595.41667,0.0,-2.145833365,-2.325000035,0.119831755,1.2109932723474115,0.2728243234616915
2011-01-25,158.466669,218.6000033,279.1375042,0.001479167,85761.66667,0.0,-2.670833373,-0.995833348,0.119834314,1.1577889493953355,0.2390821947421264
2011-01-26,163.1541691,217.0500032,279.4125042,0.002283333,85652.91667,0.0,-2.787500042,-2.654166706,0.119846406,1.5040354684187769,0.36157539104697
2011-01-27,166.5708358,219.4416699,280.5291708,0.00285,86085.41667,0.0,-3.641666721,-1.779166693,0.119869946,1.4437175279851702,0.4197129029425787
2011-01-28,166.7041692,219.5375033,280.1333375,0.002595833,85895.83333,0.0,-2.795833375,-0.587500009,0.119893483,1.188313237071269,0.3920491917042601
2011-01-29,166.5875025,223.86667,280.5458375,0.00235,85650.41667,0.0,1.087500016,0.900000013,0.119917023,0.9497355629601676,0.3439334615940741
2011-01-30,165.9750025,222.3458366,280.2708375,0.002458333,85763.75,0.0,1.162500017,2.212500033,0.119955182,1.0850944165841254,0.3671920748699241
2011-01-31,118.1916684,267.6583373,278.8458375,0.003391667,85378.75,0.800000012,3.425000051,1.662500025,0.135323978,1.2137565949051654,0.5570266231684506
2011-02-01,145.9333355,240.8375036,276.6291708,0.003125,85275.83333,1.700000025,4.708333403,-0.120833335,0.161396178,1.9452681869152595,0.5997278481573582
2011-02-02,175.3083359,193.7416696,273.3958374,0.001841667,85525.0,0.200000003,0.004166667,-5.620833417,0.153457806,1.9304026277108637,0.4480281097194881
2011-02-03,179.5500027,170.2583359,269.3958373,0.001783333,86122.5,0.0,-3.245833382,-3.787500056,0.151224317,1.010455571969083,0.5889960215756349
2011-02-04,176.0166693,197.8416696,271.0458374,0.001945833,86070.41667,0.0,0.587500009,-1.441666688,0.148357584,1.1172374097313091,0.567097888014454
2011-02-05,172.9291692,214.2916699,273.4375041,0.001966667,85799.16667,0.0,0.475000007,-0.991666681,0.140677343,1.3481333476621549,0.4785049166354174
2011-02-06,177.6500026,218.3041699,276.7666708,0.002554167,85663.75,0.0,0.362500005,-2.237500033,0.132518993,1.2618811566517552,0.4875954076154134
2011-02-07,177.6250026,225.60417,278.8875042,0.002516667,86151.25,0.0,-1.225000018,-0.829166679,0.127318938,1.3246946448250034,0.4158444980411749
2011-02-08,177.2666693,228.8541701,279.8375042,0.002920833,85190.41667,0.0,2.258333367,2.004166697,0.123900985,1.2872316034225972,0.4465998690725798
2011-02-09,186.1666694,213.3125032,279.4375042,0.00285,85550.83333,0.0,-2.408333369,-2.491666704,0.122232067,1.1501643556321643,0.4499854450647412
2011-02-10,187.9000028,203.875003,277.2125041,0.002129167,85619.16667,0.0,-3.741666722,-2.262500034,0.121670687,1.1325644162689985,0.3935488671042035
2011-02-11,188.7625028,200.7416697,277.1708375,0.001733333,85775.83333,0.0,-3.550000053,-1.862500028,0.121276518,1.128752058168106,0.3219229965198502
2011-02-12,190.4958362,205.2416697,279.1333375,0.001633333,86377.5,0.0,-3.608333387,-0.737500011,0.120911591,1.2025499271965585,0.2659737837503166
2011-02-13,189.4583362,210.4458365,280.4458375,0.001525,86230.41667,0.0,-3.366666717,0.466666674,0.120701163,1.2326488884991815,0.2262628002647702
2011-02-14,191.0375028,225.12917,282.7666709,0.0016125,86009.16667,0.0,-0.800000012,1.487500022,0.120588642,1.1026061189132583,0.203516589196787
2011-02-15,181.5375027,227.2083367,282.7041709,0.001633333,85965.83333,0.0,-0.066666668,1.10833335,0.120557505,0.9242082944360688,0.2069190361468059
2011-02-16,178.8250027,245.5375037,282.5750042,0.002208333,85552.91667,0.0,1.741666693,2.525000038,0.120633153,1.2219459266491808,0.2808756683761411
2011-02-17,129.6750019,299.8666711,283.2500042,0.005333333,85440.41667,0.0,2.900000043,2.804166708,0.12072633,0.8880183054462142,0.6471203669985377
2011-02-18,159.0333357,266.100004,282.2875042,0.004558333,85590.83333,0.0,-0.925000014,3.087500046,0.12082205,0.8390307310983234,0.5914985827149212
2011-02-19,143.2208355,282.7625042,280.9708375,0.00365,85342.08333,8.000000119,1.300000019,6.425000096,0.120930482,34.65098485277838,0.5168759215600045
2011-02-20,105.3125016,299.1125045,278.7583375,0.0051625,85241.66667,25.00000037,4.887500073,5.79583342,0.151170576,48.06563585774031,0.851710445512239
2011-02-21,166.4166691,249.6916704,276.6000041,0.003725,85434.58333,0.0,-0.220833337,-0.808333345,0.179317033,18.44770892856034,0.7177009639590343
2011-02-22,195.0250029,241.3333369,277.9541708,0.003291667,85335.0,0.0,0.025,1.354166687,0.159268974,21.34459554248607,0.5753406047638916
2011-02-23,202.8916697,226.51667,278.8250042,0.00295,85409.16667,0.0,1.929166695,2.462500037,0.142846648,20.195046998752503,0.4853715138029048
2011-02-24,146.8166689,310.1666713,279.4250042,0.003620833,85605.83333,0.0,3.508333386,1.879166695,0.132568784,14.817697263734487,0.5725589965976723
2011-02-25,206.8083364,235.7583368,279.1500042,0.003404167,85642.91667,0.0,1.450000022,2.316666701,0.127487234,8.71944722637955,0.5489833727759725
2011-02-26,139.4166687,248.9416704,279.7666708,0.00235,85046.66667,0.0,1.058333349,4.816666738,0.124434468,6.356149541602852,0.3604852849326885
2011-02-27,133.9458353,284.2791709,277.4000041,0.003508333,84762.91667,3.500000052,4.204166729,4.90416674,0.29879803,14.894566966798582,0.633487690759492
2011-02-28,213.1208365,214.8208365,275.4833374,0.0024375,85890.0,0.0,-1.55416669,-1.079166683,0.433210363,5.605600470627005,0.511562134698523
2011-03-01,211.5166698,225.0583367,278.9625042,0.002166667,85997.08333,0.0,-3.091666713,0.925000014,0.307862087,8.300905492339936,0.3554969003698304
2011-03-02,220.1833366,241.6000036,282.0291709,0.002658333,85903.33333,0.0,-0.225000003,1.520833356,0.20967894,7.838221815134895,0.3523705575795564
2011-03-03,227.6375034,251.5041704,282.9375042,0.003033333,85902.08333,0.0,1.583333357,1.320833353,0.155218074,6.809135782757729,0.3779569596509067
2011-03-04,235.2708368,238.9791702,282.5625042,0.0034,85812.91667,0.0,1.13333335,-1.750000026,0.1337033,4.819296043551672,0.4341259174159791
2011-03-05,239.6833369,213.4291698,282.6458375,0.001579167,86127.08333,0.0,-3.162500047,-1.241666685,0.127224771,4.566552956058645,0.2012287349442524
2011-03-06,225.79167,236.2500035,283.2541709,0.001720833,85642.91667,0.0,-1.500000022,2.020833363,0.124696412,4.007465365414008,0.2092332663236386
2011-03-07,179.6375027,264.8375039,284.1375042,0.002908333,84976.25,0.0,5.562500083,4.320833398,0.123529413,3.861170830118243,0.3305797352144201
2011-03-08,237.8166702,261.0958372,283.8666709,0.0043875,85234.16667,0.0,3.754166723,0.620833343,0.123152082,2.97380029664949,0.5094203789465397
2011-03-09,244.908337,230.4333368,283.3583376,0.002191667,86125.83333,0.0,-2.095833365,-2.133333365,0.12303279,2.99119523256907,0.2661023268475559
2011-03-10,245.5291703,233.9875035,284.7083376,0.0017125,86179.16667,0.0,-2.745833374,-0.083333335,0.123015055,3.0937229150029752,0.1899985483483685
2011-03-11,251.6791704,229.0041701,285.4125043,0.0017,85825.0,0.0,0.933333347,1.175000018,0.123068034,2.8613567167874026,0.1792201887792934
2011-03-12,242.7666703,240.8291703,286.0583376,0.0019625,85764.58333,0.0,1.804166694,2.629166706,0.123150919,3.056520635331438,0.1980794658326166
2011-03-13,250.1916704,242.7000036,285.1916709,0.002395833,85880.83333,0.0,0.970833348,0.345833338,0.123254146,2.738023118925885,0.2564838557455878
2011-03-14,250.3666704,248.1166704,286.3250043,0.002420833,85934.16667,0.0,1.112500017,0.183333336,0.123366251,2.748927417222123,0.2405468372994264
2011-03-15,247.2416704,252.7208371,285.9208376,0.0027125,85826.66667,0.0,1.658333358,0.316666671,0.123464106,2.5818577973103185,0.2764815891035263
2011-03-16,252.1666704,257.4333372,286.2958376,0.003091667,85889.16667,0.0,2.320833368,2.075000031,0.123530265,2.7669319177782388,0.3076353825724448
2011-03-17,251.6666704,262.8083372,287.3958376,0.00325,85793.75,0.0,2.162500032,3.679166721,0.123609694,3.089960634824349,0.3004977415343835
2011-03-18,240.4833369,267.7041707,286.5291709,0.0033125,85806.66667,0.0,1.575000023,4.120833395,0.123675138,2.8943579448915235,0.3242632374347073
2011-03-19,262.4958372,246.9166703,284.4916709,0.002670833,85626.25,0.0,2.620833372,3.491666719,0.123739944,2.76196390612913,0.2987234167846942
2011-03-20,260.8833372,226.4333367,283.1541709,0.001666667,85475.83333,0.0,0.308333338,4.679166736,0.123804749,2.7580108478377987,0.2036257393758832
2011-03-21,131.612502,288.2708376,282.1291709,0.002220833,85144.58333,1.600000024,2.108333365,7.654166781,0.12388418,3.9821481337229097,0.2897918297782447
2011-03-22,226.1458367,287.8208376,279.5083375,0.004766667,85559.58333,7.600000113,1.654166691,2.258333367,0.124186133,35.85974540723872,0.7489723027173558
2011-03-23,267.4416707,231.5041701,279.8458375,0.002925,85526.66667,0.0,-0.329166672,0.654166676,0.124224239,21.62064438908272,0.448741989719903
2011-03-24,269.862504,238.7375036,281.5875042,0.00285,85319.58333,0.0,3.045833379,3.466666718,0.124167609,16.28114157448447,0.3867293303800176
2011-03-25,269.5958374,231.2916701,279.8458375,0.002608333,85434.16667,0.0,3.316666716,2.504166704,0.124199354,9.52344596343558,0.399727397853419
2011-03-26,268.637504,248.0000037,281.7333375,0.0035625,85330.0,0.0,1.98750003,2.437500036,0.124239367,7.509959719007496,0.4786614251869414
2011-03-27,271.3833374,253.2083371,282.6833375,0.003854167,85286.66667,0.0,1.962500029,2.166666699,0.124304172,6.076825886708082,0.4850947108871311
2011-03-28,273.2833374,252.7458371,283.3166709,0.0037625,85504.58333,0.0,2.112500031,1.529166689,0.124368981,5.129094226662117,0.4548102222295017
2011-03-29,276.3666708,258.9583372,285.0000042,0.003625,85627.91667,0.0,1.504166689,-0.408333339,0.124448409,5.330756820332423,0.3919041394942137
2011-03-30,276.9041708,259.0958372,286.8041709,0.002975,85711.25,0.0,2.166666699,-1.383333354,0.124513854,4.416287213649322,0.2856824790137152
2011-03-31,276.4000041,272.4041707,288.854171,0.0034375,85821.66667,0.0,-0.050000001,-3.095833379,0.124578659,4.242245811423782,0.2891560437282809
2011-04-01,294.9875044,269.4541707,290.354171,0.0030625,85596.25,0.0,-1.283333352,-2.020833363,0.124643464,4.395090666310526,0.2333091183964775
2011-04-02,287.2083376,270.6458374,292.0250044,0.002770833,85385.41667,0.0,2.870833376,3.087500046,0.124708273,4.416550490434116,0.1893706687233191
2011-04-03,292.9125044,293.1625044,291.9333377,0.004216667,85405.41667,0.0,4.441666733,4.22916673,0.124787701,4.501234799779599,0.2899251644622999
2011-04-04,302.4000045,249.0125037,287.4041709,0.002720833,85847.08333,0.0,0.745833344,-1.195833351,0.124853146,3.341064659518418,0.2515896577750313
2011-04-05,293.2833377,241.6333369,287.1541709,0.001391667,85872.91667,0.0,-0.491666674,0.975000015,0.124917951,3.202872795312896,0.1308486353132866
2011-04-06,244.4416703,271.425004,288.104171,0.001983333,85476.66667,0.0,3.620833387,3.641666721,0.124997379,3.4715226308888427,0.1744494131985779
2011-04-07,270.862504,320.0750048,286.6041709,0.004204167,85344.16667,0.800000012,3.191666714,4.800000072,0.125062824,4.18249470459468,0.4073134011959727
2011-04-08,298.2375044,263.4541706,285.8458376,0.004266667,84988.33333,0.0,3.36250005,6.912500103,0.12513938,3.672436204819518,0.432792763918482
2011-04-09,135.0708353,280.9458375,279.9958375,0.004070833,85019.58333,6.300000094,3.587500053,6.145833425,0.186559496,19.231536567735137,0.6143863476998317
2011-04-10,296.2041711,249.7583371,278.8625042,0.003545833,85808.75,0.300000004,2.745833374,-0.695833344,0.359941129,13.974314751696353,0.5845948992705599
2011-04-11,311.5625046,224.5833367,281.5833375,0.002254167,86094.16667,0.0,-0.91666668,-0.708333344,0.248408441,13.522489899895737,0.3087432459470396
2011-04-12,310.195838,238.9583369,285.5041709,0.002166667,85470.41667,0.0,-0.075000001,2.545833371,0.169767395,11.95591731628883,0.2260923968806312
2011-04-13,312.3041713,249.1750037,285.3583376,0.002895833,85691.66667,0.0,2.541666705,3.087500046,0.13782243,7.849638268516093,0.3059150907485492
2011-04-14,316.4416714,241.0916703,285.9041709,0.002483333,85751.66667,0.0,3.816666724,0.100000001,0.129040402,7.071605480205939,0.2531810125346249
2011-04-15,317.7625047,240.4750036,286.8375043,0.001704167,85925.41667,0.0,-1.158333351,-2.850000042,0.126770695,6.404543422458924,0.1636970343397023
2011-04-16,314.820838,257.4666705,288.8083376,0.001775,85524.16667,0.0,-1.141666684,-1.720833359,0.126038813,6.304307667174531,0.1492339800745983
2011-04-17,307.4583379,275.1083374,291.2833377,0.002791667,85366.66667,0.0,3.420833384,1.833333361,0.12584599,5.584835392498076,0.1999177027029355
2011-04-18,313.1666713,281.5750042,291.2208377,0.0039625,85315.0,0.0,3.491666719,4.137500062,0.125854708,4.973911556482404,0.2847192909490907
2011-04-19,309.820838,288.5958376,290.9875043,0.005120833,85316.25,0.0,3.625000054,2.954166711,0.125918741,4.218255392852462,0.3734515611501143
2011-04-20,313.683338,281.0541709,289.2333376,0.004508333,85483.33333,0.0,2.608333372,2.941666711,0.12599422,3.723640881938394,0.368598593347858
2011-04-21,319.8625048,277.1291708,289.716671,0.0039875,85540.41667,0.0,3.79583339,3.237500048,0.126055075,3.806677827367253,0.3162395075427459
2011-04-22,319.8166714,268.4958373,289.1833376,0.003341667,85370.41667,0.0,3.641666721,3.266666715,0.12614212,3.631063533092864,0.2737332649322021
2011-04-23,291.954171,276.6916708,289.8375043,0.002983333,85242.5,0.0,3.725000056,4.208333396,0.126209454,3.649812608410249,0.233954828974548
2011-04-24,318.9916714,284.2708376,289.1625043,0.004804167,85375.83333,0.0,4.616666735,4.400000066,0.126282535,3.314988467418793,0.3940886023652107
2011-04-25,318.6416714,274.1625041,288.5000043,0.004254167,85402.91667,0.0,4.933333407,2.333333368,0.126356348,3.073248055503141,0.3643711093877371
2011-04-26,327.5458382,271.1291707,289.904171,0.003758333,85111.25,0.0,5.175000077,0.91666668,0.126432016,3.3161202961938527,0.293020777852762
2011-04-27,332.0333383,252.3000038,288.841671,0.0021,85438.33333,0.0,0.90416668,-3.245833382,0.126502518,3.081520723330571,0.1760013022622403
2011-04-28,332.362505,260.3250039,289.3000043,0.0020875,85750.41667,0.0,0.829166679,0.845833346,0.126579626,3.3077271461817723,0.1704716375145515
2011-04-29,331.6500049,269.9791707,291.529171,0.003008333,85299.58333,0.0,4.816666738,4.212500063,0.12665234,3.6626310978262593,0.2119354374489015
2011-04-30,338.050005,254.3458371,289.8750043,0.002479167,85165.41667,0.0,2.941666711,0.550000008,0.126732217,2.967133728285087,0.1937750980677087
2011-05-01,351.8833386,231.2250034,286.3666709,0.001725,85420.41667,0.0,1.000000015,-3.641666721,0.12679459,2.685052369170423,0.1699125500422717
2011-05-02,354.4125053,225.32917,285.4666709,0.001245833,86179.16667,0.0,-2.033333364,-3.729166722,0.126869428,2.6566696826048,0.1314081803635605
2011-05-03,353.7541719,230.7875034,287.0125043,0.001095833,86217.91667,0.0,-4.016666727,0.237500004,0.126948706,2.7868818044343477,0.1044133845129367
2011-05-04,355.766672,239.2041702,289.4833376,0.001116667,85922.5,0.0,-1.341666687,2.212500033,0.127021815,2.9069853350711847,0.0903007399383699
2011-05-05,352.7666719,246.2625037,290.2708377,0.001220833,85950.0,0.0,1.925000029,1.279166686,0.127094653,2.9523935522534472,0.0938895613869004
2011-05-06,352.6166719,251.7583371,290.2083377,0.0016,85735.83333,0.0,2.987500045,1.195833351,0.127166324,2.9590889652654875,0.1232350499697406
2011-05-07,357.191672,251.7666704,291.716671,0.0014875,85483.75,0.0,2.71250004,2.620833372,0.127249493,3.1644213970728727,0.1037809483064614
2011-05-08,356.2250053,254.5958371,292.8958377,0.001770833,85366.25,0.0,3.058333379,4.295833397,0.127309424,3.4292499560758647,0.1145521541972388
2011-05-09,346.8500052,269.4083373,290.3208377,0.0034125,84974.16667,0.0,4.737500071,5.979166756,0.12739722,3.158791409440022,0.258634219129182
2011-05-10,347.8708385,253.8166704,285.5500043,0.0032875,84902.91667,0.0,3.879166724,3.870833391,0.127458401,2.377106724098298,0.3397378659727835
2011-05-11,254.5625038,300.7750045,285.8583376,0.003391667,85330.41667,0.0,3.812500057,0.762500011,0.127547557,2.156971541772101,0.3451352309869695
2011-05-12,350.5250052,279.8500042,289.7500043,0.003695833,85825.83333,0.0,1.866666694,-1.308333353,0.127608725,3.1301621431618587,0.2934569968594335
2011-05-13,355.8500053,275.2625041,292.4583377,0.002491667,85777.5,0.0,-1.379166687,-0.325000005,0.127683232,3.8456265881951577,0.1664673441853632
2011-05-14,359.479172,288.916671,294.5375044,0.0024375,85350.83333,0.0,2.608333372,3.666666721,0.12775842,4.27354145885767,0.1423317032156255
2011-05-15,358.166672,267.7541707,292.2208377,0.002533333,85289.16667,0.0,2.912500043,3.587500053,0.127833601,3.869179996896323,0.1708217561550717
2011-05-16,359.7625054,263.2416706,290.229171,0.0028375,85395.41667,0.0,2.812500042,4.745833404,0.127872006,3.6915243704945295,0.2173918810375527
2011-05-17,351.7875052,266.8791706,288.1458376,0.003016667,85237.91667,0.0,4.475000067,3.800000057,0.127899101,3.433126449378162,0.2638815895765024
2011-05-18,169.2333359,324.4416715,285.9875043,0.004704167,84998.75,0.100000001,5.791666753,5.379166747,0.127922043,2.139634909484602,0.4727729554080058
2011-05-19,277.8458375,305.2000045,284.0250042,0.004545833,84930.0,3.200000048,5.316666746,2.500000037,0.127951188,7.089607192918006,0.5203470629505713
2011-05-20,293.2708377,287.2250043,285.1416709,0.003758333,85524.58333,0.0,4.150000062,1.304166686,0.12798249,6.298109399929124,0.4020131518741071
2011-05-21,352.5041719,276.2083374,288.6833376,0.003366667,85690.83333,0.0,2.562500038,0.125000002,0.128007427,7.908377423575607,0.2859103322639372
2011-05-22,359.0375054,276.8083375,291.066671,0.002895833,85427.5,0.0,2.820833375,1.970833363,0.12803598,6.741242973753819,0.2104005632640394
2011-05-23,361.6833387,273.3166707,290.6083377,0.003195833,85361.25,0.0,2.862500043,4.387500065,0.128066691,5.114037878689425,0.2388892041163823
2011-05-24,366.0000055,266.3291706,290.3458377,0.00325,85387.08333,0.0,4.062500061,3.620833387,0.128097169,4.339681126667341,0.2471199324901761
2011-05-25,365.1958388,263.2916706,290.4625043,0.002204167,85737.08333,0.0,2.145833365,0.383333339,0.128129391,4.631701288781997,0.1670351125599266
2011-05-26,364.5250054,271.8250041,292.3708377,0.002308333,85670.0,0.0,3.550000053,3.033333379,0.128153337,4.158619147664303,0.1548756146847454
2011-05-27,362.8500054,279.9208375,292.4625044,0.002441667,85546.25,0.0,3.433333384,2.837500042,0.128180193,4.020925063369765,0.162644469195238
2011-05-28,360.7583387,296.1916711,294.6000044,0.003741667,85235.0,0.0,3.991666726,4.145833395,0.128207253,4.1043728236972985,0.2173469551298265
2011-05-29,358.9250053,300.5208378,294.6041711,0.0046125,84828.75,0.0,4.91666674,6.49583343,0.128235221,3.9724181362218594,0.2665864162020523
2011-05-30,370.8208389,267.225004,290.5000043,0.003120833,85227.5,0.0,4.395833399,2.854166709,0.128271574,3.2518547793747734,0.2345334579441593
2011-05-31,371.6083389,248.5500037,290.1500043,0.001470833,85866.25,0.0,-0.870833346,1.79583336,0.128294113,3.5999198791178806,0.1138831486924872
2011-06-01,338.5708384,286.8833376,293.2250044,0.0021375,85827.5,0.0,1.495833356,3.80833339,0.12833073,3.632140853905543,0.1361839236673644
2011-06-02,352.7541719,273.3708374,293.0708377,0.002058333,85675.0,0.0,2.945833377,4.004166726,0.128353362,3.6098639117689983,0.132175247202294
2011-06-03,355.704172,274.8000041,292.2875044,0.0019375,85687.08333,0.0,2.370833369,4.170833395,0.12838991,3.4725844133624983,0.1307045613209583
2011-06-04,356.7833386,277.0291708,292.741671,0.002175,85882.5,0.0,1.750000026,4.658333403,0.128412143,3.4439873404074435,0.1429227298880542
2011-06-05,357.529172,283.4041709,294.9666711,0.0019625,86041.25,0.0,1.504166689,3.220833381,0.128432529,3.7577002521149794,0.1125004608718226
2011-06-06,354.4541719,288.9958376,294.4291711,0.0025,85832.91667,0.0,2.979166711,4.591666735,0.128467485,3.5790158945312287,0.1477933788284095
2011-06-07,360.3333387,268.887504,292.391671,0.002329167,85610.41667,0.0,2.154166699,2.670833373,0.12850308,3.2199045657244283,0.1559602145401558
2011-06-08,361.1958387,269.3541707,292.6000044,0.002191667,85532.08333,0.0,2.770833375,4.708333403,0.128524049,3.2053881259109263,0.1447114813502187
2011-06-09,361.3541721,265.2416706,291.7958377,0.002208333,85639.58333,0.0,1.98750003,2.245833367,0.128559004,3.1144594466746125,0.1535827668784815
2011-06-10,360.7083387,273.5583374,292.841671,0.002333333,85595.41667,0.0,3.075000046,1.370833354,0.128579976,3.2087703142948243,0.1518591798320742
2011-06-11,362.5583387,275.8375041,294.6666711,0.00225,85506.25,0.0,2.187500033,2.958333377,0.128614932,3.338761182715515,0.1305752969966621
2011-06-12,359.2208387,279.0791708,294.7166711,0.002329167,85391.25,0.0,1.866666694,4.325000064,0.1286359,3.217477300819772,0.1345714367135351
2011-06-13,360.2000054,275.0208374,293.6833377,0.002054167,85663.33333,0.0,2.166666699,3.366666717,0.12867086,3.023094536553443,0.1269420455423439
2011-06-14,360.629172,278.8333375,294.6958377,0.00205,85787.5,0.0,2.137500032,0.887500013,0.128691828,3.245480888239794,0.1191449845834603
2011-06-15,356.716672,297.6500044,296.2250044,0.002720833,85636.66667,0.0,2.970833378,1.895833362,0.128726784,3.214868209165745,0.1437036332213729
2011-06-16,357.991672,299.3791711,296.8583378,0.0032875,85243.33333,0.0,3.55416672,4.112500061,0.128846943,3.1015713620927547,0.1662946515329638
2011-06-17,358.266672,294.6541711,296.5166711,0.003058333,85287.08333,0.0,3.616666721,4.537500068,0.128956156,2.9658489734540407,0.1580331924853188
2011-06-18,359.1333387,300.7791711,296.7375044,0.003695833,85504.16667,0.0,3.487500052,4.183333396,0.12907936,2.8553162514065447,0.1889043214691772
2011-06-19,358.3958387,289.4875043,296.3458377,0.002454167,85182.5,0.0,4.804166738,4.937500074,0.129188573,2.967565890361909,0.1279846229409653
2011-06-20,360.2833387,291.9083377,295.4333377,0.0030375,85178.75,0.0,3.225000048,-0.754166678,0.129326397,2.946139719198658,0.1674988065820825
2011-06-21,359.6875054,293.204171,296.8208378,0.002370833,85350.0,0.0,0.779166678,-1.279166686,0.129436245,3.615213352571608,0.1203500631573964
2011-06-22,359.554172,297.9916711,298.9625045,0.002083333,85518.75,0.0,1.929166695,0.337500005,0.129559446,3.758921130456293,0.0931303348958383
2011-06-23,354.8458386,314.445838,300.0291711,0.003441667,85639.58333,0.0,4.433333399,1.483333355,0.129668659,3.636404937600473,0.1445869492580309
2011-06-24,352.6208386,326.4083382,299.6708378,0.004820833,85618.33333,0.0,4.358333398,1.983333363,0.129791863,3.567150553887464,0.2068314286423172
2011-06-25,353.9583386,318.3333381,299.5250045,0.003820833,85535.0,0.0,3.537500053,1.870833361,0.129901076,3.7133241537957113,0.1651954519659943
2011-06-26,352.2333386,317.4625047,299.9000045,0.002991667,85510.0,0.0,3.700000055,2.300000034,0.130024276,3.871869568373155,0.1264574326691647
2011-06-27,353.5125053,312.583338,299.4708378,0.002245833,85505.41667,0.0,2.754166708,1.162500017,0.130148112,3.9685947468157616,0.097379614895899
2011-06-28,241.9583369,332.950005,300.2958378,0.0027375,85596.66667,0.0,2.683333373,1.070833349,0.130271949,3.1686984252615438,0.1131449741940728
2011-06-29,341.6041718,351.2083386,301.8000045,0.005504167,85515.41667,0.0,3.225000048,2.425000036,0.130381162,4.059619671182953,0.2080255230931997
2011-06-30,347.5791718,351.0041719,301.4791712,0.0061125,85581.25,0.0,3.416666718,2.983333378,0.130504365,3.9243691565377863,0.2355815583737484
2011-07-01,337.575005,304.3458379,299.3791711,0.002775,85630.0,0.0,1.162500017,0.383333339,0.130628202,4.058719251795826,0.1211595891733046
2011-07-02,325.3833382,338.6708384,301.9333378,0.00345,85552.91667,0.0,-1.32500002,0.579166675,0.130737415,4.442209607992981,0.1294338428155222
2011-07-03,319.7750048,369.8083388,302.4666712,0.0061625,85589.16667,0.0,-1.058333349,2.437500036,0.130860615,4.269340221963093,0.2242110426389058
2011-07-04,317.1333381,377.3250056,299.6333378,0.008695833,85663.75,0.70000001,2.912500043,0.758333345,0.130969828,4.966550756157283,0.3741145420758797
2011-07-05,309.933338,378.0666723,298.8708378,0.009458333,85722.08333,0.500000007,3.112500046,0.129166669,0.131093029,5.429260816369199,0.4261471227637952
2011-07-06,311.220838,374.2041722,299.0625045,0.0091875,85829.58333,3.000000045,2.704166707,0.854166679,0.131216865,22.969527309116128,0.409741359903943
2011-07-07,307.4166712,375.5458389,300.2250045,0.0098125,85795.83333,1.900000028,3.504166719,-0.054166667,0.131340704,30.207923570184764,0.4082172560074243
2011-07-08,312.7500047,369.9708388,300.8166711,0.009045833,85625.41667,0.0,2.333333368,-0.125000002,0.131449918,17.275280492904947,0.3626722957416955
2011-07-09,300.8958378,374.6458389,300.7666711,0.008595833,85525.0,0.100000001,2.43333337,1.004166682,0.131573118,11.67482047854131,0.3452427374239794
2011-07-10,276.8125041,378.1375056,298.8708378,0.008266666,85652.5,0.70000001,2.829166709,1.379166687,0.131682331,10.784888254039345,0.3721539883914913
2011-07-11,276.4875041,366.6958388,296.4666711,0.008591666,85727.08333,4.500000067,2.783333375,1.429166688,0.131805531,46.63394223983393,0.4476090995819769
2011-07-12,312.0750047,359.6750054,297.5458378,0.008820833,85728.33333,0.200000003,2.708333374,1.237500018,0.131929367,21.950363904484384,0.4304189778269578
2011-07-13,324.0458382,349.8375052,298.8541711,0.0070875,85602.91667,0.0,2.375000035,2.925000044,0.132053207,14.483104541546329,0.3192030168552289
2011-07-14,337.0333384,285.7458376,296.1458377,0.003075,85618.33333,0.0,1.250000019,3.433333384,0.13216242,8.748463382548687,0.1631616207971486
2011-07-15,336.200005,284.1708376,295.7333377,0.002895833,85532.5,0.0,1.025000015,2.729166707,0.132285621,6.957739215832218,0.1574250273493105
2011-07-16,325.2750048,311.0750046,297.5708378,0.002816667,85535.0,0.0,1.32500002,1.000000015,0.132099221,7.270935231492922,0.1369243251533101
2011-07-17,300.2625045,341.0708384,299.3458378,0.0039,85587.91667,0.0,0.65000001,0.837500012,0.13188471,7.127790130265932,0.1705331600963976
2011-07-18,294.5500044,360.9125054,298.6708378,0.005720833,85775.0,0.400000006,-1.433333355,1.895833362,0.131684187,6.358961615967286,0.2610196446832621
2011-07-19,296.6458378,362.9416721,298.9791711,0.007095833,85922.91667,0.0,1.700000025,1.737500026,0.131484299,5.358115265563884,0.3183836628397435
2011-07-20,276.1875041,368.4458388,299.5625045,0.0077625,85792.91667,11.10000017,3.300000049,-0.308333338,0.131284411,124.05449563132692,0.3358766202724942
2011-07-21,309.0000046,369.2166722,299.9208378,0.008683333,85743.75,1.400000021,3.704166722,0.283333338,0.131084523,67.54331093981055,0.3675920048999699
2011-07-22,238.9125036,359.2958387,300.6041711,0.006633333,85655.41667,0.0,3.525000053,1.195833351,0.130870012,19.273468874043736,0.2693982232190652
2011-07-23,255.6583371,391.1833392,300.5416711,0.009258333,85753.33333,0.0,3.500000052,-0.037500001,0.130669492,13.931178854621344,0.3778287826333407
2011-07-24,306.5791712,376.6208389,299.8666711,0.010395833,86018.33333,8.200000122,4.866666739,0.262500004,0.130469604,124.77171409832908,0.4429187063748999
2011-07-25,265.6416706,376.4708389,297.0583378,0.009779166,86059.58333,8.70000013,3.437500051,1.254166685,0.130273755,125.49826723422734,0.49337754237282
2011-07-26,230.9875034,372.3958389,297.5708378,0.009404166,85724.16667,0.0,2.770833375,1.645833358,0.130062884,45.60349201512615,0.4581680517543146
2011-07-27,309.5083379,362.9958387,298.8791711,0.008604166,85691.66667,0.0,3.279166716,0.595833342,0.129865986,27.889899026227088,0.3873317343000636
2011-07-28,217.0125032,366.1125055,299.1375045,0.007691666,85661.25,1.700000025,3.308333383,-0.491666674,0.129669761,27.335151924972507,0.3408276453407652
2011-07-29,271.3708374,374.1583389,299.1958378,0.008954166,85763.75,1.600000024,1.750000026,0.166666669,0.129458868,29.98736569896744,0.3958644743966272
2011-07-30,296.1250044,369.0916722,299.8416711,0.008241666,85876.25,0.300000004,0.237500004,0.779166678,0.129247371,21.22134152505061,0.3510803763277187
2011-07-31,290.641671,378.2416723,299.8500045,0.008170833,85928.33333,3.900000058,-1.308333353,2.137500032,0.129050478,54.37189913543864,0.348101790869216
2011-08-01,279.8166708,386.1333391,298.8333378,0.009975,86007.91667,11.20000017,2.237500033,0.300000004,0.128854256,133.36072911216766,0.4519372606071085
2011-08-02,296.8708378,370.7250055,298.8791711,0.009208333,85899.16667,1.000000015,1.033333349,-1.329166686,0.128658014,72.63238280540847,0.4155331506681919
2011-08-03,305.4000046,365.7041721,300.9500045,0.008025,85750.83333,0.0,2.237500033,-0.670833343,0.128447112,39.76280142220591,0.3196940320236248
2011-08-04,300.7958378,358.9000053,299.5875045,0.007025,85731.66667,0.200000003,0.933333347,0.741666678,0.128235614,20.66907615066681,0.3032970479246011
2011-08-05,301.9958378,367.9166721,300.2208378,0.0081625,85707.08333,0.0,2.829166709,0.291666671,0.128038709,13.89269128252553,0.3393068004522369
2011-08-06,308.9333379,349.5333385,300.3791711,0.006620833,85918.75,0.0,3.191666714,0.504166674,0.127842474,10.251633140837235,0.2733276272841211
2011-08-07,295.1625044,364.1958388,301.0916712,0.008516666,85811.25,0.0,3.625000054,0.800000012,0.127631607,8.15972880201169,0.3367003231497134
2011-08-08,299.9750045,372.6958389,300.9250045,0.0097875,85862.91667,0.0,4.083333394,0.800000012,0.127434729,7.01757244246342,0.3909921460503977
2011-08-09,277.7458375,375.2250056,300.5541711,0.00955,85738.75,0.0,3.745833389,0.550000008,0.127238493,6.156061698731013,0.3893776881394351
2011-08-10,286.1458376,371.8916722,300.7625045,0.008575,85636.25,0.0,3.754166723,1.12083335,0.127027603,6.065744195037002,0.3449387521336582
2011-08-11,288.554171,377.0750056,300.2541711,0.010483333,85801.66667,0.0,3.987500059,0.958333348,0.126830715,5.408216108595445,0.4354021530363878
2011-08-12,294.7875044,380.795839,299.8583378,0.011083333,85796.66667,0.0,4.450000066,0.591666675,0.126619851,5.121665554351201,0.471226179582331
2011-08-13,287.966671,379.7375057,298.2291711,0.0098125,85757.08333,4.00000006,3.537500053,0.854166679,0.126422949,27.66502840303631,0.4596386486228013
2011-08-14,287.654171,374.1375056,298.9041711,0.008816666,85745.41667,0.0,2.00000003,1.345833353,0.126226712,13.528862923028514,0.3965532329699192
2011-08-15,284.4958376,377.3916723,299.7083378,0.009225,85595.41667,0.500000007,2.545833371,0.837500012,0.12601584,14.927755585564144,0.3947991372761963
2011-08-16,280.3791708,376.5875056,298.6458378,0.009929166,85810.83333,21.70000032,2.908333377,0.741666678,0.125886551,168.04610231528977,0.4538985202106571
2011-08-17,281.8791709,380.670839,300.3250045,0.009666666,85942.5,4.900000073,2.387500036,1.12083335,0.125775491,110.422519023602,0.4004601991996799
2011-08-18,262.8000039,372.0875055,300.4500045,0.0085375,85895.0,2.200000033,2.825000042,1.545833356,0.125665079,76.51975352676524,0.3508831175912256
2011-08-19,274.2458374,379.4916723,297.3208378,0.0095875,85818.75,3.400000051,1.962500029,1.195833351,0.125540026,65.43582826245947,0.4747405794487047
2011-08-20,285.1875042,372.9125056,298.3833378,0.009958333,85634.16667,2.500000037,2.191666699,1.254166685,0.125414326,58.756847927985326,0.4615058831571945
2011-08-21,272.0666707,357.579172,299.0291711,0.0075625,85783.33333,0.200000003,2.079166698,1.020833349,0.125303273,27.47309171874378,0.3377604242954867
2011-08-22,279.9125042,357.829172,300.2666711,0.006825,85917.5,0.0,1.979166696,0.150000002,0.125178195,16.401205382207465,0.2836340491925785
2011-08-23,286.5541709,360.0250054,301.2333378,0.006795833,85820.83333,0.0,1.862500028,-0.620833343,0.125052503,10.970693536377906,0.2664695281491026
2011-08-24,284.5958376,351.7166719,301.0875045,0.005816667,85713.75,1.900000028,1.275000019,-0.233333337,0.124941436,23.3910839172306,0.2297528171025472
2011-08-25,268.625004,362.3250054,301.6875045,0.006454167,85719.58333,0.0,0.570833342,0.775000012,0.124816362,15.3093992682072,0.2461279966890616
2011-08-26,280.5000042,364.3541721,301.1125045,0.0066375,85879.58333,0.600000009,-2.516666704,0.812500012,0.1247053,13.813308141770523,0.2622961491352545
2011-08-27,270.2291707,358.8250053,300.6750045,0.0062875,85964.58333,0.100000001,-1.37500002,0.208333336,0.124594871,10.891475083421188,0.2552052979000086
2011-08-28,276.3291708,354.0333386,298.7000045,0.0061875,85828.75,0.200000003,0.358333339,-1.033333349,0.124469808,9.66445726011845,0.2819955324030083
2011-08-29,282.4083375,344.6291718,299.9041711,0.006675,85704.58333,0.0,3.054166712,0.208333336,0.124344117,6.539212578258457,0.2827236250174709
2011-08-30,279.5791708,341.1333384,299.3958378,0.0053625,85625.41667,0.0,2.450000037,0.479166674,0.124233049,5.952221303784254,0.2338877554151087
2011-08-31,274.9958374,357.0500053,300.6750045,0.006295833,85492.08333,0.0,2.954166711,1.533333356,0.124107968,5.679406405814007,0.2541389465084166
2011-09-01,214.6458365,352.9291719,299.6458378,0.005583333,85575.83333,0.0,0.766666678,1.195833351,0.123996898,4.335657269517903,0.2397828254363265
2011-09-02,258.9833372,366.3625055,300.1416711,0.006591667,85671.25,0.0,1.270833352,-0.104166668,0.123871852,5.31671899357042,0.2751818009323979
2011-09-03,277.5166708,339.5750051,299.0916711,0.0054375,85601.25,0.0,2.866666709,-0.312500005,0.123760797,4.642216353278927,0.2414338315796554
2011-09-04,280.4708375,340.1375051,299.7333378,0.005420833,85652.5,0.0,2.091666698,0.562500008,0.12363574,4.6771277005637,0.2318034835412915
2011-09-05,241.4791703,363.9291721,300.2708378,0.006633333,85703.33333,0.0,0.362500005,2.01250003,0.123524687,4.337459728035862,0.2749137534728925
2011-09-06,270.5041707,364.1541721,298.3625044,0.008116666,85797.5,0.0,-0.320833338,1.012500015,0.123399635,4.871206519988015,0.3773455643050084
2011-09-07,268.2291707,359.0500054,297.9625044,0.007720833,85838.33333,0.200000003,1.258333352,-0.091666668,0.123288553,4.898021119574193,0.3678602262117232
2011-09-08,266.775004,342.8916718,298.1625044,0.006145833,85841.66667,0.0,1.950000029,0.783333345,0.123163421,4.260553642684529,0.2893257327227961
2011-09-09,243.733337,333.325005,296.4583378,0.005120833,85712.5,1.300000019,0.800000012,0.43333334,0.123037574,7.500874215937483,0.2668755758793338
2011-09-10,268.8916707,328.8833382,293.6333377,0.005429167,85621.25,0.500000007,0.225000003,3.066666712,0.122926424,6.445433266656623,0.3363892633778572
2011-09-11,267.312504,339.0750051,293.1708377,0.007033333,85868.33333,10.80000016,0.154166669,3.712500055,0.122801347,108.94729383883102,0.4498399768159785
2011-09-12,248.2000037,330.4291716,293.3875044,0.006783333,86173.75,5.500000082,0.925000014,2.400000036,0.122690281,85.29017680262194,0.4295397762410158
2011-09-13,233.2166701,332.8666716,293.8375044,0.006241667,86203.75,0.100000001,-0.820833346,1.595833357,0.122565223,42.43405885520929,0.3844451343292238
2011-09-14,234.3000035,344.1333385,293.3333377,0.008058333,85811.25,8.100000121,-0.179166669,2.45833337,0.122454157,90.0066342117562,0.5098511555719489
2011-09-15,229.7458368,343.9583385,293.716671,0.008770833,85655.41667,0.0,1.504166689,2.420833369,0.122329145,51.46852906378738,0.5408402661784554
2011-09-16,238.0416702,327.7458382,294.1791711,0.007283333,85785.0,0.200000003,1.466666689,2.937500044,0.122315698,31.14091881729045,0.4370505070948924
2011-09-17,261.7666706,320.7666714,293.5958377,0.006995833,85940.0,0.0,2.262500034,2.633333373,0.122307158,17.07910634716163,0.4360908059427985
2011-09-18,262.9500039,304.0541712,292.729171,0.005516667,86192.5,0.0,1.850000028,1.204166685,0.1222985,10.625977362491302,0.3641029552398866
2011-09-19,262.7416706,298.0708378,293.954171,0.004004167,86067.08333,0.0,0.033333334,0.237500004,0.122275201,12.077482030716922,0.2444593683266598
2011-09-20,262.8833373,294.1458377,294.7166711,0.003329167,85893.75,0.0,1.683333358,0.583333342,0.1222659,7.376429047593952,0.193479980359083
2011-09-21,261.6416706,287.779171,294.5833377,0.002625,85790.41667,0.0,2.566666705,0.925000014,0.122257239,5.870426069272389,0.1536335783451748
2011-09-22,255.6916705,302.3125045,294.9541711,0.003104167,85976.66667,0.0,1.287500019,-0.050000001,0.122248541,5.478219888397184,0.1779501447848539
2011-09-23,256.2000038,298.4750044,295.4250044,0.002816667,86009.58333,0.0,-0.958333348,0.025,0.122239884,4.950503566808483,0.1569165918279306
2011-09-24,252.9750038,295.9291711,295.6708377,0.002729167,85927.5,0.0,0.387500006,0.762500011,0.122231173,4.354098277935057,0.1496220137281073
2011-09-25,248.720837,335.3666717,296.4625044,0.004145833,85626.25,0.0,2.941666711,2.075000031,0.122207875,4.309621479082416,0.2157905847461561
2011-09-26,250.4541704,299.4083378,294.0125044,0.003991667,85747.08333,0.0,1.475000022,1.79583336,0.122198558,3.316977277838681,0.2419117979001244
2011-09-27,245.4625037,301.9458378,293.591671,0.003308333,85939.16667,0.0,0.779166678,-0.116666668,0.122190279,3.470895880261713,0.2062791227652256
2011-09-28,242.3625036,318.4875047,293.9250044,0.0049625,85856.66667,0.0,3.266666715,0.337500005,0.122183593,3.07978002393061,0.3027744613358916
2011-09-29,241.9541703,315.2291714,295.0083377,0.005275,85895.41667,0.0,3.129166713,0.208333336,0.12216894,2.998918592078356,0.3011028161281175
2011-09-30,220.1875033,331.1166716,296.6875044,0.005283333,86059.58333,0.0,0.333333338,1.458333355,0.122161064,2.934470646810569,0.2726279899075929
2011-10-01,224.0750033,320.7500048,295.1250044,0.004904167,85983.33333,0.0,-3.204166714,2.300000034,0.122144848,2.9098348372135514,0.2782147988922074
2011-10-02,232.2750035,329.4958382,294.8166711,0.005533333,86019.16667,0.300000004,-0.304166671,1.612500024,0.122142544,3.253322961140125,0.3200655866712685
2011-10-03,230.2458368,322.6958381,294.3083377,0.00575,86000.0,0.0,0.370833339,2.129166698,0.122126098,2.856315248444888,0.3431453487281692
2011-10-04,206.6625031,327.5416715,293.8458377,0.006833333,85785.83333,1.000000015,1.737500026,4.945833407,0.122109391,3.823992913445356,0.4186303071762927
2011-10-05,226.1500034,320.3458381,288.891671,0.0059125,85512.08333,0.100000001,2.837500042,5.025000075,0.122106771,3.0207692739501906,0.4943538101703099
2011-10-06,179.8750027,311.383338,286.2625043,0.00555,85229.16667,3.000000045,3.354166717,5.608333417,0.122090346,8.65054806781574,0.549214941886654
2011-10-07,150.3208356,315.983338,284.1458376,0.003833333,85421.25,0.0,3.470833385,1.595833357,0.122073381,6.002510731698674,0.4377577713063184
2011-10-08,229.1333367,254.9125038,283.2500042,0.002508333,85751.66667,0.0,1.183333351,-0.591666675,0.12207078,6.199807940027953,0.3054574851533936
2011-10-09,229.2541701,254.9166705,284.8416709,0.002704167,85778.33333,0.0,-0.829166679,-0.395833339,0.122054435,5.500678395236007,0.2959771535584999
2011-10-10,229.2500034,256.3791705,287.4750043,0.002708333,85671.66667,0.0,-0.195833336,1.462500022,0.122042501,4.42128086365911,0.2487665938584886
2011-10-11,225.62917,258.7500039,288.3125043,0.0022875,85525.41667,0.0,1.429166688,0.100000001,0.122034007,3.920824296682656,0.1986092510503509
2011-10-12,225.5125034,268.4833373,289.4708376,0.00255,85724.58333,0.0,-0.175000003,-1.391666687,0.122025655,3.674729879841767,0.2058997086710584
2011-10-13,224.9625034,272.6625041,291.0250043,0.002670833,85777.5,0.0,-2.150000032,-1.004166682,0.1220173,3.351434399250924,0.1953647827963928
2011-10-14,221.7083366,266.9708373,290.7375043,0.0023,85780.41667,0.0,0.954166681,-0.179166669,0.121994324,3.0507177895469924,0.1713526034516153
2011-10-15,220.1791699,270.7208374,292.641671,0.002216667,85807.08333,0.0,-0.391666673,0.808333345,0.121992245,2.872648530238478,0.1464490769278059
2011-10-16,215.4625032,274.3208374,291.916671,0.0025375,85896.25,0.0,0.987500015,0.762500011,0.121883171,2.5943431255793694,0.175658215005194
2011-10-17,215.4083365,276.7541708,291.1833377,0.003325,86023.75,0.0,2.554166705,-1.295833353,0.121769404,2.4308834369441,0.2414717861929512
2011-10-18,215.7875032,265.750004,291.5125043,0.0025375,86041.66667,0.0,-2.43333337,-2.170833366,0.121666701,2.4220118238180683,0.1805111781788664
2011-10-19,214.2750032,260.6250039,290.5125043,0.002095833,85868.33333,0.0,-2.966666711,0.929166681,0.12154966,2.2575084571286324,0.1585614550123011
2011-10-20,210.9166698,260.2833372,289.2583376,0.002145833,85762.91667,0.0,1.57916669,2.154166699,0.121431974,2.01893237388676,0.1757322720897257
2011-10-21,206.2000031,269.0291707,289.6750043,0.002645833,86123.75,0.0,0.358333339,0.67500001,0.121314285,1.8853504436279664,0.2118323254028696
2011-10-22,205.3375031,275.9916708,290.054171,0.003141667,86177.08333,0.0,-0.337500005,-1.170833351,0.121211222,1.8519612201399709,0.2456356580940903
2011-10-23,203.300003,269.6541707,289.954171,0.002770833,86085.0,0.0,0.545833341,-0.337500005,0.121094168,1.753495354822663,0.217801684880912
2011-10-24,155.2583356,283.5541709,289.566671,0.0028,86074.58333,0.0,1.195833351,1.025000015,0.120991106,1.3828618047650354,0.2256134162587828
2011-10-25,178.9250027,316.6875047,289.816671,0.003833333,85927.91667,0.600000009,2.225000033,2.833333376,0.120874056,2.4388444909171065,0.3034350403871276
2011-10-26,127.8166686,320.2750048,288.7458376,0.006895833,85510.0,3.700000055,3.216666715,3.454166718,0.120756367,8.498629499259192,0.582024307521564
2011-10-27,198.2083363,265.3208373,284.6916709,0.004366667,85545.83333,1.100000016,-0.066666668,-1.791666693,0.120653304,9.8802192168284,0.4814491606835786
2011-10-28,195.8875029,249.7708371,284.2625042,0.002816667,85912.91667,0.0,-1.841666694,-0.670833343,0.120536192,7.392811051398081,0.3209838285183216
2011-10-29,194.5083362,250.6916704,286.0666709,0.0022375,85972.91667,0.0,-1.704166692,0.429166673,0.120424382,6.066088938522888,0.2262596517276263
2011-10-30,194.9333362,243.3666703,286.0333376,0.002075,86094.58333,0.0,-0.262500004,-0.704166677,0.120312753,4.516700975810663,0.2105882009716329
2011-10-31,193.4708362,253.2333371,287.5875043,0.001820833,85997.91667,0.0,-0.725000011,0.587500009,0.120213912,4.057941592528987,0.1666543812154235
2011-11-01,185.4958361,247.808337,286.1791709,0.002125,85667.08333,0.0,1.662500025,1.754166693,0.12009213,2.92631890632062,0.2125323250175348
2011-11-02,192.8833362,229.6916701,285.4750043,0.002025,85839.58333,0.0,-0.020833334,-2.108333365,0.119983941,2.2532312581499383,0.212633831635195
2011-11-03,182.8875027,224.1458367,282.8416709,0.0012875,86076.66667,0.0,-4.087500061,1.295833353,0.119861769,1.9601651991183608,0.1617990223321538
2011-11-04,175.5041693,253.4458371,284.2041709,0.002158333,85336.25,0.0,-1.241666685,5.125000076,0.119753584,1.9196441531153676,0.2452685665402216
2011-11-05,94.06666807,315.8000047,282.7250042,0.005675,84987.08333,19.10000028,5.150000077,6.858333436,0.15055398,83.12412765168315,0.7097472089138184
2011-11-06,129.9666686,275.7250041,279.9666708,0.004183333,85543.33333,1.000000015,0.491666674,2.008333363,0.172703282,22.56719495793852,0.636543809169893
2011-11-07,75.63750113,305.4291712,279.5833375,0.004275,85536.25,6.400000095,2.220833366,3.345833383,0.16506107,39.72592505663884,0.6680309718028181
2011-11-08,175.2125026,250.6083371,277.8666708,0.004079167,85859.58333,3.400000051,2.450000037,-0.300000004,0.242791143,36.69639377155005,0.7218201721123008
2011-11-09,176.8000026,223.0625033,279.2458375,0.002904167,86304.16667,0.0,-2.729166707,-2.287500034,0.210874741,37.9718299152578,0.4688120412786645
2011-11-10,174.6875026,221.11667,281.1666709,0.0021125,86407.5,0.0,-4.575000068,-0.22916667,0.17459814,42.47801336512298,0.2988269265715155
2011-11-11,147.5958355,251.0166704,279.8958375,0.001591667,85817.5,0.0,-2.962500044,1.800000027,0.149753547,22.754851650443182,0.2441668741098914
2011-11-12,157.2958357,256.0083371,281.2875042,0.002358333,85497.91667,0.0,-0.179166669,3.700000055,0.136506909,14.216306409104147,0.3273572964792905
2011-11-13,77.99166783,304.3708379,282.2166709,0.005866667,85575.41667,4.900000073,1.012500015,2.754166708,0.126895677,14.98235576330977,0.7648205138918903
2011-11-14,161.9250024,273.8291707,281.1208375,0.005920833,85558.75,0.0,0.116666668,1.500000022,0.121929472,15.448719520055606,0.8319345091070045
2011-11-15,132.1083353,279.8500042,281.4125042,0.005683333,85640.83333,0.0,2.395833369,0.612500009,0.119873884,9.83010188588616,0.7834556464594716
2011-11-16,161.1500024,260.1916705,282.3958375,0.005379167,85897.08333,0.0,1.175000018,-0.595833342,0.119130997,8.349852106835906,0.6953548287374011
2011-11-17,161.1958357,250.2416704,283.0000042,0.0039875,86076.25,0.0,-2.129166698,0.054166667,0.118819909,7.07839779302851,0.4957487346583791
2011-11-18,157.7375024,248.5041704,283.0083376,0.003941667,85600.41667,0.0,1.045833349,2.633333373,0.118712908,5.439779255469041,0.4870662024341361
2011-11-19,153.1875023,255.3916705,283.2708376,0.004583333,85317.5,0.0,1.545833356,3.766666723,0.118684104,3.8546344783853934,0.5545367527382655
2011-11-20,152.9833356,271.6958374,283.4791709,0.004954167,85500.41667,0.0,-0.041666667,3.750000056,0.118676284,3.1440144036412168,0.5922885106147278
2011-11-21,122.6416685,303.8375045,283.3916709,0.005533333,85715.41667,0.600000009,1.825000027,2.279166701,0.118691989,3.3583626704537166,0.6671258921707559
2011-11-22,156.2875023,250.6291704,282.5750042,0.004825,86307.91667,0.0,-0.195833336,-0.975000015,0.118714051,2.599177486098849,0.6191026852846258
2011-11-23,159.679169,234.4291702,283.4916709,0.002908333,86102.91667,0.0,-3.300000049,0.716666677,0.118731663,2.5017133574503534,0.3498563621451342
2011-11-24,151.1083356,247.670837,283.7375042,0.002716667,85801.25,0.100000001,-0.683333344,4.075000061,0.118763262,2.450978582421433,0.3202982127368073
2011-11-25,135.8791687,314.408338,283.5541709,0.005766667,85835.83333,1.400000021,3.212500048,1.112500017,0.118780871,3.8916234376044248,0.6886341811599289
2011-11-26,155.391669,235.4041702,282.4083375,0.003975,86342.5,0.0,-0.091666668,-2.633333373,0.11881247,2.3217177589446014,0.5160655666595682
2011-11-27,155.1833356,219.2541699,282.4083375,0.001404167,86845.41667,0.0,-2.887500043,-1.208333351,0.118830082,2.638317247304975,0.183361771393935
2011-11-28,152.9000023,225.1625034,281.8250042,0.001120833,86474.16667,0.0,-1.258333352,-1.175000018,0.118861681,2.031947134758798,0.1516605670541715
2011-11-29,150.6416689,217.2083366,281.7333375,0.001116667,86091.66667,0.0,-0.68750001,-0.520833341,0.118893916,1.3031773482778917,0.1513758547382371
2011-11-30,149.9666689,223.12917,281.8458375,0.001504167,85954.16667,0.0,-2.195833366,0.641666676,0.118911528,1.4557136480384705,0.2020175102274083
2011-12-01,88.71666799,248.0291704,281.1083375,0.0026,84809.58333,0.70000001,0.295833338,5.166666744,0.118943123,1.6645921625660098,0.3624382195989714
2011-12-02,76.95833448,295.6041711,278.8708375,0.004920833,85348.75,5.100000076,-0.0125,1.045833349,0.167977687,6.179052399064768,0.8064679166557919
2011-12-03,69.30000103,287.0583376,276.9458375,0.0045625,85425.0,9.100000136,1.37500002,1.950000029,0.369024123,10.16259829164545,0.8575333737326062
2011-12-04,144.6041688,249.333337,275.8875041,0.003954167,85762.5,3.800000057,1.55416669,-0.495833341,0.566562945,5.890280611118514,0.8048602201067978
2011-12-05,126.6291686,241.2625036,274.8000041,0.0033625,85730.83333,1.400000021,1.437500021,0.016666667,0.573157731,2.359323711626121,0.7400896850882769
2011-12-06,151.1208356,194.4250029,272.8791707,0.002479167,86185.41667,0.0,-2.166666699,-2.245833367,0.59232194,4.523238226608612,0.6313263464686649
2011-12-07,150.4833356,200.575003,273.0708374,0.002283333,86232.08333,0.0,-3.320833383,-1.09583335,0.545577722,10.120011741783848,0.573611892216205
2011-12-08,149.7458356,195.4000029,274.2291708,0.002120833,85725.0,0.0,-3.116666713,0.516666674,0.474938239,10.179557492569382,0.4865555136966075
2011-12-09,149.0916689,204.1291697,275.3833374,0.002058333,85765.41667,0.0,-3.383333384,-1.537500023,0.399056091,14.029012977490437,0.4344840343129816
2011-12-10,148.7166689,204.212503,276.4291708,0.002291667,85947.91667,0.0,-4.433333399,-0.358333339,0.31832737,12.460265018471915,0.4496529576932238
2011-12-11,140.3375021,227.9666701,278.0083375,0.0036875,85541.66667,0.0,-3.645833388,1.262500019,0.253901394,6.611775496621264,0.6436197874656397
2011-12-12,84.6833346,294.0000044,278.8458375,0.004733333,85244.16667,13.7000002,-1.895833362,2.866666709,0.205036836,29.9653076646491,0.7761482514841495
2011-12-13,73.89166777,322.6000048,278.4500041,0.005595833,85333.33333,27.20000041,-1.029166682,3.716666722,0.224545643,25.287982996048484,0.9444455549125528
2011-12-14,77.22500115,303.2666712,277.1708375,0.0051125,85648.33333,6.500000097,-0.037500001,2.641666706,0.383361473,14.37253004444345,0.9481068567223936
2011-12-15,144.2916688,220.4375033,275.8250041,0.004233333,85937.91667,0.0,-1.745833359,-1.420833355,0.342873358,4.998607084900129,0.8673364586795341
2011-12-16,141.8041688,229.7708368,276.9291708,0.003658333,85710.0,0.0,-5.470833415,-1.020833349,0.28667979,24.25195474432643,0.6907069601528654
2011-12-17,133.175002,245.8875037,279.4833375,0.004445833,85947.5,1.300000019,-5.412500081,0.608333342,0.229051633,24.403533385992745,0.7029530618424149
2011-12-18,49.60833407,322.7458381,280.4833375,0.0054875,85926.66667,6.000000089,-0.283333338,0.691666677,0.181344868,12.876486627078418,0.8092037466891836
2011-12-19,58.40000087,317.2833381,279.1500042,0.005966667,85599.58333,0.900000013,3.254166715,0.395833339,0.157380778,13.608255974522764,0.9617458824342175
2011-12-20,136.5041687,299.8750045,279.1750042,0.0056625,85585.41667,0.0,0.658333343,0.154166669,0.142779227,23.87363567004662,0.9109722142847676
2011-12-21,101.5833348,296.4208378,278.7958375,0.004979167,85317.91667,0.0,0.270833337,-0.125000002,0.134165476,12.990205738758856,0.820037410083507
2011-12-22,135.150002,285.3000043,277.9625041,0.004316667,85577.5,0.0,2.829166709,1.187500018,0.129829911,17.31993071945785,0.7561958635204626
2011-12-23,142.6708355,228.8625034,275.7583374,0.0025625,85920.83333,0.300000004,-1.587500024,-4.225000063,0.228400891,12.149314695118724,0.5274318026816539
2011-12-24,144.1458355,211.2166698,275.4458374,0.00245,86465.83333,0.0,-2.325000035,-2.187500033,0.223008019,6.179337146442602,0.5190354591357756
2011-12-25,145.8125022,206.8583364,275.9708374,0.002,86465.41667,0.0,-2.479166704,-2.220833366,0.197759648,5.476366370651728,0.4079800692611729
2011-12-26,145.5916688,209.7875031,276.6541708,0.001629167,86324.58333,0.0,-1.154166684,-0.629166676,0.174206274,3.489066997011049,0.3159384628061298
2011-12-27,145.7791688,205.6708364,275.6625041,0.001845833,86229.58333,0.0,-1.141666684,-0.200000003,0.155142163,2.440017544594915,0.3839280812891092
2011-12-28,145.1541688,210.2458365,276.6250041,0.001779167,86273.75,0.0,-2.029166697,-2.154166699,0.141147149,2.6781428276597783,0.3455436621247958
2011-12-29,142.7750021,225.2625034,278.3625041,0.001633333,86006.66667,0.0,-2.383333369,-1.070833349,0.131831497,2.5789814554114074,0.2795606906328129
2011-12-30,142.6500021,240.0208369,280.1208375,0.002166667,85920.0,0.0,-1.604166691,-0.262500004,0.125479864,2.153882376725107,0.3276083875580495
2011-12-31,144.9791688,235.7208368,280.8666709,0.002804167,85885.41667,0.0,-0.854166679,-0.200000003,0.122063006,1.5258933490076327,0.4025071697678154
2012-01-01,140.9833354,215.7166699,279.4250042,0.001804167,86330.41667,0.0,-3.854166724,-1.191666684,0.120612623,1.535684486963225,0.2877060277961181
2012-01-02,137.6416687,231.4333368,280.4500042,0.002558333,86543.75,0.0,-4.512500067,0.095833335,0.120000203,1.3520465021137034,0.3808468099883134
2012-01-03,130.4625019,233.7958368,280.0291708,0.0022875,86588.33333,0.0,-3.270833382,0.745833344,0.119694227,1.0750520787290223,0.3507953892228236
2012-01-04,142.1458355,223.17917,279.7458375,0.002029167,86605.83333,0.0,-2.308333368,-2.225000033,0.119552285,0.9790936962718928,0.317436847335062
2012-01-05,142.5291688,218.6583366,279.3791708,0.002004167,86407.91667,0.0,-2.895833376,-0.691666677,0.119477102,1.0141475726972675,0.3209119812014954
2012-01-06,140.1958354,225.0833367,279.5375042,0.002108333,85820.41667,0.0,-0.612500009,-0.220833337,0.119444515,0.699065127252723,0.331610582043065
2012-01-07,141.9666688,231.0083368,279.6000042,0.002816667,85600.83333,0.0,0.775000012,1.966666696,0.119424009,0.7596802325398447,0.439965952674803
2012-01-08,142.1083355,228.6875034,279.7041708,0.0030625,85452.08333,0.0,0.42083334,-1.379166687,0.120460173,0.617834995791076,0.4740798749753075
2012-01-09,142.7000021,228.0208367,279.9375042,0.002870833,85924.16667,0.0,-1.716666692,-2.441666703,0.121804057,0.7424478290135945,0.4396666811063493
2012-01-10,142.8000021,230.5291701,279.1625042,0.002629167,86150.0,0.0,-0.887500013,-0.812500012,0.121131237,0.606973209542049,0.4261381833428346
2012-01-11,145.5833355,220.56667,277.9083375,0.002158333,85718.33333,0.0,0.345833338,-0.68750001,0.120536619,0.5473325451575181,0.3801729757646624
2012-01-12,139.2750021,214.8333365,276.7875041,0.001795833,85652.08333,0.0,-2.47083337,-1.608333357,0.120137186,0.7114530950870609,0.3422719677171569
2012-01-13,151.4291689,197.6458363,276.1208374,0.001283333,85998.33333,0.0,-3.187500047,-1.816666694,0.119915136,0.8478615676501586,0.2575833347567862
2012-01-14,150.2166689,203.6791697,276.8416708,0.0011375,86284.16667,0.0,-3.487500052,-0.425000006,0.119757936,0.9150757047053996,0.2175561954884385
2012-01-15,110.7666683,256.8583372,278.3250041,0.001508333,86005.41667,0.0,-1.437500021,2.679166707,0.119632526,0.9397173027907366,0.2588449201648233
2012-01-16,63.52083428,323.1833381,280.1125042,0.005233333,85842.5,2.00000003,0.975000015,3.062500046,0.119573509,1.2724112018776368,0.7910438566438723
2012-01-17,148.2833355,253.5458371,279.1583375,0.00575,86064.58333,0.0,-0.262500004,1.879166695,0.11956526,1.0478536603742523,0.9313135831436832
2012-01-18,151.5166689,226.2583367,278.2583375,0.0039125,86237.5,0.0,-0.912500014,0.225000003,0.119562093,1.114409951644613,0.6764064553357648
2012-01-19,153.0166689,224.8625034,278.7208375,0.002391667,86011.25,0.0,-0.870833346,0.379166672,0.119574825,1.2677796992357415,0.3991899026811483
2012-01-20,152.6208356,218.9666699,278.8000042,0.002258333,85695.41667,0.0,-0.145833336,1.300000019,0.119611081,1.0864887851888625,0.3734696370880179
2012-01-21,81.23333454,262.3666706,279.4291708,0.002541667,85645.41667,0.0,0.091666668,2.691666707,0.119636525,0.941460387524485,0.4019803475497013
2012-01-22,145.8291688,244.3291703,279.4958375,0.003370833,85634.16667,0.0,3.800000057,1.441666688,0.119675324,1.1416648062597792,0.5305733126807234
2012-01-23,118.8958351,254.6833371,278.5250042,0.0023875,85741.25,0.0,-0.004166667,1.33750002,0.119702039,0.9105392695258456,0.4027491912956805
2012-01-24,153.6208356,284.1750042,279.3000042,0.003654167,85347.08333,0.0,0.754166678,-0.416666673,0.119738295,1.510504329271352,0.58113613978289
2012-01-25,159.854169,224.2500033,280.2958375,0.002454167,86051.66667,0.0,-1.241666685,-3.195833381,0.119772643,1.1466876163065016,0.367163477895393
2012-01-26,160.1166691,235.4666702,280.4583375,0.002525,86076.25,0.0,-0.86666668,-1.912500028,0.119799994,0.9965092313065792,0.3736385666417976
2012-01-27,140.4625021,245.6750037,280.3625042,0.0030625,85794.58333,0.0,1.116666683,-0.120833335,0.119838793,0.73901054303653,0.4547005373415312
2012-01-28,166.1125025,235.3250035,280.7791709,0.0029875,85972.91667,0.0,-3.929166725,-2.404166702,0.119877588,1.1239827900620416,0.4318598817404834
2012-01-29,168.2916692,217.1958366,280.5416708,0.002183333,86441.66667,0.0,-3.825000057,-1.045833349,0.119916387,1.0501284458674076,0.322585906992698
2012-01-30,168.4083358,224.5125033,280.6791708,0.002391667,85867.08333,0.0,-2.058333364,1.570833357,0.119940559,0.8465649834421095,0.3476968029604877
2012-01-31,140.5750021,245.3750037,280.8125042,0.002470833,85730.0,0.0,0.166666669,2.166666699,0.119978722,0.7314300681078294,0.3553448756423092
2012-02-01,157.3083357,230.2250034,279.9000042,0.0021125,86067.5,0.0,-0.529166675,0.554166675,0.120017521,0.5905365849221431,0.3249142211178217
2012-02-02,171.8333359,221.3125033,278.4000041,0.002079167,85552.5,0.0,2.845833376,1.812500027,0.120041694,0.7655085214864809,0.3530565959035329
2012-02-03,171.1208359,229.0750034,277.4791708,0.002508333,85506.25,0.0,1.450000022,0.312500005,0.120079857,0.5871576767851566,0.4543327758504968
2012-02-04,175.2625026,217.3166699,277.5208375,0.002791667,85726.25,0.0,-2.200000033,-0.537500008,0.120118652,0.5387380927194527,0.5054575012460837
2012-02-05,174.1625026,228.9041701,279.7041708,0.0028125,85744.16667,0.0,-2.295833368,2.066666697,0.120157451,0.6984008547392633,0.4368676454379055
2012-02-06,168.5375025,229.3958368,279.0708375,0.002554167,85646.25,0.0,-0.495833341,2.43333337,0.120196249,0.636383967756202,0.4142107828944355
2012-02-07,149.5083356,245.958337,279.9000042,0.002354167,85635.41667,0.0,-1.470833355,1.066666683,0.120220422,0.6163952884236727,0.3602661821983542
2012-02-08,156.8750023,275.4291708,281.8291709,0.002895833,85814.58333,0.0,-3.029166712,1.616666691,0.120258585,0.9132064281701504,0.3887372076806085
2012-02-09,178.258336,248.595837,282.2666709,0.003429167,85968.75,0.0,-0.900000013,-2.308333368,0.12029738,0.7442512338766999,0.4475759889896529
2012-02-10,180.0375027,243.4750036,282.4291709,0.002758333,86197.91667,0.0,-0.733333344,-1.070833349,0.120321556,0.700142791541147,0.3570016124910701
2012-02-11,181.4541694,237.2958369,282.3291709,0.0026125,85674.58333,0.0,-0.591666675,1.991666696,0.120359719,0.7973540147245995,0.3383722681515682
2012-02-12,171.1125025,252.1541704,282.0916709,0.003254167,85250.83333,0.0,1.925000029,4.054166727,0.120398514,1.0511658204201864,0.4262496376032753
2012-02-13,128.6458353,316.5458381,281.3458375,0.004225,85369.16667,0.0,3.10833338,2.695833374,0.120437313,0.985474098496104,0.5832403228135824
2012-02-14,122.2666685,298.5250044,279.8458375,0.004320833,85128.75,7.500000112,3.279166716,3.983333393,0.142372471,19.377802131816612,0.6598010925447237
2012-02-15,174.9458359,267.687504,276.9291708,0.003454167,85523.33333,3.000000045,1.391666687,2.220833366,0.245528894,21.416872876000664,0.6507393255017463
2012-02-16,181.595836,237.3916702,277.3166708,0.0024875,85458.33333,0.100000001,-2.162500032,2.029166697,0.214008843,16.704726816471133,0.4555327788464456
2012-02-17,192.5416695,236.8416702,278.5291708,0.0027875,85641.25,1.200000018,-0.291666671,-1.416666688,0.180995873,15.15945671034472,0.4695394329642123
2012-02-18,195.7375029,226.92917,278.6375042,0.003170833,85819.58333,0.0,2.054166697,0.975000015,0.154881144,10.80822664731704,0.5311607230652434
2012-02-19,193.1000029,232.2333368,279.2291708,0.003195833,85339.16667,0.0,2.120833365,3.066666712,0.139596343,8.42459010821158,0.5107214073382746
2012-02-20,201.9291697,226.0083367,279.1416708,0.003216667,85545.83333,0.0,1.720833359,-0.075000001,0.132131033,6.31653317389512,0.5184598528468676
2012-02-21,204.675003,220.9125033,280.1458375,0.002154167,85779.16667,0.0,-0.920833347,-0.47083334,0.128041733,5.7455959394819605,0.3246206084955667
2012-02-22,201.3833363,233.5666701,281.4791709,0.002104167,85900.83333,0.0,0.245833337,-1.062500016,0.125018003,5.13214663870575,0.2896141227451723
2012-02-23,202.575003,240.0625036,282.6083375,0.002625,85399.16667,0.0,2.841666709,0.487500007,0.123160356,4.116419005117991,0.3325161952816087
2012-02-24,208.7708364,232.0208368,283.2625042,0.002395833,85593.33333,0.0,-0.970833348,-1.208333351,0.122222103,3.616528908012031,0.2909726412947222
2012-02-25,209.1750031,230.0583368,282.1500042,0.00205,85860.83333,0.0,0.408333339,1.35000002,0.121923396,3.08370530968978,0.2693669759062221
2012-02-26,209.1541698,233.5708368,282.1000042,0.0022875,85431.25,0.0,0.791666678,1.704166692,0.121817995,2.6744637023611464,0.300093232103804
2012-02-27,210.9000031,243.6250036,283.2583376,0.002854167,85258.33333,0.200000003,0.65000001,5.050000075,0.121815625,3.0229550919991173,0.345377731329082
2012-02-28,115.5708351,300.9125045,281.9958375,0.0042625,85488.33333,7.300000109,4.745833404,5.891666754,0.182868643,36.07376220869802,0.5635610883684827
2012-02-29,218.5458366,219.1166699,278.4958375,0.003033333,85949.58333,0.0,-1.179166684,-0.070833334,0.224375207,10.678108668461084,0.5139921778022369
2012-03-01,228.7291701,220.85417,278.3250041,0.002408333,85663.75,0.0,2.475000037,2.337500035,0.183238375,11.193095795712374,0.4116519983041236
2012-03-02,234.5916702,222.4625033,279.2416708,0.002833333,85497.5,0.0,2.90416671,-1.666666692,0.15401847,8.067882002650792,0.4532345231945908
2012-03-03,236.0166702,202.875003,278.0458375,0.001158333,86282.08333,0.0,-1.716666692,-3.441666718,0.141227301,6.557651571306036,0.2033870638309715
2012-03-04,238.3291702,224.14167,280.9458375,0.001708333,86337.91667,0.0,-2.058333364,-2.329166701,0.131911319,5.927315221126376,0.2451618435346977
2012-03-05,231.1541701,233.0416701,283.1791709,0.0019125,85977.5,0.0,-1.991666696,-0.070833334,0.125850478,5.258509194063729,0.2346343234822391
2012-03-06,218.6958366,254.1208371,283.8750042,0.002279167,85511.66667,0.0,1.912500028,4.054166727,0.123814863,4.533086041922758,0.2653403597698499
2012-03-07,237.1583369,230.0458368,283.1875042,0.002275,84905.41667,0.0,5.275000079,5.504166749,0.123094012,4.20503875146099,0.2754717386558975
2012-03-08,241.2958369,241.8250036,278.7375042,0.002333333,85722.08333,0.0,0.970833348,-2.545833371,0.123075747,2.7457453645841987,0.387690095201632
2012-03-09,242.3666703,229.5541701,280.3791708,0.0022125,86354.16667,0.0,-3.970833393,-1.379166687,0.12303201,2.6150684918399647,0.330258959051945
2012-03-10,230.5541701,272.8958374,280.6541708,0.002241667,85793.75,0.0,-0.741666678,-0.745833344,0.123054952,3.349868392733561,0.3261748006591851
2012-03-11,241.6291703,234.6750035,281.3708375,0.002408333,85738.75,0.0,2.387500036,2.287500034,0.123114765,2.303813801049736,0.3333245748921712
2012-03-12,254.0125038,228.7666701,282.9833376,0.001991667,85792.91667,0.0,-0.291666671,2.095833365,0.123179817,2.42997418863197,0.2470794209411231
2012-03-13,255.1666705,226.24167,283.8625042,0.001604167,85744.16667,0.0,0.200000003,2.616666706,0.123273531,2.445120230485468,0.1874223896527385
2012-03-14,257.5291705,224.8208367,283.5041709,0.001708333,85828.75,0.0,0.854166679,1.279166686,0.123363255,2.269295246675373,0.2046757939325559
2012-03-15,257.5625038,235.4000035,284.7916709,0.002033333,85932.08333,0.0,-0.083333335,0.500000007,0.123463961,2.737444903494576,0.223697852398568
2012-03-16,259.2916705,231.9625035,284.1083376,0.001695833,85761.66667,0.0,0.887500013,1.895833362,0.123530265,2.2020439954361475,0.194922485254463
2012-03-17,256.8625038,236.8250035,284.5041709,0.001920833,85253.75,0.0,1.395833354,5.208333411,0.123609694,2.632081454262702,0.2137248652551727
2012-03-18,178.9125027,284.4500042,279.8125042,0.003620833,84772.5,13.5000002,4.641666736,8.391666792,0.196152479,103.93285661638802,0.5518743425749104
2012-03-19,199.0583363,267.125004,275.3541708,0.003195833,84975.0,18.70000028,4.937500074,3.441666718,0.590026921,50.27260952463528,0.6697859758736633
2012-03-20,250.6291704,223.5458367,274.9708374,0.0026,85442.5,0.0,2.075000031,-1.32500002,0.558006307,17.534186207500046,0.5633162471659574
2012-03-21,263.6333373,231.9541701,279.0291708,0.002770833,85764.16667,0.0,0.795833345,-1.775000026,0.417011876,22.907846596398127,0.4512813557672948
2012-03-22,266.8666706,241.6750036,282.6458375,0.002983333,85606.25,0.0,0.670833343,-0.729166678,0.259226416,22.669386139210456,0.3778586790466361
2012-03-23,266.6666706,249.7958371,285.1541709,0.003079167,85755.41667,0.0,0.66250001,1.825000027,0.166990174,22.89594327807417,0.3299795975327765
2012-03-24,261.0666706,255.1541705,285.9458376,0.002920833,85733.75,0.0,-0.825000012,1.895833362,0.137172548,15.49605083704023,0.2969024800256949
2012-03-25,257.3791705,255.8625038,286.7500043,0.002620833,85422.91667,0.0,0.591666675,3.662500055,0.127939029,10.515896024886532,0.251721176467659
2012-03-26,274.3916708,257.6208372,285.8250043,0.004029167,85605.41667,0.0,2.437500036,2.983333378,0.125425102,6.613742265547763,0.4122380127708582
2012-03-27,278.6583375,246.383337,284.5041709,0.003695833,85738.33333,0.0,-0.133333335,1.258333352,0.124683099,5.751113341192885,0.4135607635379156
2012-03-28,277.9041708,243.7750036,285.5791709,0.0026875,85712.91667,0.0,0.312500005,0.908333347,0.124478336,4.987421297725509,0.279839534243693
2012-03-29,277.3875041,252.3875038,286.0375043,0.002945833,85639.58333,0.0,1.670833358,1.025000015,0.124476384,4.646985695847959,0.2973055704766071
2012-03-30,279.4708375,250.4250037,285.6375043,0.002525,85612.5,0.0,2.220833366,1.025000015,0.124525298,4.020827413941071,0.2615959103397636
2012-03-31,278.6125042,259.6375039,286.7666709,0.003033333,85652.5,0.0,2.058333364,2.608333372,0.124578659,3.763746253177992,0.2918031727902666
2012-04-01,294.2666711,253.9375038,286.6833376,0.003191667,85351.25,0.0,3.733333389,4.68750007,0.124643464,3.857795826842583,0.3076370521753259
2012-04-02,279.4083375,242.8791703,283.3958376,0.002808333,85090.83333,0.0,3.991666726,-1.320833353,0.124708273,2.831892679151792,0.3360246360032779
2012-04-03,296.8083378,235.1416702,281.3750042,0.001904167,85462.08333,0.0,0.887500013,-1.745833359,0.124787701,2.716812406976598,0.2626200123357872
2012-04-04,296.1375044,239.3333369,283.6583376,0.002008333,85619.16667,0.0,1.616666691,0.508333341,0.124853146,2.843913649386601,0.2375468890053628
2012-04-05,286.8666709,254.6291705,286.0208376,0.002295833,85390.83333,0.0,1.525000023,1.98750003,0.124917951,2.909656728930054,0.231286803002612
2012-04-06,305.0791712,242.0166703,286.1375043,0.002108333,85518.75,0.0,2.983333378,2.258333367,0.124997379,3.0045501093699776,0.2110807874122941
2012-04-07,293.204171,227.3375034,286.5041709,0.001275,85903.33333,0.0,-1.462500022,-0.250000004,0.125062824,2.633494176756987,0.1251574146223091
2012-04-08,298.1541711,246.8750037,287.6875043,0.001166667,86038.75,0.0,-0.395833339,2.041666697,0.125134849,2.9223877031854464,0.1061360472111943
2012-04-09,290.1750043,267.3333373,288.3625043,0.001775,85921.25,0.0,1.200000018,2.125000032,0.125208031,2.981743771231884,0.1543233413985308
2012-04-10,293.804171,258.6375039,289.379171,0.002129167,85652.91667,0.0,0.65000001,3.233333382,0.125274253,3.006194492205124,0.1727928293481035
2012-04-11,306.8333379,262.8916706,288.2500043,0.002966667,85460.83333,0.0,2.387500036,5.700000085,0.125340556,3.309907495145293,0.2584300484585474
2012-04-12,311.7000046,258.3500038,286.0000043,0.004370833,85685.83333,0.0,3.725000056,2.2291667,0.125416739,2.382544304910371,0.4424572287048622
2012-04-13,232.4125035,260.3375039,283.9375042,0.002879167,85447.5,0.0,1.466666689,2.816666709,0.125477749,1.856001431437912,0.333534677098399
2012-04-14,201.2291697,294.9875044,282.1500042,0.003070833,84919.16667,8.000000119,6.141666758,5.720833419,0.152922428,50.403740861388826,0.3990775643960355
2012-04-15,293.2000044,280.7458375,281.3458375,0.0034125,85694.16667,0.0,3.737500056,0.354166672,0.170550704,17.558600787652544,0.4728721166643083
2012-04-16,315.8416714,253.4041704,284.4625042,0.003466667,86015.41667,0.0,0.804166679,-1.300000019,0.143471343,14.164769011784909,0.3902588061553642
2012-04-17,319.9416714,252.2791704,287.854171,0.002395833,86027.91667,0.0,-1.283333352,0.533333341,0.130810819,11.20351285159994,0.2155732670480587
2012-04-18,321.1083381,249.9416704,288.641671,0.001904167,85742.08333,0.0,1.666666692,1.200000018,0.127082404,9.12555820391029,0.1622432978123693
2012-04-19,319.7000048,260.3416705,289.4458376,0.002295833,85626.66667,0.0,3.170833381,2.170833366,0.126184499,7.063115777472486,0.1854635197966952
2012-04-20,320.0250048,277.2291708,291.591671,0.002945833,85701.25,0.0,1.087500016,-0.750000011,0.126036817,7.794406922834682,0.2076860416485392
2012-04-21,321.6000048,276.9833375,293.0625044,0.0025125,85662.08333,0.0,0.395833339,0.150000002,0.126069698,8.763663478127375,0.1613992669754538
2012-04-22,322.7375048,283.8000042,294.1208377,0.002754167,85798.75,0.0,2.725000041,1.525000023,0.12614454,5.795150736196177,0.1658950106373933
2012-04-23,319.3458381,279.8541708,294.1083377,0.0025375,85751.25,0.0,1.387500021,1.475000022,0.126207425,5.291670866604402,0.152878196589818
2012-04-24,328.1875049,282.1625042,293.8958377,0.003366667,85819.58333,0.0,2.370833369,2.2041667,0.126284868,4.775296439639355,0.2056926257092255
2012-04-25,271.4291707,294.3083377,292.8250044,0.002358333,85746.66667,0.0,1.520833356,1.80833336,0.126353415,3.9686059236190094,0.1539181962988252
2012-04-26,293.3208377,311.145838,292.016671,0.003525,85557.08333,3.400000051,3.645833388,5.645833417,0.126432855,18.17722322569307,0.2415249999354236
2012-04-27,325.8375049,271.6458374,287.1041709,0.004179167,85734.58333,0.0,2.150000032,0.800000012,0.126502031,8.218170108556583,0.3935932025314764
2012-04-28,327.2833382,277.0333375,289.3083376,0.003929167,85367.08333,0.0,2.01250003,-0.029166667,0.126579284,8.497199317196749,0.319261873640516
2012-04-29,328.7416716,281.4291709,291.1875043,0.003645833,85351.66667,0.0,3.179166714,1.737500026,0.126648888,6.576078075670226,0.2626335675480619
2012-04-30,331.9791716,273.8291707,290.8500043,0.003025,85618.75,0.0,2.883333376,1.091666683,0.126721809,5.631634495257116,0.2233348671208264
2012-05-01,338.8041717,281.9291709,290.8500043,0.0037,85466.66667,0.0,3.354166717,2.47083337,0.126796475,4.837902902711892,0.2726846923917499
2012-05-02,345.6291718,274.2625041,291.1750043,0.003695833,85370.83333,0.0,2.258333367,3.041666712,0.126871652,4.460913964416166,0.2665066736169574
2012-05-03,344.5833385,278.5583375,291.8208377,0.003733333,85684.16667,0.0,1.787500027,3.079166713,0.126946797,4.2512796908648784,0.2593668875993918
2012-05-04,349.4875052,268.075004,290.879171,0.0028625,85758.75,0.0,2.187500033,3.008333378,0.127021952,3.921084784067645,0.2112903798960824
2012-05-05,347.4208385,257.4000038,291.3625043,0.0019,85770.0,0.0,2.2416667,2.362500035,0.127097077,3.814667491063587,0.1360213860548097
2012-05-06,347.2416718,258.7291705,291.5625043,0.001841667,85642.91667,0.0,1.754166693,2.225000033,0.12717214,3.689432641538852,0.1299919793439511
2012-05-07,358.291672,256.9916705,289.954171,0.001720833,85455.83333,0.0,3.470833385,2.970833378,0.127252256,3.514101693840062,0.1342776831762005
2012-05-08,352.2416719,232.9708368,288.1500043,0.001041667,85394.58333,0.0,0.45833334,1.470833355,0.127320572,3.167494273750924,0.0912620882995171
2012-05-09,340.6541717,271.225004,289.366671,0.0022875,85576.25,0.0,-2.754166708,0.020833334,0.127397771,3.170427231799477,0.1856256223784801
2012-05-10,343.9375051,300.0750045,289.3708376,0.003329167,85440.0,0.0,2.895833376,1.304166686,0.127458626,3.2627270984611654,0.269652101273628
2012-05-11,351.5291719,284.7041709,291.9208377,0.003395833,85452.5,0.0,4.112500061,1.870833361,0.127535161,3.483554386078814,0.2338002905553392
2012-05-12,358.5250053,262.3416706,292.2875044,0.001891667,85766.66667,0.0,1.662500025,2.004166697,0.127611187,3.557613698389571,0.1277311703717215
2012-05-13,360.6625054,259.0750039,292.729171,0.001533333,85908.33333,0.0,2.325000035,0.116666668,0.12769078,3.648154547725116,0.1008671460096912
2012-05-14,364.4125054,264.2541706,294.4208377,0.001704167,85737.08333,0.0,0.304166671,-1.779166693,0.127759951,3.966382916447762,0.1006852949743378
2012-05-15,359.316672,278.7791708,295.7291711,0.002116667,85764.16667,0.0,-3.800000057,2.337500035,0.127835377,4.217826573476163,0.1154086666147748
2012-05-16,358.0250053,290.729171,296.6833378,0.002579167,85555.0,0.0,-2.337500035,4.641666736,0.127872631,4.48374091228019,0.1323421472687846
2012-05-17,363.3916721,264.8166706,294.1750044,0.001466667,85535.0,0.0,2.437500036,2.287500034,0.127893599,3.8916946332444176,0.0877763966135673
2012-05-18,359.466672,281.7208375,293.3875044,0.002870833,85260.41667,0.0,4.420833399,4.741666737,0.127928558,3.936518100323592,0.1798625047746556
2012-05-19,362.9250054,267.3041706,291.9833377,0.00225,85307.5,0.0,2.504166704,1.216666685,0.127949527,3.4941508374807047,0.154038836162917
2012-05-20,361.6625054,277.3583375,293.2250044,0.002166667,85628.75,0.0,1.416666688,0.041666667,0.127983802,3.983455669319818,0.1377225419303471
2012-05-21,369.6833388,262.2750039,294.3583377,0.001445833,85752.91667,0.0,0.937500014,1.775000026,0.128006222,3.83113647897732,0.0857695947308667
2012-05-22,368.8333388,264.3208373,294.7208377,0.001404167,85676.25,0.0,3.379166717,1.600000024,0.128038367,3.8145356456624304,0.0813778691510962
2012-05-23,358.854172,280.2333375,295.5416711,0.002370833,85296.25,0.0,4.162500062,4.412500066,0.128070259,4.017014929302412,0.130048640889844
2012-05-24,359.2750054,297.0625044,295.2375044,0.00395,85058.33333,0.0,2.887500043,4.704166737,0.128094673,3.7393247352567807,0.2201441564835888
2012-05-25,359.7208387,299.6041711,294.3583377,0.004816667,85074.16667,0.0,2.320833368,6.612500099,0.128131218,3.459032966351492,0.283472315246345
2012-05-26,362.6291721,284.5125042,291.9083377,0.0043125,85354.16667,0.0,3.866666724,6.016666756,0.128153827,3.0005701290979823,0.2968045643924958
2012-05-27,375.0083389,232.6166701,286.5291709,0.001545833,85604.58333,0.0,1.875000028,0.812500012,0.128175786,2.5617136858524834,0.1509664310479338
2012-05-28,376.6625056,236.2166702,288.9500043,0.0011125,85763.75,0.0,1.004166682,0.900000013,0.128212413,2.976067685474725,0.0929405125115594
2012-05-29,376.0333389,241.5250036,290.879171,0.0010875,85817.91667,0.0,2.01250003,2.179166699,0.128235014,2.7889492224194266,0.0803272722289332
2012-05-30,373.3500056,258.8833372,292.8125044,0.001591667,85733.75,0.0,2.775000041,1.250000019,0.128271582,2.9342343935467023,0.1039470083753325
2012-05-31,370.3250055,273.9750041,295.1416711,0.0018625,85562.08333,0.0,2.050000031,-0.966666681,0.12829424,3.2061654822371533,0.1050346539802596
2012-06-01,360.4000054,277.8833375,297.4958378,0.001375,85480.0,0.0,1.762500026,0.525000008,0.128330806,3.3362285812231622,0.0671022984264845
2012-06-02,358.2000053,281.4625042,297.3875044,0.001704167,85541.25,0.0,3.600000054,2.808333375,0.128353397,3.325198200661952,0.0837729788748122
2012-06-03,364.8375054,272.9333374,295.8583377,0.00205,85712.5,0.0,1.816666694,2.583333372,0.128389973,3.149287535862028,0.1108259124859649
2012-06-04,360.3458387,275.7833374,294.7833377,0.002408333,85788.33333,0.0,2.050000031,3.612500054,0.128412149,3.0352219666266813,0.1392180233070226
2012-06-05,355.1000053,295.0291711,294.7375044,0.003483333,85719.58333,0.0,3.045833379,3.38750005,0.128432529,3.050424377577144,0.2017692713180363
2012-06-06,356.6625053,285.4166709,294.0125044,0.002908333,85520.41667,0.0,1.762500026,2.983333378,0.128467485,3.0710504060802144,0.1757912799612257
2012-06-07,359.7250054,274.2458374,293.9875044,0.002033333,85517.91667,0.0,1.683333358,3.312500049,0.12850308,3.143276672417434,0.1230902080454533
2012-06-08,357.1875053,288.3833376,295.3791711,0.002558333,85604.58333,0.0,1.98750003,3.55416672,0.128524049,3.362836560421337,0.1422537719714585
2012-06-09,361.9458387,280.5958375,295.8458377,0.002366667,85442.08333,0.0,2.841666709,4.395833399,0.128559004,3.477651240101351,0.1276393878197834
2012-06-10,356.729172,292.1333377,295.8500044,0.002858333,85470.41667,0.0,2.720833374,3.562500053,0.128579976,3.2882388352846483,0.1541677578540264
2012-06-11,352.0500052,298.4000044,294.104171,0.003216667,85768.75,0.0,2.2041667,2.67500004,0.128614932,2.958281186738879,0.1938860436419133
2012-06-12,356.6750053,300.9041712,296.1666711,0.0030625,85876.66667,0.0,2.608333372,1.950000029,0.1286359,3.1026777339096143,0.1627813463805856
2012-06-13,357.6208387,291.6333377,296.6250044,0.0023375,85522.91667,0.0,2.962500044,2.004166697,0.12867086,2.981286533819544,0.120323161692472
2012-06-14,360.0458387,294.8125044,297.0291711,0.002708333,85481.66667,0.0,2.654166706,2.870833376,0.128691828,2.8495702234094464,0.1359633793259254
2012-06-15,357.6333387,303.5416712,297.0583378,0.0035,85505.0,0.0,1.645833358,2.90416671,0.128726784,2.704621426664275,0.1754437395487489
2012-06-16,345.5250051,304.7583379,297.3208378,0.0033125,85695.41667,0.0,0.86666668,1.891666695,0.128846943,2.672746401492605,0.1637880739106405
2012-06-17,347.2416718,329.8791716,297.8541711,0.004183333,85930.41667,0.0,0.770833345,0.004166667,0.128956156,3.311242164398992,0.2008364806699256
2012-06-18,353.7625053,317.0916714,298.4541711,0.0034625,85688.75,0.0,4.454166733,-0.666666677,0.12907936,2.58371270338259,0.1598858901759814
2012-06-19,363.2666721,289.466671,297.3500044,0.0022875,85404.58333,0.0,4.341666731,2.095833365,0.129188573,2.546456168605977,0.1125237539153411
2012-06-20,359.9208387,287.4250043,296.9791711,0.001720833,85497.5,0.0,2.808333375,1.575000023,0.129326397,2.6427664878860417,0.0866676514527473
2012-06-21,362.1125054,287.1916709,296.5875044,0.001808333,85777.08333,0.0,3.525000053,1.450000022,0.129436245,2.6413422908128728,0.0935742409976016
2012-06-22,354.879172,311.1625046,298.1583378,0.003345833,85707.5,0.0,2.629166706,2.641666706,0.129559446,2.838420380059029,0.1573041252453571
2012-06-23,350.8791719,322.8666715,298.5125044,0.003916667,85462.91667,0.0,2.420833369,2.325000035,0.129668659,2.991197178394333,0.1797507144794486
2012-06-24,347.1041718,340.5708384,300.1208378,0.004904167,85760.0,0.0,3.670833388,1.533333356,0.129791863,3.181878142333645,0.2051991431069278
2012-06-25,342.6125051,362.6041721,300.5791711,0.007508333,85930.41667,0.0,4.054166727,1.358333354,0.129901076,3.1673004629625,0.3063653899665846
2012-06-26,341.7375051,360.8000054,300.6291711,0.0065125,85722.5,0.0,2.833333376,1.262500019,0.130024276,3.408597076534573,0.2643075799781963
2012-06-27,343.6333385,359.7250054,301.3875045,0.006070833,85677.08333,0.0,2.391666702,1.200000018,0.130148112,3.615249957866759,0.2355009883785685
2012-06-28,340.3333384,361.229172,300.4500045,0.006345833,85996.25,0.0,3.220833381,1.295833353,0.130271949,3.3053487184710413,0.2611151224858118
2012-06-29,343.1541718,361.2083387,301.5041712,0.006554167,86016.66667,0.0,4.141666728,0.308333338,0.130381162,3.332914188325863,0.2535170075257607
2012-06-30,344.8750051,348.0416719,301.3083378,0.005308333,85768.75,0.0,4.141666728,-0.304166671,0.130504365,3.330355794777943,0.2071026984971484
2012-07-01,326.1750049,344.3625051,301.6541712,0.004058333,85586.66667,0.0,4.295833397,0.962500014,0.130628202,3.314557108628284,0.1548254963074165
2012-07-02,279.1041708,356.966672,301.0541712,0.0045125,85573.75,0.0,3.920833392,0.975000015,0.130737415,3.0026374793995494,0.1782976866657075
2012-07-03,263.9208373,373.2666722,301.3000045,0.0080875,85653.75,0.0,4.554166735,1.141666684,0.130860615,2.696461181152136,0.315262098436005
2012-07-04,199.6333363,379.8916723,298.2166711,0.010233333,85815.41667,0.100000001,4.220833396,0.90416668,0.130969828,1.926808149075062,0.4800381076645807
2012-07-05,310.5166713,362.9083387,295.9875044,0.0103,85933.75,0.100000001,2.358333368,1.612500024,0.131093029,2.6025300374579152,0.5538740120528834
2012-07-06,322.3458381,345.8958385,298.2458378,0.00705,85969.16667,1.600000024,4.150000062,0.537500008,0.131216865,6.707615081942764,0.3307223271629804
2012-07-07,289.266671,351.3333386,299.7750045,0.004479167,85931.25,0.0,3.562500053,1.13333335,0.131340704,6.026344890883914,0.1916844299303439
2012-07-08,203.1666697,375.5375056,300.2583378,0.004920833,85968.75,0.0,2.287500034,2.01250003,0.131449918,4.601831292559515,0.2047234405340041
2012-07-09,232.4708368,383.1666724,300.8958378,0.006575,85962.5,1.000000015,0.90416668,-0.600000009,0.131573118,9.607526369950962,0.2634156865278206
2012-07-10,278.9625042,371.9708389,300.6000045,0.005033333,85870.41667,1.300000019,0.370833339,1.400000021,0.131682331,15.924049287767588,0.2049812700001116
2012-07-11,313.9125047,365.8875055,301.1083378,0.006733333,85952.5,0.70000001,-2.275000034,1.82083336,0.131805531,14.486499223463198,0.2663744094261697
2012-07-12,301.6291712,374.6958389,300.0125045,0.007920833,85880.83333,6.000000089,-1.966666696,2.45833337,0.131929367,79.83752809498392,0.3340274104199034
2012-07-13,283.8333376,374.4208389,299.0208378,0.0092625,85895.83333,0.200000003,2.395833369,1.887500028,0.132053207,23.47963536788222,0.4144356050173747
2012-07-14,280.9000042,371.2541722,296.4541711,0.009445833,85978.75,0.400000006,1.675000025,2.154166699,0.13216242,13.788397773804016,0.4939303824922746
2012-07-15,284.6458376,356.2708386,294.8458377,0.008525,85961.25,0.900000013,1.308333353,1.212500018,0.132285621,14.657285361270397,0.491894778764296
2012-07-16,311.7541713,365.2750054,296.8041711,0.009125,85820.41667,0.0,2.129166698,2.2041667,0.132099221,8.717779091197713,0.4662354601609008
2012-07-17,310.7041713,356.8583387,297.9708378,0.007533333,85809.58333,0.0,2.900000043,2.125000032,0.13188471,7.811433936655157,0.3586264439828731
2012-07-18,320.4000048,333.4708383,298.0625044,0.004616667,85872.5,0.0,3.458333385,0.366666672,0.131684187,6.43360140470813,0.2187280274378381
2012-07-19,240.6791703,357.0458387,299.5125045,0.003845833,85906.25,0.0,3.941666725,0.520833341,0.131484299,4.886673348417756,0.1671223611413839
2012-07-20,286.7791709,348.2583385,298.1291711,0.004758333,85950.0,6.800000101,1.512500023,0.19166667,0.131284411,61.05653025360843,0.2247397324830871
2012-07-21,303.9541712,353.9541719,296.9750044,0.006770833,85948.75,0.600000009,-0.704166677,1.75833336,0.131084523,34.94116149451797,0.3428912547584647
2012-07-22,283.0041709,361.3708387,297.7833378,0.007729166,86015.41667,13.00000019,-1.858333361,0.941666681,0.130870012,147.10058955823126,0.3730247643460959
2012-07-23,284.6583376,365.0500054,296.5375044,0.008195833,85988.75,0.100000001,0.22916667,1.950000029,0.130669492,61.18431025434884,0.4264457959959077
2012-07-24,217.4083366,371.0041722,295.5333377,0.0086,85997.08333,14.00000021,2.412500036,1.391666687,0.130469604,128.69424709150115,0.4758600601268082
2012-07-25,307.8875046,351.4625052,295.2291711,0.008054166,85963.75,0.200000003,3.100000046,0.67500001,0.130273724,77.19458134682522,0.4538912531456475
2012-07-26,308.0000046,350.7666719,297.6458378,0.0069625,85798.75,0.0,4.145833395,-0.025,0.130062925,33.69951933725571,0.3379711315478872
2012-07-27,308.6416713,361.1958387,299.5000045,0.007629166,85865.0,0.0,3.262500049,-0.154166669,0.129865997,16.616099739553597,0.3316162915153873
2012-07-28,281.5500042,372.2541722,299.9750045,0.007983333,85945.41667,2.500000037,1.712500026,1.295833353,0.129669767,34.91521995411114,0.3376665896021677
2012-07-29,274.6250041,377.3750056,297.5416711,0.009570833,85972.08333,11.10000017,0.095833335,1.687500025,0.129458893,113.17035072555429,0.4684616010657519
2012-07-30,287.2458376,370.6458389,296.7958378,0.010383333,85996.66667,2.900000043,0.066666668,2.233333367,0.12924739,91.40692937007114,0.5318880307785924
2012-07-31,294.6541711,360.516672,296.5833378,0.009541666,86114.16667,0.0,1.100000016,1.125000017,0.129050497,44.44834175371993,0.4958103960264188
2012-08-01,308.3791713,363.8833388,298.0875044,0.0100125,86174.16667,0.0,1.59166669,1.029166682,0.128854243,24.733755661162803,0.4753218838858598
2012-08-02,308.6041713,354.9208386,298.6166711,0.008491666,86085.83333,0.0,2.637500039,0.816666679,0.128657998,13.072457852469825,0.3901105998491116
2012-08-03,307.1791712,356.6583386,299.3666711,0.0079375,85901.66667,0.0,2.525000038,0.558333342,0.128447125,11.70505821889599,0.3479186884849138
2012-08-04,308.5166713,350.3791719,300.1833378,0.006541667,85878.33333,0.0,2.508333371,0.508333341,0.128235608,9.533603076155982,0.2730796197151037
2012-08-05,260.7875039,361.3458387,300.4375045,0.006554167,86032.5,0.0,1.150000017,0.537500008,0.128038751,8.010139945218558,0.2700006815081145
2012-08-06,301.2750045,368.4000055,300.4875045,0.007529166,86214.16667,0.600000009,-0.995833348,0.575000009,0.127842488,11.246845234551063,0.3099036823696183
2012-08-07,303.3333379,371.8375055,301.1125045,0.008108333,86109.58333,2.900000043,0.608333342,-0.937500014,0.127631586,29.973592360530542,0.3212776511105083
2012-08-08,303.4708379,366.2666721,302.0000045,0.007891666,85890.41667,0.100000001,2.175000032,-0.762500011,0.127434703,16.94069269711833,0.2960842297859227
2012-08-09,303.0958378,364.0583388,302.3458378,0.007141666,85991.66667,0.100000001,-0.995833348,0.541666675,0.127238459,14.262081951415254,0.2629019888328909
2012-08-10,308.3416713,344.0166718,302.7250045,0.00535,85844.16667,0.0,-3.55416672,1.033333349,0.127027569,9.18683317158177,0.1923180985787647
2012-08-11,300.4333378,359.4583387,301.8291712,0.006354167,85696.25,0.0,-2.908333377,2.650000039,0.126830692,7.560541688646786,0.2402480766397023
2012-08-12,300.7833378,358.066672,302.8916712,0.006291667,85656.66667,0.0,-0.812500012,1.033333349,0.126619836,7.892853776507631,0.2235008082676085
2012-08-13,297.7708378,352.4000053,301.9333378,0.005691667,85795.41667,0.0,0.545833341,0.900000013,0.126422939,7.1141481800826405,0.2141398533736013
2012-08-14,264.9041706,361.2375054,301.2208378,0.005704167,85675.41667,1.800000027,1.158333351,0.129166669,0.126226692,13.778704898727003,0.2234496224857877
2012-08-15,248.6666704,371.3750055,300.8583378,0.007879166,85651.25,2.900000043,3.59166672,-0.24166667,0.12601583,30.238504490732545,0.3152176008437177
2012-08-16,279.3083375,373.1375056,298.8250045,0.010591666,85857.08333,1.100000016,4.25416673,0.68750001,0.12588656,21.0994711307315,0.4792739598819924
2012-08-17,245.983337,380.3291723,295.9458377,0.010475,85965.41667,24.30000036,3.204166714,1.245833352,0.125775481,147.9818231546384,0.5649303974805088
2012-08-18,267.8583373,370.7000055,296.0125044,0.011979166,85842.91667,0.0,3.57916672,0.345833338,0.125665051,50.40368060901295,0.6425056271162052
2012-08-19,261.9625039,375.0791723,297.7541711,0.011679166,85769.16667,0.0,3.179166714,0.395833339,0.125539976,25.54730986694989,0.5630358799135063
2012-08-20,278.4541708,373.7333389,298.5500044,0.010825,85794.16667,7.900000118,2.870833376,0.991666681,0.12541432,102.1495863315902,0.4976052618551863
2012-08-21,274.8458374,380.333339,298.8000045,0.0113125,85810.41667,0.500000007,4.004166726,0.920833347,0.125303241,51.6778640031382,0.5123797299223685
2012-08-22,234.5791702,372.7375056,295.6750044,0.009945833,85867.5,19.50000029,2.125000032,0.500000007,0.125178172,121.81644679664504,0.544743707993155
2012-08-23,173.0583359,361.9416721,291.9083377,0.009791666,85867.5,26.50000039,1.745833359,1.595833357,0.125052509,85.13662374669028,0.6779570019763707
2012-08-24,219.7666699,384.3333391,294.7708377,0.011245833,85786.25,0.800000012,2.2291667,0.758333345,0.124941425,68.66560451604157,0.650571787527844
2012-08-25,268.1333373,377.6875056,296.3083377,0.0102375,85588.75,0.300000004,3.062500046,0.900000013,0.124816331,55.12491715011789,0.5376597842023922
2012-08-26,279.0500042,358.1875053,297.4541711,0.009245833,85774.58333,0.200000003,3.079166713,0.595833342,0.124705306,28.75422327307309,0.4539094175868823
2012-08-27,276.7666708,353.7333386,297.7750044,0.007420833,86065.83333,0.0,0.237500004,0.558333342,0.124594886,19.38769407217207,0.3585341509756749
2012-08-28,281.7166709,352.8208386,299.8166711,0.007375,86100.83333,0.0,-2.387500036,0.950000014,0.124469771,12.105211931236449,0.3154516065525523
2012-08-29,282.9208375,334.000005,299.0166711,0.006175,86018.33333,0.0,0.037500001,1.883333361,0.124343999,8.726504738987673,0.2767533429626005
2012-08-30,260.4500039,340.2833384,297.8041711,0.007475,85758.33333,0.0,2.270833367,1.066666683,0.124232926,6.339108367724458,0.3592282039041186
2012-08-31,266.9833373,359.2458387,297.7958378,0.009716666,85760.0,0.0,3.408333384,1.150000017,0.124107926,5.703569099545642,0.4672004662937958
2012-09-01,276.9916708,365.9541721,298.1208378,0.010129166,85843.75,0.0,2.550000038,1.366666687,0.123996912,5.205661865267069,0.4780565751930245
2012-09-02,257.3333372,367.7875055,298.6333378,0.00985,85911.25,0.0,2.408333369,0.245833337,0.123871898,4.420227718463465,0.4511443579069587
2012-09-03,273.4708374,361.5916721,298.6791711,0.009220833,86040.83333,0.0,3.520833386,-0.050000001,0.123760789,4.428449808608528,0.4218043918630212
2012-09-04,262.2791706,363.4625054,298.0166711,0.009975,86190.41667,2.200000033,4.112500061,0.020833334,0.12363567,10.880495643360812,0.475655189723593
2012-09-05,272.2375041,355.266672,296.5666711,0.010070833,86073.75,0.0,3.55416672,-1.041666682,0.123524626,7.404809639039386,0.5235928602124408
2012-09-06,245.4416703,368.5750055,297.6000044,0.010779166,85920.41667,1.000000015,3.266666715,0.733333344,0.123399625,9.970942956670651,0.5254330507316303
2012-09-07,206.2000031,377.6000056,295.9916711,0.0117625,85998.33333,6.7000001,3.125000047,-0.079166668,0.123288523,54.42187245716876,0.6328327922959083
2012-09-08,251.1125037,370.1083388,294.8708377,0.009829166,85839.16667,0.0,-1.054166682,0.100000001,0.123163424,32.952043251636034,0.5654669880016314
2012-09-09,210.1625031,340.2458384,292.8083377,0.0070625,85967.91667,0.500000007,-3.654166721,2.308333368,0.123037728,17.85772851202682,0.4626113574720205
2012-09-10,233.1083368,336.1666717,291.6875043,0.007166666,86052.91667,8.900000133,-0.995833348,1.883333361,0.122926616,75.70897174752851,0.504267569234727
2012-09-11,200.2708363,342.8208384,291.954171,0.008408333,85975.41667,7.700000115,1.604166691,1.812500027,0.122801425,85.19133974851775,0.5812248791651071
2012-09-12,259.4500039,346.6375052,291.866671,0.009229166,85916.66667,2.500000037,1.479166689,0.862500013,0.122690306,82.67389938685061,0.6410612115570451
2012-09-13,265.7583373,325.1000048,293.2375044,0.007975,86094.58333,0.900000013,-0.791666678,-1.404166688,0.12256529,57.47814000737403,0.5092845502287594
2012-09-14,269.450004,307.5000046,294.0750044,0.0058375,86359.16667,0.0,-5.737500085,-0.537500008,0.122454249,47.9369562973323,0.3549221156249781
2012-09-15,270.1541707,294.0125044,292.8375044,0.004608333,86309.16667,0.0,-3.541666719,0.037500001,0.122329217,19.315832570189134,0.302501846818023
2012-09-16,267.7958373,288.8125043,292.9208377,0.003529167,86267.08333,0.0,1.870833361,-0.008333333,0.122315655,12.34085557230058,0.2303437903367373
2012-09-17,263.6000039,297.5875044,293.1000044,0.004679167,86022.5,0.0,3.562500053,-0.22916667,0.122306934,10.414587606872209,0.3011399961101482
2012-09-18,263.4750039,307.4250046,293.854171,0.00565,85987.08333,0.0,1.458333355,-0.65000001,0.122298236,9.003565630246426,0.346768052109443
2012-09-19,262.5291706,301.1000045,295.2041711,0.003841667,85998.33333,0.0,-0.200000003,-0.062500001,0.122274937,9.557932935214822,0.2169170984781593
2012-09-20,258.3375038,292.5625044,294.7208377,0.002845833,85919.58333,0.0,-0.183333336,-0.829166679,0.122265625,6.400081830084224,0.1653973989342902
2012-09-21,256.9583372,303.4458379,294.8916711,0.003420833,85882.08333,0.0,0.779166678,-0.604166676,0.122256962,5.691444294088879,0.1966442688679008
2012-09-22,234.2333368,314.0250047,295.5250044,0.003883333,85819.16667,0.0,0.395833339,0.720833344,0.122248345,4.927117098952813,0.2145399552870385
2012-09-23,165.3125025,349.4750052,294.9666711,0.003266667,85834.58333,0.0,0.295833338,1.700000025,0.122239727,3.963145053243835,0.1868121391873801
2012-09-24,200.1916696,322.2041715,294.9291711,0.00385,85923.33333,0.0,2.745833374,0.895833347,0.122231122,4.069832914160255,0.2209093447225395
2012-09-25,248.2291704,312.8750047,293.5875044,0.004366667,85682.5,0.0,3.708333389,2.983333378,0.122207889,4.684400840813678,0.271525047704705
2012-09-26,245.0166703,301.7041712,292.066671,0.004679167,85655.0,0.0,1.704166692,2.537500038,0.122198554,3.676125321669132,0.3199620450794078
2012-09-27,244.8541703,303.5166712,292.454171,0.004766667,85713.33333,0.0,1.616666691,1.316666686,0.122189856,3.5007226326729683,0.3183044017122389
2012-09-28,241.3583369,304.5875045,292.341671,0.005154167,85740.41667,0.0,2.345833368,0.979166681,0.122187027,3.359667701827876,0.3467344340038756
2012-09-29,232.6750035,306.4916712,291.579171,0.004825,85867.91667,1.000000015,1.687500025,0.983333348,0.122163893,4.660189652509425,0.3411017540498342
2012-09-30,241.5083369,299.7166711,293.2375044,0.004045833,85872.91667,0.0,-0.095833335,-3.15833338,0.122161061,4.515311048283023,0.2577022127510676
2012-10-01,242.5208369,287.5625043,293.904171,0.002808333,85869.16667,0.0,-1.966666696,-2.945833377,0.122144702,4.358916038150149,0.1715904068098723
2012-10-02,240.3666702,289.7750043,294.6333377,0.0028875,85860.83333,0.0,-0.554166675,-0.066666668,0.122139894,3.865402023776887,0.1686135725628523
2012-10-03,236.6291702,286.7041709,293.0125044,0.003016667,85834.58333,0.0,3.679166721,0.775000012,0.122123696,3.497578194155917,0.194785080455804
2012-10-04,237.8041702,283.1291709,293.3458377,0.002979167,86055.0,0.0,2.583333372,2.629166706,0.122112442,3.2188989484152923,0.1888799845383732
2012-10-05,233.3166701,284.0125042,291.804171,0.0038625,86015.41667,0.0,1.833333361,2.475000037,0.122101287,2.5690460105043265,0.269661804771767
2012-10-06,216.7083366,289.2083376,291.7833377,0.003766667,85876.25,0.0,1.608333357,2.112500031,0.122092597,2.241776239426051,0.2628916586355503
2012-10-07,224.0833367,289.2958376,291.3750043,0.0039625,85727.08333,0.0,2.054166697,1.391666687,0.122073542,2.072316214006221,0.2833095687737774
2012-10-08,228.8500034,286.9875043,291.2375043,0.004025,85751.25,0.0,1.183333351,1.675000025,0.122070964,2.041577357470935,0.2903815668946136
2012-10-09,224.15417,292.379171,291.0125043,0.0045625,85755.0,0.0,1.57916669,1.754166693,0.122054505,2.012461454183581,0.3339132899893837
2012-10-10,226.3875034,288.0708376,291.0625043,0.004979167,85753.33333,0.0,0.20416667,2.02500003,0.122042504,1.9394592191007043,0.3632439774362243
2012-10-11,201.0791697,293.0333377,290.829171,0.003854167,85661.25,0.100000001,-0.304166671,3.80833339,0.122034007,2.23480045910122,0.2850712206248608
2012-10-12,188.3916695,324.1166715,288.7958376,0.0065,85714.16667,3.100000046,2.979166711,3.600000054,0.122025655,7.278900042908118,0.5481479582341976
2012-10-13,218.0125032,269.2666707,285.1625042,0.004633333,85982.5,0.0,1.612500024,-0.245833337,0.1220173,5.377534392383639,0.4975706079814815
2012-10-14,217.9958366,272.8458374,287.4083376,0.003891667,86052.91667,0.0,-2.412500036,-1.35000002,0.121994324,4.730583385269529,0.3606186648890083
2012-10-15,222.1458366,260.6291706,289.341671,0.0024375,85879.16667,0.0,-2.962500044,0.175000003,0.121992245,4.633145730375295,0.1988179488570729
2012-10-16,218.1500033,250.7041704,289.654171,0.001883333,85624.16667,0.0,1.158333351,0.500000007,0.121883171,3.76367934148911,0.1501107838037565
2012-10-17,214.0958365,265.400004,289.8875043,0.002666667,85581.66667,0.0,2.608333372,0.683333344,0.121769404,3.509634660154935,0.2092811457005846
2012-10-18,210.6333365,275.0583374,290.1958377,0.003966667,85857.5,0.0,2.43333337,-0.316666671,0.121666701,3.021116897362708,0.3061986828076155
2012-10-19,212.8791698,270.2833374,289.2208376,0.004320833,85673.33333,0.0,0.162500002,-1.054166682,0.12154966,2.741302663660102,0.3543394637941756
2012-10-20,205.4208364,272.7000041,289.8625043,0.003095833,85372.91667,0.0,1.433333355,1.341666687,0.121431974,2.5932031564006075,0.2427587629534125
2012-10-21,201.362503,296.4083378,289.266671,0.005970833,85434.16667,0.0,1.683333358,3.37500005,0.121314285,2.251396485275516,0.4868433151866636
2012-10-22,200.162503,290.354171,288.604171,0.006504167,85588.33333,0.0,1.220833352,3.045833379,0.121211222,1.8922110420926657,0.5545355921011044
2012-10-23,197.975003,280.8291709,287.0458376,0.005641667,85578.75,0.0,0.945833347,2.208333366,0.121094168,1.7168290512818245,0.5323992770630918
2012-10-24,198.7166696,283.3791709,287.5500043,0.005545833,85477.5,0.0,2.308333368,2.554166705,0.120991106,1.7424344841199797,0.505756726335871
2012-10-25,201.450003,250.3333371,286.1291709,0.003083333,85675.83333,0.0,0.350000005,-1.35000002,0.120874056,1.5345855886249558,0.3094326872269246
2012-10-26,203.1458364,240.9125036,285.5750043,0.001870833,85816.66667,0.0,-2.650000039,-2.795833375,0.120756367,1.8286809706425229,0.1950927598260674
2012-10-27,198.3958363,243.883337,285.0708376,0.002158333,85688.33333,0.0,-3.870833391,-0.100000001,0.120653304,1.6632896530426406,0.2324046475552926
2012-10-28,195.9000029,253.6583371,285.7791709,0.002795833,85674.16667,0.0,-2.01250003,0.529166675,0.120536094,1.3717769821519474,0.2871521676990584
2012-10-29,192.6208362,253.0625038,285.7416709,0.002441667,86005.83333,0.0,0.537500008,0.279166671,0.120424404,1.2740821356735283,0.2523743683747567
2012-10-30,192.1541695,251.8541704,285.7708376,0.002604167,85952.08333,0.0,0.875000013,-0.329166672,0.120312647,1.16494636494158,0.2684826189320989
2012-10-31,191.1250028,247.0541703,285.8666709,0.0023375,85798.75,0.0,0.079166668,0.104166668,0.120213912,1.1573069360273345,0.239036938361974
2012-11-01,185.3083361,249.4916704,286.7708376,0.002045833,85720.83333,0.0,0.025,1.533333356,0.12009213,1.0832968054802126,0.1969098383817596
2012-11-02,174.5125026,267.6208373,286.5500043,0.002841667,85670.41667,0.0,0.283333338,1.891666695,0.119983941,1.0755089321466578,0.2773503032352101
2012-11-03,179.845836,267.712504,286.8208376,0.00355,85741.66667,0.0,-0.325000005,-0.562500008,0.119861769,0.981953145625206,0.3406458894007192
2012-11-04,179.1125027,261.2958372,287.1958376,0.002995833,85962.08333,0.0,-1.129166683,-1.33750002,0.119753584,0.9556993641581508,0.2812003228507173
2012-11-05,177.9375027,258.6250039,287.0000043,0.002375,86110.83333,0.0,-1.779166693,-1.908333362,0.119646031,1.0319969209292932,0.2261997249794671
2012-11-06,177.7416693,254.2333371,287.491671,0.001958333,85981.66667,0.0,-1.675000025,-1.162500017,0.119538482,0.9381383194041556,0.1803315862686074
2012-11-07,175.9750026,253.3541704,287.5458376,0.0022125,85964.16667,0.0,-0.854166679,0.183333336,0.11941631,0.7187929224275367,0.202974784930693
2012-11-08,170.6708359,267.037504,288.1708376,0.002979167,85661.25,0.0,1.570833357,2.750000041,0.119308121,0.9608453198702708,0.2614700154305604
2012-11-09,121.9333352,335.1166717,287.4833376,0.0052875,85543.33333,2.200000033,0.841666679,4.812500072,0.119200572,3.102952344679771,0.4846772499958401
2012-11-10,154.0208356,291.229171,281.6083375,0.005270833,85125.41667,23.70000035,5.379166747,4.816666738,0.119150879,85.35744811237905,0.712576459662238
2012-11-11,173.1875026,249.1166704,278.5625042,0.0026625,85742.91667,2.70000004,2.720833374,-0.500000007,0.119808809,42.59392052427606,0.4479648088914209
2012-11-12,171.2041692,211.9375032,278.4333375,0.001479167,86143.75,0.0,-3.008333378,-1.041666682,0.119667563,30.97123758539536,0.2523155257320232
2012-11-13,172.3500026,213.6791699,280.3291708,0.001145833,86095.0,0.0,-3.175000047,-0.47083334,0.119330497,22.934892197951743,0.1711165079397163
2012-11-14,171.2375026,213.1583365,281.5458375,0.001075,85986.25,0.0,-3.600000054,0.387500006,0.118999148,15.495345385495188,0.147432232341249
2012-11-15,143.2083355,242.1583369,282.0916709,0.001120833,85958.75,0.0,-2.550000038,1.345833353,0.118723752,9.32219985337662,0.1480323227835134
2012-11-16,156.7250023,280.6208375,283.7166709,0.00205,86029.16667,0.0,-1.025000015,1.787500027,0.118633815,7.830665647076077,0.2426799855625875
2012-11-17,157.954169,270.0291707,284.3166709,0.002775,85862.08333,0.0,-0.154166669,1.633333358,0.118611372,4.9804849903170485,0.3149017581820325
2012-11-18,156.3125023,270.850004,284.1000042,0.0048625,85978.75,0.0,0.508333341,1.762500026,0.118613725,3.001169037413026,0.560634217257068
2012-11-19,158.041669,261.2875039,284.4666709,0.005241667,86242.5,0.0,-0.670833343,0.741666678,0.11863197,2.7359747061483457,0.5914714678950678
2012-11-20,158.4708357,246.8625037,285.0541709,0.003525,86177.5,0.0,-2.358333368,0.045833334,0.118649581,2.4151480845164004,0.3821557037874939
2012-11-21,152.7833356,263.6458373,285.3791709,0.0036875,85900.41667,0.0,-2.129166698,1.387500021,0.118681816,2.285417776159421,0.389954780383104
2012-11-22,154.4458356,252.8875038,284.1250042,0.00375,85933.75,0.0,-0.070833334,0.870833346,0.118699428,1.723917608700587,0.4314140694448525
2012-11-23,153.1125023,250.0583371,284.4333376,0.0024125,86340.0,0.0,-2.420833369,-0.558333342,0.118731027,1.7961593723907354,0.2731445436251756
2012-11-24,153.2458356,250.0750037,284.8916709,0.002491667,86184.58333,0.0,-3.466666718,0.716666677,0.118763262,1.7822276156232115,0.2730966429177447
2012-11-25,152.5541689,246.870837,284.3708376,0.002791667,85650.83333,0.0,-1.254166685,1.650000025,0.118780871,1.33859405903969,0.3148676665195866
2012-11-26,151.7750023,236.6916702,283.7875042,0.002433333,85609.58333,0.0,0.158333336,1.31250002,0.11881247,1.0529116907695135,0.2852890506171772
2012-11-27,151.1250023,242.8000036,284.2583376,0.0025,86072.5,0.0,-2.045833364,1.279166686,0.118830082,1.2070627581382172,0.2855058821740726
2012-11-28,148.2708355,252.0791704,284.1708376,0.002533333,86025.0,0.0,-2.175000032,1.958333363,0.118861681,1.2677772777515708,0.2908566783623553
2012-11-29,145.7708355,256.3333372,283.4333376,0.00345,86162.08333,0.0,1.395833354,0.795833345,0.118893916,0.9372646213152288,0.4169408364785614
2012-11-30,145.2541688,257.8500038,283.5916709,0.004895833,85983.75,0.0,0.716666677,1.125000017,0.118911528,0.7470460539017504,0.5841694933554117
2012-12-01,148.1458355,252.3333371,283.2708376,0.004454167,85868.75,0.0,-0.016666667,0.100000001,0.118943123,0.9230182069220192,0.5423909553395607
2012-12-02,146.4291688,247.6125037,283.3166709,0.0037375,85783.75,0.0,0.025,1.633333358,0.118975358,0.7393816007287429,0.4532632853425629
2012-12-03,144.8041688,263.0291706,282.8666709,0.004245833,85850.41667,0.0,1.570833357,1.854166694,0.11899297,0.8024189191455753,0.5312653008564637
2012-12-04,139.7541687,267.9958373,284.6291709,0.005,86143.33333,0.0,-0.737500011,-0.566666675,0.119024569,0.7075973720705114,0.5574540513131063
2012-12-05,144.8250022,258.1208372,284.7000042,0.003341667,86020.83333,0.0,-2.366666702,0.591666675,0.119056804,0.917079803112171,0.3702765973744072
2012-12-06,142.8666688,249.7416704,283.9500042,0.003070833,85532.08333,0.0,0.491666674,1.850000028,0.119074412,0.7805040612752765,0.3557908162351986
2012-12-07,143.2625021,252.2250038,282.1750042,0.003716667,85425.0,0.0,1.058333349,1.033333349,0.119106011,0.6531553806879715,0.4850570071594588
2012-12-08,143.9875021,238.5083369,280.5833375,0.003529167,85524.16667,0.0,1.508333356,0.666666677,0.119123623,0.5492121797207673,0.5144126420211869
2012-12-09,143.8083355,237.9833369,281.3875042,0.003583333,85587.91667,0.0,2.066666697,0.312500005,0.119155222,0.5802195818996202,0.4945109737650203
2012-12-10,146.8416689,219.8250033,279.8333375,0.001854167,85872.08333,0.0,-1.812500027,-2.708333374,0.119187457,0.7905493507928861,0.285856381442752
2012-12-11,146.0541688,216.7625032,278.1958375,0.001779167,85661.25,0.0,-1.766666693,-2.287500034,0.119205069,0.6830608222707496,0.3068827456903953
2012-12-12,146.1375022,213.4916698,278.3583375,0.001358333,85572.08333,0.0,-1.716666692,1.904166695,0.119236665,0.6871371784568517,0.2313849318089839
2012-12-13,125.6291685,237.6875035,278.6000042,0.002220833,85420.83333,0.0,-1.533333356,4.295833397,0.1192689,0.8041325755703004,0.3712706633364571
2012-12-14,91.81250137,307.3208379,279.4125042,0.005116667,85059.58333,29.60000044,2.295833368,6.216666759,0.143395398,50.4717074491225,0.8046330355980611
2012-12-15,53.68333413,314.295838,278.6000042,0.0058375,85325.0,17.30000026,1.833333361,4.641666736,0.232723338,14.00229211919372,0.9747968530093976
2012-12-16,117.3583351,294.9375044,279.2333375,0.005891667,85523.33333,9.100000136,1.937500029,0.962500014,0.236274288,24.164011916824126,0.9432956834457404
2012-12-17,140.5875021,237.8041702,278.1291708,0.004695833,85822.5,0.0,0.89166668,0.787500012,0.20244412,10.533950873898434,0.8153197650820799
2012-12-18,129.8500019,239.5750036,277.2083375,0.004116667,85442.91667,1.200000018,-1.100000016,2.120833365,0.176898838,14.861043427807274,0.7595711050046027
2012-12-19,144.1333355,263.8458373,277.3166708,0.004425,85140.41667,13.3000002,4.191666729,1.291666686,0.152003962,41.342305449972535,0.8073301492641434
2012-12-20,145.2750022,198.850003,275.6333374,0.001795833,86211.66667,0.0,-2.941666711,-0.958333348,0.145686026,26.48583218682932,0.3742362499335451
2012-12-21,145.9458355,217.4375032,279.1041708,0.0015625,85946.66667,0.0,-4.4958334,0.795833345,0.139982253,37.9654384753677,0.2536875832783501
2012-12-22,133.5541687,253.1250038,279.8250042,0.00265,85887.5,0.0,-2.070833364,2.070833364,0.13325678,16.948730239164348,0.4088601052456309
2012-12-23,143.8750021,222.62917,278.2333375,0.002779167,85712.91667,0.0,-0.091666668,1.125000017,0.127711321,6.011142677662817,0.4783917478563084
2012-12-24,94.1875014,240.6958369,277.1916708,0.002783333,85471.66667,0.0,1.650000025,1.779166693,0.124752226,4.163787730669541,0.5143382020785525
2012-12-25,135.712502,245.4875037,277.0166708,0.003358333,85505.41667,0.400000006,0.945833347,-1.504166689,0.123199482,5.02966387010854,0.6286206246816813
2012-12-26,143.3333355,235.4541702,277.6583375,0.0023,85184.58333,0.0,-0.19166667,2.237500033,0.12271549,4.759696051720296,0.4097912066589485
2012-12-27,85.17916794,250.9166704,274.3500041,0.002591667,85083.33333,0.100000001,2.733333374,0.870833346,0.12189644,2.1548195747573824,0.5849484475508978
2012-12-28,146.3166688,217.4750032,275.0916708,0.003279167,85558.75,0.70000001,0.987500015,-0.845833346,0.131432386,2.457250761366163,0.7052323443557588
2012-12-29,147.3041689,205.9875031,276.0625041,0.0024875,85618.33333,0.0,-2.941666711,0.645833343,0.128572474,2.397635834120072,0.4991565846604897
2012-12-30,111.6750017,246.520837,276.1833374,0.002441667,85312.91667,0.0,-0.695833344,3.629166721,0.126443711,2.2626504244193617,0.4839963570078202
2012-12-31,101.6333348,281.1708375,275.9083374,0.003908333,85408.33333,9.100000136,3.054166712,2.137500032,0.210939094,20.750394032492675,0.7910597415553372
2013-01-01,138.8208354,235.3666702,274.2333374,0.002933333,85798.33333,0.0,0.141666669,0.150000002,0.264241062,6.7168646223356285,0.6733280524161323
2013-01-02,142.7250021,200.2291697,274.6125041,0.001995833,85800.0,0.0,-3.583333387,-1.500000022,0.230880101,14.62007950395987,0.4456668425746929
2013-01-03,140.5708354,206.7666697,275.1416708,0.0019875,85522.08333,0.0,-4.26666673,-1.283333352,0.209730619,12.048696576656072,0.4257141458610758
2013-01-04,141.3583354,215.4000032,275.8166708,0.002791667,85970.83333,0.0,-3.175000047,-0.47083334,0.192836435,5.980671718338591,0.5725263570460694
2013-01-05,143.6000021,203.2916697,274.8541708,0.002191667,86153.33333,0.0,-1.937500029,-0.504166674,0.176489024,3.920056252018535,0.4828641523651873
2013-01-06,139.6041687,206.0458364,275.6875041,0.001375,85988.33333,0.0,-3.462500052,1.495833356,0.160312639,5.0214542745913615,0.284682844589014
2013-01-07,132.7666686,226.9833367,276.4791708,0.002429167,85205.83333,0.0,-1.708333359,1.320833353,0.148802264,2.934763194545889,0.4708290219995452
2013-01-08,144.7916688,213.1833365,276.7625041,0.0021875,85273.33333,0.0,-1.533333356,-3.104166713,0.139595966,2.628954944056134,0.4158184045432805
2013-01-09,146.7000022,218.3958366,278.1708375,0.001995833,85810.83333,0.0,-2.758333374,-1.725000026,0.133357503,2.4304009589299267,0.3454646315452294
2013-01-10,118.6708351,228.6666701,278.3083375,0.0015875,85463.75,0.200000003,-0.87916668,3.683333388,0.127925213,2.349485797930728,0.2710331030882448
2013-01-11,142.4250021,250.8208371,277.1458375,0.002891667,85038.75,0.70000001,5.408333414,3.400000051,0.163242791,2.574318044824129,0.5333873068180182
2013-01-12,118.4125018,208.0000031,273.7166707,0.001683333,85312.08333,0.0,2.187500033,-0.679166677,0.17896999,1.2522238080778372,0.3989916020000953
2013-01-13,150.7875022,184.2583361,270.9416707,0.001370833,85511.66667,0.0,0.450000007,1.462500022,0.173219173,1.0012003734616388,0.4000360139893812
2013-01-14,149.1666689,181.7750027,268.2791707,0.000991667,85468.33333,0.0,2.004166697,0.041666667,0.165778444,0.8809799995960103,0.3539660694310493
2013-01-15,152.4291689,191.3125029,270.0083374,0.001166667,86118.75,0.0,-1.745833359,-3.450000051,0.16093171,1.004866430624221,0.3678315793642085
2013-01-16,150.8083356,209.3750031,273.7125041,0.001595833,86417.5,0.0,-2.541666705,-2.120833365,0.154485618,1.072642477534504,0.3832700028052805
2013-01-17,152.8125023,221.01667,277.8958375,0.002045833,86126.66667,0.0,-4.462500066,-0.850000013,0.143293313,1.3722406709278865,0.3623937916411687
2013-01-18,154.6583356,222.65417,280.3958375,0.002266667,86149.16667,0.0,-4.220833396,0.225000003,0.134166662,1.398940516411885,0.3371517586148893
2013-01-19,157.8458357,213.3416698,280.0375042,0.001729167,86087.5,0.0,-3.700000055,-0.500000007,0.128131191,1.3064011699202538,0.2634868787205399
2013-01-20,157.004169,219.2625033,280.6875042,0.001575,86089.16667,0.0,-3.55416672,-0.333333338,0.124588625,1.3106700008380112,0.229431076076285
2013-01-21,154.654169,236.7750035,282.1958375,0.002304167,85917.08333,0.0,-3.079166713,-1.016666682,0.12247466,1.2324123969985985,0.3020160564940991
2013-01-22,158.079169,235.1083368,281.5875042,0.002470833,86132.91667,0.0,-2.695833374,-0.583333342,0.121306107,1.0543003749671105,0.3384745909686415
2013-01-23,158.6250024,230.7541701,281.9458375,0.002170833,86203.33333,0.0,-2.558333371,1.14583335,0.120567339,1.048960782949905,0.2904056401728426
2013-01-24,58.91666754,294.8041711,283.8416709,0.003729167,86172.91667,0.0,0.19166667,2.641666706,0.120199237,0.6575015223086349,0.438489508132331
2013-01-25,103.6750015,344.6791718,284.1708376,0.006375,86124.16667,0.0,-0.833333346,1.470833355,0.120032678,0.9598354547599904,0.7327693579129516
2013-01-26,46.14166735,347.3041718,284.5041709,0.0080625,85702.5,31.10000046,-0.600000009,3.80833339,0.119885825,25.046636485647586,0.901810257771941
2013-01-27,99.76666815,328.2958382,282.1750042,0.007604166,85590.0,16.70000025,0.820833346,3.36250005,0.119868039,31.16677618221944,0.9943259163202978
2013-01-28,123.8416685,306.5750046,282.6000042,0.00685,85338.75,20.3000003,2.541666705,3.720833389,0.120578857,44.78538936052385,0.8675867355744562
2013-01-29,126.7958352,263.9458373,278.4375041,0.0040375,85463.33333,2.200000033,4.945833407,-0.112500002,0.188443609,37.72909944371217,0.6830743377735571
2013-01-30,166.0291691,245.5875037,277.4791708,0.003029167,86052.08333,0.0,2.487500037,-0.704166677,0.207297763,26.050592806479436,0.5521735789790567
2013-01-31,166.6583358,224.8208367,277.5958375,0.002820833,86046.25,0.0,-1.395833354,-1.341666687,0.188476062,15.281464905777836,0.5099255779790206
2013-02-01,172.9625026,214.1250032,278.8166708,0.002016667,86120.83333,0.0,-2.529166704,-1.208333351,0.162449035,16.515514717184193,0.3347681741567622
2013-02-02,161.4000024,234.7541702,280.4750042,0.002025,86260.41667,0.0,-1.775000026,-1.658333358,0.143357759,12.354485190393234,0.2999455878436804
2013-02-03,79.16666785,291.3125043,281.2291709,0.0022875,86051.25,0.400000006,-1.979166696,0.233333337,0.13138344,8.170827350324377,0.3208647896494238
2013-02-04,166.1250025,293.8458377,280.6958375,0.0037,85609.58333,1.800000027,-0.43333334,-0.558333342,0.125624532,16.329955966917236,0.5356698619537581
2013-02-05,173.5750026,245.6416703,281.3916709,0.00415,85667.08333,0.0,-0.991666681,-0.970833348,0.122252991,7.87584686789349,0.5730784288963764
2013-02-06,128.6375019,274.2208374,281.3875042,0.004529167,85441.66667,0.0,1.500000022,0.654166676,0.121064093,4.9642170024866346,0.6239709270944231
2013-02-07,176.120836,250.2500037,280.4041708,0.004266667,85675.0,0.0,1.283333352,0.441666673,0.120598713,4.700178977683121,0.6307813057511916
2013-02-08,171.5333359,237.3333369,280.3625042,0.003383333,85243.75,0.0,0.24166667,3.829166724,0.120414987,3.349987288929615,0.4991105985384259
2013-02-09,115.5875017,252.9666704,276.7875041,0.0034375,84935.0,2.400000036,4.316666731,3.312500049,0.171130129,5.231922226942506,0.6496760408551411
2013-02-10,124.5791685,284.9083376,275.1750041,0.002695833,85356.66667,0.600000009,2.350000035,1.729166692,0.24229205,6.3297577072066575,0.5749310305497
2013-02-11,87.21666797,253.5291704,275.0416708,0.002854167,85331.25,6.800000101,1.437500021,1.020833349,0.240118961,10.298931398703704,0.6144180838087714
2013-02-12,185.6125028,216.4500032,273.9041707,0.002941667,85883.33333,1.400000021,1.012500015,-2.041666697,0.429235133,11.013090459277956,0.6923519011436944
2013-02-13,188.9500028,211.9375032,275.1666708,0.002308333,85865.0,0.0,-0.979166681,-1.883333361,0.353259095,13.780837422032102,0.4955206552359905
2013-02-14,191.6916695,217.1500032,277.6375041,0.002366667,85786.25,0.0,-0.741666678,-2.304166701,0.2699582,15.555567080872036,0.4252749002161807
2013-02-15,195.8791696,217.6375032,279.8208375,0.002341667,86039.58333,0.0,-2.970833378,-2.791666708,0.205891011,16.510916172743915,0.362033092915088
2013-02-16,199.3916696,208.2250031,280.0500042,0.001583333,86280.83333,0.0,-3.80833339,-1.979166696,0.167987534,11.915001531768828,0.2415969431874546
2013-02-17,199.0416696,219.1708366,280.3333375,0.001879167,85563.75,0.0,-1.379166687,2.270833367,0.144551658,7.45992776719264,0.2788190416928273
2013-02-18,198.7041696,218.7208366,279.7916708,0.0022375,85552.5,0.0,1.558333357,0.683333344,0.133612094,4.895336899491313,0.3446690210214653
2013-02-19,201.7166697,229.8666701,280.2583375,0.002579167,85261.25,0.0,0.062500001,3.408333384,0.128153612,3.964281516247565,0.3833155323024656
2013-02-20,128.6833353,265.9291706,278.0625041,0.003575,84547.91667,35.20000052,2.387500036,5.154166743,0.270610019,60.33549755420675,0.6143800007678059
2013-02-21,66.26666765,289.5375043,274.1125041,0.003254167,85187.91667,2.600000039,3.483333385,1.925000029,0.628676291,14.793147720363011,0.7482257037427579
2013-02-22,201.0833363,233.1625035,274.4625041,0.003016667,85551.66667,0.200000003,2.029166697,-0.608333342,0.573572529,9.924924899420596,0.6790354873854064
2013-02-23,207.4416698,213.5416698,275.8333374,0.002508333,85636.66667,0.0,0.725000011,0.412500006,0.459082064,6.581665412546477,0.5118054749092144
2013-02-24,157.016669,248.858337,277.2250041,0.002691667,85038.75,1.000000015,3.100000046,-1.916666695,0.372795031,21.84442082279974,0.4937079220632846
2013-02-25,214.3250032,201.8791697,275.7458374,0.00175,85734.58333,0.0,0.537500008,-2.650000039,0.351820133,14.2685565130261,0.35974010310873
2013-02-26,215.9416699,206.6291697,276.7458375,0.00195,85445.41667,0.0,1.841666694,-1.358333354,0.271130519,11.418776415787676,0.3718626096505119
2013-02-27,219.9958366,201.9333363,278.2041708,0.0017125,85741.66667,0.0,-1.883333361,-2.837500042,0.213298563,10.638231940465722,0.2954871361154839
2013-02-28,221.2958366,204.1458364,278.0750041,0.0016125,86115.41667,0.0,-2.358333368,-3.175000047,0.184598904,8.026814012913334,0.2820040969332106
2013-03-01,228.8083367,218.6833366,279.6625042,0.001729167,86387.91667,0.0,-1.562500023,-2.975000044,0.160386022,6.88796942154951,0.2713960370589943
2013-03-02,230.9875034,235.2666702,282.2125042,0.002483333,86409.58333,0.0,-1.887500028,-1.483333355,0.139853598,5.932353300085871,0.3269937321134162
2013-03-03,198.2458363,245.7750037,283.0541709,0.002416667,85857.08333,0.0,0.808333345,1.616666691,0.129363393,4.42885791763465,0.2985903463485548
2013-03-04,231.3541701,248.070837,282.1791709,0.002533333,85400.83333,0.0,3.366666717,1.412500021,0.12552471,4.344850631765082,0.3304342112015145
2013-03-05,221.7083366,243.7416703,282.2125042,0.003166667,85855.83333,0.0,-0.270833337,0.67500001,0.123887813,3.610383119034532,0.4142998361961352
2013-03-06,235.1958368,253.2416704,283.2541709,0.0029625,85731.25,0.0,0.745833344,2.804166708,0.123163112,3.298601758464547,0.3605770445524382
2013-03-07,241.4291703,234.9041702,283.0583376,0.002804167,85568.33333,0.0,0.887500013,2.558333371,0.122875254,2.794142163618026,0.3452050349337972
2013-03-08,130.4791686,291.2375043,281.1250042,0.0042625,85187.08333,52.90000079,1.358333354,4.608333402,0.122846182,73.59156415608405,0.5961498519791566
2013-03-09,129.3916686,296.2666711,277.1000041,0.0044625,85319.16667,24.90000037,4.72500007,4.854166739,0.420944019,42.719589632113454,0.8285505249940949
2013-03-10,231.8583368,269.3666707,276.9458375,0.003879167,85916.25,1.300000019,1.216666685,-0.954166681,0.443687505,26.695009516577,0.7332920147721489
2013-03-11,248.5416704,223.5708367,279.6541708,0.002708333,85987.91667,0.0,-0.429166673,-1.32500002,0.304012618,25.33561769544414,0.4233555565480586
2013-03-12,247.958337,237.1875035,282.1458375,0.002841667,85850.0,0.0,-0.604166676,-1.333333353,0.202517031,27.507770976756863,0.3734499713913158
2013-03-13,249.9750037,253.3208371,285.5375043,0.0030375,86085.41667,0.0,-2.054166697,-1.208333351,0.149926508,27.3630851817323,0.318538592798929
2013-03-14,252.1083371,255.6875038,286.4500043,0.0028,86184.16667,0.0,-2.854166709,-1.266666686,0.130939061,19.09328862110988,0.2767405678066775
2013-03-15,253.2916704,248.695837,287.2708376,0.002479167,85897.91667,0.0,-0.462500007,0.358333339,0.125342209,12.069175448710707,0.2313903396373904
2013-03-16,240.2916702,250.0416704,284.8750042,0.0025625,85468.75,0.0,2.566666705,2.070833364,0.124005831,8.16593190195271,0.2788376225779884
2013-03-17,258.3166705,250.4333371,285.6166709,0.002929167,85337.91667,0.0,3.775000056,2.112500031,0.123735579,7.262966528943287,0.3029138695869051
2013-03-18,256.0500038,250.2750037,285.3875043,0.003054167,85570.41667,0.0,2.462500037,1.308333353,0.123715828,5.58578337944029,0.3215604757425344
2013-03-19,256.7458372,259.2083372,285.7958376,0.0033375,85574.16667,0.0,2.304166701,0.966666681,0.123755202,4.94803330667755,0.342007063654051
2013-03-20,246.7041703,267.012504,286.4625043,0.0036125,85713.33333,0.0,0.587500009,0.966666681,0.123817464,4.40797346075192,0.3548016114594906
2013-03-21,250.9583371,279.0125042,286.4666709,0.003529167,85253.75,0.0,3.004166711,1.620833357,0.12388418,4.46838553210255,0.3446638473154949
2013-03-22,264.5083373,255.2333371,284.9583376,0.003270833,84955.41667,0.0,3.59166672,2.245833367,0.123949621,4.145060609278791,0.3518142232128757
2013-03-23,274.1458374,233.6625035,283.8291709,0.0026375,85314.58333,0.0,5.025000075,-0.129166669,0.12401443,4.140571553210139,0.307296728685707
2013-03-24,273.7500041,221.8333366,282.3166709,0.001416667,85585.41667,0.0,1.658333358,-1.837500027,0.124093859,3.034684487054982,0.1834527168166265
2013-03-25,273.1458374,228.8708367,282.6708375,0.001483333,85480.83333,0.0,0.004166667,-1.250000019,0.124159299,2.6081345004115097,0.1872799769981008
2013-03-26,263.1833373,249.8458371,285.4916709,0.001916667,85604.16667,0.0,-0.995833348,1.995833363,0.124238731,3.005889475274646,0.2004842554878459
2013-03-27,256.3833372,248.1166704,285.3166709,0.002145833,85452.08333,0.0,1.833333361,3.308333383,0.124304172,3.4171489600099214,0.2266790471453213
2013-03-28,206.7375031,278.9875042,285.9125043,0.002604167,85762.5,0.0,1.300000019,2.758333374,0.124368981,2.768936547723446,0.2653873193529825
2013-03-29,272.9500041,266.7708373,286.4208376,0.002725,86004.16667,0.0,0.629166676,0.666666677,0.124448409,2.5383241333056965,0.2692828556717798
2013-03-30,219.9083366,284.4166709,287.3125043,0.002658333,85971.66667,0.0,1.750000026,0.500000007,0.124513854,2.3412644185713893,0.2476488259375605
2013-03-31,272.7958374,271.0041707,286.4541709,0.003104167,85770.0,0.0,2.691666707,0.383333339,0.124578659,2.9465922959765574,0.3052449397654578
2013-04-01,288.9458376,258.9250039,286.0666709,0.003333333,85660.83333,0.0,3.075000046,2.575000038,0.124643464,3.3986819393207863,0.3358484950451832
2013-04-02,294.2708377,252.7500038,285.2666709,0.003316667,85502.5,0.0,3.537500053,0.312500005,0.124708273,3.1197045617382724,0.3517376229857906
2013-04-03,296.1708377,262.5250039,286.9416709,0.003466667,85573.33333,0.0,1.683333358,-1.725000026,0.124787701,2.8831193719149644,0.329370636975935
2013-04-04,285.4375043,260.1375039,287.9750043,0.002995833,85793.33333,0.0,-0.179166669,-0.004166667,0.124853146,2.460007232345009,0.2667165018925274
2013-04-05,297.7750044,278.7791708,288.2208376,0.003120833,85692.91667,0.0,2.887500043,2.808333375,0.124917951,3.982960336615032,0.2731152811779332
2013-04-06,297.2000044,269.075004,288.0375043,0.003383333,85647.5,0.0,2.750000041,1.183333351,0.124997379,3.273269223828964,0.2994817743349479
2013-04-07,296.8958378,270.7208374,287.4208376,0.003783333,85417.91667,0.0,2.750000041,1.520833356,0.125062824,3.222457872466395,0.347708452205665
2013-04-08,298.0458378,278.5875042,288.204171,0.00485,84727.08333,0.0,4.4958334,5.920833422,0.125142252,4.726246856034437,0.4201120835681728
2013-04-09,204.8791697,305.9291712,283.6500042,0.004991667,84368.33333,22.50000034,7.38750011,4.125000061,0.126647109,149.34982644944515,0.5821190395352316
2013-04-10,268.687504,280.2291708,282.5125042,0.003529167,85281.66667,0.0,1.716666692,-2.100000031,0.127371221,37.973070509300186,0.4493554237908505
2013-04-11,298.1583378,240.2250036,282.1916709,0.002645833,85515.41667,0.0,1.720833359,-0.725000011,0.126202608,21.19726010752578,0.3452764099295983
2013-04-12,299.5541711,252.3458371,284.9250042,0.002666667,85091.25,0.0,2.375000035,-0.150000002,0.125682496,15.35936128044013,0.2879280149053577
2013-04-13,308.4666713,262.9750039,286.8875043,0.003029167,85142.91667,0.0,3.695833388,0.770833345,0.125557222,11.268693416995202,0.2873766929904881
2013-04-14,307.7208379,269.125004,288.5875043,0.003816667,85085.83333,0.0,4.129166728,3.32500005,0.125569141,8.81087779842865,0.323842542817285
2013-04-15,311.983338,272.9083374,288.9583376,0.004620833,84931.25,0.0,3.500000052,5.116666743,0.125626286,7.14335866377763,0.3820807329578062
2013-04-16,315.558338,270.1333374,288.8125043,0.005120833,84971.25,0.0,3.166666714,5.875000088,0.125692311,6.088609103552037,0.4276377463537466
2013-04-17,184.7916694,293.3875044,286.3416709,0.0047,85098.75,0.0,5.200000077,2.350000035,0.125767789,3.703514576564351,0.4619683594692335
2013-04-18,326.5750049,223.1750033,282.9083375,0.001916667,85647.91667,0.0,0.608333342,-3.904166725,0.125843264,4.137487643446432,0.2385840875181417
2013-04-19,329.1458382,221.02917,283.7333376,0.001495833,86028.75,0.0,-1.858333361,-1.462500022,0.125918741,4.579557032857812,0.1768777413395042
2013-04-20,325.7291715,236.0625035,285.7083376,0.001570833,85629.16667,0.0,2.345833368,-1.287500019,0.12599422,4.846045802853204,0.1620103791351619
2013-04-21,325.8916715,246.1000037,287.991671,0.001791667,85730.0,0.0,1.54166669,-0.812500012,0.126055075,4.950242383166186,0.1592199074340054
2013-04-22,323.8333382,256.2958372,288.5333376,0.002170833,85684.16667,0.0,3.13333338,1.845833361,0.12614454,5.291753773091415,0.1861421383410581
2013-04-23,324.2166715,263.4416706,289.0875043,0.0027375,85469.16667,0.0,3.541666719,1.658333358,0.126206027,5.308399964114902,0.2258951795554307
2013-04-24,318.1000047,264.6750039,289.604171,0.002825,85425.83333,0.0,2.108333365,2.570833372,0.12628087,5.023209628101679,0.2253679724375967
2013-04-25,320.1541714,280.1125042,290.154171,0.003575,85507.91667,0.0,2.912500043,4.345833398,0.126356348,5.737307389688912,0.2755751887167383
2013-04-26,327.9666716,265.0041706,288.2083376,0.003266667,85860.41667,0.0,2.466666703,0.100000001,0.126431826,4.520973663666998,0.2866694232473455
2013-04-27,330.7125049,267.9458373,290.5875043,0.002733333,85932.08333,0.0,1.241666685,-1.320833353,0.126507304,4.863733760232643,0.205957133576989
2013-04-28,333.962505,269.137504,292.6958377,0.002275,85636.66667,0.0,-0.354166672,-1.916666695,0.126582778,5.203839854882013,0.1494952944120093
2013-04-29,331.1333383,273.4791707,292.5583377,0.002108333,85397.91667,0.0,2.979166711,0.033333334,0.126658256,5.5634120154899,0.1393549994596501
2013-04-30,334.2208383,279.8708375,294.104171,0.002775,85328.75,0.0,4.370833398,2.270833367,0.126733734,6.608594679079745,0.1664062889511878
2013-05-01,343.3708384,271.725004,291.9833377,0.0028875,85420.0,0.0,3.379166717,1.637500024,0.12679459,5.670373670335116,0.1979438694620052
2013-05-02,354.579172,257.8291705,291.804171,0.0023875,86116.66667,0.0,-2.325000035,-3.050000045,0.126869428,5.602276616757786,0.1668803639922432
2013-05-03,351.6416719,250.2791704,289.779171,0.001966667,86112.5,0.0,-4.275000064,1.004166682,0.126944906,5.388002278178008,0.1563859051005644
2013-05-04,348.0291719,256.2166705,289.979171,0.0019625,85356.25,0.0,0.008333333,2.504166704,0.127020384,4.784127355592955,0.152711661852089
2013-05-05,278.4583375,288.8708376,290.154171,0.002845833,85288.75,0.0,1.766666693,5.008333408,0.127095655,5.05065768695356,0.2188058365942022
2013-05-06,289.2208376,318.8375048,289.2333376,0.004654167,85490.41667,0.0,2.395833369,4.625000069,0.127167563,4.609183828972812,0.3805534243316469
2013-05-07,341.4791718,288.1875043,288.8458376,0.005379167,85636.66667,0.0,2.87916671,4.158333395,0.127246253,4.34584447505979,0.4517535075910741
2013-05-08,332.8166716,285.4916709,286.5000043,0.0049125,85669.58333,0.0,2.816666709,2.479166704,0.127315145,3.7216624575136654,0.481044082717927
2013-05-09,344.1250051,285.5541709,287.4250043,0.004275,85712.5,0.0,2.945833377,0.745833344,0.12739282,4.043698822938129,0.3941427866529613
2013-05-10,346.1291718,281.2083375,288.579171,0.003929167,85790.0,0.0,1.816666694,0.0,0.127461104,4.260597135283797,0.3363288734922219
2013-05-11,347.2833385,283.7958376,289.9708377,0.0036,85966.25,0.0,-0.350000005,-0.45833334,0.127540874,5.260008167661463,0.2822862608064527
2013-05-12,349.6791719,286.8875043,291.1250043,0.003458333,86148.33333,0.0,-2.762500041,-0.612500009,0.127608809,4.631642087504604,0.2524523114773979
2013-05-13,349.8291719,290.4125043,293.1125044,0.003054167,86106.25,0.0,-0.89166668,0.391666673,0.127683301,5.205719602669252,0.1965964557499266
2013-05-14,293.041671,318.0541714,293.0250044,0.003091667,85886.25,0.0,1.625000024,2.183333366,0.127758443,4.584240795453403,0.1995917220397014
2013-05-15,351.0750052,306.3250046,294.7541711,0.0042375,85832.5,0.0,5.029166742,2.370833369,0.12783419,5.638229057062132,0.2455242478176762
2013-05-16,357.5375053,281.8041709,292.454171,0.0033,85636.25,0.0,3.229166715,3.495833385,0.12786879,4.970037524435819,0.2201663931148633
2013-05-17,356.6208386,280.0625042,292.5083377,0.0032125,85532.5,0.0,2.637500039,4.033333393,0.127896145,4.903710362468427,0.2133412836771908
2013-05-18,357.2375053,280.4291708,291.5708377,0.003658333,85559.58333,0.0,3.050000045,2.820833375,0.127917015,4.467694037076594,0.2578319550035609
2013-05-19,354.0875053,285.6500043,289.804171,0.004075,85560.0,0.0,4.27916673,1.229166685,0.127953582,4.102404869962279,0.3214414030371276
2013-05-20,361.3583387,276.2083374,291.441671,0.003341667,85479.16667,0.0,3.983333393,-1.491666689,0.127976172,4.404166822187579,0.2372257666297881
2013-05-21,355.316672,276.6750041,291.4375043,0.002708333,85603.75,0.0,0.45833334,-1.220833352,0.128012716,4.533073932314523,0.1925963058923243
2013-05-22,359.566672,279.6416708,292.6000044,0.002566667,85295.41667,0.0,2.800000042,3.358333383,0.128035267,4.67858643603688,0.1690030694084579
2013-05-23,361.079172,286.2708376,293.5583377,0.003258333,85297.91667,0.0,2.091666698,4.637500069,0.128071837,4.80845496443869,0.2020650122282679
2013-05-24,353.2333386,292.979171,292.8875044,0.003979167,85578.75,0.0,1.570833357,4.083333394,0.128094502,4.367960373017401,0.2581810358643269
2013-05-25,359.1875054,282.7666709,292.2208377,0.0033625,85636.25,0.0,2.225000033,3.033333379,0.128131158,4.230094475846357,0.2276548804993148
2013-05-26,361.1333387,269.7458374,291.5333377,0.002620833,85722.5,0.0,2.245833367,3.166666714,0.12815375,4.045369209026113,0.1855027407025884
2013-05-27,350.0833385,271.5958374,290.4875043,0.002191667,85485.83333,0.0,2.512500037,2.325000035,0.128175691,3.779456484903763,0.1653369391697911
2013-05-28,361.5000054,274.0291708,291.591671,0.002883333,85110.41667,0.0,2.950000044,3.062500046,0.128212282,3.871527513815765,0.2018782581689741
2013-05-29,356.2875053,297.3625044,292.3375044,0.0042,85031.25,0.0,4.487500067,1.970833363,0.128234931,3.8271714988789465,0.2802816291820723
2013-05-30,355.9375053,310.4291713,293.1333377,0.005291667,85390.83333,0.0,3.870833391,1.98750003,0.128271555,3.7085176305978313,0.3373541440411712
2013-05-31,354.5750053,326.6916715,295.1791711,0.006929166,85607.5,0.0,3.533333386,1.487500022,0.128294207,3.787580716344628,0.3900722854913656
2013-06-01,349.5500052,317.2375047,296.3333377,0.00525,85665.83333,0.0,0.758333345,-0.45833334,0.128330806,4.781320003266814,0.2755506458175243
2013-06-02,348.5125052,309.870838,295.8000044,0.003591667,85594.58333,0.0,2.595833372,2.454166703,0.128353432,3.925194921252937,0.1945975108446742
2013-06-03,352.9416719,304.3708379,296.9000044,0.0035125,85458.33333,0.0,2.920833377,3.233333382,0.128389979,4.060803871454557,0.1776738349063146
2013-06-04,348.7250052,306.9083379,295.7791711,0.003820833,85586.66667,0.0,2.2041667,2.750000041,0.128412146,3.804748512489654,0.2072590148403987
2013-06-05,353.4625053,304.7541712,296.4041711,0.003679167,85602.91667,0.0,2.645833373,0.908333347,0.128432529,3.921871694703943,0.1921304702951786
2013-06-06,351.3625052,308.8333379,296.8541711,0.003345833,85498.75,0.0,3.704166722,0.941666681,0.128467485,3.988562918083572,0.1697954621020503
2013-06-07,318.8875048,323.2458382,298.5833378,0.003375,85439.16667,0.0,3.850000057,1.13333335,0.12850308,4.04111711813654,0.1541920199985799
2013-06-08,353.7250053,313.0625047,299.7833378,0.003145833,85408.75,0.0,5.129166743,1.083333349,0.128524049,4.483439346904071,0.1337400368378266
2013-06-09,352.4791719,318.3916714,299.5000045,0.003633333,85659.16667,0.0,5.116666743,0.937500014,0.128559004,4.350821003430111,0.1575511827493123
2013-06-10,353.5166719,310.4625046,298.4000044,0.003233333,85754.58333,0.0,3.954166726,1.908333362,0.128579976,4.100790395389884,0.1499051753983951
2013-06-11,355.6500053,300.5208378,297.6500044,0.002695833,85780.0,0.0,3.287500049,1.604166691,0.128614932,3.874279528897402,0.1307986243631028
2013-06-12,348.0583385,307.7250046,298.4125044,0.002629167,85870.83333,0.0,2.775000041,-0.545833341,0.1286359,3.888360464239046,0.1219682334424953
2013-06-13,342.0500051,328.7958382,299.3666711,0.004570833,85807.91667,0.0,4.520833401,0.479166674,0.12867086,3.802099013759866,0.2001313574793414
2013-06-14,347.6208385,334.375005,298.7083378,0.005654167,85737.5,0.0,4.091666728,1.09583335,0.128691828,3.575966538844256,0.2572864175155018
2013-06-15,345.0708385,339.1375051,298.2125044,0.005741667,85776.25,0.0,3.341666716,2.187500033,0.128726784,3.435176323038713,0.2692819018888956
2013-06-16,348.2375052,333.075005,297.7625044,0.004845833,85801.66667,0.0,3.358333383,2.070833364,0.128846943,3.3561423977898195,0.2335817049687692
2013-06-17,353.9083386,316.8500047,297.6916711,0.003725,85792.08333,0.0,3.462500052,1.36250002,0.128956156,3.2922523513740964,0.1803038241957731
2013-06-18,357.204172,294.8416711,296.3875044,0.002804167,85662.08333,0.0,2.633333373,2.004166697,0.12907936,3.0366617018893964,0.1466871532323886
2013-06-19,361.2583387,287.2958376,296.2208377,0.002433333,85502.5,0.0,2.600000039,3.708333389,0.129188573,3.0685349275896208,0.1283503220236128
2013-06-20,359.3708387,287.7875043,295.6666711,0.0026,85438.75,0.0,2.533333371,3.562500053,0.129326397,3.0385576611997385,0.1417661055279135
2013-06-21,354.5625053,295.8250044,296.2916711,0.00305,85552.91667,0.0,2.262500034,4.062500061,0.129436245,3.130011405985,0.1602777841585107
2013-06-22,350.2541719,285.8416709,294.5291711,0.002370833,85638.75,0.0,2.570833372,3.745833389,0.129559446,2.971772307939708,0.1389774822251618
2013-06-23,359.804172,290.3833377,295.9333377,0.002725,85529.58333,0.0,2.383333369,3.816666724,0.129668659,3.226079216890928,0.146329609502909
2013-06-24,354.6458386,301.2083378,296.3291711,0.003408333,85462.91667,0.0,2.450000037,4.67500007,0.129791863,3.280123476279244,0.1785108494309262
2013-06-25,354.4791719,302.7583378,296.1000044,0.003675,85823.75,0.0,2.629166706,3.283333382,0.129901076,3.2878481051716206,0.1960141096561178
2013-06-26,356.8333387,297.7708378,296.7166711,0.002716667,85935.0,0.0,2.691666707,1.391666687,0.130024276,3.594757653654758,0.139733035676694
2013-06-27,355.2833386,304.8500045,297.7958378,0.0031625,86033.75,0.0,3.904166725,-0.033333334,0.130148112,3.5515206957985543,0.1525459240333833
2013-06-28,338.6583384,330.6541716,300.4083378,0.003454167,85981.66667,0.0,3.287500049,0.225000003,0.130271949,3.8816700609346895,0.1424567354967203
2013-06-29,265.2333373,369.3416722,303.4083379,0.004695833,85815.41667,0.0,0.729166678,2.837500042,0.130381162,3.7362210650292416,0.1621933736193243
2013-06-30,336.6791717,373.5833389,303.9916712,0.005583333,85767.08333,0.0,4.370833398,0.19166667,0.130504365,4.242669802774713,0.1863612969587752
2013-07-01,321.6833381,371.8916722,302.9791712,0.0073625,85742.08333,0.0,4.537500068,0.733333344,0.130628202,3.682797882196781,0.260475494981632
2013-07-02,321.2125048,372.9458389,301.3250045,0.007708333,85970.41667,0.0,3.950000059,1.429166688,0.130737415,3.3606850522430776,0.3011500347649803
2013-07-03,321.9666715,368.4333388,299.8791711,0.007466666,85797.91667,0.0,4.637500069,1.012500015,0.130860615,3.0398886651207957,0.3170697675575984
2013-07-04,320.7541714,362.1041721,300.8125045,0.0066125,85505.0,0.0,4.800000072,1.125000017,0.130969828,3.103282611109764,0.2648054946568457
2013-07-05,286.4250043,375.3958389,301.1875045,0.008304166,85655.83333,0.0,3.991666726,1.641666691,0.131093029,2.8926699658615185,0.3258630040044437
2013-07-06,316.4750047,376.1125056,300.6208378,0.008466666,85604.58333,0.0,3.258333382,1.533333356,0.131216865,3.0900771016440105,0.3433129339004858
2013-07-07,318.3208381,374.2958389,301.8625045,0.007970833,85613.33333,0.0,3.266666715,0.416666673,0.131340704,3.313118422471613,0.3004953751703728
2013-07-08,310.8375046,372.5250056,302.1833378,0.007066666,85769.16667,0.0,2.854166709,0.245833337,0.131449918,3.4022601409959266,0.2619382096192523
2013-07-09,277.0583375,386.5500058,301.5666712,0.0083625,86072.08333,0.0,4.454166733,0.320833338,0.131573118,2.8978587301842333,0.3224882900256896
2013-07-10,312.3666713,389.2541725,300.9708378,0.011291666,86041.25,0.0,4.412500066,1.070833349,0.131682331,2.77699837335716,0.450799124926448
2013-07-11,295.5416711,382.8500057,299.0083378,0.0106375,85927.5,0.500000007,4.108333395,0.87916668,0.131805531,3.152398306493917,0.4764890726167709
2013-07-12,274.4625041,376.3333389,297.9041711,0.010525,85822.91667,1.900000028,3.312500049,1.212500018,0.131929367,8.210062898263704,0.5031407299563574
2013-07-13,310.4916713,365.0083388,297.8666711,0.009029166,85825.83333,0.0,2.208333366,-0.308333338,0.132053207,8.146568086578096,0.4326249687354487
2013-07-14,295.8875044,378.670839,300.3541711,0.008941666,85827.5,3.200000048,2.995833378,-0.89166668,0.13216242,31.69600266512536,0.3692921818674493
2013-07-15,308.3666713,373.1500056,299.3541711,0.0087125,85665.41667,11.60000017,3.904166725,-0.587500009,0.132285621,173.22427797628055,0.381122291680304
2013-07-16,263.7541706,380.320839,297.0333378,0.008270833,85844.58333,9.500000142,3.312500049,0.66250001,0.132099221,171.82060598724897,0.4168686606516298
2013-07-17,262.6333372,368.2166722,295.0833377,0.007858333,86092.91667,12.10000018,0.029166667,0.68750001,0.13188471,110.86525842058629,0.4475206758227026
2013-07-18,276.3833375,359.6250054,296.2666711,0.007283333,86035.41667,0.300000004,-1.745833359,2.250000034,0.131684187,83.4447045770961,0.385486155633522
2013-07-19,311.020838,371.2500055,297.4333378,0.009158333,85929.58333,2.100000031,-1.420833355,2.2166667,0.131484299,66.74714896926896,0.4509942155471656
2013-07-20,307.3541712,375.4500056,297.0291711,0.010258333,85709.16667,1.500000022,2.045833364,1.029166682,0.131284411,42.53129747902924,0.5163580748943934
2013-07-21,257.4500038,374.4708389,295.6666711,0.0109,85567.08333,5.200000077,2.616666706,1.054166682,0.131084523,65.72478845248634,0.5952198441723743
2013-07-22,175.0375026,365.7041721,293.0583377,0.011933333,85818.75,0.500000007,2.89166671,0.350000005,0.130870012,20.094965251955134,0.7681818525907906
2013-07-23,307.7916713,366.8708388,296.5208378,0.010504166,85987.08333,0.400000006,4.108333395,-0.004166667,0.130669492,29.259946795268696,0.5470976263728288
2013-07-24,247.470837,373.6000056,297.4250044,0.010333333,85916.25,15.00000022,3.962500059,0.120833335,0.130469604,159.58599007700423,0.5090336837553033
2013-07-25,291.816671,375.7958389,296.6250044,0.009766666,85977.91667,2.800000042,2.679166707,1.158333351,0.130273749,92.7807693374158,0.5054152776120233
2013-07-26,196.4791696,385.3958391,296.4416711,0.010375,86183.33333,7.600000113,2.600000039,0.362500005,0.130062899,88.66051463929276,0.5442227016092998
2013-07-27,214.0708365,379.683339,296.3750044,0.012491666,86052.5,1.000000015,1.533333356,0.025,0.129866028,51.552013170561054,0.6569230635059788
2013-07-28,303.3583379,376.1041723,297.8041711,0.012079166,85629.58333,0.0,2.695833374,2.66250004,0.129669779,49.36607440424324,0.5796204212621286
2013-07-29,309.7333379,352.0000052,298.4541711,0.009225,85852.08333,0.0,3.233333382,2.362500035,0.129458892,22.50944083175065,0.4267895360232012
2013-07-30,309.2166713,345.5750051,298.1833378,0.008183333,86251.25,0.0,2.650000039,0.250000004,0.12924736,13.36411175114005,0.3865979392475661
2013-07-31,233.8083368,366.6833388,299.5708378,0.008145833,86229.16667,0.0,0.770833345,-0.133333335,0.129050444,12.400858040214956,0.3540796985943424
2013-08-01,222.3500033,385.8125057,299.5291711,0.010083333,85988.33333,1.800000027,2.225000033,0.429166673,0.128854144,17.939616267245164,0.4381593505330196
2013-08-02,168.1833358,392.7500059,299.2666711,0.013129166,85900.41667,4.400000066,2.129166698,2.00000003,0.128657878,37.00218373473938,0.578914594462842
2013-08-03,290.091671,370.2500055,298.9166711,0.011545833,85931.66667,1.600000024,1.391666687,1.779166693,0.128447053,45.48868501653497,0.5200438737809749
2013-08-04,236.8958369,371.4833389,300.1666711,0.009879166,85840.41667,0.0,3.433333384,0.745833344,0.128235582,20.4190000710425,0.4126274799359838
2013-08-05,270.6958374,355.2583386,297.7166711,0.007566666,85922.5,0.600000009,2.420833369,-1.704166692,0.128038625,17.15980611530129,0.3662582893639395
2013-08-06,97.29166812,395.6291726,294.6541711,0.010766666,85989.16667,4.600000069,-0.86666668,-2.633333373,0.127842322,26.67516179466359,0.6288414274340467
2013-08-07,287.3666709,377.108339,294.9416711,0.011379166,85925.83333,0.0,1.000000015,-0.541666675,0.127631492,34.382663064083026,0.6524415673095014
2013-08-08,308.9958379,329.2541716,296.3250044,0.0075,85896.25,0.0,2.875000043,1.425000021,0.127434711,17.138145781087236,0.3949032985640562
2013-08-09,308.9500046,310.795838,296.2708377,0.004933333,85841.25,0.0,1.225000018,2.970833378,0.127238464,13.45634724458864,0.2604517996566983
2013-08-10,294.4291711,332.5333383,297.6333378,0.005333333,85922.5,0.0,1.816666694,2.379166702,0.1270276,10.779836334514536,0.2594579196671127
2013-08-11,281.6500042,335.1416717,298.1541711,0.005695833,85919.58333,0.0,0.545833341,2.170833366,0.12683072,8.706489320534704,0.2685191717675808
2013-08-12,299.5083378,354.2541719,299.0625045,0.0077625,85739.58333,0.0,1.79583336,1.737500026,0.126619847,7.876993372031936,0.3458266279552277
2013-08-13,304.4041712,332.9708383,298.7666711,0.005679167,85820.0,0.0,3.14583338,1.512500023,0.126422951,6.551067474626287,0.2577705105495704
2013-08-14,289.841671,344.0708385,299.0875045,0.005783333,85979.58333,0.0,1.441666688,1.816666694,0.126226685,6.233534931789652,0.2579885155622276
2013-08-15,259.7333372,366.6375055,300.4166711,0.008095833,85911.66667,0.0,2.375000035,-0.095833335,0.12601583,5.610853100870092,0.3334521117283172
2013-08-16,253.2333371,369.5291722,300.5875045,0.008245833,85848.75,0.0,-0.65000001,0.375000006,0.125886565,6.219758343623545,0.3359727335799699
2013-08-17,224.12917,390.2750058,301.8708378,0.009629166,85867.91667,0.0,1.162500017,1.258333352,0.125775525,5.091277991720524,0.3639155465750403
2013-08-18,198.9791696,377.9666723,300.4958378,0.0093875,85846.66667,5.300000079,-1.279166686,0.854166679,0.125665093,29.869544662161992,0.3845570111211909
2013-08-19,212.0458365,375.0666723,299.5166711,0.0097875,85911.66667,0.0,1.550000023,1.250000019,0.125540027,16.548338181602006,0.4252414212948934
2013-08-20,264.5583373,368.0916722,300.5208378,0.0095375,85749.58333,0.0,3.137500047,0.387500006,0.125414356,15.227622952078336,0.3896837962653194
2013-08-21,213.4875032,389.0875058,300.2375045,0.009408333,85783.33333,11.20000017,2.083333364,-1.12083335,0.125303243,103.64923704003272,0.3910566092065271
2013-08-22,213.5541698,370.1916722,298.8958378,0.009416666,85776.25,0.100000001,1.479166689,0.895833347,0.125178158,45.67082385577567,0.4239034049802007
2013-08-23,253.2041704,357.716672,296.6625044,0.008904166,85662.08333,0.800000012,2.237500033,0.175000003,0.125052485,38.308896287926736,0.458042483208427
2013-08-24,184.8083361,378.908339,297.1041711,0.010275,85608.75,1.100000016,1.150000017,0.750000011,0.124941423,22.851814494415898,0.5142459458392613
2013-08-25,155.129169,393.0875059,296.6500044,0.0130125,85900.0,0.900000013,-0.087500001,1.745833359,0.124816375,16.762089364236168,0.671750758223596
2013-08-26,183.5500027,388.0291724,295.8750044,0.012391666,85919.58333,1.600000024,-2.2666667,0.166666669,0.124705294,22.066865818048853,0.6708446408023445
2013-08-27,273.1875041,356.2458386,297.2500044,0.010604166,85685.41667,0.300000004,-1.254166685,1.470833355,0.124594895,21.331102272795487,0.5265205517614215
2013-08-28,262.7916706,364.1958388,298.8250045,0.009870833,85595.83333,0.0,-2.087500031,1.625000024,0.124469819,13.071994526479138,0.4452970869583826
2013-08-29,167.6166692,382.0875057,297.6083378,0.013116666,85961.66667,0.0,-0.608333342,2.150000032,0.124344108,7.204617603425408,0.6393600347656814
2013-08-30,146.5333355,399.0250059,296.3333377,0.015133333,86141.66667,10.70000016,-2.575000038,1.237500018,0.124233064,58.274906797575326,0.7986975361764145
2013-08-31,155.0375023,381.1000057,296.0250044,0.0147875,85957.91667,0.900000013,-0.004166667,0.383333339,0.124107915,31.98339301299067,0.7935869508638782
2013-09-01,275.4125041,366.0375055,296.8333378,0.013608333,85738.33333,0.500000007,2.533333371,-0.608333342,0.123996903,54.001035087215705,0.6934128000509422
2013-09-02,263.6125039,362.8291721,297.9291711,0.012429166,85702.91667,0.0,3.404166717,0.200000003,0.123871806,28.044596996585536,0.5924440012631096
2013-09-03,218.8250033,365.4541721,298.2458378,0.0111875,85722.5,2.500000037,0.895833347,-0.304166671,0.123760735,29.509823350141897,0.5233106314665175
2013-09-04,270.9541707,366.1666721,299.6541711,0.010395833,85895.83333,5.200000077,-0.008333333,1.045833349,0.12363572,64.30580784728278,0.4479087442978705
2013-09-05,273.3041707,350.2458386,299.1125045,0.008870833,85902.91667,0.0,-1.804166694,2.391666702,0.123524691,42.78217386746119,0.3947759297154565
2013-09-06,221.07917,361.179172,298.5708378,0.007783333,85922.91667,0.0,-0.775000012,1.279166686,0.123399656,17.588120443518434,0.3578749340331963
2013-09-07,163.1958358,384.5833391,298.1708378,0.0101625,85909.58333,0.200000003,-1.383333354,1.158333351,0.123288548,11.332231555526334,0.4785558441354067
2013-09-08,157.204169,375.8083389,294.3541711,0.011170833,85728.75,7.600000113,-0.512500008,0.295833338,0.123163476,38.82786898832903,0.6626595759150634
2013-09-09,129.5708353,373.5041722,293.3250044,0.012075,85505.0,14.00000021,-0.079166668,-0.262500004,0.1230378,47.0731498650848,0.7616555836878857
2013-09-10,175.8125026,355.0833386,291.4333377,0.010858333,85481.66667,7.300000109,0.108333335,2.2541667,0.122926726,76.06083001389686,0.7712655477272211
2013-09-11,247.5791704,356.066672,292.1208377,0.010570833,85715.83333,0.0,1.045833349,1.387500021,0.122801691,65.98156917207544,0.7208818955257367
2013-09-12,266.1416706,330.0083383,293.7000044,0.009725,85690.41667,0.400000006,0.320833338,-1.14583335,0.122690599,43.047560286312006,0.6005454669512685
2013-09-13,252.8208371,341.6166718,294.7291711,0.009079166,85350.0,0.0,-0.983333348,0.054166667,0.122565494,27.88627790707772,0.5239055686383571
2013-09-14,259.1166705,353.9708386,295.5916711,0.0098625,85222.91667,5.300000079,-1.454166688,1.341666687,0.122454374,62.82702325357657,0.5388720306011515
2013-09-15,256.2625038,339.8750051,296.0541711,0.009095833,85360.83333,0.200000003,-0.262500004,1.308333353,0.122329282,32.75959800728623,0.4838830861602453
2013-09-16,254.9416705,341.7166718,296.7583378,0.008679166,85702.08333,0.0,-3.391666717,0.991666681,0.122315633,20.707203636351142,0.4440801954234941
2013-09-17,255.3125038,357.8208387,297.6083378,0.010295833,85690.0,0.0,-3.141666713,3.32500005,0.12230688,12.78784476757989,0.5002750351507261
2013-09-18,257.2375038,346.7583385,298.0500044,0.008808333,85342.91667,0.0,0.120833335,3.220833381,0.122298149,11.674546253333926,0.4150589932273779
2013-09-19,258.1458372,317.8291714,295.8875044,0.006379167,85485.83333,0.0,0.504166674,1.166666684,0.12227484,9.341982106177692,0.343341146940596
2013-09-20,255.7958371,316.1250047,295.6833377,0.006229167,85496.66667,0.0,0.44583334,0.591666675,0.122265536,8.366556335258798,0.3395310359438112
2013-09-21,250.7708371,331.1333383,296.4791711,0.0074625,85572.08333,0.0,0.616666676,2.183333366,0.122256873,6.4601678704879095,0.3877832772581451
2013-09-22,214.9833365,340.2708384,294.3750044,0.009045833,85170.41667,0.0,3.254166715,4.145833395,0.122248208,4.792778382732215,0.5324211253057164
2013-09-23,258.7875039,278.2916708,291.291671,0.005241667,85423.33333,0.0,0.300000004,-1.104166683,0.122239553,4.445309469734183,0.375418440363819
2013-09-24,255.0458371,279.1958375,291.9625044,0.0042125,85807.5,0.0,-0.920833347,0.612500009,0.122230887,4.170377698818074,0.2904669439361684
2013-09-25,253.2791704,286.8166709,291.8833377,0.0046625,85413.75,0.0,2.112500031,4.145833395,0.122207617,4.187816791193286,0.3216244519536037
2013-09-26,248.195837,293.8708377,291.7208377,0.005866667,85194.16667,0.0,2.566666705,5.775000086,0.122198351,3.947466587843538,0.4078157094197905
2013-09-27,223.4833367,336.7833384,291.5875043,0.006945833,85375.41667,0.0,3.354166717,2.837500042,0.122189697,3.288310278897085,0.4879594803261073
2013-09-28,250.2875037,266.700004,289.5083376,0.004179167,85824.58333,0.0,-2.70000004,-1.845833361,0.122187022,2.7507064647809987,0.3370259663753464
2013-09-29,244.2041703,282.6500042,290.7208377,0.004275,85992.08333,0.0,-1.09583335,0.550000008,0.12216398,2.706496044942755,0.3196175709028948
2013-09-30,246.8625037,274.3125041,291.0500043,0.0042625,85804.58333,0.0,2.591666705,1.237500018,0.122161261,2.5271554952697164,0.3113943376306852
2013-10-01,244.445837,269.8583374,290.504171,0.003779167,85853.75,0.0,1.887500028,1.608333357,0.122144939,2.38463519545932,0.2860186407864039
2013-10-02,240.6000036,281.4375042,290.0625043,0.004616667,85730.83333,0.0,1.041666682,2.391666702,0.122142469,2.297888486333452,0.3588997634124477
2013-10-03,235.1708368,293.329171,290.6000043,0.006166667,85522.5,0.0,2.441666703,3.429166718,0.122123979,2.299436197093931,0.4620760554630251
2013-10-04,235.7666702,283.2375042,289.6000043,0.005420833,85508.75,0.0,3.062500046,1.283333352,0.12211432,2.1206206086278296,0.4329896098700406
2013-10-05,241.8625036,260.3750039,289.2125043,0.003833333,85981.66667,0.0,-2.504166704,-3.354166717,0.122106632,2.2921583501225764,0.3156619464124194
2013-10-06,239.1916702,252.6791704,288.4250043,0.003004167,86137.08333,0.0,-3.183333381,-1.466666689,0.12209021,2.143484104796145,0.2607861807017013
2013-10-07,230.9666701,260.5000039,289.0083376,0.002975,85950.0,0.0,-3.029166712,1.270833352,0.122073165,2.1352211606372484,0.2481400854591194
2013-10-08,230.7250034,276.7166708,290.091671,0.00375,85629.58333,0.0,1.270833352,3.887500058,0.12207079,2.348377488072802,0.2906371747256693
2013-10-09,224.5958367,279.2250042,288.4250043,0.004995833,85178.75,0.0,1.316666686,6.112500091,0.122054103,2.228417175538117,0.4288540497971713
2013-10-10,189.5208362,303.2666712,285.6791709,0.005791667,85248.75,5.700000085,4.591666735,6.141666758,0.122042487,17.70135299834012,0.5958310024654319
2013-10-11,224.3208367,263.2666706,284.1041709,0.005216667,85649.58333,0.0,0.308333338,0.245833337,0.122034007,11.358753076066137,0.5989983413628661
2013-10-12,222.31667,261.9666706,285.7375043,0.004254167,85681.66667,0.0,-1.370833354,1.475000022,0.122025655,7.230385639935188,0.4381808088210032
2013-10-13,216.5541699,278.4125041,286.5291709,0.005020833,85712.08333,0.0,0.987500015,5.045833409,0.1220173,5.582725113332312,0.4909515367559822
2013-10-14,219.6500033,271.5666707,286.3125043,0.0052375,85822.08333,0.0,1.825000027,2.250000034,0.121994324,4.495466667938613,0.5201761081123614
2013-10-15,217.6500032,262.4166706,286.7125043,0.004033333,85696.25,0.0,0.900000013,1.816666694,0.121992245,4.175866496003861,0.3895860884822308
2013-10-16,219.0083366,251.3041704,285.9833376,0.003608333,85774.16667,0.0,0.641666676,-0.366666672,0.121883171,3.982854831807865,0.3660498623469707
2013-10-17,218.3125033,242.6666703,285.4250043,0.002825,85844.58333,0.0,-0.816666679,-0.829166679,0.121769404,2.9777623596209315,0.2976422517254493
2013-10-18,215.6458365,244.5041703,285.2750043,0.0027875,85705.0,0.0,0.870833346,-1.200000018,0.121666701,2.493068424754632,0.2961544376975411
2013-10-19,214.8041699,242.4916703,285.5000043,0.002604167,85756.66667,0.0,-2.200000033,-1.441666688,0.12154966,2.163878872074193,0.2727312669865097
2013-10-20,212.8541698,242.2083369,286.5500043,0.002491667,85614.58333,0.0,0.362500005,-0.387500006,0.121431974,2.1930764336969952,0.2430313670280824
2013-10-21,208.7333364,247.083337,286.2000043,0.0025875,85624.58333,0.0,0.89166668,0.033333334,0.121314285,1.8189065678869647,0.258305120999107
2013-10-22,207.7791698,251.3916704,286.9916709,0.0026625,85816.66667,0.0,-2.587500039,-0.19166667,0.121211222,1.636558522753608,0.2528538327123485
2013-10-23,199.9416696,260.1750039,287.4125043,0.0028375,85667.91667,0.0,-3.12083338,1.500000022,0.121094168,1.5591147340707798,0.2616872693217186
2013-10-24,123.1583352,295.6458377,288.3375043,0.0031,85673.75,0.0,-1.104166683,2.166666699,0.120991106,1.103503959109983,0.2691828106670404
2013-10-25,198.475003,270.250004,287.479171,0.003991667,85935.0,0.0,0.620833343,0.708333344,0.120874056,1.296020751290754,0.3676705252643925
2013-10-26,196.7916696,267.325004,287.591671,0.0041125,86001.25,0.0,-0.779166678,-1.641666691,0.120756367,1.118065429385812,0.3763146434161334
2013-10-27,193.5541696,272.9916707,288.4583376,0.0039125,85839.16667,0.0,-2.341666702,1.645833358,0.120653304,1.1894380889385123,0.3377307716732702
2013-10-28,194.9916696,265.0250039,287.3541709,0.004054167,85342.5,0.0,2.150000032,5.037500075,0.120536099,1.2602278230493,0.3738984559530189
2013-10-29,141.7291688,293.354171,285.9166709,0.005541667,85339.58333,0.0,2.158333365,5.15833341,0.120424249,0.8570402811801499,0.5618042330138836
2013-10-30,138.3041687,326.8625049,284.1625042,0.005079167,85532.08333,0.0,3.662500055,2.725000041,0.120312713,0.8626839810200404,0.5801318535033069
2013-10-31,191.0750028,239.0125036,282.1375042,0.003508333,85816.25,0.0,1.000000015,-0.454166673,0.120213915,0.6960465843602388,0.4611438400164568
2013-11-01,186.6375028,236.3708369,282.3125042,0.002658333,85835.41667,0.0,-0.270833337,-1.32500002,0.12009213,0.6911806018148468,0.3453471624500684
2013-11-02,183.1750027,243.8541703,284.6875042,0.002666667,85865.41667,0.0,-2.995833378,1.295833353,0.119983941,0.87755472950902,0.2951954092951596
2013-11-03,177.3625026,280.1333375,286.3458376,0.004075,85434.16667,0.0,1.529166689,2.837500042,0.119861769,0.9301868876543314,0.4020045443541448
2013-11-04,176.4041693,273.1208374,285.7000043,0.005470833,85242.08333,0.0,0.729166678,3.191666714,0.119753584,0.7247775350699569,0.5620030954209162
2013-11-05,175.783336,274.8208374,283.5666709,0.005370833,85530.0,2.100000031,1.570833357,0.86666668,0.119646031,2.5277620469918776,0.6385409662261782
2013-11-06,181.6125027,229.0291701,282.2083375,0.002945833,86161.25,0.0,-2.829166709,-2.300000034,0.119538482,1.7790007837952566,0.3868888066818189
2013-11-07,179.8666693,226.9708367,282.8458375,0.001658333,86244.58333,0.0,-3.916666725,-0.245833337,0.11941631,1.9188027071891536,0.2087487729156052
2013-11-08,169.3583359,252.1791704,284.3583376,0.002875,85908.75,0.0,-1.975000029,1.387500021,0.119308121,1.6228295824527303,0.3255158640577992
2013-11-09,169.5208359,252.1000038,283.7750042,0.003070833,85777.08333,0.0,-0.20416667,0.408333339,0.119200572,1.674019889273786,0.3610392534146023
2013-11-10,165.9250025,266.2166706,285.5916709,0.003779167,85980.41667,0.0,-1.35000002,0.091666668,0.119093023,1.3964228573703577,0.3944114108977696
2013-11-11,166.8583358,276.9875041,286.0666709,0.003933333,86006.25,0.0,-2.312500034,-1.187500018,0.118970847,1.3861113152665978,0.3978992656826102
2013-11-12,167.9958358,255.5250038,286.4541709,0.003216667,86145.0,0.0,-3.625000054,-0.862500013,0.118862662,1.372340659605927,0.3176904532916866
2013-11-13,156.191669,282.4875042,286.5833376,0.00505,86201.66667,0.0,-4.375000065,1.558333357,0.118755113,1.216313969998444,0.4948549187544591
2013-11-14,162.8583358,269.437504,284.2583376,0.004991667,85809.16667,0.0,-1.462500022,0.850000013,0.118632937,0.9574780949057128,0.5683160535353476
2013-11-15,138.7291687,274.7166708,285.0125042,0.004966667,85174.16667,0.0,2.020833363,4.987500074,0.118524752,1.02418074600783,0.5336631690818473
2013-11-16,138.4250021,307.8916713,285.5750043,0.007325,85037.08333,0.70000001,3.016666712,4.641666736,0.118551163,1.0726441697065112,0.7569208598411126
2013-11-17,136.0416687,305.8291712,284.9791709,0.006641666,85543.75,0.0,1.083333349,2.775000041,0.118568775,1.095270680360915,0.7183324252094538
2013-11-18,136.9708354,305.8791712,285.0291709,0.0062125,85883.75,0.0,-2.104166698,1.516666689,0.118600374,1.1018505892504116,0.6723398638273144
2013-11-19,155.279169,270.075004,285.3958376,0.006025,85650.83333,0.0,-0.200000003,1.441666688,0.118617982,0.957484610763959,0.6345914037012131
2013-11-20,94.2750014,302.0375045,285.1708376,0.0064375,85316.25,0.0,1.020833349,2.170833366,0.118649581,0.6096863676223937,0.6855813600474827
2013-11-21,103.6375015,336.8958384,285.5750043,0.006229167,85392.5,0.0,0.683333344,3.116666713,0.118681816,0.9186839061398332,0.6463744654395513
2013-11-22,61.21250091,334.662505,283.7208376,0.007475,85429.16667,54.70000082,-2.02500003,3.35000005,0.118699428,28.95309706929844,0.8784757204121126
2013-11-23,44.24166733,325.5500049,279.5583375,0.006454167,85536.66667,44.70000067,-3.38750005,3.520833386,0.129841969,12.126600968894834,1.0103223811977546
2013-11-24,61.56666758,306.6500046,277.2291708,0.004733333,85687.5,5.200000077,-3.379166717,3.029166712,0.192843412,25.065010665962397,0.8745562653433835
2013-11-25,150.3958356,247.2416704,277.0833375,0.004658333,85905.83333,0.600000009,-0.716666677,-0.570833342,0.186568677,16.109530602159982,0.8718918521863579
2013-11-26,150.7500022,239.3791702,279.9541708,0.004470833,86182.08333,0.0,-2.695833374,-0.054166667,0.163419632,20.61762120235731,0.6859658661578243
2013-11-27,140.4708354,246.6750037,280.9875042,0.003741667,85994.16667,0.0,-4.68750007,1.162500017,0.146280643,30.21971622672029,0.5332923435833494
2013-11-28,149.0291689,251.7416704,281.1208375,0.0034875,85737.91667,0.0,-3.254166715,1.754166693,0.136765962,19.50723829342234,0.4910537584938896
2013-11-29,142.6083355,251.2916704,281.6666709,0.004233333,86019.58333,0.0,-2.2041667,2.304166701,0.129231109,10.147323335267098,0.5760175518894337
2013-11-30,140.6875021,256.4541705,282.0083375,0.0044875,86070.0,0.0,-1.320833353,1.104166683,0.124129398,6.393991874110328,0.5968358644316344
2013-12-01,146.7166689,246.9375037,282.2958375,0.004058333,86062.91667,0.0,-0.645833343,0.437500007,0.121491341,4.456734529899328,0.5292213104860861
2013-12-02,149.2750022,232.4750035,281.0375042,0.003483333,85895.41667,0.0,-0.500000007,-0.720833344,0.12028825,3.200814757100867,0.4941965380958794
2013-12-03,148.2791689,238.7541702,281.2666709,0.004291667,85222.5,0.0,1.041666682,2.733333374,0.119668171,2.7585224939462893,0.5946533161449589
2013-12-04,106.4875016,278.8458375,281.9375042,0.005695833,84883.75,3.700000055,3.279166716,4.237500063,0.119363441,9.60519583537089,0.7507302308946985
2013-12-05,116.9250017,284.5750042,279.1333375,0.0045125,85315.41667,0.0,3.225000048,2.658333373,0.119383596,7.027561035246984,0.7257853467882996
2013-12-06,149.8166689,211.9833365,274.3250041,0.002566667,85637.91667,0.0,1.09583335,1.466666689,0.119495936,3.993781816642653,0.58414475526231
2013-12-07,144.2291688,205.7041697,273.4958374,0.002425,85540.83333,0.0,0.200000003,3.025000045,0.119448062,2.751359461901156,0.5857314130683215
2013-12-08,96.86666811,290.2083377,275.1458374,0.003845833,85430.41667,1.700000025,3.025000045,4.370833398,0.154188321,4.242465704063347,0.8226302681058018
2013-12-09,148.7291689,242.7750036,275.3250041,0.003641667,85664.58333,0.0,1.595833357,0.208333336,0.164272919,3.914520386166247,0.7710408373463503
2013-12-10,136.6208354,200.7791697,273.8166707,0.001454167,86066.66667,0.0,-3.775000056,-1.187500018,0.154571953,3.433675159525849,0.3451861002072055
2013-12-11,142.4166688,237.0583369,275.7916708,0.001933333,85904.58333,0.0,-3.916666725,-0.066666668,0.145553183,3.236039587260926,0.3969035710354346
2013-12-12,136.800002,249.4166704,279.1916708,0.003841667,86040.0,0.0,-3.429166718,1.662500025,0.13557247,2.120253858572232,0.6205987009809327
2013-12-13,139.6250021,268.8333373,279.4875042,0.004345833,85807.08333,0.0,2.566666705,1.112500017,0.127631352,1.9377025710563096,0.6858194850509984
2013-12-14,144.9916688,222.4083366,277.3708375,0.003279167,86175.0,0.0,-0.68750001,-1.98750003,0.124418551,1.187249229518362,0.6032201327699436
2013-12-15,142.5958355,224.19167,278.4625041,0.002504167,86454.58333,0.0,-2.841666709,-1.941666696,0.122888032,1.4720846334934392,0.4278215781742127
2013-12-16,143.9583355,228.2541701,279.9875042,0.002395833,86277.5,0.0,-3.254166715,-2.020833363,0.121394044,1.5932266802914608,0.3671511657454556
2013-12-17,142.5333355,231.8208368,281.0125042,0.0023,86158.75,0.0,-3.712500055,-1.57916669,0.120369001,1.625789514120462,0.327876369143145
2013-12-18,129.7458353,254.2083371,280.5791708,0.002266667,85813.33333,0.0,-3.075000046,0.645833343,0.119859577,1.4188135680952465,0.3316028224980523
2013-12-19,141.2458354,258.5750039,281.6666709,0.003433333,85000.83333,0.0,1.358333354,4.337500065,0.119619726,1.4630158032421194,0.4616311024307465
2013-12-20,91.05000136,303.4958379,280.2750042,0.005616667,84738.75,5.40000008,0.841666679,2.304166701,0.157114224,7.61459237923393,0.8286747112088498
2013-12-21,56.67916751,292.179171,278.4458375,0.00565,85022.08333,1.000000015,4.283333397,0.804166679,0.227583597,1.8222728141277755,0.9503881958904732
2013-12-22,143.2166688,243.720837,276.4833375,0.0043375,85721.66667,0.0,1.029166682,-0.545833341,0.194243617,4.712686394156603,0.8455458085712907
2013-12-23,143.7833355,216.8083366,276.4791708,0.0030375,86230.41667,0.0,-2.812500042,-1.695833359,0.167653744,4.181918017747499,0.5958175554321176
2013-12-24,143.7458355,219.6291699,276.9666708,0.002433333,86190.0,0.0,-3.533333386,-1.079166683,0.149606886,4.22555771464884,0.4607621278725501
2013-12-25,147.4500022,213.0708365,278.2541708,0.0023,86022.08333,0.0,-3.262500049,-2.770833375,0.13734438,3.6827867192498034,0.3967551796932607
2013-12-26,146.1166688,216.4875032,278.9625042,0.002545833,86081.25,0.0,-3.900000058,-1.329166686,0.130935527,2.808857747685932,0.4181175569563133
2013-12-27,144.7458355,218.4875033,278.1708375,0.002316667,86043.33333,0.0,-3.470833385,-1.437500021,0.126724576,2.1953545837320427,0.4020852219200863
2013-12-28,140.1083354,219.7708366,277.5541708,0.0024,85827.5,0.0,-3.095833379,0.566666675,0.12378519,1.6009178751128732,0.4340284379653332
2013-12-29,140.0250021,239.9583369,277.6208375,0.0024125,85497.08333,0.0,-1.500000022,-1.262500019,0.122280766,1.5193337764104633,0.4325601463378037
2013-12-30,145.4750022,218.1583366,277.7583375,0.0025875,85958.33333,0.0,-2.779166708,-1.516666689,0.121370164,1.1416281876451648,0.4619195408911629
2013-12-31,145.5083355,222.5125033,278.3750041,0.0024,86141.66667,0.0,-2.954166711,0.054166667,0.120678906,1.1032786980942162,0.411065842463006
2014-01-01,137.8208354,229.2708367,279.2916708,0.002458333,85968.75,0.0,-1.550000023,-1.245833352,0.120163761,0.9079768493724186,0.3940352737576353
2014-01-02,140.3083354,224.1583367,279.6166708,0.002604167,86040.83333,0.0,-3.79583339,-0.595833342,0.119832992,1.013502440727371,0.4083893249217576
2014-01-03,138.7083354,232.5416701,280.0166708,0.00295,85759.58333,0.0,-3.191666714,1.320833353,0.119640185,0.9026447907453308,0.4484512655083412
2014-01-04,138.1166687,234.7708368,280.1416708,0.003091667,85405.41667,0.0,1.229166685,1.616666691,0.119524947,0.685714450789847,0.4640006892866696
2014-01-05,144.9041688,207.7875031,276.5666708,0.0022875,85732.91667,0.0,-0.004166667,-1.754166693,0.119479645,0.501128333963732,0.4433300535416795
2014-01-06,144.7958355,201.4583363,276.6583375,0.001395833,86116.25,0.0,-3.620833387,-2.133333365,0.119461681,0.949061667085392,0.2699551946744898
2014-01-07,121.0916685,223.8458367,277.5583375,0.001629167,85992.08333,0.0,-3.262500049,0.283333338,0.119441175,0.7764672499091578,0.2951047738978737
2014-01-08,143.9833355,223.6375033,278.9166708,0.002079167,85745.83333,0.0,-0.129166669,0.750000011,0.119434656,0.4444068078180359,0.3412382856284011
2014-01-09,140.7958354,227.7500034,278.8750042,0.002416667,85539.16667,0.0,-0.083333335,1.250000019,0.119431315,0.473840812578201,0.3968315583598262
2014-01-10,143.3791688,224.9500034,278.7791708,0.002683333,85549.58333,0.0,0.962500014,-0.620833343,0.11942416,0.616890977584113,0.4436467121587097
2014-01-11,143.9500021,233.3500035,278.7125042,0.002970833,85878.33333,0.0,-0.775000012,-0.779166678,0.119423363,0.6277910711089298,0.4953812953177084
2014-01-12,146.1583355,229.7041701,279.8750042,0.002795833,85727.08333,0.0,0.683333344,0.270833337,0.119418751,0.5687436997448608,0.429059276104087
2014-01-13,148.4333355,215.5833365,278.7250042,0.002145833,86242.5,0.0,-1.629166691,-2.812500042,0.119414775,0.836084148741844,0.3590159545428413
2014-01-14,150.5083356,219.4666699,279.1500042,0.002095833,86215.41667,0.0,-1.925000029,-3.333333383,0.119424786,0.9421037929300364,0.3402502791055194
2014-01-15,151.0958356,223.9375033,280.6625042,0.002079167,86460.83333,0.0,-2.770833375,-2.270833367,0.119435433,0.950480265855774,0.3047069081799659
2014-01-16,152.7458356,220.3291699,280.7416709,0.00205,85997.5,0.0,-1.775000026,-2.89166671,0.119458432,0.8781240480966933,0.29719238680291
2014-01-17,153.5708356,218.5416699,280.8958375,0.001895833,86120.83333,0.0,-2.829166709,-2.187500033,0.119496595,0.887315870272485,0.2723232489996726
2014-01-18,154.6250023,225.50417,281.3333375,0.002020833,86030.0,0.0,-2.500000037,-1.575000023,0.119535391,0.847546273022436,0.2813670647681599
2014-01-19,153.2833356,225.1958367,281.2250042,0.002129167,86183.75,0.0,-2.92916671,0.545833341,0.119574189,0.8447495340044149,0.2992012339479064
2014-01-20,145.0791688,232.3375035,281.5166709,0.002225,86090.41667,0.0,-1.137500017,-0.42083334,0.119598365,0.5621277345985115,0.3061322281050361
2014-01-21,155.7000023,230.1666701,281.6500042,0.002308333,86193.33333,0.0,-3.466666718,-0.520833341,0.119636525,1.0066910076940376,0.3150825071915654
2014-01-22,144.9416688,260.5958372,282.4791709,0.002270833,85784.58333,0.0,-1.979166696,0.695833344,0.119675324,0.955850214002581,0.2915024345323838
2014-01-23,157.7500024,228.3000034,281.0541709,0.002575,85495.41667,0.0,-0.383333339,0.741666678,0.119714119,0.5762512993501547,0.3632085635743605
2014-01-24,141.4958354,259.8000039,282.2541709,0.002725,86270.83333,0.0,-3.704166722,0.208333336,0.119738295,1.1770156418485054,0.3572221328403162
2014-01-25,95.67916809,317.4958381,284.0708376,0.003841667,86229.16667,0.0,-0.108333335,0.020833334,0.119761835,0.8826526749519987,0.4450964545255922
2014-01-26,156.529169,272.1250041,283.1958376,0.004925,85881.66667,0.0,2.166666699,0.237500004,0.119799994,0.8497704156864376,0.6028675789410004
2014-01-27,145.2916688,274.0333374,282.6291709,0.0038,85684.16667,0.0,1.825000027,0.537500008,0.119838793,0.8548415059607315,0.4822793008213144
2014-01-28,164.6041691,232.8125035,282.2000042,0.002879167,85742.5,0.0,0.587500009,-0.783333345,0.119877588,0.6187122331607062,0.37650959339996
2014-01-29,164.6041691,235.7708368,282.0666709,0.002470833,85755.0,0.0,-1.004166682,-1.066666683,0.119916387,0.7139973255422978,0.3261145295703299
2014-01-30,164.4250025,249.9208371,284.2333376,0.0026875,85420.41667,0.0,1.487500022,2.791666708,0.119940559,1.0711980363278284,0.3051051879349895
2014-01-31,152.7833356,281.3916709,284.0166709,0.0042,84944.16667,0.0,4.250000063,4.466666733,0.119978722,1.2853228673630663,0.4811103858848321
2014-02-01,84.38333459,310.7666713,280.5458375,0.0041875,85039.16667,0.200000003,3.733333389,1.916666695,0.120017521,0.7122992440095852,0.6084864396014352
2014-02-02,168.7625025,265.7583373,278.9125042,0.003004167,85452.5,0.0,0.787500012,0.24166667,0.120041694,0.8152706402970806,0.491508550499025
2014-02-03,89.20000133,277.0041708,277.4583375,0.0024625,85184.16667,0.0,1.400000021,2.062500031,0.120283307,0.5624474538082666,0.4450083956573502
2014-02-04,148.7458355,264.3875039,276.1416708,0.002541667,85278.75,0.0,3.475000052,1.341666687,0.123371317,0.7809961594852682,0.5051246477517485
2014-02-05,121.2166685,274.0916708,276.2250041,0.002929167,85502.91667,0.0,-0.333333338,0.525000008,0.125602295,0.6123206541027255,0.580187230427444
2014-02-06,71.16666773,273.0375041,277.0375041,0.003383333,85433.33333,0.0,0.370833339,0.90416668,0.127396491,0.2654801824033558,0.6318280473984137
2014-02-07,113.595835,313.2291713,277.7041708,0.0037375,85582.91667,0.500000007,1.495833356,2.141666699,0.125967899,0.8952228984019024,0.6668559331297956
2014-02-08,175.895836,257.0791705,279.4500042,0.00415,85823.33333,0.0,1.466666689,1.116666683,0.124180094,0.919957068585464,0.6567556984066093
2014-02-09,177.045836,251.7208371,280.7750042,0.003779167,85923.33333,0.0,1.500000022,0.966666681,0.122241604,0.9917262082667236,0.5461418266765119
2014-02-10,179.5000027,243.7875036,280.1083375,0.003395833,85627.5,0.0,2.437500036,1.170833351,0.121121371,1.0254860977922975,0.5121592981352674
2014-02-11,185.2041694,249.8625037,281.7875042,0.003508333,85625.0,0.0,0.604166676,-1.775000026,0.120687147,1.0675157564255926,0.4712614164303317
2014-02-12,185.0000028,238.1500035,282.6166709,0.0027125,85880.41667,0.0,-0.183333336,-1.466666689,0.120565725,1.006148552090001,0.3453405470779231
2014-02-13,186.1625028,246.9625037,282.7916709,0.002558333,85804.16667,0.0,1.054166682,-1.220833352,0.120507249,1.0684665780426084,0.321575737061595
2014-02-14,187.5500028,246.720837,283.9541709,0.002725,85795.83333,0.0,0.900000013,-0.595833342,0.12050154,0.9938880993562232,0.3166069404504094
2014-02-15,191.3458362,242.833337,284.9541709,0.002625,85815.0,0.0,-0.333333338,0.450000007,0.120511728,0.9323130128643232,0.2852838815525347
2014-02-16,181.2791694,245.5750037,284.1750042,0.002495833,85777.08333,0.0,0.716666677,1.475000022,0.120605179,0.9188191369752904,0.2856454690115653
2014-02-17,193.9583362,247.8291704,284.4250042,0.002470833,85840.83333,0.0,0.179166669,0.900000013,0.120713615,0.9194775040085316,0.2782870879234088
2014-02-18,195.8875029,241.2583369,283.8625042,0.002408333,85744.16667,0.0,1.483333355,1.945833362,0.12082205,0.9795842306169869,0.2813768927671176
2014-02-19,172.8166692,259.8791705,284.7041709,0.002870833,85415.0,0.0,2.083333364,1.608333357,0.120930482,1.0385383775364212,0.315777006604972
2014-02-20,203.9208364,230.8833368,283.7666709,0.002525,85560.83333,0.0,0.666666677,-1.991666696,0.121024295,1.0259130125756803,0.2962833222271659
2014-02-21,197.2250029,225.54167,281.1625042,0.001479167,85686.66667,0.0,-0.67500001,-0.491666674,0.121132091,0.9042416506474448,0.2075518376100961
2014-02-22,203.775003,230.7458368,282.2208375,0.001925,85487.91667,0.0,0.808333345,1.212500018,0.121235971,1.082835304898592,0.2506288450278117
2014-02-23,129.2791686,252.6416704,282.8291709,0.002,85542.5,0.0,-0.050000001,1.191666684,0.121344681,0.7127019693656961,0.2499906379039478
2014-02-24,201.5333363,248.995837,283.7916709,0.002283333,85638.33333,0.0,-0.708333344,0.870833346,0.121453507,1.305775482969525,0.267717473056509
2014-02-25,170.1375025,282.6750042,283.7458376,0.00285,85705.83333,0.0,2.00000003,1.012500015,0.121547723,1.4893946048541558,0.3354561864277225
2014-02-26,201.9291697,290.8875043,283.0000042,0.00375,85662.08333,0.0,2.416666703,1.470833355,0.121656021,1.7285477112958785,0.4639780979242929
2014-02-27,188.7458361,276.2500041,284.6625042,0.004758333,85465.0,0.0,4.033333393,2.591666705,0.121764957,1.6850474064352825,0.5251603562844264
2014-02-28,165.9416691,284.5750042,285.1125042,0.005266667,85117.91667,0.0,2.195833366,3.004166711,0.12187391,1.3921424825061806,0.5617655677965859
2014-03-01,116.0333351,322.3083381,283.1875042,0.005816667,85237.08333,34.70000052,3.308333383,7.216666774,0.121982813,91.22840777651706,0.7070710131823813
2014-03-02,205.5166697,292.404171,279.5166708,0.005358333,85567.08333,37.50000056,2.620833372,3.529166719,0.122091724,70.55467241294726,0.8415234025069148
2014-03-03,219.3708366,273.2000041,280.2750042,0.004633333,85743.33333,0.0,-0.100000001,-0.083333335,0.122186038,29.87915049026412,0.6916991361546316
2014-03-04,195.6291696,268.3708373,282.3208375,0.0047,85596.25,0.0,1.129166683,0.587500009,0.122294188,20.695381042925483,0.6085353556521177
2014-03-05,227.4041701,254.5083371,283.7333376,0.0044875,85762.91667,0.0,0.416666673,-1.416666688,0.122403208,17.582641506195834,0.5289936575277384
2014-03-06,126.4416686,278.8416708,284.5625042,0.003370833,85732.5,0.0,-1.304166686,-0.187500003,0.122512159,7.652467614963523,0.3756973195112322
2014-03-07,225.7458367,262.5708372,283.7083376,0.004025,85287.08333,0.0,2.183333366,1.200000018,0.122621038,9.623869550702768,0.4726367800549869
2014-03-08,239.5041702,252.1333371,285.2083376,0.003858333,85688.33333,0.0,-0.666666677,-2.983333378,0.122715328,7.472512860776501,0.4116674298880617
2014-03-09,244.8875036,241.8416703,284.4708376,0.0030875,86147.91667,0.0,-3.437500051,-2.01250003,0.12282355,5.787852322309956,0.3479153033104954
2014-03-10,221.8208366,243.0666703,284.4958376,0.002641667,85936.25,0.0,-0.225000003,0.091666668,0.122932465,5.343067724038466,0.2964482255820791
2014-03-11,244.4666703,249.2166704,284.3583376,0.003220833,85547.91667,0.0,2.941666711,-0.158333336,0.123041399,3.760856089267676,0.3631403893018701
2014-03-12,246.5000037,246.195837,285.0291709,0.0031125,85654.16667,0.0,-0.858333346,0.620833343,0.123150317,3.511346025558413,0.3359458769127159
2014-03-13,202.5791697,273.4333374,286.0583376,0.003679167,85602.5,0.0,-1.966666696,2.733333374,0.123254145,2.7472945061999656,0.37064466920414
2014-03-14,184.0875027,309.9750046,285.3375043,0.005095833,85516.25,8.200000122,2.104166698,-0.19166667,0.123366251,40.18783049721488,0.5379656969650223
2014-03-15,253.4958371,256.2666705,284.2666709,0.0039125,85835.0,0.200000003,2.766666708,-2.854166709,0.123464106,31.405794458785515,0.4453346596140853
2014-03-16,260.1291705,229.3041701,285.0000042,0.002020833,86104.16667,0.0,-0.90416668,-4.4958334,0.123530265,19.88291538487004,0.2196903876914378
2014-03-17,258.9250039,231.9458368,283.5291709,0.002095833,85620.83333,0.0,2.450000037,0.566666675,0.123609694,10.907223823713558,0.2500714834431734
2014-03-18,266.200004,227.01667,283.8000042,0.0020625,84990.83333,0.0,1.98750003,-0.666666677,0.123675138,8.003645302876699,0.239862017556398
2014-03-19,268.237504,220.2458366,283.3166709,0.001720833,85474.16667,0.0,0.025,0.195833336,0.123739944,7.66308787721019,0.2079399402389275
2014-03-20,261.9875039,226.5708367,283.6041709,0.001729167,85723.33333,0.0,0.354166672,1.100000016,0.123804749,4.880556380330113,0.2055254304534758
2014-03-21,265.6791706,249.1625037,284.4291709,0.002270833,85377.91667,0.0,1.912500028,1.812500027,0.12388418,4.516246688971104,0.2543110310455069
2014-03-22,259.1500039,245.558337,285.4250043,0.002625,85509.16667,0.0,1.912500028,2.250000034,0.123949621,3.975484218850663,0.2754896035310897
2014-03-23,259.1083372,257.2875038,285.6375043,0.003254167,85779.58333,0.0,0.708333344,0.554166675,0.12401443,3.6358164841301854,0.3377972871929532
2014-03-24,271.037504,254.2750038,286.4375043,0.002841667,85813.75,0.0,-0.666666677,-1.891666695,0.124093859,3.255785541735664,0.2798822629614823
2014-03-25,240.3083369,264.3916706,287.716671,0.002741667,85544.58333,0.0,-0.487500007,1.029166682,0.124159299,2.6867498814100426,0.247515358927546
2014-03-26,244.833337,276.0708374,287.7333376,0.004391667,85158.33333,0.0,4.545833401,4.345833398,0.124238731,3.648006790597644,0.3942566458144874
2014-03-27,269.6708374,267.050004,285.0833376,0.004858333,85111.25,0.0,4.808333405,3.491666719,0.124304172,2.859451763539872,0.5191787990411341
2014-03-28,276.3291708,248.7125037,283.2416709,0.00365,85702.91667,0.0,2.295833368,0.508333341,0.124368981,2.0118960579757554,0.4444842611775442
2014-03-29,280.0666708,247.670837,285.5500043,0.003075,85930.83333,0.0,0.312500005,-0.22916667,0.124448409,2.1725928732128112,0.3216249463262182
2014-03-30,255.2208371,255.8583371,286.7000043,0.002691667,85559.58333,0.0,2.68750004,2.508333371,0.124513854,2.3601611183482776,0.2597914078862371
2014-03-31,284.3791709,237.8416702,284.1541709,0.00255,85506.25,0.0,2.741666708,2.329166701,0.124578659,2.928241936321283,0.2913307415810132
2014-04-01,297.0458378,237.7375035,284.7833376,0.002345833,85452.91667,0.0,3.858333391,4.350000065,0.124643464,3.765699048237152,0.2567815507611434
2014-04-02,293.2333377,245.9791703,283.5666709,0.0034625,85142.5,0.0,4.487500067,4.087500061,0.124708273,3.2634390186931133,0.4097932725615641
2014-04-03,290.666671,261.8958372,281.2833375,0.0032,85405.83333,0.300000004,4.016666727,0.112500002,0.124787701,2.9310877155084967,0.4438368009938231
2014-04-04,296.5041711,237.5291702,282.4375042,0.002441667,85428.33333,0.0,-0.341666672,0.450000007,0.124853146,3.4086535986966857,0.3130174465390848
2014-04-05,288.704171,256.5375038,283.9083376,0.002195833,85112.08333,0.0,3.358333383,1.529166689,0.124917951,3.443596861267338,0.2538737491004554
2014-04-06,300.0083378,260.6083372,285.3916709,0.002970833,85393.75,0.0,1.970833363,-2.66250004,0.124997379,3.47418068072243,0.31205432964508
2014-04-07,305.1875045,251.7958371,287.2875043,0.002808333,85836.66667,0.0,-0.075000001,-3.79583339,0.125062824,3.794461026887068,0.261639977771359
2014-04-08,307.7500046,252.7375038,288.9208376,0.00235,86195.41667,0.0,-0.945833347,-1.370833354,0.125145817,3.5294582281991573,0.1976843118118078
2014-04-09,303.8041712,253.5958371,289.679171,0.001854167,86057.91667,0.0,0.720833344,-0.108333335,0.125206372,3.5660942768027013,0.1482962777047212
2014-04-10,302.0250045,252.1416704,289.7833377,0.001845833,85895.0,0.0,2.425000036,0.766666678,0.12528057,3.494479990685405,0.1463675040406356
2014-04-11,233.9333368,271.9000041,290.5375043,0.001879167,85691.25,0.0,1.045833349,1.945833362,0.125338175,2.834721243309903,0.1416500218972875
2014-04-12,310.2666713,268.875004,290.279171,0.002675,85279.58333,0.0,2.90416671,4.404166732,0.125416739,4.16712978107273,0.2040105037693908
2014-04-13,310.8791713,259.0875039,288.5375043,0.002825,85152.91667,0.0,4.25416673,2.829166709,0.125477749,3.618076624694499,0.2406679890857324
2014-04-14,319.1375048,246.4041703,287.8333376,0.002704167,85627.91667,0.0,0.22916667,-2.183333366,0.125554518,2.8157328150174146,0.2425145883340245
2014-04-15,310.5666713,241.7000036,287.641671,0.0019,85633.75,0.0,-2.745833374,0.129166669,0.125617385,2.7823478860431226,0.1725521513806713
2014-04-16,317.3291714,244.945837,288.0583376,0.001908333,85219.58333,0.0,2.395833369,1.125000017,0.125692311,2.928191274104738,0.1678477271799024
2014-04-17,314.7500047,265.4708373,289.041671,0.002770833,85506.25,0.0,2.66250004,1.216666685,0.125767789,3.129498712438923,0.2294230665598902
2014-04-18,269.5291707,289.8708377,290.9000043,0.003320833,85655.83333,0.0,1.300000019,3.004166711,0.125843264,3.1478801996760986,0.2445027924314797
2014-04-19,245.8125037,329.9958383,288.941671,0.0058,85756.25,0.300000004,0.029166667,0.950000014,0.125918741,3.4886479988587418,0.4847624859522229
2014-04-20,302.2541712,291.0500043,289.0250043,0.004791667,85878.75,0.0,2.245833367,0.19166667,0.12599422,3.2763833845885677,0.3989043616948426
2014-04-21,313.0541713,296.7291711,290.954171,0.0045375,86000.41667,0.0,1.079166683,0.091666668,0.126055075,4.024518633001572,0.334272017124833
2014-04-22,314.9250047,291.3333377,292.0583377,0.004141667,85612.08333,0.0,2.654166706,3.491666719,0.126143768,4.105391183444416,0.2832146430302418
2014-04-23,322.4208381,280.2375042,290.8875043,0.004470833,85304.16667,0.0,4.295833397,3.895833391,0.126211855,4.109643279805344,0.3280832744342128
2014-04-24,328.5000049,255.3916705,289.1625043,0.002625,85562.5,0.0,1.125000017,1.270833352,0.126285845,3.3815448704105715,0.2158010713222615
2014-04-25,318.9666714,266.1541706,289.191671,0.003008333,85394.58333,0.0,1.712500026,4.337500065,0.126352516,3.559724275191348,0.2463654121569467
2014-04-26,197.5833363,301.8583378,287.0708376,0.0044875,84858.33333,13.5000002,4.850000072,5.83333342,0.126434988,133.10273591437246,0.4192282516243785
2014-04-27,318.0333381,276.7666708,285.0000042,0.004225,85282.5,0.300000004,4.591666735,0.925000014,0.126496733,41.70938921791026,0.4549284510582597
2014-04-28,328.5416716,262.3666706,286.8000043,0.0036625,85515.83333,0.0,3.720833389,-0.370833339,0.126585692,21.013030555291344,0.3509958344251616
2014-04-29,338.7666717,246.6416703,288.2833376,0.002458333,85737.5,0.0,-2.03750003,-5.258333412,0.126646749,13.257362294516154,0.2143767833130396
2014-04-30,338.650005,246.0666703,289.554171,0.002295833,85804.58333,0.0,-3.491666719,-4.570833401,0.126721246,9.358781406393424,0.1845576101907487
2014-05-01,345.0291718,261.4750039,289.554171,0.002725,85807.5,0.0,-4.191666729,-4.554166735,0.126796385,8.124808146775926,0.219064968145573
2014-05-02,346.7625052,259.6041705,290.4375043,0.002279167,85880.41667,0.0,-1.254166685,-1.837500027,0.126871537,7.659002657330404,0.173283973573795
2014-05-03,344.8125051,269.7041707,291.466671,0.0021875,85799.58333,0.0,1.166666684,1.050000016,0.126946699,7.221134368561812,0.1556265112568162
2014-05-04,347.9416719,267.4833373,292.0458377,0.002216667,85755.41667,0.0,3.433333384,3.004166711,0.127021895,5.642636894043126,0.151953217330828
2014-05-05,345.5416718,273.1708374,291.5583377,0.002779167,85669.16667,0.0,3.300000049,3.829166724,0.12709711,4.993159584954795,0.1962762573893839
2014-05-06,344.1916718,270.6041707,290.041671,0.003325,85092.08333,0.0,3.791666723,5.325000079,0.127172321,4.399663577098496,0.256902391847927
2014-05-07,318.8041714,278.3583375,286.6416709,0.004091667,84972.91667,0.0,4.704166737,4.166666729,0.127247527,3.2245882406225177,0.3937161593100961
2014-05-08,329.9041716,273.4291707,285.1166709,0.003404167,85433.33333,0.0,3.104166713,0.550000008,0.127308064,2.9935788375748587,0.364347557387094
2014-05-09,343.4458385,266.3333373,287.4500043,0.003254167,85631.25,0.0,2.758333374,0.716666677,0.127397243,3.2433157873267424,0.2992506423167584
2014-05-10,347.3458385,276.7875041,288.9708376,0.003641667,85377.91667,0.0,2.895833376,3.012500045,0.127458424,3.3407904365322887,0.3024560406380187
2014-05-11,353.5500053,265.0833373,287.3250043,0.003441667,84889.16667,0.0,6.579166765,5.054166742,0.12754757,3.42449919464357,0.3163276537979111
2014-05-12,357.6625053,254.8583371,287.3916709,0.0028875,85400.83333,0.0,1.300000019,-3.383333384,0.127608766,2.9655138389359723,0.2658304536576398
2014-05-13,361.2708387,252.8333371,289.6500043,0.002229167,85792.08333,0.0,-2.391666702,-3.829166724,0.127683306,3.316247388478118,0.1780715584975838
2014-05-14,358.879172,258.0000038,290.4250043,0.002329167,86120.41667,0.0,-4.162500062,-1.304166686,0.127758461,3.3049812580120954,0.1777221982692091
2014-05-15,358.229172,271.3791707,292.016671,0.002554167,86091.66667,0.0,-2.479166704,-0.65000001,0.127833636,3.411618331717396,0.1760992082772906
2014-05-16,356.741672,270.912504,291.866671,0.002075,85832.5,0.0,1.258333352,-0.895833347,0.12787247,3.535686365382596,0.1439890566746499
2014-05-17,360.2958387,275.6541708,293.341671,0.002308333,85670.0,0.0,3.766666723,1.787500027,0.127895061,3.5726497228647154,0.1457320927597628
2014-05-18,351.9250052,264.4583373,292.741671,0.001816667,85455.0,0.0,2.779166708,3.433333384,0.127917009,3.4085692273240125,0.1187818730300661
2014-05-19,364.4750054,256.1125038,291.8333377,0.0017625,85404.58333,0.0,3.229166715,4.425000066,0.127953507,3.4253142311322664,0.1219507570648395
2014-05-20,361.241672,261.4833372,290.1333377,0.002058333,85511.66667,0.0,3.025000045,4.870833406,0.127990672,3.168725288723416,0.158883242576458
2014-05-21,355.891672,275.6583374,291.666671,0.002704167,85405.41667,0.0,2.062500031,5.033333408,0.12801327,3.205512008917276,0.189090446941165
2014-05-22,347.6625052,277.1583375,290.4208377,0.002704167,85479.16667,0.0,0.283333338,4.829166739,0.128035201,2.9243769211694555,0.2048539422025951
2014-05-23,333.1958383,284.6666709,290.3208377,0.003166667,85572.08333,0.0,0.287500004,4.887500073,0.128071798,2.7711966258680705,0.2416912411882803
2014-05-24,324.8250048,286.2458376,289.9708377,0.0036375,85640.0,0.0,2.208333366,0.770833345,0.128094457,2.6038296461154404,0.2841442803886296
2014-05-25,328.2416716,326.4291715,292.0708377,0.004920833,85639.16667,0.0,2.154166699,-0.279166671,0.128131094,3.059455175891246,0.3363366015291035
2014-05-26,347.9500052,335.662505,294.8083377,0.005033333,85692.08333,0.0,3.895833391,0.537500008,0.128153779,3.258128494107045,0.290186180647167
2014-05-27,356.779172,314.158338,296.0208377,0.004341667,85910.41667,0.0,3.295833382,0.158333336,0.128175807,3.254836465875884,0.2329307804980698
2014-05-28,347.2291718,315.945838,297.0333378,0.0039125,85644.16667,0.0,2.362500035,2.00000003,0.128212382,3.242705132372292,0.1967384459787182
2014-05-29,212.2208365,348.4750052,296.6916711,0.004745833,85688.33333,0.0,1.458333355,2.733333374,0.128234992,2.3224994996672157,0.2437739344319023
2014-05-30,353.5750053,331.9875049,296.9041711,0.006745833,85695.83333,0.0,0.325000005,1.454166688,0.128271592,3.3209845780767817,0.3420882031060277
2014-05-31,355.504172,320.1625048,297.3750044,0.0048,85600.41667,0.0,3.116666713,2.620833372,0.128294189,2.9578404244906986,0.2362989934845152
2014-06-01,356.7625053,294.8916711,296.6458378,0.003125,85538.75,0.0,3.204166714,2.512500037,0.128330787,2.789668923623701,0.160685730588029
2014-06-02,350.5583386,293.079171,296.9083378,0.0025,85489.16667,0.0,1.720833359,1.845833361,0.128353414,2.699926863861672,0.1264398532186968
2014-06-03,346.5416718,296.0416711,296.3500044,0.002395833,85515.83333,0.0,2.691666707,2.283333367,0.128390003,2.7300834906996685,0.1253995519330464
2014-06-04,356.466672,281.2833375,295.8041711,0.0018875,85567.91667,0.0,3.345833383,1.879166695,0.128412149,2.766734896401136,0.1022073191479149
2014-06-05,363.3208387,272.4083374,295.8250044,0.001575,85454.58333,0.0,1.750000026,1.666666692,0.128432529,2.8301604132982527,0.0850639954753601
2014-06-06,367.3125055,261.0416706,295.6125044,0.0013875,85220.41667,0.0,2.200000033,1.012500015,0.128467485,2.835649476328002,0.0757118305534666
2014-06-07,362.0666721,269.537504,295.2791711,0.001654167,85299.16667,0.0,2.425000036,1.458333355,0.12850308,2.8761925151651453,0.0922155399474986
2014-06-08,354.9458386,295.7416711,296.0083377,0.002845833,85318.33333,0.0,2.566666705,0.908333347,0.128524049,3.063433527239438,0.1517428857017179
2014-06-09,357.329172,299.7625045,297.5791711,0.003345833,85504.16667,0.0,1.404166688,-0.750000011,0.128559004,3.4463153248914824,0.162507751923164
2014-06-10,340.8333384,308.7750046,298.7791711,0.0035125,85441.25,0.0,1.545833356,0.808333345,0.128579976,3.4839195161270644,0.1586057594669938
2014-06-11,343.5625051,317.6791714,298.1041711,0.0042625,85541.25,0.0,3.55416672,3.470833385,0.128614932,3.3265581022889816,0.2006654085643945
2014-06-12,349.6541719,314.4291714,296.5333378,0.003741667,85671.66667,0.0,3.508333386,2.091666698,0.1286359,3.1780085419309727,0.1940178455451589
2014-06-13,346.7208385,331.0000049,297.8666711,0.004904167,85590.41667,0.0,3.762500056,3.033333379,0.12867086,3.281225078270913,0.2343345395031162
2014-06-14,357.9250053,310.4750046,297.7250044,0.004291667,85421.25,0.0,5.320833413,3.79583339,0.128691828,3.3147530398886573,0.2064189084591649
2014-06-15,358.591672,277.8875041,294.2375044,0.002333333,85428.75,0.0,3.295833382,3.645833388,0.128726784,2.861310775369297,0.1389311433491667
2014-06-16,354.2833386,288.466671,294.9333377,0.0025625,85579.58333,0.0,4.045833394,4.858333406,0.128846943,2.986792006092934,0.1464079566800595
2014-06-17,349.3166719,315.0750047,296.0375044,0.0035875,85634.58333,0.0,4.800000072,4.979166741,0.128956156,3.095180185835904,0.1916562568681508
2014-06-18,349.8666719,322.5375048,296.0500044,0.005058333,85519.58333,0.0,4.4708334,4.162500062,0.12907936,2.888572835620972,0.2696639874061615
2014-06-19,351.4583386,310.0500046,294.9000044,0.0041125,85670.83333,0.0,1.695833359,1.766666693,0.129188573,2.9076693259055486,0.2357015731157948
2014-06-20,352.9458386,310.545838,296.2125044,0.003566667,85730.41667,0.0,2.837500042,0.21666667,0.129326397,2.9337426945142333,0.1887274627610652
2014-06-21,351.9291719,323.4875048,299.0875045,0.0043125,85670.83333,0.0,4.437500066,0.670833343,0.129436245,3.047674076850474,0.1916853567942263
2014-06-22,351.6000052,325.9916715,299.1708378,0.004441667,85602.91667,0.0,3.812500057,1.629166691,0.129559446,2.9718999905079864,0.1962909410777525
2014-06-23,355.0208386,305.8750046,296.9916711,0.003179167,85671.25,0.0,2.725000041,2.408333369,0.129668659,2.690013157816714,0.1603185549010653
2014-06-24,359.729172,292.4708377,296.3458377,0.002720833,85852.91667,0.0,2.825000042,2.570833372,0.129791863,2.51941119268336,0.1430079692650242
2014-06-25,353.4625053,315.1125047,297.9958378,0.003845833,85645.41667,0.0,2.570833372,3.037500045,0.129901076,2.5855003839171653,0.1824567139548729
2014-06-26,350.6625052,321.9625048,298.0208378,0.004775,85599.58333,0.0,3.558333386,3.358333383,0.130024276,2.4263342673168724,0.2260770105645715
2014-06-27,346.8416718,328.4416716,297.9750044,0.005445833,85452.08333,0.0,4.191666729,3.762500056,0.130148112,2.4356939235120767,0.2581055306977791
2014-06-28,346.4916718,333.2083383,298.0208378,0.005470833,85499.16667,0.0,3.095833379,1.745833359,0.130271949,2.6108158637852013,0.258718041512295
2014-06-29,344.2750051,350.7625052,299.9375045,0.0071375,85758.75,0.0,3.537500053,1.679166692,0.130381162,2.797620507761634,0.301906240234428
2014-06-30,345.7083385,353.9041719,301.0541712,0.007466666,85725.0,0.0,3.891666725,1.616666691,0.130504366,2.967847849868816,0.2955440008329587
2014-07-01,325.5041715,353.5083386,301.5041712,0.006225,85582.08333,0.0,4.508333401,1.250000019,0.130628202,3.0550816401924656,0.2395682157011571
2014-07-02,264.8208373,355.666672,301.4416712,0.005433333,85768.75,0.0,3.066666712,0.816666679,0.130737415,2.8279463482628384,0.2103268071365205
2014-07-03,290.4458377,366.8041721,301.7333378,0.007104166,85818.33333,0.0,2.44583337,0.595833342,0.130860615,3.1653927233722805,0.2705007039028691
2014-07-04,197.0708363,397.4000059,300.5750045,0.008316666,86003.33333,0.0,-1.137500017,-0.354166672,0.130969828,2.744840670151425,0.339719654207221
2014-07-05,231.9750035,391.5750058,299.3083378,0.011025,86156.66667,3.300000049,1.80833336,0.025,0.131093029,15.400970929280016,0.486373953111572
2014-07-06,215.3125032,393.0916725,299.2000045,0.011695833,85972.5,3.000000045,2.833333376,0.383333339,0.131216865,30.15136640082785,0.5182034961202129
2014-07-07,221.4833366,389.9458391,300.1333378,0.011804166,85755.0,0.70000001,2.541666705,1.220833352,0.131340704,20.340207150958907,0.493512962383848
2014-07-08,280.8875042,384.5083391,299.4291711,0.0122,85882.91667,0.0,3.912500058,0.929166681,0.131449918,11.978580278806216,0.5326494839861695
2014-07-09,219.0416699,384.4000057,298.6083378,0.011679166,85928.33333,32.00000048,3.775000056,0.858333346,0.131573118,148.00514762848348,0.535831630486028
2014-07-10,235.3958368,382.9750057,299.7708378,0.012775,85839.16667,0.0,3.404166717,-0.120833335,0.131682331,46.23241971812334,0.5462511745542874
2014-07-11,247.5541704,386.7500058,301.0750045,0.011908333,85800.83333,0.0,3.454166718,-1.020833349,0.131805531,24.7666293868271,0.4711921184477458
2014-07-12,224.1375033,390.6083392,301.2333378,0.010116666,85905.0,6.100000091,3.250000048,-0.233333337,0.131929367,79.59785468025436,0.3970708283296459
2014-07-13,252.1791704,384.9291724,300.7250045,0.009575,85883.75,1.000000015,0.558333342,-0.566666675,0.132053207,38.01682076753777,0.3871333937493998
2014-07-14,216.1458366,393.5208392,300.0166711,0.0117875,86033.33333,11.40000017,1.450000022,1.458333355,0.13216242,119.81616909327968,0.4978472664955876
2014-07-15,196.9125029,390.4166725,298.1958378,0.012575,86012.5,11.40000017,3.220833381,0.325000005,0.132285621,122.21234730401356,0.5919799103204024
2014-07-16,236.0125035,380.708339,297.3125044,0.011104166,85961.25,1.600000024,3.920833392,0.0,0.132099221,88.63766416009858,0.5510317195652181
2014-07-17,307.1125046,362.2208387,297.8500044,0.008020833,85733.33333,0.600000009,4.27916673,0.412500006,0.13188471,61.25321714717874,0.38428333499085
2014-07-18,312.3666713,342.5041718,298.2958378,0.0064875,85815.0,0.0,4.104166728,0.833333346,0.131684187,21.731048028398376,0.3028775169836539
2014-07-19,288.5875043,369.6416722,299.2125045,0.006758333,85875.83333,0.0,1.77083336,-1.083333349,0.131484299,13.64653331988545,0.2988795462768687
2014-07-20,311.220838,350.5125052,299.2708378,0.007241666,85938.75,0.0,3.433333384,0.47083334,0.131284411,8.303510365393786,0.319375552332445
2014-07-21,313.5916713,343.7000051,299.4291711,0.006054167,86130.41667,0.0,3.862500058,0.825000012,0.131084523,6.3554849077522775,0.2650854186890898
2014-07-22,308.2958379,348.2125052,299.9791711,0.006129167,86081.25,0.0,2.579166705,0.295833338,0.130870012,5.212205168524722,0.2595875057417376
2014-07-23,231.3708368,383.9750057,302.2000045,0.0081125,86110.41667,0.0,0.545833341,1.787500027,0.130669492,3.8252350721313855,0.301606850699303
2014-07-24,296.9041711,382.7375057,301.9000045,0.009008333,85955.0,0.0,-1.233333352,0.975000015,0.130469604,3.995535017217487,0.3402168778433497
2014-07-25,300.2916711,367.2000055,301.7125045,0.008116666,85830.41667,0.0,3.050000045,2.004166697,0.13027373,3.220191514422211,0.3094737811279367
2014-07-26,300.3708378,379.0125056,300.5500045,0.010495833,85930.41667,0.0,4.145833395,0.637500009,0.130062869,5.18801256707996,0.4290039230922894
2014-07-27,243.658337,377.283339,299.5375045,0.009941666,86083.75,0.600000009,4.312500064,0.150000002,0.129866022,5.296768608783584,0.4322682507568606
2014-07-28,250.1416704,377.920839,299.2333378,0.0094625,86186.66667,0.300000004,3.500000052,1.070833349,0.129669741,5.728319767839906,0.4194611309201902
2014-07-29,295.4541711,377.0875056,299.1708378,0.009220833,86027.5,0.200000003,2.2166667,1.533333356,0.129458876,6.819281134500475,0.409518153317342
2014-07-30,306.4458379,365.2666721,300.3958378,0.0084875,85970.83333,0.0,4.379166732,1.287500019,0.12924741,6.097350475779822,0.3502561464114037
2014-07-31,254.7333371,375.0208389,301.1625045,0.008679166,85957.08333,0.0,3.575000053,0.237500004,0.129050496,5.302139784177198,0.3422788693095506
2014-08-01,241.1458369,390.1375058,300.5125045,0.010816666,85896.66667,0.0,2.425000036,0.104166668,0.128854251,4.811957923088726,0.4429241398408215
2014-08-02,193.9125029,391.1833392,298.5833378,0.011783333,85944.16667,2.400000036,0.70000001,2.291666701,0.128658039,10.93782847446893,0.5415214613194108
2014-08-03,226.2750034,387.5000058,294.9208377,0.012445833,85941.66667,29.60000044,-3.029166712,2.091666698,0.128447117,128.26998665316668,0.7146496821894723
2014-08-04,302.6958378,360.6875054,296.3208377,0.010241666,85900.83333,6.7000001,1.525000023,2.500000037,0.128235634,132.93108929200997,0.5394282539356866
2014-08-05,312.0291713,343.4291718,297.3166711,0.0088125,85846.66667,0.0,2.308333368,1.187500018,0.128038758,64.51884158695951,0.4366172879899206
2014-08-06,310.5500046,330.7375049,296.7458378,0.006333333,85933.33333,0.0,2.575000038,0.554166675,0.127842496,29.27421243783179,0.3251742504449275
2014-08-07,311.1375046,324.4833382,297.8708378,0.0057875,85874.16667,0.0,3.075000046,1.283333352,0.127631583,15.85458959179045,0.2773897115506265
2014-08-08,303.7625045,340.0083384,298.1875044,0.007191666,85823.75,0.0,3.291666716,0.358333339,0.127434715,10.162785971150198,0.3379808322116607
2014-08-09,253.2750038,356.4000053,298.7083378,0.009316666,85852.08333,0.0,4.554166735,0.262500004,0.127238463,6.430145034054426,0.4245108329015498
2014-08-10,299.3625045,356.6208386,299.1333378,0.009495833,85927.08333,0.0,4.079166727,0.137500002,0.127027592,5.975052720046088,0.4221834269365039
2014-08-11,246.9166703,375.4291723,299.5291711,0.009266666,85883.33333,0.200000003,1.091666683,0.708333344,0.126830709,5.866752821295218,0.4021803474521109
2014-08-12,174.1125026,385.8416724,298.0833378,0.010770833,85936.66667,4.500000067,-1.300000019,2.795833375,0.126619832,27.007266251081443,0.510040785823229
2014-08-13,180.795836,390.1000058,295.7583377,0.013195833,85966.66667,15.50000023,0.345833338,1.575000023,0.126422924,87.01075935857295,0.719897355374921
2014-08-14,289.3833376,359.5083387,296.1500044,0.011925,85970.0,0.70000001,0.70000001,-0.345833338,0.126226694,71.48863067241182,0.6351859392460424
2014-08-15,284.5291709,370.4291722,297.8250044,0.01175,85977.91667,0.500000007,3.495833385,0.095833335,0.126015841,59.82499617768211,0.5654079809525574
2014-08-16,291.4125043,366.8583388,299.1041711,0.0110625,85993.33333,0.500000007,3.958333392,-0.058333334,0.125886525,33.75486528469628,0.4930745298825544
2014-08-17,289.216671,377.0375056,300.4166711,0.011775,85855.41667,0.0,4.108333395,0.491666674,0.12577539,17.710039829552407,0.4846725267730528
2014-08-18,288.191671,363.0833387,298.8833378,0.010070833,85677.5,1.200000018,4.283333397,1.175000018,0.125664986,19.34839426699341,0.4531684093773341
2014-08-19,168.4833358,365.1125054,293.5583377,0.009929166,85556.66667,28.30000042,2.825000042,1.283333352,0.125540008,96.51324815567048,0.6176235650894666
2014-08-20,286.7541709,346.7833385,292.7125044,0.008816666,85568.75,0.900000013,1.79583336,0.520833341,0.125414279,71.99872412331251,0.5782980231078793
2014-08-21,233.7125035,336.475005,294.154171,0.007729166,85715.0,0.0,2.91666671,0.520833341,0.125303237,35.86801847797014,0.4641444843263348
2014-08-22,250.8458371,345.4041718,292.9500044,0.008333333,85727.91667,0.0,1.691666692,2.525000038,0.125178212,20.37416826190796,0.5395189639340396
2014-08-23,287.4166709,334.3208383,294.2166711,0.009095833,85803.75,0.0,2.795833375,2.050000031,0.125052513,14.026845121690084,0.5446639955070662
2014-08-24,286.2208376,336.662505,295.0833377,0.009129166,85698.33333,0.0,2.054166697,1.829166694,0.124941427,10.71809704586255,0.5175099870904908
2014-08-25,276.4125041,345.9250052,295.7958377,0.009183333,85665.41667,0.0,1.962500029,2.320833368,0.124816362,8.370786260790966,0.4980943985808909
2014-08-26,217.4541699,366.3833388,296.7166711,0.010766666,85862.08333,0.0,2.587500039,1.691666692,0.12470527,5.855274134442655,0.5533185983045859
2014-08-27,266.4291706,366.2500055,295.4750044,0.0100375,86060.41667,0.200000003,2.475000037,1.633333358,0.124594836,6.479825898471303,0.5578040111969073
2014-08-28,283.9125042,336.162505,296.0541711,0.007883333,85988.33333,0.0,0.933333347,-2.00000003,0.124469823,5.847047573655553,0.4224630410045867
2014-08-29,285.9916709,322.7083381,296.8916711,0.0057375,85837.08333,0.0,-1.404166688,-2.637500039,0.124344121,5.540906653357779,0.2916555337811288
2014-08-30,281.7541709,324.9375048,298.3208378,0.005054167,85703.33333,0.0,-0.654166676,0.583333342,0.124233064,8.459779370139126,0.2352996797322065
2014-08-31,281.2583375,329.8500049,298.1083378,0.0060875,85653.75,0.0,3.225000048,3.041666712,0.124107966,7.741064606859028,0.2868857511337004
2014-09-01,285.6541709,325.3416715,297.5208378,0.006233333,85661.25,0.0,2.366666702,2.166666699,0.123996917,6.714415598988996,0.304381659821262
2014-09-02,285.3666709,324.6375048,297.0041711,0.005883333,85647.91667,0.0,2.329166701,1.708333359,0.123871864,6.222777693603657,0.2963780712955067
2014-09-03,282.1916709,321.9375048,295.8416711,0.005304167,85536.25,0.0,2.591666705,1.662500025,0.123760808,5.733929970830154,0.2864533735071583
2014-09-04,217.1916699,355.4875053,297.7333378,0.007004166,85470.0,0.100000001,1.345833353,0.783333345,0.123635756,4.949629374001423,0.3369063745392524
2014-09-05,274.2250041,357.8583387,297.8208378,0.0099875,85807.5,1.000000015,2.570833372,0.787500012,0.123524674,7.37696660739909,0.4797647465652174
2014-09-06,267.437504,356.629172,297.5791711,0.009141666,85823.33333,1.200000018,0.86666668,0.325000005,0.123399604,13.170869386884975,0.4456698674324744
2014-09-07,265.5666706,376.5541723,298.6250044,0.010129166,85790.0,1.600000024,-0.691666677,2.312500034,0.123288527,18.010892146290082,0.4635072816354615
2014-09-08,166.7750025,379.583339,295.4416711,0.010645833,85709.16667,19.40000029,0.975000015,2.762500041,0.123163471,102.97133315710006,0.5904032668263184
2014-09-09,196.7958363,366.8208388,293.5375044,0.011558333,85886.66667,5.600000083,1.475000022,2.541666705,0.123037758,83.82105579529863,0.7226736889010602
2014-09-10,265.1166706,357.0583387,294.0000044,0.010695833,85788.75,1.200000018,2.554166705,0.775000012,0.122926737,81.42501263138,0.649031198533436
2014-09-11,270.9833374,316.3625047,294.1000044,0.006654166,85718.75,0.0,1.212500018,0.545833341,0.122801673,40.59311399404803,0.4009527064793257
2014-09-12,268.0458373,324.4791715,295.4666711,0.006495833,85560.83333,0.0,0.175000003,1.270833352,0.122690555,26.395583884195275,0.3590746658647354
2014-09-13,262.4791706,343.1875051,296.5458378,0.007954166,85673.33333,0.0,-1.700000025,3.070833379,0.122565517,17.211100727851125,0.412143985956118
2014-09-14,259.0708372,347.7708385,296.4708378,0.0091625,85670.0,0.0,-3.366666717,2.412500036,0.12245445,11.197766309361343,0.4769094645050129
2014-09-15,251.3041704,356.5458386,296.9666711,0.009283333,85739.58333,0.0,-2.600000039,1.79583336,0.122329386,11.342862365678986,0.4692235037969472
2014-09-16,176.608336,370.4625055,296.6375044,0.009991666,85825.83333,4.400000066,-1.662500025,1.829166694,0.122315825,30.50705036428741,0.5157516268823491
2014-09-17,100.7583348,390.2708391,293.1333377,0.013025,85760.83333,2.100000031,-6.370833428,-0.583333342,0.122307194,16.852966542651473,0.8339672866371898
2014-09-18,193.6916696,376.0125056,292.3625044,0.0126,85485.41667,0.500000007,-2.545833371,-0.22916667,0.122298501,21.07795317853629,0.844007122699865
2014-09-19,240.5958369,362.0250054,294.5833377,0.012029166,85585.83333,0.100000001,2.704166707,1.129166683,0.1222752,17.816380352690164,0.7023530341282839
2014-09-20,249.370837,358.4625053,296.5583378,0.0113,85666.66667,0.100000001,3.450000051,0.65000001,0.122265866,13.400280554472817,0.5850167759240575
2014-09-21,235.5833368,365.4166721,297.1458378,0.0113125,85832.91667,0.0,1.791666693,1.775000026,0.1222572,9.600003546708331,0.5662211103407063
2014-09-22,247.8041704,349.3875052,295.8666711,0.00935,85895.41667,0.0,1.629166691,1.441666688,0.122248535,9.30201032452253,0.5062945890149488
2014-09-23,247.8166704,341.3375051,295.7000044,0.008054166,85871.66667,0.0,1.550000023,0.845833346,0.122239839,8.067873357252186,0.4404808081945896
2014-09-24,245.9416703,339.3125051,296.4291711,0.0074625,85770.83333,0.0,-0.466666674,0.875000013,0.12223116,7.835616991481539,0.38987032196071
2014-09-25,241.2250036,349.3666719,298.0375044,0.00745,85887.91667,0.0,0.312500005,2.041666697,0.12220781,6.583842904278015,0.3535605798500031
2014-09-26,233.4041701,352.8458386,297.5333378,0.009258333,85811.25,0.0,2.091666698,1.879166695,0.122198525,5.442659039541388,0.4525458617809039
2014-09-27,193.5875029,362.2625054,294.6458377,0.009908333,85595.83333,9.600000143,1.883333361,3.733333389,0.122190753,71.90665230725726,0.5763590040390082
2014-09-28,222.8458367,346.7875052,291.8250043,0.009633333,85430.0,55.70000083,1.983333363,5.812500087,0.122187031,141.7957995302973,0.6670983387045244
2014-09-29,240.6083369,308.0625046,290.6500043,0.008216666,85546.66667,0.0,2.016666697,2.595833372,0.122164001,26.18780765673757,0.6138979041994302
2014-09-30,241.9125036,286.1875043,289.391671,0.0055625,85535.41667,0.0,1.533333356,0.400000006,0.122161252,16.43938277765531,0.450443300502541
2014-10-01,241.4375036,284.5666709,290.3083377,0.0047625,85400.41667,0.0,2.200000033,1.162500017,0.122144753,11.978682258342555,0.3630517436342485
2014-10-02,247.3000037,272.9291707,290.554171,0.004033333,85740.83333,0.0,-0.670833343,-2.333333368,0.122142492,8.872898953416678,0.3038817110585245
2014-10-03,242.8625036,264.7208373,290.2083377,0.0028875,86117.91667,0.0,-3.100000046,-1.341666687,0.122126078,7.208732302493468,0.2233918873507804
2014-10-04,237.4500035,281.4458375,292.654171,0.003375,85995.0,0.0,-1.733333359,0.250000004,0.122108951,5.907627380199044,0.223289959053914
2014-10-05,235.3833368,290.066671,292.6333377,0.004533333,85862.91667,0.0,2.783333375,0.379166672,0.122106552,5.045785431839892,0.2998565477268921
2014-10-06,228.3583367,280.0291708,291.6833377,0.0041875,85725.0,0.0,1.09583335,0.225000003,0.122090279,3.713273300837047,0.2935993302225098
2014-10-07,191.4916695,305.5416712,291.0125043,0.004654167,85867.91667,0.0,2.725000041,1.750000026,0.122073232,3.371573578830004,0.341070583794997
2014-10-08,99.06250148,365.7166721,291.241671,0.007545833,85695.83333,10.00000015,0.591666675,1.858333361,0.122070938,38.01859556070453,0.5438945702383616
2014-10-09,79.85833452,357.466672,287.941671,0.0106875,85626.25,32.00000048,-1.695833359,0.758333345,0.12205462,29.253657431376453,0.9517107463450544
2014-10-10,219.8541699,315.3291714,289.1875043,0.009654166,85724.16667,0.400000006,0.89166668,-0.208333336,0.122042508,46.85050498906792,0.7938862638732497
2014-10-11,218.7291699,303.1541712,289.854171,0.007754166,85826.25,0.0,1.620833357,0.025,0.122034007,36.94006351623772,0.6115961798291935
2014-10-12,220.0625033,289.9708377,290.591671,0.006295833,85535.83333,2.00000003,3.525000053,0.154166669,0.122025655,47.68939013788077,0.4720791079994355
2014-10-13,223.96667,264.5541706,289.2000043,0.004104167,85812.5,0.0,-1.204166685,-2.504166704,0.1220173,24.824557165408564,0.3375713647926529
2014-10-14,219.3208366,263.0208373,288.366671,0.003145833,85960.83333,0.0,-2.962500044,-0.237500004,0.121994324,16.090396407070042,0.2735592710864678
2014-10-15,213.0750032,273.6583374,289.3958376,0.003670833,85688.75,0.0,-1.245833352,2.400000036,0.121992245,11.21495600712258,0.2977117737170055
2014-10-16,209.1041698,297.4250044,289.654171,0.0051,85693.33333,0.0,1.091666683,2.745833374,0.121883171,8.656472221492393,0.4068231247259543
2014-10-17,187.7000028,305.0458379,289.641671,0.005358333,85717.08333,0.0,1.308333353,1.654166691,0.121769404,6.291081217868,0.4278923058837661
2014-10-18,192.0958362,299.1500045,289.6833376,0.005504167,85578.75,0.0,-0.108333335,1.695833359,0.121666701,5.131104860474111,0.4376549284596256
2014-10-19,152.8750023,322.0000048,290.4750043,0.0065125,85460.41667,0.500000007,-0.691666677,1.425000021,0.12154966,4.8407119821618485,0.4915419626052269
2014-10-20,201.912503,300.3916711,289.154171,0.005966667,85474.58333,0.100000001,-2.270833367,0.908333347,0.121431974,5.016928245945104,0.4902788617907949
2014-10-21,199.8291696,298.0041711,287.9583376,0.005529167,85544.58333,0.0,-1.558333357,1.850000028,0.121314285,4.239334351463224,0.4913630845194413
2014-10-22,200.2458363,288.079171,288.1125043,0.005529167,85595.0,0.0,-1.329166686,0.958333348,0.121211222,3.5253383091833594,0.4867420750404843
2014-10-23,198.7416696,291.304171,288.941671,0.005670833,85855.83333,0.0,-0.425000006,0.016666667,0.121094168,3.677122305131877,0.4745171295250278
2014-10-24,198.7666696,286.0500043,289.8250043,0.00515,86067.91667,0.0,-0.375000006,0.787500012,0.120991106,2.874194666275768,0.4081042248363415
2014-10-25,195.2791696,295.0416711,290.2458377,0.00545,86071.66667,0.0,0.704166677,2.258333367,0.120874056,3.002087844840831,0.4204036415166177
2014-10-26,179.8291693,316.8458381,290.9750043,0.007025,85805.41667,0.0,2.220833366,2.579166705,0.120756367,2.97071901293272,0.5156657162263294
2014-10-27,192.1666695,307.2958379,288.4208376,0.0074375,85528.75,0.0,1.983333363,1.950000029,0.120653304,2.26827721960868,0.6412493041673325
2014-10-28,190.5875028,285.7208376,286.6750043,0.006491667,85765.0,0.0,1.475000022,0.695833344,0.120536143,1.6871505794573451,0.6290942636671695
2014-10-29,189.3041695,277.7041708,287.2250043,0.004804167,85953.75,0.0,0.008333333,0.100000001,0.120424312,2.0141351514268906,0.4500326068041827
2014-10-30,191.7458362,269.3958373,288.1458376,0.0041125,85903.33333,0.0,-2.370833369,0.387500006,0.120312763,1.8368140486697828,0.3625474207431979
2014-10-31,184.6458361,288.3375043,288.9083376,0.004441667,85748.33333,0.0,-1.229166685,2.720833374,0.120213917,2.0279884600127227,0.3719999336330949
2014-11-01,179.033336,298.4375044,289.9458377,0.006679166,85386.25,0.0,1.258333352,5.162500077,0.12009213,2.2699831124582195,0.5210335277483398
2014-11-02,128.5833352,318.0375047,288.229171,0.0078375,85525.41667,0.0,1.937500029,4.950000074,0.119983941,1.442040225486482,0.6841762630847665
2014-11-03,182.0875027,260.4791705,284.1458376,0.004858333,85777.08333,0.0,1.083333349,-0.054166667,0.119861769,0.8491808048521154,0.557121537855927
2014-11-04,182.3625027,257.6208372,283.8583376,0.003258333,85945.83333,0.0,-1.891666695,-3.391666717,0.119753584,1.5916729246566657,0.3816888269720248
2014-11-05,181.7791694,250.2041704,286.2875043,0.003479167,86158.75,0.0,-2.941666711,-1.875000028,0.119646031,1.4460467011913345,0.3474711955228386
2014-11-06,178.545836,248.2000037,286.1458376,0.003320833,86360.41667,0.0,-3.287500049,-0.479166674,0.119538482,1.3210439225018142,0.3355603765982741
2014-11-07,175.633336,259.7833372,285.5083376,0.004091667,86290.83333,0.0,-1.175000018,0.454166673,0.11941631,1.1601380765767957,0.4309458222515253
2014-11-08,173.7500026,256.1875038,286.3500043,0.003483333,86076.66667,0.0,-1.716666692,-0.829166679,0.119308121,1.278080966235324,0.3461248412365742
2014-11-09,169.7625025,268.3416707,287.1333376,0.003891667,85818.33333,0.0,-2.570833372,1.729166692,0.119200572,1.5714159532001606,0.36617335145153
2014-11-10,169.3708359,263.5625039,286.7708376,0.003966667,85376.66667,0.0,2.150000032,2.854166709,0.119093023,1.6031039329257613,0.3802557497932549
2014-11-11,166.8708358,268.4916707,286.1125043,0.0050125,85406.25,0.0,1.895833362,3.38750005,0.118970847,1.425695388300905,0.5020073008501738
2014-11-12,163.8375024,284.8541709,286.4833376,0.00685,85503.75,0.0,1.641666691,3.345833383,0.118862662,1.1661450444376908,0.6702063629023964
2014-11-13,160.3166691,288.7250043,286.1333376,0.007391666,85687.91667,0.0,1.191666684,2.416666703,0.118755113,0.958591570379933,0.7417024340662104
2014-11-14,118.5000018,317.8583381,285.1041709,0.007145833,85677.08333,0.0,2.01250003,2.766666708,0.118632937,0.9006108260101511,0.7676390380135598
2014-11-15,160.0541691,288.466671,285.1958376,0.007341666,85648.33333,0.0,2.595833372,2.591666705,0.118524752,0.9356655088914478,0.7836104872914228
2014-11-16,163.9958358,273.7625041,285.3666709,0.0061,85564.16667,0.0,1.779166693,-0.708333344,0.118551163,0.9311731998602062,0.6430871138334314
2014-11-17,167.4625025,207.6375031,281.3541709,0.001516667,86017.08333,0.0,-3.050000045,-1.558333357,0.118568775,1.2708103704032194,0.2108366004189643
2014-11-18,167.2125025,213.5583365,281.5375042,0.001775,86000.83333,0.0,-3.029166712,-1.162500017,0.118600374,1.2489913185562362,0.2436151670270677
2014-11-19,148.2916689,234.5000035,282.1958375,0.0018,86050.0,0.0,-2.487500037,0.812500012,0.118617982,1.1622225167530265,0.2362979394357982
2014-11-20,159.4458357,227.0875034,281.5416709,0.001729167,85690.0,0.0,0.266666671,1.09583335,0.118649581,0.8042442121551048,0.2363993157438886
2014-11-21,139.1708354,250.7791704,281.3041709,0.00235,85450.0,0.0,-0.695833344,1.620833357,0.118681816,0.964293056856674,0.3256443999840009
2014-11-22,156.129169,238.0875035,281.4750042,0.002741667,85575.83333,0.0,0.466666674,-1.35000002,0.118699428,0.8854021351606574,0.3760384307792286
2014-11-23,155.2125023,244.7166703,282.4083375,0.003545833,85588.75,0.0,2.704166707,-0.591666675,0.118731027,1.1343824059626897,0.456329023446187
2014-11-24,158.9625024,212.0833365,280.7875042,0.001620833,85975.83333,0.0,-0.70000001,-3.525000053,0.118763262,1.4663929717712134,0.2341736712305549
2014-11-25,156.0875023,212.0291698,280.1791708,0.001404167,86467.5,0.0,-1.391666687,-2.529166704,0.118780871,1.282335244892412,0.2128050342798985
2014-11-26,150.7250022,236.2666702,280.3791708,0.0014,86438.75,0.0,-1.262500019,-1.400000021,0.11881247,1.127599392047829,0.2091821124058133
2014-11-27,152.7625023,236.7541702,283.5458376,0.002191667,86490.83333,0.0,-3.316666716,-0.787500012,0.118830082,1.50878187726402,0.2638663627439823
2014-11-28,152.0833356,239.1291702,284.5541709,0.002454167,86113.33333,0.0,-2.958333377,1.220833352,0.118861681,1.4183069906249035,0.2748983941681023
2014-11-29,148.9666689,240.5416703,284.0791709,0.002604167,85604.16667,0.0,0.379166672,2.516666704,0.118893916,1.146349049511907,0.2993647736349025
2014-11-30,138.1375021,251.7041704,283.4541709,0.0033875,85575.41667,0.0,0.137500002,3.500000052,0.118911528,1.181271431163759,0.4060281823865282
2014-12-01,147.6083355,251.0708371,282.7250042,0.004241667,85975.41667,0.0,-0.741666678,1.841666694,0.118943123,0.7662743736707662,0.5366557193822314
2014-12-02,90.19583468,285.7500043,284.3833376,0.003145833,85746.25,0.0,-1.895833362,1.345833353,0.118975358,0.8707939748947856,0.3549111526695154
2014-12-03,89.91250134,338.675005,284.7250042,0.005245833,85962.08333,3.200000048,-0.833333346,1.150000017,0.11899297,4.594005532266559,0.5799022413961175
2014-12-04,67.05416767,323.1833381,283.3833376,0.007120833,85797.5,23.80000035,0.358333339,1.008333348,0.119024569,18.481643058990404,0.8598290455586806
2014-12-05,139.0458354,266.987504,281.4916709,0.006454167,85944.58333,0.100000001,-1.333333353,-0.200000003,0.119056804,16.80595947537778,0.8880311139065077
2014-12-06,104.9625016,285.3416709,282.4791709,0.005454167,86048.75,0.0,-2.708333374,1.408333354,0.119074412,20.346652912539447,0.7022968822974082
2014-12-07,144.4958355,274.1583374,282.8083375,0.0047,86333.75,0.0,-2.300000034,-0.500000007,0.119106011,20.67891295809755,0.5937514532068994
2014-12-08,140.9375021,256.7708372,283.5416709,0.00445,86035.83333,0.0,-3.512500052,0.320833338,0.119123623,15.61936472232957,0.5330904739194184
2014-12-09,128.3666686,282.7125042,284.0458376,0.004458333,85824.16667,0.0,-3.141666713,1.620833357,0.119155222,11.90502797972984,0.5149822193186826
2014-12-10,140.3708354,272.5791707,284.5833376,0.005229167,85726.25,0.0,-1.675000025,1.804166694,0.119187457,6.862732726217736,0.5819638112351689
2014-12-11,138.8416687,272.1125041,284.8125042,0.0058375,85727.08333,0.0,-0.041666667,2.083333364,0.119205069,4.448361383229756,0.6397912548929479
2014-12-12,137.037502,284.5416709,283.7666709,0.004375,85827.08333,0.0,-0.295833338,3.800000057,0.119236665,4.524688451860848,0.5149596832397623
2014-12-13,82.7916679,304.6000045,281.4250042,0.005354167,85587.5,11.60000017,1.033333349,3.758333389,0.1192689,34.184873658220766,0.7369869492717307
2014-12-14,142.5833355,266.2416706,279.4708375,0.004941667,85706.25,0.500000007,2.495833371,-0.033333334,0.131098722,24.06866265453077,0.7798387052744997
2014-12-15,130.8666686,245.7291703,279.1541708,0.004041667,85744.16667,0.0,-1.245833352,0.087500001,0.12845749,12.00370356980259,0.6523720781983924
2014-12-16,119.5083351,269.375004,279.5833375,0.003216667,85590.41667,0.0,-0.670833343,2.854166709,0.12570338,20.271722073408466,0.5029693454229446
2014-12-17,69.45833437,299.8833378,279.0708375,0.005016667,85614.16667,5.40000008,1.550000023,2.875000043,0.12343411,18.21991248231655,0.8132511134739666
2014-12-18,75.26250112,313.9875047,279.1541708,0.005775,85786.25,0.800000012,0.587500009,0.770833345,0.122037769,13.500707487150745,0.9326096928641532
2014-12-19,142.0875021,237.3083369,278.8916708,0.004758333,86064.58333,0.0,-0.641666676,-1.287500019,0.121043879,10.417969153985132,0.7852284338499327
2014-12-20,141.8750021,237.8041702,279.0083375,0.003895833,85875.0,0.0,-1.612500024,-0.816666679,0.120424465,11.429165320378956,0.6362563312231403
2014-12-21,139.0125021,241.3000036,279.3375042,0.003691667,85669.16667,0.0,0.816666679,-0.329166672,0.120011041,7.90076570287562,0.5877731371367708
2014-12-22,136.6958354,249.4708371,279.2708375,0.004341667,85471.66667,0.0,1.700000025,-1.012500015,0.11971079,7.136950720386268,0.692891054780193
2014-12-23,143.6875021,232.5791701,278.9041708,0.00375,85479.58333,0.0,0.387500006,-3.33750005,0.119509086,5.811341098577799,0.6140866814698915
2014-12-24,145.1791688,199.7333363,274.3291708,0.001416667,85883.75,0.0,-1.991666696,-1.333333353,0.119470142,4.323152379803697,0.3232449867016344
2014-12-25,67.27083434,256.6583372,273.8625041,0.0017,84933.75,0.0,1.241666685,3.78333339,0.119436919,3.1581730336672766,0.3968962931732079
2014-12-26,145.3125022,222.79167,274.6875041,0.002391667,84937.91667,0.0,3.745833389,0.208333336,0.119420228,2.678476594083732,0.525816854446455
2014-12-27,146.3916688,205.5041697,274.4666708,0.0021,85776.25,0.0,-0.908333347,-1.775000026,0.119416251,1.90218930311738,0.4737958887012414
2014-12-28,138.4625021,209.1416698,274.0041707,0.001816667,86000.0,0.0,-1.562500023,-0.19166667,0.119412275,1.5676016630697884,0.4250344785840755
2014-12-29,148.9000022,201.5166697,274.6458374,0.001666667,85700.0,0.0,-0.362500005,0.837500012,0.119404485,1.3721120626706895,0.3708313715708979
2014-12-30,147.6666689,194.7500029,274.1583374,0.001533333,85450.0,0.0,-0.441666673,3.441666718,0.11940178,1.3990317026694532,0.3524607541450165
2014-12-31,59.58333422,257.6666705,275.5166708,0.0029375,85176.25,5.500000082,-1.412500021,4.583333402,0.146690055,9.100020739917484,0.6099064095322683
2015-01-01,127.9833352,270.7583374,273.7166707,0.004158333,85207.5,2.900000043,2.612500039,1.791666693,0.571880502,3.580549072586879,0.984419612937111
2015-01-02,85.08750127,247.6916704,273.1333374,0.003729167,85359.58333,0.0,-0.962500014,-1.462500022,0.598971684,0.0,0.9230940743558302
2015-01-03,140.3208354,209.5666698,272.8416707,0.003391667,85538.33333,0.0,1.000000015,-0.854166679,0.55036719,0.0,0.8595867203250566
2015-01-04,142.8250021,217.6500032,274.7833374,0.0035125,86241.66667,0.0,-2.66250004,-0.570833342,0.483284941,1.3377094439997992,0.7786526810328499
2015-01-05,141.8208354,226.4250034,276.9916708,0.002875,86419.58333,0.0,-3.895833391,-0.554166675,0.380359797,5.540114072804918,0.5448723017341006
2015-01-06,142.2416688,229.3958368,278.7666708,0.0026375,86363.75,0.0,-3.891666725,-0.579166675,0.278780605,5.912032092760819,0.4406054369395422
2015-01-07,139.8666688,246.145837,281.2416709,0.0031875,86345.83333,0.0,-4.204166729,-0.079166668,0.206492567,5.447380862288261,0.448251664119274
2015-01-08,135.8916687,261.9708372,281.6458375,0.004654167,86136.25,0.0,-3.529166719,1.091666683,0.159797967,3.34065556595844,0.6350444745580125
2015-01-09,135.9791687,261.8333372,281.0041709,0.005416667,85800.41667,0.0,-0.958333348,0.845833346,0.13948645,2.410443918370487,0.769402957654385
2015-01-10,85.98333461,289.516671,281.3750042,0.0056125,85807.91667,0.0,-1.695833359,1.933333362,0.128218945,1.3631203978934845,0.777200407037809
2015-01-11,85.49166794,304.1416712,281.0958375,0.005583333,85699.58333,0.200000003,-1.35000002,0.862500013,0.123983198,1.7259020122938609,0.7871578021532335
2015-01-12,92.10416804,307.7083379,281.4291709,0.006216667,85844.58333,2.200000033,-1.404166688,0.604166676,0.121501576,4.324680724928006,0.858032539528402
2015-01-13,72.40833441,309.2541713,280.8541709,0.006195833,85711.25,6.800000101,0.70000001,1.645833358,0.12049497,11.938585908939515,0.8883056946255483
2015-01-14,115.3833351,261.4750039,279.4333375,0.004854167,85744.58333,0.0,-0.020833334,-0.937500014,0.120117789,8.950092359228279,0.7683818697732459
2015-01-15,148.8500022,243.295837,279.2916708,0.004229167,86134.58333,0.0,-2.44583337,-1.56666669,0.11983534,13.38686800095045,0.6791820041141736
2015-01-16,153.0333356,221.22917,280.2291708,0.00315,86279.16667,0.0,-3.854166724,-0.20416667,0.119672055,12.538504443107954,0.4747011118272652
2015-01-17,150.0166689,224.0750033,280.6333375,0.0027375,86178.33333,0.0,-1.800000027,-0.504166674,0.119609765,7.2903395284195005,0.4006833618888976
2015-01-18,148.7041689,246.883337,281.8958375,0.0034375,86366.66667,0.0,-1.558333357,-0.287500004,0.119581803,6.1813525780380925,0.4623052864874623
2015-01-19,145.4875022,251.2250037,282.0750042,0.0035125,86184.58333,0.0,-1.487500022,0.025,0.119590084,4.75235950540015,0.4656568085298992
2015-01-20,152.8708356,240.9958369,282.2250042,0.0038625,85718.33333,0.0,-0.712500011,-0.079166668,0.119612988,3.270201334724203,0.504097234484248
2015-01-21,109.045835,277.3625041,282.1000042,0.003733333,85377.91667,0.400000006,0.025,0.945833347,0.119637161,3.2017813582384105,0.4894638476965058
2015-01-22,159.1458357,225.9750034,281.7291709,0.0031375,85813.75,0.400000006,-2.508333371,-4.287500064,0.119675324,3.999160478381136,0.4240688781376737
2015-01-23,157.5708357,222.20417,279.4375042,0.0025625,86223.33333,0.0,-2.529166704,-1.220833352,0.119714119,2.642736273431409,0.4077726041673362
2015-01-24,160.5708357,238.9916702,280.0875042,0.002204167,85887.5,0.0,-3.745833389,-1.308333353,0.119738295,2.8988720879774306,0.3339244184844928
2015-01-25,161.5541691,228.1375034,281.5750042,0.002141667,85930.0,0.0,-3.641666721,-1.429166688,0.119761835,2.5613600083273163,0.2929426932639061
2015-01-26,148.0250022,250.2666704,282.0333375,0.002741667,86031.66667,0.0,-2.975000044,1.062500016,0.119799994,2.073934029646793,0.3638560365524216
2015-01-27,111.208335,323.5083382,282.5500042,0.005533333,86239.16667,0.500000007,-0.533333341,1.441666688,0.119838793,2.400437476674825,0.7106322733090151
2015-01-28,158.9625024,267.9208373,283.5916709,0.005754167,86120.41667,0.0,-0.987500015,-1.125000017,0.119877588,1.8008069423643605,0.6876769702823154
2015-01-29,114.3666684,304.3666712,283.9083376,0.004916667,85883.33333,0.200000003,-0.708333344,0.954166681,0.119916387,1.9896596149220265,0.5735971106035627
2015-01-30,66.12083432,346.7875052,283.2666709,0.008054166,85594.16667,55.60000083,-2.979166711,2.841666709,0.119940559,26.920097848802484,0.9779079580452136
2015-01-31,118.7708351,324.7833382,282.1250042,0.007541666,85117.08333,3.700000055,0.750000011,1.31250002,0.119978722,29.426519855541542,0.9840582720768548
2015-02-01,165.7583358,280.3750042,280.8375042,0.006195833,85647.5,0.0,0.775000012,-0.679166677,0.120017521,24.95162168329982,0.8886665388922079
2015-02-02,169.3666692,238.7750036,281.3041709,0.004195833,85961.66667,0.0,-1.516666689,-0.975000015,0.120041694,18.697104874723443,0.5849068484430083
2015-02-03,169.3000025,246.6000037,282.1250042,0.003795833,85917.5,0.0,-0.404166673,-0.383333339,0.120079857,12.293555398017066,0.4999487845911896
2015-02-04,171.9583359,244.808337,282.4583375,0.00415,85943.33333,0.0,1.495833356,-0.366666672,0.120118652,11.756790853792047,0.5344710667586922
2015-02-05,176.6416693,238.9458369,283.6375042,0.003995833,86047.91667,0.0,-1.516666689,-0.412500006,0.120157451,8.96118047896981,0.4756643468279214
2015-02-06,175.7541693,249.6291704,284.4750042,0.003725,86036.25,0.0,-1.754166693,1.779166693,0.120196249,8.301731216817709,0.419090961549791
2015-02-07,175.3708359,254.0041705,284.8000042,0.004529167,86060.83333,0.0,0.062500001,1.212500018,0.120220422,5.521726380765658,0.4987466501247086
2015-02-08,175.7625026,259.3541705,284.4291709,0.004408333,86048.75,0.0,0.466666674,-0.704166677,0.120258585,4.728781820873271,0.4975691063843243
2015-02-09,178.770836,260.8666706,285.2333376,0.004379167,85950.83333,0.0,-0.24166667,-1.041666682,0.12029738,3.93742568596897,0.4678898478401729
2015-02-10,183.6500027,248.958337,285.4333376,0.003808333,85642.91667,0.0,0.358333339,-0.362500005,0.120321556,3.2263935218314783,0.4000819658904331
2015-02-11,184.6750028,249.1250037,285.2750043,0.0040625,85750.83333,0.0,-0.504166674,-2.837500042,0.120359719,2.614096516979467,0.4318460311249145
2015-02-12,185.8000028,249.170837,285.6750043,0.0038125,86270.0,0.0,-3.737500056,-1.700000025,0.120398514,2.495754530472178,0.3970280709579651
2015-02-13,184.9625028,256.5291705,286.1208376,0.004183333,86135.0,0.0,-2.808333375,0.379166672,0.120437313,1.935639025167973,0.4223074995744559
2015-02-14,183.4500027,261.9375039,285.3083376,0.0042875,85994.16667,0.0,-2.770833375,0.404166673,0.120461485,1.5807988688360657,0.456044032136717
2015-02-15,165.1333358,296.8333378,286.4541709,0.0052875,85824.16667,0.0,2.783333375,0.962500014,0.120499648,1.403701784019188,0.5202690138407396
2015-02-16,189.4458362,271.5041707,284.5458376,0.006383333,85647.5,0.0,4.020833393,1.250000019,0.120605179,0.87790751801918,0.7115447475851021
2015-02-17,193.6000029,255.9375038,283.6041709,0.005595833,85827.08333,0.0,2.500000037,-0.462500007,0.120713615,0.6976264538558985,0.6659148146997065
2015-02-18,195.9708363,238.5875036,282.7208375,0.003254167,86051.25,0.0,0.279166671,-0.766666678,0.12082205,0.7399484199347363,0.4121970709573238
2015-02-19,194.7166696,245.9416703,283.8166709,0.003183333,85932.5,0.0,-0.004166667,0.104166668,0.120930482,1.1804283502839303,0.3738930248076813
2015-02-20,179.8750027,256.6041705,284.2041709,0.003358333,85729.58333,0.0,2.329166701,1.058333349,0.121024295,0.7773603108786746,0.3833931573113713
2015-02-21,198.487503,261.0958372,284.4166709,0.004058333,85457.91667,0.0,3.12083338,2.600000039,0.121132091,1.040814552407655,0.4553006887715738
2015-02-22,197.4916696,265.9208373,285.0208376,0.005358333,85288.33333,0.0,2.770833375,4.695833403,0.121235852,1.1581287622915342,0.576198596272673
2015-02-23,131.7041686,323.5375048,285.3583376,0.006541667,85429.16667,2.600000039,2.979166711,5.925000088,0.121344483,3.478761579229083,0.6889431737301456
2015-02-24,155.7875023,288.2583376,282.8250042,0.005820833,85570.0,10.10000015,3.537500053,1.037500015,0.121453524,42.77165110478248,0.7280167251323212
2015-02-25,206.6208364,236.7958369,279.8208375,0.003666667,85811.25,0.300000004,2.425000036,-1.266666686,0.121547825,31.78995959812151,0.56538012120146
2015-02-26,205.8916697,243.3666703,282.0583375,0.0033125,85422.91667,0.0,0.800000012,0.429166673,0.121656068,19.61391266639347,0.4357575024059148
2015-02-27,202.2083363,252.7916704,282.9791709,0.003475,85014.58333,0.0,2.745833374,2.958333377,0.12176499,20.267295430876025,0.4273063775263295
2015-02-28,115.0375017,314.3666714,283.5083376,0.00565,84942.08333,9.800000146,3.466666718,5.562500083,0.121873913,71.53535687025123,0.6697463017520484
2015-03-01,123.9000018,328.9125049,283.6708376,0.0070875,85368.75,3.600000054,1.500000022,4.150000062,0.121982784,45.20237438458896,0.8351577202400493
2015-03-02,121.9166685,317.6333381,284.1625042,0.007570833,85353.33333,13.1000002,1.54166669,5.083333409,0.122091687,50.70577243496597,0.8629175905715194
2015-03-03,151.8750023,293.216671,280.7541709,0.0061875,85400.41667,3.000000045,1.300000019,3.641666721,0.125043722,38.47304177947835,0.8900169010570809
2015-03-04,213.5208365,281.3875042,280.2708375,0.004470833,85365.0,0.0,1.650000025,-0.262500004,0.123703647,43.58287938874031,0.6646868984348563
2015-03-05,240.4625036,218.1375033,281.1666709,0.002754167,86017.5,0.0,-2.595833372,-1.929166695,0.1232023,36.84315199054354,0.3878364803968605
2015-03-06,242.0875036,223.7250033,282.7708375,0.002375,86172.91667,0.0,-3.854166724,-1.137500017,0.122915789,27.123763075205545,0.3002388092222467
2015-03-07,234.7041702,243.9541703,283.9458376,0.002895833,85807.08333,0.0,-3.258333382,0.525000008,0.122774237,15.927584069080911,0.3366881997213994
2015-03-08,236.3958369,275.7791708,284.9083376,0.003683333,85561.25,0.0,1.045833349,-0.166666669,0.122784003,12.582764871141032,0.4003423873604673
2015-03-09,240.8375036,250.2500037,284.8833376,0.003554167,85314.58333,0.0,1.766666693,-1.412500021,0.122852089,7.492439388516689,0.3858331641006375
2015-03-10,245.533337,249.4125037,286.0166709,0.003220833,85538.75,0.0,-0.033333334,-1.833333361,0.12294516,6.280668205520477,0.3251248440814075
2015-03-11,239.1916702,257.1208372,287.0708376,0.003170833,85944.16667,0.0,-0.845833346,0.366666672,0.123041377,6.274104062425405,0.3000138864514987
2015-03-12,145.0208355,319.0708381,287.941671,0.003554167,85960.0,0.0,0.541666675,0.68750001,0.123150155,4.44274999361763,0.3177284894066755
2015-03-13,231.3833368,297.1625044,287.6625043,0.004725,85936.66667,0.200000003,-0.962500014,-2.166666699,0.123254136,5.136748717972651,0.430042328333029
2015-03-14,237.2250035,283.7875042,288.3875043,0.003933333,86159.58333,0.0,-2.970833378,-0.25416667,0.123366251,4.77931482362602,0.3423670346625023
2015-03-15,253.6583371,261.7333372,287.866671,0.0036125,86188.75,0.0,-3.366666717,0.062500001,0.123464106,4.349444389231177,0.325389418122555
2015-03-16,250.5166704,268.3958373,288.6833376,0.003720833,85995.83333,0.0,-2.829166709,1.558333357,0.123530265,4.186428655144864,0.3171121699544343
2015-03-17,186.0291694,295.2500044,288.2708376,0.0043875,85675.41667,0.0,0.495833341,1.650000025,0.123609694,2.960912279632745,0.3826417659160667
2015-03-18,146.0500022,350.0250052,288.679171,0.0057125,85680.83333,0.0,3.162500047,2.262500034,0.123675138,3.246694697812491,0.4852018357181358
2015-03-19,150.8916689,340.7166717,285.1041709,0.007529166,85630.41667,10.60000016,0.145833336,0.720833344,0.123739944,37.22215554553248,0.8083779265149503
2015-03-20,234.6875035,307.4166712,286.0750043,0.006858333,85870.83333,1.100000016,0.087500001,-0.429166673,0.123804749,40.20995464633456,0.6923206241282909
2015-03-21,255.2458371,272.6416707,285.8166709,0.005204167,85954.58333,0.70000001,2.270833367,0.329166672,0.12388418,35.6789272916918,0.5349234703772414
2015-03-22,261.2833372,267.2833373,286.6791709,0.004770833,86084.58333,0.0,2.745833374,1.283333352,0.123949621,23.145262492609152,0.463927253979063
2015-03-23,264.6708373,266.550004,287.1500043,0.0041125,85942.91667,0.0,2.175000032,2.716666707,0.12401443,15.100218555296998,0.3870903197716585
2015-03-24,264.2250039,252.4541704,287.2083376,0.003275,85782.08333,0.0,1.875000028,1.433333355,0.124093859,10.126599693153384,0.3065090781076175
2015-03-25,267.700004,266.112504,287.1791709,0.003945833,85606.66667,0.0,2.079166698,-1.508333356,0.124159299,7.601582450395739,0.369242830819613
2015-03-26,273.8625041,260.7666706,288.8958376,0.003420833,85935.41667,0.0,-2.104166698,-2.500000037,0.124238731,7.302533511863084,0.2873599795797554
2015-03-27,277.5625041,256.9125038,289.5125043,0.002875,86092.5,0.0,-1.183333351,-0.075000001,0.124304172,6.7141879475623565,0.2325137545326677
2015-03-28,279.3833375,252.2958371,289.4375043,0.002779167,85907.91667,0.0,1.791666693,0.354166672,0.124368981,5.420461047333379,0.2253668456510006
2015-03-29,268.3166707,266.7208373,290.3458377,0.003133333,86075.41667,0.0,1.225000018,1.112500017,0.124448409,4.933140757194831,0.2401695381729145
2015-03-30,247.4541704,293.416671,291.4083377,0.003345833,85964.16667,0.0,2.416666703,1.920833362,0.124513854,4.90165873508787,0.2393744319097646
2015-03-31,276.6458375,280.5500042,291.054171,0.00375,85861.25,0.0,4.108333395,1.025000015,0.124578659,5.137957805313505,0.2740622788110962
2015-04-01,287.7750043,289.6208376,291.2583377,0.005404167,85588.75,0.0,3.587500053,2.650000039,0.124643464,4.943594254660908,0.3886277622977814
2015-04-02,294.3375044,263.6875039,289.291671,0.003879167,85450.0,0.0,3.60416672,3.308333383,0.124708273,4.926464681905839,0.3158444514426051
2015-04-03,279.3458375,259.7333372,288.0833376,0.0027875,85716.25,0.0,0.379166672,-0.237500004,0.124787701,4.438366634020677,0.2462029134854385
2015-04-04,179.295836,295.4750044,288.466671,0.0027,85734.16667,0.0,0.908333347,1.787500027,0.124853146,3.106053343389432,0.2326556656042207
2015-04-05,287.4166709,284.1625042,288.404171,0.002666667,85490.0,0.0,1.679166692,2.941666711,0.124917951,4.953802603265487,0.2300603575539741
2015-04-06,303.2875045,255.4625038,287.8708376,0.00295,85413.33333,0.0,2.287500034,4.02500006,0.124997379,5.093056484132695,0.2632538277991646
2015-04-07,292.2250044,247.5375037,286.9166709,0.002529167,85490.0,0.0,1.645833358,4.162500062,0.125062824,4.835061742107014,0.2404586210595562
2015-04-08,304.5666712,266.5583373,287.704171,0.003654167,85358.33333,0.0,3.425000051,3.804166723,0.125142252,5.072698632665055,0.3294455479072493
2015-04-09,301.7250045,243.5041703,285.2833376,0.002845833,85405.83333,0.0,0.787500012,0.870833346,0.125207697,3.677855493268508,0.3011294577001828
2015-04-10,298.4583378,246.7500037,286.5208376,0.002420833,85452.91667,0.0,1.470833355,2.43333337,0.125272502,4.027600569074793,0.2361299251660262
2015-04-11,269.0083373,276.0083374,287.0875043,0.003245833,85555.0,0.0,1.870833361,2.300000034,0.125337307,3.898890483841405,0.3053853760263655
2015-04-12,260.7500039,308.1791713,288.154171,0.005341667,85469.58333,0.0,4.25416673,1.070833349,0.125416739,4.061519568853699,0.4682759500841599
2015-04-13,308.8541713,277.4416708,288.3708376,0.006016667,85716.25,0.0,2.900000043,-0.100000001,0.125477749,3.7610690192205687,0.5215750219016143
2015-04-14,306.1041712,283.9208376,290.0375043,0.0045375,85878.75,0.0,2.695833374,2.48333337,0.125554518,4.498867188453305,0.353920451532307
2015-04-15,313.4375047,276.9375041,290.916671,0.004691667,85463.33333,0.0,4.754166738,2.175000032,0.125617385,4.987316781270337,0.3442913896597201
2015-04-16,322.0708381,228.8791701,285.8541709,0.002054167,85365.0,0.0,3.716666722,-2.033333364,0.125692628,3.996246183395,0.2091740060194752
2015-04-17,321.2166715,235.4208368,284.5708376,0.002120833,85667.5,0.0,2.366666702,-0.170833336,0.125763911,3.2605789504001126,0.2360671905674575
2015-04-18,316.4250047,269.7416707,286.6416709,0.002791667,85569.58333,0.0,4.116666728,0.608333342,0.125843565,3.8390198262033,0.270511332099922
2015-04-19,318.5208381,263.3083373,289.166671,0.002833333,85524.16667,0.0,3.320833383,0.554166675,0.125912528,3.707208769915801,0.2327611649132162
2015-04-20,318.8416714,271.337504,289.8625043,0.002804167,85404.16667,0.0,3.258333382,1.041666682,0.125984976,3.695908071529374,0.2199683540615141
2015-04-21,318.9625048,275.7291708,290.5625043,0.003433333,85254.16667,0.0,2.462500037,2.2666667,0.12605736,3.4931173544175733,0.2570711528298683
2015-04-22,324.2000048,265.087504,289.616671,0.003466667,85314.16667,0.0,1.716666692,3.191666714,0.126139167,3.190640551034974,0.2759743525696123
2015-04-23,320.3708381,276.9541708,289.4000043,0.004433333,85337.08333,0.0,1.812500027,3.675000055,0.126210004,2.9567740026739124,0.357980333345583
2015-04-24,212.0625032,297.4208378,288.2708376,0.006345833,85360.83333,2.300000034,3.220833381,3.020833378,0.12628087,4.4063673907154,0.551399416863334
2015-04-25,292.9625044,298.3625044,286.4958376,0.005845833,85388.75,1.600000024,2.654166706,3.900000058,0.126356348,9.445862400783277,0.5707185683816589
2015-04-26,193.7416696,330.0333383,283.9291709,0.006741666,85031.66667,20.90000031,4.150000062,2.970833378,0.126431826,93.3616676291759,0.777617899746091
2015-04-27,317.6375047,283.3041709,285.6083376,0.005158333,85291.66667,3.100000046,0.47083334,-1.958333363,0.126507304,83.7767746180016,0.5334444889302695
2015-04-28,322.2291715,286.6000043,288.629171,0.004608333,85734.16667,0.0,-0.679166677,0.066666668,0.126582778,48.70561974643912,0.3929318867934337
2015-04-29,325.7208382,292.629171,291.291671,0.004708333,85857.91667,0.0,-1.654166691,1.295833353,0.126658256,34.10363075607879,0.338935592147309
2015-04-30,325.4750048,296.1875044,293.579171,0.0043,85629.16667,0.0,0.854166679,1.395833354,0.126733734,20.16271175507661,0.2673519972866645
2015-05-01,325.8208382,292.5333377,293.304171,0.003483333,85552.91667,0.0,3.483333385,1.512500023,0.12679459,11.72108046485342,0.2201277968494194
2015-05-02,184.4875027,319.0083381,294.6416711,0.005266667,85583.75,0.0,4.125000061,0.941666681,0.126869428,6.02857494566458,0.3063930347052331
2015-05-03,324.1083382,331.8708383,294.6583377,0.007104166,85497.5,0.300000004,2.741666708,1.050000016,0.126944906,8.31681240748331,0.4124495545211989
2015-05-04,257.9000038,326.1750049,290.241671,0.006654166,85361.66667,10.50000016,2.779166708,0.933333347,0.127020384,89.22168543673004,0.5091925603784627
2015-05-05,279.0166708,321.8125048,288.541671,0.006645833,85352.5,4.100000061,3.466666718,2.233333367,0.127095862,90.96738079173322,0.5673468730587928
2015-05-06,277.2208375,316.108338,289.4375043,0.006833333,85409.58333,0.0,2.666666706,3.012500045,0.127171341,39.97663349218373,0.5509109225769867
2015-05-07,348.6500052,278.5875042,289.9583377,0.0054,85193.75,0.0,1.162500017,4.291666731,0.127246815,23.37804512869562,0.419960895320989
2015-05-08,334.412505,286.7666709,289.0750043,0.006016667,85187.5,0.0,2.933333377,5.058333409,0.127322293,11.55519477620756,0.4952514552496398
2015-05-09,335.6708383,298.0416711,285.9750043,0.004779167,85505.41667,0.0,4.754166738,2.283333367,0.127397771,7.861689921471134,0.4835735339499096
2015-05-10,345.6458385,271.9416707,286.2333376,0.004575,85539.16667,0.0,2.837500042,-0.450000007,0.127458626,7.872205271730734,0.4552541215011815
2015-05-11,347.6583385,275.9875041,290.0250043,0.003991667,85638.33333,0.0,-0.150000002,0.845833346,0.127533465,10.691993761421774,0.3107232377884133
2015-05-12,297.9958378,297.2708378,291.0208377,0.004145833,85559.58333,0.0,1.370833354,4.479166733,0.127608943,6.272692176669217,0.3025670924478971
2015-05-13,326.8291715,307.7083379,290.791671,0.006729166,85714.16667,0.0,1.462500022,4.104166728,0.127687186,5.298137733229408,0.4992173099348915
2015-05-14,333.1958383,310.4666713,291.941671,0.006745833,85380.83333,0.0,2.754166708,5.558333416,0.127758748,5.393861551277212,0.4634455115473068
2015-05-15,226.5875034,327.2708382,287.8875043,0.006645833,85285.41667,1.600000024,2.945833377,6.058333424,0.12783567,5.702382507670507,0.5915334658019199
2015-05-16,221.9250033,328.4916716,283.3041709,0.0071125,85299.16667,35.00000052,2.237500033,3.991666726,0.12787262,90.42467759567155,0.8584174867667785
2015-05-17,348.7041719,279.3958375,286.0958376,0.005591667,85741.25,0.0,0.633333343,1.641666691,0.1278954,58.92874199615349,0.5628280657641858
2015-05-18,223.32917,298.0958378,288.7625043,0.004929167,85699.16667,0.0,1.275000019,2.89166671,0.127917016,25.7388567155046,0.4165038316991044
2015-05-19,348.7291719,287.3791709,289.254171,0.00515,85624.16667,0.0,2.720833374,2.112500031,0.127953572,21.48043364069405,0.4211883336442292
2015-05-20,346.4791718,272.2541707,289.879171,0.003983333,85655.0,0.0,0.487500007,2.200000033,0.127976184,14.118656104355306,0.3130488598449526
2015-05-21,334.5958383,287.5750043,291.1750043,0.004291667,85463.75,0.0,1.495833356,3.733333389,0.128008239,9.73533826139031,0.3098091147179922
2015-05-22,355.9750053,286.6291709,289.366671,0.005441667,85494.58333,0.0,2.645833373,4.491666734,0.128037924,7.013878127703903,0.4411579707867373
2015-05-23,355.8333386,275.8208374,287.2666709,0.005154167,85590.41667,0.300000004,2.779166708,2.754166708,0.128066536,6.1389082330503495,0.4794672920321771
2015-05-24,349.6666719,283.3791709,287.8875043,0.0049875,85610.41667,0.0,3.191666714,1.462500022,0.128095603,5.513492799576802,0.4456199645175493
2015-05-25,348.2625052,294.7166711,289.2500043,0.005366667,85526.66667,0.0,3.57916672,0.845833346,0.128131258,5.172769533027923,0.438526287179698
2015-05-26,351.0458386,299.3125045,290.7583377,0.005191667,85651.25,0.0,2.337500035,1.737500026,0.128153846,4.902389342285426,0.3856902530344994
2015-05-27,339.9666717,289.9958377,291.566671,0.003883333,85724.58333,0.0,1.36250002,2.441666703,0.128175813,4.387561532671391,0.2742896611580999
2015-05-28,362.9666721,282.7833375,292.8583377,0.003645833,85867.91667,0.0,1.858333361,1.162500017,0.128212348,4.136702457416968,0.2377868292238751
2015-05-29,362.3583387,285.1375042,294.2000044,0.003179167,85837.08333,0.0,2.495833371,0.304166671,0.128234875,3.9031579017800055,0.1906413701064213
2015-05-30,359.0875054,305.2708379,295.8625044,0.003883333,85826.66667,0.0,2.020833363,0.441666673,0.128271451,6.3779506757685365,0.2101645032391557
2015-05-31,355.8000053,312.4125047,297.2125044,0.004025,85780.83333,0.0,0.379166672,0.933333347,0.128294029,6.772177407110565,0.2005278979909815
2015-06-01,347.7958385,311.970838,296.9125044,0.004445833,85809.16667,0.0,2.837500042,2.508333371,0.128330602,5.729917406386432,0.2256367372213403
2015-06-02,352.9958386,287.4750043,295.8416711,0.003479167,85761.66667,0.0,3.633333387,2.583333372,0.128353166,5.379487133112246,0.1883887798715171
2015-06-03,358.179172,298.5791711,295.4041711,0.0047125,85598.75,0.0,2.875000043,2.183333366,0.128389716,4.88245100638996,0.2616141567377181
2015-06-04,331.7250049,282.6791709,294.8708377,0.002795833,85443.75,0.0,1.950000029,3.920833392,0.128412136,4.658593337469311,0.1601019496659248
2015-06-05,185.9083361,354.6708386,291.0833377,0.0060375,85629.58333,13.1000002,-0.929166681,4.454166733,0.128432529,109.60745552187616,0.4392346355553944
2015-06-06,244.3541703,345.9625052,291.0250043,0.006525,85607.5,4.100000061,0.425000006,5.529166749,0.128467485,110.92478612088895,0.4763415782536905
2015-06-07,317.2916714,311.3375046,292.6708377,0.004966667,85710.83333,0.0,1.320833353,3.233333382,0.12850308,43.16253226945024,0.3271663222498217
2015-06-08,296.1333377,334.3791716,295.0291711,0.005158333,85835.83333,0.0,1.166666684,0.90416668,0.128524049,21.681616503077645,0.2938615173174942
2015-06-09,169.4333359,383.9291724,296.6375044,0.006254167,85641.66667,0.0,1.020833349,2.250000034,0.128559004,11.08503464216654,0.3221359941156287
2015-06-10,285.8375043,378.1416723,295.2666711,0.012216666,85575.83333,1.300000019,2.429166703,1.087500016,0.128579976,15.2570851211409,0.6837821188124108
2015-06-11,342.6833384,337.9416717,295.7125044,0.010325,85432.08333,0.0,2.741666708,0.179166669,0.128614932,10.581638847537269,0.5613513465010762
2015-06-12,345.8875052,333.475005,296.4583378,0.007045833,85434.16667,0.0,3.12083338,0.591666675,0.1286359,10.17686212915794,0.3660058164577838
2015-06-13,343.9291718,334.3083383,297.5458378,0.006354167,85373.75,0.0,3.412500051,1.36250002,0.12867086,8.608583958574744,0.3087737797493415
2015-06-14,327.3708382,340.5833384,298.5875044,0.00605,85408.75,1.500000022,3.55416672,0.708333344,0.128691828,15.58726779252934,0.2762360480711583
2015-06-15,341.8541718,344.4541718,298.9875045,0.006191667,85583.33333,0.0,3.204166714,1.262500019,0.128726784,11.641369978440204,0.2765787504644006
2015-06-16,348.9250052,334.7916717,299.6125045,0.005233333,85717.08333,0.0,3.370833384,1.020833349,0.128846943,9.719872457246083,0.2255694732007111
2015-06-17,351.0291719,333.4958383,300.8583378,0.004966667,85785.41667,0.0,2.733333374,-2.316666701,0.128956156,8.765952382434524,0.1990100511182603
2015-06-18,351.0250052,328.2208382,300.7875045,0.004525,85785.0,0.0,3.033333379,-1.608333357,0.12907936,7.860017053029715,0.1820706259786343
2015-06-19,356.216672,320.2000048,300.5833378,0.004333333,85692.08333,0.0,2.933333377,1.058333349,0.129188573,7.022343058965468,0.1762808573551622
2015-06-20,359.9125054,304.1083379,299.7958378,0.003220833,85576.66667,0.0,3.225000048,1.700000025,0.129326397,6.304602673228722,0.1370958913340425
2015-06-21,349.5500052,334.2333383,300.2333378,0.0062875,85738.75,0.0,4.27916673,1.037500015,0.129436245,5.775881238679645,0.2612680648252347
2015-06-22,344.9708385,346.6750052,300.4541711,0.007366666,85863.33333,0.0,4.204166729,0.370833339,0.129559446,5.378083298333741,0.3025767990834413
2015-06-23,345.0333385,341.5000051,299.4250045,0.006004167,85829.16667,0.0,3.950000059,-0.329166672,0.129668659,5.048794388439428,0.2620416732260218
2015-06-24,343.3166718,355.3750053,300.3041711,0.004820833,85724.58333,0.400000006,2.616666706,0.820833346,0.129791863,6.290297756406808,0.1994516177192497
2015-06-25,324.7583382,359.716672,300.3750045,0.005954167,85766.66667,3.600000054,3.220833381,0.375000006,0.129901076,30.187186586966,0.2454310603510682
2015-06-26,335.425005,361.7333387,300.5625045,0.007533333,85751.25,0.0,3.991666726,1.125000017,0.130024276,14.63049901279743,0.3070466694653127
2015-06-27,337.850005,363.4708387,300.6791711,0.007629166,85860.0,0.100000001,2.629166706,0.670833343,0.130148112,12.065527345305007,0.3092098246617916
2015-06-28,323.8500048,367.4833388,299.0458378,0.007283333,85743.33333,6.400000095,0.233333337,1.687500025,0.130271949,74.19912615061286,0.3248167781588062
2015-06-29,333.525005,369.1958388,299.9833378,0.0091625,85814.16667,0.0,2.691666707,1.31250002,0.130381162,29.37069798517947,0.386758070436382
2015-06-30,337.425005,377.2791723,300.9791712,0.010270833,85846.25,0.0,3.937500059,0.762500011,0.130504365,14.311028596972664,0.4089142300534732
2015-07-01,317.8583381,381.2416723,300.4375045,0.011075,85792.91667,0.400000006,4.595833402,0.387500006,0.130628202,12.733726918611538,0.454967088517786
2015-07-02,319.7333381,380.445839,300.9500045,0.011579166,85800.0,0.0,4.429166733,0.666666677,0.130737415,9.700826683623326,0.4615467600223373
2015-07-03,306.9083379,381.3291723,300.1750045,0.009929166,85687.91667,0.0,4.329166731,0.570833342,0.130860615,8.023238477050466,0.4137747602597448
2015-07-04,291.666671,373.9333389,300.1375045,0.008970833,85622.5,0.200000003,3.558333386,0.854166679,0.130969828,7.698498692035266,0.3743839725655921
2015-07-05,296.0625044,380.383339,299.9083378,0.00985,85825.41667,0.0,3.59166672,-0.237500004,0.131093029,6.672978059412524,0.4176875343181362
2015-07-06,309.4583379,378.3791723,299.1083378,0.010958333,86009.16667,0.0,4.020833393,0.537500008,0.131216865,5.655491176820805,0.488400003760754
2015-07-07,302.2333378,365.2750054,299.4875045,0.009375,85849.58333,0.0,3.920833392,0.562500008,0.131340704,5.367531533000393,0.4077325261753186
2015-07-08,319.4500048,359.2833387,300.1125045,0.008245833,85701.25,0.0,3.479166719,2.416666703,0.131449918,5.482460964563523,0.344954412165684
2015-07-09,312.245838,358.4750053,300.1875045,0.009191666,85599.16667,0.0,2.575000038,5.462500081,0.131573118,4.98736788689491,0.3823612116129777
2015-07-10,312.133338,348.3416719,298.4458378,0.008645833,85770.41667,0.0,1.691666692,4.225000063,0.131682331,4.394745806216539,0.3998141405718519
2015-07-11,315.158338,369.9833388,298.2333378,0.009270833,85853.33333,0.0,1.500000022,2.887500043,0.131805531,4.548616371962794,0.4346442961517154
2015-07-12,316.358338,359.7583387,299.0625045,0.0075125,86035.0,0.0,1.633333358,1.433333355,0.131929367,4.931905162470634,0.3358420686035298
2015-07-13,298.8833378,370.5291722,300.5333378,0.00745,85980.0,0.0,1.225000018,0.633333343,0.132053207,5.280932985570989,0.304985191513173
2015-07-14,302.3791712,370.0708388,298.9708378,0.007991666,85762.91667,0.500000007,3.10833338,1.233333352,0.13216242,5.26245455701738,0.3580895216799309
2015-07-15,311.3250046,368.7708388,298.3625044,0.008358333,85777.5,3.600000054,2.925000044,1.55416669,0.132285621,26.324044270163,0.3884901347013684
2015-07-16,308.4416713,363.5208388,298.4583378,0.0080625,85872.5,0.600000009,2.766666708,0.583333342,0.132099221,16.467138398475033,0.3730025225095326
2015-07-17,298.0708378,360.2083387,299.4500045,0.007916666,85849.16667,0.900000013,3.408333384,1.12083335,0.13188471,18.35470159466831,0.3450756326540068
2015-07-18,265.9166706,370.2416722,298.2125044,0.0097625,85866.25,0.70000001,3.633333387,1.733333359,0.131684187,13.84420333768448,0.4583377755893717
2015-07-19,282.1291709,380.6166723,296.0583377,0.010345833,86116.25,0.500000007,3.366666717,1.025000015,0.131484299,10.054629988039778,0.5551102617695414
2015-07-20,299.5625045,376.7750056,296.8083378,0.0099375,86095.83333,0.0,3.316666716,0.350000005,0.131284411,7.436863781099296,0.5092500555977404
2015-07-21,312.695838,362.8500054,298.7833378,0.01015,85831.66667,0.0,2.71250004,-0.075000001,0.131084523,8.731444563797528,0.4602992529066111
2015-07-22,314.4125047,364.1416721,300.1541711,0.009391666,85712.91667,0.0,3.404166717,1.904166695,0.130870012,7.14117689460806,0.3919733982584162
2015-07-23,313.2125047,357.0250053,299.5625045,0.0080125,85874.16667,0.0,3.370833384,1.395833354,0.130669492,6.1903740701534,0.3470222384551243
2015-07-24,231.9125035,375.6583389,299.0666711,0.008666666,86127.5,0.0,3.433333384,0.020833334,0.130469604,4.511730376718814,0.3877584232657564
2015-07-25,293.4083377,365.1625054,300.2750045,0.007616666,85969.58333,0.0,3.170833381,0.295833338,0.130273763,5.149001544791204,0.3165698620627432
2015-07-26,259.4625039,358.4375053,300.0041711,0.004595833,85763.75,0.0,3.304166716,0.270833337,0.130062932,4.565820591672413,0.1936411591580881
2015-07-27,312.020838,355.1208386,300.9708378,0.0068,85689.16667,0.0,3.60416672,1.320833353,0.129866032,4.575249545154326,0.2703666760116353
2015-07-28,302.1250045,370.8416722,300.6000045,0.0091,85820.41667,0.300000004,3.520833386,0.416666673,0.129669792,4.696881821374789,0.3703795132389746
2015-07-29,223.3125033,379.020839,300.1416711,0.0088125,85880.41667,0.900000013,1.316666686,-0.279166671,0.129458916,7.078398681936629,0.3687929568975739
2015-07-30,298.2958378,366.9708388,297.7708378,0.008570833,86075.0,8.300000124,-0.404166673,0.045833334,0.129247405,69.14157313436728,0.4142441081828621
2015-07-31,277.5250041,365.1708388,298.2541711,0.0083125,86082.08333,0.0,1.079166683,1.045833349,0.129050522,37.43048883711558,0.390264041515156
2015-08-01,292.5083377,374.8916723,299.2125045,0.008595833,85973.33333,1.300000019,-1.412500021,0.016666667,0.128854256,34.61074971220884,0.3805724787305327
2015-08-02,294.3208377,380.1750057,300.2166711,0.009875,85780.83333,17.30000026,2.787500042,1.154166684,0.128657997,177.5453921598081,0.4109482954902363
2015-08-03,308.9375046,359.479172,300.7125045,0.008345833,85737.91667,0.0,3.516666719,0.829166679,0.128447114,58.74852415103929,0.3371116352246712
2015-08-04,311.0375046,345.5708385,300.7750045,0.006754166,85840.83333,0.0,2.983333378,0.162500002,0.128235631,22.4110977990769,0.2721420940150525
2015-08-05,310.183338,348.7250052,301.6666712,0.006525,85984.16667,0.0,3.254166715,0.412500006,0.128038723,13.088312814655763,0.2499019790942166
2015-08-06,300.8125045,363.1000054,302.0541712,0.0081875,85947.08333,0.0,3.562500053,0.737500011,0.127842505,8.534930138634564,0.3064150942686316
2015-08-07,240.2291702,378.0541723,300.6416711,0.009666666,85786.66667,8.000000119,2.679166707,2.562500038,0.12763161,88.77240486621218,0.3923223817101864
2015-08-08,272.8583374,384.4500057,297.4125044,0.0107125,85795.41667,1.600000024,2.400000036,2.095833365,0.127434719,49.27012179163365,0.527368458868557
2015-08-09,297.1750044,377.1291723,299.7333378,0.010575,85909.16667,0.0,2.2166667,1.10833335,0.127238467,24.704896506860727,0.4535589789593012
2015-08-10,255.2125038,375.5083389,299.6916711,0.009354166,85920.0,0.0,2.750000041,0.604166676,0.127027612,14.73659184266161,0.4022434695966675
2015-08-11,281.6750042,376.3375056,299.2541711,0.0094,85820.0,0.200000003,0.133333335,1.80833336,0.126830724,13.76334048141819,0.4144024349751428
2015-08-12,286.2041709,363.3208387,297.7208378,0.007641666,86044.16667,8.200000122,-0.754166678,2.220833366,0.126619828,89.95885431446688,0.3703192152269366
2015-08-13,300.4250045,348.9000052,299.4000045,0.0065625,86077.5,0.0,-1.762500026,1.008333348,0.126422925,38.21823292025245,0.2876660486426837
2015-08-14,245.5666703,359.891672,299.9291711,0.006083333,86074.58333,0.0,0.225000003,1.416666688,0.126226718,19.482023108038383,0.2583918673800117
2015-08-15,290.179171,369.7875055,301.4750045,0.007258333,86015.83333,0.0,1.358333354,-0.466666674,0.126015829,16.520161056471768,0.2812323199913167
2015-08-16,278.1708375,374.1125056,302.2625045,0.0080125,85948.75,1.300000019,3.38750005,0.491666674,0.125886582,19.12361579392896,0.2962478920555925
2015-08-17,284.5875042,377.6500056,301.8666712,0.009908333,85896.25,3.000000045,4.145833395,0.083333335,0.125775518,42.17994431371976,0.3746809714823663
2015-08-18,290.829171,369.8875055,300.2500045,0.0099,85683.75,0.0,4.454166733,1.595833357,0.125665064,14.849479756798146,0.4107109311939796
2015-08-19,293.554171,345.7291718,297.8625044,0.007745833,85662.08333,0.0,4.312500064,1.316666686,0.125540009,10.33972739008508,0.3705201104770667
2015-08-20,286.9125043,355.4375053,298.8625045,0.008866666,85664.16667,0.0,3.891666725,1.195833351,0.125414308,8.124889940662307,0.3994186446657761
2015-08-21,278.1791708,374.6625056,299.4041711,0.0112625,85756.25,0.0,3.529166719,2.579166705,0.125303243,6.329750449167214,0.4917251276119849
2015-08-22,281.0291709,378.0541723,299.7041711,0.011854166,85811.66667,0.0,3.583333387,1.958333363,0.125178178,5.666101633530362,0.5087263521841177
2015-08-23,261.7416706,366.6750055,299.2041711,0.010029166,85958.33333,0.800000012,4.141666728,0.42083334,0.125052484,7.295422718542248,0.4441753315051204
2015-08-24,274.8916708,364.0208388,298.4875044,0.009045833,85996.66667,0.0,2.44583337,-0.125000002,0.124941425,6.970744878150708,0.418367477966617
2015-08-25,234.7166702,375.4333389,297.7416711,0.008733333,85944.58333,6.000000089,-0.779166678,2.43333337,0.124816349,51.86073016857209,0.4222009407993856
2015-08-26,268.575004,374.0250056,296.5083378,0.009433333,86126.25,2.300000034,0.033333334,2.020833363,0.124705278,46.80125666096202,0.4924946074544805
2015-08-27,234.3625035,367.0458388,297.4916711,0.0089375,86109.58333,14.50000022,1.200000018,0.016666667,0.124594851,105.28943386694706,0.4394881268893806
2015-08-28,274.0541708,342.2375051,295.2500044,0.0073875,85897.5,0.0,-0.208333336,-1.062500016,0.124469774,59.9918923378715,0.4154676473027537
2015-08-29,269.7791707,346.0333385,298.1000044,0.006775,85827.08333,0.0,0.779166678,0.900000013,0.124344049,37.92788832731796,0.3200922013568049
2015-08-30,257.8625038,361.9166721,298.6583378,0.008141666,85837.5,0.0,2.737500041,1.445833355,0.124232966,22.705628119767606,0.3720222058305329
2015-08-31,243.4541703,369.0125055,298.6541711,0.0097,85780.0,0.0,2.508333371,1.945833362,0.124107986,11.821179713854397,0.4430418441920412
2015-09-01,265.962504,370.6875055,296.9291711,0.0101625,85901.25,4.300000064,2.2666667,1.841666694,0.123996948,46.55171372356765,0.5158024666232818
2015-09-02,269.9416707,359.3208387,297.1291711,0.009479166,85909.16667,0.0,2.387500036,1.945833362,0.123871876,20.352093516027168,0.4753594216919299
2015-09-03,275.5208374,345.1375051,296.5875044,0.0080375,85804.58333,0.0,2.291666701,2.287500034,0.123760777,11.705572156079675,0.4160428887060226
2015-09-04,269.450004,342.4958384,294.5958377,0.008416666,85617.5,0.0,2.541666705,2.104166698,0.123635725,6.899234723215992,0.4912301249231301
2015-09-05,257.3166705,351.0958386,294.5208377,0.009545833,85750.83333,0.0,1.641666691,2.2666667,0.123524678,6.481622373155783,0.5605950453662664
2015-09-06,264.1000039,357.7125053,295.2208377,0.009220833,85980.41667,0.0,1.104166683,1.13333335,0.123399601,6.966194884514143,0.520005923547484
2015-09-07,228.9708367,356.2958386,296.7625044,0.008370833,85943.75,0.0,1.75833336,-0.887500013,0.123288519,5.278281400588593,0.4294028991329419
2015-09-08,247.3875037,350.9125052,296.9000044,0.00775,85879.58333,0.0,1.075000016,-1.004166682,0.123163458,5.493034640033008,0.3939529490441622
2015-09-09,192.0666695,364.7125054,296.4250044,0.008558333,85841.25,0.0,2.833333376,1.516666689,0.123037797,3.7898051447856647,0.4476017116455471
2015-09-10,161.8250024,389.7250058,297.4041711,0.010095833,85803.75,0.300000004,3.308333383,0.704166677,0.122926695,3.995968475855218,0.4973093636405588
2015-09-11,268.325004,341.7458384,295.5000044,0.009129166,85782.08333,0.300000004,2.983333378,0.466666674,0.122801675,5.078556220471532,0.504909536873009
2015-09-12,265.3666706,342.6291718,296.4458378,0.008158333,85910.41667,0.0,2.2166667,0.808333345,0.122690609,5.30282597505631,0.4264834736679178
2015-09-13,225.91667,348.5625052,297.2541711,0.007508333,85633.75,0.100000001,2.570833372,1.016666682,0.122565556,4.8712989107316655,0.3724866930135407
2015-09-14,217.3416699,364.3916721,295.3750044,0.008841666,85611.25,1.900000028,2.737500041,2.337500035,0.122454485,9.297014858544165,0.4917969879449362
2015-09-15,231.6000035,355.3208386,295.2291711,0.010720833,85734.58333,9.500000142,2.612500039,4.583333402,0.12232942,96.7639140870789,0.6025602205354597
2015-09-16,260.5791705,355.266672,294.7708377,0.009958333,85817.91667,0.200000003,2.820833375,4.329166731,0.122315867,43.31073698171859,0.5763025273157327
2015-09-17,260.4833372,335.312505,294.2208377,0.009275,85789.58333,0.0,2.283333367,2.962500044,0.1223072,18.264441974290055,0.5551574530498979
2015-09-18,259.4250039,324.6625048,294.4291711,0.0072375,85745.41667,0.0,1.841666694,1.425000021,0.122298508,12.40783768132002,0.4274256597624827
2015-09-19,233.9916702,332.3958383,295.5708377,0.006170833,85651.25,0.0,2.983333378,1.570833357,0.122275192,10.34283937862175,0.3392930436484533
2015-09-20,251.8458371,337.3916717,295.4833377,0.0074125,85757.91667,0.0,1.945833362,0.850000013,0.122265873,8.922907223445039,0.410269559669669
2015-09-21,172.4625026,352.1791719,295.8208377,0.0083625,85573.75,2.900000043,0.925000014,2.366666702,0.122257208,17.83480611392858,0.4523945781459694
2015-09-22,147.6541689,371.6958389,290.7875043,0.010933333,85718.33333,4.500000067,-3.129166713,2.162500032,0.12224853,29.48711240842464,0.8113670395796183
2015-09-23,247.3416704,332.1791716,292.229171,0.009745833,85818.75,1.100000016,-1.55416669,0.025,0.122239857,34.309616663211294,0.6608915660760134
2015-09-24,250.0500037,315.8500047,294.2083377,0.00635,85715.83333,0.0,-1.075000016,-1.037500015,0.122231198,22.49704241629251,0.3800486197993969
2015-09-25,251.5166704,306.6666712,295.7000044,0.004908333,85890.41667,0.0,-3.879166724,0.22916667,0.122207888,15.140129774082624,0.2684944118655121
2015-09-26,246.5541703,319.3791714,294.8291711,0.0064875,85928.33333,0.0,-4.208333396,2.220833366,0.12219854,8.723492706247278,0.3745722550745766
2015-09-27,243.258337,314.7166714,295.1375044,0.0055,85743.75,0.0,-1.900000028,2.041666697,0.122192006,8.237398743115488,0.3109077628882928
2015-09-28,238.1875035,324.2416715,295.3458377,0.006433333,85756.25,0.0,2.937500044,0.837500012,0.122187028,6.402077504635246,0.3590884004872598
2015-09-29,236.6875035,327.0125049,295.1166711,0.006354167,85801.66667,0.0,2.041666697,0.162500002,0.122163957,5.593088924993283,0.3598967537482924
2015-09-30,238.0333369,321.2833381,296.2958377,0.005483333,85694.16667,0.0,0.033333334,1.354166687,0.122159805,5.207194982587963,0.2885520196760601
2015-10-01,239.3000036,324.3833382,297.2750044,0.00585,85808.33333,0.0,0.625000009,2.808333375,0.122145071,4.420068951497576,0.2904420870679202
2015-10-02,238.2541702,316.1791714,296.0500044,0.006054167,85607.08333,0.0,2.604166705,3.845833391,0.122142538,3.829599232800964,0.3230829625331887
2015-10-03,235.4625035,305.7458379,292.8333377,0.005479167,85122.91667,0.0,1.850000028,3.57916672,0.122125638,3.082635177565826,0.3548148024981627
2015-10-04,179.3750027,327.6375049,292.0833377,0.007279166,85133.75,0.900000013,-0.220833337,4.795833405,0.122116026,3.36523752378396,0.4942015521094038
2015-10-05,143.1458355,351.2541719,291.6625043,0.008704166,85458.33333,26.30000039,0.162500002,6.333333428,0.122104918,122.59151821100728,0.6091815434488498
2015-10-06,174.6041693,348.4250052,288.6708376,0.008120833,85928.33333,0.600000009,0.591666675,3.233333382,0.122090378,39.9858964901051,0.6921240855919493
2015-10-07,215.0000032,316.9458381,288.079171,0.007333333,85923.75,2.400000036,0.983333348,1.020833349,0.122073321,37.57126328596282,0.6494527469590526
2015-10-08,224.2875033,301.4666712,289.1333376,0.006529167,85857.08333,1.200000018,-0.304166671,-1.137500017,0.122071007,30.95209942263863,0.5396252200147506
2015-10-09,222.60417,306.7666712,291.1750043,0.006041667,85869.16667,0.0,-2.895833376,-0.858333346,0.122054521,24.7693728794635,0.4382079595513379
2015-10-10,220.3500033,315.0750047,292.291671,0.00705,86080.0,0.0,-3.420833384,0.870833346,0.1220425,14.261925146422398,0.4776514728929584
2015-10-11,217.4625032,318.3458381,292.4625044,0.006716666,86000.0,0.0,1.616666691,-0.250000004,0.122034007,9.968951826497896,0.4497840940440714
2015-10-12,199.3291696,314.2791713,293.9083377,0.006475,85962.5,0.0,1.404166688,-0.654166676,0.122025655,6.4367307643031,0.3959528411366486
2015-10-13,216.6500032,327.9875049,293.7833377,0.008029166,86117.91667,0.0,3.137500047,-0.062500001,0.1220173,4.742136722783734,0.4957185082910479
2015-10-14,215.3500032,308.2625046,293.216671,0.006704166,86014.16667,0.0,0.379166672,0.008333333,0.121994324,4.927380729153349,0.4282863233008165
2015-10-15,201.1791697,305.2750045,293.1083377,0.004916667,85807.08333,0.0,1.425000021,0.287500004,0.121992245,3.612665007923389,0.3154680365056749
2015-10-16,191.8583362,333.0041716,293.291671,0.005629167,85793.75,0.0,-2.47083337,2.104166698,0.121883171,3.0281486136969287,0.3570129385566376
2015-10-17,172.7541692,327.7208382,291.1333377,0.0062375,85820.41667,3.700000055,-4.362500065,2.525000038,0.121769404,16.51035543769638,0.4533534187418647
2015-10-18,178.1291693,331.6833383,290.216671,0.007241666,85790.83333,4.300000064,-0.854166679,3.537500053,0.121666701,38.83525173064192,0.5578271588408799
2015-10-19,187.1625028,334.3333383,288.9000043,0.008504166,85651.66667,13.6000002,1.112500017,3.766666723,0.12154966,92.56581519116388,0.7118242044865668
2015-10-20,153.9000023,313.883338,286.5458376,0.007479166,85347.08333,1.800000027,-0.066666668,3.645833388,0.121431974,43.61535395860796,0.7274207309277434
2015-10-21,145.8541688,308.1750046,284.8083376,0.005991667,85410.0,5.40000008,-0.354166672,1.508333356,0.121314285,41.32320630154752,0.6544412413283166
2015-10-22,175.3250026,287.7333376,285.1916709,0.005895833,85568.33333,0.0,0.912500014,1.000000015,0.121211222,32.39549406672189,0.6288766764019581
2015-10-23,188.3916695,287.4416709,286.2791709,0.00625,85653.75,1.000000015,1.266666686,-0.450000007,0.121094168,30.567730588011663,0.6208826443949855
2015-10-24,200.8833363,275.1208374,287.2000043,0.00475,85774.58333,0.0,-2.783333375,-1.441666688,0.120991106,32.1556337721197,0.4447591511711393
2015-10-25,190.9166695,286.2125043,287.6833376,0.005079167,85907.08333,0.0,-3.36250005,2.170833366,0.120874056,19.75657932741256,0.4614891823762655
2015-10-26,185.3666694,294.9666711,287.3541709,0.0047625,85802.08333,0.0,0.666666677,1.620833357,0.120756367,11.705497506108374,0.4415902726950961
2015-10-27,195.9250029,268.3416707,286.6500043,0.004075,85760.41667,0.0,1.825000027,0.341666672,0.120653304,7.408217673437951,0.395529285430481
2015-10-28,170.8708359,292.0875044,286.9791709,0.003716667,85720.83333,0.0,2.716666707,1.379166687,0.120536117,6.180696139304606,0.3528619020244288
2015-10-29,145.0500022,310.1291713,285.7125043,0.004783333,85224.16667,14.10000021,1.608333357,3.237500048,0.120424254,85.67635068779701,0.4908676863414153
2015-10-30,136.9958354,313.3541713,283.8208376,0.006054167,84936.66667,4.300000064,1.241666685,-0.500000007,0.120312701,38.89412997954732,0.7026443625283495
2015-10-31,188.8041695,259.0416705,283.9000042,0.004816667,85556.25,0.0,1.31250002,-1.77083336,0.120213914,36.8410457646264,0.5601047291065959
2015-11-01,184.9666694,258.4458372,285.0666709,0.004108333,85992.5,0.0,0.275000004,-0.91666668,0.12009213,21.478579993881528,0.4440701053393818
2015-11-02,183.9958361,258.8000039,286.6708376,0.0044375,85617.5,0.0,0.279166671,1.612500024,0.119983941,19.0545364918861,0.4294073005079802
2015-11-03,174.2041693,265.587504,284.7625042,0.004370833,85236.25,0.0,1.012500015,5.679166751,0.119861769,16.921164020031366,0.477895713712106
2015-11-04,129.9583353,306.8208379,282.0000042,0.0054,85348.33333,17.50000026,3.550000053,5.216666744,0.119753584,77.07860754017582,0.7125820089975565
2015-11-05,179.3416693,270.312504,280.4166708,0.004929167,85795.41667,6.800000101,1.875000028,0.629166676,0.119828501,49.49213608147351,0.7291176145831538
2015-11-06,178.3916693,236.1625035,281.3916709,0.003783333,85957.91667,0.0,-2.358333368,-1.425000021,0.119698063,35.35786227239335,0.5242186088985913
2015-11-07,176.770836,239.9791702,282.5750042,0.0033125,85912.91667,0.0,-3.779166723,-1.520833356,0.119516128,37.080196645733714,0.4230864207815672
2015-11-08,173.2625026,256.4208372,284.1250042,0.004133333,85814.16667,0.0,-3.516666719,1.979166696,0.119351355,22.562094997092785,0.4748524219922058
2015-11-09,171.8166692,255.6125038,284.2333376,0.0043625,85622.08333,0.0,-0.733333344,2.837500042,0.119215831,12.161039317688587,0.4964330244928244
2015-11-10,99.26666815,275.8541708,283.6333376,0.004841667,85553.75,0.0,1.983333363,4.337500065,0.119093659,5.8271959718210615,0.5732036467465803
2015-11-11,173.3875026,244.720837,281.0291709,0.00385,85987.91667,0.0,2.179166699,-1.187500018,0.11898547,5.113119765041031,0.5471195642351413
2015-11-12,171.7708359,218.4458366,280.3875042,0.0022125,85951.25,0.0,-2.900000043,-1.412500021,0.118863298,4.145446590309146,0.3285283065726293
2015-11-13,169.0416692,227.6208367,281.9291709,0.002170833,85732.08333,0.0,-3.645833388,-0.133333335,0.118755113,4.167353221322655,0.2891474962171118
2015-11-14,168.4166692,229.6708368,282.1625042,0.002329167,85657.91667,0.0,-1.029166682,2.679166707,0.118632937,3.293767524073393,0.3050653511385355
2015-11-15,54.42916748,298.4875044,281.6166709,0.005279167,85403.75,3.200000048,-0.062500001,3.37500005,0.118524752,4.3984119170010585,0.7156276430003347
2015-11-16,115.9666684,308.9375046,281.4291709,0.006054167,85015.41667,30.90000046,5.220833411,4.462500066,0.123896825,57.43805166309312,0.827533036515648
2015-11-17,161.7208357,247.808337,278.2875041,0.003575,85567.91667,0.400000006,3.583333387,-0.487500007,0.137363152,30.41546695590721,0.6119998674726148
2015-11-18,159.7333357,235.3958368,279.3875042,0.003116667,85670.83333,0.0,0.783333345,-1.512500023,0.131868527,16.246980090800243,0.4945031905533076
2015-11-19,161.1375024,231.8708368,281.5083375,0.002854167,85790.0,0.0,-2.450000037,-0.966666681,0.126427303,16.21502643905384,0.3915513052909827
2015-11-20,157.716669,248.7625037,284.5875042,0.00305,85815.83333,0.0,-1.533333356,0.045833334,0.122657557,10.79537597434445,0.3397001770146352
2015-11-21,158.5875024,241.3791703,284.2208376,0.00295,85946.25,0.0,-3.016666712,-1.866666694,0.120524951,10.025487257912737,0.3372506825727889
2015-11-22,156.9125023,243.2041703,284.1083376,0.003175,85877.91667,0.0,-3.937500059,0.0,0.119595882,6.890451374790505,0.3654356186359137
2015-11-23,154.2750023,244.6750036,282.4750042,0.003025,85660.0,0.0,-2.89166671,1.600000024,0.119145558,4.548031559397261,0.3878594861089628
2015-11-24,154.1833356,242.4416703,282.9000042,0.003454167,85556.25,0.0,-0.133333335,3.150000047,0.118929202,3.291125811405154,0.4297527549983048
2015-11-25,141.3666688,261.1833372,283.1333376,0.003775,85237.08333,0.0,1.125000017,4.841666739,0.118863522,2.989217735465368,0.4605733627194479
2015-11-26,85.59583461,320.1750048,282.0541709,0.005458333,85299.58333,0.0,2.48333337,4.89166674,0.11884108,1.7059121713410332,0.7172080802281585
2015-11-27,142.7208355,276.2333374,279.6208375,0.003945833,85353.75,0.0,1.858333361,4.600000069,0.11884534,1.821669449614809,0.6136717076540883
2015-11-28,150.7541689,222.51667,277.1416708,0.002854167,85496.25,0.0,0.245833337,1.012500015,0.118876939,1.0634990699766846,0.5294594936147754
2015-11-29,143.9375021,222.14167,276.9000041,0.002645833,85645.83333,0.0,1.083333349,1.800000027,0.118894551,0.9616822468803918,0.5002082284531424
2015-11-30,153.5625023,204.5041697,276.1666708,0.0022,85707.91667,0.0,0.766666678,0.220833337,0.118911528,0.9386501351210048,0.4386354413119828
2015-12-01,154.316669,205.8625031,276.6333375,0.001683333,85716.66667,0.0,-0.845833346,-1.262500019,0.118943123,1.1005906915723631,0.3246266859691659
2015-12-02,154.816669,202.4333363,277.2125041,0.001383333,85978.75,0.0,-2.562500038,-2.016666697,0.118975358,1.506807251746411,0.2567649903315707
2015-12-03,152.5625023,211.5333365,278.5916708,0.001329167,85947.91667,0.0,-3.533333386,0.100000001,0.11899297,1.7231588471938248,0.2237073588839597
2015-12-04,147.0541689,225.22917,279.8875042,0.0016,85905.83333,0.0,-2.595833372,2.429166703,0.119024569,1.6861716793711004,0.2458402766585744
2015-12-05,151.6000023,224.27917,279.7666708,0.001975,86230.0,0.0,-0.475000007,1.087500016,0.119056804,0.970998101331892,0.3071764158722617
2015-12-06,149.8333356,220.8708366,280.9166709,0.002045833,86549.58333,0.0,-3.433333384,-0.150000002,0.119074412,1.3498365310451823,0.2949086341733259
2015-12-07,153.0000023,225.8125034,281.5208375,0.002091667,86286.25,0.0,-3.433333384,0.320833338,0.119106011,1.3378889213313154,0.2883594417228858
2015-12-08,145.0625022,227.3416701,282.4500042,0.001995833,85990.83333,0.0,-1.258333352,-0.495833341,0.119123623,0.7717720162646103,0.2573278314754613
2015-12-09,144.1916688,245.383337,281.8375042,0.002375,85821.66667,0.0,-0.962500014,-0.820833346,0.119155222,0.8160054988578784,0.3186649599932034
2015-12-10,144.6708355,241.6958369,282.2958375,0.002895833,85658.75,0.0,0.095833335,1.054166682,0.119187457,0.646212623822118,0.3758536997169673
2015-12-11,103.5541682,265.0083373,281.0041709,0.0035,85120.41667,0.0,2.750000041,4.666666736,0.119205069,0.925146346167779,0.4932125313205295
2015-12-12,36.87916722,305.2916712,277.7791708,0.004825,84710.0,16.40000024,4.404166732,3.479166719,0.137535132,23.70277862133215,0.8475972121974732
2015-12-13,142.4333355,237.3375035,277.0000041,0.004141667,85436.66667,0.800000012,2.562500038,-0.354166672,0.184352085,18.231917500261893,0.7755438291756576
2015-12-14,95.8666681,252.9500038,274.8500041,0.003454167,84966.66667,4.70000007,1.612500024,4.145833395,0.215036684,27.32660889400064,0.7507606137030184
2015-12-15,143.5000021,224.6500033,272.7791707,0.0028875,85052.08333,0.800000012,2.529166704,1.200000018,0.420466207,12.040491385547767,0.7310141378457278
2015-12-16,145.4708355,208.0791698,273.9875041,0.002625,85467.91667,0.0,-1.050000016,-1.641666691,0.407421317,6.837826400957654,0.6110990910550462
2015-12-17,145.0000022,202.2458363,274.3750041,0.00255,85754.58333,0.0,-0.962500014,-1.320833353,0.374549909,4.698613412646536,0.5790294095954456
2015-12-18,141.9041688,222.8708367,275.5083374,0.0021125,85886.25,0.0,-3.741666722,-0.595833342,0.327990096,18.47665010291878,0.4425356151605155
2015-12-19,124.6375019,240.4416702,277.4166708,0.002179167,85709.58333,0.0,-3.404166717,2.100000031,0.26248586,16.217263986933098,0.3974087828456177
2015-12-20,141.1291688,267.575004,279.4458375,0.003691667,85620.41667,0.0,2.495833371,3.412500051,0.219310319,11.34669692149469,0.5830107422892017
2015-12-21,133.250002,246.9625037,278.0500041,0.004154167,85809.16667,0.0,-0.391666673,0.591666675,0.188880314,4.112915948645533,0.7252022035486924
2015-12-22,48.35000072,266.425004,277.1833375,0.0042,85053.33333,3.900000058,1.391666687,3.091666713,0.169364161,4.52625390489596,0.7727864521462171
2015-12-23,79.41250118,325.7416715,278.6666708,0.006054167,84736.66667,26.9000004,2.487500037,2.70000004,0.163617794,25.34274321832916,0.9993137083929534
2015-12-24,110.6666683,294.4083377,279.4291708,0.006120833,85005.0,8.500000127,0.725000011,2.779166708,0.140343529,25.8498819377975,0.9608089649160374
2015-12-25,106.2125016,283.0833376,278.4708375,0.005179167,85194.16667,0.0,3.670833388,4.083333394,0.130456308,23.81670933107701,0.8714178238786452
2015-12-26,144.5000022,206.5500031,274.7375041,0.002316667,85046.25,0.0,0.166666669,-4.637500069,0.12676352,26.97568181862995,0.5081290584074841
2015-12-27,143.7583355,209.2958365,275.0041708,0.002133333,85705.41667,0.0,-2.108333365,-4.162500062,0.125994697,19.93902247607196,0.4625120382543697
2015-12-28,140.7666688,220.96667,275.3541708,0.002595833,85402.91667,0.0,-1.558333357,1.12083335,0.124521427,8.654572995843303,0.5467770176558294
2015-12-29,140.8250021,231.5375035,274.9500041,0.002795833,85023.33333,0.0,0.579166675,1.458333355,0.123862594,6.708547443286873,0.603684496829844
2015-12-30,145.7416688,221.0583366,275.0958374,0.002825,87008.33333,0.0,-0.104166668,1.13333335,0.1242865,4.431912102734739,0.617664398651201
2015-12-31,146.8666689,208.2958364,277.5625041,0.002341667,86979.58333,0.0,-2.950000044,-0.179166669,0.1242865,4.398196067301288,0.4289101306127579
2016-01-01,136.400002,232.4500035,279.2291708,0.0032625,87026.25,0.0,-2.833333376,1.929166695,0.122118157,3.374668235191572,0.5316825143885722
2016-01-02,136.5958354,240.8625036,280.0750042,0.003958333,87240.41667,0.0,-3.35000005,0.887500013,0.121200561,2.4794738754899304,0.6096502834648598
2016-01-03,118.5666684,263.5083373,281.5958375,0.0033125,87160.0,0.0,-3.612500054,1.137500017,0.120474332,2.8129890031612383,0.4589214923948948
2016-01-04,84.37083459,297.2500044,281.5625042,0.003883333,86696.66667,3.200000048,-2.295833368,3.837500057,0.120033573,10.46766805263634,0.5363711039042389
2016-01-05,74.72500111,310.2666713,278.7875042,0.005704167,86608.75,7.100000106,0.65000001,3.679166721,0.119800079,14.984401913010077,0.9542117407907684
2016-01-06,85.15000127,313.308338,278.5500042,0.006091667,86481.25,28.00000042,2.179166699,5.150000077,0.11991118,19.551915634435414,1.0346558592955144
2016-01-07,89.241668,299.8666711,276.7166708,0.005083333,86475.83333,35.30000053,2.679166707,4.095833394,0.236476087,19.88992360643299,0.9831208102728692
2016-01-08,85.45833461,281.6916709,274.3541708,0.004508333,86232.5,11.90000018,3.300000049,1.875000028,0.618356368,0.6665243095445329,1.0309771733844109
2016-01-09,140.0875021,262.2541706,275.0000041,0.004233333,86945.83333,0.0,1.708333359,-0.337500005,0.61448111,3.619262407446713,0.9313617928719616
2016-01-10,90.56250135,243.5916703,275.3375041,0.003891667,87075.83333,0.0,-0.383333339,-0.304166671,0.58890086,0.0,0.8367909330553022
2016-01-11,147.9083355,225.0625034,275.5291708,0.0034375,87161.66667,0.0,-1.562500023,-2.44583337,0.570038292,4.149381119899959,0.7296985466909283
2016-01-12,148.7791689,214.7583365,277.1041708,0.002633333,87318.33333,0.0,-3.004166711,-1.708333359,0.544761947,10.407176073414186,0.5002378786257821
2016-01-13,150.9500022,215.3708365,278.6000042,0.002929167,87157.91667,0.0,-3.020833378,-0.758333345,0.450281271,8.728853874384768,0.4996454092365506
2016-01-14,149.0791689,218.9458366,278.9875042,0.003366667,86827.08333,0.0,-0.095833335,0.354166672,0.368359214,0.0,0.556742513214464
2016-01-15,108.3125016,244.270837,277.4875041,0.003525,86630.0,0.0,1.98750003,1.966666696,0.303724094,4.706488721401885,0.6464897679124413
2016-01-16,144.1833355,235.3083368,276.6916708,0.003783333,86909.16667,0.0,0.345833338,-0.800000012,0.250029162,3.6191697509478407,0.7366804398404095
2016-01-17,152.5250023,253.7416704,280.6416708,0.003825,87160.83333,0.0,-0.058333334,-1.333333353,0.206272693,5.575797791033278,0.5659156676890321
2016-01-18,129.6750019,247.5500037,281.7083375,0.003341667,87315.0,0.0,-2.829166709,-0.212500003,0.171216273,4.5702849755641575,0.4602224133252452
2016-01-19,150.0833356,238.7958369,281.3250042,0.003591667,87151.66667,0.0,-0.516666674,0.491666674,0.151572506,2.970244092785939,0.5068896735468567
2016-01-20,152.4166689,269.087504,282.1791709,0.004745833,87157.08333,0.0,1.10833335,0.270833337,0.139313992,3.623624387385562,0.6317507360183895
2016-01-21,157.1500023,226.6000034,280.8083375,0.003183333,87404.16667,0.0,-1.35000002,-2.145833365,0.130770355,2.4720475648811924,0.4668882722827847
2016-01-22,158.1125024,231.6666701,282.9291709,0.002129167,87409.58333,0.0,-3.437500051,-0.316666671,0.127126063,3.343738368374064,0.2701051535432808
2016-01-23,151.7416689,252.3458371,285.1958376,0.002308333,87010.41667,0.0,-2.558333371,1.354166687,0.124036171,3.244188863611944,0.2502974408193745
2016-01-24,159.4708357,250.8875037,282.1541709,0.002954167,86575.0,0.0,3.033333379,2.287500034,0.122257266,2.780293365445828,0.3912905689026481
2016-01-25,159.841669,229.0125034,279.3208375,0.003166667,86781.66667,0.0,1.075000016,-1.416666688,0.121523589,1.4706673970405206,0.5113271475256874
2016-01-26,165.0375025,213.5000032,279.2791708,0.001879167,87131.66667,0.0,-2.720833374,-2.937500044,0.121049308,2.245478212449569,0.3055446334554047
2016-01-27,163.8541691,225.0750034,280.4708375,0.001975,87494.58333,0.0,-2.845833376,-1.370833354,0.1208268,1.9775738505816105,0.2968106156702456
2016-01-28,159.9458357,235.0791702,282.8458375,0.002304167,87402.5,0.0,-2.612500039,-0.654166676,0.120496205,1.812182365627045,0.2939396463604137
2016-01-29,166.7666692,238.0125035,284.3416709,0.002775,87038.33333,0.0,-1.966666696,0.066666668,0.120271154,1.5058607630783587,0.3186808167473819
2016-01-30,164.3625024,247.308337,283.8750042,0.0029125,86723.33333,0.0,0.287500004,1.887500028,0.120141467,1.431324497368659,0.3438774444678639
2016-01-31,137.100002,279.7458375,283.7208376,0.0039875,86507.08333,0.0,1.762500026,4.158333395,0.120093163,1.8867928077490843,0.4745311883404914
2016-02-01,56.76250085,298.4166711,277.2958375,0.004425,85796.25,11.00000016,7.000000104,7.045833438,0.172877781,27.8994654729976,0.8147542702344239
2016-02-02,169.8000025,242.2625036,272.6041707,0.003133333,86515.41667,1.200000018,4.404166732,-0.616666676,0.325157966,16.368637322650684,0.817397446728813
2016-02-03,176.9541693,191.8250029,272.5541707,0.002329167,87160.0,0.0,-0.495833341,-1.866666694,0.311533154,7.598501755683635,0.6144077933718133
2016-02-04,175.0583359,202.087503,275.4166708,0.001995833,87592.08333,0.0,-3.054166712,-1.766666693,0.286649261,13.224187808690578,0.4292297390649887
2016-02-05,177.995836,214.0958365,278.1625041,0.002070833,87506.25,0.0,-3.283333382,-2.89166671,0.250921458,13.387301156407544,0.3657436272996406
2016-02-06,179.933336,217.7250032,280.0250042,0.0020375,87763.75,0.0,-4.145833395,-1.450000022,0.211263246,10.638851994592946,0.3167903206804486
2016-02-07,179.1500027,234.2750035,283.5416709,0.002216667,87482.91667,0.0,-4.179166729,-2.016666697,0.174188216,9.86647373985867,0.2700133587949155
2016-02-08,181.9250027,242.3291703,286.1041709,0.0024125,87516.66667,0.0,-4.258333397,-2.029166697,0.146687443,8.50964414778854,0.2477213271099999
2016-02-09,182.4083361,242.0916703,286.4833376,0.002508333,87517.08333,0.0,-4.05000006,-1.687500025,0.131632753,6.540139676178812,0.2511949130595502
2016-02-10,184.2625027,245.2750037,287.4291709,0.0026375,87542.91667,0.0,-3.733333389,-0.558333342,0.124763135,5.346367209953344,0.2482952349924406
2016-02-11,187.1958361,249.3291704,288.1333376,0.0029625,87445.83333,0.0,-2.658333373,-0.47083334,0.121978422,4.124928729421447,0.2660722323340461
2016-02-12,188.6583361,248.0166704,288.8375043,0.002666667,87437.91667,0.0,-2.950000044,-1.066666683,0.120965633,3.9390681955225206,0.2287860185475745
2016-02-13,187.9583361,254.6833371,289.266671,0.002470833,87265.41667,0.0,-2.970833378,0.520833341,0.120634406,3.641533817667469,0.2057824145689933
2016-02-14,190.7458362,248.2625037,287.741671,0.002920833,86983.33333,0.0,-0.841666679,-1.941666696,0.120544773,2.594330050795413,0.2676880774892715
2016-02-15,190.2666695,252.7000038,287.4375043,0.002983333,86957.5,0.0,-2.029166697,-3.116666713,0.120527623,3.0459489736086804,0.2788219086914358
2016-02-16,193.6958362,262.2333372,288.8500043,0.0035375,86948.75,0.0,-2.958333377,-1.970833363,0.120608524,2.924675954759091,0.3015570433390508
2016-02-17,193.4750029,264.8958373,290.591671,0.0031375,86804.16667,0.0,-3.000000045,2.070833364,0.12070649,3.07379922336251,0.2387469307818846
2016-02-18,153.6458356,282.7833375,289.6000043,0.003020833,86727.5,0.0,1.470833355,4.070833394,0.120804453,3.555165530504406,0.244728435394921
2016-02-19,126.5250019,303.7666712,289.1375043,0.003066667,87021.66667,0.0,2.083333364,2.533333371,0.120916406,2.8462240693232994,0.2568239660397108
2016-02-20,190.8458362,271.650004,288.579171,0.003008333,87101.66667,0.0,-0.404166673,-0.050000001,0.120999746,2.243651105786208,0.2614444156509661
2016-02-21,200.3083363,265.9916706,288.929171,0.003720833,86980.0,0.0,0.308333338,-0.22916667,0.121111064,2.140074332269906,0.3156790507922723
2016-02-22,203.8333364,249.4041704,287.2708376,0.003145833,86663.75,0.0,2.291666701,-0.312500005,0.121219936,2.2907209727495825,0.2962306227654125
2016-02-23,207.3916698,231.8875035,283.5000042,0.002333333,86660.0,0.0,0.670833343,-3.804166723,0.121314147,2.543149985052376,0.2823441383637208
2016-02-24,209.1291698,229.3500034,283.3416709,0.002245833,87216.25,0.0,-3.345833383,-1.404166688,0.121422321,2.410885314685138,0.2764425846764273
2016-02-25,209.9458365,242.8291703,286.3208376,0.0022,87179.16667,0.0,-3.550000053,-0.987500015,0.121516503,2.8101868947391813,0.2218317960828721
2016-02-26,211.1375031,253.1666704,288.4583376,0.0024625,87296.66667,0.0,-3.629166721,-0.183333336,0.121610083,2.9770130244884845,0.2161746124491581
2016-02-27,210.1000031,259.1083372,289.1625043,0.002741667,87118.33333,0.0,-1.887500028,0.745833344,0.121718329,2.321588122879644,0.2294906976142342
2016-02-28,213.4458365,254.8125038,288.5375043,0.002841667,86922.08333,0.0,0.970833348,0.100000001,0.121827225,1.8901363204242827,0.2471175899105495
2016-02-29,212.6458365,263.9125039,289.0875043,0.003258333,87031.25,0.0,1.458333355,0.087500001,0.121936069,2.089701857870577,0.2737877761187126
2016-03-01,208.3166698,272.9291707,289.5750043,0.003508333,87196.25,0.0,1.154166684,-0.308333338,0.122030204,2.042611870957015,0.2862185566403152
2016-03-02,226.6875034,267.8708373,289.891671,0.0035125,87128.33333,0.0,1.141666684,0.770833345,0.12213836,2.238348468230634,0.2805693421914837
2016-03-03,221.0375033,265.7833373,289.8958377,0.003258333,87090.83333,0.0,0.658333343,0.416666673,0.122232574,1.9874762307688645,0.2600855883986522
2016-03-04,228.6041701,257.7583372,290.2750043,0.0026625,86977.08333,0.0,0.279166671,1.937500029,0.122340802,2.3940161083035068,0.2071542637630367
2016-03-05,226.7750034,258.5500039,290.0333377,0.002304167,86840.41667,0.0,0.562500008,2.966666711,0.1224351,2.854215372084849,0.1817837776968449
2016-03-06,139.8833354,307.7916713,288.8500043,0.0029375,86726.66667,0.0,2.108333365,3.237500048,0.122543264,2.662930247152426,0.2497699662226108
2016-03-07,223.77917,264.3833373,283.9916709,0.003620833,86231.66667,0.0,3.316666716,2.2666667,0.122652218,2.365580221192718,0.4217619378060834
2016-03-08,210.4875031,267.675004,281.7583375,0.003158333,85933.75,0.0,1.625000024,-0.945833347,0.12274629,1.79887730722133,0.4266283572010388
2016-03-09,243.5541703,242.6083369,284.3833376,0.002745833,86471.25,0.0,0.212500003,-2.2416667,0.122854506,2.0987145680629773,0.3124026464361243
2016-03-10,244.9125036,255.4208371,288.116671,0.002408333,86894.16667,0.0,-1.287500019,-1.629166691,0.122948694,2.425764183366294,0.2151692437532361
2016-03-11,237.9416702,261.4375039,290.1083377,0.0024875,86960.0,0.0,-1.170833351,2.295833368,0.123056944,2.661905033653141,0.1955757694243781
2016-03-12,247.745837,259.4041705,284.5875042,0.003441667,86650.83333,0.0,4.695833403,3.287500049,0.123151223,2.9245286696099275,0.3870526997664069
2016-03-13,250.2291704,243.5750036,283.2208376,0.003379167,86934.58333,0.0,1.645833358,0.625000009,0.123262092,1.8551071357978175,0.4180059885088514
2016-03-14,236.9583369,264.9833373,285.6583376,0.003670833,86845.83333,0.0,2.283333367,2.033333364,0.123363255,2.2644584784825974,0.3852525347108109
2016-03-15,255.3791705,258.1916705,287.3166709,0.003595833,86931.66667,0.0,-0.129166669,-2.729166707,0.123463961,2.406686890991141,0.3386340008155024
2016-03-16,257.5750038,251.3333371,288.9958376,0.002133333,86887.08333,0.0,-2.033333364,-2.841666709,0.123530265,2.964387785492204,0.180023297558072
2016-03-17,260.0375039,250.8416704,289.341671,0.0022375,86680.83333,0.0,-1.241666685,-1.55416669,0.123609694,2.4649522894822216,0.184208329814207
2016-03-18,259.2208372,256.2000038,289.6750043,0.002341667,86608.33333,0.0,2.083333364,-0.020833334,0.123675138,2.535025657947857,0.1885348718786361
2016-03-19,262.0500039,263.6583373,289.904171,0.0028375,86842.5,0.0,1.458333355,-0.775000012,0.123739944,2.4727988057669394,0.2257274514267073
2016-03-20,264.4958373,258.6208372,290.5708377,0.002641667,87050.0,0.0,-2.270833367,-0.366666672,0.123804749,2.645093901226119,0.2018541501055925
2016-03-21,264.6416706,266.600004,291.3208377,0.003104167,87120.83333,0.0,-0.412500006,2.466666703,0.12388418,2.7536917424038405,0.226325285539243
2016-03-22,267.0583373,259.7041705,290.129171,0.0027875,86657.08333,0.0,4.275000064,4.454166733,0.123949621,3.853090470845385,0.2181081588412093
2016-03-23,273.7666707,229.5541701,284.1458376,0.0020375,86648.33333,0.0,2.729166707,-2.295833368,0.12401443,2.4080926130344795,0.2360202279078543
2016-03-24,275.5750041,228.2333367,284.6208376,0.001716667,87040.0,0.0,-1.058333349,-2.300000034,0.124093859,2.234926893313529,0.1934926748016148
2016-03-25,273.5000041,243.4416703,286.4333376,0.002216667,85970.83333,0.0,2.395833369,-1.283333352,0.124159299,2.433943247774695,0.2187843472319518
2016-03-26,274.6291708,252.0000038,288.3125043,0.0024375,86333.75,0.0,4.250000063,1.204166685,0.124238731,3.0461020889813546,0.2136330308803314
2016-03-27,275.6708374,248.2041704,287.3666709,0.002375,86862.08333,0.0,0.733333344,1.216666685,0.124304172,2.2493364959858675,0.2227538135824748
2016-03-28,267.3916707,268.8333373,288.679171,0.003441667,86642.5,0.0,2.2166667,4.462500066,0.124368981,3.029854890984047,0.2956053998833364
2016-03-29,174.7000026,287.2208376,283.6875042,0.0047375,86135.41667,0.600000009,4.766666738,6.554166764,0.124442051,2.244659741581652,0.5626254677623874
2016-03-30,177.620836,287.0708376,280.4916708,0.0029125,86335.83333,0.0,2.383333369,1.537500023,0.12456726,1.7749102385482571,0.4312825749517081
2016-03-31,192.1750029,292.216671,280.8875042,0.0029375,86408.75,0.0,0.950000014,-1.091666683,0.124670848,1.964378894927642,0.4236055876708088
2016-04-01,273.4791707,262.8833373,283.5708376,0.003141667,86732.91667,0.0,2.383333369,-0.295833338,0.124686697,2.511772795665371,0.3786610281337165
2016-04-02,295.6916711,250.8833371,286.4333376,0.002883333,87303.75,0.0,-1.79583336,-0.937500014,0.124737519,2.8601002479882216,0.2889963490442225
2016-04-03,297.8500044,259.8458372,288.491671,0.002895833,87207.91667,0.0,-2.616666706,0.454166673,0.12479851,3.2177968821745537,0.2534083424170955
2016-04-04,277.0291708,268.2458373,291.3333377,0.002608333,87147.08333,0.0,-0.841666679,0.391666673,0.124853146,3.243287966328985,0.1900804681225157
2016-04-05,288.6375043,268.112504,292.229171,0.002283333,87203.33333,0.0,0.44583334,-1.016666682,0.124917951,3.452185313169273,0.1573371935769157
2016-04-06,308.5666713,259.3500039,293.2583377,0.00205,87325.41667,0.0,-2.66250004,-2.970833378,0.124997379,4.345970473735268,0.1326120913436471
2016-04-07,226.86667,295.4875044,295.0500044,0.0017625,86920.83333,0.0,-1.525000023,0.65000001,0.125062824,3.2945569971408863,0.1015453790525577
2016-04-08,225.7500034,339.0916717,289.8208377,0.006979166,86739.58333,9.700000145,0.562500008,2.775000041,0.125139763,60.782484912656,0.5575188972064915
2016-04-09,281.4208375,310.9375046,287.5083376,0.0073375,86763.75,2.00000003,1.020833349,3.516666719,0.125207697,47.16812466431392,0.6810711980848233
2016-04-10,230.5541701,290.729171,286.2083376,0.005441667,86517.91667,5.500000082,2.750000041,3.733333389,0.125272502,69.80004601855241,0.5485965536508693
2016-04-11,276.9583375,321.0125048,283.6416709,0.006491667,86885.83333,2.400000036,0.21666667,1.516666689,0.125341656,53.12388793205019,0.7800744436841494
2016-04-12,301.2875045,292.229171,287.3625043,0.005845833,87008.75,0.0,1.804166694,-0.154166669,0.125411226,35.63274588770495,0.5493625902691625
2016-04-13,305.5541712,285.3875043,288.5875043,0.005754167,87124.58333,0.0,1.979166696,0.316666671,0.125480468,21.076385113757624,0.4999373116199488
2016-04-14,306.2083379,282.5500042,290.6083377,0.0047375,86729.58333,0.0,1.712500026,2.054166697,0.125549082,14.242120531043025,0.3598058029832869
2016-04-15,312.770838,275.7000041,289.341671,0.004620833,86058.33333,0.0,3.875000058,4.062500061,0.125618613,9.085826233552687,0.3776907486244467
2016-04-16,276.7500041,277.1833375,284.2458376,0.003354167,86213.33333,0.0,4.633333402,-1.812500027,0.125686117,6.542119999947771,0.3840025729701243
2016-04-17,273.1625041,299.3416711,285.8416709,0.0037125,86810.41667,0.0,-0.579166675,-3.179166714,0.125765122,6.258530373174108,0.3847602021599391
2016-04-18,317.2166714,264.0916706,287.5208376,0.003283333,87054.16667,0.0,0.079166668,-2.683333373,0.125843264,6.047663613327838,0.3055312479381852
2016-04-19,320.4833381,264.4833373,289.6875043,0.002883333,87026.66667,0.0,-0.537500008,-2.091666698,0.125918741,5.92347579640113,0.2330800719083808
2016-04-20,322.1791715,271.2666707,292.1458377,0.002891667,86865.41667,0.0,1.266666686,-0.47083334,0.12599422,6.053459614233429,0.1995283603969458
2016-04-21,320.9500048,275.6250041,293.816671,0.0027625,86787.91667,0.0,1.216666685,0.945833347,0.126055369,5.380652402506133,0.1715268072745021
2016-04-22,321.4458381,279.9541708,295.0208377,0.002625,86722.5,0.0,1.450000022,2.691666707,0.126139961,4.807123727090709,0.1511641688382576
2016-04-23,319.7000048,286.6750043,292.666671,0.004233333,86704.16667,0.0,3.529166719,4.333333398,0.12621171,4.464136029770731,0.2821654423918382
2016-04-24,327.0375049,259.5291705,289.741671,0.002820833,86561.66667,0.0,2.66250004,1.079166683,0.126285126,3.771584397323293,0.2260213967149193
2016-04-25,327.4791715,263.0916706,288.841671,0.003304167,86250.83333,0.0,5.041666742,5.675000085,0.126352744,4.35506460097391,0.2795561867188659
2016-04-26,325.4666715,251.2375037,284.4791709,0.002458333,86224.58333,0.0,4.837500072,2.329166701,0.126436927,3.401291806012447,0.2771093116501074
2016-04-27,319.8750048,265.5791706,286.4958376,0.0033875,86427.91667,0.0,2.320833368,1.437500021,0.126496689,3.32494822208828,0.334740523091019
2016-04-28,329.3000049,269.4333373,286.5416709,0.003558333,85982.08333,0.0,4.00000006,4.879166739,0.126578946,3.8112821361441194,0.3487527243961681
2016-04-29,194.5166696,308.4875046,285.1416709,0.004041667,86342.08333,0.0,4.295833397,1.704166692,0.126652882,2.553069164191781,0.4364526038132754
2016-04-30,265.8791706,316.4166714,287.591671,0.005191667,86282.91667,0.100000001,2.212500033,3.512500052,0.126726348,3.3437155306823447,0.4766198103515637
2016-05-01,193.1416695,319.2375048,285.6291709,0.005795833,86283.75,3.000000045,2.275000034,2.658333373,0.12679652,6.774314307013413,0.6055046647126362
2016-05-02,333.8666716,287.7458376,288.129171,0.004995833,86929.58333,0.0,-2.200000033,0.091666668,0.126874701,8.078476437660576,0.4461648133737174
2016-05-03,340.3791717,291.9958377,291.6500043,0.004679167,86884.58333,0.0,-1.287500019,-0.558333342,0.126952389,10.543461455380973,0.33321144452484
2016-05-04,343.2791718,296.5625044,295.4708377,0.004195833,86930.83333,0.0,-2.979166711,2.362500035,0.127021153,8.184800051929114,0.235589432421502
2016-05-05,318.9250048,309.7958379,296.7041711,0.003645833,86635.41667,0.0,1.450000022,3.187500047,0.127093204,7.393356838648607,0.189197366273928
2016-05-06,346.7208385,280.0583375,291.0750043,0.004066667,86379.16667,0.0,2.400000036,5.041666742,0.127168842,5.203920965332235,0.2986023776611101
2016-05-07,333.150005,287.0250043,286.0000043,0.0052375,86532.91667,4.70000007,1.98750003,3.258333382,0.127248644,26.876227230825545,0.5354309049133447
2016-05-08,292.6125044,301.6166712,286.8791709,0.0051,86449.16667,0.100000001,3.237500048,1.679166692,0.127314886,13.230205258972838,0.4915284051540305
2016-05-09,341.4291718,293.3333377,287.829171,0.005416667,86590.83333,0.0,3.066666712,0.829166679,0.127398964,10.102868274747376,0.4913727333780659
2016-05-10,347.4875052,289.4458376,290.8583377,0.004908333,86747.08333,0.0,3.004166711,1.841666694,0.127458639,8.10794557760202,0.3669616884603231
2016-05-11,348.7125052,293.8583377,293.254171,0.004208333,86950.0,0.0,2.43333337,1.029166682,0.127547567,9.533685590693812,0.2711323580728493
2016-05-12,347.5250052,301.4708378,295.7375044,0.004079167,87120.41667,0.0,0.895833347,0.554166675,0.12760877,10.672776792832586,0.225813350692931
2016-05-13,355.4750053,297.4041711,298.1250044,0.003333333,87110.41667,0.0,1.508333356,1.941666696,0.127683304,8.191727244097239,0.1596014486529685
2016-05-14,338.1041717,323.8125048,298.2250044,0.004066667,86880.83333,0.0,2.145833365,1.516666689,0.127758475,7.465386201266114,0.193035979123114
2016-05-15,345.7958385,313.733338,296.1916711,0.0052625,86503.75,0.0,2.279166701,4.529166734,0.127833656,6.05222786192881,0.2813307538061036
2016-05-16,356.2708386,287.1333376,292.591671,0.004433333,86372.91667,0.0,2.583333372,3.754166723,0.127872449,5.014301272026101,0.2957567201440532
2016-05-17,326.5125049,303.0875045,292.141671,0.004829167,86492.08333,0.0,1.216666685,2.133333365,0.127895035,4.6074294340794895,0.3318731286651165
2016-05-18,271.4708374,320.6500048,290.391671,0.006758333,86685.83333,3.800000057,1.400000021,0.762500011,0.127916991,19.15344162826901,0.5201728213889389
2016-05-19,347.0916718,310.9375046,290.9208377,0.0067375,86711.25,0.0,1.558333357,0.054166667,0.127953544,13.03367769225112,0.5015084051783312
2016-05-20,351.3791719,311.0791713,294.091671,0.005708333,86485.83333,0.0,2.366666702,4.516666734,0.127976137,7.524493721390302,0.3472183184614957
2016-05-21,356.5083386,293.0125044,293.1625044,0.004625,86585.41667,0.0,2.462500037,5.78333342,0.128012714,7.122164002677204,0.2984328454962379
2016-05-22,357.866672,283.6500042,291.291671,0.004066667,86713.75,0.0,2.541666705,4.320833398,0.128035292,5.592575733381871,0.2956624964119975
2016-05-23,360.0250054,283.3125042,291.7583377,0.003820833,86500.83333,0.0,2.262500034,2.941666711,0.128071903,5.196480563937733,0.2690365050615483
2016-05-24,362.3291721,277.1375041,291.591671,0.003254167,86526.25,0.0,2.866666709,3.587500053,0.12809457,4.463830982930114,0.2316326354139782
2016-05-25,363.0750054,275.4041708,291.7583377,0.003454167,86815.83333,0.0,1.750000026,3.291666716,0.128131199,4.071941192452997,0.2441041338852934
2016-05-26,363.0708387,273.6083374,289.8625043,0.0032875,86681.66667,0.0,3.38750005,2.612500039,0.128153823,3.410718420332346,0.2617401133898515
2016-05-27,359.804172,288.0208376,291.1458377,0.004025,86590.41667,0.0,3.208333381,0.587500009,0.128175791,3.42079324938229,0.2949351573390131
2016-05-28,347.0000052,296.0333377,294.154171,0.003575,86558.75,0.0,1.583333357,1.883333361,0.12821239,3.726274670165923,0.2167957438692087
2016-05-29,365.9125055,290.3833377,295.4250044,0.003308333,86810.0,0.0,1.083333349,3.379166717,0.128234997,3.5722093077227903,0.1860225059882465
2016-05-30,360.7375054,293.0625044,295.2750044,0.00285,86800.0,0.0,1.575000023,2.829166709,0.128271615,3.386478464712171,0.161717070283184
2016-05-31,335.1458383,296.2083377,295.4500044,0.0023875,86558.75,0.0,1.637500024,2.129166698,0.128294225,3.1315486950765683,0.1336515087391542
2016-06-01,346.0250052,320.0958381,296.9291711,0.004208333,86635.0,0.0,3.779166723,1.154166684,0.128330796,3.106950683891496,0.2154204108774025
2016-06-02,351.6541719,316.0375047,298.6416711,0.004629167,86867.5,0.0,3.750000056,0.600000009,0.128353408,3.327626605899336,0.21427549483121
2016-06-03,355.204172,314.6750047,301.7291712,0.003316667,86957.5,0.0,2.779166708,-1.300000019,0.128390004,3.8911439020085608,0.1279941375080578
2016-06-04,355.2125053,318.5750047,303.6291712,0.003129167,86877.08333,0.0,1.866666694,-1.162500017,0.128412149,4.25499049533372,0.108031226459638
2016-06-05,353.1166719,333.387505,304.2541712,0.003845833,86730.41667,0.0,2.150000032,1.308333353,0.128432529,4.522157178725443,0.1278639489509277
2016-06-06,353.7916719,322.8833381,304.0125045,0.003620833,86500.0,0.0,1.991666696,2.187500033,0.128467485,4.523469091756881,0.1217433989535421
2016-06-07,358.9125053,307.2791712,301.3958378,0.003154167,86599.16667,0.0,2.2416667,2.925000044,0.12850308,4.314294587821569,0.1236134543756086
2016-06-08,347.5125052,329.6291716,300.4583378,0.004970833,86688.33333,0.0,3.070833379,1.150000017,0.128524049,4.264398891112616,0.2060818550457652
2016-06-09,343.8875051,349.3333385,300.7583378,0.007191666,86738.75,0.0,4.71250007,0.612500009,0.128559004,4.291459889524684,0.2930890620450403
2016-06-10,328.8458382,358.2625053,299.7041711,0.008304166,86870.0,0.0,4.400000066,0.237500004,0.128579976,3.740650424934552,0.3607719275154465
2016-06-11,336.5458383,365.9333388,296.8083378,0.011079166,86925.83333,11.60000017,3.687500055,1.054166682,0.128614932,123.45437344234072,0.5732284565390807
2016-06-12,349.0791719,338.625005,298.1291711,0.008445833,87069.58333,0.0,2.337500035,2.900000043,0.1286359,39.87924157797077,0.4040993043087844
2016-06-13,351.5416719,317.7208381,297.8791711,0.004445833,87109.58333,0.0,2.71250004,2.979166711,0.12867086,17.601006912511657,0.2160417534735848
2016-06-14,354.941672,303.6833379,297.1458378,0.003475,86846.25,0.0,1.212500018,2.966666711,0.128691828,12.158839461731608,0.1759865484733788
2016-06-15,357.379172,296.1291711,298.0708378,0.002916667,86738.33333,0.0,2.2291667,3.408333384,0.128726784,8.666872813881882,0.1395088700304105
2016-06-16,358.5500053,300.4666711,297.8791711,0.003516667,86912.08333,0.0,2.362500035,2.766666708,0.128846943,6.733070789764997,0.1705022122826615
2016-06-17,359.366672,305.5875046,299.2625045,0.003470833,87113.75,0.0,2.175000032,1.616666691,0.128956156,6.114534853909898,0.1552424397380172
2016-06-18,357.3125053,308.1041713,301.3458378,0.0026625,87203.75,0.0,2.316666701,0.208333336,0.12907936,5.784815028420094,0.1053821120154317
2016-06-19,354.791672,338.5791717,305.3541712,0.003179167,87080.0,0.0,0.375000006,-2.645833373,0.129188573,5.893333448805898,0.099652402056031
2016-06-20,350.2250052,355.9375053,306.6333379,0.0047,86892.91667,0.0,-0.400000006,-1.258333352,0.129326397,6.039595155404481,0.1367215807984907
2016-06-21,344.6166718,371.4416722,305.1125045,0.006545833,87060.41667,0.0,2.887500043,1.850000028,0.129436245,4.66479199564732,0.2079825085579434
2016-06-22,343.1250051,372.8250056,304.1375045,0.006566667,86915.41667,0.0,3.687500055,1.570833357,0.129559446,4.220077938728684,0.2202621843214713
2016-06-23,328.1708382,366.2416721,303.4875045,0.006725,86985.0,0.0,2.779166708,2.300000034,0.129668659,3.7848879784546607,0.2343714884348381
2016-06-24,314.108338,391.7416725,302.6500045,0.007208333,86983.75,0.0,2.895833376,1.812500027,0.129791863,3.653913307482601,0.2637070852883867
2016-06-25,315.2541714,365.8916721,301.7583378,0.006633333,86843.33333,0.0,2.770833375,0.591666675,0.129901076,3.3466539035254,0.2552160165011156
2016-06-26,294.1000044,380.583339,302.0791712,0.007854166,86942.5,0.0,3.095833379,0.270833337,0.130024276,3.299998505437142,0.2969107047924165
2016-06-27,333.112505,374.0041722,302.2500045,0.008970833,87122.91667,0.0,0.862500013,0.170833336,0.130148112,4.617804756637248,0.3364568757005722
2016-06-28,326.6625049,385.5250057,302.9666712,0.0096875,87099.58333,0.0,0.120833335,0.862500013,0.130271949,4.831000599036269,0.3484096610670623
2016-06-29,317.1750047,387.9333391,301.8750045,0.011004166,87015.0,3.800000057,0.462500007,1.787500027,0.130381162,27.23648148904117,0.4213339332269048
2016-06-30,258.6458372,393.3541725,299.1875045,0.012745833,86949.16667,5.200000077,0.862500013,1.137500017,0.130504365,52.332168942310176,0.5715671803528364
2016-07-01,232.5375035,380.7791723,296.1750044,0.013908333,86981.25,3.700000055,-0.679166677,0.554166675,0.130628202,46.445548058433246,0.7483986697742622
2016-07-02,269.487504,376.9000056,296.5583378,0.013129166,87138.75,17.70000026,2.533333371,1.275000019,0.130737415,134.00513318278115,0.6913953798273441
2016-07-03,322.4125048,360.5958387,299.5208378,0.011125,87163.75,0.0,3.59166672,0.612500009,0.130860615,76.01929998831322,0.4902750927313803
2016-07-04,325.8625049,356.6083386,301.4458378,0.0088625,87111.66667,0.0,3.366666717,0.479166674,0.130969828,31.19182229072661,0.3483578693754858
2016-07-05,324.7250048,355.5208386,301.8166712,0.007395833,87035.0,0.0,3.275000049,1.483333355,0.131093029,15.534891447618412,0.2842091870101549
2016-07-06,324.5291715,346.5083385,300.6375045,0.0068625,86994.16667,0.0,3.883333391,2.508333371,0.131216865,8.857737853299792,0.2825048371116935
2016-07-07,320.9583381,367.1041721,300.2333378,0.0098875,86994.58333,0.0,3.462500052,2.225000033,0.131340704,6.03044991008617,0.4168788784481828
2016-07-08,310.5291713,362.7625054,301.4250045,0.0076875,87033.75,0.0,3.662500055,1.754166693,0.131449918,5.058963547268986,0.3022712033950877
2016-07-09,316.4291714,357.9625053,302.0833378,0.006541667,87102.08333,0.0,3.075000046,0.791666678,0.131573118,7.43471512466162,0.2476880025890059
2016-07-10,324.1750048,354.0166719,302.3916712,0.0068625,86919.16667,0.0,3.687500055,1.533333356,0.131682331,6.630716474508457,0.2546690179856739
2016-07-11,326.2666715,332.5583383,301.4541712,0.005029167,86672.91667,0.0,4.129166728,2.91666671,0.131805531,6.006280587615862,0.1965894403347318
2016-07-12,327.3708382,332.9208383,301.3833378,0.004558333,86770.41667,0.0,3.400000051,2.841666709,0.131929367,5.613814777800469,0.1791281027900285
2016-07-13,323.1125048,342.1875051,301.8875045,0.005158333,87005.41667,0.0,3.10833338,2.029166697,0.132053207,5.293646209435555,0.1973392076867797
2016-07-14,320.0666714,360.8958387,302.8958378,0.006620833,87099.16667,0.0,3.258333382,-0.075000001,0.13216242,5.178338456293572,0.2390968297690646
2016-07-15,320.8041714,358.4083387,303.6291712,0.0062375,86975.0,0.0,3.620833387,0.079166668,0.132285621,5.0041073568492775,0.2155858879279805
2016-07-16,318.4125047,365.7791721,302.6958378,0.007708333,86895.41667,0.0,3.366666717,0.754166678,0.132099221,4.5349275287408055,0.2809629531769416
2016-07-17,266.3208373,377.4750056,302.5125045,0.00855,86918.33333,0.0,3.845833391,0.533333341,0.13188471,3.8157566048121927,0.3150649297102328
2016-07-18,300.0916711,387.0125058,300.9833378,0.009945833,87143.75,0.0,2.616666706,0.025,0.131684187,3.899694989766042,0.4018612136895203
2016-07-19,290.7208377,385.0625057,301.0333378,0.011625,87243.75,0.0,2.745833374,0.991666681,0.131484299,3.400896069220077,0.468864866417138
2016-07-20,301.8250045,382.2750057,300.7041711,0.011970833,87230.83333,0.400000006,1.508333356,0.233333337,0.131284411,4.974463033276696,0.4921971024098789
2016-07-21,301.7875045,378.2041723,301.9750045,0.010579166,87080.41667,0.0,-0.800000012,0.233333337,0.131084523,5.679363170619538,0.4030029478874176
2016-07-22,289.1500043,383.6416724,303.6250045,0.010316666,87175.0,0.0,1.029166682,-0.941666681,0.130870012,4.876812203283025,0.357479465689439
2016-07-23,307.2583379,380.145839,303.6500045,0.0100375,86974.58333,0.0,1.816666694,-1.600000024,0.130669492,4.600227259096303,0.3465062708270537
2016-07-24,310.0375046,377.4291723,303.2458379,0.010095833,86889.58333,0.0,4.420833399,0.175000003,0.130469604,4.241376951063996,0.3564079329869282
2016-07-25,290.1958377,384.3958391,302.1291712,0.0108,87015.0,0.0,3.937500059,0.20416667,0.130273742,3.900451041682139,0.4074213736390508
2016-07-26,295.4166711,388.6000058,302.5708378,0.010908333,86942.91667,1.200000018,1.695833359,-0.508333341,0.130062893,8.47242192127857,0.4007199919244434
2016-07-27,295.1750044,391.9500058,303.3125045,0.011075,86901.66667,0.900000013,2.466666703,-0.629166676,0.129865981,10.712538037107656,0.3895237315884204
2016-07-28,302.6208378,385.7791724,303.0166712,0.010970833,86922.91667,0.0,2.966666711,0.308333338,0.129669744,8.197340025450776,0.3926241545185861
2016-07-29,302.8458378,387.0875058,303.5500045,0.010958333,86815.41667,0.0,3.391666717,0.791666678,0.129458858,7.0981556019356,0.3797883135393
2016-07-30,296.3041711,375.6166723,299.9458378,0.012504166,86845.83333,0.400000006,3.570833387,1.079166683,0.12924741,5.977988783896649,0.5353483455474328
2016-07-31,273.3750041,386.5625058,299.2041711,0.014283333,86855.41667,0.800000012,4.741666737,1.083333349,0.129050493,6.327165745718542,0.6391872430008602
2016-08-01,286.3666709,380.3500057,297.7250044,0.013529166,86951.66667,0.200000003,3.512500052,1.395833354,0.128854278,6.228491268575991,0.6623788769988107
2016-08-02,257.7166705,389.4875058,297.4208378,0.014779166,87149.16667,0.70000001,2.770833375,1.104166683,0.128658028,7.360519751339785,0.7386750424249231
2016-08-03,267.200004,386.1583391,296.2916711,0.014891666,87161.66667,1.300000019,2.800000042,1.016666682,0.128447114,10.863070628365431,0.797273783032503
2016-08-04,271.0708374,379.920839,296.7375044,0.0150875,86923.33333,0.300000004,3.075000046,0.020833334,0.12823562,7.05479573074863,0.7839636584286509
2016-08-05,237.9625035,383.1041724,297.6000044,0.014479166,86831.25,0.200000003,1.879166695,0.475000007,0.128038736,6.576025373722366,0.7132724551025691
2016-08-06,298.8041711,371.9125055,298.5416711,0.012691666,86827.08333,0.0,0.791666678,0.962500014,0.127842483,11.26285843761304,0.590731629174506
2016-08-07,298.6750045,373.5166722,301.2750045,0.0109375,86733.33333,0.0,1.116666683,1.045833349,0.127631593,9.475886638177167,0.4323674382582482
2016-08-08,299.2208378,378.7666723,301.7291712,0.0108,86675.0,0.0,3.054166712,1.654166691,0.127434731,6.8225307335157925,0.4154308736159
2016-08-09,265.2666706,371.8375055,300.2583378,0.010404166,86799.16667,0.0,3.875000058,1.937500029,0.127238484,5.088266549101178,0.4370299107570829
2016-08-10,263.4000039,381.6375057,297.7958378,0.013408333,86937.08333,0.0,3.675000055,1.254166685,0.127027586,3.876481647387016,0.6535533930907447
2016-08-11,277.8083375,383.5875057,298.2083378,0.013866666,87057.91667,0.300000004,3.541666719,1.254166685,0.12683069,4.442240284158219,0.6602239150293793
2016-08-12,276.9208375,374.5916722,298.8458378,0.0133625,87064.58333,1.500000022,3.512500052,-0.400000006,0.126619848,8.662989530938182,0.6123943451041826
2016-08-13,292.2458377,360.079172,300.1833378,0.010366666,86935.41667,0.100000001,2.054166697,-1.09583335,0.126422959,9.61978764918917,0.4380796662380185
2016-08-14,298.6500045,346.2500052,299.7083378,0.009591666,86975.83333,0.0,0.500000007,-0.370833339,0.126226684,11.16531333593758,0.4171113001248457
2016-08-15,297.5916711,354.6375053,301.0416712,0.009704166,87025.0,0.0,1.645833358,0.783333345,0.126015791,7.746171105676865,0.3902201148935171
2016-08-16,290.9708377,361.7916721,302.1583378,0.0088,86980.41667,0.0,1.158333351,-0.554166675,0.125886546,8.1079850964979,0.331276630086686
2016-08-17,285.5166709,371.1458389,300.6541711,0.008641666,87028.33333,0.0,-0.67500001,1.487500022,0.125775481,7.193773725875563,0.3555365691232599
2016-08-18,208.4708364,376.4958389,299.9583378,0.0087125,86947.5,0.0,-0.587500009,0.612500009,0.125665057,5.791898723140443,0.3731732406313684
2016-08-19,285.2708376,355.9500053,299.0916711,0.008633333,86830.83333,0.0,2.829166709,0.100000001,0.125540005,5.497069903339979,0.3888402483649683
2016-08-20,279.3333375,355.291672,298.2500044,0.009820833,86857.91667,0.0,3.941666725,0.825000012,0.125414323,4.669925816980265,0.465350976756554
2016-08-21,256.4708372,360.504172,296.9375044,0.009816666,86861.66667,1.100000016,3.095833379,0.70000001,0.125303275,6.174119569578707,0.5035652625686227
2016-08-22,282.8916709,349.4250052,297.1083378,0.009554166,86740.41667,0.0,2.491666704,0.950000014,0.125178193,6.090643879687249,0.4843679856587868
2016-08-23,252.2125038,358.0333387,295.9375044,0.010016666,87088.33333,2.300000034,3.170833381,1.479166689,0.125052483,12.143019973212876,0.5475474757262108
2016-08-24,272.0208374,349.6333385,296.5541711,0.009308333,86980.41667,0.0,3.333333383,-0.320833338,0.124941449,6.837942395689484,0.4894198902783485
2016-08-25,279.2833375,349.1583385,297.2416711,0.008966666,86878.75,0.0,3.379166717,0.362500005,0.124816397,8.075161623851105,0.4516434415212005
2016-08-26,258.2583372,357.7250053,296.7041711,0.009933333,86812.08333,0.400000006,2.837500042,0.645833343,0.124705307,7.646911331017183,0.5165329370886684
2016-08-27,246.533337,353.8875053,296.0875044,0.009604166,86799.58333,0.500000007,1.800000027,1.508333356,0.124594896,7.92844746891615,0.5184795339745472
2016-08-28,282.3416709,327.6625049,296.1375044,0.006858333,86915.41667,0.0,0.970833348,-1.291666686,0.124469814,7.992656740947884,0.3696090815110678
2016-08-29,282.8166709,337.087505,297.8791711,0.007158333,86892.08333,0.0,-2.054166697,-2.525000038,0.124344138,6.217934808657899,0.3469850149454752
2016-08-30,275.3333374,348.5333385,299.4166711,0.0081375,86847.08333,0.0,-2.570833372,-0.19166667,0.12423305,6.065349778749762,0.3595378187469121
2016-08-31,270.5958374,362.9541721,298.9750045,0.010104166,86822.5,0.0,-2.475000037,1.666666692,0.124107968,5.119681646695912,0.458225568200839
2016-09-01,249.8291704,377.320839,298.2666711,0.0122125,86850.83333,4.200000063,-0.679166677,2.612500039,0.123996875,27.05493079345198,0.5780512506821157
2016-09-02,203.337503,377.7000056,298.2416711,0.011770833,86792.91667,0.0,1.525000023,1.575000023,0.123871872,10.957318372433392,0.55761179856059
2016-09-03,278.8333375,370.9458389,299.4916711,0.009875,86557.5,0.0,1.929166695,3.045833379,0.123760819,12.368155236138517,0.4329123147538028
2016-09-04,289.0250043,313.5541713,298.2625044,0.004875,86346.25,0.0,2.2041667,4.645833403,0.123635739,8.792168223721195,0.2294640498566564
2016-09-05,284.7291709,307.8333379,298.0583378,0.00415,86254.16667,0.0,1.016666682,4.695833403,0.123524689,7.2324161138089,0.1975417525220503
2016-09-06,275.6833374,331.4875049,298.2416711,0.005216667,86472.08333,0.0,1.670833358,3.295833382,0.123399601,6.368837553124616,0.2462121669964216
2016-09-07,185.0166694,372.9166722,295.9125044,0.0114375,86819.16667,0.900000013,-0.575000009,2.337500035,0.123288571,5.667967537708099,0.6242374596910598
2016-09-08,265.9708373,361.4666721,294.8041711,0.0129875,86981.66667,0.0,0.825000012,2.333333368,0.12316347,5.490504990612045,0.7602306210443687
2016-09-09,272.2250041,354.0958386,297.8541711,0.011654166,86855.83333,0.0,2.87916671,-0.495833341,0.123037796,5.377612785286072,0.5655271240520887
2016-09-10,271.212504,342.3083384,299.5000045,0.007829166,86975.83333,0.0,1.470833355,0.454166673,0.12292673,6.322081004367961,0.3447122516624067
2016-09-11,268.1791707,350.2875052,299.4791711,0.008920833,87147.08333,0.300000004,2.166666699,1.841666694,0.122801672,5.579756443863029,0.3940394355955263
2016-09-12,251.9500038,344.0583385,297.6541711,0.008045833,86797.5,0.600000009,3.370833384,2.283333367,0.122690629,5.559914912030357,0.3949054188465258
2016-09-13,232.3791701,347.4458385,295.5125044,0.009720833,86711.25,2.600000039,2.387500036,4.720833404,0.122565581,13.508416874582291,0.5430395775354653
2016-09-14,260.6875039,345.4125051,295.3375044,0.010245833,86848.75,0.400000006,1.78333336,4.320833398,0.122454479,9.553666991519552,0.5794726037623791
2016-09-15,266.512504,315.3625047,295.5916711,0.006204167,86844.16667,0.0,1.045833349,1.266666686,0.1223294,10.838711464076605,0.3454350205206694
2016-09-16,270.1291707,287.6750043,294.8291711,0.0035375,86749.58333,0.0,1.358333354,1.029166682,0.122315851,7.776976107652175,0.2061985906128534
2016-09-17,266.587504,291.5875043,295.4125044,0.003379167,86835.83333,0.0,0.550000008,0.987500015,0.122307185,6.907090697532837,0.1902079661170884
2016-09-18,265.4083373,298.9666711,297.5333378,0.003541667,86937.08333,0.0,-0.395833339,-0.695833344,0.122298435,6.469124096468845,0.1753873891255265
2016-09-19,242.2500036,313.1291713,299.3041711,0.00345,87009.16667,0.0,2.437500036,0.408333339,0.122275157,4.970152338081636,0.1537428186504554
2016-09-20,167.0416692,371.4166722,297.4625044,0.006991666,87006.25,0.0,3.366666717,0.67500001,0.122265908,3.5341557132033348,0.3479980090917118
2016-09-21,238.5916702,364.1875054,296.8750044,0.010779166,86827.08333,0.0,1.316666686,2.316666701,0.122257226,3.5990508086622954,0.5548207293588576
2016-09-22,230.6125034,364.9416721,295.9583377,0.012241666,86526.25,0.0,2.550000038,3.625000054,0.122248544,2.559725179687496,0.6640080866858216
2016-09-23,251.1125037,336.1208383,292.304171,0.010404166,86456.25,1.000000015,4.566666735,3.437500051,0.122239866,3.0246260422684834,0.7074270317098245
2016-09-24,253.5041704,277.6083375,290.4458377,0.002941667,86777.5,0.0,0.91666668,-1.875000028,0.122231159,4.11757142694148,0.2258694814507137
2016-09-25,251.3458371,294.3416711,293.166671,0.004141667,86875.0,0.0,-3.012500045,-2.979166711,0.122207884,3.779795652392084,0.2680692367664613
2016-09-26,234.1750035,321.5208381,295.1875044,0.0054,87133.33333,0.0,-3.57916672,-0.041666667,0.122198514,3.809321208804288,0.3092485198309511
2016-09-27,187.8291695,358.9125053,291.9958377,0.008395833,86995.83333,1.100000016,-3.966666726,1.891666695,0.122189826,4.0315666338512415,0.5857066432943916
2016-09-28,235.2208368,338.187505,293.966671,0.0087625,86907.5,0.200000003,-3.125000047,3.054166712,0.122180423,4.628587369486439,0.5397657876119393
2016-09-29,191.1791695,354.641672,294.0250044,0.011091666,87201.25,7.900000118,0.595833342,2.625000039,0.122170941,46.00430074709939,0.6830707432478322
2016-09-30,214.2833365,344.2166718,294.7625044,0.010091666,87190.0,0.0,2.225000033,0.554166675,0.122158361,28.478461781136065,0.5936615925963117
2016-10-01,233.5125035,337.1958384,294.1833377,0.008179166,86983.33333,0.0,2.095833365,1.537500023,0.122144867,19.03495085633791,0.497534177588881
2016-10-02,161.2416691,328.8791716,293.516671,0.00765,86802.91667,2.300000034,1.354166687,3.441666718,0.122142504,21.307818225240958,0.4840399452041078
2016-10-03,232.8375035,320.1583381,290.904171,0.009608333,86508.33333,5.600000083,3.545833386,4.008333393,0.122126054,58.94108457635293,0.7142835616314576
2016-10-04,237.4833369,267.4958373,288.8833376,0.003170833,86343.75,0.0,2.125000032,1.995833363,0.122108966,30.7984203475198,0.2678413217761185
2016-10-05,234.3916702,276.6500041,289.9750043,0.003929167,86450.0,0.0,1.491666689,2.92916671,0.122106457,17.210758080425148,0.3097481487487861
2016-10-06,232.8416701,294.2791711,291.2625043,0.006170833,86550.0,0.0,1.125000017,1.620833357,0.122090491,10.350978064530372,0.4486259506013618
2016-10-07,230.6208368,289.404171,292.8833377,0.004829167,86759.58333,0.0,-2.320833368,-0.329166672,0.122073011,7.498609941942111,0.3177381149435295
2016-10-08,211.1625031,332.487505,295.1833377,0.007058333,86867.91667,0.0,-3.233333382,2.237500033,0.122070879,7.106217383523017,0.4030904206537425
2016-10-09,218.3500033,332.8666716,293.7250044,0.008983333,87011.25,0.800000012,0.145833336,1.429166688,0.122054448,9.091396510304458,0.5624202216199251
2016-10-10,219.3875033,322.7791715,294.9833377,0.007266666,87025.83333,0.0,0.600000009,2.466666703,0.122042503,6.470715492743842,0.4208962414285457
2016-10-11,220.2875033,311.3291713,294.9041711,0.005166667,86985.0,0.0,1.370833354,3.450000051,0.122034007,5.326911415815332,0.3005846418052781
2016-10-12,217.7125032,293.3250044,294.2875044,0.0041375,86920.0,0.0,0.837500012,2.158333365,0.122025655,4.329624153538672,0.249879323679558
2016-10-13,222.57917,280.7250042,293.3583377,0.003345833,86860.41667,0.0,1.341666687,0.750000011,0.1220173,3.726345108213514,0.2139450259560345
2016-10-14,218.5666699,285.2958376,293.7875044,0.003616667,86889.58333,0.0,-0.033333334,1.129166683,0.121994324,3.383141421271856,0.2252344490480234
2016-10-15,216.7375032,289.691671,294.6666711,0.003420833,86770.83333,0.0,1.483333355,2.179166699,0.121992245,3.039519297864866,0.2014588198013871
2016-10-16,211.9750032,291.3833377,294.0458377,0.003820833,86753.33333,0.0,1.883333361,2.862500043,0.121883171,2.663620004413038,0.2337913796757154
2016-10-17,210.3958365,293.9833377,293.1708377,0.00475,86559.16667,0.0,2.091666698,3.020833378,0.121769404,2.2759597825327527,0.3062460606693174
2016-10-18,205.7291697,302.6833378,292.5583377,0.005579167,86566.25,0.0,1.829166694,2.866666709,0.121666701,1.9939349280462733,0.3738126872580149
2016-10-19,209.2916698,289.2375043,292.816671,0.0045125,86767.91667,0.0,0.500000007,-0.116666668,0.12154966,2.259642941489393,0.298174766832924
2016-10-20,208.5625031,273.7750041,293.5000044,0.002366667,87032.91667,0.0,-3.779166723,-1.050000016,0.121431974,2.0326100137541383,0.1502994983716221
2016-10-21,204.2958364,299.6500045,294.0583377,0.004933333,87064.16667,0.0,-3.229166715,1.954166696,0.121314285,1.8115746115406617,0.3027101860963743
2016-10-22,199.9166696,308.6166713,295.2083377,0.005158333,86830.41667,0.0,-0.537500008,2.612500039,0.121211222,1.7738660235096098,0.2940044672724318
2016-10-23,190.5541695,318.8458381,295.3083377,0.005308333,86973.33333,0.0,2.579166705,2.158333365,0.121094168,1.7106046728913733,0.301193229654997
2016-10-24,178.9541693,320.3875048,294.6583377,0.005383333,87136.25,0.0,1.504166689,2.091666698,0.120991106,1.5340615502690136,0.3185330007230608
2016-10-25,193.4416695,337.5083384,293.4583377,0.008433333,87067.91667,3.900000058,1.520833356,2.083333364,0.120874056,12.615785491118146,0.5371838816145934
2016-10-26,192.3250029,314.408338,293.354171,0.007329166,86958.75,0.0,-0.625000009,1.087500016,0.120756367,6.979034557654932,0.4693068079173818
2016-10-27,183.1708361,316.9750047,295.2750044,0.0061,86854.58333,0.0,-2.337500035,1.975000029,0.120653304,6.169041900772875,0.3463489344993334
2016-10-28,173.4791693,332.3083383,296.5375044,0.005629167,86855.83333,0.0,-0.366666672,3.500000052,0.120536221,5.338668562228591,0.2958504441220872
2016-10-29,186.6291694,341.4750051,294.3666711,0.006220833,86947.5,0.0,1.54166669,2.008333363,0.120424253,4.330996688747566,0.3739794739558134
2016-10-30,181.833336,316.6333381,294.3625044,0.0057,87019.58333,0.0,0.900000013,3.620833387,0.120312673,3.157616541661242,0.3430410380273213
2016-10-31,180.3625027,313.558338,292.9000044,0.00645,86783.33333,0.0,2.070833364,3.570833387,0.120213913,2.390486621399867,0.4240549179202419
2016-11-01,169.9833359,308.5625046,289.7000043,0.007533333,86537.5,0.0,2.420833369,3.358333383,0.12009213,1.4779581610197725,0.6050630805951963
2016-11-02,179.8500027,281.3458375,288.529171,0.0051875,86627.91667,0.0,-0.520833341,0.483333341,0.119983941,1.9335688154402693,0.4498327228344003
2016-11-03,141.0083354,323.1166715,289.9125043,0.0066375,86970.41667,5.200000077,-4.462500066,-0.945833347,0.119861769,20.009427988128635,0.5285183937147133
2016-11-04,128.9041686,336.750005,288.1500043,0.008645833,87058.33333,17.20000026,-2.120833365,0.0125,0.119753584,50.36105373986769,0.7722330129549222
2016-11-05,172.7000026,290.454171,287.7750043,0.0080375,86974.16667,0.0,0.125000002,0.125000002,0.119646031,22.77511932684821,0.7349416078099097
2016-11-06,172.0125026,291.2958377,288.6250043,0.007258333,86903.75,0.0,0.925000014,-0.266666671,0.119538482,22.248293082603183,0.6274977414421162
2016-11-07,171.1958359,289.629171,289.829171,0.006929166,87076.25,0.0,0.079166668,-0.737500011,0.11941631,16.044375954776466,0.5553759813884497
2016-11-08,171.3583359,290.7625043,291.666671,0.005445833,87305.0,0.0,-3.466666718,-0.408333339,0.119308121,22.24259502273275,0.3892728366848875
2016-11-09,172.6583359,274.3541708,290.216671,0.0045875,87327.08333,0.0,-3.720833389,0.329166672,0.119200572,12.380325704414622,0.3597040358352906
2016-11-10,169.3458359,265.325004,287.6458376,0.004254167,87220.83333,0.0,-3.33750005,0.612500009,0.119093023,6.65021671315576,0.3934036539146033
2016-11-11,166.2208358,274.0166707,287.0625043,0.005383333,87255.0,0.0,-3.529166719,0.412500006,0.118970847,4.557180484317843,0.5174050098858837
2016-11-12,165.3583358,275.9000041,287.9833376,0.005125,87292.08333,0.0,-2.887500043,0.383333339,0.118862662,3.887449724679073,0.4639933096016306
2016-11-13,161.5750024,279.8333375,287.9833376,0.00505,87160.41667,0.0,-1.625000024,0.158333336,0.118755113,3.264797114510594,0.4565135430691803
2016-11-14,163.8208358,269.0666707,289.6625043,0.003504167,87203.75,0.0,-1.14583335,-1.937500029,0.118632937,3.025681450777624,0.2842992710149986
2016-11-15,162.2750024,277.8583375,291.3000043,0.0033,87137.08333,0.0,-1.720833359,-0.358333339,0.118524752,2.7969283922977883,0.2409666710586888
2016-11-16,147.8166689,283.6541709,290.7833377,0.003366667,86621.25,0.0,0.708333344,3.187500047,0.118551163,2.476486724723246,0.2525404544315557
2016-11-17,164.3291691,263.1041706,286.4833376,0.00305,86180.0,0.0,3.104166713,2.02500003,0.118568775,1.832933453176071,0.3007732038602602
2016-11-18,162.2916691,228.6166701,283.1375042,0.001470833,86897.91667,0.0,-2.537500038,-1.425000021,0.118600374,1.3458077473895538,0.1828956795760723
2016-11-19,158.2958357,258.7083372,287.479171,0.002366667,87287.08333,0.0,-4.25416673,2.02500003,0.118617982,1.6678749279381375,0.2214224070941536
2016-11-20,99.82500149,324.1708382,289.0583376,0.003483333,87047.91667,0.0,-1.920833362,3.366666717,0.118649581,1.4835356527900545,0.2933018054917546
2016-11-21,97.93750146,337.462505,285.4583376,0.0071375,86540.41667,13.90000021,1.020833349,4.562500068,0.118681816,50.983927486984285,0.7564251175695323
2016-11-22,153.366669,279.9041708,281.7500042,0.006241667,86702.08333,0.70000001,1.412500021,0.395833339,0.118699428,23.232995845510565,0.8511499372691204
2016-11-23,154.754169,250.4041704,283.9666709,0.004370833,86946.66667,0.0,-1.875000028,0.375000006,0.118731027,20.023497637164343,0.514208953672978
2016-11-24,149.9375022,244.3500036,284.6041709,0.003008333,87060.41667,0.0,-2.983333378,-2.412500036,0.118763262,25.76287785633261,0.339539781568788
2016-11-25,152.8083356,243.345837,285.2041709,0.0022375,87210.0,0.0,-3.862500058,0.212500003,0.118780871,17.61874947480369,0.2430384373302258
2016-11-26,139.4583354,263.8875039,285.5500043,0.003791667,87013.75,0.0,-2.804166708,3.491666719,0.11881247,9.436451915200117,0.4015814630746446
2016-11-27,86.11250128,293.3583377,280.8208375,0.004625,86325.0,1.200000018,5.870833421,6.162500092,0.118830082,6.503310658034122,0.6693794048245723
2016-11-28,92.27500138,280.3125042,276.8916708,0.00495,86080.83333,9.700000145,2.720833374,1.525000023,0.175040727,14.384675841120687,0.9411349059234824
2016-11-29,150.4375022,245.270837,276.8333375,0.003679167,86088.33333,0.200000003,1.529166689,-1.920833362,0.170878067,22.629579880859108,0.7024912582648909
2016-11-30,150.2958356,212.5916698,277.1666708,0.002225,86673.75,0.0,-2.87916671,-1.687500025,0.160821699,24.065796868654115,0.4176874139119884
2016-12-01,124.1250018,235.8416702,278.8875042,0.002229167,86445.41667,0.0,-2.191666699,0.570833342,0.15154289,14.5636900831783,0.369596797440635
2016-12-02,101.2875015,278.3166708,279.1291708,0.002366667,86192.5,0.0,-1.066666683,0.812500012,0.143248912,10.797776712645868,0.3846774727455255
2016-12-03,147.8750022,256.1958372,280.3916708,0.002879167,86332.91667,0.0,-2.320833368,-3.354166717,0.136958287,12.172621506122388,0.4292944178065259
2016-12-04,149.6583356,224.8375034,281.2500042,0.002025,86652.08333,0.0,-2.666666706,-2.179166699,0.130611076,7.890271771741653,0.285617903863921
2016-12-05,146.6666689,240.3083369,282.7875042,0.002245833,86448.33333,0.0,-2.150000032,0.508333341,0.126519623,5.641453148532346,0.2844951184995107
2016-12-06,129.4166686,259.8666705,281.2208375,0.002854167,86315.41667,0.0,-0.175000003,2.554166705,0.123687017,3.875861421849737,0.4018097897870943
2016-12-07,137.250002,265.600004,280.9375042,0.005229167,86449.58333,0.0,0.183333336,2.329166701,0.121743874,2.1104000442098974,0.7518371155824763
2016-12-08,142.7875021,278.1375041,280.6958375,0.004654167,87000.41667,0.0,-1.400000021,0.67500001,0.12066794,2.562267838196671,0.6847568735238488
2016-12-09,141.9750021,258.0416705,282.5041709,0.004541667,87294.58333,0.0,-2.991666711,0.333333338,0.120009715,1.726761521882652,0.5922581815009713
2016-12-10,143.0250021,257.2166705,284.0708376,0.004025,87061.25,0.0,-2.270833367,1.316666686,0.119622969,1.803148458685207,0.470837463978447
2016-12-11,139.5041687,271.162504,284.3958376,0.005091667,86794.58333,0.0,0.620833343,1.512500023,0.119418057,1.5253759712324486,0.5809750554575361
2016-12-12,138.4583354,272.6666707,284.3583376,0.005766667,86786.25,0.0,-0.766666678,1.762500026,0.119333304,1.176346190566241,0.6595879401265853
2016-12-13,138.8625021,277.4208375,284.5500042,0.0058125,86850.83333,0.0,0.287500004,1.166666684,0.119308318,1.219977059549432,0.6568342840696938
2016-12-14,140.5958354,271.787504,285.7541709,0.0057375,87002.91667,0.0,-0.787500012,1.087500016,0.119312579,1.0345990460371526,0.5994147208314561
2016-12-15,134.150002,267.3416707,287.3333376,0.0042375,86950.41667,0.0,-1.608333357,1.500000022,0.119329555,1.0719055304127605,0.3987130403996131
2016-12-16,58.09166753,339.3291717,284.7333376,0.0065875,86446.66667,16.20000024,1.500000022,4.558333401,0.119315034,49.54078036803266,0.7319143916639436
2016-12-17,139.6458354,282.5416709,279.8916708,0.005741667,85969.16667,6.300000094,5.762500086,3.687500055,0.119337761,46.72680505224698,0.8826027021977234
2016-12-18,147.5625022,210.0083365,277.1083375,0.003025,86897.5,0.0,-1.583333357,-0.86666668,0.119351587,15.664429483521806,0.5717013429181077
2016-12-19,142.7458355,224.64167,279.7666708,0.002475,87327.08333,0.0,-4.71250007,-1.745833359,0.119346975,38.40564003179645,0.3898401282003951
2016-12-20,135.9708354,255.6625038,283.4250042,0.003495833,87544.58333,0.0,-3.666666721,-0.100000001,0.119342363,21.71830787795034,0.4295004802102861
2016-12-21,55.04166749,334.500005,285.8500043,0.0047625,87192.08333,1.700000025,-1.454166688,2.087500031,0.119351099,17.409271533215296,0.4954776455993574
2016-12-22,53.56666746,355.8833386,284.7208376,0.008833333,86748.33333,38.30000057,-0.45833334,3.862500058,0.119333135,22.664027674034458,0.9856895076424372
2016-12-23,131.1708353,289.416671,281.1750042,0.007325,86739.16667,3.000000045,0.44583334,2.466666703,0.119343146,20.11762215356123,1.0395499249440263
2016-12-24,66.72916766,290.504171,280.7833375,0.0061125,86218.75,2.200000033,-0.850000013,5.991666756,0.119353793,17.08869411231199,0.8858678434016469
2016-12-25,48.79583406,285.7166709,273.8250041,0.004308333,86178.33333,9.300000139,4.212500063,4.354166732,0.452971796,0.3855543890765887,1.023402742555342
2016-12-26,126.9791686,246.170837,275.3000041,0.003525,87022.08333,0.0,-2.90416671,0.179166669,0.594816702,6.76962255975907,0.7595370106653373
2016-12-27,137.2333354,261.7208372,280.9083375,0.004116667,87319.58333,0.0,-3.495833385,-0.66250001,0.508490577,19.86928600734721,0.5990448573932647
2016-12-28,130.6500019,256.8333372,283.8208376,0.004504167,87276.66667,0.0,-3.412500051,-0.566666675,0.384843997,18.435217589669563,0.5371537251833343
2016-12-29,130.3083353,261.1583372,285.0166709,0.003708333,87365.41667,0.0,-3.470833385,-1.087500016,0.293245325,21.65091478319961,0.4085938805680322
2016-12-30,82.26250123,284.9250042,283.0708376,0.0050625,87104.58333,0.0,-3.008333378,1.666666692,0.216754762,8.303285148029733,0.6338672431566168
2016-12-31,59.62500089,329.0541716,281.5250042,0.007033333,86316.25,17.80000027,0.025,3.050000045,0.164395337,18.32421428213184,0.9696825738990354
2017-01-01,60.73333424,322.4708381,279.8041708,0.006483333,86022.5,15.60000023,-0.945833347,2.570833372,0.138847512,16.81779750782244,1.0033189342178508
2017-01-02,91.84166804,310.033338,277.5166708,0.005370833,86490.0,4.200000063,0.591666675,3.55416672,0.128863652,26.63920796664595,0.98139335814731
2017-01-03,120.3083351,269.5958374,278.4833375,0.004591667,86875.41667,0.0,-0.233333337,2.212500033,0.125147972,20.942507525078145,0.7871217615793582
2017-01-04,137.0291687,274.2333374,280.9958375,0.004579167,86844.58333,0.0,-0.533333341,1.10833335,0.122406315,20.107253345513293,0.6587353670659843
2017-01-05,101.3208348,281.4375042,281.2875042,0.005195833,86461.25,0.0,-0.195833336,2.358333368,0.120891719,13.070943722792304,0.7293534788485401
2017-01-06,140.0916688,287.2000043,280.8458375,0.005941667,86305.83333,11.20000017,0.758333345,0.404166673,0.119950598,32.72724119724799,0.8582684048009938
2017-01-07,91.20833469,250.8458371,279.6625042,0.00315,87185.0,0.0,-3.308333383,-0.141666669,0.119675143,25.35550982151172,0.4989601803762574
2017-01-08,137.3583354,282.6708375,283.9875042,0.004058333,87536.25,0.0,-3.33750005,0.850000013,0.119562448,36.54134536372637,0.480009072855205
2017-01-09,112.533335,292.9708377,286.2500043,0.0055,87255.83333,0.0,-0.625000009,2.437500036,0.119475184,16.48621154270868,0.557669407210862
2017-01-10,134.9583353,271.8875041,282.9083375,0.005354167,86794.58333,1.000000015,1.041666682,2.062500031,0.119441326,12.928425141054904,0.6754023096096078
2017-01-11,139.4333354,274.6958374,283.2875042,0.003579167,86541.25,0.0,1.420833355,2.975000044,0.119423999,14.809763944754833,0.4387592039300159
2017-01-12,98.55000147,278.4583375,281.6375042,0.004466667,86520.0,0.0,0.145833336,2.933333377,0.119419387,5.428138966463592,0.612525876556847
2017-01-13,123.9291685,297.3333378,283.6083376,0.003683333,86618.33333,0.0,-0.954166681,2.683333373,0.119414775,7.234102379046492,0.4422402692178042
2017-01-14,99.57916815,327.8333382,284.9000042,0.005325,86696.25,3.700000055,-2.020833363,1.220833352,0.119424786,18.2884775757336,0.5867796456605249
2017-01-15,57.18333419,310.2500046,280.7000042,0.006675,86366.66667,4.900000073,1.858333361,2.00000003,0.119435433,6.998274623564814,0.9746428499741826
2017-01-16,55.64583416,330.8000049,279.6750042,0.006525,86552.91667,5.600000083,1.787500027,1.254166685,0.119458432,15.520397533248618,1.0251738058085744
2017-01-17,100.5333348,300.0208378,279.9625042,0.005383333,86673.75,0.0,-1.429166688,-0.187500003,0.119496595,20.08742088344372,0.8302030238459749
2017-01-18,103.4125015,274.9541708,280.2875042,0.0050875,86832.5,0.0,-0.341666672,0.266666671,0.119535391,9.339967713854405,0.7684820045501237
2017-01-19,60.7125009,293.941671,278.6458375,0.00515,86519.58333,1.200000018,1.487500022,2.654166706,0.119574189,9.4157508495245,0.8692275687303871
2017-01-20,82.4416679,311.558338,277.5833375,0.005658333,85951.66667,11.10000017,2.275000034,4.062500061,0.125177996,20.81483952583067,1.0226455521038615
2017-01-21,112.4791683,304.2375045,276.6833375,0.005425,85360.83333,42.10000063,6.075000091,5.59166675,0.276060729,18.347314163889077,1.0381398894638982
2017-01-22,91.8958347,261.9666706,276.5208375,0.004275,86749.16667,0.400000006,-0.145833336,1.479166689,0.355741506,4.283745328039115,0.8410917926828138
2017-01-23,76.45833447,323.3583382,279.1750042,0.004791667,86527.5,13.6000002,0.625000009,3.36250005,0.294687289,35.32960224235118,0.7793596751082815
2017-01-24,101.4375015,280.8958375,275.8250041,0.004879167,85957.5,6.600000098,4.816666738,2.650000039,0.324011518,12.769815931031202,0.99988443569181
2017-01-25,146.0208355,268.7583373,274.4000041,0.003566667,86708.33333,0.0,1.333333353,-0.379166672,0.357795765,17.42316345632014,0.8174023332344299
2017-01-26,166.0666691,219.3333366,274.8541708,0.003179167,87135.41667,0.0,-1.745833359,-2.137500032,0.31819477,14.099309053288907,0.7084127435549626
2017-01-27,169.7875025,201.000003,274.4958374,0.0021375,87159.16667,0.0,-3.291666716,-3.912500058,0.276252189,23.62439770963007,0.4889927938892878
2017-01-28,171.8500026,203.4416697,275.8583374,0.001975,87675.0,0.0,-3.258333382,-2.795833375,0.252824874,16.880748699024082,0.4118336767093627
2017-01-29,170.0875025,229.4083368,280.2375042,0.002295833,87609.58333,0.0,-3.633333387,-1.925000029,0.212068029,15.521481528369325,0.3511111655783464
2017-01-30,172.1291692,234.7541702,282.3541709,0.0029,87360.41667,0.0,-4.162500062,-0.912500014,0.176101168,10.79168356782766,0.3823481502030324
2017-01-31,173.9250026,239.2666702,283.6041709,0.003395833,87086.66667,0.0,-3.10833338,-0.179166669,0.150108473,7.128691486481829,0.4100412698677113
2017-02-01,174.9125026,235.6125035,283.8541709,0.0035875,86985.0,0.0,-2.150000032,0.200000003,0.135260416,4.790707462734257,0.4254487798656171
2017-02-02,168.9458359,240.6708369,284.2458376,0.002875,86985.0,0.0,-2.766666708,0.804166679,0.127638663,4.347507314633446,0.33209109675267
2017-02-03,163.8791691,254.0791705,284.2750042,0.003558333,86902.08333,0.0,-2.429166703,1.183333351,0.12400963,3.3002824041978944,0.4098280013047112
2017-02-04,177.695836,241.7458369,284.1916709,0.003295833,86837.5,0.0,-2.166666699,0.887500013,0.122076863,2.730109827782877,0.3814406189676024
2017-02-05,176.0875026,240.8250036,284.6208376,0.002879167,86771.66667,0.0,-3.104166713,0.720833344,0.12113592,2.5449314650753694,0.3235224199501843
2017-02-06,156.7500023,274.0125041,284.5166709,0.003708333,86613.75,0.0,0.950000014,2.504166704,0.120690253,2.103629200104085,0.4188455443751844
2017-02-07,140.6208354,309.1958379,282.4208375,0.0062375,86772.08333,0.0,2.020833363,2.191666699,0.120495716,1.269105607751329,0.813137241114934
2017-02-08,175.3541693,283.5791709,284.5250042,0.006775,86952.5,0.0,-0.237500004,-0.66250001,0.120367939,1.9217802527947527,0.7677809142470089
2017-02-09,177.1250026,282.0666709,288.191671,0.006375,87030.41667,0.0,-2.275000034,-0.125000002,0.120324719,1.5157451654270866,0.5676824222193256
2017-02-10,178.1166693,282.1208375,290.1500043,0.005504167,86938.75,0.0,-1.495833356,1.562500023,0.120336179,1.598257575258558,0.431497812367815
2017-02-11,173.9458359,290.3625043,289.5750043,0.005895833,86797.5,0.0,1.666666692,3.379166717,0.120360355,1.6486964826321515,0.4787971548199176
2017-02-12,149.5041689,318.4291714,287.0500043,0.0057625,86739.58333,0.0,-0.516666674,0.145833336,0.120398514,1.5444373169258905,0.5510278903971108
2017-02-13,108.0083349,302.9416712,283.9250042,0.006695833,86652.5,4.70000007,-2.841666709,0.154166669,0.120437313,6.596547496218531,0.7872738328304753
2017-02-14,171.4250026,288.9000043,283.4208376,0.005995833,86707.5,2.00000003,-0.437500007,-1.054166682,0.120462121,15.25988829458844,0.729813960138762
2017-02-15,190.2291695,258.1708372,282.9083375,0.005079167,86938.33333,0.0,-3.80833339,-0.566666675,0.120499648,9.952864564179206,0.6417735415398688
2017-02-16,194.9500029,244.608337,283.0000042,0.004008333,86784.16667,0.0,-3.045833379,-0.283333338,0.120605179,7.670201953521113,0.502437298540627
2017-02-17,158.7833357,284.5375042,283.8041709,0.004066667,86357.08333,0.0,-0.025,3.220833381,0.120713615,6.010784693797524,0.4804078662364758
2017-02-18,128.1541686,318.9958381,283.5791709,0.005583333,85780.83333,2.400000036,-0.683333344,5.625000084,0.12082205,11.677492446456034,0.6651905078405079
2017-02-19,53.02083412,320.5333381,279.0666708,0.006204167,85953.33333,20.80000031,0.058333334,3.616666721,0.180140942,13.153930299740209,1.0100356059070634
2017-02-20,190.9666695,300.1750045,280.7041708,0.006704166,86963.33333,1.000000015,0.25416667,1.166666684,0.205116753,36.27430404797013,0.9853805481965991
2017-02-21,196.8083363,279.7750042,285.1416709,0.006929166,87427.91667,0.0,-0.787500012,-1.112500017,0.155927217,29.456841145674588,0.757678794000592
2017-02-22,185.3125028,286.9708376,286.7708376,0.006933333,86927.08333,0.0,0.025,1.166666684,0.132246388,23.153063339696534,0.676718452835621
2017-02-23,206.9958364,245.533337,281.6833375,0.0042375,86145.0,0.0,4.375000065,2.516666704,0.124604206,20.534022607118416,0.576765935079999
2017-02-24,210.5708365,212.3333365,277.0500041,0.002775,86466.25,0.0,2.512500037,0.525000008,0.12325277,9.487149884222326,0.5240223462514239
2017-02-25,210.5458365,215.9875032,278.1375041,0.002525,86748.33333,0.0,0.158333336,0.679166677,0.122633086,7.702648229097507,0.4428751119191969
2017-02-26,84.52083459,292.079171,280.0708375,0.002645833,86341.25,0.0,0.387500006,2.066666697,0.122298852,4.377449852245208,0.4034197531299434
2017-02-27,104.2083349,299.1791711,279.8666708,0.004358333,86358.33333,0.70000001,0.108333335,3.487500052,0.122197301,4.207484031674506,0.6741622877568658
2017-02-28,113.995835,324.8541715,280.3500042,0.006716666,86253.75,30.30000045,2.791666708,5.029166742,0.122113552,35.659286463159624,1.0034538140945697
2017-03-01,229.9958368,234.9541702,279.7208375,0.004416667,87106.25,0.0,-1.062500016,-1.529166689,0.122087046,33.49210662839436,0.696133512991022
2017-03-02,235.8166702,218.6375033,281.9166709,0.002529167,87295.0,0.0,-4.212500063,-2.508333371,0.122148791,45.10832906292955,0.3433111185574418
2017-03-03,222.12917,243.6791703,285.5833376,0.002833333,87099.58333,0.0,-4.558333401,-0.42083334,0.12222396,26.816375087762367,0.2997145693547708
2017-03-04,220.8125033,263.7666706,286.2958376,0.003745833,86886.25,0.0,-0.950000014,2.250000034,0.122308107,14.210251674948836,0.3770549526606941
2017-03-05,207.9541698,278.8125042,285.8041709,0.004654167,86617.08333,0.0,1.212500018,4.866666739,0.122403138,9.068908727059036,0.4824771345318537
2017-03-06,235.0750035,246.7125037,281.5708375,0.003925,86497.08333,0.0,3.312500049,2.666666706,0.122512095,5.537790368969675,0.5405690498721092
2017-03-07,240.7666703,236.6291702,282.6083375,0.003354167,87045.41667,0.0,-1.675000025,-1.31250002,0.122621071,5.063203517121852,0.4330723457432912
2017-03-08,237.5250035,261.3458372,287.6958376,0.003429167,87125.83333,0.0,-3.050000045,-0.716666677,0.122715391,5.637365948927105,0.3157338813683076
2017-03-09,237.7541702,268.100004,289.2625043,0.004166667,86923.33333,0.0,-0.845833346,-0.062500001,0.122833399,5.102602515892819,0.3457518749402257
2017-03-10,242.5958369,270.8666707,290.2875043,0.004125,86932.91667,0.0,-0.258333337,-0.24166667,0.122945883,5.136645013959898,0.320523882059857
2017-03-11,232.6500035,274.3250041,290.9958377,0.00385,86792.91667,0.0,0.429166673,-0.029166667,0.123036475,3.964580725027517,0.2854806825076155
2017-03-12,245.5041703,276.5375041,290.5625043,0.004641667,86850.0,0.0,0.779166678,0.529166675,0.12314946,3.348237278534185,0.354050821765535
2017-03-13,248.508337,273.8666707,291.0208377,0.0044375,86922.91667,0.0,-0.316666671,-1.333333353,0.123254143,2.961524319570568,0.3290136251766846
2017-03-14,252.0000038,276.9333375,292.3208377,0.004108333,87040.41667,0.0,-1.679166692,-1.59166669,0.123366251,3.1161962060070514,0.28093700688427
2017-03-15,248.0750037,278.5500042,292.5583377,0.0044375,87135.83333,0.0,0.008333333,0.129166669,0.123464106,3.3812509515240885,0.2992755423777728
2017-03-16,252.1291704,277.1458375,291.529171,0.003833333,87104.58333,0.0,1.916666695,0.320833338,0.123530265,2.604927575075308,0.2757708251604627
2017-03-17,253.5708371,283.1250042,292.104171,0.004475,87058.75,0.0,-0.225000003,-0.212500003,0.123609694,2.591122358983939,0.3102813476130182
2017-03-18,255.9416705,284.8583376,293.1708377,0.004141667,87130.83333,0.0,0.154166669,1.754166693,0.123675138,2.4300415284520467,0.2687886214832572
2017-03-19,258.2791705,283.1250042,293.354171,0.004008333,87147.08333,0.0,0.562500008,1.241666685,0.123739944,2.2093985138989587,0.2572205476227633
2017-03-20,250.6166704,293.6250044,294.4750044,0.003829167,87063.75,0.0,-0.791666678,0.025,0.123804749,2.009092509707395,0.2289657607567376
2017-03-21,260.2500039,293.291671,293.4958377,0.004483333,86919.58333,0.0,1.500000022,2.845833376,0.12388418,2.862515534133234,0.2844253679996554
2017-03-22,226.04167,296.4791711,291.316671,0.004495833,86727.91667,0.0,1.550000023,3.562500053,0.123949621,2.6711478607905828,0.3263997853303233
2017-03-23,200.6708363,291.3500043,283.3458376,0.006266667,86393.75,9.800000146,5.283333412,4.233333396,0.12401443,43.95588113249229,0.7638826744111995
2017-03-24,266.5958373,268.1833373,282.5666709,0.0051125,87041.25,0.600000009,3.062500046,-0.475000007,0.124093859,31.59782588597985,0.6619412358502708
2017-03-25,265.6458373,262.6791706,286.2416709,0.004891667,86925.41667,0.0,1.650000025,0.666666677,0.124159299,21.599183800888525,0.4943816879462496
2017-03-26,270.837504,258.3458372,286.1541709,0.003908333,86560.0,0.0,2.566666705,-0.250000004,0.124238731,14.754861447459463,0.3956202240601135
2017-03-27,263.4000039,270.9958374,286.9333376,0.004095833,86544.16667,0.0,1.612500024,2.200000033,0.124304172,10.49121716368511,0.3937785631621661
2017-03-28,231.5000034,290.0375043,284.5208376,0.004695833,86184.16667,0.0,3.529166719,-0.258333337,0.124368981,6.355337343161654,0.5276030073731335
2017-03-29,277.2875041,261.6708372,286.2083376,0.004175,86595.0,0.500000007,0.854166679,-3.712500055,0.124448409,7.817172870192972,0.4212737089745275
2017-03-30,278.2083375,262.4291706,288.9250043,0.003045833,86613.75,0.0,1.316666686,2.066666697,0.124513854,7.510960142283945,0.2573926272513274
2017-03-31,118.3083351,280.0583375,283.8041709,0.002858333,85587.91667,0.0,6.095833424,5.558333416,0.124578659,5.117653589698806,0.3346561504886771
2017-04-01,234.1083368,259.3416705,280.5250042,0.003129167,86273.75,0.400000006,0.225000003,-0.854166679,0.124643464,4.6218489881393205,0.4619665144585618
2017-04-02,280.7083375,262.9541706,284.3791709,0.003916667,86670.41667,0.0,0.062500001,-1.637500024,0.124708273,5.714878429265521,0.4467635311495404
2017-04-03,290.1958377,272.7250041,287.6000043,0.0041125,86415.83333,0.0,3.491666719,1.825000027,0.124787701,5.743264308330024,0.3779228929242502
2017-04-04,294.3708377,256.1208371,285.1916709,0.0036375,86380.83333,0.0,4.275000064,-1.150000017,0.124853146,4.794423992113758,0.3916766059943915
2017-04-05,298.1916711,250.6875037,286.8833376,0.002341667,86976.25,0.0,-1.250000019,-1.500000022,0.124917951,4.828635682276003,0.2269993065954782
2017-04-06,299.4083378,270.9958374,290.979171,0.002729167,86912.91667,0.0,-2.2416667,0.079166668,0.124997379,5.276319269921014,0.2028647316006159
2017-04-07,295.1666711,275.9916708,292.2375044,0.003254167,86920.41667,0.0,1.98750003,2.291666701,0.125062824,5.1072053115700005,0.2233894903861851
2017-04-08,284.5958376,273.5333374,291.3500043,0.002866667,86716.66667,0.0,3.020833378,3.550000053,0.125142252,5.222586563076893,0.2076549588283705
2017-04-09,294.3791711,273.0041707,287.8250043,0.003241667,86461.66667,0.0,3.400000051,1.441666688,0.125206568,4.212545483521657,0.2937088423014056
2017-04-10,288.179171,253.6875038,287.5583376,0.002604167,86784.58333,0.0,0.166666669,0.308333338,0.125273354,4.307149132984572,0.2409893924127238
2017-04-11,293.9375044,257.3916705,290.079171,0.0023125,86812.5,0.0,-0.258333337,1.512500023,0.125342646,3.783467726466977,0.1818477101460855
2017-04-12,314.920838,272.2791707,291.7375043,0.002508333,86762.08333,0.0,0.908333347,0.579166675,0.12541309,4.416948271321806,0.1773863094005718
2017-04-13,305.6041712,273.2791707,292.4125044,0.003016667,86717.91667,0.0,1.200000018,1.620833357,0.125478614,4.124540935445084,0.204340123809169
2017-04-14,311.0750046,274.6791708,291.8208377,0.00335,86512.91667,0.0,1.854166694,2.945833377,0.125554518,4.350404851158308,0.2349865391182382
2017-04-15,314.595838,267.0541706,290.729171,0.003370833,86644.58333,0.0,0.991666681,1.33750002,0.125617385,3.789180357561293,0.2537955688286013
2017-04-16,311.9541713,266.2583373,291.2583377,0.002625,86787.5,0.0,1.416666688,1.183333351,0.125692311,3.750668945428417,0.1914145131490036
2017-04-17,312.4625047,267.5666707,291.9958377,0.00265,86850.41667,0.0,2.612500039,1.016666682,0.125767789,3.874620392174201,0.1845591945491847
2017-04-18,312.7000047,280.6333375,292.616671,0.003608333,86867.5,0.0,2.341666702,1.341666687,0.125843264,3.7845703672558417,0.241717853509776
2017-04-19,311.520838,288.8875043,292.5500044,0.004416667,86912.91667,0.0,3.091666713,1.641666691,0.125914171,3.7453834785430713,0.2972640811634047
2017-04-20,322.2625048,274.7291708,291.754171,0.0036625,86831.66667,0.0,2.504166704,0.720833344,0.125990175,3.4628941362111894,0.258942324631636
2017-04-21,325.3666715,263.2916706,292.3125044,0.002533333,86694.16667,0.0,1.78333336,-0.954166681,0.126055845,3.366334810912101,0.17263637799837
2017-04-22,324.1583382,275.5541708,293.591671,0.0028125,86617.08333,0.0,0.875000013,-0.137500002,0.12614454,3.492861920425399,0.1767465752703882
2017-04-23,318.1750047,280.8083375,294.066671,0.003583333,86633.75,0.0,1.116666683,2.925000044,0.126206027,3.450985018131151,0.218673782585328
2017-04-24,325.1791715,275.1791708,293.7208377,0.003108333,86301.66667,0.0,3.995833393,4.100000061,0.12628087,4.305086708341628,0.1930667129649646
2017-04-25,315.6416714,289.2333376,290.0458377,0.00445,85972.08333,0.0,5.13333341,2.945833377,0.126356348,3.673286702657816,0.3472872518648631
2017-04-26,324.8875048,264.2708373,288.7250043,0.002891667,86226.66667,0.0,2.166666699,-2.245833367,0.126432243,3.288757496058792,0.24644113841794
2017-04-27,317.7583381,288.4083376,291.2208377,0.003879167,86091.25,0.0,4.054166727,1.754166693,0.126505841,3.894951514783788,0.2812676037831784
2017-04-28,307.1000046,289.7375043,289.7625043,0.0059,85865.41667,0.0,5.595833417,2.233333367,0.126582778,3.473660318994078,0.4683124674136641
2017-04-29,334.0083383,238.6166702,284.8125042,0.001979167,86162.08333,0.0,3.062500046,-3.975000059,0.126658256,3.4981990953840043,0.2180178187522838
2017-04-30,334.862505,250.0208371,287.3125043,0.002220833,86860.0,0.0,0.395833339,-2.970833378,0.126733734,3.5463240135224705,0.209029350849301
2017-05-01,342.7458384,266.7166706,290.8208377,0.0024625,86802.91667,0.0,1.420833355,-0.937500014,0.12679459,4.217049462736307,0.1846628316363987
2017-05-02,342.6041718,280.3791708,293.4500044,0.002816667,86693.33333,0.0,2.833333376,0.087500001,0.126871009,4.705856919238555,0.1787362194558816
2017-05-03,341.6000051,296.4500044,295.2125044,0.003566667,86749.16667,0.0,1.208333351,-1.712500026,0.126952601,5.003975976852185,0.2030435415285649
2017-05-04,343.7208385,297.3458378,297.2750044,0.002841667,86928.75,0.0,-0.987500015,-0.883333346,0.127024138,5.445561386092251,0.1429258667777473
2017-05-05,342.4666718,308.8875046,298.7750045,0.003566667,86718.33333,0.0,0.641666676,0.858333346,0.127097229,5.840583816438227,0.1634996622146744
2017-05-06,339.9041717,326.8375049,297.6666711,0.004095833,86355.83333,0.0,0.950000014,4.758333404,0.127172346,6.227946161173263,0.1998577280341066
2017-05-07,331.7250049,288.779171,289.6833376,0.0060875,86202.91667,0.0,1.045833349,5.758333419,0.127247512,3.820465392279665,0.487568025642852
2017-05-08,297.7875044,298.2541711,287.6250043,0.0054625,86317.5,0.0,-1.137500017,1.14583335,0.12730808,3.648489121534673,0.5005931845800665
2017-05-09,264.3041706,304.6916712,284.7333376,0.006558333,86403.75,3.800000057,2.066666697,1.583333357,0.127397229,10.102538569640544,0.7283119949929564
2017-05-10,205.6541697,304.4166712,284.0416709,0.00605,86760.83333,1.300000019,2.895833376,-0.058333334,0.127458413,9.359718607659046,0.7066606225125533
2017-05-11,344.0125051,294.9041711,288.4583376,0.006241667,87073.75,0.0,1.366666687,-1.329166686,0.127541332,13.052926622165709,0.5465358218473538
2017-05-12,345.5541718,315.545838,294.2208377,0.006745833,86875.41667,0.0,1.483333355,1.308333353,0.127611101,11.12122176727827,0.4088840634822757
2017-05-13,350.0416719,303.6666712,295.3166711,0.005145833,86433.33333,0.0,2.679166707,4.00000006,0.127689566,9.887032895135114,0.2900115722975814
2017-05-14,325.4125048,295.0250044,293.6458377,0.00435,86425.83333,0.0,2.050000031,4.625000069,0.127757665,7.478404073204038,0.271845405860123
2017-05-15,335.9916717,292.0250044,291.8458377,0.004654167,86369.16667,0.0,2.308333368,5.304166746,0.127834261,6.101461065948699,0.3254107495446794
2017-05-16,320.2291714,281.8125042,286.7166709,0.0039625,86347.91667,0.0,3.937500059,3.304166716,0.127872462,4.257019006454427,0.3855490243251617
2017-05-17,352.4791719,269.325004,286.5583376,0.003745833,86462.91667,0.0,3.287500049,2.666666706,0.127895048,4.173370137645519,0.3687775025940052
2017-05-18,357.7958387,280.8583375,288.9583376,0.004675,86255.83333,0.0,4.491666734,1.045833349,0.127916926,4.323650904477174,0.3925883787702023
2017-05-19,361.3416721,262.2708372,288.004171,0.003366667,86451.66667,0.0,1.004166682,-2.600000039,0.127953485,4.308023844806391,0.3014582690351612
2017-05-20,360.016672,275.8708374,291.6083377,0.003054167,86710.0,0.0,-2.120833365,-2.845833376,0.127976115,4.801310240899857,0.2176285202185396
2017-05-21,353.2750053,290.8125043,295.1791711,0.003129167,86768.33333,0.0,-1.12083335,-1.970833363,0.128012751,5.492277394318828,0.1785427878349521
2017-05-22,358.266672,302.1583378,297.4500044,0.003420833,86855.41667,0.0,0.645833343,-2.275000034,0.128035411,5.789119261159354,0.1700993944221333
2017-05-23,361.9416721,302.1291712,298.2791711,0.003395833,86832.91667,0.0,-0.133333335,-2.962500044,0.128072013,5.6714900726450725,0.1605802728519708
2017-05-24,358.5458387,300.7416711,298.8500045,0.003225,86615.41667,0.0,1.345833353,-0.375000006,0.128094621,5.974225775233057,0.1470004131166597
2017-05-25,360.216672,299.6500045,297.6666711,0.003345833,86217.5,0.0,4.645833403,3.837500057,0.128131219,5.455966530886602,0.1629996650091768
2017-05-26,363.0166721,283.5291709,294.6458377,0.002991667,86529.58333,0.0,2.958333377,4.729166737,0.128153844,4.582890722024158,0.175921017071918
2017-05-27,363.7375054,284.6375042,294.2750044,0.003091667,86803.75,0.0,2.787500042,2.658333373,0.128175818,4.252672483372496,0.1866123171603806
2017-05-28,364.4291721,293.0208377,296.1833377,0.0031375,86893.33333,0.0,1.516666689,0.225000003,0.128212407,4.891956782238467,0.1685704361264533
2017-05-29,363.3583387,304.0166712,298.1666711,0.0036875,86776.66667,0.0,-0.045833334,1.520833356,0.128235017,5.044179156953166,0.1754422951263441
2017-05-30,347.6958385,325.3833382,298.9000045,0.005295833,86760.0,0.0,0.44583334,2.279166701,0.128271607,4.6386652525895125,0.241072825824997
2017-05-31,341.2125051,339.4000051,296.9916711,0.006679166,86688.33333,0.0,-0.42083334,2.720833374,0.128294218,4.118023540281311,0.3408146342817831
2017-06-01,345.6041718,332.637505,296.9541711,0.005779167,86516.25,0.0,1.854166694,2.825000042,0.128330803,3.966039087969021,0.2949762140986877
2017-06-02,346.8708385,318.7833381,296.8708378,0.004929167,86584.16667,0.0,1.845833361,0.625000009,0.128353397,4.100830323115952,0.2530662681356309
2017-06-03,348.5208385,332.600005,299.4083378,0.005379167,86678.33333,0.0,2.566666705,0.033333334,0.12839001,4.318158298720259,0.2373228558931154
2017-06-04,342.6375051,337.6833384,301.2541712,0.004770833,86647.91667,0.0,3.495833385,0.44583334,0.12841215,4.47110082381556,0.1886395702817318
2017-06-05,347.6458385,339.3541717,302.0125045,0.004908333,86626.66667,0.0,2.44583337,-0.620833343,0.128432529,4.674192156878178,0.1855967328882092
2017-06-06,345.1208385,345.1458385,302.1916712,0.005416667,86762.08333,0.0,2.762500041,0.629166676,0.128467485,4.613998906721014,0.2030037457060703
2017-06-07,347.8750052,343.1000051,301.3708378,0.005791667,86832.5,0.0,2.791666708,2.03750003,0.12850308,4.381603953393677,0.2279242643372458
2017-06-08,348.3291719,337.4541717,300.2833378,0.005791667,86906.25,0.0,3.508333386,1.504166689,0.128524049,4.122293435245093,0.2432205125893883
2017-06-09,348.1500052,327.6833382,300.0416711,0.004645833,86704.16667,0.0,3.270833382,1.13333335,0.128559004,4.123402319234831,0.1974546312097577
2017-06-10,340.5916717,313.195838,298.7916711,0.004045833,86492.08333,0.0,2.791666708,3.12083338,0.128579976,3.790321458076338,0.1847967438593033
2017-06-11,355.154172,304.6208379,296.6333378,0.003983333,86453.75,0.0,2.308333368,4.704166737,0.128614932,3.524516899970444,0.2071692347737324
2017-06-12,355.6208386,301.9458378,294.6458377,0.004654167,86622.5,0.0,2.987500045,4.72500007,0.1286359,3.1074045212775165,0.273976012155554
2017-06-13,362.3458387,279.7083375,294.4000044,0.002929167,86668.75,0.0,2.033333364,1.050000016,0.12867086,3.40132194711563,0.1751669396012423
2017-06-14,367.7291721,269.0791707,296.8750044,0.001808333,86672.91667,0.0,1.558333357,0.275000004,0.128691828,3.816848004724626,0.0929124956352741
2017-06-15,361.4125054,276.4583375,299.6583378,0.001454167,86814.58333,0.0,2.45833337,1.137500017,0.128726784,3.903670025491075,0.0633078398349557
2017-06-16,362.9500054,284.8125042,300.7791711,0.001608333,86847.5,0.0,3.420833384,1.041666682,0.128846943,4.080231890432392,0.0655475785368898
2017-06-17,359.154172,303.4416712,301.5625045,0.0022875,86710.41667,0.0,4.02500006,0.633333343,0.128956156,4.2406192696241485,0.088890214870321
2017-06-18,353.4916719,325.4041715,303.0291712,0.003075,86563.33333,0.0,3.616666721,-0.083333335,0.12907936,4.496225640657923,0.1095134513468461
2017-06-19,348.7291719,354.6375053,305.4833379,0.004108333,86593.33333,0.0,2.933333377,-0.108333335,0.129188573,4.903745293616271,0.1271193230816671
2017-06-20,337.237505,373.6500056,307.0083379,0.0057625,86766.66667,0.0,0.137500002,-0.787500012,0.129326397,5.482673808869081,0.16388546136247
2017-06-21,293.9083377,386.3125058,306.9208379,0.006004167,86618.33333,0.0,1.600000024,-0.920833347,0.129436245,4.545810572970449,0.1713083272780762
2017-06-22,347.0625052,374.5625056,305.7583379,0.005695833,86475.41667,0.0,3.404166717,0.766666678,0.129559446,4.626766508898107,0.1732687958515943
2017-06-23,349.3208385,361.041672,304.3916712,0.007295833,86632.08333,0.0,4.350000065,0.679166677,0.129668659,3.9966250956436458,0.2403871873095258
2017-06-24,332.212505,361.6666721,305.4375046,0.006058333,86731.25,0.0,2.800000042,0.537500008,0.129791863,4.09825045519083,0.1882449842501115
2017-06-25,269.812504,387.8541724,304.4041712,0.008379166,86918.33333,0.0,0.68750001,2.570833372,0.129901076,3.4222973807257078,0.2767950649677463
2017-06-26,340.5791717,369.4958388,302.5958378,0.008733333,87051.25,0.0,3.316666716,0.141666669,0.130024276,3.45604777132678,0.3207538456136548
2017-06-27,353.2958386,340.0583384,303.2375045,0.005408333,86824.58333,0.0,4.179166729,1.550000023,0.130148112,3.550639586928178,0.1908767835332007
2017-06-28,355.6458386,318.6333381,301.2041712,0.0042875,86678.33333,0.0,3.254166715,2.504166704,0.130271949,3.2760875029199483,0.1700870646059957
2017-06-29,354.4875053,329.7791716,300.9125045,0.005375,86707.08333,0.0,3.200000048,2.233333367,0.130381162,3.226244748006412,0.21699186618437
2017-06-30,354.4916719,323.6666715,301.0791712,0.0041125,86744.16667,0.0,2.47083337,1.125000017,0.130504365,3.42607423691186,0.1644732455782069
2017-07-01,335.8166717,321.4666715,302.1000045,0.0034125,86733.75,0.0,2.312500034,2.170833366,0.130628202,3.344838789755291,0.1285364090680166
2017-07-02,329.5541716,333.9833383,302.1166712,0.003425,87038.33333,0.0,3.170833381,2.329166701,0.130737415,3.3519006935907405,0.1293343717236786
2017-07-03,323.4625048,363.2708387,301.7750045,0.007375,87180.83333,0.0,3.437500051,0.645833343,0.130860615,3.198888259607444,0.2845764953160117
2017-07-04,327.0625049,360.1583387,302.9500045,0.0072625,87030.41667,0.0,3.82083339,-0.291666671,0.130969828,3.30009416414272,0.261239876222457
2017-07-05,328.0291716,346.6875052,303.1666712,0.005908333,86980.0,0.0,4.158333395,-0.041666667,0.131093029,3.4699302204660327,0.2097550849242299
2017-07-06,323.0208381,371.2250055,304.2000045,0.006675,87112.5,0.0,2.866666709,0.66250001,0.131216865,4.00172826738221,0.2235988838293401
2017-07-07,316.6541714,373.6750056,305.5500046,0.006795833,87055.41667,0.0,0.087500001,-0.24166667,0.131340704,5.458233990001839,0.2105970985484825
2017-07-08,298.6708378,385.7583391,303.9958379,0.007945833,87042.91667,0.300000004,-2.366666702,0.583333342,0.131449918,4.859998456155982,0.2690978739293425
2017-07-09,297.0708378,381.0666723,302.0875045,0.009325,87046.66667,0.0,2.495833371,0.208333336,0.131573118,4.397402359420198,0.3527632387207021
2017-07-10,269.0458373,386.0375058,300.9375045,0.011304166,86930.0,2.00000003,3.062500046,0.641666676,0.131682331,9.533192123097333,0.4568557245643487
2017-07-11,245.5750037,391.4000058,299.4083378,0.01295,86846.66667,3.400000051,3.358333383,-1.050000016,0.131805531,28.286394335695547,0.5724491422193333
2017-07-12,264.8375039,382.183339,298.8375045,0.013170833,86873.33333,23.70000035,3.445833385,-1.041666682,0.131929367,151.14141279998515,0.6025849000610143
2017-07-13,288.6625043,382.6541724,300.0250045,0.011866666,86992.5,7.000000104,3.283333382,0.212500003,0.132053207,138.10038185704096,0.5065281080377594
2017-07-14,300.5916711,376.7166723,299.4041711,0.012720833,87090.41667,3.000000045,2.745833374,0.587500009,0.13216242,91.10351224704526,0.5640371839287295
2017-07-15,270.6583374,380.5791723,300.0291711,0.012441666,87102.91667,10.90000016,2.437500036,0.795833345,0.132285621,143.8024358477525,0.5316146459243335
2017-07-16,243.895837,386.5875058,297.9583378,0.014308333,87003.33333,0.200000003,2.287500034,0.812500012,0.132099221,54.07462926214342,0.6911484762882167
2017-07-17,263.5625039,394.8916726,298.1291711,0.014704166,86808.75,8.200000122,1.045833349,1.450000022,0.13188471,100.39674938483591,0.7014279161458168
2017-07-18,205.6166697,390.6625058,298.4416711,0.0144375,86945.83333,2.00000003,2.570833372,0.416666673,0.131684187,62.20101774558451,0.6769602754878465
2017-07-19,249.5625037,385.3375057,297.7541711,0.014275,87067.5,0.300000004,2.71250004,0.67500001,0.131484299,45.21803712829049,0.6985946272364834
2017-07-20,244.2875036,388.7916725,298.3416711,0.013475,87074.16667,0.0,3.225000048,-0.062500001,0.131284411,24.37616065130308,0.6365734847518809
2017-07-21,187.7458361,387.2958391,297.7166711,0.014241666,86994.58333,26.10000039,3.583333387,0.416666673,0.131084523,107.76226362034392,0.6979575385784926
2017-07-22,234.8458368,385.7666724,297.3083378,0.0148125,86872.08333,10.00000015,3.77083339,0.212500003,0.130870012,125.75694259680162,0.7430295793918836
2017-07-23,199.3416696,385.8875058,297.5958378,0.0147,86830.0,0.300000004,2.883333376,1.087500016,0.130669492,52.57727710321623,0.7243230702071544
2017-07-24,173.0250026,389.7583391,295.3416711,0.01605,86880.83333,17.40000026,0.354166672,1.379166687,0.130469604,72.90454428367744,0.9078410671386272
2017-07-25,221.7125033,386.6750058,296.4666711,0.015458333,87054.16667,0.500000007,1.283333352,1.050000016,0.130273725,61.89763598279643,0.8178161720410971
2017-07-26,303.1041712,383.8750057,299.2125045,0.013345833,87176.25,0.0,1.98750003,0.054166667,0.130062894,61.87151400157767,0.5991416533356589
2017-07-27,258.5083372,388.0916724,301.0208378,0.012725,86969.58333,0.300000004,2.683333373,-0.466666674,0.129865994,31.610761467463064,0.5119942805300567
2017-07-28,199.562503,385.1125057,297.1583378,0.014458333,86990.41667,16.20000024,2.395833369,-0.425000006,0.129669756,98.13331415010018,0.7328820900217831
2017-07-29,202.7333364,385.4250057,297.0041711,0.013583333,86987.5,1.400000021,1.091666683,-1.845833361,0.129458859,63.40518304845574,0.694974757723313
2017-07-30,253.8208371,381.583339,297.2750044,0.014116666,87129.16667,3.700000055,-0.533333341,-1.920833362,0.129247365,77.47182863829013,0.7116556732684447
2017-07-31,235.1000035,395.5125059,299.6750045,0.013341666,87094.58333,0.0,-0.837500012,-1.333333353,0.129050499,46.61790239362522,0.5821317333808419
2017-08-01,169.8750025,379.5166723,298.8250045,0.0134875,87045.83333,0.900000013,-1.445833355,-1.250000019,0.128854257,23.1182189173579,0.6187609112059494
2017-08-02,215.9875032,384.0666724,297.2833378,0.0139875,87161.25,2.500000037,-2.300000034,0.579166675,0.128657995,37.33599638980685,0.7050478050886942
2017-08-03,218.3458366,396.2750059,298.4875044,0.0136375,87187.08333,0.0,0.004166667,1.675000025,0.128447134,24.68190809516743,0.6394618599505121
2017-08-04,283.4458376,370.2000055,298.6208378,0.012875,87124.58333,0.0,0.44583334,0.883333346,0.128235616,20.152932034066765,0.598470338627354
2017-08-05,296.8166711,366.6583388,299.0458378,0.0126125,86967.5,0.0,2.883333376,1.13333335,0.128038749,11.480554572214515,0.5705137156466621
2017-08-06,306.8541712,356.6333386,299.3291711,0.009808333,86883.75,0.0,2.562500038,1.220833352,0.127842491,9.712561125904193,0.4358098875389172
2017-08-07,307.9625046,347.0416718,299.5750045,0.0076,86941.66667,0.0,1.608333357,1.31250002,0.12763161,8.147773906075567,0.3330007384165557
2017-08-08,309.6250046,337.7708384,300.5625045,0.006225,86977.08333,0.0,2.100000031,0.820833346,0.12743474,6.873756837016029,0.2573480975426401
2017-08-09,303.7458379,349.7000052,301.6625045,0.006691666,86955.0,0.0,1.879166695,0.604166676,0.127238437,6.019726268959815,0.2592420843159257
2017-08-10,257.6458372,369.8833388,301.9041712,0.008658333,86995.0,0.0,1.479166689,1.654166691,0.127027607,4.765131396001499,0.3308743105650615
2017-08-11,227.7625034,385.1208391,300.7375045,0.011166666,86915.41667,0.0,-1.862500028,-0.158333336,0.126830743,3.736775778869232,0.4565737658233122
2017-08-12,241.4750036,388.7666725,300.3916711,0.011804166,86880.83333,0.900000013,0.858333346,2.495833371,0.126619845,5.991842167594957,0.4924035209372581
2017-08-13,280.4791708,382.908339,298.3958378,0.0132875,86934.58333,0.0,3.791666723,1.504166689,0.126422981,5.054439719296786,0.624673908325901
2017-08-14,279.1166708,383.483339,298.6583378,0.013225,86793.33333,0.0,3.275000049,1.98750003,0.126226715,6.61564475465307,0.6110272369070368
2017-08-15,297.7416711,349.7500052,298.6083378,0.009375,86682.5,0.0,3.175000047,3.57916672,0.126015816,7.168672583327176,0.433893187958138
2017-08-16,300.7458378,328.3500049,298.0208378,0.0064,86847.08333,0.0,1.708333359,2.991666711,0.125886554,6.911132811603135,0.3074302419782017
2017-08-17,300.5041711,326.5458382,298.8666711,0.0056625,87026.25,0.0,1.416666688,1.595833357,0.125775496,6.7244683672165335,0.2590711190758564
2017-08-18,301.8125045,310.795838,299.7541711,0.0039375,87087.08333,0.0,2.429166703,0.083333335,0.125665053,6.674635101975551,0.1709820190179011
2017-08-19,296.9791711,336.0958383,300.5791711,0.005595833,86949.58333,0.0,3.179166714,-0.016666667,0.125539973,7.087340319543037,0.2310369850400609
2017-08-20,238.9625036,366.1083388,299.7208378,0.00845,86890.0,0.0,3.025000045,1.058333349,0.1254143,5.854774287103733,0.366828516072288
2017-08-21,241.5791703,370.9291722,298.5958378,0.009516666,86973.33333,0.100000001,3.608333387,-0.170833336,0.125303257,5.728207570471468,0.4422588670819646
2017-08-22,286.1708376,359.7125054,299.8958378,0.009441666,87135.0,0.0,1.775000026,-0.062500001,0.125178196,6.309017819319213,0.4067830968751413
2017-08-23,278.7666708,367.4041721,301.5291712,0.009375,87066.66667,0.0,0.933333347,2.100000031,0.125052482,6.254007912269575,0.3665164727504184
2017-08-24,274.4708374,363.4541721,298.4666711,0.0106875,86842.5,0.100000001,1.550000023,-0.666666677,0.124941465,5.624177463694226,0.4997803332979543
2017-08-25,267.1458373,355.9875053,299.7250045,0.00945,86699.58333,0.0,-0.466666674,-1.429166688,0.12481636,5.427761339476102,0.4092397700098229
2017-08-26,227.9250034,381.0291723,301.3333378,0.009375,86900.41667,0.0,-0.70000001,-0.787500012,0.124705277,5.211330996892953,0.3700445606041863
2017-08-27,220.7083366,381.033339,301.1041712,0.009225,87056.66667,0.0,-0.720833344,0.062500001,0.124594853,4.9995563571385695,0.3697249384810966
2017-08-28,268.262504,361.6041721,301.6750045,0.00835,87037.91667,0.500000007,-1.82083336,-0.316666671,0.124469834,6.312971383696542,0.3235591425254696
2017-08-29,248.9750037,376.2541723,301.0375045,0.009125,87043.75,0.0,-0.016666667,0.608333342,0.124344115,6.509602558373841,0.3670999864592753
2017-08-30,268.2958373,361.4625054,300.6666711,0.009208333,86911.66667,0.900000013,-1.470833355,-0.137500002,0.124233053,8.127270560653415,0.3780635553407323
2017-08-31,282.7875042,346.5333385,301.5625045,0.006833333,86909.58333,0.0,-2.379166702,2.045833364,0.12410799,7.263345437720277,0.2661471580344213
2017-09-01,288.1208376,337.2166717,301.5583378,0.006029167,86885.41667,0.0,-1.641666691,0.112500002,0.123996924,6.852735241645921,0.2348182577526888
2017-09-02,273.4875041,354.7833386,301.6458378,0.00675,87020.41667,0.0,-0.450000007,2.933333377,0.123871843,6.374697096561833,0.2619543629165751
2017-09-03,255.6875038,369.2625055,300.7458378,0.007658333,87239.58333,0.0,1.695833359,1.058333349,0.123760784,5.813403376837661,0.3141412467568257
2017-09-04,278.5833375,363.5083388,301.1833378,0.009191666,87013.33333,0.0,2.875000043,0.312500005,0.123635734,5.651902469576732,0.3664953866969072
2017-09-05,266.9958373,366.1416721,301.2916712,0.008904166,86962.08333,0.0,1.916666695,0.787500012,0.123524674,5.451584594178711,0.3525712150860566
2017-09-06,275.1125041,351.5500052,301.1041712,0.007408333,87107.91667,0.0,-0.566666675,2.2541667,0.123399603,5.29744629486219,0.2970902905763094
2017-09-07,272.8750041,349.5125052,301.4375045,0.0072125,86995.41667,0.0,0.129166669,2.345833368,0.12328856,5.16583396119308,0.2832615327516025
2017-09-08,256.0000038,361.6333387,299.8375045,0.0081625,86896.66667,0.0,2.579166705,1.36250002,0.123163494,4.723461915981783,0.3519267317774464
2017-09-09,245.5875037,372.1708389,296.4666711,0.012008333,87059.58333,2.200000033,1.308333353,1.862500028,0.123037823,9.226419660178916,0.6353349990477967
2017-09-10,242.958337,361.3791721,298.3458378,0.010320833,87061.25,0.0,-1.454166688,0.591666675,0.122926729,8.489160668196643,0.4873729088371685
2017-09-11,262.8541706,363.0541721,300.9541712,0.008779166,87101.66667,0.0,-2.366666702,1.466666689,0.122801673,7.927949023741183,0.3551602027899456
2017-09-12,264.6708373,360.979172,301.6375045,0.008408333,86969.58333,0.0,-0.162500002,0.754166678,0.122690617,8.664472386794092,0.326279677091116
2017-09-13,259.8500039,365.8666721,301.7666712,0.008508333,86714.58333,0.0,3.13333338,0.733333344,0.122565575,6.472570108345347,0.3267115035070447
2017-09-14,228.5125034,365.7708388,299.1750045,0.009695833,86605.0,1.400000021,3.470833385,3.525000053,0.122454473,8.446616807422512,0.4333968697446073
2017-09-15,263.3000039,326.4041715,294.7541711,0.009170833,86604.16667,1.800000027,3.304166716,5.100000076,0.122329423,12.035799901648392,0.5361428122439111
2017-09-16,261.1291706,326.1375049,295.0833377,0.007108333,86725.41667,0.0,1.391666687,3.083333379,0.122315843,8.383892320039017,0.4077832804524826
2017-09-17,256.1166705,338.6208384,295.8833377,0.00825,86826.66667,0.0,1.850000028,3.745833389,0.122307165,7.958401102293255,0.4511132607790306
2017-09-18,261.2500039,312.7666713,295.8416711,0.005258333,86890.0,0.0,1.254166685,3.037500045,0.122298508,7.246700774983594,0.2884725067546537
2017-09-19,261.4541706,305.5666712,295.5583377,0.0050125,86790.0,0.0,2.291666701,4.212500063,0.122275229,6.166691439780168,0.2794825563178889
2017-09-20,258.2333372,313.8291713,295.3500044,0.005945833,86680.83333,0.0,1.495833356,4.154166729,0.122265901,5.326964608895565,0.3353699158339842
2017-09-21,256.7500038,311.720838,295.3416711,0.005283333,86531.25,0.0,2.125000032,4.90416674,0.122257223,5.121589393742118,0.297640326226782
2017-09-22,245.5291703,317.3333381,293.679171,0.005620833,86304.58333,0.0,2.858333376,4.950000074,0.122248542,4.3616973115174735,0.3500434965030093
2017-09-23,243.8041703,309.7125046,291.4708377,0.005595833,86222.08333,0.0,2.991666711,3.933333392,0.12223984,3.57740275186191,0.3999621855634552
2017-09-24,259.6958372,262.7875039,289.1458376,0.003270833,86410.41667,0.0,1.779166693,0.429166673,0.122231144,3.272018010077108,0.2718519282158173
2017-09-25,257.6500038,261.2208372,290.4833377,0.0023125,86447.5,0.0,-0.754166678,-1.387500021,0.122207868,3.3723130293977537,0.1764618832829287
2017-09-26,250.9916704,274.7000041,292.016671,0.002720833,86479.16667,0.0,0.683333344,1.500000022,0.122198529,3.4172360914906035,0.1884344831588327
2017-09-27,236.5500035,316.7708381,293.2458377,0.0038375,86604.58333,0.0,1.041666682,1.833333361,0.1221908,3.682857053952088,0.2463865985017498
2017-09-28,242.808337,310.1916713,293.191671,0.006541667,86848.75,0.0,-0.295833338,1.56666669,0.122184981,3.3104692551202133,0.4226201115512998
2017-09-29,237.9916702,331.3000049,295.2416711,0.008858333,86877.91667,0.0,0.737500011,1.991666696,0.122163926,3.250065652409275,0.5041308310520916
2017-09-30,238.5625036,330.6333383,296.0291711,0.009025,86837.91667,0.0,1.912500028,2.708333374,0.122161286,3.107896330497018,0.4891700088408799
2017-10-01,242.9041703,298.9958378,295.1125044,0.0044625,86583.33333,0.0,2.47083337,3.404166717,0.122145524,3.3273716748377926,0.2551217931140537
2017-10-02,239.1625036,293.154171,293.5875044,0.004079167,86204.58333,0.0,2.733333374,4.845833406,0.122139703,3.143474424159971,0.2551934584153749
2017-10-03,237.1250035,297.6750044,293.6958377,0.0047,86519.58333,0.0,0.637500009,4.433333399,0.122125956,2.77576818681234,0.2931223862093983
2017-10-04,229.8625034,326.9791715,296.3916711,0.0052875,86891.66667,0.100000001,0.533333341,3.587500053,0.12211006,3.0685563647006098,0.2804902230611044
2017-10-05,225.67917,348.0125052,297.7125044,0.0086625,86869.16667,0.0,2.020833363,2.400000036,0.122103172,2.7838792651987565,0.4240276051165666
2017-10-06,237.3125035,307.1791712,296.6250044,0.0055,86795.83333,0.0,2.766666708,0.516666674,0.122092624,2.569665440271204,0.2873271590170545
2017-10-07,240.8541703,261.8416706,294.2666711,0.0021375,86706.25,0.0,-1.412500021,-1.512500023,0.122073455,2.136235223168449,0.1289406906532689
2017-10-08,236.4666702,264.5916706,293.7250044,0.0023,86382.08333,0.0,1.979166696,2.629166706,0.122070957,2.1150315817114724,0.1429550595439336
2017-10-09,227.1750034,279.2708375,291.6583377,0.002966667,86459.16667,0.0,2.725000041,1.454166688,0.122054598,1.964831366843838,0.2101161766700412
2017-10-10,226.2250034,266.4666706,290.0333377,0.002608333,87044.16667,0.0,-3.366666717,0.429166673,0.122042508,1.8382977136848395,0.2062633092574927
2017-10-11,223.1833367,298.6416711,293.666671,0.005045833,86914.58333,0.0,-1.80833336,3.058333379,0.122034007,2.059380522017955,0.3167022175823134
2017-10-12,217.6791699,307.3083379,295.0166711,0.004825,86814.58333,0.0,1.762500026,3.587500053,0.122025655,2.2935564831969653,0.2782206072290485
2017-10-13,219.6666699,295.9833377,294.6625044,0.003333333,86972.08333,0.0,1.341666687,2.004166697,0.1220173,2.25332454699153,0.1968117651309632
2017-10-14,220.3083366,290.4458377,293.9750044,0.004454167,87065.83333,0.0,0.841666679,0.24166667,0.121994324,2.0963278298958654,0.2747321205385716
2017-10-15,218.9083366,273.9375041,294.4375044,0.002041667,87365.0,0.0,-2.570833372,-1.304166686,0.121992245,2.270693771167962,0.1227889866502111
2017-10-16,212.5500032,302.5625045,295.4916711,0.003583333,87544.16667,0.0,-2.44583337,0.979166681,0.121883171,2.390819184268976,0.2023589872477961
2017-10-17,206.2708364,324.0333382,295.8791711,0.006225,87325.83333,0.0,-1.954166696,0.637500009,0.121769404,2.2429890026324046,0.3424296771022673
2017-10-18,205.1583364,322.6541715,295.7375044,0.006191667,87027.08333,0.0,0.912500014,0.350000005,0.121666701,2.249898103099236,0.3423893166979185
2017-10-19,194.5583362,330.9541716,295.3875044,0.004595833,86765.41667,0.0,1.737500026,1.879166695,0.12154966,2.2478570603094785,0.2588798020202705
2017-10-20,206.0916697,304.9250045,293.1333377,0.005229167,86497.5,0.0,2.779166708,4.258333397,0.121431974,1.968033438783634,0.3376901228860136
2017-10-21,204.7208364,290.0458377,289.6833376,0.006108333,86639.16667,0.0,2.312500034,1.241666685,0.121314285,1.3616205539157036,0.4917125057400897
2017-10-22,205.2708364,271.9833374,291.7375043,0.002425,87368.33333,0.0,-2.300000034,-1.991666696,0.121211222,1.7070780868714286,0.1726914072382033
2017-10-23,206.2375031,283.6416709,295.0500044,0.002625,87504.16667,0.0,-2.716666707,-2.391666702,0.121094168,1.9759998706483597,0.1522527687267444
2017-10-24,201.487503,295.3458377,296.1500044,0.003133333,87468.33333,0.0,-3.666666721,-2.408333369,0.120991106,2.081905697653205,0.1698059740404992
2017-10-25,199.325003,288.8375043,293.741671,0.003725,87335.41667,0.0,-4.175000062,0.954166681,0.120874056,1.7729011695654733,0.2338374667567115
2017-10-26,198.262503,283.4291709,293.229171,0.003979167,86828.33333,0.0,1.512500023,0.858333346,0.120756367,1.4735449830081302,0.2564093124659292
2017-10-27,198.1583363,274.6125041,292.466671,0.003083333,86784.58333,0.0,0.841666679,-1.379166687,0.120653304,1.425176515925088,0.2083056898242008
2017-10-28,192.5541695,282.3791709,291.829171,0.002879167,86771.25,0.0,-1.816666694,-1.537500023,0.120536229,1.5074122302668165,0.2024562769600826
2017-10-29,191.3958362,284.5541709,292.0250044,0.003320833,86769.58333,0.0,-2.045833364,0.716666677,0.120424249,1.467361601702911,0.2306392448551899
2017-10-30,180.1291694,288.616671,291.5583377,0.003783333,86590.83333,0.0,1.36250002,2.983333378,0.120312737,1.434481507254536,0.2700692070391625
2017-10-31,162.0791691,306.5583379,289.5375043,0.0056625,86582.5,0.0,1.545833356,2.970833378,0.120213915,1.132564836975529,0.4598171757027891
2017-11-01,178.9250027,289.391671,288.4833376,0.0054875,86693.33333,0.0,2.100000031,2.370833369,0.12009213,1.06999133146486,0.4776244196263264
2017-11-02,178.420836,291.479171,288.3833376,0.006754166,86870.83333,0.0,1.529166689,3.025000045,0.119983941,0.929934475474724,0.5929128339267266
2017-11-03,173.7125026,292.3250044,288.6333376,0.0069625,87127.08333,0.0,0.550000008,3.250000048,0.119861769,0.8987465240462309,0.6031434386994314
2017-11-04,162.0416691,318.6000047,290.2833377,0.0055375,86939.16667,0.0,1.970833363,4.408333399,0.119753584,1.2840184147406024,0.4304246552554563
2017-11-05,149.0458356,322.3958381,288.554171,0.0075125,86885.0,0.0,2.895833376,3.704166722,0.119646031,0.8650725147553042,0.6523193350466103
2017-11-06,168.4041692,288.191671,287.4375043,0.006,87057.5,0.0,2.083333364,2.962500044,0.119538482,0.8804811289944059,0.5614040744614426
2017-11-07,146.2583355,319.7500048,288.929171,0.006445833,87158.33333,0.0,2.195833366,2.2166667,0.11941631,0.9834884896987351,0.5479919098198964
2017-11-08,171.1583359,319.4625048,288.3833376,0.0070625,87086.25,0.0,1.254166685,1.36250002,0.119308121,1.1248032397268806,0.6215172457091819
2017-11-09,168.4416692,298.6541711,290.054171,0.0058375,87013.75,0.0,-0.91666668,1.641666691,0.119200572,1.1050502841677363,0.460844331424263
2017-11-10,166.8583358,286.9083376,290.166671,0.0061,86876.25,0.0,-0.070833334,1.525000023,0.119093023,0.9568283065744704,0.4773545670176787
2017-11-11,166.7166692,279.5916708,289.9500043,0.004504167,86875.0,0.0,0.550000008,1.595833357,0.118970847,0.9827657119551104,0.3573952265566881
2017-11-12,152.9416689,278.8375042,290.1958377,0.002704167,87144.58333,0.0,-1.083333349,1.075000016,0.118862662,0.9652290107614212,0.2118718422178439
2017-11-13,145.8125022,310.670838,292.0625044,0.003795833,87247.91667,0.0,0.104166668,1.812500027,0.118755113,1.1285131730004787,0.2644560393130105
2017-11-14,164.1000024,284.7166709,291.4500043,0.003345833,87167.08333,0.0,1.079166683,1.745833359,0.118632937,1.059167784003547,0.2420838479701307
2017-11-15,153.4708356,272.8625041,290.066671,0.002570833,87005.0,0.0,-0.266666671,1.57916669,0.118524752,0.8612780756883166,0.202772806256867
2017-11-16,159.141669,279.6000042,290.641671,0.002658333,86959.58333,0.0,0.237500004,1.387500021,0.118551163,0.9054211401691558,0.2020017249505281
2017-11-17,140.6250021,291.716671,290.2625043,0.004058333,86955.0,0.0,2.658333373,3.129166713,0.118568775,0.932739417636798,0.3159285855165077
2017-11-18,163.0333358,266.3708373,286.5958376,0.004120833,87152.5,0.0,-0.095833335,-1.458333355,0.118600374,0.6580557927097419,0.4079229416831736
2017-11-19,162.4750024,236.0291702,286.7916709,0.0017,87184.58333,0.0,-3.929166725,-0.341666672,0.118617982,0.8007537534563802,0.166189817905273
2017-11-20,155.966669,246.408337,286.4208376,0.002079167,87002.5,0.0,-2.2541667,0.954166681,0.118649581,0.6517874592983385,0.2078470242925406
2017-11-21,153.0625023,272.9041707,288.4833376,0.0025875,87117.91667,0.0,-0.387500006,-1.962500029,0.118681816,0.7167816228668618,0.2263154106279145
2017-11-22,153.3625023,286.6416709,291.2333377,0.003458333,87410.41667,0.0,-3.191666714,-1.112500017,0.118699428,0.8430100826353616,0.2543944153435118
2017-11-23,155.0000023,281.8250042,291.8875043,0.003854167,87343.75,0.0,-2.654166706,-1.250000019,0.118731027,0.7647555776580888,0.2718006550942987
2017-11-24,151.3375023,278.2541708,291.3458377,0.003891667,86919.16667,0.0,-0.100000001,-0.19166667,0.118763262,0.4025961105438361,0.2826366531194538
2017-11-25,151.3958356,280.2041708,291.3833377,0.003683333,87067.91667,0.0,0.616666676,0.029166667,0.118780871,0.4876815515127652,0.2673274547841677
2017-11-26,150.9791689,280.4750042,292.5708377,0.002954167,87333.75,0.0,-1.862500028,-0.037500001,0.11881247,0.6864974513708619,0.1995318244399241
2017-11-27,150.2791689,272.6666707,291.8000043,0.002991667,86891.25,0.0,-0.016666667,3.050000045,0.118830082,0.7696034815970589,0.2110465749979994
2017-11-28,151.5708356,255.1958371,287.0666709,0.003345833,86690.83333,0.0,1.008333348,0.862500013,0.118861681,0.4899313236029458,0.3194094489725217
2017-11-29,127.0583352,290.1083377,288.8000043,0.003045833,87153.75,0.0,-2.375000035,2.075000031,0.118893916,0.730548836882504,0.2611000111280168
2017-11-30,100.0416682,325.3708382,289.316671,0.0035875,87246.25,0.0,-1.237500018,1.008333348,0.118911528,0.6991941689690206,0.2977566949913905
2017-12-01,106.6125016,339.6291717,289.7625043,0.004425,87072.91667,0.0,-1.258333352,0.720833344,0.118943123,0.8142466629899652,0.3561736555185116
2017-12-02,108.3708349,335.225005,288.529171,0.004583333,87056.66667,0.0,0.491666674,1.445833355,0.118975358,0.7913873870076736,0.3994096110551342
2017-12-03,139.3833354,296.7208378,288.441671,0.004708333,86939.58333,0.0,1.59166669,2.187500033,0.11899297,0.7494849363692859,0.4120835305350741
2017-12-04,145.8541688,274.5833374,286.0583376,0.005233333,86661.25,0.0,2.383333369,2.2166667,0.119024569,0.5435246286169694,0.5337343177808264
2017-12-05,77.90416783,276.8083375,282.5250042,0.003133333,86905.0,0.0,-1.525000023,0.429166673,0.119056804,0.30197506069304,0.406203693429833
2017-12-06,146.7125022,255.4875038,283.4166709,0.002020833,87214.58333,0.0,-2.704166707,-2.450000037,0.119074412,0.6317228470750572,0.2474843803309289
2017-12-07,151.7541689,200.5791697,279.2166708,0.001058333,87279.16667,0.0,-4.250000063,-5.166666744,0.119106011,0.579533481597989,0.173126757838933
2017-12-08,146.9166689,225.55417,279.4833375,0.001479167,87616.25,0.0,-2.291666701,-2.262500034,0.119123623,0.4392833577832514,0.2384195168966728
2017-12-09,147.3083355,237.2291702,283.8750042,0.001670833,87670.0,0.0,-2.787500042,-0.487500007,0.119155222,0.513325742511803,0.1994278674310404
2017-12-10,144.5791688,237.9666702,285.6041709,0.001545833,87732.5,0.0,-4.325000064,0.262500004,0.119187457,0.6118388721086873,0.16448128006086
2017-12-11,144.2708355,240.5416703,285.9750043,0.001333333,87624.16667,0.0,-3.754166723,0.366666672,0.119205069,0.5883789055658,0.138254481713168
2017-12-12,147.8750022,229.4291701,286.0083376,0.0009875,87583.75,0.0,-3.850000057,-1.012500015,0.119236665,0.6282075184508685,0.1021219704107789
2017-12-13,146.6083355,229.1291701,285.0291709,0.0011625,87113.33333,0.0,-3.500000052,-0.045833334,0.1192689,0.5849841459473539,0.1276112769927815
2017-12-14,143.3708355,237.4333369,283.9583376,0.002,86714.58333,0.0,0.050000001,-0.320833338,0.119286512,0.275993574576694,0.234794604069256
2017-12-15,146.6166689,229.6541701,282.9791709,0.002029167,87153.33333,0.0,-2.979166711,-1.379166687,0.119318111,0.5014349248044088,0.2557955165371579
2017-12-16,133.9291687,239.7250036,281.9333375,0.001908333,86575.83333,0.0,-1.358333354,2.500000037,0.119315034,0.4846693137372721,0.2566118525611347
2017-12-17,88.11666798,289.0458376,280.7416709,0.003554167,86332.08333,3.000000045,-1.225000018,1.662500025,0.126084689,2.295665820901359,0.5172589859135253
2017-12-18,140.1833354,259.5625039,280.3458375,0.0043875,86869.16667,0.500000007,-0.487500007,-0.612500009,0.138800821,2.7859417669065643,0.6603494601513314
2017-12-19,140.2666688,244.1541703,280.4666708,0.003975,87195.0,0.0,1.75833336,0.208333336,0.133229294,1.6893448358240382,0.5955046343746617
2017-12-20,141.4916688,239.5375036,281.4083375,0.003279167,87111.25,0.0,-0.570833342,1.408333354,0.128840323,1.6074211173692698,0.459930819047134
2017-12-21,143.4166688,231.1833368,279.2250042,0.003275,86447.91667,0.0,3.254166715,3.204166714,0.125730544,1.122380639910343,0.5303272909857715
2017-12-22,144.6000022,212.1041698,274.7625041,0.001925,86972.91667,0.0,0.237500004,-2.129166698,0.12475382,0.8693049798829949,0.431004495081805
2017-12-23,138.4583354,237.3291702,280.0833375,0.001795833,87390.83333,0.0,-2.187500033,-0.304166671,0.123638495,1.1839168935429092,0.276905264769516
2017-12-24,141.9416688,251.6166704,284.2791709,0.001908333,87299.58333,0.0,-2.062500031,-0.141666669,0.12242526,1.3536662771694108,0.2207342606300836
2017-12-25,143.7958355,250.3000037,285.4541709,0.001816667,87164.16667,0.0,-0.158333336,1.837500027,0.121195495,1.2290761345204846,0.193969941220517
2017-12-26,141.7875021,244.3125036,284.7416709,0.001404167,87119.58333,0.0,-0.016666667,0.666666677,0.120476263,0.8831847111429454,0.1571390019093096
2017-12-27,142.0625021,267.187504,286.2750043,0.002033333,87318.75,0.0,-1.087500016,-0.625000009,0.119982734,1.0886857061014874,0.2059769543938633
2017-12-28,145.4083355,241.9125036,286.8416709,0.001679167,87397.5,0.0,-2.175000032,-1.204166685,0.119704735,0.9392419241634332,0.1640140148652554
2017-12-29,147.0166689,242.0083369,287.579171,0.001504167,87392.08333,0.0,-2.554166705,-0.720833344,0.119544993,0.9360295547578076,0.1399791456052973
2017-12-30,148.1250022,240.2041702,287.8708376,0.0015875,87303.75,0.0,-0.979166681,0.058333334,0.119468537,0.6188279777193506,0.1448016932421761
2017-12-31,142.5458355,241.5000036,286.1666709,0.001633333,87091.66667,0.0,0.195833336,1.691666692,0.119425778,0.677863025669826,0.166211932115071
2018-01-01,138.3041687,224.9875034,280.2125042,0.00165,82506.66667,0.0,-0.0125,1.104166683,0.119406543,0.4596792576484401,0.2380558334736219
2018-01-02,133.4458353,228.8250034,280.9750042,0.001483333,82530.0,0.0,-0.870833346,-1.737500026,0.119401296,0.5053921419146759,0.203074760418799
2018-01-03,105.7125016,248.895837,281.4750042,0.001595833,82465.83333,0.0,-4.075000061,0.65000001,0.119399223,0.5800451520467269,0.2109249153687394
2018-01-04,134.387502,285.8416709,283.2583376,0.0022625,82422.5,0.70000001,-0.250000004,1.545833356,0.119395247,1.2664333271220185,0.2646747334731002
2018-01-05,138.4291687,238.3041702,282.4125042,0.002704167,82715.41667,0.0,0.70000001,-0.200000003,0.119401443,0.6401024361451515,0.3362325918793802
2018-01-06,122.9416685,256.8125038,283.0333376,0.0026,82566.25,0.0,0.487500007,0.391666673,0.119400646,0.643607779292717,0.3093655945477364
2018-01-07,139.7875021,278.6666708,283.6916709,0.002975,82313.33333,0.0,1.354166687,0.150000002,0.11939667,0.923836469206256,0.3375386802028943
2018-01-08,131.5333353,271.5083374,286.0875043,0.0033875,86404.16667,0.0,-2.00000003,-0.67500001,0.119406681,0.7240571622522101,0.3437937425573247
2018-01-09,56.11250084,321.7166715,286.9083376,0.004729167,86132.91667,0.0,-2.066666697,-0.733333344,0.119402705,0.5015923096019672,0.4532513486830872
2018-01-10,72.05000107,308.9375046,280.7625042,0.006095833,85667.5,10.90000016,2.450000037,0.308333338,0.119412716,13.98929683047996,0.8790675895066804
2018-01-11,142.2708355,272.1833374,280.6541708,0.005629167,86327.5,0.0,1.370833354,-0.058333334,0.11940874,15.443029599669634,0.8241702869538016
2018-01-12,145.6375022,240.0875036,283.8208376,0.003970833,86682.08333,0.0,0.075000001,-1.116666683,0.119418751,9.486063362233564,0.4703237605436845
2018-01-13,149.1416689,234.0125035,285.7250043,0.002641667,86770.0,0.0,-2.2291667,-2.179166699,0.119414775,17.214659221516815,0.2757773783118754
2018-01-14,148.7500022,238.7583369,286.2125043,0.002454167,86782.91667,0.0,-1.291666686,-1.687500025,0.119424786,9.617036002963273,0.2481040509758822
2018-01-15,139.5000021,253.8750038,286.1166709,0.002966667,86552.08333,0.0,-1.55416669,-0.604166676,0.119435433,6.147865923240444,0.3010181434654138
2018-01-16,121.2208351,261.4083372,284.5833376,0.00305,86560.83333,0.0,-3.191666714,-2.520833371,0.119458432,5.582269711819317,0.3427448274244536
2018-01-17,150.2083356,261.5833372,282.1625042,0.002783333,86705.83333,0.0,-0.970833348,-1.791666693,0.119496595,4.254788556818612,0.3690100832396701
2018-01-18,153.391669,235.4416702,283.7208376,0.002725,86622.08333,0.0,-0.295833338,-0.683333344,0.119535391,2.45584446801729,0.3247188700717668
2018-01-19,152.0875023,240.2500036,284.6375042,0.002695833,86297.91667,0.0,-1.191666684,-1.575000023,0.119574189,2.491018362021165,0.3009321053753147
2018-01-20,51.61666744,272.0041707,282.1375042,0.003404167,85810.41667,6.100000091,0.0125,-1.558333357,0.119598365,4.713127905067964,0.4474215917075807
2018-01-21,156.2750023,242.870837,275.1333374,0.003833333,85984.16667,1.500000022,1.750000026,-0.708333344,0.2243417,10.681281595990573,0.8260181567131782
2018-01-22,138.8708354,211.8416698,275.8625041,0.002245833,86517.5,0.0,0.270833337,-0.608333342,0.259501144,3.002907850211873,0.4619875283951007
2018-01-23,158.366669,213.2583365,279.7208375,0.001441667,86440.83333,0.0,-1.545833356,-2.537500038,0.235655484,12.627705570702869,0.225492691655577
2018-01-24,165.0791691,206.1083364,282.1125042,0.001516667,86673.33333,0.0,-3.270833382,-1.945833362,0.207853351,10.185815087861354,0.2016894959063656
2018-01-25,163.7125024,213.0083365,283.8000042,0.001358333,86384.58333,0.0,-3.320833383,-1.237500018,0.179410348,7.863665527996791,0.1605602117435987
2018-01-26,162.5250024,218.3625033,282.0083375,0.002204167,86195.83333,0.0,0.600000009,-1.366666687,0.155599657,3.693465206723397,0.2935819944846403
2018-01-27,165.6625025,218.6291699,281.7916709,0.001679167,86591.66667,0.0,-1.31250002,-1.062500016,0.141697644,3.4070587395445164,0.2280376525221273
2018-01-28,165.4416691,229.0000034,285.0625042,0.001345833,86760.0,0.0,-2.366666702,-3.825000057,0.132662546,4.060511383191514,0.1468103613097768
2018-01-29,169.1833359,232.5416701,286.6041709,0.0019875,86891.66667,0.0,-4.408333399,-3.12083338,0.126305369,3.403565016444258,0.1960469828667066
2018-01-30,169.2791692,234.8958368,287.4500043,0.001854167,86732.5,0.0,-3.170833381,-0.366666672,0.122875969,2.727485418250896,0.1727005350470359
2018-01-31,171.4583359,236.4666702,286.7875043,0.00225,86347.08333,0.0,-1.487500022,-0.658333343,0.121317045,2.028594626317522,0.2179038916394616
2018-02-01,169.8708359,241.5916703,287.2291709,0.002233333,86129.16667,0.0,-0.90416668,-1.32500002,0.120599898,1.8627028244449355,0.2095782450927611
2018-02-02,169.5208359,247.4666704,287.5083376,0.002366667,86644.16667,0.0,-1.516666689,-1.408333354,0.120292828,1.774452529009547,0.2193726949158966
2018-02-03,171.6958359,251.0833371,286.8166709,0.002445833,86449.58333,0.0,-0.858333346,-1.629166691,0.12019239,1.5905011370552726,0.2366963495250198
2018-02-04,173.8666693,245.5750037,286.6791709,0.003091667,86356.66667,0.0,-1.041666682,-0.841666679,0.120162521,1.2880388548603523,0.3015913427781579
2018-02-05,174.6666693,246.5041703,287.0583376,0.003195833,86244.16667,0.0,-0.729166678,-1.191666684,0.120172074,1.1794899875893212,0.3036837933873864
2018-02-06,175.5166693,245.2416703,286.3958376,0.0033875,86075.41667,0.0,1.545833356,-1.400000021,0.120196249,1.043279637709562,0.3355809903885225
2018-02-07,180.833336,232.4458368,284.8083376,0.002404167,86635.41667,0.0,-0.270833337,-1.562500023,0.120233137,0.9317364163864958,0.2663632893995142
2018-02-08,180.5250027,242.5458369,287.504171,0.001754167,86730.0,0.0,-1.470833355,-1.09583335,0.120258585,1.0543809087306015,0.16280385741375
2018-02-09,182.7750027,247.7791704,288.3625043,0.0022125,86322.08333,0.0,-0.770833345,-1.254166685,0.12029738,0.99466896173545,0.1932581717140133
2018-02-10,181.9375027,241.4500036,286.9875043,0.002266667,85847.08333,0.0,0.975000015,-1.645833358,0.120321556,0.8648524384301615,0.2153973524175137
2018-02-11,186.5833361,241.7750036,283.7083376,0.002316667,85736.25,0.0,-0.270833337,-0.47083334,0.120359719,0.9260656931369378,0.273467968292659
2018-02-12,110.5416683,277.3333375,282.2416709,0.004545833,85758.75,0.0,0.87916668,0.170833336,0.120398514,0.4452404249567119,0.5928845643288094
2018-02-13,134.387502,329.7875049,282.2791709,0.005804167,86241.25,2.900000043,0.712500011,0.258333337,0.120437313,6.194163534463913,0.7593153597031252
2018-02-14,98.17916813,302.8250045,283.4375042,0.004925,86566.66667,0.70000001,-0.745833344,-1.416666688,0.120461485,3.2289125104377803,0.5978246405042349
2018-02-15,90.50833468,332.8333383,280.6083375,0.006741666,86351.66667,11.70000017,0.179166669,-0.383333339,0.120499648,26.67089052264177,0.990461756230309
2018-02-16,114.5625017,315.2375047,282.2375042,0.005895833,86443.75,0.100000001,-0.541666675,-0.333333338,0.120605179,22.772708912747948,0.7753190609741754
2018-02-17,184.2458361,279.5166708,282.8083375,0.0058125,86443.75,0.0,-0.316666671,-0.350000005,0.120713615,24.100363741006905,0.735229267515649
2018-02-18,109.9166683,288.454171,283.6083376,0.005666667,86110.83333,0.300000004,0.720833344,-1.104166683,0.12082205,11.34392887284378,0.6763834351814388
2018-02-19,145.2333355,302.2500045,281.4833375,0.006466667,85354.16667,13.5000002,2.91666671,1.520833356,0.120930482,45.72409603176836,0.8841442950436519
2018-02-20,132.075002,288.4583376,275.4083374,0.002241667,85656.25,9.500000142,2.87916671,0.183333336,0.123865609,59.856591707104,0.4717285785280389
2018-02-21,155.691669,242.2375036,275.9833374,0.002283333,86097.08333,0.0,0.495833341,-0.920833347,0.124482031,21.292395369059417,0.4633766394502228
2018-02-22,208.0750031,226.6250034,276.2500041,0.002020833,86197.5,0.0,1.516666689,-0.462500007,0.123841234,25.765611595421078,0.4028002740522679
2018-02-23,181.3666694,222.0625033,276.4541708,0.002641667,86190.41667,0.0,1.683333358,-0.920833347,0.123391049,14.43611903303344,0.5188604007374619
2018-02-24,207.6166698,243.6541703,274.7000041,0.002683333,86256.25,0.0,1.36250002,-0.425000006,0.124382517,13.296793718253715,0.5985535839890946
2018-02-25,214.7416699,200.137503,276.5500041,0.0017375,86277.91667,0.0,0.595833342,-0.066666668,0.123953548,8.11754654357363,0.339281755715883
2018-02-26,216.0708366,209.3875031,280.5541708,0.001670833,86198.33333,0.0,-1.283333352,-0.100000001,0.123277906,7.370055300010866,0.245956687542886
2018-02-27,174.6375026,252.4125038,281.6875042,0.001454167,85772.08333,1.800000027,0.029166667,-0.21666667,0.122703377,9.379736197358872,0.1970135218742481
2018-02-28,87.09166796,294.2333377,276.7708375,0.0044,85833.75,1.500000022,2.154166699,0.695833344,0.158581443,5.733734093114173,0.8413851288330799
2018-03-01,226.12917,227.0666701,278.4625041,0.00365,86377.08333,0.0,0.004166667,0.233333337,0.165196357,10.85038415548778,0.623021128338883
2018-03-02,230.3083368,232.9083368,283.7708376,0.002833333,86247.91667,0.0,-1.900000028,-0.133333335,0.140549753,8.952766526341806,0.3350388064385275
2018-03-03,232.4083368,236.5375035,284.9750042,0.002254167,86135.83333,0.0,0.825000012,-1.858333361,0.12949493,7.1152766057954855,0.2455561714323933
2018-03-04,203.325003,256.2583372,281.6416709,0.003345833,86112.08333,0.0,1.670833358,-0.087500001,0.125512579,4.70318428512536,0.4565292825847032
2018-03-05,234.6708368,219.7291699,280.2416708,0.0021875,86292.08333,0.0,0.170833336,-0.22916667,0.124157961,5.445630623421491,0.3294171808107776
2018-03-06,230.8666701,222.56667,283.7250042,0.000825,86327.08333,0.0,-0.758333345,-1.245833352,0.123554182,3.696251455900627,0.0979470661546176
2018-03-07,220.7708366,241.4000036,285.5166709,0.001429167,84443.33333,0.0,-2.441666703,-0.054166667,0.123151917,3.274340372454925,0.1472195947022186
2018-03-08,230.2583368,279.8541708,285.8208376,0.002583333,82191.66667,0.0,2.004166697,0.629166676,0.12297283,3.479101397463117,0.253839750781622
2018-03-09,242.1000036,241.1916703,285.3875043,0.0018125,83807.91667,0.0,1.391666687,1.300000019,0.122919617,2.7793201600191435,0.1868999975338709
2018-03-10,151.4250023,285.8416709,284.0875042,0.0026125,81953.33333,0.0,2.716666707,2.02500003,0.122962282,1.926548978584878,0.2873535917146734
2018-03-11,157.4958357,324.6333382,281.9000042,0.00625,82187.91667,14.40000021,1.308333353,2.625000039,0.123050907,58.28437464205378,0.7996577938617946
2018-03-12,225.92917,290.4125043,286.0875043,0.006995833,86450.83333,0.100000001,-2.720833374,-0.179166669,0.123150214,48.79618390711554,0.7103830583685882
2018-03-13,241.4416703,280.9416709,288.0875043,0.005179167,86246.25,0.0,-1.80833336,-0.091666668,0.123254137,36.9606605661521,0.4601479654596953
2018-03-14,169.0791692,297.2666711,289.1833376,0.004966667,86095.83333,0.0,-1.429166688,0.045833334,0.123366251,16.806813310008593,0.4103025189980629
2018-03-15,110.1250016,300.3708378,284.1125042,0.005633333,85766.66667,0.0,2.875000043,0.67500001,0.123464106,6.654520547986788,0.6473631930883988
2018-03-16,232.0958368,253.0291704,282.2125042,0.004170833,85913.33333,0.0,1.470833355,-1.170833351,0.123530265,8.494447376888921,0.546041848136048
2018-03-17,226.8875034,260.7125039,282.3000042,0.00385,85827.91667,0.300000004,1.641666691,-0.654166676,0.123609694,8.086131257485285,0.5005407948193034
2018-03-18,241.5875036,292.054171,280.1041708,0.0037625,85908.75,2.600000039,2.858333376,0.391666673,0.125502378,18.519076446826556,0.5694885852194888
2018-03-19,264.7041706,229.3333368,280.5250042,0.0021375,86207.91667,0.0,0.720833344,0.187500003,0.12654311,11.789340181910635,0.3153235106237539
2018-03-20,240.9666703,236.8625035,284.1500042,0.001708333,86187.08333,0.0,-0.045833334,-0.220833337,0.125102382,9.562481298698351,0.196781627295827
2018-03-21,243.7125036,268.7416707,287.4291709,0.0021625,86125.83333,0.0,0.370833339,-0.008333333,0.124413152,9.38041233011677,0.2002831706824493
2018-03-22,227.2958367,295.8833377,290.5500043,0.003795833,86415.0,0.0,-0.208333336,-0.525000008,0.124121283,7.156641639939997,0.2883131901244314
2018-03-23,257.7541705,318.4375047,289.9458377,0.004683333,86327.5,0.0,2.775000041,-0.345833338,0.12405512,4.743019035561204,0.369368363522745
2018-03-24,249.5916704,277.9333375,287.604171,0.003870833,86075.0,0.0,1.000000015,0.083333335,0.124094494,4.165766563041876,0.3542152048856086
2018-03-25,261.3250039,297.3125044,285.0125042,0.0032,85855.41667,0.0,1.354166687,-0.529166675,0.124159299,3.5813695058958164,0.3465867642002228
2018-03-26,274.8208374,241.4375036,284.1833376,0.002658333,85667.08333,0.0,1.158333351,-0.100000001,0.124238731,2.8133682528008865,0.3036832504199227
2018-03-27,254.0333371,243.4291703,282.1833375,0.003229167,85848.75,0.0,-0.133333335,0.258333337,0.124304172,3.4077226739261466,0.4232837321271019
2018-03-28,275.7416708,241.5000036,283.4375042,0.002620833,86154.16667,0.0,0.86666668,-0.404166673,0.124368981,2.569363254324218,0.3166157508625948
2018-03-29,276.7791708,256.0958371,286.8791709,0.002475,86233.33333,0.0,1.033333349,-0.437500007,0.124448409,2.817058107585837,0.237940303086222
2018-03-30,278.3166708,267.0458373,289.4250043,0.003041667,86355.41667,0.0,0.550000008,-0.745833344,0.124513854,3.15017990231284,0.2481378518446503
2018-03-31,278.3458375,266.6541706,290.954171,0.0029375,86376.66667,0.0,0.42083334,-0.600000009,0.124578659,3.178425369396752,0.2173487486965635
2018-04-01,253.5125038,292.191671,291.6250043,0.002825,86083.33333,0.0,0.670833343,-1.433333355,0.124643464,2.809255729549643,0.199633419423856
2018-04-02,293.1750044,263.6416706,290.154171,0.002191667,85725.0,0.0,1.679166692,-1.36250002,0.124708273,2.722960064348192,0.1693712935105654
2018-04-03,293.641671,263.7625039,289.8250043,0.002745833,85772.91667,0.0,1.891666695,-0.341666672,0.124787701,2.593817906784325,0.2168437301881016
2018-04-04,293.791671,277.5208375,290.4208377,0.0034375,86227.08333,0.0,0.704166677,-0.68750001,0.124853146,2.942467800973312,0.2626860080064838
2018-04-05,287.2083376,281.3250042,291.429171,0.003716667,86182.08333,0.0,0.945833347,-0.566666675,0.124917951,2.8093230062463515,0.2662276348688029
2018-04-06,273.2625041,285.0958376,291.6125043,0.00345,85617.5,0.0,1.32500002,-0.429166673,0.124997379,2.5956287501773514,0.2426727125618857
2018-04-07,291.604171,305.7541712,292.3833377,0.004729167,85873.33333,0.0,2.191666699,-0.170833336,0.125062824,2.757488484055455,0.3178024472030575
2018-04-08,297.7708378,312.0166713,292.3083377,0.0078,85843.33333,0.0,3.250000048,0.641666676,0.125142252,2.3045456371878825,0.526459837301717
2018-04-09,309.970838,265.3916706,292.554171,0.003016667,86151.66667,0.0,0.629166676,-0.425000006,0.125207697,2.7997690476626933,0.2012059497984108
2018-04-10,307.0000046,269.6291707,294.2291711,0.002025,86497.5,0.0,-1.229166685,-0.312500005,0.125274124,2.654772478252128,0.1221439162967487
2018-04-11,303.5375045,274.9041708,294.7958377,0.002175,86260.41667,0.0,1.32500002,-0.708333344,0.125343857,2.575947052600454,0.1263241327091799
2018-04-12,308.9416713,273.0875041,291.854171,0.002733333,85829.58333,0.0,2.741666708,0.745833344,0.125410903,2.2920230246394366,0.1898156906875374
2018-04-13,319.9291714,219.8625033,284.0958376,0.001325,85935.41667,0.0,2.512500037,0.391666673,0.12547663,1.6126987359342642,0.1527349879359892
2018-04-14,321.1916715,220.7458366,284.4833376,0.001333333,86540.83333,0.0,0.166666669,0.19166667,0.125549446,2.243368142228283,0.150805704062145
2018-04-15,321.6333381,236.7666702,289.504171,0.001375,86386.66667,0.0,-0.43333334,-0.112500002,0.125609619,2.2131370935215453,0.1116420496575293
2018-04-16,291.7958377,264.7208373,291.841671,0.001329167,86092.08333,0.0,1.658333358,-0.900000013,0.125684105,1.9801676136537083,0.092659147316444
2018-04-17,321.0541715,262.4500039,287.7875043,0.002041667,86033.75,0.0,2.808333375,1.166666684,0.125759262,1.849748199559483,0.1845190218382496
2018-04-18,325.2333382,235.0291702,286.0708376,0.001354167,86271.66667,0.0,-0.679166677,0.075000001,0.125849109,1.9996835318493889,0.1373735524342576
2018-04-19,310.3500046,249.5375037,289.966671,0.001570833,86032.08333,0.0,0.154166669,1.154166684,0.125910276,1.941166355964315,0.1233007574253025
2018-04-20,307.7416713,247.4375037,283.2833376,0.003229167,85903.33333,0.0,3.137500047,0.837500012,0.12598481,1.2936398916938547,0.3930466053231855
2018-04-21,319.0750048,271.3833374,286.4958376,0.003816667,86374.58333,0.0,1.575000023,-0.462500007,0.126060009,1.7564437050252504,0.3769165239730727
2018-04-22,264.5000039,289.766671,292.5958377,0.003341667,86200.41667,0.0,-0.454166673,-0.537500008,0.126135143,2.0021947765724897,0.2224260039955161
2018-04-23,321.7000048,286.9333376,293.9750044,0.002970833,86206.66667,0.0,0.67500001,-0.375000006,0.126210313,2.5803231852998336,0.1814321609440143
2018-04-24,324.5875048,282.5916709,294.6166711,0.002725,86280.41667,0.0,0.500000007,0.050000001,0.126285498,2.6338378031609824,0.1600669463193567
2018-04-25,322.9500048,287.729171,295.2458377,0.002870833,86327.5,0.0,0.983333348,-0.383333339,0.126360694,2.357122003231701,0.1623034004456348
2018-04-26,315.2125047,294.1458377,295.8375044,0.003116667,86135.41667,0.0,0.970833348,-0.86666668,0.126435879,2.2255429807814138,0.1695389662207259
2018-04-27,292.0083377,313.5916713,295.7875044,0.0036375,86085.0,0.0,-1.36250002,-0.320833338,0.126496437,2.096581100956948,0.1983617841969537
2018-04-28,323.4833382,333.312505,296.0416711,0.004058333,85874.16667,0.0,-0.270833337,0.300000004,0.126575443,2.9632906455617576,0.2173609211917565
2018-04-29,330.9666716,271.037504,293.2458377,0.003166667,85858.33333,0.0,2.387500036,-0.0125,0.126651339,1.7279626853399994,0.2015638601379635
2018-04-30,331.2750049,261.7875039,289.9583377,0.003175,85779.16667,0.0,2.633333373,0.075000001,0.126732399,1.450138322747273,0.2486181957573253
2018-05-01,304.6791712,278.4500041,287.479171,0.003895833,85620.41667,0.0,1.750000026,0.712500011,0.12679459,1.2658263555690272,0.3575296795058452
2018-05-02,259.7250039,306.4750046,283.3125042,0.005275,85765.41667,3.400000051,1.912500028,0.754166678,0.126869428,8.455979936577522,0.639766312077462
2018-05-03,337.675005,280.1583375,284.6625042,0.004245833,86300.41667,0.0,1.062500016,0.183333336,0.126944906,8.568233742651001,0.4731780675793324
2018-05-04,346.5458385,275.5500041,290.7958377,0.0036,86631.25,0.0,0.0,-0.758333345,0.127020384,9.934966758585672,0.2698594254268443
2018-05-05,349.1083385,282.4041709,295.4333377,0.002825,86562.5,0.0,-2.479166704,0.050000001,0.127095862,6.489244067138792,0.1583114806808704
2018-05-06,331.2291716,297.5583378,298.5875044,0.002870833,86385.83333,0.0,-3.212500048,0.033333334,0.127171341,5.821711203544529,0.1325784900891723
2018-05-07,311.783338,316.3166714,298.9375045,0.003791667,86440.41667,0.0,0.579166675,-0.87916668,0.127246815,6.216707212538255,0.1715802899084248
2018-05-08,348.1708385,295.4333377,298.2666711,0.003079167,86315.41667,0.0,0.791666678,-0.22916667,0.127322293,6.200027616278407,0.1448469629479029
2018-05-09,350.4083386,295.2666711,299.0958378,0.002620833,86169.58333,0.0,0.937500014,0.108333335,0.127391198,5.669547176454231,0.1171127029555786
2018-05-10,345.4833385,296.7250044,298.8666711,0.0027875,85988.33333,0.0,1.966666696,-0.425000006,0.127461175,4.445431298433669,0.1260128759518469
2018-05-11,349.9333385,296.0666711,297.0541711,0.0037875,85747.08333,0.0,2.570833372,0.466666674,0.12754086,3.7751877065047816,0.1904408479171748
2018-05-12,350.4250052,292.379171,293.2000044,0.004083333,85755.0,0.0,2.68750004,2.775000041,0.127612737,2.9351570681029555,0.2603431511063941
2018-05-13,354.2958386,279.8291708,290.5708377,0.00355,86016.66667,0.0,1.604166691,0.525000008,0.127683879,2.9412125157717006,0.2680413510021214
2018-05-14,351.6333386,281.6958375,291.9875044,0.003233333,86065.83333,0.0,1.812500027,-0.704166677,0.127758579,2.828584912614057,0.2232685271239814
2018-05-15,354.991672,287.1250043,293.566671,0.003825,86122.5,0.0,0.800000012,-0.516666674,0.127833578,3.3711470154980665,0.2393755005641103
2018-05-16,360.216672,282.2791709,294.9708377,0.002945833,86194.16667,0.0,0.775000012,-0.908333347,0.127869276,3.1415764561517787,0.1691267690627505
2018-05-17,358.454172,284.6541709,295.8041711,0.002404167,85942.08333,0.0,1.837500027,-0.600000009,0.127897839,2.832594043209475,0.1307538807126016
2018-05-18,362.2875054,272.8541707,293.4458377,0.002458333,85775.83333,0.0,2.016666697,0.162500002,0.127917513,2.5397811201714227,0.1543867123330315
2018-05-19,356.7500053,279.7125042,293.7833377,0.002483333,85858.33333,0.0,0.875000013,0.258333337,0.127950455,2.961187255848221,0.1528581488135614
2018-05-20,356.2625053,286.3000043,294.7875044,0.002829167,85920.83333,0.0,1.225000018,-0.554166675,0.127984708,2.788162528117051,0.1637555499281024
2018-05-21,330.5500049,293.029171,295.0166711,0.0026,85789.16667,0.0,1.000000015,0.558333342,0.128007222,2.6912841243969505,0.1481511709914505
2018-05-22,359.1500054,285.8458376,293.654171,0.003516667,85773.33333,0.0,1.954166696,1.045833349,0.128037485,2.4053022766955365,0.2179953622972649
2018-05-23,359.1833387,290.6625043,293.4583377,0.003729167,86006.25,0.0,1.408333354,0.258333337,0.128069505,2.6160821110365267,0.2346428988579184
2018-05-24,357.9708387,295.7083377,295.2958377,0.003508333,86295.0,0.0,1.516666689,-0.029166667,0.12809482,2.7138896106609307,0.197661108652442
2018-05-25,360.354172,286.9208376,296.1083377,0.0031,86342.08333,0.0,1.662500025,-0.695833344,0.128130037,2.62413633563067,0.166259139923966
2018-05-26,362.2666721,284.6750042,294.7791711,0.002775,84236.66667,0.0,1.77083336,1.495833356,0.128154054,2.422923509033618,0.157552968328641
2018-05-27,364.0166721,265.7458373,289.729171,0.002695833,81937.08333,0.0,2.400000036,2.420833369,0.128176025,1.8518522648803648,0.2046297561798647
2018-05-28,363.6041721,281.6833375,291.8458377,0.003470833,83894.16667,0.0,2.866666709,1.429166688,0.128212373,1.9166976234756092,0.235720137561671
2018-05-29,359.966672,305.9291712,296.7916711,0.004258333,85930.41667,0.0,1.675000025,0.233333337,0.128235005,2.4197894550322188,0.2180210191884333
2018-05-30,361.3000054,334.5208383,297.6208378,0.003908333,85800.41667,0.0,2.087500031,-0.045833334,0.128271597,2.525477315838605,0.1900072634569115
2018-05-31,366.9041721,292.266671,297.3833378,0.002658333,85869.16667,0.0,1.962500029,-0.025,0.128294235,2.2315018861706144,0.1312116371493193
2018-06-01,358.5875053,287.3833376,296.7958378,0.003016667,86056.25,0.0,1.695833359,-0.575000009,0.128330818,2.0361126294195837,0.1546363559925297
2018-06-02,355.7750053,292.4500044,298.5083378,0.002779167,86227.5,0.0,-0.087500001,0.625000009,0.128353414,2.3433199738648343,0.1287197752235741
2018-06-03,359.604172,294.2375044,299.8125045,0.002291667,86166.66667,0.0,0.491666674,0.020833334,0.128390002,2.467602889375056,0.0981209308966402
2018-06-04,356.6125053,303.9625045,300.7958378,0.002095833,86165.83333,0.0,0.233333337,-0.083333335,0.12841215,2.6736759375043717,0.0846619596932905
2018-06-05,344.5250051,312.9375047,299.9000045,0.0034125,86093.33333,0.0,1.441666688,-1.175000018,0.128432529,2.1264868827513923,0.1452300163452914
2018-06-06,329.7166716,328.1750049,299.5500045,0.004691667,86012.08333,0.0,1.241666685,-0.487500007,0.128467485,2.1738173731094683,0.2036744217051077
2018-06-07,351.4375052,315.4625047,299.1166711,0.0030875,86095.41667,0.0,0.354166672,-0.541666675,0.12850308,2.5190503495713985,0.1376756967522366
2018-06-08,353.5625053,317.3791714,300.3458378,0.003416667,86246.25,0.0,1.033333349,0.116666668,0.128524049,2.3972861647112267,0.1418672643676397
2018-06-09,350.4208386,316.6875047,301.5000045,0.003433333,86210.83333,0.0,1.837500027,-0.575000009,0.128559004,2.2313400067941425,0.1331345840141493
2018-06-10,358.329172,305.6166712,299.9916711,0.003095833,85990.0,0.0,2.112500031,0.175000003,0.128579976,2.134259762634987,0.1308811728371703
2018-06-11,360.4083387,295.3583377,299.6083378,0.002620833,85960.0,0.0,1.908333362,-0.233333337,0.128614932,2.098547608402116,0.1133125433248257
2018-06-12,356.454172,306.0166712,301.1833378,0.003029167,86012.5,0.0,0.804166679,-0.21666667,0.1286359,2.389471898902808,0.1193914589157516
2018-06-13,308.7166713,341.8583384,302.3375045,0.003579167,86043.33333,0.0,0.90416668,0.029166667,0.12867086,2.2977363912739297,0.1319009938032717
2018-06-14,277.4625041,363.2291721,303.2500045,0.005533333,85959.58333,0.0,1.237500018,0.091666668,0.128691828,2.132545233080857,0.1932029984220385
2018-06-15,268.0208373,377.7916723,300.4000045,0.007320833,85877.5,0.0,2.058333364,0.958333348,0.128726784,1.894341959003761,0.3017086181887882
2018-06-16,186.8916695,378.1166723,292.129171,0.0121375,85740.83333,14.60000022,1.504166689,0.487500007,0.128846943,72.5729138160441,0.827527906785656
2018-06-17,338.125005,338.775005,292.6583377,0.010345833,85946.25,0.300000004,0.883333346,0.075000001,0.128956156,76.46868551210692,0.6839132376400362
2018-06-18,352.8125053,315.4916714,296.4250044,0.005725,86128.75,0.0,1.787500027,-0.670833343,0.12907936,49.08659693034616,0.3004209119901283
2018-06-19,356.241672,307.4750046,298.3500044,0.0041,86127.91667,0.0,1.166666684,-0.283333338,0.129188573,23.67204245219612,0.1914876775988217
2018-06-20,359.0875054,309.1958379,300.0000045,0.0040125,86120.0,0.0,1.100000016,-0.200000003,0.129326397,16.042759380053006,0.169807190913723
2018-06-21,355.6958386,319.5083381,302.0041712,0.00415,86173.75,0.0,0.883333346,0.150000002,0.129436245,11.86670332341792,0.156177775749568
2018-06-22,357.7000053,318.1000047,302.8791712,0.003854167,86065.0,0.0,1.879166695,-0.004166667,0.129559446,7.724511021807404,0.1376652641085157
2018-06-23,352.6750053,320.0250048,301.9000045,0.004441667,85918.75,0.0,2.795833375,-0.295833338,0.129668659,5.619098811255947,0.1676772813342108
2018-06-24,350.6666719,337.8583384,299.8125045,0.006104167,86047.5,0.0,2.841666709,0.508333341,0.129791863,4.635027670203412,0.2609970026328152
2018-06-25,349.2000052,336.0541717,300.1041711,0.005308333,86174.58333,0.0,1.958333363,0.0,0.129901076,4.728794605277284,0.2234044775933829
2018-06-26,352.6666719,331.4458383,301.6958378,0.004125,86226.25,0.0,1.183333351,0.541666675,0.130024276,5.031963231413965,0.1581584034890565
2018-06-27,353.0958386,324.5458382,302.5750045,0.003054167,86212.08333,0.0,1.250000019,0.304166671,0.130148112,4.620210610730183,0.1112254229118178
2018-06-28,349.2541719,330.8916716,302.1583378,0.0045,86116.25,0.0,2.325000035,0.22916667,0.130271949,3.846168105213663,0.1677197735545772
2018-06-29,338.2416717,344.0541718,299.6833378,0.0064375,86085.0,0.0,2.429166703,-0.21666667,0.130381162,3.3248779774193995,0.2774914343161841
2018-06-30,352.4708386,330.1166716,298.4416711,0.005420833,86160.0,0.0,1.675000025,0.245833337,0.130504365,3.42732576345763,0.251880259233023
2018-07-01,336.387505,306.5041712,298.5208378,0.003195833,86310.41667,0.0,1.558333357,-0.050000001,0.130628202,3.08167725731527,0.1480493232398657
2018-07-02,333.5083383,313.533338,300.3291711,0.0029875,86270.83333,0.0,1.458333355,0.008333333,0.130737415,3.1862241625693355,0.1242051192958235
2018-07-03,332.912505,320.9291714,300.8458378,0.003775,86213.33333,0.0,2.162500032,0.116666668,0.130860615,3.029873955567881,0.1521275408401788
2018-07-04,194.3583362,364.0625054,300.7916711,0.005595833,86393.75,0.0,1.729166692,0.275000004,0.130969828,2.086321507865171,0.2266993726243171
2018-07-05,309.7583379,375.0416723,303.1666712,0.006666666,86550.83333,0.0,-1.083333349,-0.600000009,0.131093029,3.5423841587430407,0.2355093105939665
2018-07-06,299.4083378,391.9166725,301.9541712,0.010283333,86775.41667,0.0,-5.14583341,0.42083334,0.131216865,2.6011818337479427,0.3908370042982543
2018-07-07,312.9000047,382.0750057,303.5083379,0.008745833,86597.5,0.0,-2.341666702,1.166666684,0.131340704,3.08949754048229,0.3030762806276442
2018-07-08,294.2875044,382.7500057,301.8250045,0.0099625,86381.66667,0.0,-0.895833347,-0.525000008,0.131449918,3.2649304931266148,0.3797827688842821
2018-07-09,290.8500043,388.7333391,300.0625045,0.011216666,86425.83333,3.400000051,-2.016666697,-0.233333337,0.131573118,19.43278254609648,0.4746075310555716
2018-07-10,259.6916705,381.8750057,297.7875044,0.011416666,86570.83333,0.100000001,-2.937500044,0.91666668,0.131682331,7.062961705404447,0.5544092324800614
2018-07-11,270.4291707,387.8750058,296.2125044,0.012933333,86374.16667,0.600000009,0.087500001,0.162500002,0.131805531,18.735118138789137,0.6894962893935406
2018-07-12,264.1416706,390.9666725,295.5916711,0.014408333,86072.91667,6.400000095,0.220833337,0.387500006,0.131929367,53.23488134407871,0.7951013484721212
2018-07-13,270.412504,395.4791726,297.1125044,0.013825,86103.33333,14.50000022,0.770833345,0.22916667,0.132053207,122.56013589446806,0.6955630586693953
2018-07-14,252.8416704,390.4541725,297.1375044,0.0132,86043.33333,0.400000006,-0.475000007,-1.13333335,0.13216242,60.369957805886,0.662649973407175
2018-07-15,238.9708369,400.2666726,294.7041711,0.014733333,85993.33333,8.500000127,-0.312500005,-1.383333354,0.132285621,94.4552551419324,0.8579067165214319
2018-07-16,270.775004,385.7041724,296.2583377,0.014979166,85942.91667,1.200000018,-0.258333337,-0.550000008,0.132099221,68.91803962191594,0.7923553572817033
2018-07-17,307.1166712,399.0958393,297.5916711,0.013658333,86008.33333,0.400000006,-1.491666689,-0.620833343,0.13188471,57.664849924200055,0.666795633001432
2018-07-18,293.991671,390.3875058,299.3083378,0.012870833,86057.91667,0.0,1.620833357,0.587500009,0.131684187,26.451065688999662,0.5671530949605444
2018-07-19,303.8208379,394.1291725,299.0458378,0.015475,86000.41667,0.800000012,1.112500017,-0.825000012,0.131484299,21.8277915334665,0.6922120220606292
2018-07-20,297.2041711,400.212506,299.0375045,0.0149125,85874.58333,11.10000017,0.408333339,-1.35000002,0.131284411,114.2390520517714,0.6664065877713216
2018-07-21,296.0791711,384.1166724,299.1000045,0.0141,85922.91667,0.0,0.875000013,-0.545833341,0.131084523,55.57993482021377,0.6281027617629665
2018-07-22,312.545838,377.895839,299.4833378,0.012529166,86047.91667,0.0,1.012500015,-0.304166671,0.130870012,32.97371003098079,0.5463062608305037
2018-07-23,306.6583379,371.8833389,302.2625045,0.0100375,85945.0,0.0,0.287500004,-0.758333345,0.130669492,22.753744065483087,0.3711024620175202
2018-07-24,310.5250046,379.8250057,304.2708379,0.009829166,86019.58333,0.0,-1.77083336,0.887500013,0.130469604,14.520861303933604,0.3238056988245107
2018-07-25,305.0208379,381.583339,303.8958379,0.010291666,86131.25,0.0,0.68750001,-0.200000003,0.130273763,13.285736464413429,0.3468841067977983
2018-07-26,286.8666709,384.4166724,302.5833378,0.010570833,86001.25,0.0,0.975000015,-1.237500018,0.130062905,8.609801616856835,0.3838367817744981
2018-07-27,305.8958379,385.6625057,301.5833378,0.010875,85903.33333,0.200000003,-2.320833368,-0.512500008,0.129866011,8.02722420736188,0.4181484761609533
2018-07-28,294.0833377,395.0833392,299.9166711,0.011454166,86013.33333,0.200000003,-2.175000032,0.679166677,0.129669779,7.604965842305919,0.4865346642630881
2018-07-29,293.2250044,390.0375058,300.1541711,0.012308333,86012.91667,0.600000009,0.708333344,-0.566666675,0.129458869,11.34060931681812,0.5155022835682367
2018-07-30,269.425004,394.5541725,300.7500045,0.013995833,85965.83333,5.700000085,0.670833343,-0.450000007,0.129247358,48.10855135924572,0.5655812826318178
2018-07-31,298.8708378,385.6708391,298.0666711,0.0134375,85987.08333,3.400000051,-0.312500005,0.416666673,0.129050492,55.0716801980528,0.6373302518870314
2018-08-01,301.7000045,385.9916724,301.0541712,0.012975,85947.5,0.0,0.741666678,0.645833343,0.12885426,31.68629292746205,0.5149067020955312
2018-08-02,292.091671,382.145839,300.5166711,0.0117875,85905.41667,0.0,-0.091666668,0.137500002,0.128657999,20.228564287041245,0.4826084847831305
2018-08-03,297.7000044,391.2750058,300.2000045,0.012479166,85847.5,0.0,0.029166667,-0.312500005,0.128447132,17.950357040789743,0.5202375784448418
2018-08-04,305.0791712,381.4750057,301.4375045,0.011695833,85792.08333,0.0,1.258333352,0.566666675,0.128235628,9.269749810166005,0.4529849516484255
2018-08-05,304.4041712,380.6416723,302.4916712,0.010933333,85731.66667,0.0,1.237500018,0.187500003,0.128038731,7.931043991417185,0.3978716888871277
2018-08-06,306.3416712,368.8625055,303.4250045,0.008883333,85766.25,0.0,1.225000018,0.166666669,0.127842459,7.047039108859666,0.3063579070740611
2018-08-07,303.1958379,374.3416722,302.6416712,0.010558333,85720.41667,0.0,0.837500012,1.025000015,0.127631572,6.296805027320207,0.380836780159722
2018-08-08,273.7875041,389.6041725,299.2791711,0.013754166,85868.33333,0.0,1.062500016,0.800000012,0.127434698,5.151153898062613,0.6057948375329285
2018-08-09,277.0500041,386.6916724,297.8500044,0.013041666,85984.58333,2.500000037,-0.779166678,-0.391666673,0.127238498,18.18809935486157,0.6266658551759589
2018-08-10,295.1041711,385.2833391,296.6291711,0.013170833,86057.91667,2.800000042,-0.991666681,0.033333334,0.127027626,30.47660235356187,0.6820387213789324
2018-08-11,294.0375044,384.1125057,297.0250044,0.012404166,86001.66667,3.600000054,-0.658333343,-0.129166669,0.126830707,47.54935845373796,0.6266588220808171
2018-08-12,285.4750043,367.7333388,297.5666711,0.012141666,85962.91667,8.300000124,0.770833345,0.350000005,0.126619829,84.43886237660767,0.5933350782689447
2018-08-13,287.691671,377.1041723,296.0916711,0.012983333,85830.0,1.100000016,-0.0125,-0.20416667,0.126422936,59.57533389404547,0.6928975389212676
2018-08-14,293.116671,376.6666723,298.2625044,0.014316666,85680.83333,0.0,1.850000028,0.325000005,0.126226714,36.88448250011592,0.6686858423253074
2018-08-15,267.8208373,384.0333391,296.6791711,0.012145833,85789.16667,0.400000006,0.004166667,-0.550000008,0.126015844,25.424162448334904,0.6250909027058645
2018-08-16,279.8250042,376.0666723,297.6500044,0.013575,86025.0,1.300000019,1.387500021,0.21666667,0.125886565,22.54689547831775,0.6605241012969092
2018-08-17,278.5208375,391.2416725,297.2625044,0.0139625,86182.08333,18.60000028,0.320833338,0.025,0.125775498,118.036178978571,0.6967600076738061
2018-08-18,273.4458374,382.9250057,298.4458378,0.0145375,86129.16667,0.200000003,1.125000017,0.245833337,0.125665029,60.85546171722736,0.675077697829931
2018-08-19,284.7583376,382.3750057,298.5916711,0.014495833,85878.75,0.0,-0.47083334,-0.554166675,0.125540018,38.6696399807468,0.6653390273072394
2018-08-20,288.0375043,360.0458387,300.4708378,0.012416666,85822.91667,0.0,0.450000007,-0.112500002,0.125414311,22.463168610611877,0.5092573510317384
2018-08-21,236.0583369,378.208339,298.4750044,0.012808333,86002.08333,17.10000025,0.337500005,0.516666674,0.125303261,94.55123062665996,0.5928640218558281
2018-08-22,249.5791704,380.3750057,297.1125044,0.013441666,86110.0,0.400000006,-2.054166697,0.108333335,0.125178198,68.2230717490256,0.6763291295923586
2018-08-23,265.287504,380.1166723,295.9291711,0.013720833,86075.41667,10.50000016,-0.908333347,-0.479166674,0.125052503,114.16391785616295,0.7416853577181131
2018-08-24,258.2500038,381.520839,295.0666711,0.013720833,85885.83333,2.300000034,0.154166669,-0.554166675,0.124941429,73.31710990627745,0.7803028423986509
2018-08-25,227.0958367,383.8291724,294.5041711,0.013258333,85861.25,3.300000049,-0.450000007,-0.950000014,0.124816377,63.351376376734834,0.780424824877559
2018-08-26,247.133337,370.8541722,295.9208377,0.013183333,85928.75,0.0,-0.316666671,-0.745833344,0.124705339,42.74023713678026,0.711779228991634
2018-08-27,282.7166709,358.266672,296.9916711,0.0123125,85823.33333,0.0,1.391666687,-0.150000002,0.124594866,30.953548943863684,0.6219951036329713
2018-08-28,284.2833376,333.437505,297.0666711,0.007770833,85792.08333,0.0,1.320833353,0.033333334,0.124469838,18.7974236180294,0.3906371531534834
2018-08-29,278.3291708,331.6125049,297.4666711,0.007291666,85890.83333,0.0,0.095833335,0.316666671,0.124344095,18.19967633794925,0.3581869628701067
2018-08-30,272.3333374,349.2375052,297.8458378,0.010079166,85989.16667,0.0,1.066666683,-0.116666668,0.124233034,12.6012301975099,0.4844621202813921
2018-08-31,273.2250041,361.0083387,298.5166711,0.010454166,85827.5,0.200000003,0.841666679,-0.175000003,0.124107945,12.66608105394181,0.4817076616777526
2018-09-01,279.1500042,370.0083388,297.9583378,0.011016666,85568.75,0.800000012,1.379166687,0.179166669,0.123996867,13.666459089990983,0.5233735788308326
2018-09-02,274.8791708,369.7583388,295.6625044,0.0108625,85640.41667,12.10000018,-0.570833342,-0.366666672,0.123871832,93.33602286464156,0.5938321546178252
2018-09-03,256.9583372,353.1333386,293.6875044,0.010404166,85754.16667,0.100000001,-1.125000017,-0.545833341,0.123760814,50.243964815927896,0.643464490875805
2018-09-04,258.7083372,349.1708385,294.2166711,0.009716666,85744.58333,0.400000006,0.112500002,0.47083334,0.123635762,34.07240934086947,0.5814386396261307
2018-09-05,274.8125041,356.7375053,295.9458377,0.0099,85873.75,0.200000003,-0.095833335,-0.550000008,0.123524689,26.841376212502592,0.533350568701758
2018-09-06,269.9541707,352.2208386,297.0833378,0.009079166,86096.25,0.0,-1.833333361,-0.600000009,0.123399637,14.99907366028908,0.4575619066892678
2018-09-07,275.2333374,341.7208384,297.7291711,0.008791666,86048.75,0.0,-1.908333362,0.145833336,0.123288513,12.968699203908397,0.4258572652056053
2018-09-08,273.8666707,347.6750052,298.6125044,0.0090125,85876.66667,0.0,-0.345833338,0.170833336,0.123163487,13.867849787592217,0.4131351047633006
2018-09-09,271.4333374,343.1875051,299.1458378,0.009675,85691.25,0.0,1.904166695,-0.437500007,0.123037808,8.440110662205528,0.4286485397818338
2018-09-10,269.400004,351.4583386,299.3916711,0.008558333,85697.91667,0.0,0.941666681,-1.316666686,0.122926751,8.115886492488416,0.3736842277725362
2018-09-11,271.412504,339.5458384,298.8041711,0.007416666,85646.25,0.0,1.116666683,0.587500009,0.122801698,7.28914597302718,0.3351985147807533
2018-09-12,273.1333374,324.1125048,298.7541711,0.006533333,85647.08333,0.0,1.479166689,0.375000006,0.122690613,6.254382545171273,0.2961641859551635
2018-09-13,271.9625041,314.6041714,298.1750044,0.004708333,85726.66667,0.0,0.795833345,0.520833341,0.122565565,5.853730257474808,0.2211896048721986
2018-09-14,267.1041706,326.6291715,298.9500045,0.0056,85746.25,0.0,0.912500014,0.104166668,0.122454486,5.65071698563186,0.2511880007867507
2018-09-15,264.4583373,338.7208384,300.5416711,0.006295833,85652.5,0.0,-0.783333345,0.237500004,0.122329436,5.680748453442174,0.2566282570432769
2018-09-16,260.1375039,349.8125052,299.6083378,0.007879166,85753.75,0.0,1.179166684,-0.408333339,0.122315884,5.378914046596318,0.3398408672307516
2018-09-17,257.2500038,359.454172,299.8166711,0.009366666,85733.75,0.0,0.691666677,-0.104166668,0.122307208,5.605815022539636,0.3989332348417514
2018-09-18,254.8458371,358.766672,299.8958378,0.008495833,85625.83333,0.0,1.112500017,0.295833338,0.122298529,5.193016043067073,0.3596933493077685
2018-09-19,198.7458363,369.3916722,297.5833378,0.011358333,85449.58333,0.800000012,1.33750002,-1.308333353,0.122275244,4.864920840916613,0.5511854486901495
2018-09-20,248.2875037,361.3041721,293.041671,0.012741666,85431.25,0.600000009,-0.883333346,0.208333336,0.122265881,7.497595846503817,0.8173650917776385
2018-09-21,241.4166703,333.5416716,295.4083377,0.010329166,85862.5,0.200000003,-0.708333344,-0.66250001,0.12225951,6.353619779405225,0.5750426391390885
2018-09-22,250.8083371,338.5791717,296.9875044,0.008545833,86047.91667,0.0,-3.037500045,0.19166667,0.122252469,5.616704768230092,0.4329521997879201
2018-09-23,252.4666704,317.6291714,296.5166711,0.006683333,85806.66667,0.0,-3.729166722,0.850000013,0.12224186,5.267513801014139,0.3474516768292076
2018-09-24,245.4416703,337.4708384,296.3750044,0.006479167,85606.66667,0.0,0.20416667,0.741666678,0.122231333,5.770790166375826,0.3389669962091327
2018-09-25,243.583337,347.7375052,296.3875044,0.0097625,85710.0,0.0,1.545833356,0.791666678,0.122207851,4.527832118222514,0.51096613281276
2018-09-26,243.5500036,342.7375051,296.7958378,0.007675,85889.16667,0.0,0.225000003,0.041666667,0.122198523,5.9637878125682615,0.3926617433573564
2018-09-27,228.7208367,319.8000048,297.1958378,0.006858333,85879.58333,0.0,0.733333344,0.070833334,0.122188127,3.7290115959168246,0.3424252657364801
2018-09-28,243.9875036,318.4750047,297.5333378,0.006070833,85772.91667,0.0,0.47083334,0.129166669,0.122187026,4.053543842158667,0.2966088034415882
2018-09-29,237.3583369,323.3666715,296.9041711,0.006583333,85808.33333,0.0,1.57916669,0.416666673,0.122167363,3.522712107094527,0.3342859286045325
2018-09-30,226.65417,335.2791717,296.7458378,0.007608333,85795.0,0.0,0.708333344,0.541666675,0.122161033,3.460490381093111,0.3900081272226521
2018-10-01,139.9291688,370.6333389,293.2333377,0.011916666,85829.58333,12.40000018,-0.175000003,-0.654166676,0.122144903,40.24806349900314,0.7588550728108533
2018-10-02,104.7125016,374.7416723,291.554171,0.012675,85759.16667,20.50000031,-2.791666708,1.129166683,0.122135063,48.07748451847659,0.8963377525556671
2018-10-03,189.4416695,362.6958387,290.6958377,0.0139125,85758.33333,29.20000044,1.533333356,0.25416667,0.122127364,69.12217906235217,1.0389859820457974
2018-10-04,206.2875031,348.9583385,290.841671,0.011925,85753.33333,0.0,0.87916668,0.20416667,0.122111163,43.07007882994488,0.8822712415061743
2018-10-05,231.9750035,303.2500045,289.429171,0.009425,85622.91667,0.0,0.979166681,-0.416666673,0.122107925,28.462690416389687,0.7621608128013299
2018-10-06,224.9708367,297.6833378,288.779171,0.008491666,85367.08333,0.400000006,0.725000011,-0.558333342,0.122094578,20.954074791440497,0.713976090312978
2018-10-07,169.6750025,321.1416715,286.2375043,0.008666666,84914.58333,14.10000021,0.058333334,1.183333351,0.122073282,53.93348492795172,0.8558794141822427
2018-10-08,164.3708358,310.845838,283.2583376,0.007108333,85030.83333,0.70000001,0.554166675,0.550000008,0.122070946,33.91252631083339,0.8578716449487558
2018-10-09,207.5791698,314.070838,284.1041709,0.006970833,85208.33333,0.200000003,0.016666667,-0.258333337,0.122054518,36.98290780749977,0.7962950196200073
2018-10-10,208.7375031,281.0458375,285.8333376,0.006216667,85377.08333,0.0,0.541666675,0.020833334,0.122042499,22.39960395672896,0.6340019484718531
2018-10-11,176.1791693,341.5250051,287.1541709,0.0076375,85421.25,0.300000004,0.208333336,1.545833356,0.122034007,21.9950627922311,0.7143232732498935
2018-10-12,167.2041692,348.4250052,288.0000043,0.009591666,85501.66667,0.0,-1.59166669,0.033333334,0.122025655,13.396573719651307,0.8496501797075192
2018-10-13,114.9750017,334.8291717,287.5083376,0.009720833,85364.16667,1.200000018,-3.395833384,-0.591666675,0.1220173,7.092135290361237,0.8877387419963408
2018-10-14,131.950002,334.9416717,285.1041709,0.009341666,85379.16667,0.300000004,0.66250001,0.212500003,0.121994324,9.623763733650156,1.0000362979734374
2018-10-15,193.8958362,300.1041711,284.4333376,0.006958333,85677.5,0.800000012,-1.679166692,-2.170833366,0.121992245,9.781657217663172,0.7817810827954843
2018-10-16,112.1000017,322.3875048,281.4666709,0.006275,85730.83333,21.00000031,-6.691666766,-2.820833375,0.121883171,56.81375022683129,0.8627116198895216
2018-10-17,207.1458364,286.2583376,281.8958375,0.00645,85981.66667,0.0,-8.900000133,-0.20416667,0.121769404,43.74345946919079,0.8635859507453494
2018-10-18,210.3166698,275.9208374,284.3625042,0.0073375,86015.41667,0.0,-8.695833463,-0.25416667,0.121666701,26.435953406610032,0.83157221399957
2018-10-19,206.8958364,286.0916709,287.0791709,0.007283333,85985.41667,0.0,-5.625000084,-2.895833376,0.12154966,21.93767404689396,0.6890791133527018
2018-10-20,188.1083361,310.833338,290.016671,0.008583333,86027.91667,0.0,-7.750000115,-0.245833337,0.121431974,15.08314077353606,0.6715503095086555
2018-10-21,168.7291692,320.7833381,289.3500043,0.008233333,85990.41667,0.500000007,-8.825000132,-1.083333349,0.121314285,12.037816572964074,0.6720717976506276
2018-10-22,185.1500028,317.5333381,289.154171,0.009383333,85746.25,0.0,-6.820833435,-0.354166672,0.121211222,7.082661837665606,0.7734756411772927
2018-10-23,147.2333355,332.9833383,289.5833376,0.010466666,85612.08333,0.800000012,-6.150000092,0.225000003,0.121094168,6.087128400966587,0.837934027747022
2018-10-24,187.2833361,313.7875047,288.0250043,0.008495833,85631.25,0.500000007,-1.712500026,-0.600000009,0.120991106,9.154009978841849,0.752493406289675
2018-10-25,195.4791696,290.829171,288.5583376,0.008695833,85805.0,0.0,0.187500003,0.21666667,0.120874056,8.204261593349855,0.7454824298863832
2018-10-26,196.8666696,281.4500042,288.941671,0.007191666,85910.83333,0.0,-0.625000009,-1.704166692,0.120756367,4.796319832164601,0.6021610631582748
2018-10-27,195.8833363,277.8708375,289.8750043,0.005225,86004.58333,0.0,-1.012500015,-1.170833351,0.120653304,4.395215858572483,0.4124172274929105
2018-10-28,193.3708362,281.0708375,290.741671,0.006020833,86062.5,0.0,-0.175000003,0.025,0.120536048,4.167478299551588,0.4499144405646107
2018-10-29,174.3750026,292.8875044,290.891671,0.006808333,86021.66667,0.0,0.279166671,0.175000003,0.120424252,2.978052784784928,0.50368480606115
2018-10-30,183.5500027,302.7875045,289.704171,0.007379166,85604.16667,0.0,1.620833357,-0.300000004,0.120312717,2.408339669203077,0.5861314877378583
2018-10-31,190.5333362,266.6541706,285.8458376,0.005520833,85405.83333,0.0,-0.704166677,-2.079166698,0.120213915,1.7071091201625943,0.5627611059818864
2018-11-01,183.0833361,242.0458369,283.4250042,0.002929167,85783.75,0.0,-0.400000006,-0.770833345,0.12009213,1.312732225400318,0.3526410419490066
2018-11-02,181.858336,261.3000039,286.0708376,0.004533333,85953.75,0.0,-0.787500012,-1.033333349,0.119983941,1.326121322525155,0.4581895345950407
2018-11-03,181.3291694,262.4416706,287.6375043,0.005191667,85699.58333,0.0,-0.912500014,-1.208333351,0.119861769,1.23906487399893,0.4719821258884159
2018-11-04,176.795836,266.1458373,286.6000043,0.004358333,85760.41667,0.0,-0.483333341,-0.087500001,0.119753584,1.169426240226441,0.4244254041871981
2018-11-05,176.2041693,271.587504,286.9333376,0.004725,85498.33333,0.0,-0.820833346,-0.333333338,0.119646031,1.1213546684650717,0.4487779293470563
2018-11-06,173.3333359,274.3791708,287.3791709,0.004758333,85570.83333,0.0,0.275000004,-0.862500013,0.119538482,1.6209555199988004,0.4392952801931628
2018-11-07,171.7458359,276.0750041,287.0708376,0.005429167,85670.41667,0.0,-0.079166668,-0.041666667,0.11941631,1.870265877181664,0.5120538813529615
2018-11-08,170.5833359,271.5458374,286.3625043,0.005833333,85608.75,0.0,0.429166673,0.454166673,0.119308121,1.409891120683498,0.5760086507834957
2018-11-09,173.9250026,244.970837,284.5208376,0.002304167,85861.25,0.0,-5.279166745,-4.787500071,0.119200572,3.502471385931857,0.2579160039579606
2018-11-10,168.3291692,264.9125039,284.9208376,0.0043875,85784.58333,0.0,-5.425000081,-1.279166686,0.119093023,2.3052799309104817,0.4777243853115535
2018-11-11,171.8291692,245.9666703,283.2583376,0.005108333,85553.33333,0.0,2.300000034,-0.212500003,0.118970847,1.133112809959422,0.6202892414719935
2018-11-12,174.1791693,203.262503,278.2916708,0.0018375,86062.5,0.0,-2.425000036,-2.733333374,0.118862662,1.4885441016737753,0.3162846291701064
2018-11-13,171.8458359,203.0416697,277.7166708,0.0016875,86661.66667,0.0,-1.829166694,-1.737500026,0.118755113,1.1747940912530033,0.3046141578552642
2018-11-14,161.9958357,218.8250033,279.9166708,0.001854167,86583.33333,0.0,-2.212500033,-1.77083336,0.118632937,1.367092775800493,0.2865580286352652
2018-11-15,168.3250025,227.1125034,282.1833375,0.0023125,86092.5,0.0,-2.583333372,-1.050000016,0.118524752,1.4794399782924863,0.3039864018201771
2018-11-16,165.3041691,226.3000034,283.2250042,0.002466667,85855.83333,0.0,-0.554166675,-0.033333334,0.118551163,0.7513173600765777,0.3012576794010796
2018-11-17,162.6500024,237.1416702,283.1000042,0.002741667,85773.75,0.0,-0.19166667,0.43333334,0.118568775,0.8402584751307397,0.3373673582018382
2018-11-18,160.1083357,234.8541702,282.5041709,0.002908333,85850.0,0.0,-0.20416667,0.0125,0.118600374,0.695415140968307,0.3729863298542839
2018-11-19,163.1916691,228.8875034,282.5750042,0.002925,85940.41667,0.0,-0.512500008,-0.70000001,0.118617982,0.7336954444427708,0.3737128763746047
2018-11-20,139.7666687,253.7250038,285.0250042,0.002283333,85893.33333,0.0,-5.291666746,-1.675000025,0.118649581,2.201802222115915,0.2472070628128359
2018-11-21,157.2208357,257.4333372,285.8708376,0.003225,85937.5,0.0,-4.662500069,-0.287500004,0.118681816,1.7846161705144286,0.3302364327755026
2018-11-22,48.09583405,293.666671,283.9625042,0.004408333,85934.16667,0.0,-1.266666686,0.162500002,0.118699428,0.2284578600785974,0.5127249978065572
2018-11-23,154.141669,252.0875038,281.1750042,0.005716667,85910.0,0.0,0.68750001,-0.066666668,0.118731027,0.5327324294435701,0.803542942330393
2018-11-24,150.2500022,246.3166703,281.3250042,0.004595833,85466.25,0.0,0.566666675,-0.041666667,0.118763262,0.4775180290772972,0.6360636404804062
2018-11-25,153.491669,241.7416703,281.3500042,0.003579167,85532.5,0.0,-1.525000023,-2.087500031,0.118780871,0.6608972354353495,0.4948898506077863
2018-11-26,150.3166689,240.9333369,283.2208376,0.0025,85950.83333,0.0,-6.304166761,-1.562500023,0.11881247,1.6462599616343272,0.3057527499626061
2018-11-27,152.6125023,236.6916702,282.7291709,0.002695833,85981.25,0.0,-0.554166675,-0.712500011,0.118830082,0.5587208423185366,0.3410033674474831
2018-11-28,149.0208356,241.7666703,283.2250042,0.003304167,85603.75,0.0,0.22916667,-0.412500006,0.118861681,0.4887816708434455,0.4023579383656933
2018-11-29,137.512502,249.070837,283.3625042,0.003729167,85305.83333,0.0,-0.175000003,-0.058333334,0.118893916,0.4072472300422565,0.4483414468050313
2018-11-30,76.55000114,298.2208378,279.2958375,0.0058,84956.25,11.40000017,3.162500047,1.191666684,0.118969384,12.986030953710788,0.9184396389861814
2018-12-01,77.93750116,308.3125046,278.7083375,0.0059875,85272.08333,0.70000001,2.287500034,-0.341666672,0.119080452,10.86364727335412,0.991647351079858
2018-12-02,82.13333456,299.9125045,277.5541708,0.005633333,85113.33333,0.800000012,3.683333388,1.020833349,0.119073268,8.522445668519175,1.0102840699626727
2018-12-03,148.0708355,230.7500034,276.4458375,0.003816667,85767.5,0.0,0.783333345,-0.250000004,0.119111225,9.279329184602902,0.7464135512614558
2018-12-04,127.5500019,233.3458368,278.6125042,0.002983333,85967.5,0.0,0.266666671,-0.316666671,0.119113579,4.952046413809205,0.5014935318539869
2018-12-05,116.5583351,283.1666709,282.8458375,0.0031125,85742.08333,0.0,-4.533333401,0.083333335,0.119115296,16.9154131941158,0.3895146096949932
2018-12-06,58.30416754,327.3250049,281.4416709,0.0052125,85641.25,0.100000001,-0.68750001,-0.20416667,0.119115102,5.450749715680859,0.7171161265021408
2018-12-07,111.9041683,308.2083379,281.7791709,0.0066125,85726.66667,1.400000021,-1.516666689,0.24166667,0.119121906,8.146036904610762,0.8897950005842676
2018-12-08,142.7666688,254.2625038,280.7166708,0.005604167,86106.66667,0.300000004,-0.237500004,-0.070833334,0.119138246,5.794359991798566,0.8148840880417502
2018-12-09,146.9166689,236.4250035,280.9000042,0.00495,86417.91667,0.0,0.329166672,0.21666667,0.119155858,3.5397162506523765,0.713280878402252
2018-12-10,130.8250019,244.9875037,282.4500042,0.003054167,86243.33333,0.0,-2.716666707,-2.350000035,0.119187457,5.2733192945871,0.3949378134863514
2018-12-11,130.9916686,272.6500041,284.6375042,0.003554167,85918.33333,0.0,-4.004166726,-0.591666675,0.119205069,5.194396795327487,0.3950016418977976
2018-12-12,141.9750021,247.5750037,282.1041709,0.004566667,85747.5,0.0,-0.412500006,0.329166672,0.119236665,2.4015784430025757,0.6011398871140652
2018-12-13,147.3666689,213.8000032,278.4708375,0.002758333,86055.41667,0.0,0.825000012,0.500000007,0.1192689,1.5388922446362263,0.468793489430521
2018-12-14,143.6625021,211.1750031,280.0166708,0.001620833,86367.5,0.0,-0.512500008,-0.820833346,0.119286512,1.417044808695411,0.248141380818839
2018-12-15,99.89166816,272.5458374,283.2500042,0.001741667,86119.58333,0.0,-3.041666712,-0.595833342,0.119318111,2.558304363352569,0.2130051252473366
2018-12-16,117.0166684,285.8916709,283.3333376,0.002166667,86165.0,0.0,-1.966666696,-0.279166671,0.119315034,2.309687058133413,0.2636318429372708
2018-12-17,123.4541685,290.329171,283.1625042,0.003720833,86123.75,0.0,-2.845833376,0.554166675,0.119325045,1.92939139663194,0.4577817966247423
2018-12-18,140.0083354,269.362504,281.2750042,0.004720833,85931.66667,0.0,0.591666675,0.175000003,0.119321069,1.5624735161495005,0.6591838239283374
2018-12-19,142.5250021,235.3791702,281.6041709,0.004054167,85968.75,0.0,-0.312500005,0.108333335,0.11933108,0.8215933901680859,0.5536806070623518
2018-12-20,145.0666688,235.2916702,284.6166709,0.003375,86190.83333,0.0,-0.604166676,-1.075000016,0.119327104,0.9280394558689852,0.3768040359263745
2018-12-21,131.5416686,247.8375037,284.1125042,0.003504167,85882.08333,0.0,-0.170833336,0.179166669,0.119337112,0.5810581572549827,0.4032286798409459
2018-12-22,136.125002,256.4791705,283.5208376,0.0033,85732.08333,0.0,-0.525000008,0.375000006,0.119333135,0.9455412096022584,0.3944842957968265
2018-12-23,141.8375021,235.8666702,282.8583375,0.003504167,86077.91667,0.0,-0.108333335,0.362500005,0.119343146,0.5749996816970366,0.4398740650462424
2018-12-24,140.0416688,242.2125036,282.7125042,0.00365,85854.58333,0.0,-0.083333335,0.079166668,0.119353793,0.6290227056116247,0.4615409056756958
2018-12-25,116.2375017,255.4916705,281.8291709,0.003675,85203.75,0.0,-0.245833337,0.354166672,0.119349817,0.5233603682356138,0.4898211714332911
2018-12-26,107.4125016,277.4333375,277.1708375,0.00515,84883.75,1.700000025,0.183333336,-0.245833337,0.120255011,2.195274570558669,0.9465353471982826
2018-12-27,119.0958351,255.0500038,276.2166708,0.0045625,85098.75,0.100000001,0.500000007,-0.129166669,0.120441769,1.3880420308272174,0.8999713365648352
2018-12-28,120.9708351,263.5500039,273.6583374,0.003345833,85015.0,1.000000015,0.850000013,0.0,0.22306968,1.88902910428266,0.7936677381946109
2018-12-29,146.3333355,202.9916697,273.0291707,0.002358333,85721.25,0.0,-2.350000035,-2.87916671,0.288356791,0.9336275227793034,0.5907535513530843
2018-12-30,137.5708354,203.8583364,273.8041707,0.002104167,85592.5,0.0,-0.704166677,-1.754166693,0.275671489,0.7158118381656563,0.4971840565674753
2018-12-31,52.58750078,233.2458368,273.8875041,0.002420833,85126.25,3.400000051,-0.570833342,-1.295833353,0.267074908,0.1384911715317389,0.56543423217585
2019-01-01,109.1375016,276.0250041,271.6583374,0.003558333,85162.08333,10.90000016,0.43333334,0.641666676,0.633985681,6.855982654096412,0.9802019850281144
2019-01-02,107.8583349,218.1958366,270.2208374,0.002316667,85461.25,0.0,-3.112500046,-1.879166695,0.624433517,5.497388798121824,0.7132932031534305
2019-01-03,140.4458354,202.0916697,273.0208374,0.0025,85973.75,0.0,-1.879166695,-0.529166675,0.611218605,0.0043511073922926,0.6284709273838041
2019-01-04,140.8958354,217.7416699,277.7583375,0.0031,85883.75,0.0,-0.25416667,-0.454166673,0.593595814,0.0,0.5529306738122676
2019-01-05,105.4541682,253.8125038,281.2750042,0.003020833,85768.75,2.100000031,-3.416666718,-0.725000011,0.575412262,20.37601207651048,0.4210081144266606
2019-01-06,52.79583412,309.2458379,278.9000042,0.005320833,85575.41667,18.00000027,0.066666668,1.083333349,0.503961549,6.380224788759802,0.8725524831473992
2019-01-07,137.8708354,252.7500038,276.4791708,0.004920833,86081.66667,0.200000003,0.266666671,-0.620833343,0.400116427,5.649790074832776,0.9635756519989512
2019-01-08,141.4750021,239.3333369,280.7583375,0.004666667,86165.83333,0.0,-0.529166675,-0.391666673,0.287499409,4.491351948076658,0.6770800025546523
2019-01-09,110.083335,270.0041707,283.8708376,0.004083333,86180.83333,0.0,-7.937500118,-1.666666692,0.211508571,53.86029100374592,0.4792356464496916
2019-01-10,130.0916686,296.9291711,283.8208376,0.004879167,85927.5,0.0,-5.308333412,-0.045833334,0.166972454,21.72330523474356,0.5728802048801781
2019-01-11,143.7291688,251.8875038,279.4750042,0.0057125,85780.41667,0.0,-0.683333344,0.783333345,0.144255135,5.291491235876513,0.9020007137890896
2019-01-12,123.2333352,246.5916703,279.1583375,0.004041667,85808.75,0.0,-0.44583334,0.183333336,0.132690083,3.3898786638151903,0.6526731184636054
2019-01-13,89.60833467,296.7541711,279.1708375,0.005158333,85655.83333,5.900000088,-2.312500034,0.900000013,0.130076854,15.239120615006954,0.8307877399372429
2019-01-14,93.6750014,303.5583379,280.1541708,0.005583333,85960.83333,0.600000009,-3.658333388,0.262500004,0.127421663,15.139823393782716,0.8426706211436729
2019-01-15,83.27916791,303.0666712,282.4041709,0.005270833,85917.08333,0.600000009,-2.925000044,1.345833353,0.123779737,15.241164212611634,0.681122467016011
2019-01-16,143.2375021,292.4958377,281.0750042,0.006866666,86094.58333,1.600000024,0.075000001,-0.19166667,0.121597842,16.174657365025162,0.9739451223610468
2019-01-17,145.3583355,247.3750037,281.0958375,0.005266667,86157.5,0.0,-0.158333336,0.537500008,0.120560896,7.188130578485717,0.7464805763967531
2019-01-18,141.9333354,297.4625044,281.5875042,0.006229167,85932.08333,0.0,2.691666707,-1.56666669,0.120015407,9.75919168380466,0.8513317694141179
2019-01-19,152.3416689,227.8416701,280.3916708,0.003066667,86303.75,0.0,-0.008333333,-1.229166685,0.119802435,5.967274079571933,0.4570968817157371
2019-01-20,155.3833356,233.2416701,282.9166709,0.002916667,86145.0,0.0,-0.341666672,-0.250000004,0.119739509,4.093652335441211,0.3649634309973469
2019-01-21,112.3000017,250.5666704,281.9583375,0.003429167,85425.83333,0.0,0.816666679,0.633333343,0.119707732,2.698558636542211,0.4542146853719235
2019-01-22,152.7083356,237.4375035,276.5875041,0.00265,85331.25,0.0,0.395833339,-1.083333349,0.119719193,3.567081316151172,0.5104175419677053
2019-01-23,158.3875024,203.725003,276.2250041,0.00205,86187.5,0.0,-1.029166682,-0.43333334,0.119744636,2.175002284762864,0.4092995321738429
2019-01-24,161.6666691,218.4083366,278.8875042,0.0025875,85982.08333,0.0,-0.212500003,-0.43333334,0.119765633,2.2385466022531566,0.4267091390220706
2019-01-25,164.4458358,205.1958364,280.0958375,0.002266667,86032.08333,0.0,-0.22916667,-0.208333336,0.119789809,1.3718198317139725,0.3437720554970486
2019-01-26,164.1208358,215.7958365,280.8208375,0.0022375,85959.16667,0.0,-1.408333354,-0.970833348,0.119815253,1.8868271165139865,0.3224625340326316
2019-01-27,157.041669,228.0250034,281.5125042,0.002616667,86159.16667,0.0,-0.070833334,-0.825000012,0.119850873,1.5463158679386777,0.3604112780972379
2019-01-28,163.7416691,237.1375035,282.5666709,0.003183333,85639.16667,0.0,-0.295833338,0.362500005,0.119877588,1.678525625303112,0.4055230084904297
2019-01-29,139.6833354,279.9958375,283.8708376,0.0026625,85601.25,0.0,-3.420833384,-1.754166693,0.119916387,2.5058664123223293,0.3103797289178132
2019-01-30,110.1041683,296.2083377,282.9625042,0.003570833,85410.41667,0.0,-0.033333334,0.466666674,0.119940559,1.6244476683281848,0.4416339340223482
2019-01-31,142.3500021,295.7458377,282.9916709,0.0039625,85557.5,0.0,0.258333337,0.566666675,0.119978722,1.9865239758743336,0.4899484072886742
2019-02-01,153.791669,293.4875044,283.3833376,0.0047875,85585.41667,0.0,-0.670833343,0.400000006,0.120017521,1.8145416863837125,0.5766539005973622
2019-02-02,68.65833436,310.2375046,282.1000042,0.0061125,85667.5,0.0,-0.383333339,0.0125,0.120041694,0.6919877296918051,0.8041060002344286
2019-02-03,79.67916785,329.8083382,281.6541709,0.0069375,85344.16667,16.70000025,1.504166689,1.408333354,0.120079857,27.89765331092615,0.937356803136392
2019-02-04,88.92916799,322.2916715,280.6125042,0.007370833,85261.66667,10.80000016,1.950000029,0.237500004,0.120118652,23.1157487851506,1.0689195529363145
2019-02-05,128.6625019,296.9291711,278.2000041,0.006041667,85198.75,1.700000025,0.24166667,3.025000045,0.120157451,24.640689401546208,1.036176456111641
2019-02-06,132.8166686,282.6875042,276.0041708,0.0049875,85082.5,6.500000097,3.466666718,3.129166713,0.136334962,29.401919372157487,0.9987333811897054
2019-02-07,180.6750027,221.4125033,273.0458374,0.002420833,85823.75,0.0,1.59166669,0.070833334,0.155676761,24.467882578133413,0.6063898132281623
2019-02-08,184.2875027,199.0833363,277.8000041,0.0021625,85909.16667,0.0,-3.491666719,-0.054166667,0.150496418,31.780178813334004,0.3846916711257517
2019-02-09,163.3250024,223.36667,280.7500042,0.002575,85557.5,0.0,-4.92916674,0.770833345,0.142404187,29.76382473305854,0.3711789581361708
2019-02-10,185.4375028,214.1875032,277.9375041,0.002341667,85441.25,0.0,0.304166671,0.541666675,0.134826942,9.158489773464462,0.4102856171278219
2019-02-11,186.7833361,236.1208369,276.1541708,0.003033333,85355.0,0.0,2.2541667,0.329166672,0.131786645,8.654075087281486,0.6028352348882997
2019-02-12,191.8208362,199.450003,277.5166708,0.0020875,86014.16667,0.0,-0.66250001,-0.108333335,0.130263957,5.263733431656992,0.3793429689704639
2019-02-13,121.7625018,255.5708371,282.6916709,0.001945833,85796.25,0.0,-2.47083337,0.491666674,0.127003043,5.487257609517315,0.2462309903372955
2019-02-14,58.1708342,329.7166716,281.5083375,0.0047125,85657.91667,9.200000137,-0.312500005,-0.537500008,0.124234857,16.551948133260762,0.645492942792101
2019-02-15,137.7666687,326.1208382,281.9166709,0.007595833,85445.41667,28.40000042,2.691666707,1.295833353,0.122090377,43.4382355927357,1.0092184296991138
2019-02-16,122.2333352,284.8958376,278.0166708,0.005520833,85365.83333,0.0,2.100000031,-0.21666667,0.121443141,16.70254533941367,0.961064811776896
2019-02-17,83.73333458,260.5166705,275.0333374,0.0036625,85268.75,0.0,1.954166696,0.075000001,0.121906979,7.795277019305101,0.7883265229663311
2019-02-18,102.9458349,283.6875042,273.5625041,0.0039,85250.0,12.50000019,1.016666682,2.283333367,0.258784392,21.50343280156689,0.9342188012669204
2019-02-19,167.4333358,263.9916706,272.3166707,0.003379167,85168.75,4.400000066,1.433333355,0.429166673,0.467486192,20.18397096463624,0.886471821557767
2019-02-20,199.2416696,213.8375032,272.6166707,0.002583333,85277.08333,0.200000003,1.258333352,-0.508333341,0.458972776,11.42449556894331,0.6636584759185111
2019-02-21,95.42500142,274.8000041,273.4000041,0.003375,84582.5,26.8000004,-0.43333334,1.525000023,0.475464697,12.735214589831408,0.8117503590452813
2019-02-22,109.7125016,293.3583377,272.5666707,0.004195833,84590.0,42.50000063,0.133333335,0.712500011,0.659699508,9.351919773955329,1.0731850395533384
2019-02-23,205.9166697,231.0000034,271.037504,0.0035875,85733.75,0.100000001,0.341666672,-0.100000001,0.629316042,2.9814066090202926,1.04210967918834
2019-02-24,206.1125031,207.6000031,273.9000041,0.0027,86014.16667,0.0,-0.750000011,-0.558333342,0.598007823,1.0103227214114776,0.6366350561092747
2019-02-25,197.7083363,232.7875035,276.7000041,0.0030625,85704.58333,0.0,-1.258333352,-0.116666668,0.577606922,5.2081734685316885,0.587706700543865
2019-02-26,209.3916698,238.8000036,278.8333375,0.003541667,85863.75,0.0,-0.958333348,-0.462500007,0.555926265,5.072160385957882,0.5854791267302879
2019-02-27,164.6375025,287.8000043,282.8416709,0.003970833,85902.08333,0.0,-0.479166674,-0.795833345,0.533750928,7.46040458001269,0.497999072513787
2019-02-28,211.4458365,249.1666704,282.4958375,0.0042875,85843.33333,0.0,0.050000001,-0.416666673,0.514048162,2.7536740340547987,0.5501303376716989
2019-03-01,139.8958354,279.3333375,283.5083376,0.005491667,85760.83333,0.0,-0.450000007,-0.608333342,0.490512986,2.028386712433784,0.657252361398403
2019-03-02,109.7000016,296.3166711,283.8750042,0.006075,85700.41667,0.0,0.208333336,-0.783333345,0.341812517,3.190198548106256,0.7088119161703047
2019-03-03,211.5958365,316.058338,283.2250042,0.006204167,85622.08333,0.0,2.437500036,-0.862500013,0.252029461,8.67107279613095,0.7556610978439616
2019-03-04,229.7791701,255.3541705,282.2041709,0.006004167,85523.75,0.0,0.995833348,-0.366666672,0.174347124,6.545037591976671,0.7829410153749847
2019-03-05,233.0166701,252.1416704,283.7000042,0.0043625,85761.25,0.0,0.495833341,0.0,0.144553802,7.1546390299546925,0.5154053399255956
2019-03-06,159.754169,286.4500043,286.3375043,0.003666667,85776.66667,0.0,-0.008333333,0.550000008,0.131861897,4.416136688974151,0.3633718332010442
2019-03-07,219.2958366,302.5541712,286.1708376,0.003716667,85662.08333,0.0,1.054166682,0.220833337,0.126439552,5.983523228765922,0.3719063080968656
2019-03-08,147.0500022,290.8708377,282.5250042,0.0058625,85296.66667,0.0,0.733333344,2.441666703,0.124419095,2.040763981813301,0.7459461325988825
2019-03-09,234.9208368,227.2291701,278.2041708,0.0032875,85345.83333,0.0,2.104166698,0.408333339,0.123829861,2.383388291152923,0.5646302767029224
2019-03-10,234.9541702,242.3166703,280.1416708,0.0029375,85257.08333,0.0,0.162500002,0.829166679,0.123598007,2.880420469221181,0.4400974437140799
2019-03-11,171.5750026,327.4750049,282.8166709,0.004704167,85312.91667,0.200000003,-1.675000025,0.995833348,0.123410173,3.009174658166056,0.5869187240641008
2019-03-12,119.3625018,324.4041715,280.7000042,0.006695833,84938.75,15.50000023,-1.195833351,-0.329166672,0.123313182,38.82118977448754,0.9615205080888896
2019-03-13,138.3458354,303.4125045,276.8083375,0.005575,84778.33333,32.00000048,5.683333418,3.070833379,0.126121526,32.00762281282448,1.050150458129124
2019-03-14,251.6000037,230.3541701,275.9250041,0.003320833,85617.08333,0.600000009,1.300000019,-0.70000001,0.128667409,38.32010720332968,0.6729837589057349
2019-03-15,250.9375037,227.5250034,279.4958375,0.003558333,85858.75,0.0,-6.504166764,-2.166666699,0.126798152,46.10347995523788,0.5615549224182007
2019-03-16,242.5208369,267.8041707,283.1833376,0.0039625,85827.08333,0.0,-8.175000122,-1.429166688,0.125021812,32.36693028462605,0.4851504011449605
2019-03-17,251.0916704,262.6708372,283.8833376,0.0049375,85930.0,0.0,-5.720833419,-1.283333352,0.12411832,15.315522055095467,0.5773112983717746
2019-03-18,254.5750038,265.1291706,286.1083376,0.0046875,85844.16667,0.0,-3.883333391,-0.325000005,0.123839806,12.772000470811037,0.4719953487991099
2019-03-19,254.5125038,270.4666707,286.5833376,0.004254167,85787.91667,0.0,-2.308333368,-0.425000006,0.123795257,10.279014655692418,0.4148694983192156
2019-03-20,242.8166703,289.8458377,287.6708376,0.00475,85695.0,0.0,-1.679166692,0.90416668,0.12383018,8.548277277166184,0.4308674014143073
2019-03-21,235.3791702,295.6166711,283.9916709,0.004991667,85675.0,0.0,1.016666682,1.09583335,0.123884816,6.3124933056368935,0.5776859797873589
2019-03-22,262.1291706,262.6083372,280.6416708,0.004025,85697.5,0.0,0.883333346,0.512500008,0.123949621,5.258459608966419,0.5855081463154433
2019-03-23,254.7166705,251.0750037,282.6375042,0.0044375,85845.41667,0.0,0.950000014,0.245833337,0.12401443,4.286909066416966,0.5639281750148581
2019-03-24,269.5416707,250.5416704,284.1541709,0.004333333,85931.66667,0.0,1.050000016,0.016666667,0.124093859,4.246115578045535,0.4975349262213506
2019-03-25,273.7541707,246.3916703,286.5750043,0.003429167,86130.83333,0.0,-0.104166668,0.075000001,0.124159299,5.70681063837192,0.3359359975536748
2019-03-26,247.770837,271.787504,290.2250043,0.003458333,85847.91667,0.0,-2.187500033,0.987500015,0.124238731,4.435711362357042,0.2664313044515686
2019-03-27,231.6083368,299.5125045,289.5625043,0.004483333,85761.25,0.0,0.454166673,-0.329166672,0.124304172,3.981469814410908,0.3600314697604955
2019-03-28,275.1833374,293.116671,288.1458376,0.004141667,85892.5,0.0,0.587500009,-0.304166671,0.124368981,4.350203291788517,0.3650726630541157
2019-03-29,275.4500041,247.783337,286.4625043,0.0037875,85814.16667,0.0,2.287500034,-0.600000009,0.124448409,3.449093087156884,0.3724268416673617
2019-03-30,281.9958375,243.5625036,285.2333376,0.002583333,85727.08333,0.0,0.325000005,-1.266666686,0.124513854,3.089568692571949,0.2752963560004749
2019-03-31,280.9458375,245.870837,285.6000043,0.002995833,85704.16667,0.0,-2.975000044,-0.454166673,0.124578659,3.713672591677975,0.3114820876710291
2019-04-01,267.4291707,247.0500037,285.8708376,0.0025,85780.41667,0.0,-2.545833371,-1.370833354,0.124643464,3.566089377952671,0.2555293028045401
2019-04-02,271.4416707,277.4833375,287.2833376,0.003233333,85547.91667,0.0,0.808333345,0.66250001,0.124708273,3.0940465558356083,0.300303961976067
2019-04-03,294.3916711,260.6708372,285.8708376,0.003833333,85432.08333,0.0,1.670833358,1.737500026,0.124787701,3.370156807066454,0.3902205124130981
2019-04-04,270.5666707,272.5041707,285.9208376,0.004,85809.16667,0.0,0.200000003,1.416666688,0.124853146,2.788663403669799,0.4076316530023278
2019-04-05,281.9041709,271.4708374,286.8708376,0.003733333,85518.75,0.0,0.958333348,1.925000029,0.124917951,3.207578411021863,0.3561340924927026
2019-04-06,202.6666697,314.3375047,285.7541709,0.005108333,85497.5,0.0,1.858333361,0.691666677,0.124997379,2.422040006725217,0.5244492996920879
2019-04-07,296.9000044,276.7000041,287.8583376,0.005695833,85945.83333,0.0,1.029166682,0.083333335,0.125062824,2.8135135682681907,0.5118739617655443
2019-04-08,301.8208378,276.7875041,291.6833377,0.0046,86084.16667,0.0,0.704166677,-0.541666675,0.125142252,2.983550830589964,0.323872339202102
2019-04-09,298.8708378,278.2541708,292.8625044,0.004091667,85777.08333,0.0,1.475000022,0.333333338,0.1252074,3.241547706672383,0.2665128990021538
2019-04-10,308.4875046,255.3041705,286.6166709,0.003183333,84922.5,0.0,6.604166765,1.512500023,0.12527496,5.67388529384727,0.3066353468907345
2019-04-11,308.3250046,234.4000035,282.3500042,0.002720833,85263.33333,0.0,2.120833365,-0.783333345,0.125343408,2.7943357350603577,0.3502142743054556
2019-04-12,233.0416701,293.2125044,282.8791709,0.003158333,84877.08333,1.200000018,1.31250002,-0.104166668,0.125412617,3.788036520646012,0.3903786139974834
2019-04-13,302.1041712,278.7208375,281.9083375,0.0045875,85210.41667,0.300000004,0.991666681,0.758333345,0.125475265,4.4674213936130425,0.608187301735554
2019-04-14,310.458338,256.1875038,285.8833376,0.004191667,85628.75,0.0,1.162500017,0.412500006,0.125549331,4.292551254956992,0.427325974917466
2019-04-15,279.9166708,278.2666708,288.8750043,0.0037625,85394.16667,0.0,1.77083336,-0.016666667,0.125609601,4.20110725424129,0.3144938001965304
2019-04-16,295.5500044,291.591671,287.4083376,0.004258333,85339.16667,0.0,3.104166713,0.854166679,0.125684109,4.486439293466971,0.3913226198317661
2019-04-17,270.1958374,311.5875046,282.8875042,0.006733333,85484.16667,1.900000028,2.362500035,0.766666678,0.125759311,5.867042068859795,0.8377371874142111
2019-04-18,316.508338,273.6583374,287.4750043,0.005679167,85957.91667,0.0,-0.783333345,-0.550000008,0.125849093,7.854390121593843,0.523387448177629
2019-04-19,322.3250048,269.5958374,292.516671,0.003479167,85946.25,0.0,-0.925000014,0.337500005,0.125910275,7.141569333987739,0.2320466758458064
2019-04-20,311.333338,310.458338,293.516671,0.003195833,85460.41667,0.0,1.37500002,0.958333348,0.125984825,6.515332198895873,0.1990831632363449
2019-04-21,320.5583381,271.450004,290.3125043,0.004104167,85420.83333,0.0,2.495833371,0.283333338,0.126060002,4.637292573127427,0.3128575657256797
2019-04-22,320.5416714,267.6666707,288.9375043,0.003633333,85470.83333,0.0,1.59166669,0.629166676,0.126135182,3.9576701704194814,0.3027438651965242
2019-04-23,288.6708376,287.9375043,289.0208376,0.004395833,85466.66667,0.0,-0.845833346,-0.108333335,0.126210358,3.502335711105812,0.3642933943694137
2019-04-24,313.0000047,309.2250046,288.2208376,0.006054167,85604.58333,0.0,0.008333333,0.833333346,0.126285512,3.721134808985384,0.5292757057998868
2019-04-25,317.4750047,299.2291711,293.016671,0.004579167,85721.25,0.0,1.070833349,-0.091666668,0.126360664,3.5554505630027826,0.2952077191776852
2019-04-26,320.9666714,307.4166712,295.1916711,0.004504167,85777.5,0.0,0.86666668,0.395833339,0.126435871,3.521810319220081,0.2538668694348837
2019-04-27,327.1541715,291.0333377,294.4125044,0.003879167,85616.25,0.0,1.766666693,-0.025,0.126496412,3.428273942928165,0.2289833853270453
2019-04-28,321.4916715,283.7750042,293.054171,0.0035625,85428.75,0.0,1.737500026,0.704166677,0.126585566,5.1840886298646485,0.2283454021250781
2019-04-29,152.4166689,321.6583381,292.3750044,0.003933333,85288.33333,0.0,1.441666688,1.208333351,0.126646717,2.9570878223400783,0.2626590109525996
2019-04-30,307.0041712,296.9583378,286.3708376,0.0060875,85305.41667,0.600000009,2.079166698,1.82083336,0.126721291,4.48495012310979,0.5986470527857771
2019-05-01,338.1541717,278.6125042,288.1000043,0.006108333,85477.5,0.0,1.404166688,0.370833339,0.126796465,5.25659029202303,0.5374258808141646
2019-05-02,324.3291715,282.1916709,289.6375043,0.0042,85603.33333,0.0,1.575000023,0.637500009,0.126871662,5.456268985031753,0.335037710457281
2019-05-03,341.3916718,285.6208376,290.929171,0.003475,85550.83333,0.0,0.825000012,0.125000002,0.126946832,6.642421972588183,0.2550660940120294
2019-05-04,342.3625051,278.3166708,292.1875044,0.003308333,85473.33333,0.0,1.291666686,0.683333344,0.127021966,6.174203505494821,0.2240314162236915
2019-05-05,342.8208384,278.6791708,292.6750044,0.003254167,85305.0,0.0,1.420833355,0.725000011,0.127097117,6.254344903762938,0.2132890540019229
2019-05-06,331.2791716,277.7166708,291.2708377,0.00295,85285.41667,0.0,0.641666676,0.983333348,0.127172306,6.027476421178101,0.2112227152581517
2019-05-07,254.5000038,297.8125044,286.7583376,0.0047375,85442.91667,0.200000003,1.600000024,1.691666692,0.127247494,4.3009707739642735,0.4548762084592276
2019-05-08,256.0708371,308.7833379,285.7291709,0.005995833,85450.83333,6.800000101,1.866666694,0.120833335,0.12731499,34.43049906258484,0.6162497829896942
2019-05-09,311.5291713,309.5625046,287.1166709,0.006558333,85260.83333,5.300000079,-0.308333338,-0.612500009,0.127397716,61.69267206223277,0.6137461261944599
2019-05-10,274.6000041,329.6583382,289.154171,0.0055125,85110.0,0.300000004,-2.2291667,0.412500006,0.127460601,43.96854664140356,0.4510280679026023
2019-05-11,308.6916713,313.2791713,288.0083376,0.006,85394.58333,0.800000012,0.658333343,0.108333335,0.127542116,32.191340025673455,0.5305390955404561
2019-05-12,301.4041712,311.4750046,287.2875043,0.006504167,85462.91667,0.400000006,-0.312500005,-0.154166669,0.127610273,23.46388703684781,0.603326011998268
2019-05-13,340.9500051,305.0000045,288.154171,0.0076625,85628.75,0.100000001,0.24166667,1.291666686,0.12768882,14.071925266180417,0.6729821544841795
2019-05-14,343.2666718,315.5666714,293.0208377,0.007254166,85732.91667,0.0,0.625000009,0.762500011,0.127757277,12.68221103981176,0.4676000396725406
2019-05-15,328.8875049,314.1666713,295.1666711,0.005616667,85656.66667,0.0,1.187500018,1.254166685,0.127834349,11.571575878763747,0.3166112549558463
2019-05-16,350.6708386,292.441671,293.741671,0.004379167,85396.25,0.0,2.308333368,1.275000019,0.127872447,9.305823420604389,0.2687990510565768
2019-05-17,356.0500053,274.0166707,288.2333376,0.004433333,85219.16667,0.0,4.879166739,2.866666709,0.12789505,6.840115982014572,0.3855185213942981
2019-05-18,356.341672,263.0541706,287.0875043,0.003225,85346.66667,0.0,2.029166697,0.379166672,0.127917027,6.351323221626591,0.3026864305752147
2019-05-19,217.5166699,298.7291711,288.5250043,0.003166667,85307.08333,0.0,1.404166688,1.941666696,0.127953607,4.511174241461556,0.2704829659713689
2019-05-20,303.9708379,303.9750045,284.2083376,0.005308333,84975.0,5.100000076,2.704166707,1.129166683,0.127976254,27.36429668425709,0.6005065008850884
2019-05-21,352.3375053,294.7625044,282.5875042,0.004583333,85120.41667,0.400000006,2.404166702,0.329166672,0.128012845,18.579252413576537,0.5795094595726087
2019-05-22,302.8833378,276.5416708,284.3125042,0.0044875,84733.75,0.0,4.150000062,1.404166688,0.12803544,9.287448403071071,0.5026815722907492
2019-05-23,239.8333369,321.9166715,282.8208375,0.005504167,85147.08333,3.100000046,1.408333354,0.895833347,0.12807203,25.06734122491477,0.6852025052416272
2019-05-24,362.7125054,264.1291706,286.1708376,0.003941667,85607.5,0.0,0.937500014,0.44583334,0.128094637,22.337746740242665,0.3941694911061925
2019-05-25,362.3208387,271.737504,290.4500043,0.002870833,85409.16667,0.0,0.91666668,1.229166685,0.128131243,15.353648250264856,0.2168970959106339
2019-05-26,359.366672,280.2375042,290.516671,0.0031625,85267.5,0.0,1.387500021,2.68750004,0.128153843,11.736844932694988,0.2375234253341296
2019-05-27,313.1666713,293.8333377,286.5500043,0.004754167,85312.5,0.0,2.68750004,2.529166704,0.128175826,6.587685832207194,0.4620741612630833
2019-05-28,349.3125052,265.9333373,286.2583376,0.0039625,85324.16667,0.0,1.712500026,0.225000003,0.128212406,6.960385192166791,0.392664790136375
2019-05-29,360.041672,280.1916708,289.3875043,0.003716667,85272.91667,0.0,1.000000015,0.320833338,0.128234884,8.254571092894794,0.3001272756840935
2019-05-30,358.7875053,297.0208378,292.2625044,0.0047625,85468.75,0.0,1.491666689,0.437500007,0.128271423,6.975257034942889,0.3209664662511973
2019-05-31,357.7250053,298.0541711,294.6625044,0.0035625,85578.75,0.0,-0.375000006,0.745833344,0.128294036,7.522197069077709,0.2069728085631067
2019-06-01,349.2083385,301.8000045,294.9000044,0.00385,85477.91667,0.0,1.766666693,1.675000025,0.128330651,5.329735438016427,0.2201599089626539
2019-06-02,347.1208385,309.5791713,294.1833377,0.005554167,85405.0,0.0,1.662500025,0.766666678,0.12835324,4.723588354291632,0.331726434919332
2019-06-03,350.4875052,306.9125046,294.4583377,0.0055625,85432.5,0.0,1.629166691,1.025000015,0.128389777,4.47856012984726,0.3267157272965105
2019-06-04,348.8458385,301.4916712,295.6291711,0.005045833,85482.91667,0.0,1.320833353,0.67500001,0.128412138,4.523955852809803,0.2759022637039067
2019-06-05,347.4750052,311.770838,295.4333377,0.005075,85625.83333,0.0,0.745833344,0.325000005,0.128432529,4.996092733004139,0.2813228611664203
2019-06-06,347.3375052,320.1250048,297.2416711,0.0051625,85723.75,0.0,1.633333358,0.875000013,0.128467485,4.451534464992104,0.2565738417752125
2019-06-07,328.6375049,328.3625049,296.8208378,0.005916667,85657.91667,0.0,2.2666667,0.583333342,0.12850308,4.037807205686771,0.301429996203658
2019-06-08,355.066672,311.6791713,296.1250044,0.004754167,85632.08333,0.0,2.500000037,1.112500017,0.128524049,4.075523329565522,0.252621268668603
2019-06-09,345.0041718,311.3791713,297.2750044,0.003475,85938.33333,0.0,0.300000004,0.004166667,0.128559004,5.14736003955152,0.1727889445546153
2019-06-10,347.5041718,327.7708382,299.0166711,0.00525,86150.83333,0.0,-3.100000046,0.704166677,0.128579976,4.27497004285258,0.2356588077586262
2019-06-11,348.1041719,339.5125051,297.6291711,0.008183333,86238.75,0.0,-2.537500038,-0.029166667,0.128614932,3.987178873842572,0.3996716167095045
2019-06-12,339.3125051,323.2250048,301.0791712,0.004708333,85920.83333,0.0,1.100000016,-0.004166667,0.1286359,4.524784770664299,0.1865154119820475
2019-06-13,316.345838,330.7958383,301.1375045,0.004358333,85735.41667,0.0,0.583333342,0.525000008,0.12867086,4.450757069362738,0.1716878449898954
2019-06-14,359.179172,303.9791712,299.2291711,0.003341667,85557.5,0.0,1.675000025,0.658333343,0.128691828,4.507622083118307,0.1470872323026354
2019-06-15,353.1375053,302.1583378,297.6666711,0.003845833,85560.41667,0.0,1.983333363,1.229166685,0.128726784,4.277941413627175,0.1859303720788614
2019-06-16,338.2958384,324.8875048,298.4416711,0.004920833,85554.58333,0.0,1.600000024,1.266666686,0.128846943,4.442339135038536,0.2270410152709198
2019-06-17,347.3541718,332.6666716,298.6000044,0.004454167,85510.0,0.0,1.308333353,-0.004166667,0.128956156,4.988292477046995,0.2034606905234826
2019-06-18,351.3125052,319.0333381,298.2000044,0.0043625,85662.91667,0.0,1.341666687,0.379166672,0.12907936,4.823418799640884,0.204482842509912
2019-06-19,355.0625053,306.1666712,297.5625044,0.0029,85771.25,0.0,1.462500022,1.233333352,0.129188573,4.704677218348386,0.1414359129126986
2019-06-20,357.5625053,300.5916711,297.7875044,0.003120833,85660.41667,0.0,2.612500039,-0.029166667,0.129326397,4.696831348330598,0.1499582184608665
2019-06-21,353.4458386,304.4583379,296.7625044,0.003683333,85380.41667,0.0,2.600000039,0.429166673,0.129436245,4.587156148942861,0.187707337257037
2019-06-22,352.1333386,311.6875046,296.2166711,0.005016667,85417.08333,0.0,3.245833382,1.100000016,0.129559446,4.466171645584563,0.2644156231910877
2019-06-23,354.854172,303.8833379,295.7000044,0.004129167,85630.41667,0.0,2.220833366,0.641666676,0.129668659,4.540270372481162,0.2251889248900086
2019-06-24,358.1500053,297.7041711,296.8625044,0.003629167,85631.66667,0.0,1.391666687,1.300000019,0.129791863,4.790443826333138,0.1843671297800295
2019-06-25,354.966672,301.4458378,298.3416711,0.002833333,85575.83333,0.0,1.400000021,0.875000013,0.129901076,5.133137651427942,0.1315464708184155
2019-06-26,339.9166717,322.1458381,297.7958378,0.004083333,85751.25,0.0,1.883333361,-0.391666673,0.130024276,5.089594816129243,0.1963163535194896
2019-06-27,351.3875052,324.0333382,298.4958378,0.005258333,85934.16667,0.0,1.887500028,0.637500009,0.130148112,5.092185377240366,0.2428983236935553
2019-06-28,346.5833385,335.175005,301.3250045,0.004520833,85956.25,0.0,0.125000002,0.970833348,0.130271949,5.797904138887097,0.1765913159418777
2019-06-29,340.9416717,372.6500056,303.1708379,0.006891666,85924.58333,0.0,-0.537500008,0.975000015,0.130381162,6.253409275134279,0.2416378624872336
2019-06-30,334.2041716,383.9875057,303.1458379,0.0069375,85896.66667,0.0,0.679166677,0.991666681,0.130504366,6.181001515834332,0.2435182339597222
2019-07-01,322.7875048,358.4000053,301.3041712,0.006929166,85821.66667,0.0,1.525000023,1.129166683,0.130628202,4.939304330135211,0.2705719113026383
2019-07-02,329.7333382,339.1708384,300.7250045,0.005354167,85733.75,0.0,2.383333369,1.216666685,0.130737415,4.615562036041663,0.2160999101179815
2019-07-03,329.9541716,330.9750049,299.6291711,0.0054625,85622.91667,0.0,2.870833376,0.86666668,0.130860615,4.257761506529689,0.2349553992352615
2019-07-04,332.1541716,324.6208382,298.8833378,0.004004167,85650.41667,0.0,2.320833368,0.770833345,0.130969828,4.203885093846932,0.1801229742354499
2019-07-05,326.2000049,323.7458382,299.3375045,0.003766667,85902.91667,0.0,2.112500031,0.329166672,0.131093029,4.275886128690685,0.1653913063681671
2019-07-06,233.8583368,346.1500052,298.9583378,0.006770833,86061.25,0.0,0.095833335,1.308333353,0.131216865,3.2497301173827364,0.304669567717544
2019-07-07,272.8375041,362.5416721,298.2625044,0.008695833,85923.75,0.0,0.945833347,1.56666669,0.131340704,3.808002274369429,0.4073061491944946
2019-07-08,332.225005,319.2041714,297.5875044,0.005466667,85831.25,0.0,0.279166671,0.912500014,0.131449918,4.704035794143315,0.2663985854167923
2019-07-09,329.4208382,311.4416713,298.3250044,0.002845833,85940.0,0.0,1.916666695,1.116666683,0.131573118,4.417475695779284,0.1328220171865603
2019-07-10,321.4666715,338.512505,301.4583378,0.005004167,86032.91667,0.0,0.945833347,1.475000022,0.131682331,4.936679125527494,0.1941203197358284
2019-07-11,265.2166706,373.9250056,304.3208379,0.0053375,85941.25,0.0,0.870833346,-0.137500002,0.131805531,5.002437957539993,0.1751713296901618
2019-07-12,277.4750041,382.2875057,303.5541712,0.006954166,85805.0,0.0,-0.654166676,0.808333345,0.131929367,5.419365583799041,0.2381515425582787
2019-07-13,297.2541711,378.0416723,302.3250045,0.0076,85725.41667,0.300000004,0.579166675,1.045833349,0.132053207,6.313236392134658,0.2792469669427924
2019-07-14,269.5958374,382.5666724,301.6000045,0.009091666,85917.91667,0.900000013,0.841666679,0.325000005,0.13216242,8.793828554764488,0.3492964975289223
2019-07-15,298.6166711,379.9875057,302.2333378,0.0091375,85876.25,0.0,0.508333341,-0.170833336,0.132285621,9.568941522548537,0.3381324331202383
2019-07-16,308.9666713,369.2125055,303.5750045,0.007979166,85705.83333,0.0,2.320833368,0.695833344,0.132099221,6.650389199840274,0.2726096271258687
2019-07-17,311.495838,370.7208389,301.7500045,0.007525,85820.83333,0.0,2.770833375,0.566666675,0.13188471,6.016869845815849,0.2862534430459924
2019-07-18,316.5291714,369.0375055,300.9666712,0.009395833,85873.75,0.0,2.220833366,1.308333353,0.131684187,5.549407496056,0.3744730782605361
2019-07-19,298.9416711,366.5625055,301.7625045,0.006304167,85689.58333,0.0,2.991666711,0.516666674,0.131484299,5.50140326172466,0.2392706679914167
2019-07-20,317.9125047,350.0958386,301.6708378,0.005004167,85693.75,0.0,2.67500004,0.44583334,0.131284411,5.570506166074549,0.1909614243793828
2019-07-21,315.7500047,354.0041719,301.7833378,0.006520833,85779.58333,0.0,2.108333365,0.491666674,0.131084523,5.4596414645708,0.2474521262708042
2019-07-22,226.60417,368.2416722,301.5541712,0.0102625,85942.08333,0.0,1.725000026,0.65000001,0.130870012,3.851485561997341,0.395451099872033
2019-07-23,277.8208375,385.5541724,298.8958378,0.011504166,86181.66667,0.500000007,-1.954166696,1.291666686,0.130669492,5.161590955454516,0.5203226256364678
2019-07-24,279.0500042,388.3125058,298.8958378,0.0124375,86125.0,2.70000004,-0.42083334,0.308333338,0.130469604,23.02624819944131,0.5621665638140233
2019-07-25,299.0208378,393.0833392,300.6958378,0.012333333,85979.58333,0.0,1.870833361,1.225000018,0.130273745,12.08850504514194,0.5000736801038372
2019-07-26,301.1125045,391.2458392,301.7625045,0.0111125,86017.91667,0.0,1.82083336,0.745833344,0.13006289,10.527453908202377,0.4233839745262733
2019-07-27,306.1208379,386.5166724,302.7500045,0.010691666,86052.08333,0.0,1.98750003,0.850000013,0.129865976,8.887942075997147,0.3847082623652039
2019-07-28,307.3208379,378.183339,302.5541712,0.009220833,85980.41667,0.0,1.837500027,0.625000009,0.129669734,8.014691402982706,0.335304386594333
2019-07-29,307.7791713,370.1458388,302.9708378,0.008591666,85851.66667,0.0,1.891666695,0.412500006,0.129458832,7.149008953881884,0.3044973772460575
2019-07-30,282.4166709,384.7333391,300.6000045,0.010758333,85895.41667,1.900000028,-0.20416667,0.850000013,0.129247396,16.88535613330791,0.4382580671369457
2019-07-31,254.1875038,402.750006,295.6833377,0.014408333,86005.0,7.100000106,-1.008333348,0.100000001,0.129050483,58.49406827624159,0.7900194049978381
2019-08-01,296.2250044,383.470839,297.0750044,0.013775,86037.08333,0.200000003,0.608333342,0.629166676,0.128854234,37.88731912091943,0.6940911286419268
2019-08-02,300.6958378,388.1458391,300.6333378,0.0122125,85974.16667,0.0,1.320833353,1.300000019,0.128658018,21.183780461812717,0.4969729788587205
2019-08-03,272.6583374,386.6666724,302.0708378,0.011020833,85922.08333,0.0,1.083333349,0.641666676,0.128447133,16.019421807946173,0.4119307496644074
2019-08-04,279.2375042,389.3375058,300.6250045,0.010954166,86005.41667,1.400000021,-0.641666676,-0.350000005,0.128235604,23.100905422604647,0.446148057024631
2019-08-05,279.5250042,384.3541724,302.8833378,0.010354166,85900.0,0.0,0.108333335,-1.079166683,0.128038725,14.512378465764884,0.3690375280718794
2019-08-06,267.475004,387.8625058,299.9875045,0.010295833,85908.75,0.500000007,-0.370833339,-0.691666677,0.127842468,14.163177244384908,0.4349686356926006
2019-08-07,257.7500038,385.8750057,299.6291711,0.011804166,85893.75,0.0,1.250000019,0.537500008,0.127631639,8.744486220518576,0.5093318491741173
2019-08-08,297.3958378,377.008339,300.4541711,0.010804166,85803.75,0.0,1.037500015,0.341666672,0.127434716,9.191182461867127,0.4434599638863937
2019-08-09,271.200004,378.7875056,299.7625045,0.010516666,85812.5,0.300000004,0.44583334,0.620833343,0.127238433,9.306118167085527,0.4497691703529136
2019-08-10,282.1083375,375.4125056,298.1791711,0.010795833,85754.58333,0.600000009,-0.629166676,-0.120833335,0.12702755,11.438418375484783,0.5072081880301801
2019-08-11,287.754171,385.3291724,295.7375044,0.013308333,85890.41667,2.100000031,0.504166674,0.21666667,0.126830621,23.27746416546089,0.7263175771580171
2019-08-12,300.0541711,368.9708388,298.6916711,0.010608333,85986.66667,0.0,1.683333358,1.09583335,0.126619716,8.140404200932569,0.4846065930414049
2019-08-13,303.9791712,342.0125051,300.1250045,0.0070375,86022.08333,0.0,1.683333358,0.950000014,0.126422813,9.632422440377358,0.2952885732009241
2019-08-14,298.4250044,347.0541718,302.1833378,0.005904167,86003.75,0.0,0.520833341,0.591666675,0.126226572,10.110133051117552,0.2194467332184792
2019-08-15,301.3250045,345.5083385,302.7541712,0.00655,86015.83333,0.0,-0.533333341,0.566666675,0.126015733,8.720442019633804,0.2355262473959685
2019-08-16,302.2000045,335.6208383,302.0416712,0.0051,85886.25,0.0,1.700000025,0.833333346,0.125886507,6.64489344250055,0.1908703994246366
2019-08-17,299.6875045,347.3541718,300.7041711,0.0075875,85727.08333,0.0,1.679166692,0.679166677,0.125775442,6.017571518621887,0.3065924184769772
2019-08-18,286.5333376,347.3583385,300.2750045,0.005691667,85730.83333,0.0,1.550000023,0.845833346,0.12566499,5.645009228556303,0.2359045740977303
2019-08-19,296.9833378,337.850005,300.5125045,0.004620833,85848.75,0.0,0.633333343,1.425000021,0.125539922,5.632255532690158,0.1891097276183153
2019-08-20,293.554171,350.9125052,302.4833378,0.004675,85835.41667,0.0,0.712500011,0.658333343,0.125414269,6.145142664503777,0.1704150747165513
2019-08-21,295.7875044,343.9125051,303.5000045,0.0063875,85770.0,0.0,0.666666677,0.620833343,0.125303253,5.7204957602638045,0.2193415012219097
2019-08-22,291.4375043,338.137505,301.7875045,0.006129167,85616.66667,0.0,0.954166681,0.516666674,0.125178173,5.119731019871694,0.2320908666059375
2019-08-23,282.5000042,365.0000054,300.1500045,0.0101625,85700.0,0.0,2.533333371,0.44583334,0.125052503,4.184582129389594,0.4241859485404627
2019-08-24,282.7250042,371.4083389,299.0375045,0.012183333,85880.41667,0.0,2.337500035,0.775000012,0.12494144,3.8077566258588087,0.5444831442159079
2019-08-25,281.9583375,380.020839,299.0416711,0.0135,85982.5,0.0,2.708333374,0.533333341,0.124816364,3.5408457430542435,0.603892852980798
2019-08-26,281.0291709,376.9041723,300.4791711,0.012516666,85787.5,0.0,2.279166701,0.462500007,0.12470528,3.855235505465784,0.5128942184741148
2019-08-27,269.8083374,379.295839,302.2708378,0.011033333,85682.08333,0.0,1.620833357,0.929166681,0.124594857,4.136165661933059,0.4064745668402734
2019-08-28,272.8458374,383.8125057,302.4625045,0.010416666,85870.41667,0.0,1.77083336,0.600000009,0.12446981,4.2005316918966855,0.3803285567508491
2019-08-29,272.5291707,388.1166725,298.3666711,0.012695833,86031.25,2.100000031,0.595833342,0.425000006,0.124344142,13.694731091942774,0.5916919810236602
2019-08-30,272.2625041,382.2375057,299.5250045,0.011725,85932.5,0.0,0.083333335,-2.029166697,0.124233041,7.4901744360632225,0.509291547956448
2019-08-31,273.5708374,376.9041723,300.7625045,0.011191666,85872.08333,0.0,-0.025,-0.654166676,0.124107986,9.201859559945271,0.4514367991674154
2019-09-01,266.7458373,379.5041723,300.7708378,0.011158333,85947.91667,8.100000121,0.68750001,0.666666677,0.123996929,62.81054221362728,0.4502683837547082
2019-09-02,259.5875039,377.8291723,298.4541711,0.011145833,86046.66667,0.300000004,1.204166685,-1.200000018,0.123871893,35.5900254221229,0.5168245466007556
2019-09-03,274.2166708,372.4416722,300.0875045,0.0109375,85896.25,1.300000019,2.616666706,-0.933333347,0.123760838,32.83266035202716,0.4592782151808221
2019-09-04,274.2083374,372.8083389,301.9416712,0.008525,85819.16667,0.200000003,-2.083333364,-0.820833346,0.123635757,23.359137403932447,0.3206720109330901
2019-09-05,275.9000041,360.6250054,301.7833378,0.0069875,86064.16667,0.0,-3.391666717,1.366666687,0.123524661,14.097950694622144,0.2660408755659786
2019-09-06,264.0958373,365.0750054,300.8708378,0.0085,86080.83333,0.0,0.979166681,0.612500009,0.12339961,11.691233698199708,0.3415088584641055
2019-09-07,270.1958374,373.3500056,300.9583378,0.010695833,85911.66667,0.100000001,0.495833341,-0.404166673,0.123288506,11.712679841401885,0.4266824334514402
2019-09-08,264.2666706,371.7166722,297.2541711,0.0119125,85697.91667,1.400000021,0.950000014,0.020833334,0.123163489,14.79530193427484,0.591419244147553
2019-09-09,248.9125037,365.1541721,295.9375044,0.0117625,85634.16667,0.0,3.279166716,0.225000003,0.12303782,6.318450933741816,0.6322448805979298
2019-09-10,184.1875027,377.395839,294.3541711,0.012225,85615.83333,10.60000016,1.283333352,0.387500006,0.122926737,58.53543844330392,0.7242381258347996
2019-09-11,235.4666702,363.4291721,293.104171,0.012779166,85807.08333,2.900000043,1.991666696,0.991666681,0.122801679,63.32268920203587,0.8201632067261079
2019-09-12,269.3583373,329.5375049,295.5958377,0.008133333,86004.58333,0.0,0.129166669,-1.675000025,0.122690635,45.78123550739526,0.4483543123150495
2019-09-13,259.9500039,326.0666715,298.8458378,0.004995833,85988.33333,0.0,-1.241666685,0.129166669,0.122565497,26.393380725206278,0.2261254120813902
2019-09-14,251.9000038,353.3083386,298.7750045,0.009191666,86078.75,0.0,-3.729166722,0.520833341,0.122454423,15.996615271484751,0.4182476990431846
2019-09-15,255.5791705,358.2708387,294.3291711,0.010383333,85975.41667,1.000000015,-5.104166743,-1.241666685,0.122329341,12.288719386432764,0.6186744821433247
2019-09-16,227.3250034,356.5250053,295.9958377,0.010645833,85867.91667,0.0,-2.233333367,-0.591666675,0.122315696,9.013190349551484,0.5717408076185978
2019-09-17,256.2083372,353.9375053,295.1583377,0.0095875,85845.83333,0.0,0.775000012,0.475000007,0.122307013,9.125422178029384,0.5419184197857204
2019-09-18,255.2083371,342.7958384,296.6208378,0.0084625,85791.25,0.0,2.104166698,0.504166674,0.122298363,7.741242931982474,0.4370860463702194
2019-09-19,257.7750038,330.0166716,296.9541711,0.0067125,85608.33333,0.0,1.233333352,1.345833353,0.122275168,6.9481366498547565,0.3390192874613765
2019-09-20,259.4625039,312.795838,295.4333377,0.005275,85472.08333,0.0,1.825000027,0.450000007,0.122265864,5.697253149049985,0.2918844250627209
2019-09-21,254.3166705,317.7583381,294.029171,0.004429167,85655.41667,0.0,1.504166689,0.24166667,0.122257193,5.33729553670337,0.2678617413185297
2019-09-22,255.1250038,310.5041713,293.4000044,0.003795833,85833.33333,0.0,1.525000023,0.616666676,0.122248513,4.730861755280825,0.239226610526198
2019-09-23,134.687502,369.3958388,293.3750044,0.010241666,85913.33333,54.0000008,-0.491666674,0.750000011,0.12223983,56.58984673306204,0.6470760311454363
2019-09-24,212.1708365,348.2500052,290.541671,0.009491666,85811.66667,3.400000051,-1.883333361,-1.137500017,0.122231166,66.71070402913477,0.7162886459374461
2019-09-25,225.59167,334.4291717,292.6875044,0.009608333,85666.25,0.0,-3.658333388,0.087500001,0.122207859,50.90548594927969,0.6319333982964785
2019-09-26,220.7333366,344.7833385,291.9708377,0.010766666,85815.0,0.0,0.283333338,0.366666672,0.122198545,27.16215378725522,0.7420746001105212
2019-09-27,219.9166699,344.6875051,290.541671,0.010208333,85592.08333,0.0,1.450000022,-0.179166669,0.122189877,16.63282578295848,0.7684006229508877
2019-09-28,239.6166702,329.3916716,291.2500043,0.010591666,85298.33333,0.0,1.162500017,-0.333333338,0.122181857,12.245325638996178,0.759491501776105
2019-09-29,238.3583369,326.3541715,292.4333377,0.009454166,85261.66667,0.0,1.716666692,0.262500004,0.12216399,8.442882233164397,0.6288186880638957
2019-09-30,240.8958369,306.6416712,292.2625044,0.007483333,85332.91667,0.0,0.100000001,1.366666687,0.122161014,6.59430459392359,0.5035342092042665
2019-10-01,241.8250036,292.6000044,291.5958377,0.0056375,85328.75,0.0,1.13333335,-1.075000016,0.122148022,5.038926518124076,0.3956210717111342
2019-10-02,240.3500036,296.0875044,291.2958377,0.005604167,85685.83333,0.0,1.087500016,-0.579166675,0.122142584,4.356970052973955,0.4025083826859391
2019-10-03,237.9083369,288.5708376,292.5958377,0.006429167,85790.83333,0.0,0.366666672,0.358333339,0.12212471,4.021209900433242,0.4259009588593467
2019-10-04,230.6833368,322.3500048,293.9833377,0.007908333,85829.16667,0.0,0.912500014,-0.525000008,0.122111932,3.5201155685817875,0.4806070728629872
2019-10-05,233.3791701,302.7875045,292.7625044,0.007391666,86049.16667,0.0,1.35000002,-1.150000017,0.122106712,2.6440996903361498,0.4860251955934681
2019-10-06,233.0458368,295.4625044,292.6958377,0.00545,86020.0,0.0,-0.041666667,0.200000003,0.12209595,3.331458345028301,0.3597346801241209
2019-10-07,231.0166701,292.591671,294.4541711,0.004258333,86016.25,0.0,-3.558333386,-0.70000001,0.122073586,3.0245117857059585,0.2518889072918275
2019-10-08,225.7125034,319.7125048,295.3000044,0.007529166,85653.75,0.0,-2.225000033,-0.066666668,0.122070828,2.3178056443192183,0.4209366593504519
2019-10-09,226.82917,296.9666711,292.7625044,0.004345833,85425.0,0.0,1.941666696,-0.45833334,0.122054422,2.099317049233396,0.2836794009481424
2019-10-10,226.7375034,288.279171,291.4458377,0.0047875,85310.83333,0.0,2.075000031,0.058333334,0.1220425,1.850852457345654,0.3391069511402457
2019-10-11,230.7166701,254.9958371,288.1458376,0.001783333,85807.91667,0.0,-2.595833372,-2.537500038,0.122034007,2.2729036265009346,0.1570394250705142
2019-10-12,219.7250033,286.3125043,290.691671,0.003570833,85709.16667,0.0,-5.162500077,-0.666666677,0.122025655,2.749351130109145,0.2665878540459055
2019-10-13,216.7083366,283.1083376,290.691671,0.004266667,85637.5,0.0,0.595833342,0.320833338,0.1220173,1.1864516007997767,0.3182704189901525
2019-10-14,205.4666697,299.8791711,290.7250043,0.0048,85650.41667,0.0,1.104166683,-0.395833339,0.121994324,1.2373989490013464,0.3573480657008702
2019-10-15,215.4875032,296.6958378,291.1708377,0.005841667,85849.58333,0.0,0.716666677,0.050000001,0.121992245,2.934393735838936,0.423717252599418
2019-10-16,216.0166699,285.9166709,294.3458377,0.003604167,85945.41667,0.0,-4.4583334,-0.575000009,0.121883171,4.014270922527619,0.2144520869317271
2019-10-17,207.7041698,298.2666711,293.7458377,0.005016667,85518.33333,0.0,-3.36250005,-0.070833334,0.121769404,3.286574907167296,0.308289891422992
2019-10-18,209.1000031,297.5208378,290.341671,0.005995833,85165.0,0.0,1.587500024,0.712500011,0.121666701,2.5553366995969147,0.4548399492939945
2019-10-19,211.4666698,272.5250041,288.4833376,0.004420833,85500.0,0.0,0.925000014,0.24166667,0.12154966,2.2986118881008157,0.379486658506047
2019-10-20,211.2458365,263.4041706,288.4000043,0.002720833,85419.16667,0.0,1.100000016,-0.750000011,0.121431974,2.3210893977341667,0.2346023647490138
2019-10-21,209.9250031,249.8625037,287.6583376,0.002041667,85718.33333,0.0,0.533333341,-0.112500002,0.121314285,2.020793674130768,0.1853991307897947
2019-10-22,207.6125031,264.5416706,289.9958377,0.002641667,86068.33333,0.0,-0.587500009,-0.070833334,0.121211222,2.159372287025762,0.2070544767825336
2019-10-23,205.6916697,267.8083373,290.954171,0.003333333,85798.75,0.0,0.545833341,0.045833334,0.121094168,2.097437932463183,0.2449866906423808
2019-10-24,207.7708364,254.2791705,289.1833376,0.002325,85752.5,0.0,-1.75833336,-2.158333365,0.120991106,2.547154725549911,0.1913051906683367
2019-10-25,204.450003,240.8416703,287.4208376,0.001375,86147.91667,0.0,-5.533333416,-4.095833394,0.120874056,3.670099672457711,0.1274498069127199
2019-10-26,202.1416697,254.0375038,287.5125043,0.002408333,85722.5,0.0,0.487500007,0.179166669,0.120756367,1.8291889998739657,0.2208000313128849
2019-10-27,198.5416696,255.0916705,288.754171,0.002729167,85280.83333,0.0,1.291666686,-1.012500015,0.120653304,1.908721859873358,0.2296067826281246
2019-10-28,196.5875029,266.3208373,286.5041709,0.003020833,85265.41667,0.0,3.000000045,2.300000034,0.120536181,2.235761908968497,0.2943310081489934
2019-10-29,197.9041696,224.77917,282.5541709,0.001879167,85378.33333,0.0,1.037500015,-0.220833337,0.120424332,1.3258599506738566,0.238860022227217
2019-10-30,204.2041697,204.2583364,279.8750042,0.0012625,85697.91667,0.0,-0.133333335,-0.887500013,0.120312674,1.1448495687080291,0.1936821832624011
2019-10-31,202.7041697,190.4708362,281.2500042,0.00065,86237.91667,0.0,-1.883333361,-2.383333369,0.120213913,1.5102840770906365,0.0912416235052991
2019-11-01,192.8000029,221.4083366,284.3791709,0.001025,86122.91667,0.0,-0.441666673,-0.179166669,0.12009213,1.0774867696995083,0.1161803756452395
2019-11-02,136.5708354,251.6791704,287.479171,0.0014625,86214.16667,0.0,-2.808333375,-0.962500014,0.119983941,1.579057287913834,0.1351477874475884
2019-11-03,137.9541687,305.5541712,289.1625043,0.002191667,85923.33333,0.0,-0.758333345,-0.266666671,0.119861769,1.5234766708708205,0.1809366346882552
2019-11-04,178.895836,267.5958373,288.7708376,0.003166667,85785.41667,0.0,0.729166678,0.583333342,0.119753584,1.4496703461426732,0.2677012816477533
2019-11-05,174.9708359,283.9208376,289.479171,0.0039,85946.66667,0.0,0.187500003,0.091666668,0.119646031,1.578971117819031,0.3155519320337981
2019-11-06,152.9833356,318.7500047,290.8125043,0.005991667,85810.0,0.0,-3.150000047,-1.291666686,0.119538482,1.873172054419226,0.4444112210614899
2019-11-07,172.4250026,290.1833377,287.5375043,0.006579167,85997.08333,0.0,-0.791666678,0.150000002,0.11941631,1.44203350034094,0.6041330069697235
2019-11-08,172.1625026,278.7041708,289.5125043,0.005670833,86280.83333,0.0,-2.741666708,-0.416666673,0.119308121,1.4968939445276146,0.4596282033687998
2019-11-09,164.0541691,272.1083374,290.041671,0.004370833,86110.83333,0.0,-3.625000054,-1.079166683,0.119200572,1.788079080671976,0.3417506480748788
2019-11-10,157.2000023,302.1583378,289.379171,0.00605,85913.33333,0.0,0.095833335,0.912500014,0.119093023,1.3527308473341928,0.4924813372140064
2019-11-11,167.0541692,301.3291712,289.541671,0.0068375,85814.16667,0.0,-0.058333334,-0.037500001,0.118970847,1.6129960684322957,0.550157143451483
2019-11-12,164.7208358,277.0583375,287.5583376,0.0048875,86092.5,0.0,-5.35000008,-2.162500032,0.118862662,1.4805099509499684,0.4486819539682758
2019-11-13,165.6791691,266.975004,284.9500042,0.004391667,85847.08333,0.0,-0.133333335,-0.100000001,0.118755113,0.9967755863866232,0.4775957385977896
2019-11-14,163.6583358,261.8416706,286.7250043,0.0038875,85902.91667,0.0,0.362500005,0.537500008,0.118632937,0.7486002290365341,0.3760959361165293
2019-11-15,157.1875023,269.175004,289.0500043,0.0034125,86173.75,0.0,-4.620833402,-0.462500007,0.118524752,1.2420264110694463,0.2846051532903349
2019-11-16,149.2541689,274.7083374,288.0375043,0.003225,85883.75,0.0,-0.066666668,0.100000001,0.118551163,0.5440884114008934,0.2862540765144585
2019-11-17,163.3416691,258.7958372,288.2333376,0.0027375,85892.5,0.0,-1.645833358,-0.112500002,0.118568775,0.6686575314577806,0.2399313415748213
2019-11-18,161.0750024,256.7666705,288.4625043,0.0024375,85842.91667,0.0,-0.116666668,0.529166675,0.118600374,0.5018872349549368,0.2103596555267417
2019-11-19,141.0541688,279.0541708,287.9083376,0.00305,85523.33333,4.200000063,0.212500003,-0.270833337,0.118617982,5.304579131612072,0.2718628152771597
2019-11-20,55.98333417,319.4375048,279.7500042,0.00655,81311.25,39.80000059,-1.595833357,5.920833422,0.118649581,20.51441984142869,0.9617414308478502
2019-11-21,88.82500132,297.6416711,277.4625041,0.005145833,81608.33333,32.20000048,0.791666678,5.212500078,0.118681816,32.82551537806053,0.8906249582734251
2019-11-22,154.229169,281.5666709,278.9291708,0.005975,85789.16667,0.500000007,0.737500011,0.100000001,0.118699428,23.07930697173437,0.9802685942684074
2019-11-23,140.8041688,246.5625037,280.4250042,0.004916667,86025.0,0.0,-0.208333336,-0.733333344,0.118731027,10.428290375476577,0.728794039041053
2019-11-24,144.3958355,251.4916704,282.4541709,0.0048625,85941.25,0.0,-1.333333353,-0.708333344,0.118763262,12.338513935807658,0.6263952174780109
2019-11-25,150.4833356,249.8291704,281.9416709,0.005470833,85382.91667,0.0,0.512500008,-0.362500005,0.118780871,8.030688383381962,0.7251081333197034
2019-11-26,156.0583357,227.8416701,278.2916708,0.003429167,84861.66667,0.0,2.795833375,-1.220833352,0.11881247,8.598235657268393,0.5820187473523142
2019-11-27,125.4500019,261.1791706,278.6041708,0.003341667,85121.66667,0.0,-3.829166724,0.525000008,0.118830082,6.856298586329713,0.5565279838499818
2019-11-28,73.70416776,312.620838,280.0125042,0.006279167,84859.58333,0.200000003,-7.108333439,0.562500008,0.118861681,1.8659571099100776,0.9447985940324022
2019-11-29,96.33750144,310.1750046,278.4208375,0.006208333,84817.5,28.50000042,0.133333335,4.22916673,0.167696609,20.66141192959316,1.0436278288565384
2019-11-30,141.7541688,262.1208372,274.9625041,0.004179167,85607.91667,0.200000003,2.791666708,-0.195833336,0.379043999,12.371442600975564,0.9077596966739984
2019-12-01,147.1041689,234.4416702,277.9541708,0.003770833,85923.33333,0.0,0.508333341,-1.016666682,0.354022571,6.154380075049127,0.6636366388129039
2019-12-02,138.5750021,240.1708369,281.6666709,0.004291667,86059.16667,0.0,-1.10833335,-0.658333343,0.290248272,6.095380213230224,0.584223609499721
2019-12-03,125.2916685,274.7083374,282.3791709,0.0045125,86029.58333,0.0,-0.150000002,0.070833334,0.225608672,6.33132022822222,0.5848861269983853
2019-12-04,55.86250083,343.3083384,284.7416709,0.005816667,85822.5,1.100000016,-0.758333345,0.250000004,0.163910204,10.23918843248754,0.6412461951587427
2019-12-05,111.4625017,328.1000049,282.7250042,0.006791666,85782.91667,0.500000007,0.329166672,0.141666669,0.133319321,14.548765021355116,0.8573576572843546
2019-12-06,116.6833351,274.0416708,282.7541709,0.005704167,86160.41667,0.0,-1.59166669,-0.395833339,0.124787557,6.55521671702573,0.721812162528503
2019-12-07,118.6041684,284.6333376,284.6041709,0.005670833,86197.5,0.0,-2.491666704,0.083333335,0.121864037,7.23200313357521,0.6337026801294902
2019-12-08,94.69166808,332.975005,283.6000042,0.007916666,85851.25,16.60000025,0.850000013,-0.329166672,0.120108451,29.97582363374245,0.9426286298604408
2019-12-09,93.40000139,293.654171,281.6000042,0.007129166,85430.0,1.500000022,0.858333346,0.283333338,0.119457855,12.165499529802045,0.9678104538487992
2019-12-10,145.6708355,241.7875036,279.6000042,0.004716667,85901.66667,0.100000001,0.033333334,0.387500006,0.119316521,12.1329155059992,0.7393368913264367
2019-12-11,139.6125021,238.6208369,281.7625042,0.004691667,86172.08333,0.0,-2.287500034,0.337500005,0.119277549,16.080943667847155,0.6353278019767357
2019-12-12,141.3375021,238.8416702,280.9791709,0.005116667,86126.25,0.0,0.287500004,0.520833341,0.119265911,7.051332548553278,0.7308081651571476
2019-12-13,139.4083354,259.4750039,283.9125042,0.005095833,86137.5,0.0,-0.783333345,-0.68750001,0.119281615,9.779379617568408,0.596091491202328
2019-12-14,138.9750021,255.5500038,282.9541709,0.005491667,85499.58333,0.0,-0.633333343,0.0125,0.119301135,6.371544171656166,0.6802925780682467
2019-12-15,134.400002,258.2208372,280.4750042,0.006204167,85107.91667,0.0,1.12083335,-0.754166678,0.119318746,4.72200364764598,0.9066910687842326
2019-12-16,147.2583355,208.5000031,276.1208374,0.0032375,85742.91667,0.0,0.545833341,-0.108333335,0.119315034,2.833415514292554,0.6478827165711383
2019-12-17,149.8250022,181.858336,275.2791708,0.0015375,86289.16667,0.0,-2.579166705,-3.625000054,0.119325045,4.3308521604044135,0.3289922123959119
2019-12-18,148.9041689,192.5166695,277.6041708,0.0012875,86064.16667,0.0,-7.14583344,-2.779166708,0.119335692,5.3897460695699,0.2326540043102009
2019-12-19,144.2250021,212.1250032,278.3666708,0.001883333,85681.25,0.0,-5.141666743,-0.67500001,0.119331716,3.5123840842143026,0.3210367119134872
2019-12-20,146.6666689,208.9291698,278.9958375,0.002654167,86189.58333,0.0,-1.508333356,0.295833338,0.119341727,1.6058104942242672,0.4354401133491123
2019-12-21,145.7958355,213.8291699,281.6750042,0.002479167,86438.75,0.0,-0.279166671,-1.016666682,0.119337747,1.297093196798429,0.3387834098629961
2019-12-22,145.8416688,216.6416699,284.6708376,0.001945833,86085.41667,0.0,-4.308333398,-0.775000012,0.119333135,2.726144115165064,0.2161931085673223
2019-12-23,121.1041685,258.0416705,284.0166709,0.002304167,85680.41667,0.0,-5.320833413,-0.075000001,0.119343146,2.6099809662892257,0.2662302524534961
2019-12-24,68.55000102,324.9000048,281.0250042,0.004970833,85257.91667,14.30000021,-4.641666736,0.779166678,0.119353793,52.72239899387896,0.7006040968491215
2019-12-25,56.87500085,305.5375046,277.2666708,0.005704167,85179.58333,12.50000019,0.966666681,0.008333333,0.120378514,12.341115903369555,1.0448961098871592
2019-12-26,115.3333351,250.6500037,277.0541708,0.004729167,85328.33333,3.500000052,-2.420833369,-0.225000003,0.125110484,17.907317547950207,0.881027059187496
2019-12-27,75.28750112,297.6458378,276.1500041,0.0052375,84986.25,12.10000018,0.275000004,1.13333335,0.165616686,15.469968624746404,1.0366976362198723
2019-12-28,71.80416774,294.1833377,273.7416707,0.004608333,85088.75,2.800000042,2.858333376,1.766666693,0.317955188,7.747464032588784,1.087437062454686
2019-12-29,144.3166688,220.3250033,272.2791707,0.002779167,85573.33333,0.0,-0.24166667,-0.845833346,0.440836598,4.094969429494737,0.7345734320968653
2019-12-30,116.3625017,250.3875037,273.3250041,0.002741667,85631.66667,0.0,0.125000002,-1.050000016,0.407827226,8.163972375658767,0.6712894420480128
2019-12-31,126.7208352,277.8750041,276.9166708,0.0035625,85565.0,0.600000009,-2.737500041,-1.462500022,0.359942441,21.61299079624473,0.6720740533859292
2020-01-01,135.3791687,232.4750035,276.8291708,0.003966667,85590.0,0.400000006,0.133333335,0.087500001,0.308255675,2.272196597943122,0.7532254611138859
2020-01-02,137.5791687,246.3041703,277.0083375,0.004066667,85003.33333,0.0,-0.787500012,-0.033333334,0.254431406,7.17891648037384,0.7571878118899454
2020-01-03,139.6250021,211.3750031,277.0416708,0.00345,85855.0,0.0,-0.366666672,0.870833346,0.217932218,3.015540431960089,0.6472657351318248
2020-01-04,139.9000021,223.64167,280.2916708,0.00375,86490.41667,0.0,-0.708333344,-0.575000009,0.184048644,3.683557715268539,0.5640541283452095
2020-01-05,141.1458354,225.2000034,282.1083375,0.004020833,86460.0,0.0,-0.133333335,-0.270833337,0.156598556,1.419461963210466,0.5335343745340998
2020-01-06,145.2291688,214.7666699,280.5500042,0.003595833,86394.58333,0.0,-0.379166672,-0.016666667,0.140190746,1.7064259280274634,0.5306863657745713
2020-01-07,144.3083355,213.4333365,280.9291709,0.00265,86414.58333,0.0,-0.908333347,-1.466666689,0.132834577,4.162733580728226,0.3810753337306877
2020-01-08,142.5083355,219.2375033,282.4541709,0.0024375,85709.58333,0.0,-3.900000058,-1.158333351,0.127502105,5.737110095168375,0.3131563056273993
2020-01-09,67.90833435,246.7375037,278.7041708,0.003304167,85256.66667,0.0,0.395833339,-0.833333346,0.124514399,0.2163940250650777,0.5472960290735163
2020-01-10,142.7083355,248.2916704,276.6958375,0.0041875,85364.16667,0.300000004,0.833333346,0.270833337,0.12791059,2.836523355240117,0.8006453064269985
2020-01-11,145.4166688,208.9208364,276.0541708,0.002479167,85929.58333,0.0,0.062500001,-0.166666669,0.127041949,1.4749679060088792,0.4995918014797629
2020-01-12,146.3625022,215.0208365,277.2166708,0.00295,85634.58333,0.0,0.258333337,-0.19166667,0.124766321,1.4056423752217475,0.5452057923353821
2020-01-13,148.4375022,218.3541699,279.3666708,0.002870833,85690.0,0.0,-1.287500019,-1.258333352,0.123057175,1.5185495608197588,0.4562635471621796
2020-01-14,148.1791689,222.0125033,280.9500042,0.002779167,85855.41667,0.0,-0.250000004,-0.416666673,0.121718691,1.0814550894578778,0.3964937552912426
2020-01-15,133.062502,245.6791703,282.1083375,0.00315,85727.91667,0.0,-0.287500004,-0.154166669,0.120778206,1.0948770750760703,0.414442192076572
2020-01-16,86.65833462,314.620838,284.1875042,0.003716667,85777.5,1.800000027,-4.741666737,-0.45833334,0.120235359,5.157391576177588,0.4250137570479362
2020-01-17,147.7125022,276.2666708,279.5583375,0.005625,85883.33333,0.100000001,-0.966666681,-0.337500005,0.120007765,3.07170813427328,0.8840948733669541
2020-01-18,151.9083356,234.4291702,280.0875042,0.003691667,86192.08333,0.0,0.137500002,-0.158333336,0.119809413,2.1439974104298183,0.561259387847313
2020-01-19,151.2000023,237.9458369,282.8708375,0.003033333,86240.41667,0.0,-1.183333351,-1.470833355,0.119729956,2.0976715117996365,0.3811660764890255
2020-01-20,140.2458354,264.7166706,284.7083376,0.0037625,86186.25,0.0,-5.879166754,-1.908333362,0.119684832,3.1740849076240005,0.4174763769228707
2020-01-21,42.5291673,333.2541716,282.4375042,0.005625,85888.75,10.00000015,-3.725000056,-0.350000005,0.119668314,24.00149285878725,0.725001635311424
2020-01-22,149.8791689,297.7416711,279.3958375,0.006766666,85788.33333,1.500000022,1.054166682,0.545833341,0.119688675,22.59802311097252,1.0744739950884366
2020-01-23,155.3000023,244.020837,280.5875042,0.005225,85931.25,0.0,0.24166667,0.316666671,0.119714119,10.451327527253513,0.7650024892720916
2020-01-24,150.6458356,248.4000037,282.5958375,0.004325,85722.91667,0.0,-1.600000024,-1.641666691,0.119738295,15.033358885183834,0.5504047965749685
2020-01-25,157.466669,254.0083371,282.4416709,0.0047,85731.66667,0.0,0.275000004,0.495833341,0.119775822,8.928448243976046,0.6044996290987474
2020-01-26,156.504169,253.1791704,282.3416709,0.004708333,85935.83333,0.0,0.462500007,0.533333341,0.119799994,7.204150631637368,0.6111640856285125
2020-01-27,159.9541691,271.100004,282.2291709,0.005045833,85818.75,0.0,0.050000001,-0.354166672,0.119838793,7.751485131406861,0.6591187776932655
2020-01-28,165.7000025,226.14167,280.7750042,0.003408333,85942.91667,0.0,-0.325000005,-0.825000012,0.119877588,3.892755509884591,0.4926634524928805
2020-01-29,132.7958353,249.0041704,280.0166708,0.003595833,85517.5,0.800000012,-0.408333339,0.079166668,0.119916387,3.638746681254839,0.5450860727366862
2020-01-30,160.1458357,227.1875034,280.0708375,0.003504167,85441.25,0.0,-3.650000054,-2.925000044,0.119940559,3.984880038178389,0.5287237113856789
2020-01-31,169.9833359,220.8375033,280.4500042,0.002845833,86044.58333,0.0,-0.70000001,0.345833338,0.119978722,3.1026093307052003,0.42120206026136
2020-02-01,167.9333358,234.0083368,283.3125042,0.002854167,86415.41667,0.0,-2.48333337,0.545833341,0.120017521,3.3350050596902068,0.3487846078148576
2020-02-02,171.2333359,240.0083369,285.7375043,0.0032125,85963.33333,0.0,-1.704166692,-0.22916667,0.120041694,2.8387469092013493,0.3319764651370647
2020-02-03,162.5583358,238.6541702,281.7208375,0.0038125,84955.41667,0.0,1.383333354,1.09583335,0.120079857,1.885350074910951,0.5104399784573548
2020-02-04,168.4583358,218.0875032,273.9708374,0.00165,84902.91667,0.0,1.437500021,0.475000007,0.120118652,1.5718086240961515,0.3820451344723401
2020-02-05,176.633336,188.0166695,272.8750041,0.001275,85289.58333,0.0,-1.641666691,-2.016666697,0.120157451,1.333846325341811,0.3214060051059498
2020-02-06,173.1541692,212.0458365,274.7000041,0.001958333,85493.75,0.0,-0.170833336,0.758333345,0.120196249,1.3805578912412844,0.4329709912164595
2020-02-07,175.7791693,231.9583368,278.9791708,0.003216667,85585.41667,0.0,-0.379166672,-0.066666668,0.120220422,1.7846605488611542,0.5246365064661139
2020-02-08,179.4416693,235.8958368,281.7375042,0.003779167,85680.0,0.0,0.516666674,0.054166667,0.120258585,1.6420344131827624,0.5097102633364816
2020-02-09,167.0666692,241.2375036,282.1375042,0.0037625,85325.83333,0.0,-0.150000002,0.033333334,0.12029738,1.6504694242985374,0.4917259379926115
2020-02-10,104.7750016,293.629171,283.1333376,0.004770833,85196.25,2.800000042,-1.858333361,0.537500008,0.120321556,4.219284852664259,0.5817923070951918
2020-02-11,114.5416684,302.6833378,279.0791708,0.00565,85142.5,19.9000003,-0.054166667,0.329166672,0.125829995,29.8765824245101,0.9103432498543672
2020-02-12,183.9583361,235.3333368,276.4125041,0.00395,85483.75,0.0,0.637500009,0.850000013,0.127008749,22.65271914994794,0.7717727098352453
2020-02-13,189.4250028,221.5500033,278.1041708,0.003875,85733.75,0.0,0.741666678,0.437500007,0.124845831,16.74314326285197,0.6732929085099557
2020-02-14,178.0625027,240.6500036,281.7625042,0.003866667,85755.83333,0.0,-1.616666691,0.65000001,0.122948032,18.859004738427288,0.521080152502338
2020-02-15,190.4625028,238.7583369,281.1958375,0.004025,85917.91667,0.0,0.316666671,0.325000005,0.121664403,12.28327250431314,0.5650012887472147
2020-02-16,190.2000028,240.9625036,281.6208375,0.003925,85953.75,0.0,-0.079166668,0.150000002,0.121139403,9.81841962395457,0.5353344196124808
2020-02-17,190.9000028,249.9416704,283.1458376,0.00395,85524.16667,0.0,0.079166668,-0.075000001,0.120916934,8.792866116890613,0.4831383841892278
2020-02-18,192.0500029,247.2500037,283.4500042,0.0045375,85563.75,0.0,0.170833336,0.616666676,0.120886469,6.611661147317291,0.5439469583571532
2020-02-19,184.7208361,260.1833372,284.2375042,0.004845833,85735.83333,0.0,0.208333336,-0.008333333,0.120930394,6.461569045650752,0.5520123263535407
2020-02-20,197.4916696,247.1291703,284.3333376,0.003908333,86019.58333,0.0,-0.295833338,0.125000002,0.121025178,5.207553927954543,0.4438273017765428
2020-02-21,176.0000026,295.7333377,284.7375042,0.004533333,86187.91667,0.0,-7.600000113,-1.883333361,0.1211117,4.552355890488178,0.5020354985107621
2020-02-22,84.87500126,330.8333383,283.4333376,0.006695833,85915.0,38.90000058,-2.91666671,-0.116666668,0.121219932,38.95896526775876,0.806887067563452
2020-02-23,97.19583478,301.0083378,278.6625042,0.0064625,85710.0,13.6000002,2.075000031,1.929166695,0.121313969,18.133853554794623,1.0792828284611369
2020-02-24,202.9791697,253.0125038,279.1500042,0.006145833,85967.08333,0.0,0.179166669,0.070833334,0.121422094,29.22708451891124,0.9948780103308472
2020-02-25,213.2208365,218.4208366,279.6666708,0.003675,85898.75,0.0,-2.562500038,-2.48333337,0.121516354,34.868373435571094,0.5733656255953447
2020-02-26,215.5000032,198.387503,276.5958375,0.00225,86465.83333,0.0,0.341666672,-0.008333333,0.121610003,13.566650577261935,0.4388740922768435
2020-02-27,216.0291699,217.4000032,280.8083375,0.003370833,86378.75,0.0,0.625000009,-0.095833335,0.121718317,13.486264734678857,0.4885881270085792
2020-02-28,187.0583361,245.9916703,284.2083376,0.0032125,86318.75,0.0,-3.245833382,-1.475000022,0.121827062,16.073270266622607,0.3691617193071023
2020-02-29,211.4833365,271.6958374,284.4958376,0.0035375,85945.41667,0.0,-1.354166687,0.016666667,0.121935882,12.571156796213508,0.3970210702035784
2020-03-01,224.5333367,287.9625043,283.4291709,0.004204167,85428.75,0.0,1.233333352,-0.079166668,0.122030115,10.151847073988227,0.5039012435850341
2020-03-02,188.6125028,260.0708372,281.4291709,0.004170833,85121.66667,0.200000003,-0.037500001,1.229166685,0.122138423,5.126615654541673,0.5708160499278176
2020-03-03,219.2750033,289.4333376,282.5250042,0.004195833,84969.58333,0.70000001,-2.695833374,-1.645833358,0.122232679,7.050588064512919,0.5318317174445041
2020-03-04,232.3291701,244.345837,283.2041709,0.003983333,85637.08333,0.0,0.45833334,0.045833334,0.122340836,6.387367727219403,0.4859355921540789
2020-03-05,231.4625034,251.8666704,284.8625042,0.004595833,86174.58333,0.0,-0.279166671,0.320833338,0.122435091,5.2984665723005815,0.5046451986881106
2020-03-06,213.6666699,263.1500039,287.2458376,0.003833333,86120.83333,0.0,-7.404166777,0.170833336,0.122543176,4.772079634954209,0.3592964532785758
2020-03-07,218.4750033,285.0416709,287.4375043,0.004620833,85763.33333,0.0,-3.741666722,1.550000023,0.122652018,3.765200950744783,0.4259317784785395
2020-03-08,123.1666685,318.8708381,284.9250042,0.0050125,85476.25,0.0,1.654166691,0.354166672,0.122746329,2.094899904918087,0.5436633779350356
2020-03-09,232.1083368,307.2833379,282.7791709,0.005770833,85842.5,0.0,1.037500015,1.087500016,0.122854509,3.028303550534609,0.7263190460793417
2020-03-10,150.9625022,325.5958382,284.9750042,0.006245833,86175.41667,1.600000024,-0.066666668,-0.025,0.122948734,7.827581472257234,0.6806983001793021
2020-03-11,112.4375017,337.5208384,284.7750042,0.008808333,86060.41667,19.40000029,-1.495833356,0.050000001,0.123056972,36.9239302277449,0.9715807340019408
2020-03-12,107.5833349,341.0750051,285.5166709,0.009170833,85605.0,7.600000113,0.145833336,-0.233333337,0.123151181,34.850186569693214,0.957690515562951
2020-03-13,181.608336,314.933338,282.1375042,0.007758333,85210.41667,13.1000002,0.587500009,2.400000036,0.123262088,54.23794295120608,1.012574941569974
2020-03-14,210.0333365,308.4000046,280.8666709,0.006270833,85721.25,1.700000025,-0.25416667,-0.041666667,0.123363255,48.67550806010378,0.8983882231046864
2020-03-15,239.8791702,271.9208374,283.3541709,0.006104167,85860.83333,0.0,0.100000001,0.262500004,0.123463961,35.04000270387262,0.7390682055164904
2020-03-16,252.1000038,262.8041706,284.2416709,0.005475,85779.58333,0.0,-0.491666674,0.312500005,0.123530265,28.347655937966135,0.6238275364934416
2020-03-17,250.8000037,265.212504,284.4750042,0.006104167,85454.16667,0.0,0.979166681,0.775000012,0.123609694,20.569605304814,0.6821190754594109
2020-03-18,150.1125022,287.816671,282.0000042,0.00595,85197.91667,10.80000016,1.041666682,1.141666684,0.123675138,40.56392245008481,0.783776051999632
2020-03-19,122.8791685,305.5458379,277.0666708,0.00555,85339.16667,30.10000045,2.133333365,1.245833352,0.142936136,31.86384068261217,1.0331566121534552
2020-03-20,208.1291698,266.3333373,278.9291708,0.004604167,86023.75,0.0,-0.050000001,0.075000001,0.139352819,30.535361615064836,0.7574329056572069
2020-03-21,251.3458371,276.7916708,282.7500042,0.005083333,85887.5,0.0,0.379166672,0.437500007,0.131419479,36.375308248534665,0.6413951106531645
2020-03-22,236.1083369,269.075004,282.2458375,0.005141667,85878.75,0.0,0.86666668,-0.300000004,0.126865958,23.60904004739229,0.6713429426317723
2020-03-23,215.0875032,293.1333377,283.5500042,0.0056,85746.66667,0.0,1.10833335,-0.466666674,0.125149938,17.492204393112452,0.6682246620918605
2020-03-24,269.0041707,266.6041706,282.9208375,0.005529167,85855.41667,0.0,2.387500036,-0.516666674,0.124492494,12.009231691194076,0.6893456748663096
2020-03-25,247.3000037,274.5500041,284.3333376,0.004916667,85665.0,0.0,0.054166667,-1.250000019,0.124295357,10.44464323624397,0.5560314212300529
2020-03-26,245.308337,281.8916709,284.3125042,0.005291667,85293.75,0.0,1.262500019,0.516666674,0.124279421,7.9373021769039855,0.5966804266874209
2020-03-27,218.7250033,282.3791709,278.2541708,0.004383333,85144.58333,0.0,2.529166704,1.341666687,0.131061273,3.935804001741032,0.7484215817880181
2020-03-28,274.4208374,235.7708368,278.0083375,0.0033625,85752.91667,0.0,1.966666696,0.416666673,0.138321872,4.060111647003351,0.5883433436659323
2020-03-29,280.1166708,236.8833369,282.3583375,0.003466667,85670.83333,0.0,1.225000018,1.112500017,0.130639027,4.491300873525236,0.4480929102005704
2020-03-30,281.9125042,239.5625036,283.1416709,0.003704167,85753.33333,0.0,1.570833357,-0.20416667,0.126660893,4.256691428386407,0.4544119282470077
2020-03-31,258.9500039,259.1125039,285.4708376,0.004479167,85922.5,0.0,0.516666674,-0.225000003,0.125209356,4.482643696409248,0.4709167807267707
2020-04-01,199.7708363,310.445838,287.729171,0.004975,85335.0,0.0,0.91666668,0.154166669,0.124792237,3.8459136929818367,0.4476729510315137
2020-04-02,293.4000044,261.7166706,287.1208376,0.0044875,85252.08333,0.0,1.870833361,-0.008333333,0.124739426,4.52552933142825,0.4197942614939786
2020-04-03,290.6583377,263.0750039,286.5125043,0.004429167,85366.66667,0.0,2.020833363,-0.179166669,0.124797874,4.39532078528381,0.4318254308844173
2020-04-04,296.9208378,255.3833371,286.5000043,0.004495833,85221.25,0.0,1.516666689,0.616666676,0.124853146,4.140054064963369,0.4379391081081937
2020-04-05,262.8083372,266.1541706,286.5791709,0.003845833,85219.16667,0.0,0.900000013,1.229166685,0.124917951,3.7993190064610514,0.3726642725682541
2020-04-06,301.5833378,277.2041708,286.5375043,0.003929167,85367.91667,0.0,1.012500015,1.650000025,0.124997379,4.807047970794744,0.3824524683741072
2020-04-07,301.0083378,255.8958371,286.5875043,0.003875,85744.58333,0.0,1.150000017,1.050000016,0.125062824,4.053965880682474,0.3775983188255651
2020-04-08,296.9375044,272.9833374,288.1625043,0.004983333,85655.83333,0.0,-0.391666673,1.837500027,0.125142252,4.229673554417557,0.4375774086415306
2020-04-09,252.9625038,304.0208379,283.2000042,0.005520833,85693.33333,0.0,2.279166701,1.058333349,0.125207697,3.544454758691307,0.6741311191280595
2020-04-10,304.2791712,254.1500038,284.0958376,0.0036625,85581.66667,0.0,1.345833353,0.508333341,0.125272502,3.544440093486221,0.4204446619200788
2020-04-11,261.6708372,269.9208374,283.8583376,0.004,85242.5,0.0,1.12083335,0.112500002,0.125337307,2.9347368539511574,0.4647349377537511
2020-04-12,231.6875035,300.6708378,281.2458375,0.006345833,85367.91667,0.100000001,1.970833363,0.800000012,0.125416739,2.544956924213,0.8820418322426127
2020-04-13,234.3958368,334.2208383,283.0625042,0.006254167,85500.83333,0.0,1.429166688,-0.283333338,0.125477749,3.1622490371388,0.7690903407471642
2020-04-14,306.4333379,269.200004,283.2083376,0.004725,85811.25,3.600000054,-0.050000001,-0.633333343,0.125551243,17.405993014952337,0.5774225938093315
2020-04-15,318.8250048,235.3041702,284.6541709,0.0027375,85785.41667,0.0,0.895833347,0.045833334,0.125617027,10.02940464557702,0.3034300031321271
2020-04-16,317.2458381,248.8666704,286.6333376,0.0027625,85517.08333,0.0,1.320833353,-0.075000001,0.125691496,9.411296246566764,0.2676676565664729
2020-04-17,296.4500044,257.4791705,287.7333376,0.002979167,85498.33333,0.0,1.279166686,1.629166691,0.125763383,7.519518738750876,0.2685189653430961
2020-04-18,241.1125036,272.9833374,285.8875043,0.0033625,85438.75,0.0,2.137500032,1.220833352,0.125843343,5.437641078887272,0.3419402474858645
2020-04-19,312.6125047,269.387504,285.4958376,0.004466667,85542.08333,0.0,1.220833352,0.308333338,0.125918411,6.241828381712265,0.4667473403839439
2020-04-20,317.0875047,274.6375041,287.7500043,0.0046125,85562.08333,0.0,1.087500016,0.729166678,0.125990854,6.142059791360152,0.4155925863836982
2020-04-21,318.9583381,267.162504,287.8000043,0.004179167,85560.0,0.0,1.891666695,0.120833335,0.126057007,5.448081506112578,0.3753131030792438
2020-04-22,318.9666714,279.7000042,288.054171,0.0050875,85714.58333,0.0,0.858333346,-0.425000006,0.126137637,5.590268756709833,0.4501931077137003
2020-04-23,320.6041714,280.5375042,291.104171,0.004658333,85727.91667,0.0,1.912500028,0.358333339,0.126210667,5.633939001301038,0.3388389965698657
2020-04-24,322.2625048,289.916671,293.8875044,0.004429167,85613.75,0.0,1.79583336,-0.370833339,0.126285525,6.184827085498741,0.2700988621861217
2020-04-25,327.2875049,283.3791709,294.3833377,0.003875,85761.66667,0.0,0.225000003,-1.195833351,0.126360715,6.135066784606242,0.2295401663736628
2020-04-26,325.5833382,286.1083376,295.2583377,0.00405,85833.75,0.0,1.233333352,-0.029166667,0.126435872,6.17297039745252,0.2274833690869889
2020-04-27,319.4458381,296.5000044,295.7500044,0.004170833,85744.58333,0.0,1.925000029,-0.337500005,0.126496417,6.576358118678612,0.2270674936633026
2020-04-28,327.1041715,293.1958377,295.5125044,0.003991667,85842.91667,0.0,1.037500015,-0.220833337,0.126585598,6.469265285218777,0.2207553931914903
2020-04-29,326.1916715,306.1333379,297.2291711,0.004220833,85920.83333,0.0,0.21666667,-0.137500002,0.126646754,7.298421543014744,0.2104150066799776
2020-04-30,306.5750046,314.4291714,298.5375044,0.004683333,85790.83333,0.0,-1.233333352,-0.462500007,0.126721237,6.74934035514748,0.2154372756253845
2020-05-01,342.8500051,299.9000045,296.6333378,0.004283333,85626.25,0.0,1.966666696,0.454166673,0.126796361,7.255584984264692,0.2206396578916404
2020-05-02,338.2916717,291.9208377,295.1250044,0.003583333,85729.16667,0.0,1.720833359,0.912500014,0.126871538,6.700263353006469,0.2026826017945481
2020-05-03,338.2416717,297.2000044,294.5041711,0.0041875,85779.58333,0.0,2.116666698,0.695833344,0.126957423,6.55125821815122,0.2462542295666104
2020-05-04,343.6125051,286.7958376,294.0250044,0.004004167,85706.25,0.0,2.100000031,0.716666677,0.127023992,6.220192532051081,0.2423655372181515
2020-05-05,347.2875052,290.2625043,295.8541711,0.003720833,85758.33333,0.0,-0.141666669,-0.279166671,0.127097232,6.483363958643185,0.2013124384054114
2020-05-06,349.6583385,291.479171,297.6666711,0.0034875,85822.5,0.0,-0.045833334,0.225000003,0.12717235,6.408812758176273,0.1691228947275647
2020-05-07,342.4875051,289.254171,297.7916711,0.002825,85709.58333,0.0,1.866666694,-0.441666673,0.127247507,6.144789593131465,0.1357870097614749
2020-05-08,335.312505,294.0750044,297.1666711,0.003025,85665.41667,0.0,1.804166694,0.679166677,0.127318827,5.886497788147436,0.150923194935566
2020-05-09,340.8791717,306.8250046,296.4875044,0.004666667,85768.75,0.0,1.787500027,0.416666673,0.127397701,5.8780664932813815,0.2429338172232643
2020-05-10,308.0041713,329.0791716,296.1916711,0.006345833,85781.66667,0.0,1.041666682,1.200000018,0.127458186,5.41883781121167,0.3364133989968028
2020-05-11,342.3708384,331.2041716,294.5708377,0.0071375,85702.5,1.400000021,-0.041666667,-0.066666668,0.127547329,15.935400695293648,0.417631656147469
2020-05-12,349.8958385,291.2750043,293.679171,0.0042375,85524.16667,0.0,2.895833376,0.966666681,0.127608526,7.085164956386495,0.2615086346869352
2020-05-13,351.7291719,282.7541709,291.9583377,0.003883333,85443.33333,0.0,2.495833371,0.545833341,0.127683061,6.335586078651815,0.2667034246698613
2020-05-14,333.1291716,285.4916709,291.3375043,0.004479167,85520.41667,0.0,2.066666697,0.841666679,0.127758275,5.586643495747056,0.3202387485889563
2020-05-15,350.1041719,293.4375044,292.2250044,0.004291667,85500.0,0.0,1.37500002,0.21666667,0.12783348,6.2319671477213205,0.290024825144995
2020-05-16,350.3750052,302.4750045,294.3166711,0.0047125,85474.58333,0.0,1.56666669,0.316666671,0.127872232,6.298204697475719,0.2793675046926384
2020-05-17,351.3875052,304.6916712,295.6875044,0.004645833,85587.91667,0.0,0.995833348,0.620833343,0.127894805,6.509293629936268,0.2534343134688198
2020-05-18,331.6833383,299.3208378,295.2500044,0.003829167,85633.75,0.0,1.891666695,1.187500018,0.127916765,5.73449194189844,0.2146883424075853
2020-05-19,355.179172,294.3916711,294.5375044,0.003704167,85463.33333,0.0,1.875000028,2.89166671,0.127953361,6.057129104677633,0.2165806447368523
2020-05-20,365.3083388,266.3833373,289.454171,0.002541667,85528.75,0.0,2.116666698,1.229166685,0.127990598,4.994678833968913,0.2049778458203822
2020-05-21,365.9958388,256.7791705,290.2875043,0.002279167,85540.83333,0.0,1.175000018,0.587500009,0.128013237,4.993305352508135,0.1742616473941012
2020-05-22,354.2333386,269.4541707,291.841671,0.002291667,85474.16667,0.0,1.920833362,1.033333349,0.128035264,5.042070898044701,0.1586104940896377
2020-05-23,358.716672,274.5791708,292.3000044,0.003,85319.58333,0.0,1.983333363,-0.058333334,0.128071891,5.054234944499841,0.2013547501343809
2020-05-24,360.116672,280.8958375,292.604171,0.003029167,85360.83333,0.0,2.425000036,0.945833347,0.128094538,5.1659499925736245,0.1995572845395454
2020-05-25,365.1458388,277.5458375,293.4708377,0.002566667,85401.66667,0.0,0.041666667,-0.750000011,0.128131145,5.6660331304485965,0.1602369928010454
2020-05-26,364.5875054,281.3541709,295.8958377,0.0026625,85606.25,0.0,-0.070833334,-0.525000008,0.12815377,5.955856215442418,0.1434304188070598
2020-05-27,359.8625054,307.2666712,298.5750044,0.003220833,85681.25,0.0,0.845833346,0.679166677,0.128175746,6.098797850096324,0.1476393566388741
2020-05-28,355.8625053,322.6375048,300.9375045,0.004175,85736.66667,0.0,1.98750003,0.175000003,0.128212388,6.262735973367972,0.1664155633856771
2020-05-29,336.5416717,335.9291717,301.8583378,0.005145833,85935.83333,0.0,-0.991666681,0.150000002,0.128234989,6.180562697212021,0.1947728842944734
2020-05-30,323.1958381,363.2833387,301.2000045,0.006833333,85842.91667,0.0,-3.075000046,1.395833354,0.12827159,6.20201483280659,0.2685344564246155
2020-05-31,352.4000053,344.5541718,300.2166711,0.0066625,85680.0,0.100000001,0.391666673,0.633333343,0.128294243,7.052962300758564,0.2769341399275221
2020-06-01,342.7208384,340.7458384,299.6208378,0.005791667,85753.33333,0.300000004,1.283333352,1.379166687,0.128330807,6.689571423289914,0.2496168241133368
2020-06-02,333.6291716,366.3125055,299.6083378,0.006295833,85841.25,0.0,1.150000017,1.304166686,0.128353416,6.84401226867826,0.2718262944909423
2020-06-03,343.2458384,353.4375053,300.7166711,0.0058875,85800.83333,0.0,1.462500022,0.845833346,0.128390011,6.768135522220287,0.2379286784706291
2020-06-04,344.3125051,347.4625052,301.6750045,0.005479167,85627.5,0.0,0.975000015,0.233333337,0.128412148,7.008211510687389,0.208875025082004
2020-06-05,312.7541713,348.1500052,301.5291712,0.00585,85434.16667,0.200000003,1.341666687,0.966666681,0.128432529,6.364487232566845,0.2244180362652453
2020-06-06,343.8250051,339.2750051,295.5208377,0.005195833,85335.0,1.200000018,1.858333361,0.654166676,0.128467485,9.35288139046725,0.2855043512134265
2020-06-07,351.4333386,304.2208379,293.466671,0.0059375,85324.16667,0.0,2.270833367,0.370833339,0.12850308,6.582719422786429,0.3704379515555399
2020-06-08,356.3458386,290.9708377,292.7833377,0.003604167,85402.08333,0.0,3.504166719,1.466666689,0.128524049,5.913614879062895,0.2348960227526264
2020-06-09,364.6958388,247.7250037,291.554171,0.001870833,85862.5,0.0,-1.975000029,-3.970833393,0.128559004,5.331028243936497,0.132459075549028
2020-06-10,360.129172,280.3958375,296.7250044,0.0021,85948.75,0.0,-1.416666688,-0.575000009,0.128579976,6.407815551837084,0.1079770164285437
2020-06-11,356.829172,302.5250045,299.4166711,0.002829167,86034.58333,0.0,0.579166675,0.89166668,0.128614932,6.91642214038974,0.1238311720530308
2020-06-12,354.6958386,316.8208381,300.8791712,0.005375,86150.0,0.0,-1.929166695,0.887500013,0.1286359,6.09522675060907,0.2160215468925182
2020-06-13,351.6416719,317.3625047,300.2000045,0.005491667,85750.0,0.0,-0.112500002,1.57916669,0.12867086,5.862767949396709,0.2286792866989712
2020-06-14,337.7833384,296.9375044,298.0083378,0.002195833,85555.0,0.0,1.750000026,1.087500016,0.128691828,5.025521879142872,0.1039879521111446
2020-06-15,351.7416719,314.8541714,298.2291711,0.0032,85773.33333,0.0,1.958333363,0.833333346,0.128726784,5.203013886642911,0.149923300267945
2020-06-16,351.7041719,316.3375047,299.3833378,0.0047625,85766.66667,0.0,1.562500023,0.595833342,0.128846943,5.098807315517987,0.208216206884789
2020-06-17,356.029172,303.6375045,297.5166711,0.003295833,85628.33333,0.0,2.175000032,2.358333368,0.128956156,4.565666896922662,0.1609184469421277
2020-06-18,351.8166719,306.2375046,297.0541711,0.00325,85645.41667,0.0,2.304166701,0.770833345,0.12907936,4.467036647354779,0.1632208352625425
2020-06-19,357.9250053,300.8083378,297.0541711,0.002633333,85594.16667,0.0,1.929166695,1.029166682,0.129188573,4.506857012925968,0.132171572828231
2020-06-20,357.0375053,303.5750045,297.8041711,0.002754167,85726.25,0.0,2.108333365,1.195833351,0.129326397,4.508923307261355,0.1323082711105913
2020-06-21,352.9458386,316.020838,300.0291711,0.0036625,85750.83333,0.0,0.550000008,0.820833346,0.129436245,5.1092573116998405,0.1540641824367806
2020-06-22,353.0833386,323.3458382,300.8791712,0.003933333,85788.33333,0.0,1.558333357,0.762500011,0.129559446,4.923671622714276,0.1574172305768805
2020-06-23,353.9500053,319.2416714,301.3458378,0.003675,85791.25,0.0,0.766666678,0.745833344,0.129668659,5.094718417767302,0.1431009311420381
2020-06-24,356.766672,316.3416714,301.7375045,0.0031875,85643.33333,0.0,1.608333357,0.479166674,0.129791863,4.920579957981856,0.1210913271252037
2020-06-25,351.2750052,318.0250047,302.0666712,0.003104167,85545.0,0.0,1.941666696,1.016666682,0.129901076,4.8198013661376455,0.1155447908541796
2020-06-26,342.8958384,322.2875048,301.2833378,0.002733333,85664.16667,0.0,2.525000038,0.65000001,0.130024276,4.604393644134,0.1066664904879321
2020-06-27,346.2083385,326.0208382,300.4958378,0.003679167,85684.16667,0.0,2.475000037,1.812500027,0.130148112,4.38370746067805,0.1504310287576661
2020-06-28,349.2041719,331.3333383,298.4291711,0.0046,85455.83333,0.0,2.987500045,0.387500006,0.130271949,4.036946654899184,0.2121523531116889
2020-06-29,348.9541719,321.2000048,296.5791711,0.005320833,85277.08333,0.0,3.025000045,2.287500034,0.130381162,3.4892951005191093,0.2738665383681131
2020-06-30,350.2083386,316.6750047,295.4625044,0.004875,85542.5,0.0,1.995833363,2.429166703,0.130504366,3.316075946883948,0.269489973780778
2020-07-01,329.8208382,314.358338,296.6833378,0.004725,85656.25,0.0,2.133333365,0.587500009,0.130628202,3.2785240751993494,0.2427359982336463
2020-07-02,318.7333381,339.2375051,298.5208378,0.0053375,85763.75,0.0,1.945833362,0.987500015,0.130737415,3.457108778050328,0.2456975277569709
2020-07-03,302.8125045,364.4833388,299.0208378,0.009175,85937.5,0.0,2.150000032,1.416666688,0.130860615,3.1314074249299573,0.4107196956541974
2020-07-04,322.1166715,368.6333388,300.6750045,0.0091375,85947.5,0.0,0.716666677,-0.066666668,0.130969828,4.438166340786344,0.3708111323431866
2020-07-05,325.7375049,356.5875053,302.3958378,0.007066666,85824.16667,0.0,1.995833363,0.345833338,0.131093029,3.820004351053687,0.2588790767296525
2020-07-06,321.4791715,339.0500051,302.9750045,0.0042875,85723.33333,0.0,1.78333336,0.391666673,0.131216865,3.788279847669945,0.1516895516956121
2020-07-07,327.4333382,338.312505,303.0125045,0.00405,85778.33333,0.0,2.808333375,0.025,0.131340704,3.803811979998386,0.1430673947790922
2020-07-08,322.6583381,361.7791721,302.4375045,0.0064125,85718.33333,0.0,2.954166711,1.025000015,0.131449918,3.73418032755166,0.2340560839236992
2020-07-09,320.8833381,360.7000054,302.4708378,0.006745833,85730.83333,0.0,2.625000039,0.89166668,0.131573118,3.6966492668060176,0.2457811357412841
2020-07-10,318.6791714,371.9541722,303.2375045,0.007654166,85965.83333,0.0,1.450000022,-0.045833334,0.131682331,4.078398961351132,0.2674673227057579
2020-07-11,222.51667,376.0875056,304.3750045,0.008508333,85982.08333,1.300000019,1.366666687,0.800000012,0.131805531,6.01725422367017,0.2785002022019887
2020-07-12,314.858338,378.795839,303.8291712,0.008554166,85883.33333,0.500000007,-0.304166671,-0.141666669,0.131929367,13.12846949096086,0.2885975396166406
2020-07-13,316.3875047,382.720839,304.0166712,0.0085125,85765.83333,0.0,1.754166693,0.729166678,0.132053207,7.51427942996254,0.2837188033815215
2020-07-14,316.383338,372.3875055,302.2458378,0.008258333,85827.08333,0.0,2.48333337,1.045833349,0.13216242,5.792126998226567,0.3052013883859262
2020-07-15,316.5750047,371.6750055,302.1333378,0.0077625,85805.41667,0.0,2.158333365,1.35000002,0.132285621,5.521687979517402,0.2886932474237276
2020-07-16,311.1041713,369.0916722,301.8416712,0.008025,85826.25,0.0,0.062500001,1.32500002,0.132099221,5.843800314546674,0.3036596446518012
2020-07-17,284.6458376,373.9541722,300.7708378,0.008908333,85989.16667,0.900000013,0.150000002,-0.504166674,0.13188471,10.162151899446318,0.359647432645035
2020-07-18,311.0250046,367.3666721,300.6666711,0.008891666,85941.66667,0.0,0.345833338,0.462500007,0.131684187,9.012157025548802,0.3609878893356417
2020-07-19,238.8250036,379.7166723,302.5125045,0.007075,85746.25,0.0,2.475000037,0.825000012,0.131484299,5.059341495590602,0.2571959580646616
2020-07-20,234.2375035,382.395839,302.6500045,0.0059,85696.25,0.0,3.225000048,-0.337500005,0.131284411,4.77076735945948,0.2126486647330461
2020-07-21,199.050003,396.1541726,301.6250045,0.00725,85646.25,0.400000006,1.658333358,-1.341666687,0.131084523,4.958655021146592,0.2772535761151481
2020-07-22,308.2625046,365.9291721,300.0458378,0.009041666,85727.5,0.200000003,-0.762500011,1.016666682,0.130870012,6.831398896663224,0.3798613200576986
2020-07-23,292.2083377,385.1166724,296.6333378,0.012454166,85779.58333,1.100000016,-1.887500028,-0.029166667,0.130669492,8.257379062270562,0.6426779418440537
2020-07-24,254.6833371,376.7125056,296.3750044,0.012433333,85766.66667,3.200000048,-0.087500001,0.158333336,0.130469604,29.635707535388036,0.6516835384781386
2020-07-25,272.6541707,381.908339,296.3833377,0.011941666,85802.91667,1.200000018,0.937500014,-0.308333338,0.130273774,23.5378594091714,0.6258595768815436
2020-07-26,304.0791712,366.9416721,298.1333378,0.01185,85850.41667,0.200000003,0.600000009,-0.558333342,0.130062905,16.913947089035123,0.55889602218168
2020-07-27,292.4500044,378.9166723,300.7583378,0.011275,85844.16667,0.100000001,-3.050000045,0.291666671,0.129866018,10.716575380446354,0.4547621196691866
2020-07-28,292.054171,389.4833391,300.6250045,0.0115625,85776.25,0.0,0.441666673,-0.575000009,0.129669774,12.75923919065804,0.4696698534964883
2020-07-29,310.358338,362.4208387,303.1541712,0.007970833,85718.75,0.0,1.112500017,-0.079166668,0.129458892,9.10150181325718,0.2790757427065317
2020-07-30,312.8125047,359.2708387,305.4708379,0.005854167,85785.41667,0.0,1.695833359,-0.608333342,0.129247394,7.460487140194326,0.1795763177567128
2020-07-31,312.2416713,357.279172,306.5166712,0.005270833,85795.83333,0.0,-0.90416668,0.050000001,0.129050491,7.334319612994852,0.152391577054817
2020-08-01,308.5958379,368.7333388,303.7708379,0.009329166,85951.25,0.0,1.550000023,-0.091666668,0.128854245,5.926731927920404,0.3160540337388308
2020-08-02,303.7416712,388.4250058,301.7333378,0.010191666,86070.83333,0.300000004,0.754166678,0.358333339,0.128657972,7.888878778367069,0.3892032097192974
2020-08-03,307.8958379,377.533339,302.0083378,0.009454166,85990.41667,0.0,2.041666697,0.708333344,0.128447137,5.547843676850464,0.3549471560217409
2020-08-04,308.9791713,362.5708387,301.7875045,0.007341666,85992.08333,0.0,1.933333362,1.158333351,0.128235644,5.234071801168732,0.2792231188945663
2020-08-05,309.5666713,353.4500053,301.5750045,0.006645833,85858.33333,0.0,2.866666709,0.933333347,0.128038726,4.724285497092762,0.2555260850581052
2020-08-06,310.870838,336.0916717,301.2125045,0.0044125,85745.83333,0.0,3.237500048,0.362500005,0.127842475,4.546398621923181,0.1730779018301181
2020-08-07,307.9833379,341.0166717,301.0125045,0.005070833,85790.41667,0.0,1.80833336,0.658333343,0.127631609,4.615459240572037,0.2013590003487733
2020-08-08,305.4250046,353.1041719,301.7708378,0.0067625,85946.66667,0.0,1.454166688,0.44583334,0.127434732,4.757140565174408,0.2573109162614167
2020-08-09,306.3583379,353.0791719,302.2916712,0.0060625,85940.0,0.0,1.691666692,-0.091666668,0.127238448,4.686482340159364,0.2237464834087697
2020-08-10,306.6666712,342.1750051,302.5500045,0.004891667,85935.41667,0.0,1.762500026,0.170833336,0.127027572,4.510185244630016,0.1778295352492366
2020-08-11,289.9625043,352.2625052,302.5333378,0.004995833,85877.5,0.0,2.66250004,0.287500004,0.126830689,4.22783611806416,0.1816700399119494
2020-08-12,284.8458376,373.9541722,302.1916712,0.0086375,85869.16667,0.0,1.587500024,0.262500004,0.126619858,4.359081431782963,0.320381367593035
2020-08-13,292.9083377,370.3416722,303.3875045,0.008491666,85857.08333,0.0,2.120833365,0.145833336,0.126422947,4.385169342950789,0.2937969501780403
2020-08-14,298.0750044,368.5833388,304.3875045,0.006791666,85846.66667,0.0,2.43333337,0.004166667,0.126226694,4.660026373748487,0.221799863848079
2020-08-15,286.7125043,365.3625054,304.5791712,0.006270833,85822.08333,0.0,2.062500031,0.370833339,0.126015822,4.6186445116787045,0.2024940650736136
2020-08-16,283.8791709,385.1083391,303.7666712,0.008920833,85920.41667,4.500000067,1.733333359,-0.170833336,0.125886543,32.75122673358352,0.3021846732011889
2020-08-17,290.8458377,382.7541724,302.6541712,0.007541666,86095.83333,0.0,-2.816666709,0.89166668,0.125775508,17.27971984660563,0.2730191121334721
2020-08-18,291.2250043,370.2291722,303.7041712,0.0069875,86178.33333,1.800000027,-3.12083338,0.912500014,0.125665064,27.08622295774441,0.2382626048972054
2020-08-19,284.9875042,377.2166723,303.3541712,0.007808333,85910.0,0.400000006,0.895833347,-0.308333338,0.125540001,20.50462191811898,0.2708428786053861
2020-08-20,228.8875034,390.0875058,303.0916712,0.008491666,85648.75,0.0,0.845833346,0.537500008,0.125414327,12.124886004669314,0.2981460262038772
2020-08-21,187.7166695,385.7541724,300.5750045,0.0099625,85625.83333,0.0,-0.312500005,-0.812500012,0.125303226,7.617809176252592,0.4051625300970848
2020-08-22,276.0541708,381.258339,300.1541711,0.012408333,85742.91667,0.0,1.737500026,1.341666687,0.125178202,7.126117598884301,0.5180591800944061
2020-08-23,280.5500042,394.9708392,301.1666712,0.011041666,85801.66667,4.600000069,0.25416667,1.379166687,0.12505251,43.01554577815857,0.4345546034221528
2020-08-24,276.9791708,380.995839,303.4833379,0.00845,85766.66667,5.900000088,-0.137500002,0.483333341,0.12494144,63.61197122982109,0.290434304424704
2020-08-25,260.8208372,380.095839,303.4500045,0.008091666,85720.0,0.100000001,-1.33750002,0.333333338,0.124816411,43.84878076184413,0.2785026351269495
2020-08-26,276.2083374,379.583339,302.5875045,0.00785,85564.16667,0.0,-1.825000027,-0.375000006,0.124705323,27.854669405403666,0.2835234165576744
2020-08-27,272.3458374,383.3666724,302.9125045,0.008708333,85437.08333,0.200000003,0.995833348,0.475000007,0.124594894,19.75019940087703,0.3081829370336066
2020-08-28,250.7375037,376.4875056,301.6708378,0.009520833,85584.58333,3.400000051,0.133333335,-0.358333339,0.124469817,33.22853365916262,0.3628567369062726
2020-08-29,204.8166697,388.0416724,301.1875045,0.008775,85752.08333,0.0,1.954166696,0.483333341,0.124344126,19.44590968736932,0.3447258849309097
2020-08-30,268.687504,385.8875058,297.9333378,0.012075,85737.5,0.300000004,1.975000029,0.625000009,0.124233013,12.88640224146488,0.5756501447956222
2020-08-31,270.837504,375.0541723,297.0666711,0.010720833,85592.91667,0.0,1.695833359,1.012500015,0.124107974,8.126978385894036,0.5376815235780413
2020-09-01,258.3250038,382.0541724,296.4291711,0.012445833,85682.5,3.800000057,2.912500043,-0.291666671,0.123996919,33.02616219430088,0.6495495733739225
2020-09-02,280.3000042,359.154172,297.5500044,0.011491666,85912.5,0.0,3.037500045,-0.550000008,0.123871864,15.821257981492897,0.5618073434141106
2020-09-03,281.1833375,354.7583386,299.2708378,0.010254166,85902.08333,0.0,1.287500019,0.491666674,0.123760846,12.164491770002387,0.4520413737279361
2020-09-04,279.9541708,356.8625053,302.2750045,0.007333333,85954.16667,0.0,-0.129166669,0.175000003,0.12363573,14.398231369579438,0.2709564311914237
2020-09-05,279.2250042,350.6500052,303.8166712,0.005366667,86235.41667,0.70000001,-2.837500042,0.525000008,0.123524646,11.77197183391651,0.1819320580329322
2020-09-06,278.2541708,354.904172,303.1041712,0.006520833,86243.75,0.0,-1.491666689,1.200000018,0.123399603,8.94301164184757,0.2303728179531568
2020-09-07,277.8708375,339.6250051,302.4458378,0.006404167,85659.16667,0.0,0.979166681,0.425000006,0.123288511,7.455980055706528,0.2334772566840659
2020-09-08,268.3041707,359.0083387,298.1708378,0.011079166,85088.33333,0.0,3.220833381,0.762500011,0.123163476,4.34959067180685,0.5167345964271152
2020-09-09,270.0708374,324.4625048,291.1000043,0.006479167,85165.0,5.500000082,-0.116666668,0.779166678,0.123037829,35.811522550016775,0.468312670753588
2020-09-10,279.4583375,284.4958376,290.8708377,0.004825,85820.0,0.0,-2.579166705,-0.050000001,0.122926725,16.101066241486784,0.3565923464354439
2020-09-11,275.0625041,290.9708377,293.704171,0.0056875,86037.91667,0.0,-3.541666719,0.412500006,0.122801678,10.176785853610076,0.3525515664943091
2020-09-12,272.1916707,309.3208379,294.8333377,0.005416667,85852.08333,0.0,-1.116666683,0.87916668,0.122690587,11.014893859659066,0.3123871293917923
2020-09-13,268.312504,319.3875048,297.4333378,0.005508333,85898.75,0.0,-2.962500044,0.570833342,0.122565572,8.211188687208663,0.2711557799870191
2020-09-14,265.7708373,336.5083383,298.1833378,0.0054875,86151.66667,0.0,-4.995833408,0.287500004,0.122454487,6.925445886842194,0.2589417803759459
2020-09-15,264.9750039,331.3333383,297.8125044,0.007091666,86244.58333,0.0,-3.150000047,0.383333339,0.122329441,5.624693316656714,0.3425663421311956
2020-09-16,268.5708373,310.708338,298.6250044,0.004554167,85997.08333,0.0,0.541666675,0.729166678,0.122315883,6.102930615662238,0.2089002111196543
2020-09-17,264.5750039,313.820838,300.0208378,0.003683333,86027.08333,0.0,-1.879166695,-0.100000001,0.12230717,5.174128948236907,0.1555165189210919
2020-09-18,260.4916705,326.1083382,299.7958378,0.004345833,86049.16667,0.0,-2.237500033,0.366666672,0.122298502,4.785426164859526,0.1860032652998363
2020-09-19,259.5125039,327.8125049,298.4958378,0.005754167,85981.25,0.0,-4.187500062,0.783333345,0.122275191,4.081017732954116,0.265948030690813
2020-09-20,257.4500038,326.9250049,299.0541711,0.005075,85849.58333,0.0,-3.025000045,-0.266666671,0.122265873,4.042828862352531,0.2264988071009848
2020-09-21,217.9958366,363.8458388,299.3666711,0.0049625,85887.91667,0.0,-0.645833343,-0.141666669,0.12225718,4.57459919802813,0.2174828508891815
2020-09-22,231.3208368,353.5041719,298.2958378,0.006529167,86007.08333,0.0,1.12083335,-0.395833339,0.122248456,3.848639017659324,0.3055050936885868
2020-09-23,250.4000037,336.5541717,297.7583378,0.006920833,86030.0,0.0,0.595833342,-0.220833337,0.122239762,4.017108792579034,0.3345739649187113
2020-09-24,250.9708371,325.2000048,298.5416711,0.0053625,85869.58333,0.0,0.770833345,0.312500005,0.122231003,3.5034833827496747,0.2468442631478702
2020-09-25,246.5916703,325.5208382,299.4125045,0.005016667,85812.08333,0.0,0.845833346,-0.316666671,0.12220764,3.2638783791448045,0.219063428349642
2020-09-26,247.0291703,319.4250048,298.5416711,0.00545,85887.5,0.0,1.958333363,-0.312500005,0.122198331,2.8359966258889147,0.2509243694112066
2020-09-27,247.1125037,311.770838,297.7666711,0.004933333,85794.16667,0.0,2.600000039,-0.358333339,0.122189728,2.640140685476944,0.2377188694552232
2020-09-28,244.333337,316.508338,297.3000044,0.0041125,85885.41667,0.0,-1.983333363,-1.016666682,0.122187025,2.617488767551572,0.2040525373036948
2020-09-29,244.1375036,311.0375046,296.3500044,0.004175,86199.58333,0.0,-6.7125001,-0.791666678,0.122163935,2.6477015107587087,0.2202695965599113
2020-09-30,243.6666703,303.5125045,296.8041711,0.0039875,86126.66667,1.100000016,0.583333342,1.320833353,0.122161272,4.37795494537736,0.2044655498011856
2020-10-01,245.1541703,298.6458378,297.9291711,0.002833333,86032.91667,0.0,-0.212500003,0.183333336,0.122146511,4.526798224486022,0.1355726178747604
2020-10-02,243.8500036,292.6708377,298.9875045,0.002495833,85980.83333,0.0,-0.337500005,-0.054166667,0.122142549,3.626478541991652,0.1120054600687466
2020-10-03,244.470837,280.1250042,298.2000044,0.002466667,85781.25,0.0,0.020833334,0.45833334,0.122126181,2.984864609943905,0.1157794469097084
2020-10-04,240.2500036,285.3541709,297.4125044,0.002129167,85975.83333,0.0,-0.737500011,-0.450000007,0.122109113,2.844339734971718,0.1050377352935807
2020-10-05,235.1916702,292.2500044,297.5250044,0.002325,86117.91667,0.0,0.754166678,-0.400000006,0.122106648,2.7345292941203407,0.1141092430618705
2020-10-06,236.7750035,292.5000044,298.2000044,0.002675,86055.0,0.0,0.579166675,-0.783333345,0.122090461,2.61245365803069,0.1259587875873976
2020-10-07,235.9083368,285.4041709,297.2791711,0.002533333,85913.75,0.0,0.391666673,-0.283333338,0.122073206,2.410919207460393,0.1258982142691015
2020-10-08,227.3000034,293.8458377,297.0250044,0.002745833,85791.66667,0.0,1.295833353,0.329166672,0.122070814,2.3388527005192694,0.1383808346630793
2020-10-09,228.7708367,298.2458378,295.5625044,0.003366667,85695.83333,0.0,0.870833346,0.68750001,0.122054452,2.323019941275884,0.1853017147170913
2020-10-10,225.61667,291.6750043,294.3625044,0.003433333,85692.91667,0.0,0.304166671,1.470833355,0.122042506,2.0894154088248738,0.2034768826247343
2020-10-11,221.5125033,294.3125044,293.1208377,0.004191667,85690.41667,0.0,1.583333357,0.008333333,0.122034007,1.9414701559600895,0.2683742667042925
2020-10-12,221.4000033,295.7000044,294.0375044,0.0042375,85957.91667,0.0,-0.054166667,-0.337500005,0.122025655,2.2298855797260804,0.2570423110922005
2020-10-13,220.7000033,296.6208378,295.4625044,0.003616667,86089.58333,0.0,0.595833342,0.750000011,0.1220173,2.03246117377596,0.2012079716384432
2020-10-14,221.5208366,292.0333377,295.8208377,0.003141667,86045.83333,0.0,0.812500012,0.90416668,0.121994324,1.9797066116095483,0.1708955254626508
2020-10-15,217.8041699,290.6875043,295.9791711,0.003120833,85965.83333,0.0,0.954166681,-0.112500002,0.121992245,1.886374727075468,0.1679684849968746
2020-10-16,214.8541699,293.504171,296.7666711,0.003083333,85916.25,0.0,-2.129166698,-1.050000016,0.121883171,2.0200448281341483,0.1580766428333547
2020-10-17,214.0750032,291.579171,294.9666711,0.0035375,85818.33333,0.0,0.750000011,0.800000012,0.121769404,1.8117361770152247,0.2022620708533359
2020-10-18,214.3416699,272.1166707,294.091671,0.003183333,85900.41667,0.0,0.045833334,0.929166681,0.121666701,1.548620182847387,0.192320552006375
2020-10-19,210.1958365,276.7041708,294.0458377,0.003008333,85874.16667,0.0,0.120833335,0.245833337,0.12154966,1.521907415791468,0.1822102107678148
2020-10-20,210.1166698,281.3416709,294.029171,0.003216667,85647.5,0.0,0.383333339,0.43333334,0.121431974,1.603457239814174,0.1945156705012565
2020-10-21,204.275003,279.0333375,293.7583377,0.003095833,85565.41667,0.0,0.250000004,0.370833339,0.121314285,1.4776693683857296,0.190205327761199
2020-10-22,202.9333364,288.5458376,293.0875044,0.003433333,85500.41667,0.0,1.512500023,0.304166671,0.121211222,1.6165130863130517,0.21979187516198
2020-10-23,198.562503,302.1416712,292.1000044,0.0058875,85709.16667,0.0,0.720833344,-0.412500006,0.121094168,1.621657072915251,0.401996700845012
2020-10-24,176.4791693,308.7250046,292.1208377,0.006008333,85763.33333,0.0,1.195833351,-0.750000011,0.120991106,1.3684701985597116,0.4099675682980485
2020-10-25,154.3500023,325.9083382,290.5375043,0.005629167,85375.83333,0.0,1.225000018,-0.195833336,0.120874056,1.356066467084609,0.4227599905446051
2020-10-26,165.7833358,304.7375045,284.6833376,0.0069,84998.33333,1.000000015,1.716666692,2.166666699,0.120762089,1.214219598194988,0.75631561228822
2020-10-27,184.6250028,252.4625038,277.4125041,0.002904167,85202.91667,0.0,-5.762500086,-5.495833415,0.120929234,0.9146573064488468,0.5266499953681268
2020-10-28,196.1125029,231.1125034,279.4000042,0.002520833,85750.83333,0.0,-0.154166669,-0.712500011,0.120981929,1.4068403753352527,0.3999898626432022
2020-10-29,193.8416696,251.0750037,285.4666709,0.003225,85973.75,0.0,-2.233333367,-0.520833341,0.120686342,1.3641355346878985,0.3393562640371442
2020-10-30,190.0125028,270.0583374,289.604171,0.003683333,86018.75,0.0,-5.354166746,-0.633333343,0.120420085,1.7238195637828682,0.2958820592020731
2020-10-31,178.2791693,280.2708375,289.7750043,0.003554167,86028.33333,0.0,-0.275000004,0.44583334,0.120240614,1.719838195429154,0.2824204402348294
2020-11-01,164.3583358,319.6666714,293.6958377,0.003566667,86427.08333,0.0,-5.433333414,-0.495833341,0.120103574,2.1167521629865744,0.222202597195304
2020-11-02,159.3833357,321.2875048,293.7833377,0.004041667,86491.66667,0.0,-8.07500012,-1.779166693,0.119983941,2.134237375053424,0.2506143741196284
2020-11-03,134.5583353,295.9625044,293.4000044,0.003845833,86145.83333,0.100000001,-4.516666734,-0.537500008,0.119873213,1.578480856687803,0.2432602279874556
2020-11-04,176.3416693,297.5125044,292.416671,0.004591667,86132.08333,0.0,0.350000005,0.708333344,0.119753584,1.550730292377171,0.3088438554747517
2020-11-05,177.145836,282.8000042,294.5250044,0.0036375,86261.66667,0.0,-3.787500056,-0.820833346,0.119646031,1.608288318437829,0.2148354570052959
2020-11-06,153.1958356,303.6875045,294.3791711,0.003191667,85650.83333,0.0,-6.437500096,0.787500012,0.119538482,1.7970965038740456,0.1888665381575524
2020-11-07,98.86250147,353.8875053,291.504171,0.004925,84992.91667,0.500000007,1.670833358,4.341666731,0.11941631,1.593429057717878,0.3462640950424634
2020-11-08,146.7041689,297.8791711,280.6625042,0.004725,84901.25,0.0,4.295833397,1.958333363,0.119308121,0.6399098887402203,0.679969459669457
2020-11-09,74.70833445,312.8791713,278.0333375,0.004591667,85192.08333,8.100000121,3.15833338,1.483333355,0.119497483,14.51223864896463,0.7967504487995174
2020-11-10,173.5750026,224.84167,276.9291708,0.003320833,85761.66667,0.0,1.091666683,0.958333348,0.119595927,10.789517887000631,0.6273636491701243
2020-11-11,171.4333359,220.72917,279.9500042,0.002633333,85595.41667,0.0,0.300000004,0.354166672,0.119372026,7.122210364561332,0.4014016562933943
2020-11-12,154.829169,245.5125037,282.2916709,0.002625,85530.0,0.0,0.350000005,0.741666678,0.119132234,7.160233494636814,0.3402865398701316
2020-11-13,157.891669,274.9708374,284.0250042,0.002783333,85813.33333,0.0,0.504166674,1.275000019,0.118909608,8.330942820337711,0.3219129494623903
2020-11-14,164.5875025,245.320837,284.5458376,0.002991667,85793.75,0.0,1.945833362,-0.345833338,0.118719404,5.052497044165864,0.3340480396993857
2020-11-15,164.4208358,241.4000036,285.2916709,0.002333333,86206.66667,0.0,-0.42083334,-0.166666669,0.118567985,3.2608542971321155,0.2490766267552664
2020-11-16,163.6250024,254.8458371,289.1958376,0.0021875,86265.83333,0.0,-1.150000017,-0.658333343,0.118567057,3.59127210114775,0.1809229439413698
2020-11-17,151.7708356,271.6041707,292.7000044,0.002291667,86225.41667,0.0,-6.983333437,-0.704166677,0.118583398,4.683825156267677,0.1515861820692369
2020-11-18,155.0375023,285.1208376,292.6333377,0.003333333,86087.5,0.0,-1.491666689,1.237500018,0.11860101,3.0397709331224383,0.2210594452579665
2020-11-19,154.6750023,282.3083375,291.2583377,0.004791667,86065.83333,0.0,-0.179166669,0.016666667,0.118617982,2.027012904943,0.3465020306652856
2020-11-20,139.3916687,289.3458376,290.0375043,0.004925,86195.41667,0.0,0.24166667,0.666666677,0.118649581,1.747736974026525,0.3855615478247517
2020-11-21,149.2000022,295.8875044,289.979171,0.0064125,86140.0,0.0,0.291666671,0.762500011,0.118681816,1.833962301065003,0.5035695447765753
2020-11-22,115.4083351,304.2708379,289.6958377,0.005604167,85859.58333,0.0,-1.183333351,1.112500017,0.118699428,1.315798043864924,0.4467095797444907
2020-11-23,140.5166688,304.2708379,288.4333376,0.0057125,85365.83333,0.0,-0.837500012,1.625000024,0.118731027,1.5020901308224004,0.4911857144462164
2020-11-24,153.2041689,248.220837,283.4916709,0.003175,85293.33333,0.0,2.291666701,0.604166676,0.118763262,1.0738819290384398,0.3783437801330379
2020-11-25,154.1333356,230.2541701,280.8208375,0.002345833,85822.08333,0.0,0.679166677,0.987500015,0.118780871,0.8400527720841318,0.3375360518792897
2020-11-26,150.8208356,233.2041701,281.4625042,0.002179167,85637.08333,0.0,0.383333339,0.233333337,0.11881247,0.7992313611465067,0.299358436710004
2020-11-27,138.9041687,258.3208372,279.1166708,0.0029,85613.75,0.0,-0.087500001,0.141666669,0.118841526,1.1930323072670936,0.4686100871658532
2020-11-28,151.8375023,224.10417,279.2083375,0.0035,86060.0,0.0,0.412500006,-0.345833338,0.118877575,0.5226250975146264,0.5648768717519213
2020-11-29,152.3791689,219.9208366,281.9208375,0.002079167,86003.75,0.0,-0.912500014,-0.404166673,0.118894551,0.5097044564912672,0.2779738673053414
2020-11-30,149.5041689,223.66667,283.3500042,0.002204167,86263.75,0.0,-9.358333473,-2.137500032,0.118926151,0.9635231121611622,0.2681996422414019
2020-12-01,153.1500023,222.9750033,281.5916709,0.002129167,85907.91667,0.0,-0.516666674,0.250000004,0.118943759,0.4283418964035836,0.290825388561179
2020-12-02,153.1625023,209.3750031,280.0416708,0.001454167,85818.33333,0.0,-2.050000031,-2.2041667,0.118975358,0.4816144576144989,0.2208262058559482
2020-12-03,151.4666689,206.4833364,278.2791708,0.001583333,86048.33333,0.0,-7.370833443,-5.462500081,0.11900505,0.609848576512797,0.2727307740745073
2020-12-04,150.8416689,204.5166697,278.5750042,0.001208333,86121.25,0.0,-0.641666676,-0.212500003,0.119024569,0.3037639396915649,0.2040192986635082
2020-12-05,148.0125022,221.0125033,282.0708375,0.001558333,86218.33333,0.0,-0.491666674,0.037500001,0.119056804,0.3033975999904979,0.2067300270620064
2020-12-06,149.5833356,225.0375034,283.6791709,0.001566667,86301.66667,0.0,-1.208333351,-0.24166667,0.119074412,0.4119044550281948,0.18652125366117
2020-12-07,148.3333355,223.1583367,285.6250043,0.001354167,86088.75,0.0,-4.4833334,-1.475000022,0.119106011,0.7020569065400808,0.1411924142159154
2020-12-08,148.7416689,227.1416701,285.7125043,0.001579167,86244.58333,0.0,-6.370833428,-2.2416667,0.119123623,0.7984985456734661,0.1639951303707009
2020-12-09,145.7041688,243.8416703,286.6166709,0.001733333,86164.16667,0.0,-5.587500083,-0.612500009,0.119155222,0.7813168222077548,0.1694049403216277
2020-12-10,78.52916784,314.4416714,283.1625042,0.004775,85485.41667,6.7000001,-1.14583335,0.641666676,0.119187457,10.113795730304068,0.5831238682003427
2020-12-11,132.625002,292.6375044,278.6083375,0.006075,85003.33333,2.400000036,1.433333355,0.225000003,0.119205069,13.058743296683469,1.0100404090756012
2020-12-12,134.3083353,249.5708371,279.5000042,0.004604167,85533.75,0.0,0.454166673,0.020833334,0.119236665,6.560287065778417,0.7236413842803437
2020-12-13,146.6083355,215.4000032,275.7833374,0.0020875,85837.08333,0.0,0.68750001,-1.516666689,0.1192689,6.648663877256451,0.4284734390894233
2020-12-14,144.1125021,218.1291699,278.4125041,0.001745833,85725.41667,0.0,-4.975000074,-0.004166667,0.119286512,7.898358782379904,0.2967920747025906
2020-12-15,145.9208355,208.5625031,276.0125041,0.002408333,85587.08333,0.0,0.550000008,0.075000001,0.119318111,2.6492137209951103,0.4848319147789722
2020-12-16,144.0000021,207.5583364,277.8041708,0.001770833,85961.25,0.0,0.162500002,0.300000004,0.119315034,1.7789851463756774,0.3151152563363809
2020-12-17,135.537502,230.0625034,281.6458375,0.0020875,85740.0,0.0,-3.212500048,-0.179166669,0.119325045,3.308004325920197,0.2835216201417841
2020-12-18,143.2625021,229.5750034,280.2833375,0.002529167,85513.75,0.0,0.316666671,-0.075000001,0.119321069,1.8873767407498587,0.3763447745696773
2020-12-19,144.1458355,216.4916699,279.2416708,0.002520833,86213.75,0.0,-1.195833351,-0.083333335,0.11933108,1.4052435373997387,0.4066235789321507
2020-12-20,144.9375022,218.3041699,282.3208375,0.001766667,86258.33333,0.0,-0.512500008,-0.045833334,0.119327104,1.003026907091077,0.2305095795264088
2020-12-21,142.9583355,237.3875035,284.9291709,0.002116667,85927.08333,0.0,-1.125000017,-0.275000004,0.119337112,1.5066996974437656,0.2307236119521303
2020-12-22,140.0458354,230.5166701,284.5666709,0.0019625,85767.91667,0.0,-1.670833358,0.508333341,0.119333135,1.332706238867698,0.2187604172737279
2020-12-23,147.0666689,213.3083365,280.9875042,0.001995833,85828.75,0.0,0.408333339,-1.533333356,0.119343146,0.9424536022104194,0.2839149158648959
2020-12-24,144.5041688,196.0833363,276.2708375,0.0008625,86437.5,0.0,0.545833341,0.208333336,0.119353793,0.6206715648661143,0.1721382502327352
2020-12-25,128.5000019,252.3625038,280.1708375,0.0012125,86132.91667,0.100000001,-4.358333398,-1.12083335,0.119349817,1.2980988380393803,0.1831522562592624
2020-12-26,141.7708354,240.3083369,281.2458375,0.001670833,85937.08333,0.0,0.616666676,0.583333342,0.119359828,1.042360973659195,0.2337865461947928
2020-12-27,115.6583351,267.237504,282.5750042,0.002695833,85652.5,0.0,-1.087500016,-0.42083334,0.119355852,0.9032713388096274,0.343279418029173
2020-12-28,107.7750016,321.0958381,284.1583376,0.003308333,85287.91667,0.0,0.058333334,2.991666711,0.119365863,1.210053979490732,0.3768976598541846
2020-12-29,87.83750131,295.7375044,277.4291708,0.003866667,85265.83333,0.0,2.487500037,0.400000006,0.119361887,0.4966336554636106,0.7008805154293541
2020-12-30,147.4833355,225.36667,276.2333374,0.002454167,85607.91667,0.0,-1.716666692,-1.916666695,0.119410681,0.5291927215758266,0.4864090497024477
2020-12-31,125.0125019,224.1208367,276.7125041,0.001558333,85525.41667,1.200000018,-0.0125,0.400000006,0.119409248,0.9638975079332784,0.2981592341414817
2021-01-01,128.6166686,266.850004,277.2958375,0.002329167,85330.0,0.0,0.291666671,0.416666673,0.119442783,1.778805100044257,0.4265278938844632
2021-01-02,139.1208354,220.89167,278.4416708,0.0023875,86060.83333,0.0,0.691666677,0.358333339,0.119462967,0.764469191865957,0.4066278780541759
2021-01-03,138.1750021,219.5541699,278.2666708,0.002275,86002.5,0.0,0.633333343,0.620833343,0.119443728,0.6698809847689668,0.3920076775702371
2021-01-04,137.6583354,234.4166702,280.7250042,0.002516667,86014.16667,0.0,0.391666673,0.345833338,0.11943848,0.743098391911809,0.3653370473782295
2021-01-05,142.4375021,239.2000036,283.2125042,0.002754167,85815.41667,0.0,-0.425000006,1.004166682,0.119419881,0.7605525297246748,0.3364967150131236
2021-01-06,146.0458355,212.7708365,282.3458375,0.001716667,85972.08333,0.0,-0.991666681,-0.375000006,0.119415905,0.5314705976771386,0.2228622520518305
2021-01-07,143.7875021,223.9458367,282.9625042,0.001433333,85953.33333,0.0,0.008333333,0.545833341,0.119410657,0.4763308262450217,0.1783987796839168
2021-01-08,143.8916688,226.6708367,283.2166709,0.001845833,85880.41667,0.0,0.504166674,0.20416667,0.119406681,0.4420852525812377,0.2256260831160402
2021-01-09,146.7250022,224.3958367,281.5708375,0.001925,85557.91667,0.0,0.370833339,-0.666666677,0.119417328,0.4825715987143129,0.262241238354116
2021-01-10,146.6875022,208.1416698,277.6750041,0.002141667,85876.66667,0.0,-0.633333343,-1.083333349,0.119413352,0.3580259999779546,0.3842272031087255
2021-01-11,147.6375022,215.5416699,278.2375041,0.002141667,86143.75,0.0,-4.408333399,-1.670833358,0.11940874,0.4786979891040405,0.3703999191755001
2021-01-12,151.8666689,200.7583363,278.0416708,0.0016125,86234.16667,0.0,-0.591666675,-1.316666686,0.119418751,0.3618757052624281,0.2830584810142575
2021-01-13,147.7875022,210.5333365,280.6125042,0.001225,86256.66667,0.0,-0.312500005,0.008333333,0.119414775,0.2550343912352302,0.1797228892568219
2021-01-14,149.5250022,241.9250036,284.7791709,0.002070833,86128.75,0.0,0.408333339,0.500000007,0.119424786,0.4909921232013969,0.2285356725734314
2021-01-15,152.7250023,229.2666701,283.7375042,0.001745833,86162.08333,0.0,0.233333337,-0.058333334,0.119435433,0.3449567677867602,0.2067013831368734
2021-01-16,150.9458356,241.9500036,286.7208376,0.001270833,85884.58333,0.0,-0.266666671,0.079166668,0.119458432,0.3498306267288031,0.1229541222940912
2021-01-17,156.4125023,216.9333366,284.6541709,0.001616667,85939.58333,0.0,-0.166666669,-0.362500005,0.119496595,0.2279361140082521,0.1795166544052043
2021-01-18,94.89166808,239.7958369,284.9083376,0.001004167,85441.66667,1.200000018,0.070833334,0.645833343,0.119535391,0.0699499632737349,0.1089906208050702
2021-01-19,96.30000143,319.2166714,282.7166709,0.003454167,85237.91667,5.500000082,-3.016666712,0.275000004,0.119574189,18.540310172590026,0.4335178843957566
2021-01-20,94.37916807,303.8708379,282.1208375,0.003845833,85891.25,0.0,-7.012500104,-2.304166701,0.119598365,9.86353524762475,0.5065236352758075
2021-01-21,98.7208348,302.2875045,281.7625042,0.005495833,85728.75,0.200000003,-3.658333388,0.154166669,0.119636525,4.463260431890526,0.7403960735862171
2021-01-22,94.2625014,332.750005,281.1625042,0.006604166,85566.66667,0.0,0.425000006,0.22916667,0.119675324,6.184975492048834,0.9253770406836874
2021-01-23,73.6500011,308.3625046,279.3583375,0.005954167,85266.66667,6.800000101,1.400000021,3.354166717,0.119714119,11.732406043099228,0.9421733672467412
2021-01-24,94.85000141,294.8708377,276.8083375,0.005120833,84953.75,13.90000021,1.195833351,1.816666694,0.145081872,22.604758852017063,0.9665958963140074
2021-01-25,94.52083474,291.8958377,273.6750041,0.004545833,84879.58333,13.90000021,1.616666691,2.750000041,0.416437199,10.027548872722914,1.075289284506452
2021-01-26,71.56250107,264.0666706,270.8708374,0.003620833,84777.91667,6.300000094,2.412500036,2.141666699,0.653664969,0.0,1.0531439646305556
2021-01-27,163.6416691,248.7541704,274.0791708,0.002908333,85918.75,0.100000001,-3.420833384,-0.758333345,0.635894218,16.716631653363454,0.6760886416567702
2021-01-28,151.3916689,237.4708369,279.7916708,0.002695833,85885.41667,0.0,-9.812500146,-0.808333345,0.616491409,68.26641656673398,0.4168875388901007
2021-01-29,92.75416805,279.2125042,282.3083375,0.0032375,85492.08333,0.0,-4.120833395,2.345833368,0.588326243,19.34205270643029,0.4190241562756399
2021-01-30,165.5958358,268.6583373,276.2916708,0.0047375,85596.25,5.200000077,1.841666694,-0.425000006,0.562468966,7.845638321051947,0.934913823803396
2021-01-31,167.3375025,222.0375033,280.0541708,0.002983333,86044.16667,0.0,-3.445833385,-1.266666686,0.538641111,17.144095187833614,0.4538395189971757
2021-02-01,99.46666815,295.7916711,284.0875042,0.003079167,86154.58333,0.0,-8.466666793,-1.204166685,0.464413477,45.80573527842744,0.3560453664768918
2021-02-02,136.0916687,328.5291716,286.7625043,0.004616667,85997.5,0.0,-0.425000006,0.516666674,0.314188168,11.49845308953575,0.4460291864242356
2021-02-03,87.70833464,324.2166715,286.9833376,0.006379167,85730.41667,0.0,0.466666674,-0.195833336,0.189371289,4.888402709139277,0.6055427639609072
2021-02-04,172.2583359,258.6708372,284.4791709,0.005020833,85522.08333,0.0,3.016666712,-0.579166675,0.145965133,6.212164468903347,0.5613495157022806
2021-02-05,175.6291693,235.1291702,281.1166709,0.002904167,85602.08333,0.0,1.558333357,0.125000002,0.132576198,4.375843206557186,0.4083874766357498
2021-02-06,180.1875027,227.1750034,281.3500042,0.002645833,85537.5,0.0,0.333333338,0.354166672,0.126992768,3.41378609642762,0.3658595538758338
2021-02-07,181.4750027,223.3333367,282.9250042,0.002345833,85476.25,0.0,0.591666675,0.808333345,0.123946745,2.646705554036497,0.291091430757624
2021-02-08,182.8250027,226.2250034,283.3291709,0.002658333,85450.0,0.0,0.300000004,0.737500011,0.122200266,2.1800834651430683,0.3208622509932067
2021-02-09,169.3083359,239.4208369,284.2041709,0.002283333,85597.08333,0.0,0.533333341,-0.125000002,0.121312725,1.8498485300727705,0.2602664015187067
2021-02-10,78.52500117,286.1333376,284.1083376,0.002625,85420.0,0.0,0.21666667,0.0125,0.120910291,0.4333436854104377,0.3005207889210198
2021-02-11,183.0166694,247.6916704,283.5833376,0.0028125,85507.08333,0.0,0.733333344,0.091666668,0.120698591,2.150554171275888,0.3339140951863882
2021-02-12,184.2041694,252.2625038,283.4833376,0.003333333,85252.5,0.0,1.09583335,0.44583334,0.120568268,1.786679401600506,0.3972446320038504
2021-02-13,156.6625023,255.8458371,281.3541709,0.003925,85027.91667,0.0,0.779166678,0.86666668,0.120523779,1.2059993933734972,0.5393519515290476
2021-02-14,151.5708356,287.1625043,278.2208375,0.004925,84516.25,3.200000048,3.204166714,0.900000013,0.135972044,4.291615970985342,0.8366658411882193
2021-02-15,176.070836,251.2791704,277.2333375,0.003225,85250.0,0.0,0.933333347,0.754166678,0.13686915,4.771177488169416,0.5926505085498927
2021-02-16,136.012502,275.3750041,278.2833375,0.003070833,85047.91667,0.900000013,2.283333367,-0.266666671,0.141839691,4.964623401843116,0.5226509523588
2021-02-17,194.8375029,253.5666704,278.2416708,0.002616667,84971.25,0.100000001,1.704166692,-0.575000009,0.151006761,5.315014966487125,0.446260074895704
2021-02-18,201.100003,203.8333364,276.4166708,0.001983333,85694.16667,0.0,-0.512500008,-1.533333356,0.140730955,3.095663402381802,0.3883524998443022
2021-02-19,199.9041696,216.8958366,279.1583375,0.0016625,86272.91667,0.0,-0.275000004,-0.125000002,0.133568575,3.9770942791882433,0.2699229157659206
2021-02-20,202.425003,232.8083368,283.7500042,0.002158333,85795.83333,0.0,0.395833339,1.166666684,0.1270903,3.369664719091092,0.2542396345737216
2021-02-21,206.9333364,215.1583365,280.4958375,0.0020375,85867.08333,0.0,0.962500014,-1.57916669,0.12377059,2.269833537559956,0.2999880665161682
2021-02-22,207.9583364,216.4333366,282.0958375,0.0015375,86300.41667,0.0,-1.545833356,0.21666667,0.122701323,2.2271879059249136,0.2038120990101802
2021-02-23,208.2416698,230.1833368,285.1000042,0.0019,85835.83333,0.0,0.383333339,0.616666676,0.121978936,2.414876253716516,0.2045419421849365
2021-02-24,209.1833365,232.9083368,284.7041709,0.0022125,85691.25,0.0,1.166666684,0.19166667,0.121719762,2.0329733651651507,0.2441508192840932
2021-02-25,212.1666698,235.6500035,283.5041709,0.0025375,85592.08333,0.0,1.408333354,0.450000007,0.121676773,1.7496397863259958,0.3031801853353285
2021-02-26,213.6000032,218.3583366,280.4583375,0.001679167,85552.91667,0.0,0.679166677,0.325000005,0.121739325,1.5797676664756484,0.2469651582015758
2021-02-27,216.8333366,212.9083365,281.6875042,0.0016375,85236.25,0.0,0.508333341,0.120833335,0.121794807,1.54070222707392,0.2204659043594243
2021-02-28,199.8166696,212.1958365,278.1000041,0.001308333,85362.91667,0.0,0.837500012,-1.879166695,0.12188913,1.0197223507776971,0.2264100994957358
2021-03-01,233.7375035,194.0583362,277.0708375,0.000941667,86008.33333,0.0,0.19166667,0.208333336,0.121994274,1.5299685288807048,0.1766175345450994
2021-03-02,234.3333368,218.3750033,282.3250042,0.001975,85896.25,0.0,-8.487500126,-1.154166684,0.122091715,1.614208323225998,0.2565376681350281
2021-03-03,224.27917,246.8375037,285.6750043,0.001770833,85446.25,0.0,-5.33750008,1.358333354,0.122199402,1.706685908045115,0.1826510517491384
2021-03-04,189.0916695,306.5875046,281.3875042,0.004954167,85744.58333,0.200000003,3.912500058,1.970833363,0.122294291,0.9886925891486056,0.6849417603807059
2021-03-05,238.3583369,239.7958369,283.8625042,0.003458333,86070.41667,0.0,-1.54166669,-1.14583335,0.122403208,1.32103220052115,0.4055907325784255
2021-03-06,237.8500035,248.9666704,286.9916709,0.003220833,85810.0,0.0,-7.116666773,0.308333338,0.122512101,1.7246673146986085,0.305854160335588
2021-03-07,234.9916702,251.7541704,288.4083376,0.003291667,85753.33333,0.0,-4.812500072,0.354166672,0.122621029,1.662399339884331,0.2847784458603134
2021-03-08,221.4458366,312.220838,289.4208376,0.002575,85864.16667,0.0,0.525000008,1.687500025,0.122715301,2.124732157585633,0.2089284075238256
2021-03-09,204.9166697,297.2416711,286.1541709,0.003220833,85745.41667,0.70000001,0.329166672,2.179166699,0.122823606,2.280305510327839,0.322960046951257
2021-03-10,243.4541703,232.4083368,280.8583375,0.002445833,85478.33333,0.0,4.02500006,1.720833359,0.122932513,1.4958687088248683,0.3496092324290026
2021-03-11,135.9166687,282.2083375,279.2166708,0.0029,85436.25,0.0,1.000000015,1.80833336,0.123041491,1.0353920400472223,0.4643777924690148
2021-03-12,126.3916686,309.2708379,277.8750041,0.003845833,85478.33333,4.100000061,1.458333355,1.458333355,0.126076883,7.499286219019609,0.6771100343272257
2021-03-13,153.0333356,290.054171,274.7458374,0.0041875,85563.75,10.90000016,3.037500045,0.091666668,0.201724376,33.0099633596262,0.9235004758460288
2021-03-14,241.2333369,265.0333373,275.5625041,0.004283333,85754.16667,2.800000042,3.008333378,-0.250000004,0.390103236,33.31383357837787,0.8924180910495807
2021-03-15,192.9916695,258.2208372,280.0083375,0.004108333,85495.83333,2.300000034,1.058333349,-0.412500006,0.281510829,27.911439133925523,0.6229778976151034
2021-03-16,168.3333358,296.5833378,277.7583375,0.003183333,84975.83333,3.700000055,3.612500054,3.550000053,0.232816256,72.42933003276792,0.5617919266926069
2021-03-17,252.3541704,230.8916701,277.7625041,0.0031875,85672.5,0.0,1.479166689,0.212500003,0.232547911,30.75047150434804,0.5669718838852845
2021-03-18,252.6416704,247.8875037,285.3458376,0.003195833,85848.75,0.0,-1.204166685,0.862500013,0.16995441,32.74530403210557,0.3385072776644288
2021-03-19,263.1166706,246.2166703,288.3208376,0.0025125,85933.75,0.0,-1.35000002,0.941666681,0.140599634,26.772882888820693,0.2190674664869066
2021-03-20,221.29167,262.6916706,288.4958376,0.002733333,85892.08333,0.0,1.041666682,0.66250001,0.129444779,14.452190968517264,0.2355156501370262
2021-03-21,255.9666705,261.7375039,286.6041709,0.003558333,85580.83333,0.0,2.958333377,1.175000018,0.125538487,10.791274542751502,0.3456988998593684
2021-03-22,271.750004,235.2333368,281.9625042,0.001841667,85132.08333,0.0,1.762500026,0.033333334,0.124690309,8.230121710002628,0.2430322643401873
2021-03-23,110.6166683,259.8666705,280.4666708,0.001925,84995.83333,0.0,1.029166682,0.233333337,0.124423239,2.508045036002721,0.2811155055189646
2021-03-24,188.5208361,294.6208377,277.1666708,0.004525,84752.91667,1.600000024,0.679166677,0.779166678,0.124425101,8.319466687601512,0.830628872472429
2021-03-25,227.0958367,263.7625039,280.0208375,0.003433333,85092.91667,0.300000004,1.404166688,1.329166686,0.124359571,7.0911195475486215,0.5177190917880672
2021-03-26,131.050002,310.4000046,279.5916708,0.003520833,84992.5,0.100000001,2.583333372,3.516666719,0.124357623,3.697098220386159,0.5463663511221792
2021-03-27,266.4166706,268.0791707,280.1583375,0.004179167,85653.33333,0.70000001,-0.279166671,-0.800000012,0.124370929,9.967824190190605,0.6283073056779387
2021-03-28,280.5083375,245.9291703,285.8958376,0.002566667,86296.25,0.0,-1.816666694,-0.537500008,0.124395684,7.143392551041174,0.2634843140507389
2021-03-29,279.9791708,255.7833371,289.5875043,0.002833333,85758.75,0.0,-1.791666693,0.591666675,0.124449045,6.507419400150095,0.2271569740501902
2021-03-30,283.2625042,249.6541704,288.8458376,0.002133333,85270.0,0.0,2.2416667,0.412500006,0.124513854,5.132706444756533,0.1783945842321859
2021-03-31,291.1708377,229.1791701,287.3791709,0.001391667,85930.41667,0.0,-3.116666713,-3.316666716,0.124578659,4.033742363699601,0.1290203426167874
2021-04-01,179.670836,270.325004,290.2000043,0.00175,86000.0,0.0,-8.600000128,-1.854166694,0.124643464,4.139851550546336,0.1352757712722227
2021-04-02,133.100002,346.3083385,292.0958377,0.0032,85639.58333,0.0,-5.900000088,-0.712500011,0.124708273,3.529234131146559,0.2183750013065348
2021-04-03,287.966671,288.191671,292.5583377,0.003770833,85791.66667,0.0,-0.287500004,-0.054166667,0.124787701,6.208672624701292,0.2503908621593692
2021-04-04,296.1958377,285.6500043,294.7708377,0.003570833,85857.08333,0.0,1.279166686,0.033333334,0.124853146,4.212627009009717,0.2067433659542253
2021-04-05,302.2375045,263.8250039,294.2291711,0.0025,85477.5,0.0,1.908333362,-0.083333335,0.124917951,3.527973838607691,0.1490167467946564
2021-04-06,301.7166712,260.1458372,291.004171,0.002808333,85173.33333,0.0,3.329166716,1.77083336,0.124997379,2.947237961973201,0.2042461056583757
2021-04-07,307.2083379,241.0000036,290.241671,0.001541667,85625.41667,0.0,2.312500034,0.43333334,0.125062824,2.7821508721242374,0.1183365236411377
2021-04-08,301.5375045,267.9333373,291.6083377,0.002225,85581.66667,0.0,2.558333371,0.275000004,0.125142252,2.991144896445153,0.156482075505753
2021-04-09,310.2375046,265.850004,291.8333377,0.002725,85357.5,0.0,2.450000037,-0.245833337,0.125207697,2.9910878112547565,0.1884440329858302
2021-04-10,312.9041713,248.2166704,292.029171,0.001570833,85350.83333,0.0,2.541666705,0.250000004,0.125272502,2.973130814321118,0.1072858089725107
2021-04-11,297.9083378,267.350004,291.9208377,0.002316667,85156.66667,0.0,2.283333367,0.625000009,0.125337307,2.940476542906065,0.1589484198490795
2021-04-12,305.9333379,293.3000044,291.8958377,0.002866667,85066.25,0.0,1.545833356,0.829166679,0.125416739,3.3536946786929054,0.1967859560632192
2021-04-13,308.2791713,279.2000042,290.5958377,0.003554167,85168.33333,0.0,2.02500003,1.537500023,0.125477749,2.8965203367604424,0.2652858038834405
2021-04-14,310.9375046,265.9708373,289.229171,0.0035875,85210.41667,0.0,2.68750004,2.195833366,0.125549437,2.635551067458897,0.2924539855186606
2021-04-15,306.2875046,256.4958372,287.966671,0.002920833,85269.58333,0.0,3.241666715,1.791666693,0.125617066,2.527129890299555,0.25859217669002
2021-04-16,288.266671,254.3333371,286.5166709,0.001954167,85290.0,0.0,1.637500024,0.329166672,0.12568935,2.408787843619132,0.1902998126920949
2021-04-17,282.2625042,256.4166705,287.1916709,0.002129167,85313.75,0.0,1.77083336,0.362500005,0.125760392,2.30833322666846,0.1983986263907295
2021-04-18,264.6458373,269.6958374,286.2250043,0.003670833,85450.0,0.800000012,-5.087500076,-4.208333396,0.125844918,2.538267790735264,0.3651014400387888
2021-04-19,315.908338,273.4875041,286.8000043,0.003241667,85615.0,0.0,-2.883333376,-0.45833334,0.125918741,2.958298602072883,0.3110255435720104
2021-04-20,323.8458382,257.1583372,290.1333377,0.002308333,85514.16667,0.0,3.104166713,0.041666667,0.12599422,3.19263438838973,0.1781860147829289
2021-04-21,323.4541715,258.6625039,290.766671,0.00185,85272.08333,0.0,1.829166694,3.987500059,0.126055075,3.150905222954356,0.1367559163621724
2021-04-22,320.8000048,264.4000039,287.5833376,0.002416667,85109.16667,0.0,3.370833384,3.104166713,0.12614133,2.568043978831723,0.2189626743194044
2021-04-23,321.5083381,271.412504,286.7125043,0.004008333,85232.08333,0.0,2.92916671,0.362500005,0.12621186,2.2521635990909474,0.3850742170732425
2021-04-24,324.5458382,270.4333374,289.279171,0.003770833,85595.0,0.0,2.541666705,0.25416667,0.126286041,2.586778980727225,0.3077927469925836
2021-04-25,328.6000049,269.6416707,291.229171,0.002904167,85382.08333,0.0,2.791666708,1.179166684,0.126350589,2.8427997305891304,0.2087280365124585
2021-04-26,259.7875039,278.5041708,289.5625043,0.002666667,85083.33333,0.0,3.254166715,3.32500005,0.126435913,2.3529068116513203,0.2124524023159847
2021-04-27,207.4500031,320.4041714,283.3958376,0.004620833,85036.25,5.40000008,2.729166707,0.262500004,0.126496425,19.154729244270676,0.5525404948479941
2021-04-28,228.8958367,299.1791711,282.4583375,0.004825,85307.91667,5.700000085,0.908333347,-0.120833335,0.126585566,40.42716262643782,0.6168088027235822
2021-04-29,324.3958382,289.5833376,287.3166709,0.005129167,85874.16667,0.0,-1.854166694,-1.512500023,0.12664674,43.46721227015939,0.4771582278098722
2021-04-30,330.8625049,287.0333376,293.2083377,0.003479167,86146.66667,0.0,-1.545833356,0.004166667,0.126721268,27.1514119753103,0.2227201086018923
2021-05-01,337.7666717,295.3500044,294.5083377,0.003954167,85762.91667,0.0,1.345833353,1.10833335,0.126795581,16.105734632266984,0.2324275067272685
2021-05-02,344.6541718,278.8541708,293.366671,0.0027125,85057.91667,0.0,3.883333391,1.887500028,0.126874284,10.46343740000142,0.1697596856453034
2021-05-03,342.1833384,280.6666708,290.1375043,0.00355,84851.25,0.0,3.38750005,0.550000008,0.126951712,6.97147393018096,0.2718365246878546
2021-05-04,343.3125051,279.7583375,291.7125043,0.003675,85482.91667,0.0,1.154166684,0.733333344,0.12702057,7.746299775107398,0.2564650646893395
2021-05-05,342.4125051,284.0166709,294.3875044,0.0029375,85741.25,0.0,1.091666683,0.875000013,0.12709432,6.985958159855564,0.1739199407000362
2021-05-06,346.3583385,294.5875044,297.2583378,0.0029,85847.08333,0.0,0.733333344,1.291666686,0.127166456,6.58230788764914,0.1441903502381726
2021-05-07,345.7041718,298.7375045,295.8000044,0.0030375,85702.91667,0.0,2.516666704,0.341666672,0.127249402,5.0476519237009,0.1647808819718242
2021-05-08,352.3500053,276.9791708,292.9500044,0.002970833,85414.58333,0.0,3.029166712,0.925000014,0.127320493,3.879699995279105,0.1916355044752733
2021-05-09,349.7416719,281.9375042,292.6708377,0.003245833,85435.0,0.0,2.666666706,0.595833342,0.127397417,3.634381219629232,0.2131227575290769
2021-05-10,352.9708386,277.7791708,292.791671,0.002595833,85365.0,0.0,2.991666711,0.441666673,0.127462415,3.4919830538413006,0.1690175948831744
2021-05-11,354.5083386,279.5625042,293.2500044,0.002070833,85452.5,0.0,1.804166694,1.154166684,0.127539369,3.675805111570721,0.1311549206171613
2021-05-12,355.554172,281.5791709,294.7666711,0.0018625,85725.41667,0.0,1.262500019,0.304166671,0.127610321,4.086766414704067,0.1076969842784639
2021-05-13,356.6208386,284.8583376,296.6083378,0.0021625,85894.16667,0.0,1.241666685,1.358333354,0.127689726,3.858313097792889,0.1119117112210499
2021-05-14,355.5375053,282.5625042,297.0166711,0.002283333,85697.91667,0.0,2.175000032,0.816666679,0.127755819,3.630354966105325,0.1150047749422224
2021-05-15,345.2916718,305.1791712,295.2916711,0.003958333,85440.41667,0.0,2.475000037,1.266666686,0.127834419,3.299024266450493,0.220862386236216
2021-05-16,356.6125053,284.0500042,292.6583377,0.0028625,85382.5,0.0,3.37500005,1.57916669,0.12787508,2.904715214563015,0.1879849043994228
2021-05-17,345.3083385,281.2958375,290.466671,0.00345,85315.41667,0.0,2.875000043,1.225000018,0.127895637,2.533959604367871,0.2600911694306765
2021-05-18,345.2375051,296.9250044,291.4833377,0.004716667,85391.25,0.0,3.575000053,0.245833337,0.127917079,2.515532235358884,0.3336109450374486
2021-05-19,346.8000052,310.658338,294.6125044,0.005408333,85337.5,0.0,3.57916672,0.329166672,0.127953626,2.8500902105231685,0.3142954833562658
2021-05-20,356.6875053,294.3416711,294.9041711,0.003995833,85258.33333,0.0,3.35000005,2.2666667,0.12797624,2.922639459335346,0.2278537157885539
2021-05-21,319.5958381,343.6916718,292.291671,0.0051125,85310.83333,1.200000018,4.554166735,3.991666726,0.128012813,4.170507488392717,0.343286916101966
2021-05-22,354.754172,270.1541707,289.3250043,0.002166667,85472.5,0.0,2.187500033,2.787500042,0.128035367,3.728696357928154,0.1760792499897531
2021-05-23,373.3625056,232.6291701,287.7208376,0.001254167,85760.83333,0.0,1.812500027,0.19166667,0.128071953,3.702525763661609,0.1134804825710633
2021-05-24,373.3916722,244.108337,291.5125043,0.001154167,85715.41667,0.0,0.558333342,0.150000002,0.128094573,5.435654529969005,0.081793130231458
2021-05-25,366.0000055,264.5916706,294.3166711,0.001795833,85730.0,0.0,1.933333362,0.575000009,0.128131182,3.9855499335077655,0.1067791119575579
2021-05-26,321.1500048,312.7875047,295.2833377,0.002191667,85794.16667,0.0,1.895833362,0.454166673,0.128153797,3.894194143882921,0.1228573095428714
2021-05-27,363.9625054,290.2833377,295.3333377,0.002320833,85774.58333,0.0,1.504166689,0.862500013,0.128175801,3.912947766109369,0.1296689004672851
2021-05-28,366.5416721,286.2375043,296.5000044,0.002525,85697.5,0.0,2.020833363,0.550000008,0.128212416,3.5981790811573906,0.1312353469779616
2021-05-29,348.0416719,288.329171,296.8416711,0.002108333,85519.16667,0.0,2.512500037,0.500000007,0.128234989,3.2254779494043726,0.1071012677733253
2021-05-30,362.3291721,296.0041711,296.3166711,0.0028,85390.83333,0.0,2.404166702,0.695833344,0.12827161,3.1596370466324597,0.146637618641163
2021-05-31,357.6000053,329.7166716,296.3916711,0.003858333,85588.33333,0.0,2.245833367,0.895833347,0.12829421,3.20628762568239,0.2016060203172476
2021-06-01,329.0833382,331.4375049,297.6000044,0.0043625,85825.83333,0.0,0.720833344,0.429166673,0.128330839,3.650356202816248,0.212417024746596
2021-06-02,333.337505,320.0291714,298.8000045,0.004091667,85649.16667,0.0,1.837500027,1.229166685,0.128353407,2.858928575460616,0.1849765864446708
2021-06-03,268.9791707,348.2958385,299.1750045,0.004058333,85553.33333,0.0,2.908333377,-0.133333335,0.128390011,2.605311172053053,0.179201768901063
2021-06-04,295.9708377,327.9375049,299.6833378,0.0035375,85646.25,0.0,3.508333386,-0.079166668,0.128412147,2.732304742072778,0.1517084099884027
2021-06-05,349.5458385,318.8833381,299.7750045,0.003429167,85636.25,0.0,4.208333396,0.304166671,0.128432529,3.0547611126556924,0.1462462471842644
2021-06-06,349.8041719,318.2500047,298.0708378,0.003654167,85544.16667,0.0,3.650000054,0.22916667,0.128467485,2.9414330175841257,0.1723783389309509
2021-06-07,351.5375052,305.7041712,297.3125044,0.003,85491.66667,0.0,1.945833362,2.016666697,0.12850308,2.9805459903019003,0.1480583721227859
2021-06-08,358.554172,304.4625045,296.1291711,0.002941667,85583.75,0.0,2.583333372,1.962500029,0.128524049,2.9153509460190903,0.156182802517137
2021-06-09,350.6708386,293.2875044,297.1875044,0.002825,85866.25,0.0,2.312500034,0.820833346,0.128559004,3.020795358131048,0.1410969420960289
2021-06-10,346.7791718,309.1750046,298.0125044,0.003125,85835.41667,0.0,2.270833367,0.695833344,0.128579976,3.2584991563273884,0.1484382684326644
2021-06-11,358.979172,298.4000044,298.5125044,0.003366667,85639.16667,0.0,2.275000034,0.504166674,0.128614932,3.277829780711688,0.1548277707944318
2021-06-12,357.316672,297.5833378,300.6791711,0.001408333,85572.08333,0.0,1.525000023,1.36250002,0.1286359,3.593451624923933,0.0568882791743578
2021-06-13,358.029172,306.7000046,303.4958379,0.001395833,85627.08333,0.0,1.991666696,1.425000021,0.12867086,3.846908083057055,0.0478634104563872
2021-06-14,343.5833385,328.5208382,305.1250045,0.002166667,85743.33333,0.0,1.487500022,0.179166669,0.128691828,4.075203076576559,0.0677522684038903
2021-06-15,341.4041718,345.1958385,305.7166712,0.003945833,85694.16667,0.0,-2.262500034,0.504166674,0.128726784,4.102419364984405,0.1192307999211375
2021-06-16,343.0541718,365.0083388,305.6458379,0.005183333,85834.58333,0.0,-3.154166714,-0.220833337,0.128846943,4.157605190694892,0.1575136978986681
2021-06-17,347.6750052,365.6416721,305.8458379,0.0051375,85633.75,0.0,-2.800000042,-0.166666669,0.128956156,4.264414773767392,0.1539959776337236
2021-06-18,347.4833385,362.0166721,305.8458379,0.004091667,85472.91667,0.0,-1.979166696,0.054166667,0.12907936,4.415631463560362,0.1224169021485762
2021-06-19,345.5333385,371.9375055,305.8875046,0.005170833,85318.33333,0.0,1.862500028,0.266666671,0.129188573,4.376939237562592,0.1540594673289876
2021-06-20,347.5583385,365.0208388,304.7875045,0.0064125,85350.0,0.0,2.683333373,0.570833342,0.129326397,3.848985370246028,0.2034876592377085
2021-06-21,350.5500052,343.5333385,301.9500045,0.007491666,85673.75,0.0,4.454166733,0.466666674,0.129436245,2.998290604524906,0.2811881526010673
2021-06-22,256.1250038,352.7041719,302.3708378,0.005620833,85695.0,0.0,3.291666716,0.21666667,0.129559446,2.6021930062946144,0.2059024365446523
2021-06-23,303.7708379,374.1041722,299.6916711,0.008170833,85752.91667,0.600000009,3.066666712,-1.82083336,0.129668659,3.5643936142453976,0.3506750726921614
2021-06-24,331.7291716,371.4583389,296.8541711,0.010145833,85833.75,0.100000001,1.304166686,0.800000012,0.129791863,4.288729582030781,0.5169015685570416
2021-06-25,343.7083385,364.5666721,299.1708378,0.008383333,85655.0,0.0,2.512500037,0.166666669,0.129901076,3.662441951788807,0.3707107125537072
2021-06-26,342.5208384,362.2208387,300.4333378,0.005641667,85468.75,0.0,2.412500036,-0.616666676,0.130024276,3.730516627530121,0.2309439571869981
2021-06-27,338.0583384,346.7291718,301.5833378,0.005233333,85331.25,0.200000003,-0.495833341,-2.383333369,0.130148112,4.116544911753293,0.199883853835968
2021-06-28,343.5166718,353.6416719,299.6375045,0.007033333,85358.75,0.0,-5.829166754,-0.483333341,0.130271949,3.050918419001329,0.3014379324110219
2021-06-29,334.3458383,359.079172,297.4125044,0.008708333,85600.41667,0.0,-6.920833436,-0.21666667,0.130381162,2.4187069128358982,0.4277304173243519
2021-06-30,311.2000046,369.5833388,298.0958378,0.009475,85801.25,0.0,-4.637500069,-2.450000037,0.130504365,2.489871132805547,0.4476341219035789
2021-07-01,285.8125043,371.3000055,297.6541711,0.010070833,85810.83333,3.500000052,0.066666668,1.712500026,0.130628202,20.77001545673172,0.4886775370802206
2021-07-02,254.6875038,388.7333391,299.3708378,0.010991666,85780.83333,4.00000006,0.220833337,0.90416668,0.130737415,41.26637025648665,0.4809925533472289
2021-07-03,279.4375042,392.6708392,299.4375045,0.011191666,85825.0,2.00000003,-1.716666692,0.712500011,0.130860615,45.38587001121187,0.4880539510885765
2021-07-04,267.1208373,397.8291726,296.0041711,0.014454166,85827.5,5.300000079,1.37500002,0.729166678,0.130969828,65.35834480723312,0.7755088236519205
2021-07-05,302.1416712,389.8416725,298.4041711,0.013433333,85781.25,7.100000106,0.845833346,0.912500014,0.131093029,104.25175516570955,0.6228397790637199
2021-07-06,313.233338,374.6333389,301.5416712,0.0102625,85721.25,0.800000012,1.966666696,1.79583336,0.131216865,77.0030725721572,0.3947241268159821
2021-07-07,322.3291715,364.6083388,302.3625045,0.0076625,85625.41667,0.0,1.070833349,1.383333354,0.131340704,31.30290322220912,0.2806011036953855
2021-07-08,316.9166714,383.0875057,302.3916712,0.0109,85701.25,0.0,-0.766666678,1.216666685,0.131449918,19.36223126947873,0.3988337083740493
2021-07-09,308.4166713,397.3166726,302.2291712,0.01165,85751.66667,0.200000003,1.433333355,0.487500007,0.131573118,14.023411520261622,0.4305864946812044
2021-07-10,312.0875047,400.1916726,302.8041712,0.011825,85779.58333,0.900000013,0.670833343,0.670833343,0.131682331,18.254953890950176,0.4228081993794034
2021-07-11,318.1458381,389.6458391,301.6166712,0.011625,85765.41667,2.400000036,0.704166677,0.854166679,0.131805531,31.25108464078638,0.445397752454924
2021-07-12,315.5791714,388.0500058,301.3166712,0.0118,85748.33333,0.0,1.954166696,0.658333343,0.131929367,12.320161238538828,0.46003794511493
2021-07-13,302.4541712,393.7916725,300.4666711,0.011408333,85894.16667,0.100000001,0.783333345,1.416666688,0.132053207,11.168679822106313,0.4684053630784015
2021-07-14,235.2666702,392.3000058,297.7708378,0.0128875,85968.33333,6.500000097,-0.70000001,0.537500008,0.13216242,50.30586692808579,0.6221046694266604
2021-07-15,239.1708369,380.3250057,297.5666711,0.012416666,85945.41667,0.0,1.687500025,-0.162500002,0.132285621,26.778559759856595,0.6066501662828013
2021-07-16,279.1375042,388.1208391,297.4166711,0.0131625,85813.33333,0.600000009,1.037500015,-0.158333336,0.132099221,25.10199754073653,0.6479520958126226
2021-07-17,239.7208369,400.687506,296.1000044,0.013741666,85868.33333,27.40000041,0.770833345,0.858333346,0.13188471,114.55332096995473,0.7333223577306356
2021-07-18,275.9166708,387.0125058,299.4208378,0.012829166,86028.75,0.0,1.529166689,0.587500009,0.131684187,61.82549082340484,0.561348488961691
2021-07-19,182.2750027,398.1083393,298.8000045,0.013029166,86145.41667,3.600000054,-0.529166675,0.508333341,0.131484299,41.20193474524346,0.5924369408234308
2021-07-20,287.1500043,396.5000059,300.8875045,0.012058333,85998.33333,0.0,-0.404166673,0.908333347,0.131284411,46.45216629590467,0.4835344053085447
2021-07-21,305.2416712,398.4375059,301.7541712,0.011233333,85790.0,0.0,-0.562500008,0.245833337,0.131084523,28.79472256754797,0.4270619340149581
2021-07-22,298.4958378,395.2583392,299.9375045,0.012804166,85909.58333,0.100000001,1.483333355,1.387500021,0.130870012,12.802843902526874,0.542550833330936
2021-07-23,192.0875029,402.975006,294.9625044,0.014266666,86158.75,56.70000084,0.816666679,-0.44583334,0.130669492,90.82840664224088,0.8191649953466515
2021-07-24,155.741669,377.9666723,291.916671,0.014216666,86024.16667,0.200000003,0.170833336,-0.437500007,0.130469604,28.376989898142156,0.9856130493958332
2021-07-25,118.9958351,380.7291723,291.6875043,0.014116666,85952.5,4.00000006,-2.404166702,1.412500021,0.130273742,26.521763344357545,0.9921307978251346
2021-07-26,291.6250043,370.7541722,293.5875044,0.0136875,85933.33333,0.0,0.625000009,0.737500011,0.130062895,54.68843641409988,0.8535981897882083
2021-07-27,295.4750044,367.6458388,297.6125044,0.012166666,85990.41667,0.0,1.191666684,1.033333349,0.129866016,34.176870267401014,0.5931021780181149
2021-07-28,302.3875045,374.0000056,298.9333378,0.010929166,86096.25,1.000000015,0.670833343,1.341666687,0.129669746,30.75787981891466,0.4927195935990468
2021-07-29,240.1666702,378.0750056,299.6833378,0.010775,85893.75,0.600000009,-0.200000003,0.395833339,0.129458872,19.871201128457493,0.4634295243747442
2021-07-30,285.3500043,374.0958389,297.4125044,0.0108875,85952.5,0.900000013,-3.175000047,0.708333344,0.129247372,17.29943444399662,0.5369649150197167
2021-07-31,232.7833368,381.0000057,297.6833378,0.012541666,86084.58333,0.600000009,0.362500005,0.995833348,0.129050493,15.013684107971244,0.6094394604951187
2021-08-01,259.8708372,379.670839,298.5875044,0.012545833,86120.0,0.0,1.587500024,1.433333355,0.128854257,10.154318897765032,0.5775986043581897
2021-08-02,292.341671,383.6500057,299.4208378,0.011958333,86150.83333,1.000000015,0.950000014,0.495833341,0.128658003,17.1911557037269,0.5239871615981315
2021-08-03,305.7333379,365.2250054,301.1458378,0.0111875,85974.58333,0.0,0.400000006,-0.24166667,0.12844712,13.466545994944353,0.4417221470787994
2021-08-04,310.6791713,354.8583386,303.5708379,0.0068625,85748.75,0.0,0.345833338,-0.120833335,0.128235608,9.27887785101641,0.2346323781095245
2021-08-05,305.9500046,365.6958388,302.9250045,0.007891666,85832.5,0.0,-2.087500031,-0.833333346,0.128038737,5.985052610974545,0.2803706926738173
2021-08-06,300.6375045,379.858339,301.6166712,0.012054166,85890.41667,0.0,1.616666691,0.933333347,0.127842478,5.114661753014556,0.4625138425692217
2021-08-07,302.4666712,375.6875056,300.7875045,0.011733333,85814.58333,0.0,2.558333371,-0.141666669,0.127631619,4.514906383345016,0.4722722640523878
2021-08-08,302.7916712,366.0833388,300.7541711,0.011195833,85725.0,0.0,3.083333379,-0.275000004,0.127434747,4.223986141635283,0.4510530003130956
2021-08-09,260.7291706,371.4208389,298.2000044,0.0120125,85809.16667,0.0,2.01250003,-0.129166669,0.127238464,3.2449634212489307,0.5640215028929144
2021-08-10,223.1958367,394.0500059,295.3041711,0.012704166,85932.08333,5.900000088,0.350000005,0.050000001,0.127027597,35.38400550252368,0.7123832694336981
2021-08-11,225.6875034,384.4666724,294.0500044,0.014491666,86009.58333,11.80000018,0.670833343,0.587500009,0.126830726,95.37657609772742,0.8788951177289867
2021-08-12,238.1458369,389.9458391,294.2458377,0.0142875,85963.33333,15.30000023,0.854166679,0.183333336,0.126619847,104.56584805062607,0.8555864879148525
2021-08-13,274.8750041,373.9875056,295.8291711,0.014375,86008.33333,0.100000001,1.470833355,0.412500006,0.126422938,64.94825461557797,0.7812093089914741
2021-08-14,255.3750038,399.1541726,294.7416711,0.0151125,86156.25,8.70000013,-0.733333344,1.31250002,0.126226698,102.29652431649922,0.8796123322073068
2021-08-15,280.5208375,379.9416723,296.0125044,0.014366666,86048.75,3.600000054,-2.441666703,0.933333347,0.126015829,98.79013808446835,0.7724074401952087
2021-08-16,288.5958376,384.8958391,297.5708378,0.013529166,85709.58333,0.800000012,0.545833341,0.750000011,0.125886564,64.96308451166124,0.6590246408732103
2021-08-17,272.8000041,387.5916724,294.8541711,0.013345833,85634.58333,16.60000025,0.270833337,0.279166671,0.125775469,118.81710074393482,0.7667373600588803
2021-08-18,150.3500022,380.0791723,293.704171,0.013991666,85637.91667,25.70000038,-0.145833336,-0.050000001,0.125665058,58.63820664325003,0.8632704521939365
2021-08-19,277.2083375,367.0541721,293.0458377,0.0129625,85753.75,2.70000004,-1.616666691,1.329166686,0.125539996,93.26232766307736,0.8344527301911455
2021-08-20,284.1375042,359.2458387,295.0250044,0.011958333,85632.91667,0.0,0.312500005,0.870833346,0.125414318,58.92446290493647,0.6798101058128635
2021-08-21,289.1750043,348.0833385,296.6791711,0.0111,85514.58333,0.0,0.112500002,1.483333355,0.125303254,37.72549637567764,0.5694381850691477
2021-08-22,285.7125043,357.4583387,298.3958378,0.009170833,85500.41667,0.0,0.0125,0.487500007,0.125178187,26.738807165926705,0.4240279929906928
2021-08-23,289.8625043,341.1708384,299.0583378,0.009629166,85630.41667,0.0,0.562500008,1.370833354,0.125052461,15.820698886500454,0.4285488102694115
2021-08-24,285.2041709,347.7875052,299.0166711,0.007729166,85844.58333,0.0,0.354166672,1.558333357,0.124941373,12.40058834804976,0.3457087898310719
2021-08-25,281.7958375,366.4625055,300.4291711,0.009408333,85894.16667,0.0,0.87916668,0.500000007,0.124816333,10.8485104539048,0.3871463286720395
2021-08-26,281.2250042,369.7458388,301.7000045,0.009558333,85771.25,0.0,0.87916668,0.829166679,0.124705304,8.859660974622074,0.3644573786120911
2021-08-27,277.3833375,371.3750055,301.8333378,0.008841666,85591.66667,0.0,-2.670833373,0.170833336,0.124594842,8.095938332177576,0.3338098940126723
2021-08-28,273.5416707,368.5708388,300.4041711,0.009208333,85608.33333,0.0,-3.36250005,-0.079166668,0.124469776,7.387129309869417,0.3782142329850497
2021-08-29,266.337504,369.2500055,300.0708378,0.010041666,85631.25,0.0,-0.200000003,0.695833344,0.124344111,5.894713108626513,0.4207757886302895
2021-08-30,252.0125038,378.245839,299.7625045,0.0102125,85574.16667,0.0,-2.583333372,0.283333338,0.124233037,5.624201730991963,0.4355477709537317
2021-08-31,249.145837,379.258339,298.0458378,0.011229166,85372.08333,0.0,-1.320833353,0.970833348,0.124107958,4.798972664436292,0.5294451285742967
2021-09-01,263.1333373,374.3916722,293.0250044,0.014383333,85341.66667,15.00000022,0.291666671,1.533333356,0.123996886,96.54816317516465,0.9226709120951572
2021-09-02,208.8500031,376.4708389,293.629171,0.0131375,85629.58333,4.00000006,0.625000009,0.054166667,0.12387184,67.03109583055571,0.8142854250194097
2021-09-03,276.4750041,355.2083386,295.6750044,0.0121125,85690.41667,0.0,0.745833344,0.941666681,0.123760768,62.08273892679487,0.6620461827334445
2021-09-04,271.7833374,358.7000053,298.3750044,0.0115875,85679.58333,0.0,0.666666677,1.033333349,0.123635706,40.48194560778673,0.537561271542816
2021-09-05,273.3958374,366.3625055,299.8291711,0.010495833,85783.75,0.0,0.170833336,-0.045833334,0.123524652,28.092804040858024,0.4469540146724812
2021-09-06,273.1458374,360.991672,298.8708378,0.010429166,85952.5,0.0,-1.275000019,0.770833345,0.123399617,16.798622489771923,0.4711512375937262
2021-09-07,273.4833374,359.466672,299.4666711,0.011291666,85835.41667,0.0,0.804166679,0.100000001,0.12328855,12.920022236136225,0.491619711370988
2021-09-08,271.200004,355.216672,300.7583378,0.009108333,85824.16667,0.0,-1.058333349,0.941666681,0.123163515,9.377993066257195,0.367286899178263
2021-09-09,274.0791708,351.4083386,301.6416712,0.0084625,85961.66667,0.0,-3.945833392,0.883333346,0.123037803,9.039266253354503,0.3244966548595238
2021-09-10,269.375004,348.4791719,301.2708378,0.007070833,85984.58333,0.0,-3.000000045,0.783333345,0.122926727,7.440730285976298,0.2771700869980713
2021-09-11,266.1208373,355.9750053,300.3041711,0.00725,86047.08333,0.0,0.86666668,0.816666679,0.122801686,5.778498711154184,0.3010816265710304
2021-09-12,269.1291707,343.1916718,300.5458378,0.006991666,85936.25,0.0,0.362500005,0.258333337,0.122690598,4.944339880610385,0.2858652745715567
2021-09-13,267.450004,338.9041717,300.6458378,0.005766667,85790.41667,0.0,0.704166677,0.695833344,0.12256549,4.172805177670021,0.2339932934324647
2021-09-14,264.3958373,343.0875051,300.2583378,0.006891666,85734.16667,0.0,1.575000023,-0.47083334,0.122454372,6.794010726635776,0.2859344514371
2021-09-15,265.1458373,329.3958382,299.5083378,0.006720833,85697.91667,0.0,1.712500026,-0.920833347,0.122329337,5.942898208291636,0.2914207637600057
2021-09-16,261.6500039,329.3125049,298.6583378,0.005691667,85599.16667,0.0,1.737500026,-0.195833336,0.122315845,5.414509067613342,0.2593507694286481
2021-09-17,245.4041703,346.0458385,298.2291711,0.007025,85796.25,0.0,1.245833352,-0.287500004,0.122307139,4.7631321558357245,0.329216430714575
2021-09-18,245.8291703,352.6541719,297.9791711,0.008929166,85984.58333,0.0,1.391666687,0.68750001,0.122298455,4.275751310023884,0.4257285832516068
2021-09-19,246.5916703,370.1958388,296.1333377,0.0117,85812.5,0.0,2.066666697,0.720833344,0.122275211,3.683685743004657,0.6226933616513323
2021-09-20,255.7333371,335.725005,296.0333377,0.007366666,85743.33333,0.0,2.479166704,-0.295833338,0.122265874,3.495573231569671,0.3941521518419161
2021-09-21,256.9666705,320.9541714,296.4291711,0.0050125,86190.0,0.0,0.329166672,0.691666677,0.122257185,3.062951035459645,0.263152481249891
2021-09-22,253.6041704,320.0791714,297.4708378,0.005295833,86400.0,0.0,-3.700000055,-1.012500015,0.122248408,3.2014794561783604,0.2616223089052239
2021-09-23,233.9750035,326.9625049,297.2458378,0.0062375,85924.58333,0.0,-0.450000007,1.170833351,0.122240909,2.60368453807893,0.3106486814669408
2021-09-24,224.99167,345.6000051,294.2416711,0.008908333,85823.33333,5.100000076,0.350000005,-0.44583334,0.122226976,24.324224324075885,0.5327315877949683
2021-09-25,205.6875031,342.5125051,293.4625044,0.009058333,85927.91667,0.900000013,0.354166672,0.395833339,0.122214652,17.182805632886165,0.569292214657195
2021-09-26,162.6833358,354.779172,291.0250043,0.010416666,85909.58333,10.90000016,-0.779166678,0.079166668,0.122204885,50.6970122365688,0.7631264607165756
2021-09-27,183.6375027,352.5666719,288.804171,0.009895833,85842.08333,0.100000001,-0.212500003,0.966666681,0.122187798,43.57601226840513,0.8353148881854331
2021-09-28,215.8708366,347.9458385,290.191671,0.010783333,85600.41667,0.400000006,1.054166682,-0.166666669,0.122180575,38.65362721590242,0.8301260760117717
2021-09-29,218.7333366,331.1500049,290.9250043,0.009495833,85502.5,0.0,0.325000005,0.625000009,0.122169117,25.408071131249983,0.696788084929726
2021-09-30,220.9333366,331.4875049,290.3250043,0.007954166,85645.83333,2.70000004,-0.920833347,-1.116666683,0.12216115,34.389717366724454,0.6074514830346264
2021-10-01,237.7833369,302.9208378,289.4083376,0.005845833,85857.08333,0.0,-0.337500005,-0.150000002,0.122144687,21.119461338107463,0.4746576190901472
2021-10-02,235.2833368,295.2666711,291.6000043,0.005375,85995.83333,0.0,-1.687500025,0.554166675,0.122135585,14.299563450549517,0.3800483119566875
2021-10-03,233.9458368,311.5500046,293.5583377,0.006183333,85980.83333,0.0,-4.054166727,0.050000001,0.122122634,10.986499961634053,0.3865284955335131
2021-10-04,227.3125034,318.3250047,295.2375044,0.0067875,85944.58333,0.0,-4.89166674,-0.483333341,0.122113821,10.106726477223258,0.3822271662643778
2021-10-05,154.529169,349.2375052,293.0750044,0.009445833,85863.33333,4.400000066,-1.57916669,0.504166674,0.122102435,22.72396193879175,0.6077362700378393
2021-10-06,221.5708366,338.737505,291.004171,0.00975,85826.25,0.500000007,-2.562500038,0.933333347,0.122096263,20.72188740599228,0.7145395799500656
2021-10-07,207.7958364,317.3958381,292.9833377,0.006525,85820.41667,0.0,-0.008333333,1.57916669,0.122073438,14.060444286558637,0.4220172825157005
2021-10-08,200.562503,319.9125048,293.5208377,0.007366666,85869.58333,0.0,0.283333338,1.754166693,0.122070916,9.35568216913964,0.4609809151535767
2021-10-09,200.900003,317.4416714,291.1458377,0.008416666,85715.41667,0.0,3.154166714,0.154166669,0.122054497,5.715958209078314,0.6105058993474309
2021-10-10,228.8750034,268.9583373,288.1250043,0.004354167,85517.5,0.0,0.862500013,-1.033333349,0.122042504,6.227149156198005,0.3826463934821513
2021-10-11,223.9208367,265.8583373,288.5875043,0.0044,85266.25,0.0,0.208333336,2.691666707,0.122034007,4.933444778404873,0.3741297243909389
2021-10-12,203.237503,285.8958376,283.1416709,0.003875,84777.08333,0.400000006,5.895833421,4.541666734,0.122025655,4.719479743864979,0.4699572263668248
2021-10-13,224.3625033,237.7958369,281.4250042,0.003079167,85325.0,0.0,0.895833347,0.366666672,0.1220173,3.733217675366239,0.4225392762801996
2021-10-14,221.32917,249.408337,284.6458376,0.003554167,85512.91667,0.0,1.31250002,0.425000006,0.121994324,3.451490888668835,0.3929186271073952
2021-10-15,223.0583367,245.020837,286.3416709,0.003045833,85972.91667,0.0,-2.695833374,-2.854166709,0.121992245,3.619568296548493,0.3024537273508979
2021-10-16,215.6041699,259.0333372,289.954171,0.002645833,86103.33333,0.0,-8.275000123,-2.733333374,0.121883171,5.877206547167991,0.2080203359725367
2021-10-17,190.6666695,292.3958377,291.9625044,0.004508333,85965.0,0.0,-6.150000092,0.22916667,0.121769404,4.533572078991153,0.311436282717249
2021-10-18,209.0875031,305.3041712,289.0708376,0.005304167,85576.66667,0.0,1.845833361,1.516666689,0.121666701,3.314772248216173,0.438715849138685
2021-10-19,150.5625022,331.7958383,286.3583376,0.006154167,85522.08333,0.0,2.008333363,0.87916668,0.12154966,2.367582149524454,0.6072409412905772
2021-10-20,204.5083364,291.4000043,287.8125043,0.0049,85897.91667,0.0,-0.633333343,1.083333349,0.121431974,2.8946213385670534,0.4414259039009635
2021-10-21,207.3916698,268.0958373,290.991671,0.0041,86097.91667,0.0,-1.016666682,0.800000012,0.121314285,2.6264398250394287,0.3016638772602321
2021-10-22,197.0625029,283.5541709,292.016671,0.004070833,85882.08333,0.0,-0.087500001,0.908333347,0.121211222,2.6823439024064166,0.2799837692616693
2021-10-23,200.3833363,274.6666708,289.8458377,0.0045625,85453.75,0.0,1.379166687,0.441666673,0.121094168,2.5098185197570557,0.3584889818757869
2021-10-24,194.3833362,282.8833375,289.0500043,0.0052,85406.25,0.0,0.666666677,0.425000006,0.120991106,2.476404056546985,0.4298214689135033
2021-10-25,195.0750029,293.116671,291.0875043,0.005566667,85604.16667,0.0,-0.966666681,2.416666703,0.120874056,2.6639510263346287,0.4047536195288876
2021-10-26,195.4666696,300.9458378,286.8375043,0.0067875,85317.91667,5.300000079,4.620833402,2.237500033,0.120756367,15.793198677103604,0.6473767501858825
2021-10-27,196.6083363,243.7875036,283.6083376,0.003704167,85874.16667,0.0,0.42083334,0.233333337,0.120653304,7.443800270060628,0.4409207858260651
2021-10-28,193.5083362,265.500004,287.3166709,0.003554167,86002.5,0.0,0.312500005,1.062500016,0.120536235,7.054121115524245,0.3311326066824355
2021-10-29,192.8916695,278.0208375,291.3833377,0.003641667,85877.5,0.0,-3.508333386,-1.383333354,0.120424294,7.8465734297754945,0.2606898068805716
2021-10-30,189.5708362,276.1708374,291.841671,0.003525,85698.33333,0.0,-1.404166688,0.412500006,0.120312718,5.370014922645567,0.2446115890111527
2021-10-31,183.2250027,278.4875041,290.3500043,0.004366667,85706.25,0.0,0.279166671,0.479166674,0.120213915,4.0728028011037765,0.3331801532255697
2021-11-01,179.5916693,277.4708375,289.4000043,0.004866667,85876.66667,0.0,0.24166667,0.704166677,0.12009213,3.1278673721963286,0.3954556900259131
2021-11-02,174.5708359,283.8083376,288.5125043,0.004229167,86078.75,0.0,0.354166672,-0.308333338,0.119983941,3.082298848680759,0.3648004226766594
2021-11-03,179.5750027,275.4416708,289.2125043,0.004029167,85990.41667,0.0,-0.212500003,0.412500006,0.119861769,2.592619129988125,0.3318219755637281
2021-11-04,178.6625027,270.8291707,290.554171,0.003516667,85904.58333,0.0,-4.545833401,-1.558333357,0.119753584,2.934051882772682,0.2654607792936285
2021-11-05,177.5166693,271.5958374,290.8750043,0.003975,85887.08333,0.0,-1.091666683,0.566666675,0.119646031,1.981037185719304,0.2939246266374173
2021-11-06,175.833336,279.2416708,291.8000043,0.003766667,85971.25,0.0,-0.495833341,0.841666679,0.119538482,1.9733728575587413,0.262905384686724
2021-11-07,167.1416692,277.5083375,291.2875043,0.003895833,85917.08333,0.0,-0.187500003,0.316666671,0.11941631,1.5715885109277767,0.280714175933304
2021-11-08,165.8208358,296.3208377,290.8750043,0.003829167,85917.08333,0.0,-0.404166673,1.066666683,0.119308121,1.998767207838293,0.2832401530920821
2021-11-09,160.6666691,272.9291707,289.4458376,0.003658333,86107.08333,0.0,0.058333334,0.820833346,0.119200572,1.4151187278310102,0.2971880067899445
2021-11-10,169.5875025,263.2000039,287.4333376,0.004320833,85913.75,0.0,0.266666671,-0.895833347,0.119093023,1.3223402645674136,0.3990861595475833
2021-11-11,170.5000025,259.4416705,288.829171,0.003325,85987.91667,0.0,-1.670833358,-1.945833362,0.118970847,1.6999083334208744,0.2806881808659388
2021-11-12,168.8250025,254.1041705,289.5333376,0.002870833,86121.25,0.0,-3.479166719,-3.287500049,0.118862662,2.3171029203702056,0.2319431424099408
2021-11-13,168.1625025,254.8208371,289.9208377,0.003045833,86219.16667,0.0,-1.408333354,-0.875000013,0.118755113,1.3678529588550514,0.2403044280964982
2021-11-14,167.6166692,258.1958372,290.3208377,0.003025,86237.5,0.0,-1.345833353,-0.383333339,0.118632937,1.301018102153304,0.2326740488592472
2021-11-15,165.4166691,258.6125039,290.1250043,0.002758333,86240.83333,0.0,-0.220833337,0.704166677,0.118524752,1.0407436097893308,0.2148466037739748
2021-11-16,163.9000024,251.7833371,289.379171,0.0028375,85932.91667,0.0,0.87916668,-0.379166672,0.118551163,1.0010835275786192,0.2310304670157596
2021-11-17,158.1333357,255.7250038,287.2291709,0.0026375,85704.16667,0.0,0.770833345,-0.854166679,0.118568775,1.0868830042313262,0.2462843840759329
2021-11-18,161.3916691,250.1583371,286.6666709,0.0026625,86094.16667,0.0,-4.591666735,-1.75833336,0.118600374,1.892601388849012,0.2591498599099823
2021-11-19,156.8375023,252.3833371,285.9333376,0.002666667,86149.58333,0.0,-5.295833412,-0.683333344,0.118617982,1.844731049648668,0.2726068102377776
2021-11-20,152.2666689,271.4541707,287.2625043,0.002983333,85909.16667,0.0,-0.341666672,1.158333351,0.118649581,1.0799061477126437,0.2786346663120925
2021-11-21,149.3750022,273.7375041,287.2083376,0.002729167,86039.58333,0.0,-4.637500069,-4.291666731,0.118681816,2.101265861965833,0.2561909935472505
2021-11-22,152.2833356,257.8708372,287.0125043,0.002475,86282.91667,0.0,-7.912500118,-2.595833372,0.118699428,2.3895834397087348,0.2360012454468387
2021-11-23,97.44166812,306.7875046,287.6083376,0.003695833,85822.5,0.200000003,-4.550000068,-0.508333341,0.118731027,1.4743072415133884,0.3371172740893119
2021-11-24,145.4208355,309.4333379,284.9375042,0.006083333,85577.5,0.800000012,0.86666668,0.362500005,0.118763262,1.824075224476908,0.6600381401328087
2021-11-25,150.1041689,270.4583374,282.7833375,0.002754167,86135.41667,0.0,-4.604166735,-3.800000057,0.118780871,1.7387375728533785,0.3477248117701886
2021-11-26,148.1125022,258.7875039,283.9416709,0.003458333,86223.33333,0.0,-6.29166676,-2.075000031,0.11881247,1.6055292838256034,0.4041518999011334
2021-11-27,149.3916689,254.7208371,284.2166709,0.0038375,85886.25,0.0,0.295833338,0.475000007,0.118830082,0.9361238400267908,0.4385280850687901
2021-11-28,149.2791689,250.5791704,286.3833376,0.0028375,86224.16667,0.0,-1.395833354,-0.029166667,0.118861681,0.9724172177332568,0.2818136000242701
2021-11-29,149.5541689,251.2000037,287.4333376,0.0029375,86204.58333,0.0,-0.412500006,-0.108333335,0.118893916,0.668267481728178,0.2722354903650483
2021-11-30,147.0250022,253.0083371,287.9750043,0.003170833,85933.33333,0.0,-1.179166684,-0.008333333,0.118911528,0.825759735578391,0.282757264891255
2021-12-01,145.1916688,260.1458372,288.5958376,0.002820833,86094.58333,0.0,-2.787500042,-0.854166679,0.118943123,1.2853322464227908,0.2420532796895624
2021-12-02,144.3833355,276.7125041,288.3125043,0.003054167,86123.33333,0.0,-0.708333344,0.637500009,0.118975358,0.9911543134658704,0.2670279877644812
2021-12-03,145.1958355,278.2958375,288.1208376,0.004804167,85939.58333,0.0,0.087500001,0.183333336,0.11899297,0.8622342255344652,0.4243914531751383
2021-12-04,145.3875022,262.2583372,286.5791709,0.004408333,85910.41667,0.0,0.312500005,0.387500006,0.119024569,0.6745827295909801,0.4306359402794241
2021-12-05,147.0041689,250.3000037,285.5208376,0.003875,85809.16667,0.0,0.183333336,-0.075000001,0.119056804,0.538172334278184,0.4055108093540083
2021-12-06,145.8791688,245.1916703,285.9125043,0.002954167,85823.33333,0.0,-0.237500004,0.487500007,0.119074412,0.5390904077508533,0.3012689160639994
2021-12-07,136.1916687,257.2750038,285.2375043,0.003420833,85594.16667,0.0,-0.095833335,-0.758333345,0.119106011,0.6415025082405043,0.3638794785729841
2021-12-08,117.4083351,273.1958374,284.5875042,0.003425,85660.0,0.0,-0.658333343,0.629166676,0.119123623,0.6774154997967723,0.3807738854440263
2021-12-09,88.42083465,292.366671,282.3083375,0.004758333,85426.66667,0.0,1.220833352,0.154166669,0.119155222,0.5427798480756835,0.6153917576921336
2021-12-10,126.4250019,308.8958379,279.9708375,0.006183333,85262.5,20.80000031,4.558333401,1.279166686,0.119187457,41.10974958583885,0.937507189297033
2021-12-11,146.6875022,230.4125034,277.8250041,0.003770833,85959.58333,0.0,-0.89166668,0.43333334,0.119205069,13.37110427565072,0.6700087526055453
2021-12-12,144.5791688,226.1208367,281.6875042,0.002995833,85840.83333,0.0,-4.545833401,0.129166669,0.119236665,34.09882916714199,0.4062069188647501
2021-12-13,137.9750021,249.4833371,283.7541709,0.003583333,85824.58333,0.0,-3.058333379,1.729166692,0.1192689,20.140723140842034,0.4221196079379376
2021-12-14,53.4125008,319.1375048,284.0125042,0.0054875,85841.66667,1.200000018,-2.866666709,2.154166699,0.119286512,12.34774102189657,0.6354132275204956
2021-12-15,140.8500021,283.0916709,278.6291708,0.004504167,85567.08333,2.200000033,2.725000041,1.516666689,0.119507574,18.22339547773896,0.7527343843153103
2021-12-16,142.4250021,225.6500034,277.8541708,0.003116667,85706.66667,0.0,-0.745833344,0.804166679,0.11960813,7.223820396022167,0.5510078040592096
2021-12-17,142.4208355,228.9708367,278.3125041,0.004204167,85496.25,0.0,0.512500008,0.004166667,0.119505608,4.62932224935673,0.7178375398722209
2021-12-18,147.2625022,201.4416697,277.9416708,0.001833333,85792.08333,0.0,-2.508333371,-2.208333366,0.119469206,7.0793152874800285,0.322443940585871
2021-12-19,142.2291688,224.85417,279.6708375,0.002141667,85949.16667,0.0,-5.112500076,-1.475000022,0.1194487,6.814901776951669,0.334237353880662
2021-12-20,142.9375021,233.3583368,280.9500042,0.002804167,86016.66667,0.0,-0.300000004,0.645833343,0.119426922,3.21512388902329,0.4008117918248877
2021-12-21,115.8000017,270.837504,283.6375042,0.0029,86054.58333,0.0,-0.375000006,0.037500001,0.119396239,2.839325637013129,0.3452430265335841
2021-12-22,134.5583353,271.650004,284.9583376,0.002620833,85885.41667,0.0,-0.066666668,0.66250001,0.119375733,3.4950136892921595,0.2849854736719988
2021-12-23,81.23333454,321.3250048,286.1208376,0.0026625,85726.25,0.400000006,-0.43333334,0.679166677,0.119369213,3.5939657428539884,0.2675039148876507
2021-12-24,67.29166767,338.9375051,281.9333375,0.005804167,85391.25,45.50000068,1.183333351,1.125000017,0.119362058,32.81635750627181,0.7698021890065259
2021-12-25,76.62500114,323.7333382,280.6000042,0.007279166,85433.33333,11.90000018,1.175000018,1.550000023,0.119349817,19.85419375721372,1.0586660443897935
2021-12-26,112.6875017,305.3916712,279.3833375,0.006129167,85445.0,0.0,1.204166685,0.929166681,0.119359828,21.843022654643388,0.9701976177228436
2021-12-27,119.2041684,264.8208373,277.9250041,0.005508333,85356.66667,0.0,-0.120833335,-1.141666684,0.119355852,11.040029293013369,0.9650169945349532
2021-12-28,45.98333402,299.4958378,275.5916708,0.005004167,84929.16667,3.000000045,3.15833338,0.47083334,0.126737766,5.338542322548179,1.0304020920064882
2021-12-29,69.28333437,308.0375046,275.9166708,0.0050625,84966.66667,9.900000148,3.300000049,1.270833352,0.260244379,14.83456145291368,1.0187576989523708
2021-12-30,62.60833427,313.645838,276.9541708,0.005179167,85345.41667,1.500000022,-0.170833336,0.895833347,0.271161881,12.90709756260198,0.9719531781945612
2021-12-31,77.63333449,322.5125048,278.3708375,0.0059,84968.33333,8.300000124,-1.833333361,0.262500004,0.218092287,22.27643280970233,0.9970649302938854
2022-01-01,108.1541683,291.029171,276.8125041,0.0052125,84743.33333,39.60000059,6.175000092,1.004166682,0.168783985,25.31680917445919,0.9811700253031956
2022-01-02,143.5958355,184.3500027,273.9041707,0.002283333,86195.41667,0.0,0.041666667,-0.033333334,0.157061259,0.6216845568770055,0.5393589816902561
2022-01-03,144.0250021,199.3291696,278.1166708,0.0026125,86138.75,0.0,-4.195833396,-0.683333344,0.148172213,23.735293506697456,0.455671833154992
2022-01-04,141.1375021,211.0000031,279.8333375,0.002916667,86055.83333,0.0,-0.354166672,0.141666669,0.137582452,2.4514716672670227,0.4506238850598783
2022-01-05,139.3375021,230.6583368,280.8708375,0.003191667,85852.91667,0.0,0.016666667,-0.033333334,0.130417653,2.9365905718226117,0.4578235121499142
2022-01-06,139.8083354,240.8958369,282.7166709,0.004691667,85678.33333,0.0,-0.112500002,-0.837500012,0.125407523,5.289088448444305,0.591873711409314
2022-01-07,140.1958354,244.2916703,283.7500042,0.0047,85478.33333,0.0,-0.762500011,0.825000012,0.122218275,5.220808285315112,0.551585081371757
2022-01-08,129.5125019,258.3166705,282.4083375,0.004333333,85440.83333,0.0,-0.004166667,-0.950000014,0.120717665,4.745025306575504,0.5567121120926961
2022-01-09,144.4708355,234.6750035,281.2625042,0.003541667,86155.83333,0.0,-2.783333375,-0.937500014,0.120095073,4.584398838776943,0.4962498897226839
2022-01-10,145.8333355,224.94167,282.3500042,0.002741667,86649.58333,0.0,-6.95416677,-2.079166698,0.119813259,5.80846079646332,0.3586334823566402
2022-01-11,147.0458355,226.6375034,281.4541709,0.0034875,86501.25,0.0,-4.758333404,-0.362500005,0.119654152,3.1944406361925566,0.4841993793533492
2022-01-12,149.4208356,219.5833366,282.3833375,0.002445833,86410.41667,0.0,-0.21666667,-0.304166671,0.119561167,1.2279829592443656,0.3183287521611997
2022-01-13,146.9583355,231.6958368,284.3083376,0.0028625,86337.08333,0.0,-0.212500003,0.004166667,0.11949997,0.9755802629707258,0.3268107591159088
2022-01-14,140.9208354,276.6500041,284.2416709,0.003641667,85928.75,0.0,-0.316666671,-0.041666667,0.119455304,2.7605279231124324,0.4156571065764036
2022-01-15,149.6458356,221.2333366,281.9500042,0.002445833,86109.16667,0.0,-2.479166704,-2.075000031,0.119450056,2.0434017660979715,0.3267435327266931
2022-01-16,152.4791689,220.9000033,281.9916709,0.002283333,86061.66667,0.0,-1.812500027,-1.104166683,0.119473055,1.590683729035674,0.3039992220244213
2022-01-17,124.2500019,253.0250038,282.9041709,0.0026125,85808.75,0.0,-0.716666677,0.091666668,0.119509947,1.042057004486974,0.3259032361591981
2022-01-18,97.83750146,290.1125043,281.4041709,0.004658333,85680.41667,0.800000012,0.129166669,-0.591666675,0.119535391,1.623447343038814,0.6428226002260957
2022-01-19,96.2666681,314.3375047,280.0875042,0.005483333,85693.33333,0.0,0.437500007,-0.516666674,0.119574189,1.80067778375218,0.8288298401118621
2022-01-20,154.841669,246.6291703,280.7750042,0.003916667,86007.91667,0.800000012,-2.2541667,-2.066666697,0.119598365,2.104882959483197,0.5665696611154334
2022-01-21,154.904169,227.6791701,280.3958375,0.002633333,85848.75,0.0,-1.112500017,-0.400000006,0.119636525,1.598206061640372,0.390325014267265
2022-01-22,67.57916767,270.9791707,280.3875042,0.003625,85396.25,0.200000003,-6.716666767,-1.470833355,0.119681046,1.773244925014826,0.5347910487653642
2022-01-23,148.8750022,273.5916707,280.0375042,0.0050125,85749.16667,8.100000121,-3.587500053,-0.670833343,0.119714755,24.87197053634637,0.7607925513100959
2022-01-24,158.1500024,237.7875035,280.7708375,0.003491667,85630.0,0.0,-0.412500006,-0.379166672,0.119752282,9.986082261989765,0.5030161813995255
2022-01-25,159.6250024,229.7583368,280.3208375,0.003979167,85421.25,0.0,0.316666671,0.604166676,0.119776458,7.353567414979131,0.5899314786617028
2022-01-26,164.7583358,222.1458366,278.6291708,0.002983333,85700.0,0.0,-0.058333334,-0.025,0.119812074,5.54002412896603,0.4993477480070762
2022-01-27,166.8041692,215.0750032,279.6250042,0.002516667,85872.91667,0.0,-0.354166672,0.287500004,0.119838793,4.625526579083958,0.3936684578793006
2022-01-28,168.8958359,207.3791698,279.0583375,0.001608333,86357.08333,0.0,-4.720833404,-1.675000025,0.119877588,6.765854327074829,0.2632193874367677
2022-01-29,166.7958358,214.9333365,281.0041709,0.0018125,86185.41667,0.0,-8.258333456,-1.77083336,0.119916387,6.389861640481052,0.2586092876816859
2022-01-30,97.39166812,292.3750044,282.7125042,0.003241667,85752.5,0.0,-2.466666703,-1.150000017,0.119940559,3.421247832069488,0.4094199856667417
2022-01-31,168.4708358,232.6625035,281.6875042,0.003395833,85792.91667,0.0,0.87916668,-0.637500009,0.119978722,2.503821144123372,0.4601861545141474
2022-02-01,110.2500016,279.0958375,281.0166709,0.002670833,85277.08333,0.0,-0.295833338,-0.112500002,0.120017521,2.1937488549291952,0.3767361153515263
2022-02-02,167.1500025,274.8416708,279.0333375,0.002304167,84799.58333,0.0,1.162500017,0.087500001,0.120041694,2.6660263776719297,0.3709471828767362
2022-02-03,177.4916693,186.3791694,273.5833374,0.0011375,85397.08333,0.0,-1.687500025,-2.291666701,0.120109103,1.4313725025017858,0.2725339723936801
2022-02-04,179.9291693,185.6541694,274.9458374,0.001020833,86316.25,0.0,-1.212500018,-1.858333361,0.120147262,1.2057056241132948,0.2238407159392907
2022-02-05,181.8666694,194.2166696,277.8750041,0.001516667,86327.5,0.0,-6.066666757,-1.966666696,0.120172709,2.1458158509278973,0.2696821389231057
2022-02-06,180.758336,208.2750031,279.6958375,0.001608333,85937.5,0.0,-0.25416667,-0.158333336,0.120196885,1.0866892833865047,0.2505322156350537
2022-02-07,180.3125027,216.3958366,280.1750042,0.001570833,86375.83333,0.0,-2.758333374,-1.158333351,0.120235045,1.601249401313791,0.2378800743395759
2022-02-08,182.9416694,219.1833366,281.6000042,0.002125,86261.25,0.0,-2.158333365,-0.67500001,0.120259221,1.3715083462734787,0.2912834815331952
2022-02-09,186.2333361,218.3083366,284.9958376,0.001675,85908.33333,0.0,-2.345833368,-1.920833362,0.12029738,1.868862919306452,0.1817302799565483
2022-02-10,185.0333361,234.1500035,285.5791709,0.002241667,85774.58333,0.0,-3.150000047,-2.67500004,0.120321556,2.3491219663201104,0.2335845093732993
2022-02-11,186.6583361,240.4708369,286.1166709,0.002683333,85758.33333,0.0,0.137500002,0.929166681,0.120359719,1.094099238737678,0.2697722350745408
2022-02-12,193.1333362,223.3708367,286.2541709,0.001741667,86013.75,0.0,-2.920833377,-3.175000047,0.120398514,2.214362325448976,0.1740336184427934
2022-02-13,192.4458362,226.6500034,285.5375043,0.001554167,86433.33333,0.0,-1.966666696,-1.370833354,0.120437313,1.3766814574882071,0.1636421323431204
2022-02-14,195.5458362,224.29167,285.8166709,0.00205,86139.58333,0.0,0.008333333,0.620833343,0.120472294,0.6952889934531352,0.2111679565623311
2022-02-15,198.1458363,217.2125032,285.6083376,0.001870833,85363.33333,0.0,-0.741666678,2.454166703,0.120499648,1.1629272812343625,0.1936331204023453
2022-02-16,82.07916789,283.5708376,278.9500042,0.003858333,84907.5,8.800000131,1.883333361,2.570833372,0.124441493,17.217213160445898,0.6255848263088832
2022-02-17,193.1833362,260.6833372,276.8416708,0.003841667,85640.0,0.100000001,0.170833336,-1.529166689,0.133605384,17.62407800920121,0.729264909345573
2022-02-18,200.200003,210.7041698,279.3041708,0.002083333,86135.83333,0.0,-0.195833336,0.104166668,0.130139448,8.809566639509956,0.3342849979363587
2022-02-19,201.650003,228.0416701,283.4333376,0.002183333,86018.33333,0.0,-4.512500067,-1.829166694,0.126529186,14.388101756934928,0.2634208516198789
2022-02-20,200.6041697,232.1666701,284.9500042,0.002116667,85670.0,0.0,-1.875000028,0.537500008,0.123884046,8.417236473685906,0.2297136498915802
2022-02-21,171.4250026,246.4625037,282.3541709,0.002570833,85157.5,0.0,2.875000043,0.800000012,0.12247868,5.613774533340399,0.3304023046487598
2022-02-22,133.7791687,307.6666713,278.6250042,0.004379167,85253.33333,0.0,2.554166705,1.637500024,0.121924455,3.1442655884483,0.7293745419391154
2022-02-23,126.9125019,303.8250045,276.5708375,0.004675,85109.58333,15.20000023,2.808333375,4.05000006,0.179664331,42.48862531507581,0.8991852386151576
2022-02-24,209.1916698,241.5708369,271.725004,0.0034375,85536.25,3.700000055,0.829166679,-0.358333339,0.57835058,10.19067952895506,0.9463647030987224
2022-02-25,212.7500032,209.3333365,276.7625041,0.00305,85784.16667,0.0,-1.445833355,0.679166677,0.500791048,9.822322978639225,0.5832427947130253
2022-02-26,213.1541698,218.8458366,278.7166708,0.003354167,85956.25,0.0,0.391666673,0.604166676,0.365827294,11.677967739518532,0.559645232934811
2022-02-27,217.0250032,208.5583364,280.3791708,0.001733333,86339.16667,0.0,-0.86666668,-0.104166668,0.270663485,15.922546675110985,0.2586889564102556
2022-02-28,209.8375031,240.7375036,285.8750043,0.002033333,86112.08333,0.0,-4.870833406,-0.670833343,0.200254477,49.77506321515051,0.2085764501885788
2022-03-01,227.1666701,267.187504,286.6916709,0.002091667,85910.83333,0.0,-3.037500045,-1.283333352,0.157413727,25.43992025400267,0.2028212509884889
2022-03-02,231.2333368,247.1166703,288.3583376,0.0025,85929.58333,0.0,-0.933333347,-0.058333334,0.135951076,11.516269249821692,0.2174367307559087
2022-03-03,213.6750032,269.5166707,290.6708377,0.0024875,85699.16667,0.0,-3.004166711,0.816666679,0.127011482,10.82196744088154,0.1859345621251776
2022-03-04,168.8833358,288.4500043,285.8625043,0.003020833,85382.91667,0.0,1.829166694,3.679166721,0.123916101,6.339058496521442,0.3075034758667855
2022-03-05,157.9125024,313.083338,279.4250042,0.005229167,85423.33333,3.600000054,2.616666706,1.200000018,0.12336887,13.180747961726208,0.8251205718276173
2022-03-06,227.6250034,278.5500042,277.2375041,0.003433333,85446.25,0.0,5.137500077,2.195833366,0.129121083,9.58072545677424,0.6322004901007081
2022-03-07,224.2375033,227.6541701,277.4500041,0.0028,85828.75,0.0,1.78333336,0.679166677,0.130022177,7.122965205511604,0.5101298852192976
2022-03-08,242.3833369,248.3666704,277.4750041,0.0021875,85605.0,0.0,-0.275000004,-1.291666686,0.126810347,7.773338748540221,0.3967953881211782
2022-03-09,244.0291703,218.3791699,279.5000042,0.002120833,85308.75,0.0,1.604166691,0.800000012,0.125165705,5.240671014039798,0.3324565286325696
2022-03-10,203.5583364,240.3875036,280.6458375,0.0022875,85113.75,0.0,1.929166695,0.816666679,0.124286637,4.037251703942245,0.3303958963134789
2022-03-11,246.995837,251.0791704,278.9791708,0.002370833,85542.08333,0.0,-1.583333357,-2.2416667,0.123934054,3.97576886582017,0.3864856923900455
2022-03-12,253.5208371,216.7250032,281.5958375,0.001729167,86203.33333,0.0,-2.329166701,-0.379166672,0.12376581,3.7000097062123514,0.236933400195845
2022-03-13,252.8250038,230.3500034,284.7000042,0.002041667,85772.5,0.0,-0.154166669,1.020833349,0.123521178,3.9870511837222784,0.2255757586227459
2022-03-14,253.9041705,234.4541702,284.7250042,0.0021625,85875.83333,0.0,1.433333355,-0.829166679,0.123478785,3.554747746502768,0.2388143805214992
2022-03-15,255.3375038,248.7875037,287.3041709,0.002329167,86172.91667,0.0,-1.391666687,0.583333342,0.123506068,3.711161894146654,0.2176105711880489
2022-03-16,255.8833371,252.0541704,288.5750043,0.002741667,85598.75,0.0,1.841666694,1.408333354,0.123556333,3.622577180056358,0.2342213300986076
2022-03-17,262.3375039,246.9041703,284.4333376,0.003520833,85427.5,0.0,-0.200000003,-1.908333362,0.12361033,2.869657677483429,0.3944176001619416
2022-03-18,264.7541706,230.1000034,285.5875043,0.001733333,85767.5,0.0,0.708333344,0.020833334,0.123675138,2.982137421706919,0.1805006428492724
2022-03-19,255.3333371,236.2666702,286.7916709,0.002041667,85800.0,0.0,-0.44583334,-0.083333335,0.123739944,2.872774059072784,0.1964210332812463
2022-03-20,119.4500018,277.4958375,285.8916709,0.002425,85207.08333,0.0,0.404166673,2.595833372,0.123804749,1.8195518992411572,0.2458672143272101
2022-03-21,246.595837,290.3125043,280.8375042,0.003829167,85062.08333,0.70000001,1.283333352,-0.895833347,0.12388418,3.322133893303719,0.5454623214217015
2022-03-22,266.737504,233.2000035,283.9583376,0.001954167,85499.16667,0.0,-1.433333355,-2.616666706,0.123949621,3.2552063601895167,0.2261984015334261
2022-03-23,274.7083374,224.8458367,283.9208376,0.001745833,85938.33333,0.0,-1.09583335,-1.816666694,0.12401443,2.969211648037456,0.2036345729695678
2022-03-24,273.8208374,237.1708369,287.1250043,0.0016125,85961.25,0.0,0.820833346,0.195833336,0.124093859,3.2433172707537103,0.1520585319015049
2022-03-25,273.4333374,261.2375039,291.266671,0.0024375,85886.66667,0.0,-0.083333335,0.500000007,0.124159299,3.727451534091324,0.1758041197659686
2022-03-26,258.7583372,273.8708374,293.4583377,0.002354167,85775.41667,0.0,-0.183333336,0.791666678,0.124238731,3.3585457797152216,0.1477289716905648
2022-03-27,264.5291706,265.1541706,292.7375044,0.002333333,85529.16667,0.0,0.966666681,0.704166677,0.124304172,3.15839074964902,0.1527361548231135
2022-03-28,146.5166688,294.5791711,290.3333377,0.0022625,85465.83333,0.200000003,0.837500012,1.741666693,0.124368981,2.2436738579374604,0.1723298165661108
2022-03-29,167.3291692,316.5000047,281.7416709,0.0058125,84995.41667,22.50000034,3.358333383,2.383333369,0.124448409,72.61342555991062,0.7774676735020735
2022-03-30,237.2208369,309.6083379,281.3583375,0.0060875,85291.66667,0.100000001,2.450000037,-0.708333344,0.124513854,46.36075474270758,0.8388653851978379
2022-03-31,270.3791707,273.9208374,285.4791709,0.0048875,85290.83333,0.0,1.10833335,-0.116666668,0.124578659,34.19728511439142,0.509786818442864
2022-04-01,289.316671,270.1416707,287.1166709,0.004475,85210.83333,0.0,1.31250002,-0.170833336,0.124643464,25.27146913962153,0.418536731940352
2022-04-02,288.1750043,278.6125042,289.441671,0.0044125,85632.08333,0.0,0.654166676,0.845833346,0.124708273,17.570055644189303,0.3565717276937605
2022-04-03,244.8791703,290.5583377,289.1083376,0.004220833,85482.91667,0.0,1.366666687,0.716666677,0.124787701,9.879760196757555,0.3478858006683458
2022-04-04,289.679171,292.991671,288.3250043,0.004133333,85116.66667,0.0,1.520833356,0.104166668,0.124853146,8.694906929764187,0.3568662670211638
2022-04-05,294.0375044,282.8291709,290.116671,0.0048125,85355.41667,0.0,3.14583338,-0.537500008,0.124917951,6.928917952314233,0.3711952941153738
2022-04-06,301.4000045,274.3791708,291.4458377,0.003979167,85632.91667,0.0,1.016666682,-1.508333356,0.124997379,6.684253390713973,0.2829154231228907
2022-04-07,309.4458379,239.5250036,290.4708377,0.001220833,86099.16667,0.0,-6.112500091,-6.562500098,0.125062824,8.015430464410628,0.0928578515889564
2022-04-08,310.5541713,246.7791703,291.9958377,0.001395833,85937.08333,0.0,-6.583333431,-4.425000066,0.125142252,7.374514665993301,0.096190454621026
2022-04-09,308.3583379,256.0583371,293.1500044,0.001716667,85555.83333,0.0,-1.487500022,1.158333351,0.125207697,5.026767213136184,0.1095381218842744
2022-04-10,305.0208379,266.875004,290.5625043,0.003066667,85089.58333,0.0,3.441666718,0.962500014,0.125272502,4.5031310699335085,0.229173723215139
2022-04-11,304.2000045,269.550004,288.2500043,0.004554167,85024.58333,0.0,4.704166737,2.070833364,0.125337307,3.871392936115973,0.3946940225994671
2022-04-12,267.212504,276.7291708,285.2875043,0.0048125,84928.75,0.0,6.400000095,3.195833381,0.125416739,3.222279437905891,0.5062456669957697
2022-04-13,320.4750048,209.5708365,281.0833375,0.001058333,85389.58333,0.0,3.287500049,0.004166667,0.125477749,2.8927843122532586,0.1487958047515646
2022-04-14,316.1125047,229.6208368,284.6041709,0.001229167,85558.33333,0.0,1.641666691,0.20416667,0.125550262,3.053487450814055,0.1363380957422755
2022-04-15,314.3666714,240.8166703,288.0125043,0.001875,85383.75,0.0,1.687500025,-0.079166668,0.125616271,3.2263674832727367,0.1657274569265151
2022-04-16,306.0458379,263.6375039,290.0458377,0.001975,85575.83333,0.0,2.387500036,0.900000013,0.125687372,3.5597029849966324,0.1534226983096329
2022-04-17,324.4291715,251.7541704,290.541671,0.002583333,85845.83333,0.0,2.095833365,0.004166667,0.125759356,3.39868531589758,0.195028865766543
2022-04-18,323.2500048,254.9875038,293.4083377,0.00215,85768.75,0.0,0.641666676,1.266666686,0.125849084,3.516479404038489,0.1353281279937383
2022-04-19,306.3291712,278.3791708,294.3875044,0.001933333,85531.25,0.0,2.533333371,0.720833344,0.125910283,3.867459308986584,0.1141860831122137
2022-04-20,319.2333381,273.5291707,291.9833377,0.001833333,85314.58333,0.0,4.633333402,1.80833336,0.125984825,4.369573761881105,0.1255235246600332
2022-04-21,319.6458381,274.5125041,291.429171,0.002870833,85538.75,0.0,1.525000023,1.637500024,0.126059997,3.4054584534333205,0.204104849351904
2022-04-22,318.8458381,274.3125041,289.2500043,0.003408333,85324.16667,0.0,2.750000041,3.200000048,0.126135179,3.3849351509279773,0.2778455928583327
2022-04-23,322.7708381,261.1000039,285.0041709,0.002891667,85433.75,0.0,3.57916672,0.316666671,0.126210356,2.794786604628154,0.3118268323459434
2022-04-24,332.9458383,239.8000036,287.0166709,0.002083333,85462.91667,0.0,0.600000009,-1.083333349,0.126285543,2.8908577697383846,0.1967124693023321
2022-04-25,337.950005,235.8333368,289.7333377,0.001541667,85753.33333,0.0,-2.550000038,-2.120833365,0.126360675,3.406854505517411,0.1224392438922305
2022-04-26,307.7000046,271.8333374,293.2208377,0.0030625,85734.58333,0.0,-4.933333407,0.725000011,0.126435865,4.053578213198493,0.194956848507022
2022-04-27,330.9750049,272.9833374,293.6000044,0.0027125,85482.08333,0.0,1.779166693,1.479166689,0.126496432,3.762038450747728,0.1681412310638304
2022-04-28,333.8083383,261.8458372,291.3375043,0.002345833,85400.41667,0.0,2.104166698,1.008333348,0.126585596,3.5759507182862467,0.1674803647357118
2022-04-29,336.1416717,258.5583372,290.291671,0.003020833,85325.0,0.0,3.841666724,0.637500009,0.126646748,3.667185299340574,0.2303241450508883
2022-04-30,335.2708383,261.0583372,292.3375044,0.002279167,85407.5,0.0,1.870833361,-0.041666667,0.126721309,3.702346879225166,0.1527703019982321
2022-05-01,346.5333385,265.325004,292.9875044,0.002058333,85166.66667,0.0,2.845833376,1.104166683,0.126796454,4.200642891295951,0.1320781807442186
2022-05-02,343.3875051,275.6000041,291.766671,0.003083333,85319.58333,0.0,4.075000061,1.450000022,0.126871579,4.092799441418348,0.2140292956032927
2022-05-03,341.3625051,285.9375043,291.7833377,0.003579167,85346.66667,0.0,2.545833371,1.179166684,0.126946769,3.736828482224097,0.2482647349247996
2022-05-04,349.1958385,267.6166707,290.854171,0.003291667,85353.75,0.0,2.975000044,0.279166671,0.127022254,3.4679692529462023,0.2422063610249571
2022-05-05,350.9000052,265.7666706,292.0375044,0.002395833,85642.08333,0.0,0.67500001,-0.145833336,0.127094317,3.847479305146023,0.1641042949213934
2022-05-06,348.7458385,273.5333374,294.4791711,0.00285,85711.66667,0.0,1.800000027,0.304166671,0.127167688,3.62051977870401,0.1677264930581399
2022-05-07,342.8000051,286.8166709,295.2250044,0.00275,85507.08333,0.0,2.666666706,0.016666667,0.127248864,3.72982939159156,0.1541920639120213
2022-05-08,347.7583385,285.7041709,293.5625044,0.003604167,85095.41667,0.0,4.783333405,2.71250004,0.127315321,3.806271688019491,0.2229233203337415
2022-05-09,348.9041719,277.8041708,290.7083377,0.0033125,85101.25,0.0,4.962500074,2.545833371,0.127398176,3.331738245297794,0.2452866584177039
2022-05-10,347.8541719,282.4083375,291.166671,0.0029,85501.25,0.0,2.300000034,0.820833346,0.127458475,3.1165544451124347,0.2095494657660337
2022-05-11,331.0458383,287.9833376,291.8583377,0.003020833,85576.25,0.0,1.175000018,1.550000023,0.127547537,3.0694443269447853,0.2091068269734491
2022-05-12,366.1250055,249.5208371,289.5250043,0.001608333,85813.33333,0.0,2.116666698,0.570833342,0.127608685,2.938091526097159,0.1295468610883563
2022-05-13,364.2375054,245.7375037,292.116671,0.0013375,85801.25,0.0,1.14583335,1.220833352,0.12768908,3.084126573715645,0.0913261905719677
2022-05-14,365.3458388,259.3791705,296.1833377,0.002091667,85787.08333,0.0,0.683333344,0.637500009,0.127758677,3.49367463713537,0.1109495807586123
2022-05-15,354.2750053,275.8375041,298.9791711,0.001833333,85678.75,0.0,0.825000012,0.70000001,0.12783459,3.6315960257579984,0.0820262496908713
2022-05-16,364.3541721,277.9375041,298.0125044,0.002,85546.66667,0.0,2.212500033,0.645833343,0.127872455,3.726831188710261,0.094680910520661
2022-05-17,357.9583387,289.1375043,296.8666711,0.002579167,85577.08333,0.0,1.908333362,0.716666677,0.127895055,3.640538602567923,0.1309088893043207
2022-05-18,357.7958387,294.2958377,296.6875044,0.0028625,85723.75,0.0,1.604166691,0.720833344,0.127917011,3.757198140433951,0.1471329269054845
2022-05-19,357.329172,295.5958377,295.9125044,0.003158333,85551.25,0.0,2.108333365,0.812500012,0.127953613,3.722009372090352,0.1698585389168269
2022-05-20,355.0458386,290.8750043,293.8625044,0.00345,84992.91667,0.0,4.812500072,1.737500026,0.127976218,3.6788133332767674,0.2091867436326367
2022-05-21,352.3708386,310.0541713,292.416671,0.004725,85277.08333,0.0,3.704166722,1.812500027,0.128012821,3.372662696697957,0.3146572770311746
2022-05-22,349.7666719,305.2541712,293.6375044,0.004241667,85692.08333,0.0,1.637500024,1.391666687,0.128035384,3.640335222976928,0.2629613354009247
2022-05-23,351.8166719,306.3916712,294.1333377,0.002766667,85535.83333,0.0,3.037500045,0.950000014,0.128071999,3.8868302599914286,0.1660084368716145
2022-05-24,365.0541721,284.4166709,294.1958377,0.002754167,85283.33333,0.0,1.958333363,-2.179166699,0.128094646,3.8490577669132784,0.1641328600166177
2022-05-25,364.5166721,283.5416709,296.2000044,0.00235,85436.66667,0.0,2.133333365,0.479166674,0.128131251,4.154410525928771,0.1240170193076127
2022-05-26,357.666672,302.7208378,298.6291711,0.003095833,85621.66667,0.0,1.816666694,0.408333339,0.128153846,4.475089834305445,0.141351015940026
2022-05-27,357.479172,314.1791713,298.8583378,0.003833333,85765.0,0.0,2.491666704,0.220833337,0.128175833,4.493037915697439,0.1729273593139967
2022-05-28,357.316672,306.2375046,297.1750044,0.00315,85444.58333,0.0,2.958333377,0.712500011,0.128212403,4.263469618556767,0.156675391678477
2022-05-29,341.8083384,296.1250044,293.5708377,0.003995833,84727.5,22.90000034,4.120833395,2.162500032,0.128235008,217.72836587241017,0.2459521129615716
2022-05-30,363.9333388,289.2708376,292.4333377,0.004675,84955.41667,0.0,4.233333396,2.145833365,0.128271591,29.171609387717027,0.3098283029480108
2022-05-31,364.8916721,285.5375043,293.5458377,0.003658333,85170.83333,0.0,2.391666702,1.333333353,0.128294217,16.273311534199017,0.2267095362993636
2022-06-01,354.4333386,292.929171,295.8583377,0.003554167,85396.66667,0.0,1.458333355,0.825000012,0.128330811,11.487823186068216,0.1914353080187981
2022-06-02,355.8583386,296.4333378,297.0416711,0.002766667,85450.83333,0.0,1.670833358,0.412500006,0.128353406,8.21838963185785,0.1387364841831444
2022-06-03,352.7875053,299.6416711,297.6291711,0.002854167,85387.08333,0.0,2.304166701,0.845833346,0.128390011,5.779642242713937,0.1380200530077445
2022-06-04,353.9166719,298.0583378,296.6583378,0.003479167,85438.75,0.0,2.245833367,1.170833351,0.128412149,6.927364339889495,0.178551771068368
2022-06-05,349.0166719,307.0416712,296.6333378,0.0043125,85378.75,0.0,2.620833372,0.729166678,0.128432529,6.006581062558031,0.221499990544664
2022-06-06,346.4333385,322.2250048,297.7458378,0.00575,85373.75,0.0,2.645833373,0.454166673,0.128467485,5.616390459140775,0.2760601115275441
2022-06-07,346.7625052,330.9583383,299.1458378,0.0060125,85457.08333,0.0,2.287500034,0.666666677,0.12850308,5.554826448830854,0.2656544238300472
2022-06-08,345.9958385,344.4333385,300.6291711,0.0057625,85544.58333,0.0,1.516666689,0.220833337,0.128524049,5.969598963086098,0.2333836928255051
2022-06-09,215.1708365,349.3750052,301.4416712,0.005175,85621.66667,0.0,1.275000019,1.129166683,0.128559004,3.510486519228188,0.1999830818576964
2022-06-10,340.8166717,352.6625053,302.9333378,0.00625,85691.66667,0.0,1.754166693,1.458333355,0.128579976,5.144470489643033,0.2215750142622062
2022-06-11,344.8625051,355.9250053,303.5625045,0.005933333,85686.25,0.0,1.787500027,0.033333334,0.128614932,5.486494090865895,0.2028133894241649
2022-06-12,347.9083385,349.2750052,302.7916712,0.006029167,85570.0,0.0,3.562500053,0.179166669,0.1286359,5.168520654698783,0.2152050424676071
2022-06-13,349.7791719,336.0291717,300.8875045,0.006554167,85425.41667,0.0,4.812500072,1.745833359,0.12867086,4.855374568411079,0.2610686253164532
2022-06-14,353.9000053,327.1666715,298.6541711,0.0055,85420.0,0.0,4.125000061,1.408333354,0.128691828,4.641664146249735,0.2501550223418128
2022-06-15,357.579172,309.5750046,299.0166711,0.004591667,85504.16667,0.0,1.962500029,0.679166677,0.128726784,4.848843778486828,0.2045608657594116
2022-06-16,354.5583386,321.9291715,301.9041712,0.0027875,85579.58333,0.0,1.012500015,1.125000017,0.128846943,5.69247384216923,0.1047899217024447
2022-06-17,318.0125047,359.1000054,302.3750045,0.0041,85516.66667,0.0,1.062500016,1.508333356,0.128956156,5.769393433073962,0.1498423276579857
2022-06-18,224.3458367,368.5375055,298.3250044,0.008195833,85617.08333,7.300000109,0.062500001,2.68750004,0.12907936,51.12616620052091,0.3810823551990441
2022-06-19,334.0833383,354.591672,295.0333377,0.010133333,85675.41667,1.900000028,-1.079166683,1.925000029,0.129188573,46.56467982179418,0.5760520639813245
2022-06-20,351.6625052,322.8333381,297.3166711,0.0049375,85743.33333,0.0,1.929166695,1.091666683,0.129326397,24.21695194635849,0.2443350845862598
2022-06-21,305.0208379,339.8000051,299.4250045,0.004804167,85852.5,0.0,0.266666671,0.395833339,0.129436245,19.445478939778475,0.2097267112588244
2022-06-22,315.083338,384.0041724,297.9875044,0.009408333,85977.5,0.0,-5.600000083,0.104166668,0.129559446,9.273077602881074,0.4483124490057911
2022-06-23,328.0500049,369.6458388,300.5958378,0.00935,85754.16667,0.0,-1.958333363,0.304166671,0.129668659,10.890783393973168,0.3803545743199442
2022-06-24,329.2666716,368.7625055,299.2958378,0.008529166,85739.58333,2.600000039,-1.104166683,-0.933333347,0.129791863,28.536309140359705,0.3747265820528311
2022-06-25,324.7625048,363.0083387,298.7833378,0.008233333,85793.33333,0.0,0.108333335,-0.220833337,0.129901076,16.597519711518792,0.3732122625576194
2022-06-26,266.2916706,375.8875056,297.4958378,0.009329166,86049.16667,8.70000013,-4.308333398,-1.695833359,0.130024276,107.90000694685982,0.4583103596255836
2022-06-27,320.2000048,368.3625055,294.7500044,0.011408333,86292.5,1.000000015,-3.520833386,-0.466666674,0.130148112,39.6654735267585,0.664721793505597
2022-06-28,332.0416716,368.4000055,297.3750044,0.010795833,86191.25,0.300000004,-5.366666747,-1.075000016,0.130271949,22.745741662216545,0.535135907183012
2022-06-29,327.9083382,376.7333389,299.9375045,0.009816666,86089.16667,0.0,-2.925000044,1.10833335,0.130381162,15.84671634017854,0.4168310334493352
2022-06-30,282.3333375,387.3208391,298.1416711,0.010595833,86043.33333,0.400000006,1.233333352,0.370833339,0.130504365,16.70989694807575,0.5006161245326974
2022-07-01,302.1583378,377.333339,298.9791711,0.01065,85876.66667,0.0,1.225000018,1.075000016,0.130628202,12.051336000849638,0.4775987315566971
2022-07-02,243.7791703,383.7541724,298.4583378,0.010016666,85721.66667,0.0,1.083333349,0.67500001,0.130737415,8.722455886250295,0.4625958513225615
2022-07-03,321.8458381,365.5166721,300.1625045,0.008975,85599.16667,0.0,-0.21666667,1.916666695,0.130860615,8.75843747618527,0.3739015345988287
2022-07-04,309.6000046,367.4708388,299.4625045,0.007220833,85655.41667,0.0,1.291666686,1.845833361,0.130969828,7.46041890715834,0.3138012407183944
2022-07-05,311.9541713,373.5791722,297.7708378,0.0107625,85754.58333,3.600000054,-0.44583334,0.200000003,0.131093029,34.09386549504711,0.5182350485352818
2022-07-06,322.2583381,348.4208385,298.2166711,0.008733333,85799.16667,0.0,0.19166667,1.12083335,0.131216865,13.695100066598696,0.4095966374954544
2022-07-07,327.2958382,339.9666717,299.8333378,0.005479167,85857.5,0.0,1.804166694,1.275000019,0.131340704,11.609971849855736,0.2334673739486905
2022-07-08,325.6000049,347.8166718,301.8708378,0.006154167,85958.33333,0.0,1.000000015,0.141666669,0.131449918,11.15284672676318,0.2328296432279567
2022-07-09,298.4125044,370.2833389,303.0458378,0.007666666,86128.75,0.0,-0.641666676,1.533333356,0.131573118,8.074521085298963,0.2714085030219569
2022-07-10,311.0875046,379.5041723,300.3083378,0.009841666,86216.25,0.400000006,-2.004166697,-0.116666668,0.131682331,7.911305236860619,0.4094121727471774
2022-07-11,302.3000045,374.2500056,303.4291712,0.008145833,85834.16667,0.400000006,0.570833342,1.237500018,0.131805531,9.460965835120504,0.2810786310284114
2022-07-12,304.8250045,384.9000057,302.3333378,0.009195833,85761.25,0.400000006,-0.541666675,-0.520833341,0.131929367,11.190837157014638,0.3378597973265516
2022-07-13,306.5541712,385.0791724,301.1458378,0.009733333,85885.41667,1.700000025,-2.812500042,-0.775000012,0.132053207,15.332770831177548,0.3839079054689758
2022-07-14,300.0250045,389.8875058,302.0500045,0.0101375,85905.0,0.300000004,0.066666668,1.141666684,0.13216242,15.35423532056221,0.3792998707492919
2022-07-15,294.1458377,397.3166726,300.3000045,0.0117125,85986.25,19.50000029,-0.004166667,0.358333339,0.132285621,131.32968797283155,0.4861785568622296
2022-07-16,301.2958378,389.4250058,302.3583378,0.0109875,85852.08333,3.000000045,1.508333356,-0.441666673,0.132099221,98.88537811411857,0.4035258460641788
2022-07-17,305.2458379,389.2958391,302.3250045,0.0104875,85673.75,1.900000028,0.962500014,-0.195833336,0.13188471,66.64693206057053,0.385110197153384
2022-07-18,301.6916712,390.9416725,301.4125045,0.011945833,85880.83333,0.200000003,1.308333353,0.633333343,0.131684187,37.423480510884254,0.4638261360632554
2022-07-19,307.1458379,392.1291725,302.8125045,0.011645833,85910.0,0.0,2.812500042,0.533333341,0.131484299,18.931751255888518,0.4168333203516294
2022-07-20,266.037504,389.9375058,301.9750045,0.0111375,85972.08333,0.0,1.008333348,0.766666678,0.131284411,11.02962545618476,0.4188721256975899
2022-07-21,306.0458379,386.8958391,302.0875045,0.01125,85855.83333,0.0,0.725000011,0.158333336,0.131084523,14.133862489833408,0.4197634938557127
2022-07-22,308.2416713,390.0833391,302.6625045,0.010033333,85661.25,0.800000012,0.616666676,-0.245833337,0.130870012,17.058062046008878,0.3612125651258774
2022-07-23,301.3375045,398.2666726,302.2958378,0.011304166,85734.16667,1.400000021,0.575000009,1.341666687,0.130669492,19.895732288489366,0.4160984360486022
2022-07-24,299.6458378,391.9083392,300.2625045,0.011604166,85789.16667,0.0,2.370833369,1.404166688,0.130469604,10.76097278385393,0.4816455859107053
2022-07-25,270.300004,386.6375058,297.0916711,0.013433333,85859.58333,1.000000015,1.762500026,1.058333349,0.130273757,11.71896324500134,0.6747963183072719
2022-07-26,228.7833367,405.1041727,296.5541711,0.013575,85829.16667,0.0,1.12083335,0.833333346,0.130062887,9.492527972940785,0.7043085396768832
2022-07-27,234.9625035,388.7375058,296.3833377,0.013304166,85884.16667,2.100000031,1.970833363,0.566666675,0.129866004,16.307347675718972,0.6979281129006739
2022-07-28,217.4958366,397.9291726,296.0500044,0.013629166,85799.16667,2.70000004,0.391666673,0.745833344,0.129669731,27.662191622254888,0.7289576705653271
2022-07-29,228.8000034,375.9041723,295.4166711,0.0144,85813.75,0.0,0.016666667,0.91666668,0.129458887,15.55215718173645,0.8008077254594146
2022-07-30,267.287504,384.0416724,297.8583378,0.013725,85878.33333,0.600000009,0.100000001,0.804166679,0.129247393,17.96749461897096,0.6583549316232425
2022-07-31,283.5375042,387.9625058,296.3875044,0.0135625,86065.0,9.200000137,0.112500002,0.895833347,0.12905051,83.99975785127391,0.7127970572129265
2022-08-01,289.979171,392.3250058,298.1958378,0.013741666,86071.66667,0.0,1.354166687,0.108333335,0.128854277,50.9185895675248,0.647346799431164
2022-08-02,294.0083377,390.9250058,299.8333378,0.012995833,85935.0,0.0,1.80833336,0.279166671,0.12865803,27.6981993942179,0.5542524550857109
2022-08-03,285.6416709,380.458339,299.7666711,0.012116666,85792.91667,0.0,1.729166692,0.0,0.128447162,14.6890683671639,0.5179502935159663
2022-08-04,290.9958377,388.7458391,297.4000044,0.013108333,85810.41667,8.900000133,0.595833342,0.512500008,0.128235648,83.08619922227007,0.6459147210802517
2022-08-05,304.1166712,379.0250056,297.8375044,0.012470833,85906.25,0.0,1.712500026,0.787500012,0.128038725,48.77484812017369,0.5991422806296217
2022-08-06,301.7916712,382.3541724,300.1541711,0.0105,85804.58333,0.100000001,1.304166686,1.112500017,0.127842461,27.66297313250107,0.4386998309261039
2022-08-07,274.9000041,384.1666724,300.2750045,0.0110875,85898.33333,1.900000028,0.20416667,-0.066666668,0.127631585,29.89509873813198,0.4604454690279818
2022-08-08,238.1291702,387.4625058,298.1708378,0.011570833,85987.08333,1.400000021,0.758333345,0.508333341,0.127434709,24.26338967177633,0.5453662981493406
2022-08-09,287.3375043,391.2958392,296.8666711,0.012675,85977.91667,2.100000031,-1.387500021,0.100000001,0.127238441,34.89753744545504,0.6463489975590202
2022-08-10,191.5000029,395.7791726,298.4541711,0.012316666,86072.08333,1.100000016,-0.304166671,0.91666668,0.127027592,19.93608454529068,0.5712839581647865
2022-08-11,206.3125031,398.7708393,298.0250044,0.0121875,86135.83333,14.10000021,-1.887500028,0.504166674,0.126830724,113.15764495084642,0.5804982167884273
2022-08-12,230.5625034,384.7583391,298.4000044,0.0123,86037.5,4.300000064,-1.412500021,-1.495833356,0.126619842,92.15959482510762,0.572139253548303
2022-08-13,248.0250037,390.0416725,296.2583377,0.0126875,86055.41667,10.90000016,-0.68750001,0.745833344,0.126422944,113.50129767944196,0.6720112500406861
2022-08-14,234.5708368,399.437506,295.5791711,0.0143125,85982.08333,16.50000025,0.075000001,-0.016666667,0.12622673,103.58233310233832,0.7895848721328477
2022-08-15,249.0750037,390.0041725,296.8416711,0.0125,85755.41667,0.100000001,0.933333347,0.691666677,0.126015886,64.2406708916436,0.6367420324549862
2022-08-16,275.7166708,389.9166725,298.4750044,0.011941666,85652.5,0.0,1.137500017,0.929166681,0.12588658,45.34816581087102,0.5505014630832762
2022-08-17,261.6041706,391.5208392,298.8500045,0.012191666,85751.25,1.800000027,-0.770833345,-0.583333342,0.125775485,39.10799196874603,0.5501703140948088
2022-08-18,260.2375039,399.9833393,296.6958378,0.013545833,85805.41667,6.900000103,-3.550000053,-0.670833343,0.125665078,91.05236354988162,0.6965678816653287
2022-08-19,215.6875032,397.2041726,295.8208377,0.0132,85640.83333,7.500000112,-3.987500059,-1.387500021,0.125540006,103.81803257153216,0.714653479180182
2022-08-20,223.5875033,372.7000056,293.7000044,0.0141625,85602.08333,4.900000073,-0.508333341,0.308333338,0.125414285,66.66592226232567,0.8736717353687588
2022-08-21,240.9708369,377.183339,294.1833377,0.015633333,85875.83333,8.70000013,0.412500006,0.550000008,0.125303204,96.79239573258326,0.9388590430539666
2022-08-22,275.0416708,373.6375056,295.6125044,0.012741666,85875.0,0.0,0.483333341,0.529166675,0.125178185,67.9701151318613,0.7006160277210065
2022-08-23,259.9125039,383.4875057,297.2458378,0.012725,85710.83333,0.400000006,-0.19166667,0.066666668,0.125052509,45.62777252217203,0.6321716702880381
2022-08-24,272.6583374,382.6375057,297.0208378,0.011983333,85730.41667,0.0,-3.35000005,0.262500004,0.124941438,28.729625611228165,0.6036415103645161
2022-08-25,241.4833369,386.9833391,298.0000044,0.01155,85910.83333,4.200000063,-2.983333378,0.754166678,0.124816385,56.77098031738631,0.5495234400435437
2022-08-26,199.7791696,404.550006,297.8750044,0.0128875,85901.25,0.0,1.041666682,0.804166679,0.12470524,23.858414881719508,0.6177259870795438
2022-08-27,235.3250035,401.1041726,298.1041711,0.0126,85663.75,8.600000128,1.487500022,0.90416668,0.124594804,87.00005419464713,0.5940187541887572
2022-08-28,248.633337,376.2500056,297.2291711,0.011975,85545.0,4.900000073,0.387500006,0.287500004,0.124469796,71.7018491347293,0.594360874587899
2022-08-29,265.737504,375.3625056,298.1833378,0.011116666,85644.16667,27.70000041,0.820833346,-0.308333338,0.124344094,116.15697268693798,0.5214783206768074
2022-08-30,278.3000041,366.6875055,301.6791712,0.008070833,85813.33333,0.0,-2.187500033,-0.250000004,0.124233005,72.62459002593063,0.308266165262489
2022-08-31,278.0333375,351.9250052,300.4583378,0.008895833,85943.75,0.0,-3.283333382,0.200000003,0.124107974,35.24119357784201,0.36563760003741
2022-09-01,277.5125041,362.6291721,299.5208378,0.011091666,85785.0,0.0,-2.2416667,0.316666671,0.123996913,18.47360655676453,0.4810741745812712
2022-09-02,277.4958375,373.5083389,298.8083378,0.012208333,85686.25,6.200000092,-0.600000009,0.308333338,0.123871872,59.07647144650914,0.5518794090264881
2022-09-03,273.1708374,372.6000056,299.8500045,0.010104166,85922.91667,0.0,-3.520833386,0.120833335,0.123760812,41.45185867373634,0.4304403922276831
2022-09-04,279.6291708,366.6833388,300.0750045,0.0092625,86034.58333,0.0,-4.145833395,-0.941666681,0.123635779,21.968042733012517,0.3898582097673301
2022-09-05,280.5416708,344.2333385,300.3791711,0.0082625,85776.25,0.0,-1.775000026,0.758333345,0.123524691,13.728839877280922,0.340534781036575
2022-09-06,276.5291708,354.616672,301.0708378,0.008316666,85849.58333,0.0,-2.720833374,0.745833344,0.123399612,10.675715977630094,0.3293437794848112
2022-09-07,276.8291708,341.7291718,300.8791712,0.006933333,86162.5,0.0,-2.091666698,1.379166687,0.123288544,8.397641782448648,0.2786914673230857
2022-09-08,237.7625035,362.2083387,300.1166711,0.00725,85846.25,0.0,-0.875000013,1.041666682,0.123163475,6.30689296669978,0.3037330849925221
2022-09-09,227.00417,370.8833389,298.2791711,0.0095375,85328.33333,0.0,1.141666684,0.870833346,0.123037805,5.0889594057644905,0.4431893259120861
2022-09-10,253.4708371,373.7250056,295.2375044,0.012954166,85586.25,0.0,1.870833361,0.66250001,0.122926712,4.338104618412197,0.7264515481782314
2022-09-11,259.8500039,366.6250055,297.3791711,0.010391666,85984.58333,0.0,-2.600000039,0.350000005,0.122801698,6.444990287676639,0.5137371930473502
2022-09-12,257.4208372,379.608339,297.1791711,0.011095833,85972.91667,4.800000072,-1.32500002,0.91666668,0.122690623,34.85310934033387,0.5551592557871307
2022-09-13,223.4875033,376.6500056,294.7750044,0.0117,85695.0,5.200000077,-0.937500014,0.712500011,0.122565538,49.61695154477816,0.67595146518366
2022-09-14,259.4583372,362.8583387,294.8208377,0.010229166,85614.58333,0.0,-0.004166667,1.250000019,0.122454515,34.865541174449255,0.5887531129887051
2022-09-15,262.1833372,339.8583384,295.7083377,0.0077125,85697.08333,0.0,0.933333347,1.125000017,0.122329447,20.54498293009366,0.4207226214053427
2022-09-16,261.2083372,333.8916716,295.9708377,0.008733333,85665.83333,0.0,0.795833345,1.070833349,0.122315889,12.962344884429982,0.4686412117357547
2022-09-17,263.6666706,318.4333381,295.9500044,0.0073,85502.08333,0.0,0.291666671,2.116666698,0.12230718,10.592997952228696,0.3914767422495489
2022-09-18,261.2041706,316.3500047,297.3833378,0.005341667,85400.83333,0.0,0.158333336,2.154166699,0.122298492,9.503074374424507,0.262219293277533
2022-09-19,254.2083371,345.2125051,297.7875044,0.009070833,85552.5,0.0,-2.683333373,0.075000001,0.122275192,8.038991127137884,0.4353107943131408
2022-09-20,233.4125035,371.2458389,297.6375044,0.011433333,85706.25,0.500000007,-1.841666694,1.112500017,0.122265882,8.413652115697516,0.5546734442428015
2022-09-21,197.8958363,380.920839,295.2916711,0.013833333,85790.83333,7.600000113,-1.412500021,0.900000013,0.122257239,46.4408216126999,0.7750215763900287
2022-09-22,215.9291699,385.9041724,294.8625044,0.0139875,85873.33333,0.500000007,0.212500003,0.812500012,0.122248534,34.80015128875746,0.8054282073703128
2022-09-23,212.5041698,372.7583389,296.1083377,0.0127,85847.08333,0.0,0.712500011,1.09583335,0.122239866,21.07601887089665,0.6772212510447787
2022-09-24,239.0125036,356.7625053,296.0291711,0.010025,85986.66667,3.500000052,1.320833353,0.079166668,0.122231148,39.5813910356547,0.5380451376394768
2022-09-25,250.9375037,317.5625047,297.8916711,0.004633333,85980.41667,0.0,-1.279166686,-2.041666697,0.122207812,26.567197727565105,0.2220671917778542
2022-09-26,242.6291703,327.0375049,297.7833378,0.006845833,85965.41667,0.0,-4.683333403,-1.183333351,0.122198448,16.163011688306568,0.3302013203736085
2022-09-27,242.8291703,339.9416717,296.7333378,0.008583333,86017.5,0.0,-6.895833436,-1.020833349,0.122189697,10.896172274074434,0.4414638137753466
2022-09-28,237.1666702,332.2916716,296.8291711,0.007079166,86126.66667,0.0,-5.195833411,-0.037500001,0.122187022,10.138813798774532,0.362444574769059
2022-09-29,206.1458364,346.7083385,296.3166711,0.005475,86141.25,0.0,-4.24166673,-0.19166667,0.12216394,8.60000096745485,0.2892486955320939
2022-09-30,235.9000035,333.6916716,295.5500044,0.005925,85758.75,0.0,-1.75833336,0.908333347,0.12216131,7.302220437214302,0.3266025447580558
2022-10-01,234.0958368,337.762505,294.7916711,0.007795833,85530.83333,0.0,0.220833337,1.045833349,0.122144958,6.516977763983975,0.4490683686322316
2022-10-02,231.4958368,342.0041718,295.0916711,0.0087375,85717.91667,0.0,-2.779166708,0.779166678,0.122142528,5.103732071998612,0.4951663341092971
2022-10-03,210.5791698,345.6083385,295.0750044,0.008404166,85841.25,1.100000016,-3.125000047,-0.991666681,0.122124396,6.778612597826182,0.4774510623099009
2022-10-04,188.0291695,343.9125051,291.166671,0.009241666,85822.5,3.700000055,-3.987500059,-1.98750003,0.122113285,18.21299228188321,0.6702973866175783
2022-10-05,219.4083366,317.2958381,291.7250043,0.008633333,85877.08333,1.000000015,0.316666671,0.612500009,0.122103039,17.908353898682584,0.6047891601757259
2022-10-06,201.5208363,325.6666715,291.829171,0.007525,86038.33333,1.500000022,-4.291666731,-1.204166685,0.12209607,21.25621413020052,0.5246709630999555
2022-10-07,216.1625032,328.8166716,291.116671,0.008045833,86176.25,0.400000006,-5.862500087,-1.570833357,0.122073491,14.094172588720449,0.5878333561619535
2022-10-08,118.5458351,341.4166718,290.441671,0.0083125,86183.75,0.500000007,-6.7250001,-1.858333361,0.122070819,7.982350634847245,0.6340588272070544
2022-10-09,183.1291694,334.7916717,289.929171,0.00835,86117.5,0.800000012,-6.566666765,-1.154166684,0.122054504,9.933573721012367,0.6576542266854979
2022-10-10,215.1500032,317.3166714,290.866671,0.007891666,85919.16667,0.400000006,-5.12083341,-0.950000014,0.122042506,10.07018539174313,0.5840636133772324
2022-10-11,215.1458365,316.4125047,291.5208377,0.0075125,85797.5,0.70000001,-0.937500014,0.029166667,0.122034007,12.208441920994566,0.5326220096106973
2022-10-12,218.5041699,312.6541713,293.0875044,0.007054166,85964.58333,0.0,0.570833342,-0.366666672,0.122025655,9.13917929839945,0.4540385343342473
2022-10-13,219.4916699,304.1166712,294.1125044,0.0056375,85963.33333,0.0,0.812500012,0.612500009,0.1220173,7.794354471728146,0.3403976260939585
2022-10-14,143.1833355,319.0833381,294.4250044,0.004879167,85620.41667,0.0,-0.308333338,0.670833343,0.121994324,3.9496157494686,0.2878035607382798
2022-10-15,166.4833358,337.9416717,292.6583377,0.0071125,85546.66667,1.900000028,-0.800000012,0.350000005,0.121992245,10.716084297789704,0.4679872110444903
2022-10-16,157.4333357,349.6416719,287.2250043,0.009704166,85565.41667,24.50000037,-0.829166679,0.350000005,0.121883171,58.15867786707388,0.9049353285587836
2022-10-17,196.5583363,299.8750045,286.6083376,0.007320833,85842.5,0.0,-3.358333383,-0.833333346,0.121769404,44.69473283148636,0.713211891457607
2022-10-18,207.7458364,313.4666713,288.229171,0.0073875,85969.16667,0.0,-5.37500008,-1.241666685,0.121666701,39.19701486683523,0.6482394553021578
2022-10-19,206.2375031,279.7916708,288.9333376,0.006441667,86180.41667,0.0,-7.558333446,-0.541666675,0.12154966,21.555548116086783,0.5413473988856198
2022-10-20,207.5458364,282.8750042,290.354171,0.004916667,86034.58333,0.0,-5.162500077,-0.558333342,0.121431974,15.464873796790002,0.3764824460516282
2022-10-21,196.9333363,301.8166712,291.1750043,0.006108333,85722.08333,0.0,0.166666669,0.575000009,0.121314285,9.459988605076532,0.442284430310664
2022-10-22,146.1750022,332.0583383,290.1750043,0.008516666,85360.83333,0.0,1.016666682,0.133333335,0.121211222,5.542560880478231,0.6544956356314156
2022-10-23,118.2291684,326.7083382,286.2208376,0.008791666,84917.5,10.00000015,6.170833425,3.341666716,0.121094168,38.683547840396606,0.8692101297946626
2022-10-24,206.4958364,269.8583374,281.3416709,0.003791667,85394.58333,0.0,0.487500007,-2.279166701,0.120991106,35.80410356609313,0.5237266429594026
2022-10-25,202.7416697,234.6750035,282.6333375,0.002875,85951.66667,0.0,0.529166675,0.095833335,0.120874056,14.751373597824916,0.3659177968032887
2022-10-26,198.337503,246.583337,285.2208376,0.002954167,85610.41667,0.0,0.437500007,0.837500012,0.120756367,13.65820022286714,0.3146481618505127
2022-10-27,198.6583363,248.5875037,285.1250042,0.003145833,85447.5,0.0,1.725000026,-0.941666681,0.120653304,11.61505561401391,0.3365669424731218
2022-10-28,199.5833363,225.1333367,283.7875042,0.001983333,86090.0,0.0,-4.158333395,-2.812500042,0.120536226,9.575397612390528,0.2338350023109255
2022-10-29,194.4083362,250.0416704,286.9375043,0.003358333,86086.66667,0.0,-4.829166739,-0.883333346,0.120424372,7.508177354595921,0.3210796729417235
2022-10-30,182.5166694,257.6166705,287.2625043,0.003820833,85768.75,0.0,0.545833341,0.408333339,0.120312789,4.701828054396924,0.3562714706538684
2022-10-31,190.4833362,257.0208372,287.2958376,0.003045833,85573.33333,0.0,-1.912500028,-1.408333354,0.120213915,4.455875744809516,0.2827418798926674
2022-11-01,162.3041691,273.6666707,288.479171,0.003483333,85645.83333,0.0,-2.145833365,0.750000011,0.12009213,3.445522854250343,0.299602150778775
2022-11-02,175.0250026,273.6958374,286.0125043,0.004516667,85685.0,0.0,0.266666671,1.412500021,0.119983941,2.782493537724449,0.4568374176569524
2022-11-03,105.8041682,301.6375045,281.2625042,0.006108333,85375.83333,0.900000013,3.562500053,1.608333357,0.121047504,1.4710037586657978,0.8481363396168125
2022-11-04,179.458336,253.3000038,275.7166708,0.0041625,85696.25,0.100000001,1.550000023,-0.258333337,0.151125654,1.9906965531077656,0.8570829727959713
2022-11-05,175.7625026,244.3000036,280.0625042,0.004008333,85768.33333,0.0,-0.050000001,0.812500012,0.142444569,2.323934422625784,0.6074611764562982
2022-11-06,178.2041693,243.3500036,284.4375042,0.004033333,85498.75,0.0,-0.100000001,0.416666673,0.131632344,2.316237961648949,0.4520804531790574
2022-11-07,166.8000025,260.6416706,287.654171,0.003508333,85621.25,0.0,-1.620833357,1.283333352,0.124891672,2.491574645020127,0.3183095132572011
2022-11-08,171.5708359,265.8541706,286.9291709,0.003825,85633.75,0.0,-0.887500013,1.129166683,0.121561336,2.287253108798274,0.3639714347417696
2022-11-09,88.02083464,289.5875043,284.3750042,0.005454167,85566.25,3.400000051,1.683333358,3.162500047,0.120081131,5.148783447658267,0.6143876125447735
2022-11-10,170.7125025,280.5958375,280.3291708,0.005979167,85637.5,5.900000088,1.058333349,0.275000004,0.119357509,22.89853320738479,0.8881724887861728
2022-11-11,174.5083359,226.4375034,280.0541708,0.0032875,85640.0,0.0,-0.270833337,-0.370833339,0.119099911,10.394871962653294,0.49776180139769
2022-11-12,168.2000025,235.5666702,282.2500042,0.0025875,85702.91667,0.0,-4.245833397,-0.504166674,0.11893387,19.71555674603064,0.337060043051224
2022-11-13,164.0666691,249.8958371,282.6916709,0.003483333,85428.75,0.0,-0.383333339,0.950000014,0.118783723,8.373259827217845,0.4389023308968675
2022-11-14,168.7791692,239.9416702,278.1833375,0.002854167,85499.58333,0.0,1.408333354,-0.200000003,0.118648196,6.434261931048785,0.4918103562762142
2022-11-15,164.5708358,219.6750033,280.7083375,0.002916667,85873.33333,0.0,0.233333337,0.520833341,0.118538739,3.530423264642894,0.4231975968289876
2022-11-16,166.8875025,218.7833366,279.7125042,0.0014625,86113.33333,0.0,-5.641666751,-4.94166674,0.118551163,5.624139081938171,0.2280168452378301
2022-11-17,165.9875025,214.4458365,280.2250042,0.0016125,86250.83333,0.0,-3.550000053,-2.358333368,0.118583398,3.7291735001002655,0.2429921762994165
2022-11-18,160.5000024,232.5208368,281.6541709,0.002645833,85690.0,0.0,-2.550000038,0.075000001,0.11860101,2.7229759533175537,0.3589390170488491
2022-11-19,157.6208357,258.4416705,282.1041709,0.0023875,85647.5,0.0,-3.612500054,-0.658333343,0.118617982,3.0358163438300694,0.313915532709665
2022-11-20,158.8208357,241.3166703,281.3666709,0.0024375,86078.33333,0.0,-2.954166711,-2.116666698,0.118649581,2.3380414941450987,0.3387945902754268
2022-11-21,161.6666691,222.5083366,281.7250042,0.0020375,86078.75,0.0,-0.829166679,-0.504166674,0.118681816,1.5255035320411676,0.2763206473033843
2022-11-22,153.554169,227.5291701,283.4041709,0.002508333,85958.33333,0.0,-4.704166737,-0.945833347,0.118699428,2.1941398574875968,0.3030179203068093
2022-11-23,156.566669,237.6250035,282.8666709,0.00295,85759.16667,0.0,-0.145833336,0.937500014,0.118731027,1.3038492363395675,0.3687301957948232
2022-11-24,155.8208357,216.5125032,280.6666708,0.002129167,85728.75,0.0,-5.087500076,-5.683333418,0.118763262,2.3116569118866623,0.3093033786383742
2022-11-25,155.7500023,217.0291699,280.4208375,0.0021125,86270.41667,0.0,-1.366666687,-0.975000015,0.118780871,1.0307500142154915,0.314118318505599
2022-11-26,154.3750023,218.1041699,280.8458375,0.002208333,85813.33333,0.0,0.425000006,0.283333338,0.11881247,0.7500671743154897,0.3171713868525941
2022-11-27,155.0500023,229.5625034,280.5250042,0.002270833,85677.08333,0.0,-0.120833335,-0.050000001,0.118830082,0.9970776570314838,0.3329300148627689
2022-11-28,126.9416686,234.0166702,280.3500042,0.002458333,85459.58333,0.0,0.595833342,0.437500007,0.118861681,0.6075112157245071,0.3638874953730726
2022-11-29,122.4291685,278.3750041,280.0708375,0.003825,85122.91667,0.0,0.745833344,-0.450000007,0.118893916,1.024856112703331,0.5749821123571159
2022-11-30,135.7333354,250.9000037,282.0166709,0.0038,85654.58333,0.0,-3.841666724,0.19166667,0.118911528,1.2222296815420723,0.5026728907421482
2022-12-01,142.4041688,249.5750037,284.2500042,0.003620833,85606.25,0.0,-1.941666696,1.529166689,0.118943123,1.186432220760429,0.4114978030432782
2022-12-02,132.437502,263.4625039,283.2541709,0.004441667,85743.33333,0.0,-0.233333337,-0.579166675,0.118975358,0.8283661749438136,0.5406882332238
2022-12-03,56.18750084,290.5708377,284.2041709,0.004341667,86139.16667,12.10000018,-3.329166716,0.025,0.11899297,27.058663042498186,0.4980203212554402
2022-12-04,69.79583437,353.2833386,283.9750042,0.008791666,86052.5,23.80000035,-3.320833383,0.041666667,0.119024569,25.463362127834905,1.023089630925201
2022-12-05,132.937502,318.0208381,283.4083376,0.0084625,85655.0,0.600000009,0.366666672,0.141666669,0.119056804,26.62347984995028,1.018413714097944
2022-12-06,98.2833348,314.920838,282.0333375,0.007220833,85469.58333,0.0,-0.062500001,-0.608333342,0.119074412,14.93214549040188,0.9520405159202152
2022-12-07,77.22916782,303.8541712,280.9458375,0.006341667,85715.41667,0.0,-0.87916668,0.800000012,0.119106011,7.980317169205797,0.9035270464770762
2022-12-08,143.8041688,243.9625036,279.0666708,0.005104167,86125.41667,0.0,-0.158333336,-0.108333335,0.119123623,7.416074270362009,0.8326197192940963
2022-12-09,133.9083353,257.1625038,280.2583375,0.0046,85840.83333,0.0,-1.308333353,0.504166674,0.119155222,8.064084314331751,0.6882988048372221
2022-12-10,146.1583355,228.7166701,280.8958375,0.0034375,85766.66667,0.0,-0.329166672,0.67500001,0.119187457,4.754024769825026,0.491742399519295
2022-12-11,144.9125022,222.9708367,282.2458375,0.003604167,85702.91667,0.0,-2.804166708,1.537500023,0.119205069,5.913841876237942,0.4696293981947506
2022-12-12,102.8500015,289.8083377,277.3916708,0.00405,84978.33333,9.100000136,1.204166685,1.041666682,0.179634767,22.04772733921081,0.7335871163379294
2022-12-13,106.0041682,273.5708374,273.3541707,0.0040875,85072.91667,0.400000006,1.262500019,-0.050000001,0.36825419,8.0912390031269,0.9921542575436142
2022-12-14,144.5625022,214.3000032,272.8541707,0.003579167,85537.91667,0.200000003,0.566666675,0.0,0.421709989,0.2993130238580994,0.906266323880138
2022-12-15,142.3791688,211.6583365,273.9166707,0.003283333,85695.0,0.0,0.491666674,0.633333343,0.385316951,0.8933097122057506,0.7703675723474775
2022-12-16,146.6083355,205.4916697,275.5166708,0.003083333,85750.83333,0.0,0.645833343,0.616666676,0.340773469,1.2996120239733369,0.6445039548732058
2022-12-17,146.9416689,194.4750029,275.1666708,0.001570833,85716.66667,0.0,-0.950000014,-1.045833349,0.306244575,4.581632509421795,0.3366219395781498
2022-12-18,101.2833348,267.912504,278.9625042,0.002695833,85428.33333,0.0,-4.26666673,-0.0125,0.274948638,11.535513085692394,0.4393947327186683
2022-12-19,143.4333355,236.5416702,277.8916708,0.004420833,85843.75,0.0,0.108333335,0.612500009,0.238160172,3.020488965293736,0.7807530381432644
2022-12-20,139.7333354,225.6708367,279.5708375,0.0029375,86276.66667,0.0,-0.245833337,0.183333336,0.201864437,1.6932779752323357,0.4634043181533039
2022-12-21,145.4208355,219.4375033,280.2333375,0.003,85900.0,0.0,-1.33750002,0.020833334,0.178244303,2.865747244565913,0.4499794275453682
2022-12-22,140.9708354,221.49167,280.1833375,0.003016667,85713.33333,0.0,-0.266666671,-0.466666674,0.158227153,1.6162539882795075,0.453064908246178
2022-12-23,103.0750015,249.6833371,281.3125042,0.003508333,85870.83333,0.0,0.095833335,0.21666667,0.143123333,0.4888277566003347,0.4882714799374382
2022-12-24,141.4291688,248.8166704,282.0958375,0.003425,86213.75,0.0,-0.020833334,0.20416667,0.132960183,2.309200331931289,0.453564500920219
2022-12-25,138.4083354,245.095837,282.3291709,0.003675,86305.41667,0.0,0.304166671,0.500000007,0.126952509,1.6409047949853643,0.4794925452008353
2022-12-26,141.9583354,244.4000036,284.4125042,0.0038125,86139.16667,0.0,-0.200000003,0.86666668,0.123348094,1.35927197963355,0.4312510314238945
2022-12-27,126.9541686,262.0000039,285.2708376,0.003683333,85952.91667,0.0,-3.641666721,-0.800000012,0.12129499,1.5307147824402985,0.3925719594902693
2022-12-28,65.68333431,311.620838,281.4583375,0.005116667,85251.66667,17.80000027,2.491666704,-0.104166668,0.120358956,30.634015615253706,0.699928062078133
2022-12-29,107.2375016,272.9791707,278.7666708,0.005904167,85413.33333,0.200000003,1.620833357,0.112500002,0.119979868,11.459882744636491,0.9754616412607524
2022-12-30,69.88750104,313.895838,278.9541708,0.0061625,85605.83333,2.300000034,0.658333343,-0.733333344,0.119699962,13.632704740768066,1.0071030126617926
2022-12-31,98.6708348,310.5375046,279.5416708,0.006429167,85699.16667,0.0,-0.550000008,-1.32500002,0.119699962,16.09168598969548,1.0094937491851763
