date,DW_SW,DW_LW,Air_Temp,SPFH,Pa,Precip,WS_u,WS_v,Albedo,LE_model,RH
2005-01-01,149.1875022,250.2208371,280.7333375,0.0036875,88638.75,0.0,1.229166685,1.854166694,0.165668649,0.1544034515195193,0.5513198485076012
2005-01-02,55.39166749,299.7541711,281.1291709,0.004620833,88812.91667,4.100000061,-0.287500004,2.337500035,0.165416717,2.536960173703932,0.6735798897106782
2005-01-03,83.31250124,343.8875051,283.9708376,0.007579166,88805.0,4.100000061,-1.13333335,4.087500061,0.165155881,12.174605524307326,0.9104572983803358
2005-01-04,76.21250114,315.370838,282.4375042,0.006570833,88237.5,5.600000083,1.250000019,6.708333433,0.164907129,23.62455353050552,0.8700692131276804
2005-01-05,146.6333355,268.5291707,278.3416708,0.004208333,88737.08333,1.100000016,3.208333381,2.995833378,0.166645833,27.10907442352866,0.7442551957176162
2005-01-06,140.3750021,222.4500033,275.5416708,0.002420833,88682.5,0.0,1.233333352,0.208333336,0.167208975,9.488734082879713,0.5223799385148559
2005-01-07,146.1750022,232.3375035,276.7333375,0.002958333,88335.41667,0.0,1.250000019,1.458333355,0.166222079,10.14394977828129,0.583752348280344
2005-01-08,153.4125023,246.733337,280.4291708,0.003016667,88728.75,0.0,0.187500003,3.141666713,0.165112476,12.846767036005328,0.4610794465798038
2005-01-09,149.8208356,246.5166703,282.7833375,0.00335,89150.0,0.0,-0.883333346,2.212500033,0.16428389,8.170586246884682,0.4377536803214297
2005-01-10,129.0333353,285.1458376,283.5916709,0.0027,88995.41667,0.0,0.712500011,-0.108333335,0.163709617,6.33026557059731,0.333447373509473
2005-01-11,107.3250016,283.9625042,284.6125042,0.00455,88449.58333,0.0,2.766666708,3.32500005,0.1632625,4.4020228178475564,0.5214455707843877
2005-01-12,160.5958357,263.4541706,281.7333375,0.004816667,88035.83333,1.000000015,5.970833422,0.816666679,0.16292283,4.906438210715945,0.6676946753332698
2005-01-13,163.6458358,210.3375031,276.2166708,0.003075,88891.25,0.0,1.200000018,-1.383333354,0.162668356,2.236308239950679,0.6335877222274302
2005-01-14,139.9291688,256.3541705,278.4791708,0.0016875,88992.91667,0.0,-2.408333369,0.608333342,0.16240498,3.436188708670384,0.296415695838985
2005-01-15,164.1041691,232.9833368,281.5791709,0.0019,89333.75,0.0,-2.225000033,0.212500003,0.162155592,2.8466883148592594,0.270103955804389
2005-01-16,164.2083358,222.4333366,281.0291709,0.001945833,89448.75,0.0,-3.850000057,0.362500005,0.162343259,2.0858591032902725,0.2876497022121956
2005-01-17,163.6875024,233.4833368,281.4708375,0.002733333,89173.33333,0.0,-3.129166713,1.254166685,0.162535281,1.5878134327227085,0.3907672658803852
2005-01-18,163.8458358,243.1500036,282.5333375,0.003125,89242.91667,0.0,-3.454166718,0.570833342,0.162741288,1.397180220124377,0.4157861180315254
2005-01-19,164.6458358,248.6250037,283.0000042,0.003695833,89319.58333,0.0,-3.220833381,0.645833343,0.16293331,1.146822292348337,0.4768003960504035
2005-01-20,119.7583351,269.8916707,283.3458376,0.003070833,89069.58333,0.0,-2.220833366,1.304166686,0.16313932,0.9573221405297956,0.3859164904157071
2005-01-21,124.2583352,325.4000048,284.1958376,0.0054,88804.16667,2.600000039,-0.025,1.916666695,0.163345962,6.230633869344639,0.638939905203304
2005-01-22,156.229169,286.8666709,280.4166708,0.0051625,88800.83333,0.200000003,-1.895833362,2.083333364,0.163537984,3.18422442662538,0.7903820640221506
2005-01-23,164.2083358,260.1708372,282.4666709,0.004458333,89135.41667,0.0,-4.754166738,1.458333355,0.16374399,2.580759421284224,0.5951689029391132
2005-01-24,152.0291689,305.4750046,284.4875042,0.005429167,89052.91667,0.800000012,-1.558333357,2.779166708,0.163936013,4.517672657815576,0.6317106329248507
2005-01-25,154.6750023,270.1416707,282.5583375,0.004591667,89095.83333,0.0,1.100000016,1.395833354,0.164142023,2.820126104198819,0.608884689863625
2005-01-26,77.84166783,337.9166717,284.4000042,0.0060375,88573.75,2.900000043,-0.087500001,2.48333337,0.164334042,8.252202972236391,0.7028226212584863
2005-01-27,164.9625025,304.7083379,283.3250042,0.006929166,88561.25,1.300000019,2.191666699,2.71250004,0.164540051,10.25081566762099,0.8670502260163138
2005-01-28,176.4000026,244.1500036,280.3875042,0.004541667,88849.58333,0.0,2.43333337,-0.408333339,0.164746693,5.888684070507199,0.6971207377820096
2005-01-29,178.0125027,228.2500034,280.9166709,0.003420833,88659.58333,0.0,1.470833355,1.387500021,0.164938716,4.820694892384369,0.5051378200933265
2005-01-30,170.1541692,257.1166705,278.2000041,0.0039375,88464.58333,0.0,3.475000052,-0.754166678,0.165144722,3.0226342511742037,0.7011867739480027
2005-01-31,180.2125027,241.6833369,277.5625041,0.003641667,88787.91667,0.0,-1.233333352,-1.483333355,0.165336744,2.6228588548500107,0.6808915460973813
2005-02-01,123.9125018,280.0291708,277.6083375,0.0028375,88683.33333,0.0,-3.404166717,-0.050000001,0.16554784,1.9433623592018807,0.5281904399497348
2005-02-02,146.0958355,248.4791704,277.4458375,0.002945833,88858.33333,0.0,-4.887500073,-0.041666667,0.165750032,1.2623745972629974,0.555807839927377
2005-02-03,182.4750027,264.4708373,277.7916708,0.002783333,89023.75,0.0,-7.575000113,1.570833357,0.165941419,1.2454928492003898,0.5133863813949594
2005-02-04,94.60416808,280.6791708,277.6666708,0.002925,89017.91667,1.300000019,-4.758333404,1.458333355,0.166152511,2.158482555330663,0.5442778721675687
2005-02-05,165.4250025,269.287504,278.5083375,0.004029167,88479.58333,0.0,-1.300000019,1.633333358,0.166713923,2.332850706959135,0.7022132671015029
2005-02-06,157.4125023,291.316671,279.1875042,0.004191667,88411.25,2.400000036,2.329166701,3.300000049,0.166737463,7.082448009818921,0.6960038477217043
2005-02-07,164.8250025,283.3416709,280.9166709,0.004754167,88687.08333,0.0,1.491666689,4.24166673,0.16680932,4.575553901255999,0.7022425366388717
2005-02-08,188.9750028,261.6666706,280.1583375,0.004333333,88703.33333,0.0,1.975000029,1.787500027,0.166970824,3.871588108059589,0.6746835464710471
2005-02-09,183.0666694,242.8750036,280.6958375,0.0039125,88725.41667,0.0,-0.291666671,0.875000013,0.167150128,3.296036565133661,0.5870505555282108
2005-02-10,69.91250104,304.2958379,282.1583375,0.0044875,88670.41667,1.100000016,-3.429166718,1.812500027,0.16734215,3.0294350780966206,0.6085993765724135
2005-02-11,71.93333441,357.1708387,284.0083376,0.008266666,88737.91667,6.400000095,-3.441666718,3.60416672,0.167533537,14.433305094979058,0.989794173417465
2005-02-12,76.59166781,347.1000052,283.9750042,0.0078875,88526.66667,7.300000109,1.78333336,3.354166717,0.167739543,27.56689214140661,0.9442619605810222
2005-02-13,192.2375029,298.0416711,282.6125042,0.0067625,88879.58333,0.0,3.183333381,-0.362500005,0.167931566,38.44760301807291,0.89128389359372
2005-02-14,175.2833359,269.025004,282.2833375,0.005195833,88833.33333,0.0,1.35000002,0.041666667,0.168137572,21.263995671793413,0.6999628097548736
2005-02-15,146.2458355,316.0791714,285.0875042,0.005245833,88686.66667,0.0,1.745833359,0.979166681,0.168329594,23.54123200911163,0.5839758011227876
2005-02-16,145.2875022,321.3625048,285.4833376,0.005020833,88728.33333,0.0,1.150000017,0.554166675,0.168675451,16.579584148175044,0.5446497540475542
2005-02-17,84.79166793,345.5958385,285.7208376,0.005316667,88567.91667,0.500000007,-1.212500018,1.187500018,0.169028027,11.12169830412655,0.5666917465625754
2005-02-18,124.1666685,343.5833385,284.2958376,0.007220833,88655.41667,0.300000004,-1.333333353,2.708333374,0.169395226,8.28208167716038,0.8472474833862345
2005-02-19,184.3416694,309.3708379,284.9916709,0.005975,88682.08333,0.900000013,2.47083337,3.79583339,0.169748435,11.823179830008996,0.6693784444131204
2005-02-20,185.6666694,298.1833378,284.3083376,0.0060875,88687.5,1.200000018,3.050000045,3.358333383,0.170101011,11.605732039528917,0.7139287383891061
2005-02-21,201.600003,268.1041707,283.5083376,0.004916667,88761.25,0.0,0.179166669,3.016666712,0.170453584,8.05091986134865,0.6090222683979001
2005-02-22,191.4958362,292.6500044,284.0333376,0.005604167,88615.83333,1.900000028,1.354166687,3.295833382,0.170816196,13.69458955666678,0.6689559779152134
2005-02-23,175.5541693,300.5583378,283.6791709,0.005495833,88607.91667,0.0,1.762500026,3.183333381,0.171155024,8.216200089886632,0.6717976810231518
2005-02-24,171.3500026,307.6125046,282.4750042,0.004466667,88422.91667,0.0,1.437500021,2.116666698,0.171507449,6.766003753132775,0.5911795204978921
2005-02-25,161.0416691,295.3708377,281.8958375,0.004291667,88432.08333,0.0,0.550000008,1.837500027,0.17186042,4.5891717071427856,0.5909841967102897
2005-02-26,143.0625021,294.4708377,280.6708375,0.003891667,88411.25,0.0,1.912500028,1.304166686,0.172213481,2.944113185446921,0.5828631330019146
2005-02-27,205.4958364,271.5708374,281.5875042,0.004358333,88614.58333,0.400000006,3.316666716,-1.020833349,0.172566561,3.308047679948356,0.6142414707326359
2005-02-28,224.4625033,232.6958368,280.3583375,0.003175,88795.0,0.0,1.816666694,-1.166666684,0.172934178,2.78030072709491,0.488030676453459
2005-03-01,237.1541702,237.8416702,281.0125042,0.0030625,88577.91667,0.0,2.604166705,-1.675000025,0.173273316,2.4419671513199868,0.4488326589684863
2005-03-02,219.8958366,249.6791704,282.2375042,0.003520833,88477.5,0.0,1.78333336,-0.291666671,0.173625709,2.356802090993434,0.4738926334671106
2005-03-03,238.2291702,258.8541705,283.3791709,0.004629167,88676.25,0.0,3.241666715,0.375000006,0.173978759,1.927280800690536,0.5778820002988317
2005-03-04,235.9750035,255.5041705,282.6500042,0.004183333,88723.33333,0.0,0.495833341,0.554166675,0.174331846,2.543826237640356,0.5489836737836066
2005-03-05,131.537502,297.8208378,283.9291709,0.004204167,88562.08333,0.0,1.14583335,3.125000047,0.174684964,1.1342288848669249,0.5050636442074643
2005-03-06,82.25833456,318.1041714,282.5666709,0.004445833,88575.83333,2.70000004,-0.425000006,3.758333389,0.175052548,4.193886592071472,0.5857730516491707
2005-03-07,239.3666702,268.6833373,281.6125042,0.004608333,88760.0,0.70000001,-0.258333337,0.066666668,0.175406241,11.150411041084308,0.6494265068646333
2005-03-08,247.933337,254.3500038,283.3750042,0.004183333,88835.83333,0.0,3.104166713,-2.033333364,0.175759301,5.00329892554918,0.5233135056857459
2005-03-09,253.1291704,249.145837,284.4625042,0.003895833,88895.41667,0.0,0.841666679,-2.320833368,0.176097729,4.599930657477625,0.4532564466473836
2005-03-10,253.3083371,254.1583371,287.3250043,0.0027125,88686.25,0.0,-1.10833335,0.19166667,0.176450142,5.044789159181346,0.2604606264265448
2005-03-11,254.0666705,259.8541705,287.5625043,0.003083333,88572.91667,0.0,0.058333334,-0.429166673,0.176803222,4.824621153528272,0.2911317807589768
2005-03-12,255.4375038,272.0875041,288.8625043,0.003758333,88740.0,0.0,3.470833385,-1.59166669,0.177170842,3.146585460172748,0.3267180996431326
2005-03-13,258.0833372,269.400004,288.4375043,0.004179167,88479.58333,0.0,4.775000071,0.162500002,0.177519484,2.574806957697147,0.3723494990972419
2005-03-14,257.7541705,269.5083373,287.591671,0.00445,88162.08333,0.0,3.587500053,3.500000052,0.177875732,2.1571648367665537,0.4174286938241293
2005-03-15,269.5958374,247.3166704,282.8958375,0.003391667,88100.41667,0.0,4.041666727,-1.008333348,0.178232351,1.5866134225414248,0.4346478842360827
2005-03-16,272.0791707,206.5583364,279.3250042,0.001420833,88646.66667,0.0,-1.31250002,-1.716666692,0.178426302,1.284522646742554,0.2342866037801182
2005-03-17,267.037504,220.2416699,280.8208375,0.001416667,88629.16667,0.0,1.962500029,-0.312500005,0.178642424,1.4608110152553224,0.2105079322615229
2005-03-18,173.9500026,288.741671,283.1708376,0.0021375,88263.75,0.0,3.516666719,1.604166691,0.178830574,1.3409548819231996,0.2693635559441857
2005-03-19,113.783335,338.7541717,285.1500042,0.004683333,88357.91667,0.0,3.395833384,3.275000049,0.179184025,1.0672158385723287,0.5172653303151986
2005-03-20,243.3375036,298.1500044,286.0541709,0.006329167,88500.83333,0.0,3.687500055,1.500000022,0.179373444,1.625694528746099,0.6593794846754316
2005-03-21,273.8833374,252.3791704,283.7125042,0.004104167,88619.16667,0.0,4.650000069,-1.533333356,0.179450332,1.5211368856756875,0.5006209969693588
2005-03-22,272.9666707,237.8083369,282.4583375,0.0026625,88505.0,0.0,1.175000018,-0.804166679,0.17963848,1.6622223442455484,0.3531192002392866
2005-03-23,269.1666707,264.0541706,285.1208376,0.003229167,88087.91667,0.0,4.058333394,2.970833378,0.179840617,1.8842687170362216,0.3562573918246485
2005-03-24,253.3625038,311.7750046,285.0416709,0.004295833,88340.83333,0.0,5.40000008,1.683333358,0.180028129,1.861210883957156,0.477813329001233
2005-03-25,217.2208366,305.8375046,284.0583376,0.004341667,88393.75,0.0,3.779166723,1.195833351,0.18024425,1.4869648582977335,0.5160873726582339
2005-03-26,282.0500042,256.9166705,283.7583376,0.0041625,88702.5,0.0,4.766666738,-2.00000003,0.180432401,1.5191036527990902,0.5066462233471858
2005-03-27,286.3666709,232.0041701,282.9958376,0.0020125,88968.33333,0.0,-0.745833344,-0.858333346,0.180633899,1.633406620291704,0.2586852253285637
2005-03-28,267.1666706,250.0333371,286.5208376,0.001833333,88308.75,0.0,1.716666692,2.03750003,0.180836037,1.8610425128801655,0.184801035860671
2005-03-29,289.4125043,257.9958372,286.4583376,0.003425,88123.75,0.0,5.225000078,1.250000019,0.181038172,1.9964137007190217,0.3459411364644067
2005-03-30,290.8000043,241.9083369,283.7333376,0.002891667,88409.16667,0.0,4.695833403,-0.308333338,0.181240309,1.6108490661322237,0.3513921351636495
2005-03-31,296.4375044,247.6625037,283.4208376,0.003729167,88662.08333,0.0,3.691666722,-3.595833387,0.181442444,1.4438702644156065,0.4641472034277349
2005-04-01,300.8833378,231.3958368,283.5750042,0.002254167,89250.41667,0.0,-4.587500068,-0.683333344,0.181629955,1.5028023594024724,0.2794992966330271
2005-04-02,298.6583378,234.7666702,285.0000042,0.0019375,88880.0,0.0,-3.050000045,1.98750003,0.181831457,1.5974353497283245,0.2174213656130681
2005-04-03,244.5916703,295.1958377,288.5208376,0.002716667,88524.16667,0.0,2.108333365,3.100000046,0.182033592,1.7498501007395473,0.2408618699814985
2005-04-04,294.9708377,273.9333374,288.454171,0.003483333,88386.66667,0.0,3.066666712,4.212500063,0.182235729,1.8249385433987304,0.3096919861444219
2005-04-05,304.6458379,248.7791704,286.8666709,0.003091667,88743.33333,0.0,4.650000069,-1.408333354,0.182437864,1.5393090448425115,0.3061278588956219
2005-04-06,288.7208376,242.0083369,286.4416709,0.0018375,88949.16667,0.0,-0.995833348,-1.258333352,0.182639998,1.263205029801833,0.1875405594863416
2005-04-07,281.9458375,284.5291709,290.516671,0.001941667,88682.5,0.0,-2.195833366,2.179166699,0.182827513,1.6015772040446976,0.1516718767531457
2005-04-08,299.8541711,295.2375044,292.0958377,0.004570833,88228.75,0.0,4.345833398,4.125000061,0.183043635,1.9407220293487968,0.3213541236202648
2005-04-09,308.5416713,262.8875039,288.866671,0.003733333,87925.41667,0.0,5.245833412,2.250000034,0.183231785,1.7521480342054283,0.32147901292825
2005-04-10,308.1750046,246.9416703,284.0583376,0.002933333,88013.33333,0.0,5.504166749,-1.645833358,0.183447907,1.3596197689959504,0.3471802417501538
2005-04-11,311.7250046,242.1291703,283.5833376,0.002604167,88563.75,0.0,2.854166709,-1.400000021,0.183636054,1.412291856440735,0.3202321687018558
2005-04-12,299.2875045,249.4041704,286.8291709,0.001870833,88408.75,0.0,0.391666673,-0.883333346,0.183837556,1.617181025883347,0.1850014837257362
2005-04-13,290.2208377,280.1083375,291.679171,0.002304167,88482.5,0.0,0.387500006,2.933333377,0.18403526,2.176991582688273,0.1667932834715208
2005-04-14,304.9083379,296.1208377,291.254171,0.003179167,88519.58333,0.0,1.700000025,1.058333349,0.184234734,2.407507765394711,0.2365135013934562
2005-04-15,309.7916713,287.3375043,292.2458377,0.003458333,88429.16667,0.0,2.03750003,0.950000014,0.184434295,2.492805954725791,0.2413990192118653
2005-04-16,292.8083377,290.3583377,291.2708377,0.003108333,88512.5,0.0,1.12083335,1.216666685,0.184485614,2.2921420052316983,0.2309808505200435
2005-04-17,311.433338,290.4083377,291.9750044,0.004133333,88820.41667,0.0,1.608333357,2.437500036,0.184531396,2.5527368576368747,0.294782778702202
2005-04-18,312.5541713,296.4541711,292.066671,0.004904167,88528.33333,0.0,2.45833337,3.60416672,0.184579698,2.670693989165648,0.3465969509108045
2005-04-19,321.2250048,274.6416708,291.4750043,0.004291667,88225.0,0.0,2.795833375,5.112500076,0.184629582,2.653943951480147,0.3137897116349519
2005-04-20,323.5208382,261.5750039,289.8875043,0.003291667,88488.75,0.0,2.2541667,3.429166718,0.184671514,2.429172160728449,0.2671065460319167
2005-04-21,322.9958381,268.5708373,289.8250043,0.003233333,88717.5,0.0,1.525000023,0.100000001,0.184701423,2.290937001281983,0.2641084527573446
2005-04-22,273.9250041,288.1708376,291.0375043,0.002354167,88730.83333,0.0,2.004166697,0.362500005,0.184760092,2.151171602973505,0.1779888542712312
2005-04-23,296.0625044,336.7416717,291.629171,0.004395833,88617.91667,0.70000001,0.67500001,1.895833362,0.18480538,4.098312479280954,0.3197009419448846
2005-04-24,287.2083376,340.2666717,290.9125043,0.007120833,88293.33333,3.200000048,3.583333387,4.05000006,0.184835419,14.32902417192262,0.5399990989637793
2005-04-25,282.4458375,294.8041711,287.1000043,0.005670833,88282.91667,0.0,4.091666728,-0.42083334,0.184879425,7.052140207283157,0.5501030555090255
2005-04-26,323.2750048,275.4583374,286.7625043,0.004470833,88431.25,0.0,2.758333374,-0.429166673,0.184924084,6.895448411432943,0.444163752668712
2005-04-27,326.3458382,272.2625041,288.9333376,0.003779167,88507.08333,0.0,2.612500039,2.429166703,0.184983363,6.031668438118388,0.3261694695974702
2005-04-28,327.0208382,266.987504,289.304171,0.003504167,88477.91667,0.0,3.895833391,3.12083338,0.185014037,4.9593056223931296,0.2951837517945124
2005-04-29,207.9666698,322.3083381,288.8833376,0.005841667,88567.08333,0.0,4.716666737,-0.391666673,0.185058048,3.0492424087710144,0.5061537316497572
2005-04-30,308.9416713,267.9333373,286.1750043,0.003783333,88764.58333,0.0,1.000000015,-1.175000018,0.185103185,3.908525241032279,0.392180461497377
2005-05-01,317.4291714,276.2041708,289.9958377,0.00315,88545.0,0.0,3.012500045,0.550000008,0.185154794,3.920050059299849,0.2540023629866701
2005-05-02,294.1125044,291.941671,290.2833377,0.003345833,88530.83333,0.0,2.745833374,1.33750002,0.185190427,3.75510660224301,0.2648297316690544
2005-05-03,335.9666717,280.7541709,290.8458377,0.003570833,88542.91667,0.0,2.533333371,1.237500018,0.185234752,4.142883222774003,0.2727098704160965
2005-05-04,333.312505,294.1916711,291.8875043,0.004345833,88717.5,0.0,2.083333364,0.054166667,0.185281154,4.394754448090526,0.3112937958808848
2005-05-05,332.7458383,291.841671,293.4125044,0.003670833,88557.5,0.0,0.816666679,3.070833379,0.185326644,4.508338262836223,0.2385050472500752
2005-05-06,318.4291714,280.5625042,290.8250043,0.003716667,88463.75,0.0,2.670833373,4.816666738,0.185363009,4.146724817505111,0.2839701446786709
2005-05-07,301.5125045,290.1458377,288.5000043,0.004345833,88450.41667,0.0,2.825000042,2.295833368,0.185409246,3.7212945574663903,0.3855046439402205
2005-05-08,338.4458384,282.6333375,289.291671,0.004183333,88597.5,0.0,2.333333368,0.691666677,0.185457654,4.401534685316471,0.353156018639126
2005-05-09,339.4875051,284.1250042,291.1833377,0.0038625,88537.5,0.0,2.220833366,1.975000029,0.185496497,4.823779742671931,0.2887035482943565
2005-05-10,339.3666717,285.8500043,292.004171,0.003558333,88299.58333,0.0,2.970833378,2.545833371,0.185535589,5.08575652093069,0.2518226412762965
2005-05-11,345.3666718,276.0375041,290.591671,0.003520833,88244.16667,0.0,3.450000051,1.158333351,0.185579044,4.929016834649036,0.2723610017772152
2005-05-12,349.1708385,259.8000039,290.2500043,0.002158333,88372.91667,0.0,1.962500029,0.408333339,0.185638009,4.725402555053764,0.1708958915581323
2005-05-13,347.7833385,273.1333374,292.466671,0.0025375,88555.41667,0.0,2.020833363,-0.25416667,0.185683219,5.071933162091631,0.1749279879249225
2005-05-14,336.9916717,281.0583375,293.729171,0.002579167,88495.83333,0.0,1.995833363,0.287500004,0.185713254,5.097792821097426,0.1641865790167225
2005-05-15,345.3416718,307.0791712,295.1000044,0.003108333,88366.25,0.0,2.987500045,-0.87916668,0.185757272,5.966998958399694,0.1815028102238472
2005-05-16,343.4625051,301.3375045,296.0875044,0.0034625,88221.25,0.0,3.466666718,0.612500009,0.185794821,5.923772205723167,0.1899841231912827
2005-05-17,342.7500051,299.4500045,296.0208377,0.0037125,87897.91667,0.0,3.283333382,4.245833397,0.185846614,6.23834847567954,0.2037837688269658
2005-05-18,337.875005,309.4291713,293.654171,0.00515,88209.16667,0.0,2.633333373,1.545833356,0.185884343,5.847812855225651,0.3283104214250776
2005-05-19,345.0125051,310.858338,295.3375044,0.004575,88445.0,0.0,2.291666701,-0.862500013,0.185921522,5.844303695139478,0.2635035362894538
2005-05-20,345.4041718,322.0166715,299.0041711,0.00455,88419.58333,0.0,2.412500036,-1.858333361,0.185973304,5.558706331942395,0.2097728196328278
2005-05-21,340.6916717,336.3458383,300.8916712,0.004633333,88485.0,0.0,2.554166705,-1.370833354,0.186020706,4.862747543709431,0.1911202139866462
2005-05-22,343.2125051,334.8291717,301.4041712,0.0043375,88461.66667,0.0,3.050000045,-2.104166698,0.186054326,4.223423863967966,0.1735599572458234
2005-05-23,321.0916715,342.1708384,301.3291712,0.0037875,88297.5,0.0,2.629166706,-2.108333365,0.186093943,3.725040667331706,0.1519386277827758
2005-05-24,328.2875049,338.4333384,300.6041711,0.004629167,88395.41667,0.400000006,3.10833338,-0.091666668,0.18614319,5.343879012716929,0.1940174047240662
2005-05-25,314.6375047,339.6583384,298.7125045,0.005533333,88606.66667,0.400000006,2.825000042,-0.266666671,0.18618615,6.383234916442884,0.2601490321048313
2005-05-26,323.0500048,329.9500049,298.1500044,0.0050625,88488.33333,2.300000034,2.841666709,-1.179166684,0.186225632,16.96352374207205,0.2458588292399491
2005-05-27,279.0541708,344.2166718,297.7666711,0.005570833,88363.75,1.000000015,2.908333377,0.245833337,0.186271407,16.866989746365093,0.2764774673149957
2005-05-28,252.9500038,357.1500053,294.4333377,0.006891666,88451.66667,6.600000098,2.679166707,0.358333339,0.186318301,66.94216394829247,0.4197389806392894
2005-05-29,326.1666715,345.7500052,293.916671,0.007720833,88462.91667,0.600000009,3.054166712,1.533333356,0.186355195,44.21866919048333,0.4856183425964169
2005-05-30,341.1791718,330.4291716,296.5291711,0.006808333,88359.16667,0.0,3.200000048,3.225000048,0.186406966,25.51854795588018,0.3642016945045162
2005-05-31,350.1875052,308.0708379,295.8708377,0.005041667,88445.0,0.0,3.112500046,1.13333335,0.186444803,17.096339308429485,0.2810336551790762
2005-06-01,335.987505,310.183338,296.8958378,0.004633333,88300.0,0.0,2.733333374,0.941666681,0.186482053,13.380671410581805,0.2422238274347454
2005-06-02,303.2291712,324.1208382,297.2708378,0.004945833,88104.16667,0.0,3.083333379,3.716666722,0.18651929,10.781651386315268,0.2521852692767056
2005-06-03,339.7958384,308.8541713,295.2666711,0.005529167,88025.0,0.0,2.920833377,4.045833394,0.186571147,9.774362741644026,0.3183315201641647
2005-06-04,340.9541717,312.3875047,295.4416711,0.005658333,88172.08333,0.0,2.487500037,2.275000034,0.186608536,9.137230202252956,0.3228207448222201
2005-06-05,339.7375051,316.5500047,296.3000044,0.0055,88313.33333,0.0,1.504166689,3.216666715,0.186644174,8.633492783433589,0.2981994047682247
2005-06-06,344.4708385,310.233338,297.4166711,0.005033333,88237.5,0.0,1.829166694,4.350000065,0.186694388,8.137494990678562,0.2547760507813311
2005-06-07,346.2083385,304.9375045,297.3000044,0.004541667,88270.0,0.0,2.87916671,2.991666711,0.186745242,7.595513784259104,0.2316034776026652
2005-06-08,347.1041718,298.5416711,296.9250044,0.003904167,88270.0,0.0,2.645833373,2.462500037,0.186781469,7.088449455172041,0.2036736202625643
2005-06-09,345.1041718,295.1166711,296.6333378,0.003345833,88231.25,0.0,3.025000045,2.600000039,0.186817061,6.723865011089895,0.177591225483659
2005-06-10,341.0291717,311.483338,296.3000044,0.004670833,88063.33333,0.0,3.216666715,1.36250002,0.186867279,6.71401067483882,0.2525266779483393
2005-06-11,339.6875051,331.2500049,297.3083378,0.006804166,87897.08333,0.0,2.554166705,3.041666712,0.186903506,7.220604755515516,0.3453399864511348
2005-06-12,339.9458384,328.7250049,296.7750044,0.0069,88224.16667,0.0,2.420833369,3.054166712,0.186953721,7.313060636454221,0.363068489342954
2005-06-13,340.3500051,334.9666717,298.9666711,0.006283333,88502.91667,0.0,1.775000026,-0.991666681,0.187004574,7.319827662087888,0.2906100279677593
2005-06-14,339.3625051,332.6708383,300.9708378,0.005033333,88330.41667,0.0,1.254166685,0.575000009,0.187040802,6.623596956220461,0.2062928959524876
2005-06-15,335.3666717,346.2166718,301.7041712,0.006029167,88374.58333,0.0,2.183333366,1.075000016,0.187076393,6.77761127941515,0.2368108395649189
2005-06-16,342.8375051,334.6833383,301.5041712,0.005504167,88545.83333,0.0,3.095833379,1.845833361,0.187167306,6.669328162931726,0.2191627392610912
2005-06-17,349.3000052,311.3000046,301.0166712,0.003875,88452.91667,0.0,3.054166712,1.82083336,0.187246002,5.986291724217955,0.1586099057877075
2005-06-18,349.5875052,304.2166712,299.7625045,0.003195833,88366.66667,0.0,2.90416671,1.700000025,0.187324065,6.71328950237143,0.1407452015340568
2005-06-19,278.4708375,334.612505,301.3666712,0.003658333,88577.5,0.0,1.979166696,0.100000001,0.187402125,4.598658760734123,0.1468985664439362
2005-06-20,301.3708378,350.4750052,301.9333378,0.003941667,88555.83333,0.0,1.112500017,-0.308333338,0.187494808,5.091942261234166,0.1530703360959383
2005-06-21,306.2291712,373.0958389,302.6625045,0.0051625,88640.41667,0.0,-0.266666671,0.875000013,0.187573503,5.753130742310893,0.1923202739053173
2005-06-22,334.3666716,358.7750053,304.1500045,0.0056375,88670.0,0.0,-3.229166715,2.383333369,0.187651563,2.0090235794560978,0.1927743675968546
2005-06-23,310.8625046,371.3041722,303.5291712,0.006416667,88578.75,0.100000001,2.287500034,-0.787500012,0.187744246,4.729428459086259,0.2271756816881664
2005-06-24,331.3250049,371.6083389,302.0500045,0.007158333,88602.91667,0.400000006,2.71250004,-1.475000022,0.187822945,7.519122593055375,0.2762442845509936
2005-06-25,325.8000049,370.4916722,302.7583378,0.006329167,88410.0,0.0,2.537500038,-1.408333354,0.187901005,6.002182255501539,0.2338634934362595
2005-06-26,330.3875049,356.0208386,300.9166712,0.0055625,88356.66667,0.0,3.208333381,0.179166669,0.187993688,6.32045256598797,0.2287774190501845
2005-06-27,336.9333384,349.0000052,302.0125045,0.005245833,88471.25,0.0,2.400000036,0.337500005,0.188072383,5.357518197394118,0.2025822211527019
2005-06-28,307.0416712,383.020839,302.9750045,0.005483333,88413.75,0.0,3.166666714,-1.104166683,0.188150443,4.126938653894968,0.2000860989955242
2005-06-29,337.9833384,349.4875052,302.7958378,0.004975,88450.83333,0.0,2.979166711,-1.475000022,0.188228503,3.7629398196698816,0.1835115980703036
2005-06-30,324.2958382,345.8000052,302.6125045,0.003479167,88484.58333,0.0,3.054166712,-1.458333355,0.188321189,2.1926074405279845,0.1297593733863206
2005-07-01,310.0625046,352.4791719,303.9250045,0.004391667,88580.0,0.0,3.270833382,-0.558333342,0.188399885,3.663772007668929,0.1519754793151289
2005-07-02,308.5958379,365.3666721,303.8000045,0.006675,88558.33333,0.0,3.608333387,-0.612500009,0.188477944,3.19406461814492,0.2326038050988811
2005-07-03,310.183338,356.054172,303.0500045,0.005995833,88522.08333,0.0,3.570833387,-0.250000004,0.188570627,3.4114953908830925,0.2181046978194018
2005-07-04,308.7333379,359.3000054,303.1583379,0.0060625,88570.41667,0.0,2.845833376,-1.520833356,0.1886347,3.291536816723622,0.2192694758312601
2005-07-05,309.6208379,354.5875053,303.4916712,0.005004167,88634.16667,0.0,2.412500036,-1.450000022,0.188726746,2.034540931130489,0.1776628127596695
2005-07-06,310.558338,345.4000051,303.1375045,0.004404167,88596.66667,0.0,3.291666716,-0.875000013,0.188805442,1.895292580895352,0.159530227292169
2005-07-07,310.120838,353.3583386,303.4208379,0.005545833,88656.25,0.0,3.541666719,-0.404166673,0.188898128,2.639658374636304,0.1977504468283399
2005-07-08,307.9916713,362.1958387,302.5833378,0.006491667,88746.25,0.0,3.062500046,0.479166674,0.188976824,4.321027619211264,0.243242164149472
2005-07-09,312.9375047,340.2583384,301.6041712,0.0051375,88575.83333,0.0,2.829166709,0.883333346,0.189054884,4.274644696569121,0.2034361161032259
2005-07-10,313.0875047,331.5125049,301.1166712,0.004508333,88520.83333,0.0,3.400000051,0.045833334,0.189147566,4.284915266721098,0.1835914678416834
2005-07-11,311.9916713,331.5500049,301.3958378,0.004216667,88635.83333,0.0,3.416666718,-0.929166681,0.189226262,3.999720787058189,0.1691398665760131
2005-07-12,172.9583359,358.7333387,303.1166712,0.003866667,88775.83333,0.0,2.275000034,-1.78333336,0.189304322,0.7727049110817381,0.1405133267962147
2005-07-13,248.145837,384.2708391,304.9583379,0.004829167,88772.08333,0.500000007,-0.070833334,0.400000006,0.189397008,5.394738591009495,0.1578387140128851
2005-07-14,292.1708377,386.2291724,303.7458379,0.007441666,88612.5,0.0,2.345833368,-0.320833338,0.189475704,4.870383328915027,0.2602900130204665
2005-07-15,293.0708377,391.1458392,305.1291712,0.008725,88506.66667,0.0,3.687500055,-0.691666677,0.189553763,3.469527171575275,0.2815590260343864
2005-07-16,300.3375045,393.2500059,305.2916712,0.008983333,88535.0,0.0,2.541666705,-1.98750003,0.18938008,3.3788880492700715,0.2873130459098177
2005-07-17,299.4083378,392.2000058,304.8583379,0.0081375,88361.25,0.800000012,3.104166713,-2.045833364,0.189195451,5.434757656361082,0.2662565956966617
2005-07-18,288.6375043,386.4708391,303.9708379,0.007979166,88268.33333,1.700000025,3.000000045,-1.233333352,0.189010821,14.006964960673418,0.2744257070770556
2005-07-19,292.7458377,387.2375058,304.2708379,0.0085125,88305.0,0.70000001,0.958333348,0.062500001,0.188826192,15.487006372426148,0.2878809342270951
2005-07-20,290.2583377,401.312506,304.4208379,0.0106375,88521.25,5.500000082,2.116666698,-0.704166677,0.188641563,64.16318302707452,0.3575345048756675
2005-07-21,269.0541707,400.8041726,303.4833379,0.0109625,88572.91667,0.200000003,0.812500012,-0.991666681,0.188456934,27.92527219009272,0.3891197044428125
2005-07-22,160.2875024,394.7625059,302.3291712,0.009491666,88724.58333,0.0,-4.583333402,2.720833374,0.188257682,12.528925832010978,0.3608662083868278
2005-07-23,264.4958373,405.075006,299.7208378,0.0128625,88961.25,3.300000049,-2.600000039,4.108333395,0.188087044,40.94606584274933,0.5716929638622437
2005-07-24,258.3125038,393.7750059,299.7541711,0.011391666,88790.0,11.70000017,0.004166667,1.37500002,0.18790305,108.29500029689792,0.5043446609773922
2005-07-25,268.3583373,395.6708392,299.9833378,0.0115875,88625.0,3.200000048,2.395833369,-0.370833339,0.187722447,104.56107164367896,0.5051407480836
2005-07-26,269.1291707,390.4375058,301.7875045,0.011495833,88555.0,0.100000001,3.208333381,-1.075000016,0.18754148,63.915744354617786,0.4502480221431916
2005-07-27,251.9916704,392.4041725,301.3916712,0.010595833,88524.58333,5.800000086,1.404166688,-1.187500018,0.187345864,77.44379372867989,0.4245927297460434
2005-07-28,288.1625043,370.2416722,299.4000045,0.008558333,88662.08333,10.00000015,-3.058333379,1.358333354,0.187149614,174.35818486686082,0.3864174756140157
2005-07-29,262.5833372,371.9125055,299.9875045,0.009075,88736.66667,3.100000046,-2.475000037,1.75833336,0.186967983,90.36079804280398,0.3960124113056948
2005-07-30,88.30833465,413.5375062,297.9333378,0.013475,89062.5,7.40000011,-2.03750003,2.858333376,0.186786988,57.84577171425216,0.6673049071007905
2005-07-31,105.8583349,422.0375063,296.2750044,0.0153625,89192.08333,12.00000018,-1.737500026,2.475000037,0.186606012,66.98723917660894,0.8424975548014054
2005-08-01,283.2958376,389.1458391,299.7333378,0.0119375,88901.25,4.00000006,0.183333336,1.016666682,0.186425033,106.63278505369853,0.5298282838964242
2005-08-02,280.4333375,383.058339,299.1875045,0.011366666,88675.41667,0.600000009,2.550000038,-0.895833347,0.18622939,84.77625273081892,0.5198403329030639
2005-08-03,300.7000045,368.1083388,298.3166711,0.010829166,88639.58333,0.400000006,3.033333379,-0.379166672,0.186047776,49.528136935979305,0.5215614464616617
2005-08-04,263.9125039,374.3250056,298.2458378,0.011033333,88750.41667,0.800000012,2.554166705,-1.275000019,0.185866809,30.164515439390414,0.5343290766619601
2005-08-05,268.825004,371.1708389,298.8625045,0.010179166,88745.83333,2.500000037,-1.020833349,-0.395833339,0.185685799,37.50757936523414,0.4750386636919579
2005-08-06,268.1291707,387.7916724,299.5416711,0.008866666,88772.5,0.0,-2.420833369,1.733333359,0.185504841,26.67443618566526,0.3974697438655593
2005-08-07,220.6083366,383.420839,300.2250045,0.009141666,88689.16667,2.400000036,-0.19166667,1.075000016,0.185309163,28.937443579758224,0.3931347344972039
2005-08-08,269.862504,386.8458391,299.2541711,0.010525,88709.16667,0.0,-0.45833334,0.083333335,0.185127557,25.6277104601288,0.4796191762444234
2005-08-09,224.1000033,388.0250058,297.5500044,0.012145833,88815.41667,2.400000036,2.437500036,0.479166674,0.184946559,28.359043830103385,0.613852067335628
2005-08-10,233.0791701,380.7291723,297.1500044,0.013195833,88967.5,4.900000073,1.708333359,0.604166676,0.184750964,50.79252060682982,0.6844348010050028
2005-08-11,284.4916709,378.0500056,297.4083378,0.011720833,88720.41667,0.0,2.562500038,-0.270833337,0.184569344,41.29937241033294,0.5968301677079517
2005-08-12,227.8583367,377.795839,298.2083378,0.012266666,88631.66667,0.0,3.520833386,-0.083333335,0.184373723,21.30433518898004,0.5946020234941527
2005-08-13,212.9500032,383.9000057,296.5541711,0.011841666,88579.58333,16.80000025,2.220833366,1.98750003,0.18419209,116.1654795434032,0.6340662840353534
2005-08-14,174.5708359,365.0958388,295.0833377,0.011633333,88497.91667,13.3000002,1.98750003,1.583333357,0.184011107,81.15483870521214,0.6810083898243942
2005-08-15,290.0750043,344.3000051,294.7583377,0.009554166,88705.0,0.0,0.400000006,2.004166697,0.183830123,74.83705171771882,0.571955240789794
2005-08-16,265.362504,361.0833387,297.0666711,0.010158333,88795.0,0.200000003,1.550000023,0.145833336,0.18378984,47.53448175551468,0.5285300849604074
2005-08-17,266.862504,375.2166723,298.3125044,0.011533333,88725.41667,1.600000024,2.033333364,0.079166668,0.183755708,46.92132556457486,0.5561531177819805
2005-08-18,284.6541709,374.4000056,298.7666711,0.011745833,88681.66667,0.600000009,2.48333337,0.087500001,0.183721597,36.95978319249421,0.5509063145462889
2005-08-19,266.175004,382.8375057,298.9291711,0.011725,88581.25,4.500000067,2.387500036,-0.704166677,0.183672798,62.54230329560097,0.5439906708774698
2005-08-20,285.4083376,361.7041721,298.5208378,0.010033333,88707.91667,0.0,1.700000025,-1.404166688,0.183637997,36.01239187786369,0.477712651018461
2005-08-21,285.8500043,360.2583387,298.8625045,0.00915,88723.33333,0.0,0.062500001,-0.529166675,0.183618501,25.69142532035281,0.4269015521662451
2005-08-22,247.495837,382.420839,300.4208378,0.0099125,88629.58333,2.70000004,0.808333345,2.095833365,0.18357039,37.243171092745655,0.4210897720570877
2005-08-23,158.3208357,376.3166723,297.0166711,0.0118,88665.41667,6.600000098,2.287500034,2.029166697,0.18353564,50.92235328063644,0.6149115086972504
2005-08-24,262.4083372,351.8791719,295.3000044,0.01095,88631.66667,1.900000028,1.404166688,1.720833359,0.18350149,56.810929279236376,0.6334706987944662
2005-08-25,274.6458374,369.1000055,298.1750044,0.0117125,88782.08333,0.400000006,1.912500028,-0.479166674,0.183467221,44.92149336584876,0.5698447352464042
2005-08-26,281.0666709,370.3875055,300.7083378,0.011166666,88758.33333,0.0,2.425000036,-2.312500034,0.183432992,32.2688377454097,0.4670577207505637
2005-08-27,279.5208375,370.5250055,300.7875045,0.010416666,88561.25,0.0,3.162500047,-1.458333355,0.183398823,22.350099542538512,0.432695544403768
2005-08-28,281.0875042,362.7666721,300.4416711,0.010154166,88447.5,0.0,3.141666713,-1.654166691,0.18336467,17.027947693598563,0.4299398026793459
2005-08-29,279.9791708,361.1125054,301.0541712,0.0092,88377.5,0.0,2.187500033,-2.170833366,0.183330532,14.417833469047522,0.3754200550626677
2005-08-30,280.3416708,354.7958386,301.2625045,0.0082125,88392.91667,0.0,3.14583338,-1.666666692,0.183296407,13.10758327281069,0.3311011300880963
2005-08-31,277.3041708,356.991672,300.0541711,0.009395833,88565.0,0.0,3.316666716,0.462500007,0.183262273,12.100845196078378,0.4076047799842314
2005-09-01,247.3416704,363.4208387,299.7208378,0.009491666,88557.91667,0.300000004,1.925000029,0.645833343,0.183213509,11.013790042451324,0.4199585441600618
2005-09-02,255.9500038,369.7750055,299.1791711,0.0089125,88684.58333,4.500000067,0.079166668,1.345833353,0.183178744,36.17650104652513,0.4078470586880898
2005-09-03,247.3250037,365.0333388,298.0541711,0.008816666,88869.16667,0.0,1.12083335,1.545833356,0.183144627,22.839437263413032,0.4325090178841325
2005-09-04,268.800004,357.1208387,297.3583378,0.009225,88829.16667,0.0,1.404166688,1.841666694,0.18311054,18.35519666448937,0.4717422995701645
2005-09-05,233.4041701,381.345839,299.1625045,0.0110625,88742.08333,0.0,2.00000003,-0.604166676,0.183076463,14.93047216870642,0.5070661907271234
2005-09-06,266.225004,379.9000057,299.0333378,0.009533333,88731.66667,0.0,0.987500015,-0.854166679,0.183042335,15.785478817484057,0.4403071315029983
2005-09-07,255.3875038,371.3708389,299.5416711,0.0089125,88735.83333,1.700000025,0.975000015,-0.854166679,0.183008101,20.857555893028348,0.3993593438584522
2005-09-08,197.2666696,381.3791723,297.8541711,0.009275,88724.58333,10.60000016,-1.883333361,1.683333358,0.18297391,84.22561001780544,0.4597599480886225
2005-09-09,261.2666706,359.4000054,296.7416711,0.008741666,88595.0,3.500000052,2.120833365,2.379166702,0.182939786,94.10082558260667,0.4628450682932106
2005-09-10,261.8291706,350.2333386,295.8958377,0.010566666,88527.91667,0.0,2.333333368,3.78333339,0.182891108,47.26923083182692,0.588659830640931
2005-09-11,266.987504,344.4708385,296.7250044,0.01005,88667.08333,0.0,1.379166687,4.066666727,0.182871038,29.510065706171428,0.5330905058433323
2005-09-12,264.7333373,344.5666718,296.7958378,0.009820833,88698.75,0.0,1.645833358,3.537500053,0.182822895,21.028345665894506,0.5188808500706079
2005-09-13,269.637504,307.9833379,294.5208377,0.0063,88625.83333,0.0,2.01250003,3.066666712,0.182788118,16.138262093266412,0.382382452900693
2005-09-14,266.3583373,307.9708379,293.7375044,0.0059625,88589.16667,0.0,2.166666699,3.104166713,0.18275392,13.85447489185549,0.3797686184870991
2005-09-15,267.4666707,301.2750045,293.529171,0.005425,88764.16667,0.0,0.829166679,1.533333356,0.182719735,11.338943682318352,0.3507392496167177
2005-09-16,264.8291706,305.7375046,295.5791711,0.005395833,88811.25,0.0,1.016666682,3.425000051,0.182578428,11.45609146157258,0.3074693559160724
2005-09-17,260.5666705,321.5708381,296.9958378,0.0055,88617.5,0.0,1.841666694,3.570833387,0.182447139,11.384753550215375,0.2868188474560368
2005-09-18,255.0458371,332.6583383,297.5333378,0.006025,88639.16667,0.0,1.654166691,3.500000052,0.182287132,10.56245765364909,0.30420635893937
2005-09-19,205.1041697,349.8833385,297.9125044,0.0074125,88970.0,0.200000003,0.341666672,1.995833363,0.182155077,7.81670931660761,0.3671590661594054
2005-09-20,249.5041704,346.2125052,297.3125044,0.007454166,89008.75,0.100000001,-1.116666683,0.062500001,0.182009682,8.74517021150366,0.3830184492807448
2005-09-21,237.3875035,360.4583387,299.3166711,0.0084375,88768.33333,0.0,1.341666687,-0.266666671,0.181863608,7.96335107083091,0.3833176910996901
2005-09-22,242.4458369,357.3750053,298.2833378,0.008691666,88644.16667,0.200000003,2.70000004,-0.808333345,0.181721741,8.328474656456603,0.4194748313304906
2005-09-23,247.0500037,342.5916718,297.6750044,0.007779166,88456.66667,0.0,2.300000034,0.341666672,0.181580826,7.484981722192755,0.3886262170968692
2005-09-24,248.945837,330.8000049,298.4041711,0.0065125,88434.16667,0.0,2.508333371,2.512500037,0.181431225,7.536140024616851,0.3112920395474705
2005-09-25,246.4666703,329.9833383,297.6083378,0.0063875,88572.91667,0.0,2.375000035,1.845833361,0.181294701,6.940132867987875,0.3208108573489992
2005-09-26,239.1041702,343.7791718,298.5750044,0.006483333,88734.16667,0.0,0.637500009,0.195833336,0.18114574,5.757205249921667,0.3077778394632466
2005-09-27,238.4208369,352.3541719,299.8291711,0.007416666,88690.83333,0.0,2.283333367,-0.137500002,0.181011537,6.328875782019746,0.3265339638619995
2005-09-28,239.5666702,345.4125051,298.5041711,0.007341666,88551.25,0.0,2.71250004,-1.041666682,0.180863385,6.369535172110813,0.3492872446568217
2005-09-29,237.7166702,341.4958384,297.7083378,0.007025,88507.5,0.0,2.658333373,0.862500013,0.180714605,6.054436275091011,0.3504458049412298
2005-09-30,243.845837,302.2458378,294.6125044,0.00485,88494.16667,0.0,2.883333376,0.245833337,0.180565812,5.344773607386177,0.2922746725778978
2005-10-01,243.3791703,301.9708378,294.2666711,0.004316667,88492.91667,0.0,2.704166707,0.22916667,0.180431621,5.3547592935689,0.2657605548014785
2005-10-02,239.1375036,340.0375051,295.3083377,0.00565,88494.16667,0.0,0.691666677,0.575000009,0.180283428,5.351744761619025,0.3261850280997267
2005-10-03,227.8625034,335.4958383,295.6416711,0.007270833,88560.0,0.0,1.016666682,2.887500043,0.180134696,5.715491983946932,0.4115587534918175
2005-10-04,230.6833368,357.2500053,296.0166711,0.009575,88539.16667,0.200000003,2.162500032,1.679166692,0.180001602,6.231193562803876,0.5295529920798507
2005-10-05,232.7166701,345.3000051,296.1291711,0.0098,88438.33333,0.0,0.979166681,-0.333333338,0.179850766,5.475126977058831,0.5376690232131771
2005-10-06,229.2000034,342.6750051,296.3750044,0.007558333,88425.41667,0.0,0.841666679,-0.237500004,0.179711499,5.372495037174529,0.408445194404352
2005-10-07,228.6333367,346.3166718,294.9375044,0.007941666,88412.5,0.0,-2.183333366,1.366666687,0.179558809,6.123031002225014,0.4686453633814201
2005-10-08,218.5583366,326.1125049,294.6708377,0.007025,88229.58333,0.0,2.2666667,2.087500031,0.179433813,5.65676553296524,0.420561361361822
2005-10-09,231.1833368,315.6041714,293.6875044,0.008425,88012.5,0.0,4.075000061,4.204166729,0.179280766,5.934548855143903,0.534781467632047
2005-10-10,232.5958368,286.0250043,289.8125043,0.005891667,88302.5,0.0,4.416666732,1.008333348,0.17913136,4.8358203570146685,0.47938259810542
2005-10-11,232.8250035,260.1625039,286.8416709,0.003370833,88617.5,0.0,1.950000029,0.983333348,0.17898553,3.767153300892696,0.33384493385851
2005-10-12,229.7333368,267.1583373,288.3083376,0.003458333,88525.41667,0.0,0.745833344,0.287500004,0.178854472,3.294416909673328,0.3108819650879111
2005-10-13,217.1125032,279.4250042,288.4333376,0.003929167,88623.33333,0.0,-0.900000013,-1.925000029,0.178709423,3.739537806748332,0.3507389510353819
2005-10-14,184.1041694,308.5291713,290.4500043,0.006166667,88862.08333,0.0,-4.595833402,0.691666677,0.178563742,4.0046309121577455,0.4847393887852597
2005-10-15,218.6166699,301.5791712,289.2333376,0.005420833,88682.08333,2.100000031,-0.600000009,3.012500045,0.178410346,7.159994737135816,0.4597885512436776
2005-10-16,209.1250031,295.8125044,290.2875043,0.005325,88451.66667,0.0,-1.37500002,3.816666724,0.17832416,6.1700991747928775,0.4209958581194086
2005-10-17,154.6083356,328.0250049,291.4708377,0.0054125,88732.08333,0.0,-2.137500032,3.162500047,0.178255534,5.260350056619181,0.3981202456029822
2005-10-18,206.8541697,336.2541717,293.8000044,0.008079166,88681.25,0.100000001,0.516666674,4.4958334,0.178169361,6.306065742196864,0.5131202156075885
2005-10-19,215.9166699,292.3958377,288.9708376,0.0072,88781.25,0.0,2.154166699,0.404166673,0.178096824,4.105680861687851,0.6218279380756905
2005-10-20,215.7625032,268.6166707,287.629171,0.0048,88713.33333,0.0,0.425000006,-0.47083334,0.178010292,3.636160133425769,0.4519668207755699
2005-10-21,204.5166697,288.3083376,290.441671,0.004254167,88561.66667,0.0,-1.083333349,1.329166686,0.177937744,3.918786089122545,0.3334516134747021
2005-10-22,211.0250031,284.9250042,291.004171,0.0044375,88581.66667,0.0,0.387500006,1.216666685,0.177851211,3.6109596923192298,0.3356477580449884
2005-10-23,210.2916698,280.2833375,290.241671,0.004754167,88425.41667,0.0,1.608333357,0.908333347,0.177778662,3.3986359884530244,0.3768574289336395
2005-10-24,207.6708364,285.9583376,290.616671,0.0050625,88638.33333,0.0,-1.016666682,2.495833371,0.17769213,3.5214479212894867,0.3927420631749165
2005-10-25,206.6375031,280.6958375,290.0333377,0.004516667,88733.75,0.0,-1.504166689,3.56666672,0.177619585,3.621764063633652,0.3641046133469702
2005-10-26,204.9333364,280.2583375,289.029171,0.0050875,88631.66667,0.0,2.00000003,0.87916668,0.177533049,2.867689809891517,0.4369913900442701
2005-10-27,202.8208364,269.1208373,288.0375043,0.004575,88692.5,0.0,0.775000012,1.225000018,0.177460504,2.372793820543509,0.4193618863672941
2005-10-28,194.0958362,286.9875043,289.104171,0.005216667,88815.83333,0.0,0.166666669,3.241666715,0.177373962,2.8036116962666555,0.4468477084419996
2005-10-29,198.475003,280.2291708,287.3916709,0.004991667,88916.25,0.0,1.750000026,2.345833368,0.177292467,2.490748575653951,0.4784619155113205
2005-10-30,197.0833363,275.1458374,287.4291709,0.004666667,89071.66667,0.0,1.966666696,1.016666682,0.177211409,2.262172598527246,0.4469935903327395
2005-10-31,200.012503,260.2583372,286.8666709,0.004183333,89249.16667,0.0,0.19166667,-1.829166694,0.177143185,1.959383689377852,0.4165824908487143
2005-11-01,192.3791695,263.4791706,289.2875043,0.002870833,89274.58333,0.0,-3.662500055,1.233333352,0.177051918,2.68708340837995,0.2442728088577644
2005-11-02,182.8291694,272.1166707,291.3333377,0.002858333,89065.41667,0.0,0.120833335,3.095833379,0.176974247,2.530483248751063,0.2128842479366297
2005-11-03,167.4708358,284.6541709,290.4333377,0.003404167,88947.5,0.0,2.333333368,3.608333387,0.176897215,2.6992499987651324,0.268131792296935
2005-11-04,187.4541695,273.4541707,288.7333376,0.00395,88591.25,0.0,1.887500028,3.016666712,0.176820183,2.4141400842283534,0.3456821101714298
2005-11-05,185.5500028,265.3416706,288.029171,0.004220833,88545.41667,0.0,2.537500038,1.320833353,0.176743148,2.013201916992765,0.3864656242285516
2005-11-06,184.7541694,264.7083373,288.7375043,0.003658333,88755.0,0.0,0.833333346,0.887500013,0.176651494,1.585203919304283,0.3206622763816154
2005-11-07,175.2750026,277.6000041,289.9000043,0.003308333,88649.58333,0.0,0.520833341,3.045833379,0.176588449,2.3304045491575573,0.2687312659445691
2005-11-08,173.7958359,285.4041709,291.3833377,0.003983333,88848.33333,0.0,0.304166671,3.162500047,0.176497427,2.401894862309605,0.2950124377445914
2005-11-09,171.3833359,315.0166714,291.3333377,0.0071125,88870.41667,0.0,-2.03750003,3.262500049,0.176419759,2.4393678068667795,0.5285682788012009
2005-11-10,174.6250026,274.2541708,290.4375043,0.0035625,88918.33333,0.0,-1.525000023,3.787500056,0.176342728,2.39010103229134,0.2804363422751873
2005-11-11,174.7250026,285.3833376,288.091671,0.004375,88773.75,0.0,1.37500002,3.395833384,0.17625107,2.012116633022914,0.3999836310907438
2005-11-12,175.3666693,266.337504,285.6625043,0.0055625,88822.91667,0.0,1.595833357,-1.379166687,0.176173402,1.167014506366913,0.5969072530178827
2005-11-13,176.520836,255.1333371,286.7666709,0.0046125,88972.91667,0.0,-0.275000004,-0.954166681,0.176096371,0.9111718073815496,0.4609184397394678
2005-11-14,173.3958359,248.0541704,287.2583376,0.0024375,88865.83333,0.0,0.275000004,1.175000018,0.176019336,0.92160238290526,0.2355547731468623
2005-11-15,170.0791692,254.2291705,284.8208376,0.003195833,88776.66667,0.0,2.087500031,0.087500001,0.175942304,1.0066565781192676,0.3625220712551869
2005-11-16,170.6291692,249.033337,285.0375042,0.003083333,89167.5,0.0,-3.650000054,0.370833339,0.175750641,1.1062942959098605,0.3462558275970244
2005-11-17,170.4541692,243.8375036,284.3500042,0.0029625,89032.91667,0.0,-2.383333369,0.708333344,0.175539371,0.8387622588585107,0.3478152277412975
2005-11-18,170.8666692,233.4166701,283.4125042,0.002475,88967.5,0.0,-0.754166678,-2.137500032,0.175342088,0.7524498785859791,0.3092837752565342
2005-11-19,170.2333359,224.92917,282.9250042,0.0020375,88880.0,0.0,-1.670833358,-0.258333337,0.175130815,0.630055434197222,0.2628987565687671
2005-11-20,168.5000025,238.2250035,284.7583376,0.002358333,89100.41667,0.0,-3.883333391,0.625000009,0.174933532,1.034093734429182,0.2696189486158888
2005-11-21,168.0041692,227.3250034,283.3791709,0.00205,89179.58333,0.0,-3.462500052,0.954166681,0.174736885,0.884451507255511,0.2573642974295064
2005-11-22,163.9291691,227.3375034,282.8375042,0.0017875,88990.83333,0.0,-2.845833376,1.429166688,0.174525615,0.8159896082285137,0.2323043814305486
2005-11-23,124.2083352,271.5916707,284.8958376,0.001608333,88892.91667,0.0,1.050000016,0.875000013,0.174328333,0.6416271373112552,0.1817686873035378
2005-11-24,121.6875018,306.3791712,285.6375043,0.002608333,88603.33333,0.0,2.337500035,-0.045833334,0.174131686,0.984534255783494,0.2796697442064356
2005-11-25,158.3125024,275.3875041,285.2833376,0.003916667,88537.08333,0.0,2.341666702,-0.233333337,0.173935035,0.9170552808837924,0.4296335185026985
2005-11-26,156.1833357,248.895837,283.1875042,0.003679167,88444.58333,0.0,3.583333387,2.108333365,0.173723765,0.777146573574788,0.4640673273414833
2005-11-27,161.5416691,242.6875036,282.5250042,0.004158333,88233.33333,0.0,7.441666778,0.162500002,0.173526483,0.8015673307144927,0.5473240131444896
2005-11-28,162.9083358,214.1875032,279.3458375,0.001558333,88813.33333,0.0,3.608333387,-2.533333371,0.173329836,0.6393594335538626,0.2570681305631225
2005-11-29,156.2375023,236.2750035,280.0041708,0.0011,88777.91667,0.0,0.745833344,-0.558333342,0.173118566,0.5191731944056115,0.1732548621043326
2005-11-30,155.5750023,248.2875037,281.8875042,0.002808333,88582.91667,0.0,1.991666696,0.491666674,0.172921283,0.6448850834788696,0.3876021718681866
2005-12-01,158.4750024,237.7625035,282.5583375,0.003041667,88765.41667,0.0,0.504166674,0.558333342,0.17271001,0.4387970215391513,0.4018488571220136
2005-12-02,158.2000024,235.2833368,283.8166709,0.001908333,88760.83333,0.0,2.145833365,1.812500027,0.172512727,0.8104691336148988,0.2315172613486134
2005-12-03,150.9916689,259.4958372,284.0291709,0.002745833,88502.08333,0.0,3.754166723,1.491666689,0.17231608,0.9598368145983552,0.3274345007553542
2005-12-04,160.3708357,226.3375034,279.9250042,0.003170833,88797.08333,0.0,2.845833376,-0.845833346,0.17210481,0.471386270028776,0.5022845665131874
2005-12-05,162.1458357,195.2125029,276.8208375,0.001454167,89163.75,0.0,-1.854166694,-1.266666686,0.171907527,0.2881906969786176,0.2878306521346601
2005-12-06,162.6083358,189.3083362,276.3583375,0.000733333,88779.16667,0.0,-0.987500015,-0.112500002,0.171710877,0.2103060110926863,0.1493845165388559
2005-12-07,160.0791691,189.9500028,275.8458374,0.000791667,88620.83333,0.0,2.091666698,0.275000004,0.171499607,0.2358271568572089,0.1670120600672711
2005-12-08,150.8833356,213.8250032,277.5625041,0.000991667,88809.16667,0.0,-1.387500021,0.929166681,0.171302324,0.3527351391725761,0.1854588241155198
2005-12-09,135.2083353,240.0208369,278.8375042,0.001145833,88997.08333,0.0,-2.191666699,1.55416669,0.171105677,0.5136322118015388,0.1962745418631111
2005-12-10,144.0125021,232.2416701,280.9416709,0.001666667,88907.91667,0.0,-0.45833334,0.45833334,0.170894407,0.3373124406905544,0.2463728406515396
2005-12-11,143.6916688,240.2541702,281.9375042,0.001791667,88950.83333,0.0,-0.529166675,1.354166687,0.170697125,0.5229136705944538,0.247462510996711
2005-12-12,70.72916772,306.5208379,282.7791709,0.003145833,88852.5,0.0,0.833333346,2.275000034,0.170500474,0.4757895874522121,0.4098188069692405
2005-12-13,145.4791688,310.358338,283.5500042,0.006329167,88713.33333,3.100000046,1.870833361,1.012500015,0.170289204,4.11949489976621,0.7813627076534921
2005-12-14,155.5250023,221.0458366,278.0375041,0.0027,88697.91667,0.0,2.416666703,-1.654166691,0.170091921,1.7832861325093536,0.4876430830370922
2005-12-15,114.008335,243.7541703,278.9708375,0.0022125,88456.66667,0.0,-1.416666688,-0.112500002,0.169880651,1.385905383405382,0.3731815132246986
2005-12-16,154.3083356,263.0291706,279.8666708,0.002370833,88121.66667,0.0,2.550000038,0.858333346,0.169633434,2.161742715574613,0.3742169537129022
2005-12-17,151.2083356,224.4500033,277.6708375,0.002675,88551.25,0.0,1.654166691,2.337500035,0.169384682,1.0371771701592227,0.495002807928837
2005-12-18,152.8708356,239.9250036,278.9541708,0.0032125,89034.58333,0.0,-0.408333339,2.270833367,0.169135929,1.0806431961692435,0.5460287001374905
2005-12-19,152.4791689,229.5500034,279.7333375,0.002245833,89424.16667,0.0,-0.545833341,-0.725000011,0.168887177,1.0456003606978777,0.3630804174512397
2005-12-20,150.4833356,232.2125035,280.4583375,0.002304167,89266.66667,0.0,-0.304166671,-1.529166689,0.168638424,0.9888998630576128,0.3535983640519129
2005-12-21,150.8708356,240.3875036,282.2041709,0.002466667,89252.08333,0.0,-2.650000039,-0.020833334,0.168389668,1.1148680684291707,0.3356745629490062
2005-12-22,150.9208356,246.1625037,283.0625042,0.002608333,89071.25,0.0,-1.904166695,1.070833349,0.168140915,1.0510609805069533,0.334147425064361
2005-12-23,150.1500022,248.8041704,284.1833376,0.0022875,89000.83333,0.0,2.050000031,-0.158333336,0.167892163,1.0418609707235218,0.2714892585706317
2005-12-24,153.6708356,243.6750036,283.7416709,0.003058333,89035.0,0.0,-0.512500008,-1.154166684,0.16764341,0.7492034203811756,0.3740658488197277
2005-12-25,151.6500023,242.6291703,284.0500042,0.002708333,88892.91667,0.0,-0.70000001,1.625000024,0.167394658,0.7469323975163569,0.3239348652740604
2005-12-26,149.0458356,250.7500037,283.7041709,0.003429167,88828.75,0.0,2.004166697,2.004166697,0.167145905,0.724759142753193,0.4195102282073605
2005-12-27,151.9208356,244.333337,282.4875042,0.0035875,89073.75,0.0,3.104166713,-0.154166669,0.166897153,0.5849069715247683,0.4779065183301662
2005-12-28,150.0791689,246.6625037,281.5125042,0.002841667,89000.0,0.0,1.629166691,-1.36250002,0.1666484,0.5604511428101238,0.4043073308277854
2005-12-29,155.4250023,244.9166703,282.1125042,0.002933333,88502.91667,0.0,2.729166707,-0.529166675,0.166399647,0.5997295392640398,0.3983148474990825
2005-12-30,155.091669,223.2875033,280.6000042,0.00255,88457.91667,0.0,1.141666684,0.725000011,0.166150895,0.3806151997281953,0.3839961729542104
2005-12-31,150.2375022,243.6500036,281.5916709,0.002558333,88380.41667,0.0,1.954166696,1.625000024,0.165902142,0.5359355485942839,0.3595030017332173
2006-01-01,147.8916689,263.3958373,282.8458375,0.00345,88440.83333,0.0,3.500000052,0.858333346,0.16565339,0.6163708474473616,0.4453405908407769
2006-01-02,145.0208355,267.8916707,284.3375042,0.003420833,88699.16667,0.0,1.287500019,2.679166707,0.165404637,0.6520320801135557,0.4004563236252477
2006-01-03,140.7458354,268.6583373,284.5250042,0.004125,88951.66667,0.0,2.295833368,1.354166687,0.165155881,0.556547210275728,0.4782158674599128
2006-01-04,157.0208357,220.67917,281.9291709,0.0023,89311.25,0.0,-0.100000001,-1.475000022,0.164907129,0.3575889465580721,0.3191417686401054
2006-01-05,155.1083356,227.9541701,282.5750042,0.00135,89587.5,0.0,-2.562500038,-1.537500023,0.164658376,0.5783901328940934,0.1798025813490799
2006-01-06,158.1958357,214.1833365,280.8541709,0.001529167,89588.33333,0.0,-4.908333406,1.262500019,0.164395,0.5652133585380403,0.2291560292779583
2006-01-07,141.6875021,232.9250035,281.1875042,0.001483333,89043.33333,0.0,-1.420833355,2.500000037,0.164145612,0.4670643657292644,0.2159180428995885
2006-01-08,157.879169,253.1250038,283.1083376,0.001875,88733.75,0.0,2.625000039,0.983333348,0.16389686,0.6466506261829981,0.2385496973990097
2006-01-09,159.454169,211.3041698,280.5458375,0.00145,88942.91667,0.0,0.954166681,-0.529166675,0.163648107,0.2857334264137545,0.2203720225980807
2006-01-10,160.8291691,214.2875032,279.9541708,0.001316667,89161.66667,0.0,-3.320833383,0.583333342,0.163413978,0.447544543982505,0.2090023639527276
2006-01-11,158.6875024,217.5375032,280.6416708,0.001408333,88837.91667,0.0,-1.225000018,1.175000018,0.163151238,0.3648604093663932,0.212374625308839
2006-01-12,160.0833357,214.9750032,280.1166708,0.001516667,88660.83333,0.0,2.44583337,0.925000014,0.162901849,0.3978764858193319,0.2367098066615941
2006-01-13,160.6541691,226.5500034,280.9500042,0.0016375,88963.75,0.0,-1.425000021,0.033333334,0.162653097,0.3800894674543987,0.2420741395072815
2006-01-14,108.9916683,280.7125042,282.4041709,0.002404167,88742.91667,0.0,-1.862500028,2.837500042,0.162404344,0.4852548093037625,0.3208963328895861
2006-01-15,132.6583353,318.4583381,284.7833376,0.004229167,88597.91667,0.0,3.245833382,2.695833374,0.162155592,0.7240432989564483,0.4799745165957229
2006-01-16,158.2750024,247.833337,278.6083375,0.003075,88512.08333,0.0,4.908333406,-1.737500026,0.162370598,0.3512053810811123,0.5323585008560566
2006-01-17,167.2750025,197.7541696,274.2708374,0.0015625,89239.16667,0.0,0.950000014,-1.958333363,0.162595681,0.1912875628172745,0.3720272233407488
2006-01-18,160.0416691,217.9791699,278.4041708,0.0009125,88915.41667,0.0,0.045833334,0.787500012,0.162783885,0.2737010874032503,0.1609921753320151
2006-01-19,166.1416691,224.4458367,279.3583375,0.001733333,88450.41667,0.0,3.800000057,2.983333378,0.162961284,0.4633320846822825,0.2845197480170168
2006-01-20,171.8333359,207.2166698,276.8416708,0.002204167,88666.25,0.0,1.341666687,-1.241666685,0.163154579,0.2094208268425706,0.4332033218221504
2006-01-21,171.3666692,206.0166697,276.8750041,0.001333333,88681.25,0.0,-2.808333375,-0.145833336,0.163346598,0.2613546238565806,0.2614729842042171
2006-01-22,173.4291693,206.7625031,278.2291708,0.001525,88647.5,0.0,-0.850000013,-0.733333344,0.1635507,0.2678580907101932,0.2715730699918474
2006-01-23,169.3875025,216.5250032,279.0833375,0.00175,88711.25,0.0,-4.354166732,0.591666675,0.16374399,0.4170299679280536,0.2936975805227886
2006-01-24,136.3583354,265.0666706,279.9333375,0.002341667,88782.08333,0.0,-4.841666739,1.791666693,0.163936013,0.4589768414795788,0.3706607353746133
2006-01-25,164.5791691,290.3875043,283.9625042,0.003783333,88777.08333,0.900000013,-2.991666711,4.137500062,0.164142023,1.2586689240298186,0.4545897824663435
2006-01-26,176.308336,220.5583366,279.1375042,0.002479167,88979.58333,0.0,1.320833353,0.579166675,0.164334042,0.6511623908961834,0.4157506744878032
2006-01-27,178.7375027,214.8416699,279.3250042,0.001270833,88830.0,0.0,1.487500022,2.141666699,0.164540051,0.7176640650163193,0.2099859114208195
2006-01-28,176.6541693,218.5000033,278.0541708,0.00215,89107.91667,0.0,3.204166714,-0.187500003,0.164746693,0.5213542052241815,0.3896443965909361
2006-01-29,176.8750026,222.9125033,278.2250041,0.001875,88997.91667,0.0,2.745833374,-0.995833348,0.164938716,0.544793718541825,0.3353197138934745
2006-01-30,178.1125027,235.2458368,280.1875042,0.002454167,88853.75,0.0,0.570833342,-0.900000013,0.165144722,0.6527220747851605,0.3819785550723565
2006-01-31,179.695836,238.5375036,282.7208375,0.00245,88463.33333,0.0,2.091666698,1.912500028,0.165336744,0.7703893881867526,0.3190342177470433
2006-02-01,178.0000027,234.1791702,280.0000042,0.002891667,88643.75,0.0,3.675000055,-1.100000016,0.165542754,0.5484423966201211,0.4548937215504501
2006-02-02,182.258336,229.4750034,280.1333375,0.002225,88536.25,0.0,3.504166719,-1.379166687,0.165734773,0.6021344426476348,0.3463720618060956
2006-02-03,184.4041694,236.6166702,282.0250042,0.002441667,88637.5,0.0,2.404166702,-2.100000031,0.165940783,0.6951826433814255,0.3340471921709749
2006-02-04,188.9833361,231.6625035,283.4416709,0.002158333,88768.75,0.0,-0.87916668,-1.100000016,0.166132802,0.650448170592151,0.268579692824037
2006-02-05,179.8416693,238.5291702,285.0291709,0.001629167,88350.0,0.0,2.637500039,0.158333336,0.166338811,0.803390536158511,0.1813775868188548
2006-02-06,196.5250029,214.3250032,282.0291709,0.001308333,88875.83333,0.0,-0.583333342,-1.179166684,0.166530834,0.567557124108885,0.1794246866581598
2006-02-07,190.9375028,200.4041697,278.8041708,0.0009625,89168.75,0.0,-4.570833401,0.850000013,0.16673684,0.5298331000721328,0.1655755254489445
2006-02-08,189.9416695,238.2041702,281.0125042,0.001170833,88902.91667,0.0,-3.520833386,0.887500013,0.166943486,0.7149056112510862,0.1722240728178374
2006-02-09,126.5958352,291.6125043,283.2083376,0.002216667,88442.5,0.0,-2.145833365,1.675000025,0.167135505,0.6447214369541494,0.2791960040685675
2006-02-10,194.5958362,272.4250041,282.6666709,0.003983333,88660.0,0.0,2.545833371,-0.512500008,0.167341514,0.7218484018545224,0.5217726523491752
2006-02-11,201.287503,220.6750033,281.0125042,0.002291667,89105.41667,0.0,1.062500016,-1.775000026,0.167533537,0.5378772997331651,0.3378613459788376
2006-02-12,205.3708364,205.0958364,281.0166709,0.0011375,89460.41667,0.0,-3.504166719,0.42083334,0.167739543,0.6260945965166342,0.1683218537988419
2006-02-13,203.9083364,213.7083365,281.6916709,0.001016667,89007.91667,0.0,-1.608333357,1.091666683,0.167931566,0.5947188795299461,0.1428956912436442
2006-02-14,179.683336,239.5916702,283.3083376,0.001229167,88552.5,0.0,1.708333359,1.575000023,0.168137572,0.6670302571382054,0.1539645759850741
2006-02-15,205.1208364,246.9791703,285.4000043,0.002258333,88259.58333,0.0,3.141666713,5.195833411,0.168329594,1.0577512270973686,0.2450389098061022
2006-02-16,200.4791697,252.3791704,285.7750043,0.003570833,88348.33333,0.0,3.695833388,3.283333382,0.168675451,0.8999495987960072,0.3783021916759206
2006-02-17,119.6083351,304.9083379,284.8833376,0.003395833,88505.41667,1.500000022,0.845833346,3.520833386,0.169028027,1.8379393547747975,0.3824323530536904
2006-02-18,187.4666695,295.9916711,283.1125042,0.004979167,88603.75,0.600000009,2.008333363,3.12083338,0.169380603,2.2027305809579456,0.6323754029744645
2006-02-19,206.7833364,282.5041709,283.1875042,0.004133333,88602.5,0.0,3.12083338,2.300000034,0.169747799,2.1051302840353934,0.5222838814536462
2006-02-20,195.9291696,240.5541703,279.8333375,0.002795833,88641.25,0.0,2.308333368,0.86666668,0.170101011,1.3788616030679484,0.4449325140141082
2006-02-21,201.4291697,243.9166703,280.9166709,0.0024875,88482.91667,0.0,2.525000038,1.587500024,0.170453584,1.4104646862804004,0.3665851313102278
2006-02-22,216.3583366,236.7666702,280.6708375,0.002575,88497.91667,0.0,1.966666696,0.579166675,0.17081617,1.3485737671022902,0.3860412065046761
2006-02-23,183.9666694,252.3166704,282.4375042,0.002754167,88632.91667,0.0,-1.35000002,1.437500021,0.171154967,1.2014875749192266,0.3663240976680485
2006-02-24,214.4791699,253.6250038,284.1958376,0.003266667,88495.41667,0.0,0.054166667,2.333333368,0.171507446,1.3812471694994777,0.3851754100873292
2006-02-25,224.0833367,217.3333366,281.6791709,0.001779167,89005.41667,0.0,0.862500013,-0.016666667,0.171860461,1.1363250999267902,0.2502747255708612
2006-02-26,184.2750027,259.4375039,285.5791709,0.001483333,89039.16667,0.0,-2.050000031,2.041666697,0.172213576,1.297230214075864,0.1604479113886374
2006-02-27,224.45417,245.8416703,284.8291709,0.0016875,88754.58333,0.0,1.891666695,0.808333345,0.172566538,1.3067958508061772,0.1912688800573719
2006-02-28,200.887503,270.1666707,286.1291709,0.002370833,88764.16667,0.0,3.13333338,0.270833337,0.172934235,1.2976960801852122,0.2465051882321264
2006-03-01,183.6583361,319.4458381,289.2375043,0.004879167,88612.91667,0.0,2.404166702,-0.68750001,0.1732733,1.4009753830524814,0.4134112072737748
2006-03-02,234.6416702,279.1166708,286.7041709,0.0049125,88584.16667,0.0,1.208333351,1.279166686,0.173625744,1.3050094749576808,0.4907658951516602
2006-03-03,229.3875034,263.3500039,287.8208376,0.003216667,88532.91667,0.0,0.712500011,3.858333391,0.173978734,1.3452605897034506,0.298506587614927
2006-03-04,233.2291701,253.2041704,285.9458376,0.002575,88595.83333,0.0,1.870833361,3.137500047,0.174331846,1.2124406641491512,0.2704866338361706
2006-03-05,238.5791702,237.9250035,284.5583376,0.001608333,88870.41667,0.0,0.987500015,2.725000041,0.174684931,1.0969598452813372,0.1858701787930811
2006-03-06,238.6375036,243.4916703,286.5875043,0.001475,88891.25,0.0,1.14583335,2.841666709,0.175052595,1.2147966802465842,0.1490056322514643
2006-03-07,103.0208349,328.0625049,287.2833376,0.0034875,88896.66667,0.300000004,3.316666716,1.170833351,0.175406268,0.991783016397104,0.3365897468588224
2006-03-08,241.0625036,268.6958373,283.8583376,0.005679167,88430.41667,0.0,4.94166674,2.095833365,0.175759305,0.9088800387540864,0.6845031710288358
2006-03-09,247.4041704,233.5250035,280.2833375,0.0023625,88155.83333,0.0,4.054166727,0.437500007,0.176097657,0.8501559135470969,0.3624059374514803
2006-03-10,251.4875037,247.4041704,281.7958375,0.003183333,87632.08333,0.0,4.804166738,4.016666727,0.17645008,0.9483118564297626,0.437378940577597
2006-03-11,140.2500021,275.7708374,281.1541709,0.004229167,87844.16667,0.0,4.175000062,6.391666762,0.177028823,0.4882248511575197,0.6087136018421094
2006-03-12,177.5250026,306.9583379,279.0250042,0.004070833,88274.16667,2.70000004,5.491666748,6.487500097,0.187785899,2.5940224132955523,0.6826134537880375
2006-03-13,263.5083373,212.9791698,276.3666708,0.002045833,88914.16667,0.0,1.483333355,-1.12083335,0.195727669,3.0160970005010133,0.4171336511164507
2006-03-14,238.3958369,231.9750035,281.1083375,0.001645833,88673.33333,0.0,-2.679166707,0.24166667,0.185515299,3.153759550428107,0.2398802601781162
2006-03-15,201.025003,302.8166712,285.8375043,0.002520833,88560.0,0.0,2.183333366,1.908333362,0.180380661,3.616973697959174,0.266595882358159
2006-03-16,252.3916704,262.1500039,285.8250043,0.003166667,88843.75,0.0,1.316666686,2.650000039,0.178827481,2.9361314998857977,0.3362488438868261
2006-03-17,236.5791702,276.1291708,287.5208376,0.003466667,88532.08333,0.0,2.108333365,4.112500061,0.178709181,2.6230526632031355,0.3280680597510172
2006-03-18,129.6958353,327.6375049,286.7541709,0.004525,88121.25,0.0,2.495833371,5.154166743,0.178856006,1.633728391127317,0.4482148109914705
2006-03-19,167.4291692,311.8375046,281.3916709,0.004083333,87815.83333,0.600000009,3.854166724,5.075000076,0.179229166,1.5486328813040302,0.5780156661716699
2006-03-20,206.2333364,293.3125044,278.1250041,0.0031875,88264.16667,0.600000009,3.987500059,2.016666697,0.223209402,1.8515669164159392,0.5693462953036391
2006-03-21,270.150004,249.5458371,279.6083375,0.002845833,88349.16667,0.0,1.762500026,2.633333373,0.193595866,2.242567830317172,0.4585272140174981
2006-03-22,279.4666708,238.5250036,280.9541709,0.002970833,88648.75,0.0,3.633333387,-1.275000019,0.18197371,2.005410743689491,0.4375020484443159
2006-03-23,278.5666708,227.0750034,281.7791709,0.002229167,89166.25,0.0,-3.087500046,-0.379166672,0.180304103,2.055605436196473,0.3119977387607668
2006-03-24,282.1250042,235.8583368,284.1458376,0.0018875,88911.25,0.0,-3.633333387,1.466666689,0.180115867,2.3157711608030134,0.2243546477136778
2006-03-25,278.1333375,238.9750036,287.0958376,0.0016125,88635.83333,0.0,1.016666682,1.695833359,0.180255059,2.564647948325323,0.1570899108163387
2006-03-26,253.8666704,260.7916706,287.4208376,0.002120833,88502.5,0.0,3.079166713,1.816666694,0.180432401,2.39007107189492,0.2019545840819366
2006-03-27,188.6291695,330.9833383,289.4083376,0.003741667,88502.5,0.0,1.479166689,2.154166699,0.180633899,2.348568441598209,0.313168875873954
2006-03-28,142.0708355,352.6958386,289.416671,0.004845833,88660.83333,0.0,0.970833348,3.80833339,0.180836037,1.919386724675016,0.4060926111564485
2006-03-29,268.3333373,288.9458376,288.379171,0.005208333,88466.25,0.0,1.983333363,4.94166674,0.181038172,2.3332011020827608,0.46573512573045
2006-03-30,273.3791707,277.9166708,287.5250043,0.005395833,88444.58333,0.0,3.308333383,1.937500029,0.181240309,2.162241314145963,0.5099910695817204
2006-03-31,231.5083368,297.6750044,288.0125043,0.004104167,88547.5,0.0,0.816666679,3.720833389,0.181442444,2.223960718116841,0.376200438511693
2006-04-01,235.6708368,312.3500047,288.1458376,0.004554167,88706.25,0.0,2.579166705,2.704166707,0.181629955,2.373274300878186,0.4145835488209169
2006-04-02,295.6625044,267.5666707,287.466671,0.00425,88898.75,0.0,1.712500026,-0.24166667,0.181831457,2.511201646074111,0.4052976445149129
2006-04-03,270.650004,278.0083375,289.541671,0.002395833,88732.08333,0.0,0.841666679,2.258333367,0.182033592,2.690946044228094,0.1993276967674045
2006-04-04,262.6708372,300.3416711,292.129171,0.003104167,88561.66667,0.0,2.391666702,1.404166688,0.182235729,3.009229727936606,0.2186032246926114
2006-04-05,238.2000035,331.4333383,291.4208377,0.005879167,88511.66667,0.0,4.150000062,4.554166735,0.182437864,3.078335741964328,0.4327411719904215
2006-04-06,307.9208379,252.6083371,286.7166709,0.003791667,88605.0,0.0,4.004166726,-0.42083334,0.182639998,2.6521604479295595,0.3785706041674512
2006-04-07,294.7750044,237.3958369,284.6958376,0.001783333,88501.25,0.0,2.416666703,-0.945833347,0.182842136,2.395621180246603,0.2033584959114112
2006-04-08,302.2375045,243.9875036,288.2000043,0.001579167,88572.5,0.0,0.366666672,0.775000012,0.18304427,2.5492683428465024,0.1430361494879096
2006-04-09,275.0750041,280.3416708,290.3625043,0.002295833,88568.33333,0.0,2.395833369,1.32500002,0.183231785,3.014494824504852,0.1808790625208443
2006-04-10,260.3958372,319.8541714,291.654171,0.004558333,88372.08333,0.0,3.816666724,2.850000042,0.183447907,3.400136423531855,0.330077014436234
2006-04-11,302.8791712,310.2416713,289.8458377,0.005458333,88564.16667,0.0,2.950000044,4.71250007,0.183636054,3.4201902597420566,0.4444878324376233
2006-04-12,308.7458379,282.4208375,291.8708377,0.003758333,88800.41667,0.0,-0.079166668,3.15833338,0.183837556,3.391888400762682,0.2697463508701904
2006-04-13,291.1875043,285.3916709,292.429171,0.0025375,88790.41667,0.0,1.175000018,-0.570833342,0.18403526,2.958938129494705,0.1758062645761908
2006-04-14,281.8958375,316.3625047,294.5333377,0.003679167,88471.66667,0.0,2.466666703,3.12083338,0.184234734,3.663525645908244,0.2227485654783613
2006-04-15,315.7291714,284.4083376,291.466671,0.005083333,88387.91667,0.0,3.733333389,1.733333359,0.184434295,3.4151201060233136,0.3725562035605684
2006-04-16,316.9500047,263.7125039,288.7750043,0.003208333,88448.33333,0.0,2.295833368,-0.100000001,0.184485697,3.07280598345348,0.27956741138011
2006-04-17,316.7541714,269.4583373,289.866671,0.003216667,88516.25,0.0,3.416666718,0.491666674,0.184530657,3.42868266051856,0.2614509690140251
2006-04-18,321.7083381,257.7833372,289.2875043,0.002633333,88473.33333,0.0,2.87916671,-0.145833336,0.184575614,3.3751078180982907,0.2220534557531896
2006-04-19,319.9166714,258.2541705,289.6458376,0.002041667,88445.41667,0.0,1.483333355,0.912500014,0.184620575,3.3304447268905144,0.1681826949591456
2006-04-20,325.2208382,254.3625038,289.479171,0.001958333,88402.5,0.0,3.241666715,0.120833335,0.184665535,3.680432318492337,0.1629777387972853
2006-04-21,296.8041711,266.325004,290.766671,0.001670833,88467.08333,0.0,0.970833348,1.679166692,0.184710496,3.387774404463954,0.1281392788357166
2006-04-22,314.5291714,295.3500044,294.2916711,0.002529167,88284.58333,0.0,0.91666668,4.979166741,0.184755456,4.721639683504708,0.1551039335298397
2006-04-23,326.0625049,282.5125042,292.6958377,0.003758333,88331.66667,0.0,1.958333363,5.312500079,0.184800413,4.766452024497658,0.254740530921248
2006-04-24,323.9000048,250.9291704,288.6208376,0.002633333,88590.41667,0.0,2.466666703,1.991666696,0.184845374,3.714968909475644,0.2321381732250783
2006-04-25,313.4000047,260.2750039,289.3833376,0.002220833,88520.41667,0.0,1.429166688,2.058333364,0.184890334,3.713137219660168,0.1862158381298313
2006-04-26,306.1958379,288.3458376,290.5708377,0.003604167,88341.66667,0.0,0.529166675,4.408333399,0.184935295,4.22207260208098,0.2794868190765644
2006-04-27,325.3416715,295.6375044,290.829171,0.004595833,88236.66667,0.0,0.883333346,6.333333428,0.184980255,4.596537476313133,0.3501480981489583
2006-04-28,262.3916706,293.4750044,285.9333376,0.004045833,88479.16667,0.0,4.062500061,0.90416668,0.185011821,2.959719966929705,0.4247796564524772
2006-04-29,325.6916715,280.0333375,287.0916709,0.0043375,88720.41667,0.0,3.525000053,-1.279166686,0.185059198,3.674986116923507,0.4230785560484091
2006-04-30,327.5041715,280.2458375,290.6958377,0.003458333,88624.16667,0.0,2.900000043,-1.520833356,0.185105975,4.266148906160071,0.2668991262241605
2006-05-01,331.1916716,290.779171,293.1708377,0.00325,88405.0,0.0,2.566666705,-0.575000009,0.185154441,4.531069585580072,0.214005051144858
2006-05-02,330.4458383,293.7833377,294.7000044,0.003058333,88448.33333,0.0,2.312500034,1.016666682,0.185190632,4.644066125915766,0.1832147813907847
2006-05-03,313.020838,287.8833376,293.654171,0.002483333,88443.33333,0.0,2.2416667,3.166666714,0.185234498,4.676581431442334,0.1587317419616297
2006-05-04,340.4833384,275.1541708,292.9833377,0.002679167,88461.66667,0.0,2.283333367,4.225000063,0.18528238,5.112583202080854,0.1786133864254702
2006-05-05,342.4375051,273.3000041,292.3875044,0.003145833,88417.91667,0.0,3.254166715,3.825000057,0.185326674,5.185268157857812,0.217608754660134
2006-05-06,338.5041717,278.2625041,290.929171,0.0032875,88476.25,0.0,2.454166703,0.808333345,0.18537067,4.85168078860959,0.2495549260712802
2006-05-07,340.5333384,278.6666708,291.6625043,0.002891667,88365.41667,0.0,2.058333364,1.57916669,0.185415296,5.072853830225511,0.2092645971420477
2006-05-08,341.1500051,282.8625042,292.4750044,0.003254167,88500.41667,0.0,3.008333378,1.716666692,0.185459948,5.411201051763395,0.2240762027655245
2006-05-09,343.7750051,284.8833376,293.6125044,0.0033875,88300.0,0.0,3.075000046,1.670833358,0.185504599,5.647730537021002,0.2167360236594546
2006-05-10,343.3291718,285.3500043,294.1208377,0.002829167,88491.66667,0.0,2.112500031,0.820833346,0.185534634,5.194663231166141,0.1757612174382327
2006-05-11,341.8583384,291.3625043,295.2041711,0.002658333,88517.08333,0.0,2.2416667,0.641666676,0.18557866,5.015003412590037,0.1544971643879356
2006-05-12,340.0291717,304.1166712,296.4208378,0.0030125,88542.5,0.0,2.854166709,0.225000003,0.185637847,4.966653731627644,0.1625532599004321
2006-05-13,338.1291717,302.6791712,296.4750044,0.003054167,88507.5,0.0,3.291666716,0.558333342,0.185683046,4.741713326799202,0.1641934244057965
2006-05-14,336.3541717,308.4916713,297.0125044,0.003416667,88551.66667,0.0,3.150000047,0.604166676,0.185713036,4.507380576968045,0.1778629827364179
2006-05-15,319.9583381,310.3250046,297.4541711,0.0030625,88596.66667,0.0,1.583333357,1.433333355,0.185757047,3.859805201785832,0.155295192487026
2006-05-16,318.1458381,329.2916716,297.7083378,0.004433333,88652.91667,0.0,-1.683333358,1.575000023,0.185794594,3.9689564506075,0.2215225006258364
2006-05-17,231.5208368,348.0666719,296.8500044,0.0048,88593.33333,0.0,-0.658333343,2.525000038,0.185846454,2.998476543945157,0.2524726243886619
2006-05-18,337.7166717,330.6750049,297.2666711,0.0045875,88602.5,0.0,1.929166695,1.233333352,0.18588432,4.427713407446836,0.2352965077811525
2006-05-19,340.5625051,327.6625049,298.0708378,0.004525,88672.91667,0.0,3.866666724,-0.912500014,0.185926889,4.825978086180208,0.2212653848614692
2006-05-20,342.5541718,324.6583382,298.3041711,0.004191667,88568.33333,0.0,2.933333377,-1.341666687,0.185979028,5.039535049766739,0.2018711312351777
2006-05-21,338.875005,334.2708383,299.0791711,0.004425,88361.25,0.0,2.558333371,0.658333343,0.186019627,5.312871541697196,0.2029635990844063
2006-05-22,343.2000051,325.8791715,297.7416711,0.005045833,88292.91667,0.0,2.658333373,4.908333406,0.186054314,6.208214193517964,0.2505990397794939
2006-05-23,350.1041719,302.6958378,294.0375044,0.005216667,88667.91667,0.0,2.116666698,-0.383333339,0.186104541,5.998443382191806,0.3264138999483417
2006-05-24,352.9125053,292.904171,295.3958377,0.003125,88619.58333,0.0,1.700000025,-0.895833347,0.186140768,6.136453842678926,0.1796985543092931
2006-05-25,350.0916719,300.6041711,297.4416711,0.002908333,88426.66667,0.0,3.112500046,0.875000013,0.186190986,6.475911476012331,0.1473059499187535
2006-05-26,352.7708386,292.1583377,296.8666711,0.002991667,88055.83333,0.0,2.2541667,3.883333391,0.186226447,6.695991616926331,0.1562440818949328
2006-05-27,354.2000053,296.3333377,296.1083377,0.003541667,87918.33333,0.0,2.054166697,5.312500079,0.186271765,7.133280134431557,0.1934142569683355
2006-05-28,348.9791719,310.7041713,295.4750044,0.005116667,88163.75,0.0,2.691666707,4.91666674,0.186316712,7.310945531449202,0.2912928589612647
2006-05-29,350.4333386,300.2125045,294.0375044,0.004095833,88595.41667,0.0,1.766666693,2.658333373,0.18635449,6.831114843365204,0.2560722519669781
2006-05-30,354.0375053,294.0875044,294.8125044,0.003029167,88621.66667,0.0,2.116666698,0.741666678,0.186402653,6.610981848267111,0.1805642551886081
2006-05-31,355.8750053,291.2833377,296.0541711,0.0024,88580.41667,0.0,1.962500029,0.187500003,0.186444884,6.370908077724732,0.1324915796633071
2006-06-01,341.3541718,304.9750045,298.1125044,0.002570833,88712.91667,0.0,1.683333358,0.462500007,0.186482062,5.908185800927835,0.1254513809239083
2006-06-02,303.8208379,340.6000051,300.2041711,0.0033875,88759.58333,0.200000003,-0.262500004,-0.783333345,0.186519254,5.914026761618359,0.1459741275961535
2006-06-03,328.2625049,331.2750049,299.2500045,0.003883333,88603.75,0.100000001,-0.558333342,0.408333339,0.186571125,6.66846095493607,0.1767952632670941
2006-06-04,332.3208383,344.5208385,300.8916712,0.004016667,88369.58333,0.0,1.650000025,-0.620833343,0.186608534,5.815384732070881,0.1654672651712833
2006-06-05,290.441671,362.6125054,302.0041712,0.004891667,88285.83333,0.0,3.595833387,0.270833337,0.186644174,4.374776003704634,0.1886010254523132
2006-06-06,324.7875048,358.8125053,300.9250045,0.0064875,88295.83333,0.100000001,3.429166718,0.0125,0.186694388,6.156800455493529,0.266506743355869
2006-06-07,318.5333381,364.8708388,299.6708378,0.006275,88391.25,0.900000013,1.491666689,1.370833354,0.186745242,9.019611851408422,0.2779397616883509
2006-06-08,328.0208382,362.9750054,299.6000045,0.006575,88502.91667,4.200000063,-0.095833335,2.450000037,0.186781469,40.84974820437398,0.2928268557471578
2006-06-09,335.162505,348.8916719,300.1875045,0.0058,88552.5,0.0,2.03750003,1.720833359,0.186817061,19.75699974403092,0.2495967221773717
2006-06-10,341.0708384,330.1750049,299.6875045,0.004754167,88315.0,0.0,3.033333379,0.883333346,0.186867279,12.673323480102102,0.2101871502021958
2006-06-11,342.7791718,307.0333379,298.5250044,0.003179167,88189.16667,0.0,2.837500042,1.487500022,0.186903506,9.531643807810202,0.1504454853890879
2006-06-12,341.1416718,313.495838,298.9500045,0.003154167,88483.33333,0.0,2.154166699,1.800000027,0.186953721,8.391801014509326,0.1459963119731884
2006-06-13,265.737504,350.8500052,300.7875045,0.003116667,88688.33333,0.0,2.354166702,-2.562500038,0.187004574,5.924939260915929,0.1296483047297309
2006-06-14,311.370838,361.3458387,303.4541712,0.0044375,88576.25,0.0,2.679166707,-2.366666702,0.187040802,3.8519217577869895,0.1577830243312559
2006-06-15,338.087505,330.4125049,301.8791712,0.003704167,88285.83333,0.0,4.208333396,1.629166691,0.187076393,5.098484289650127,0.1438636029872238
2006-06-16,342.2166718,324.8416715,299.4208378,0.00445,88194.16667,0.0,4.320833398,1.845833361,0.187167306,7.11000935099158,0.1996137220486117
2006-06-17,341.9541718,323.7833382,298.9583378,0.004383333,88523.33333,0.0,2.975000044,-0.408333339,0.187246002,7.23424681390424,0.2028810801185959
2006-06-18,342.7875051,321.7083381,300.1333378,0.00365,88722.08333,0.0,2.329166701,-1.016666682,0.187324065,6.550494743822382,0.1578804662213598
2006-06-19,341.3416718,336.612505,301.9708378,0.0042375,88630.0,0.0,2.570833372,1.704166692,0.187402125,5.161334279209807,0.1643359208697827
2006-06-20,338.1208384,349.0458385,302.8916712,0.004825,88650.41667,0.0,3.045833379,1.333333353,0.187494808,4.192961143956816,0.1773904757683294
2006-06-21,297.6875044,361.7333387,302.3375045,0.005883333,88577.91667,3.500000052,3.345833383,-0.395833339,0.187573503,25.24362699457868,0.2232018400091059
2006-06-22,270.5708374,358.7750053,300.1291711,0.00635,88645.0,1.500000022,2.383333369,-2.212500033,0.187651563,24.860374975933716,0.2744978897689635
2006-06-23,299.4083378,370.0916722,300.8458378,0.005395833,88750.0,0.0,1.229166685,-1.879166695,0.187744246,17.88932083424511,0.2238428948360331
2006-06-24,293.791671,374.5083389,301.8041712,0.005558333,88796.25,0.0,-1.458333355,1.59166669,0.187822945,12.6880312086307,0.21807902929195
2006-06-25,305.9166712,364.3458388,302.1208378,0.005083333,88909.16667,0.0,-2.92916671,2.345833368,0.187901005,8.947966909497758,0.1960343988326087
2006-06-26,313.808338,361.2875054,300.5875045,0.005929167,88842.5,0.0,-1.329166686,2.158333365,0.187993688,8.966864313548331,0.25000573757312
2006-06-27,310.195838,356.9125053,298.8458378,0.0062625,88723.75,0.0,-1.208333351,2.412500036,0.188072383,8.136731204591992,0.2924755429654496
2006-06-28,292.8375044,369.4583388,299.4000045,0.006708333,88759.58333,0.0,-0.525000008,1.279166686,0.188150443,7.810930953601513,0.3032211664453141
2006-06-29,311.1666713,380.233339,300.6416711,0.007495833,88737.5,0.0,-0.133333335,0.183333336,0.188228503,9.244003800249445,0.3146832813473281
2006-06-30,284.1458376,385.0208391,301.4375045,0.007433333,88723.75,2.200000033,-0.083333335,1.208333351,0.188321188,17.778372722215714,0.297734307325267
2006-07-01,283.6041709,381.058339,301.2625045,0.0081125,88485.0,0.500000007,1.720833359,0.270833337,0.188399885,14.90878725989555,0.3274101819118263
2006-07-02,258.9791705,384.3416724,301.6083378,0.009,88546.25,0.500000007,2.541666705,-0.929166681,0.188477944,12.70629041994916,0.3561784309020787
2006-07-03,281.4375042,380.4875057,300.7125045,0.009183333,88742.08333,0.100000001,3.712500055,-1.158333351,0.188570627,10.850722975907797,0.3839379823911775
2006-07-04,286.2541709,376.5125056,301.1750045,0.0086125,88874.16667,0.200000003,3.179166714,-2.504166704,0.1886347,10.115622280477352,0.3509183009452404
2006-07-05,265.1541706,393.4625059,299.4666711,0.009883333,88640.41667,17.70000026,1.616666691,-1.141666684,0.188726746,141.40334000756812,0.4443651193925244
2006-07-06,269.9958374,383.233339,300.1375045,0.0101,88729.58333,0.100000001,0.954166681,0.154166669,0.188805442,52.77343897614188,0.4368037799740183
2006-07-07,227.4875034,390.2750058,300.8500045,0.0097625,88808.75,13.7000002,-0.43333334,0.508333341,0.188898128,92.81489408163812,0.4051600373520992
2006-07-08,297.1416711,365.0666721,298.8958378,0.009183333,88783.33333,0.300000004,1.558333357,-0.075000001,0.188976824,77.45180650460563,0.4278922905631597
2006-07-09,302.6000045,373.8083389,300.9458378,0.009741666,88603.33333,0.0,2.970833378,0.345833338,0.189054884,54.66799727881246,0.401089236701014
2006-07-10,303.8958379,374.1750056,301.9583378,0.009183333,88449.58333,0.0,2.970833378,-0.654166676,0.189147566,28.25124483025446,0.3556767134099194
2006-07-11,305.0000045,372.1875055,302.7625045,0.008525,88601.66667,0.0,2.89166671,-1.79583336,0.189226262,17.58084486670768,0.3156062848286734
2006-07-12,303.5750045,375.0791723,303.5750045,0.007708333,88644.16667,0.100000001,1.729166692,-2.345833368,0.189304322,13.213745590177403,0.272385469338406
2006-07-13,294.2208377,387.9458391,303.9875045,0.0089125,88653.33333,0.0,2.279166701,-2.408333369,0.189397008,10.369147516433278,0.3075674143556778
2006-07-14,298.9458378,385.7458391,303.8875045,0.009008333,88602.08333,0.500000007,1.537500023,-2.808333375,0.189475704,11.297491847755778,0.3124890483608202
2006-07-15,298.8458378,371.5083389,303.6375045,0.006670833,88640.0,0.200000003,-2.983333378,0.316666671,0.189553763,9.083331161085086,0.2348639061942842
2006-07-16,292.729171,372.6625056,302.7208378,0.007316666,88866.25,0.200000003,-3.10833338,1.354166687,0.18938008,9.06651351090379,0.2723396173195652
2006-07-17,285.7875043,379.4791723,301.2458378,0.0082,88872.5,0.600000009,-1.787500027,1.529166689,0.189195451,11.168316505407,0.3327165213462793
2006-07-18,281.8458375,392.1291725,303.4125045,0.009229166,88734.16667,0.100000001,0.104166668,-0.083333335,0.189010821,12.359821216829914,0.3295367638789365
2006-07-19,280.5375042,394.9708392,303.4708379,0.009266666,88622.5,1.200000018,0.541666675,-0.766666678,0.188826192,15.32411789605651,0.329347105235495
2006-07-20,292.6750044,376.0166723,302.5791712,0.0078,88697.08333,1.300000019,-0.762500011,-1.36250002,0.188641563,18.6672406166926,0.2921741695934385
2006-07-21,298.2541711,364.2750054,302.8625045,0.007183333,88657.91667,0.0,-2.329166701,-0.937500014,0.188456934,12.311806517584822,0.2645641129861573
2006-07-22,265.5958373,378.2750056,304.3166712,0.007358333,88637.5,0.0,-4.216666729,1.162500017,0.188257682,8.083170765989138,0.249129014071197
2006-07-23,286.8291709,378.6666723,303.8375045,0.007775,88595.41667,0.0,-2.508333371,1.170833351,0.188087044,8.235169478134885,0.270463806021768
2006-07-24,292.479171,393.1083392,303.8708379,0.00765,88291.66667,0.0,0.145833336,-0.570833342,0.18790305,9.691931907185264,0.264694278856636
2006-07-25,289.1208376,393.8333392,303.9875045,0.010395833,88260.41667,0.0,2.68750004,0.91666668,0.187722476,7.855390863283821,0.3571667129657546
2006-07-26,276.1250041,394.7958392,301.0750045,0.011779166,88520.83333,2.400000036,3.962500059,0.929166681,0.187541507,18.370985982050247,0.4808565950640165
2006-07-27,229.3083368,394.5166725,297.5916711,0.0131375,88805.0,36.90000055,4.337500065,0.362500005,0.187345858,141.0578573896671,0.6622236178997877
2006-07-28,228.3458367,379.4000057,296.9458378,0.012604166,88705.83333,3.800000057,3.479166719,-0.441666673,0.187149602,68.97899235225411,0.659948603656729
2006-07-29,119.3458351,394.7625059,295.7666711,0.013283333,88765.41667,21.20000032,1.691666692,1.512500023,0.186967982,62.81904963861661,0.7478814421208541
2006-07-30,186.4125028,406.9666727,296.4291711,0.014933333,88658.33333,5.300000079,0.89166668,2.495833371,0.186786986,86.07124655981983,0.8064408438289429
2006-07-31,177.0750026,400.2833393,296.4208378,0.0149875,88450.0,5.200000077,1.150000017,3.275000049,0.186606009,93.796068979523,0.8078744644860717
2006-08-01,293.304171,378.6916723,297.2833378,0.012991666,88548.75,2.70000004,1.104166683,2.312500034,0.186425002,106.91248281961404,0.6652766750712843
2006-08-02,286.3750043,379.4541723,298.5625044,0.011966666,88707.5,0.0,1.975000029,0.666666677,0.186229396,63.19196606034121,0.5683386808449075
2006-08-03,217.8000032,382.6041724,298.6750045,0.0119125,88597.91667,6.500000097,1.950000029,-0.733333344,0.186047766,73.27179543335957,0.5612691673707619
2006-08-04,259.9250039,379.4666723,297.0250044,0.0112,88633.33333,1.200000018,1.608333357,0.400000006,0.185866762,61.83772699496407,0.5831386484838909
2006-08-05,293.754171,367.1333388,297.4666711,0.0112875,88678.75,1.000000015,1.675000025,-1.025000015,0.185685783,51.82896854238943,0.5724710338933211
2006-08-06,298.2583378,365.5416721,298.7291711,0.009629166,88588.33333,0.0,0.175000003,-1.887500028,0.185504795,34.469522775840666,0.4521688457595672
2006-08-07,259.9791705,384.0041724,299.6375045,0.009679166,88667.5,2.500000037,-2.137500032,1.775000026,0.185309192,44.279020115305386,0.4309144695955887
2006-08-08,207.3166698,402.4333393,300.4708378,0.011454166,88841.25,0.100000001,0.604166676,0.183333336,0.18512758,22.62671202053703,0.4863032490015998
2006-08-09,260.6541706,392.7250059,300.6333378,0.011529166,88772.08333,3.000000045,0.370833339,0.654166676,0.184946589,40.49533197059745,0.4844339023004657
2006-08-10,234.4375035,386.9750058,299.1208378,0.012645833,88739.16667,3.600000054,2.054166697,0.641666676,0.184750954,49.94050562884091,0.581065387463616
2006-08-11,227.4708367,383.1250057,299.0000045,0.0124125,88675.0,4.300000064,3.187500047,-1.100000016,0.18456935,68.32017868428801,0.5740609084208171
2006-08-12,239.7291702,377.7875056,298.1333378,0.012391666,88553.75,6.000000089,2.479166704,-0.475000007,0.184373722,81.48809178917429,0.6028467405481261
2006-08-13,208.1083364,365.6750054,296.5708378,0.010945833,88540.0,6.500000097,2.095833365,-0.233333337,0.184192065,77.01837871453013,0.5852423305973724
2006-08-14,235.5291702,371.0791722,296.6875044,0.011095833,88707.08333,0.400000006,2.620833372,-0.425000006,0.184011098,67.06534811736826,0.5901758438659174
2006-08-15,216.3750032,381.208339,297.1541711,0.010695833,88718.33333,2.800000042,1.883333361,-0.620833343,0.183830122,59.23783950407943,0.5530726293336512
2006-08-16,215.8541699,368.1416722,296.7041711,0.0113375,88864.58333,1.200000018,2.945833377,-0.362500005,0.183789853,46.00722100237071,0.6034883009481272
2006-08-17,238.4583369,359.054172,296.2125044,0.010275,88911.66667,1.700000025,1.750000026,-0.0125,0.183755722,41.55752822530769,0.5638689560878557
2006-08-18,286.4958376,345.1750051,296.5875044,0.008475,88852.08333,0.0,1.82083336,-1.245833352,0.183721578,34.44416071075601,0.454269890879851
2006-08-19,236.5416702,360.6958387,298.4125044,0.008866666,88663.33333,3.300000049,1.508333356,-0.837500012,0.183672785,42.55348667852186,0.4247049155203015
2006-08-20,266.5041706,361.9416721,297.9916711,0.009379166,88675.0,0.100000001,-0.212500003,0.150000002,0.183638037,30.46762609536533,0.4608289145327396
2006-08-21,237.3625035,360.8458387,298.5875044,0.008445833,88734.58333,3.800000057,-2.162500032,1.091666683,0.183618516,50.28260811616698,0.4006434213645971
2006-08-22,256.2791705,373.5166722,297.3000044,0.0104375,88883.33333,3.400000051,-1.787500027,1.737500026,0.183570381,60.2309614137326,0.5359613634472024
2006-08-23,260.9666706,360.2000054,297.9291711,0.0095625,88977.91667,0.0,0.19166667,-0.512500008,0.183535595,31.6878875846884,0.4732203331528553
2006-08-24,184.2791694,381.0916723,298.9750045,0.011295833,88770.83333,4.900000073,2.045833364,-0.620833343,0.183501457,47.37205558768529,0.5237633658049209
2006-08-25,220.2083366,373.1250056,297.1708378,0.012079166,88517.5,5.800000086,2.450000037,0.654166676,0.183467369,73.02913932911086,0.6225603758083701
2006-08-26,262.8791706,370.8916722,296.8541711,0.011691666,88472.08333,1.900000028,2.883333376,-0.250000004,0.183433197,72.00474718611724,0.6139665461608695
2006-08-27,284.0083376,344.7666718,297.1125044,0.009570833,88600.83333,0.0,2.03750003,-2.104166698,0.183399074,43.78561344936414,0.4954946263532325
2006-08-28,283.3125042,332.5541716,297.2791711,0.007025,88575.41667,0.0,0.958333348,-1.658333358,0.183364893,26.876501866118005,0.359935055670389
2006-08-29,264.5083373,352.5625053,298.3333378,0.007958333,88570.0,0.0,-0.083333335,0.704166677,0.183330741,19.34558034973955,0.3826102685690801
2006-08-30,254.8791705,366.2041721,298.1083378,0.008966666,88572.91667,0.0,-1.479166689,2.475000037,0.183296561,15.952733465743618,0.4369739644135236
2006-08-31,260.7541706,374.2416722,298.1541711,0.0101375,88528.33333,0.0,-0.341666672,2.045833364,0.183262452,14.765403297310256,0.4924238106087411
2006-09-01,256.3458372,372.6916722,299.0291711,0.0106125,88537.91667,0.900000013,1.850000028,1.475000022,0.183213733,17.126584386324957,0.4892011371903176
2006-09-02,248.3500037,362.6791721,297.4083378,0.009295833,88540.41667,0.500000007,0.804166679,1.266666686,0.183178948,16.303689367157077,0.4723877105466071
2006-09-03,187.0708361,362.5625054,295.6041711,0.009729166,88556.66667,3.200000048,-2.845833376,2.391666702,0.183144823,25.420810234623524,0.5519579810240087
2006-09-04,133.2416687,391.6208392,293.8250044,0.012120833,88757.08333,10.20000015,-3.083333379,2.220833366,0.183110686,63.038392180018704,0.7692735428341205
2006-09-05,247.158337,372.9458389,294.2750044,0.0105,88927.91667,22.30000033,-3.095833379,1.620833357,0.183076553,132.76115322017023,0.6492867268952718
2006-09-06,258.5291705,358.9833387,294.6458377,0.010325,88979.16667,11.00000016,-2.554166705,1.750000026,0.183042426,128.28918014418335,0.6243358283665303
2006-09-07,183.3375027,355.0625053,295.2458377,0.009891666,88582.91667,4.200000063,-0.750000011,2.750000041,0.183008235,71.77113655804675,0.5738388458303512
2006-09-08,231.2250034,348.1791719,294.1333377,0.0106375,88508.75,0.70000001,1.720833359,2.079166698,0.182974089,59.14408175337434,0.6604667517148766
2006-09-09,230.2583368,349.3375052,294.3166711,0.010658333,88604.16667,0.70000001,2.791666708,0.558333342,0.182939915,45.29314170626547,0.6549844104708078
2006-09-10,250.4750037,342.3500051,294.1000044,0.009733333,88634.58333,0.0,2.362500035,-0.379166672,0.182891171,32.671991134385614,0.6064408928077626
2006-09-11,260.1625039,345.2000051,294.8125044,0.009020833,88664.16667,0.0,1.258333352,0.0,0.18287111,25.667347131834124,0.5379766547176945
2006-09-12,250.0875037,334.2333383,294.6500044,0.006654166,88805.0,20.2000003,-2.054166697,1.13333335,0.182822959,119.706396165128,0.4014755129060893
2006-09-13,260.4916705,321.8458381,292.6750044,0.0067,88697.5,10.10000015,0.087500001,2.804166708,0.182788154,122.9246095144135,0.4566047508315177
2006-09-14,262.6375039,322.4000048,293.5625044,0.007704166,88449.16667,0.0,2.2291667,2.420833369,0.182754007,67.01543940890576,0.4952948421129835
2006-09-15,266.3916706,309.0625046,293.991671,0.00715,88331.25,0.0,2.087500031,4.300000064,0.182719892,44.138260804142384,0.4469571398020195
2006-09-16,269.1666707,288.741671,292.1625044,0.005758333,88335.83333,0.0,2.020833363,3.533333386,0.182578569,24.711726997359623,0.4036332515447235
2006-09-17,263.5750039,298.8583378,291.6250043,0.006316667,88604.16667,0.0,2.933333377,1.195833351,0.182447143,17.264708128437775,0.4594495662892195
2006-09-18,260.9875039,302.2333378,291.7708377,0.006233333,88752.08333,0.0,2.237500033,0.500000007,0.182301781,13.98207280549397,0.4499751749034695
2006-09-19,256.7666705,303.6416712,292.916671,0.005733333,88784.58333,0.0,0.779166678,0.812500012,0.182155772,11.865369226323274,0.3852274993103119
2006-09-20,149.7541689,350.1458386,294.6541711,0.008929166,88648.33333,0.0,3.495833385,2.312500034,0.18200976,8.553610676783167,0.5376475062104651
2006-09-21,254.3083371,326.6833382,294.2041711,0.0095125,88390.41667,0.0,4.408333399,1.995833363,0.181863739,10.713711837428896,0.5872411322617057
2006-09-22,251.1916704,319.4208381,294.2458377,0.008391666,88016.66667,0.0,4.379166732,4.512500067,0.181717745,11.259418305800793,0.5145262465843256
2006-09-23,248.170837,327.6375049,294.2458377,0.009341666,88297.5,0.0,3.258333382,3.754166723,0.181586396,9.42925570084902,0.5746020477317302
2006-09-24,245.3541703,332.9291716,292.916671,0.008025,88690.83333,0.0,0.970833348,1.59166669,0.181426371,7.989410225232206,0.5386371831305248
2006-09-25,245.3875037,321.7041715,293.879171,0.007016666,88754.58333,0.0,-1.737500026,1.216666685,0.18129435,7.507141446404096,0.443816874499737
2006-09-26,244.2916703,328.6541716,296.0041711,0.0069,88885.0,0.0,0.770833345,0.562500008,0.181149011,6.7539306797274685,0.3833935571968416
2006-09-27,244.2916703,332.8708383,296.2708377,0.007066666,89002.5,0.0,3.200000048,-1.333333353,0.181002981,8.106422649234007,0.3868188854118553
2006-09-28,246.5500037,298.1625044,293.579171,0.0047875,89002.5,0.0,2.195833366,-2.354166702,0.180861245,6.904900402859189,0.3093885609830506
2006-09-29,233.2875035,289.4500043,293.854171,0.00345,88715.83333,0.0,1.31250002,-1.412500021,0.18071725,5.244494611517154,0.2184628748915444
2006-09-30,243.3041703,284.7583376,293.679171,0.003333333,88643.75,0.0,1.429166688,0.425000006,0.180577626,4.760503230600531,0.2132133004849726
2006-10-01,243.5750036,291.5625043,293.266671,0.0038875,88689.58333,0.0,1.887500028,1.045833349,0.180423903,5.196250528578284,0.2552733545600918
2006-10-02,236.1958369,316.395838,294.5958377,0.0059,88827.5,0.0,1.858333361,1.533333356,0.180284207,5.301136094754222,0.3572578723351526
2006-10-03,230.3500034,322.3875048,294.1458377,0.00675,88894.58333,0.0,2.01250003,0.962500014,0.18014512,4.821145642882826,0.4205981610894909
2006-10-04,231.9000035,332.0750049,295.8458377,0.00675,88792.91667,0.0,0.487500007,1.004166682,0.180005979,4.298531159849274,0.3783187124673371
2006-10-05,221.71667,360.1333387,297.5916711,0.007454166,88669.58333,0.0,-2.68750004,2.829166709,0.179852191,5.972345320103092,0.3751701229767166
2006-10-06,162.5875024,359.516672,296.2791711,0.008266666,88643.75,2.00000003,-1.154166684,4.220833396,0.179712429,8.04964692129764,0.4504519866302556
2006-10-07,227.1791701,337.4791717,294.2291711,0.0087375,88653.33333,0.300000004,0.575000009,4.029166727,0.179558827,7.708433437444036,0.5401638499261139
2006-10-08,180.7875027,325.7583382,292.654171,0.007054166,88639.16667,0.900000013,0.095833335,3.216666715,0.179433751,7.477713496922458,0.4810536961409261
2006-10-09,168.4666692,340.7291717,291.266671,0.007854166,88559.16667,10.20000015,0.708333344,3.929166725,0.179280728,69.14362405919167,0.5841068146961188
2006-10-10,232.1791701,283.3458376,288.0500043,0.005725,88696.66667,0.0,1.558333357,2.033333364,0.179131357,35.32391203773541,0.5243729751358361
2006-10-11,224.4875033,276.5166708,289.3125043,0.004241667,88742.5,0.0,0.66250001,1.675000025,0.17898553,22.818655926895698,0.3581852677195885
2006-10-12,142.7416688,307.1333379,291.1208377,0.005079167,88503.75,0.0,0.90416668,0.91666668,0.178854472,10.40455857849396,0.3810086218395257
2006-10-13,131.1166686,325.2041715,290.5708377,0.005775,88456.25,0.0,0.683333344,2.308333368,0.178709423,10.05216504949152,0.4484059317658214
2006-10-14,125.6875019,366.4958388,290.379171,0.008720833,88327.08333,0.0,-0.854166679,4.4458334,0.178563742,8.046703502511438,0.6844768204808644
2006-10-15,147.4666689,360.3833387,290.766671,0.008175,88055.41667,0.0,2.383333369,0.812500012,0.178410346,8.111225159494559,0.6240384647431949
2006-10-16,220.62917,294.7583377,287.7125043,0.005779167,88142.08333,0.0,3.079166713,-0.495833341,0.17832416,7.308780678558783,0.5377267188666686
2006-10-17,219.5708366,277.1875041,288.2208376,0.005575,88142.08333,0.0,2.750000041,4.591666735,0.178255534,6.577591253145449,0.5018324362208328
2006-10-18,168.8875025,315.9166714,288.8083376,0.007195833,88470.41667,0.0,3.191666714,2.412500036,0.178169361,4.686289903000297,0.6258347320805256
2006-10-19,222.27917,245.2916703,284.4333376,0.003554167,88843.75,0.0,-0.258333337,-1.425000021,0.178096824,3.8590673312774095,0.4140739169832697
2006-10-20,218.7291699,248.9625037,286.5125043,0.002783333,88486.25,0.0,-0.47083334,-0.200000003,0.178010292,3.586047486589205,0.2812799620875323
2006-10-21,217.6500032,252.9833371,287.2000043,0.002904167,88472.08333,0.0,1.908333362,-0.008333333,0.177937744,3.7392907534149535,0.2804791007626314
2006-10-22,202.2083363,267.7166707,287.854171,0.002979167,88747.5,0.0,0.704166677,0.862500013,0.177851211,3.16541801173504,0.2765348890191123
2006-10-23,192.2291695,281.4333375,289.229171,0.003654167,88842.08333,0.0,-0.225000003,1.370833354,0.177778662,3.039979685387004,0.3105847094281331
2006-10-24,191.2333362,345.5916718,288.9125043,0.007516666,88713.33333,1.300000019,-0.670833343,2.379166702,0.17769213,5.862156587718703,0.6511309245050297
2006-10-25,203.0333364,303.2333379,288.6708376,0.0077875,88541.25,0.0,2.062500031,1.970833363,0.177619585,3.935094192875775,0.6838970076182647
2006-10-26,208.6041698,278.4250041,288.1958376,0.006079167,88826.66667,0.0,3.725000056,-1.383333354,0.177533049,3.696529531245144,0.5523622114577839
2006-10-27,209.5208365,234.5958368,284.7791709,0.002333333,89262.08333,0.0,-2.116666698,-1.545833356,0.177460504,3.011245699229666,0.2668729278302248
2006-10-28,202.0666697,236.3791702,284.9875042,0.002420833,89129.16667,0.0,-3.712500055,0.966666681,0.177373999,3.0697488393099874,0.2726486444229547
2006-10-29,120.4125018,286.6291709,287.3291709,0.003104167,88720.83333,0.0,-0.758333345,2.558333371,0.177292568,2.1348285295877,0.2981043004955032
2006-10-30,199.8666696,300.0833378,286.5541709,0.004920833,88511.25,0.0,2.291666701,2.050000031,0.177211547,3.0011777512466047,0.4960694177744151
2006-10-31,201.7833363,256.8750038,287.2166709,0.0037375,88594.58333,0.0,1.179166684,2.170833366,0.177143188,2.375621510383598,0.3610660187167613
2006-11-01,194.5083362,255.8791705,288.1000043,0.003295833,88682.08333,0.0,0.90416668,0.91666668,0.177051918,1.8473636553493733,0.3008466260304848
2006-11-02,192.3916695,254.1291705,289.066671,0.002770833,88786.25,0.0,-1.333333353,1.033333349,0.176974247,1.9707147278144213,0.2378393403843684
2006-11-03,189.5458362,269.3541707,290.729171,0.003504167,88705.83333,0.0,-1.529166689,1.10833335,0.176897215,2.186482035588373,0.2701110531692103
2006-11-04,185.4750028,263.5083373,289.504171,0.003254167,88732.91667,0.0,1.55416669,0.908333347,0.176820183,1.99960371959928,0.2713957111232661
2006-11-05,185.8208361,263.7833373,288.5875043,0.003191667,88795.41667,0.0,1.562500023,-1.229166685,0.176743148,2.0948458634709755,0.2826184414814232
2006-11-06,184.3416694,261.8500039,288.3833376,0.003341667,88893.75,0.0,-1.012500015,-1.35000002,0.176651494,1.8991340907384064,0.3001784635716347
2006-11-07,181.3000027,262.7791706,289.0625043,0.002858333,88790.0,0.0,-1.295833353,-0.062500001,0.176588449,1.7463274660687196,0.2454264532330762
2006-11-08,179.583336,268.875004,289.7333377,0.003095833,88448.75,0.0,1.370833354,1.700000025,0.176497427,2.273774105738283,0.2535994323520341
2006-11-09,177.5500026,269.0166707,289.1208376,0.003783333,88308.33333,0.0,2.150000032,3.208333381,0.176419759,2.8474508920715427,0.321873339375575
2006-11-10,176.933336,274.8416708,288.629171,0.004991667,88648.33333,0.0,1.158333351,0.987500015,0.176342728,1.699004894263779,0.4400840909885806
2006-11-11,176.9666693,270.2166707,289.2625043,0.004445833,88818.75,0.0,-2.258333367,2.054166697,0.17625107,2.1395901315461767,0.3769616593717824
2006-11-12,174.0416693,274.3708374,288.391671,0.004758333,88429.16667,0.0,3.341666716,2.245833367,0.176173402,2.197180890274575,0.4249721850838517
2006-11-13,170.5875025,272.5083374,287.679171,0.004829167,88893.75,0.0,1.450000022,1.512500023,0.176096371,1.4564604908331953,0.4541524552235361
2006-11-14,167.0500025,280.6875042,287.5083376,0.004866667,88605.41667,0.0,4.416666732,0.058333334,0.176019336,1.9020078682450228,0.4613154386258283
2006-11-15,174.0416693,256.7583372,286.3958376,0.004579167,88652.08333,0.0,-0.833333346,-1.12083335,0.175942304,0.96904430312192,0.4672123801883129
2006-11-16,172.6375026,249.5125037,286.5125043,0.0023625,88656.66667,0.0,-2.612500039,0.86666668,0.175750641,1.3801339108410886,0.2392109476477504
2006-11-17,170.9000025,250.6750037,287.9000043,0.002395833,88667.5,0.0,1.383333354,0.900000013,0.175539371,0.9678454396706142,0.2215247487224185
2006-11-18,168.1958358,251.4041704,287.816671,0.002366667,88771.66667,0.0,0.595833342,0.462500007,0.175342088,0.6272757876570643,0.2202787481463146
2006-11-19,168.2333358,256.7125038,288.104171,0.002729167,89020.83333,0.0,-2.070833364,-0.370833339,0.175130815,1.104729957677604,0.2500046370670743
2006-11-20,166.1125025,258.7208372,288.416671,0.003345833,89289.16667,0.0,-4.379166732,1.800000027,0.174933532,1.68524957602432,0.3012369882630171
2006-11-21,164.8583358,264.0875039,287.8250043,0.003875,89170.41667,0.0,-1.754166693,2.141666699,0.174736885,1.180958745994959,0.3620908258650709
2006-11-22,164.8750025,254.3458371,287.4875043,0.0030625,89078.33333,0.0,0.91666668,0.89166668,0.174525615,0.7674525172515134,0.2922442140190441
2006-11-23,161.0416691,249.9916704,286.9708376,0.002995833,88948.75,0.0,0.491666674,1.208333351,0.174328333,0.7037952932180394,0.2952975459398489
2006-11-24,142.6166688,264.7791706,285.9958376,0.002854167,88621.66667,0.0,0.925000014,1.741666693,0.174131686,0.8818424585272301,0.2989077074701451
2006-11-25,154.054169,265.0208373,285.6375043,0.003425,88492.91667,0.0,0.804166679,3.14583338,0.173935035,1.1657963123417494,0.3667764762077113
2006-11-26,155.916669,280.2041708,285.6666709,0.004620833,88532.91667,0.0,1.333333353,3.308333383,0.173723765,1.1317391558986911,0.4941021748965409
2006-11-27,156.5000023,267.4666707,285.3750043,0.005220833,88533.33333,0.0,1.816666694,3.012500045,0.173526483,0.885927965230132,0.569185629599463
2006-11-28,151.9250023,257.8791705,282.8625042,0.005016667,88537.91667,0.0,2.708333374,2.737500041,0.173329836,0.659918727675637,0.6475503546038281
2006-11-29,157.8708357,247.1291703,281.7625042,0.005,88399.58333,0.0,4.4833334,1.791666693,0.173118566,0.5831032394553317,0.6945832570319277
2006-11-30,162.3750024,199.550003,277.2791708,0.001570833,89257.08333,0.0,0.291666671,-3.000000045,0.172921283,0.4448613963164767,0.3012535722397047
2006-12-01,161.3833357,218.0458366,278.1750041,0.0012125,89179.16667,0.0,-2.491666704,-0.175000003,0.17271001,0.5084040970088164,0.2180493350642127
2006-12-02,160.9416691,227.7458367,282.1791709,0.001433333,88847.91667,0.0,1.016666682,0.320833338,0.172512727,0.3996916619683129,0.1945024002129155
2006-12-03,162.5833358,212.6666698,280.2125042,0.002025,89403.33333,0.0,-2.733333374,-1.250000019,0.17231608,0.4864878137830641,0.3165808065935903
2006-12-04,159.754169,216.3416699,278.6500042,0.0024125,89639.58333,0.0,-5.56666675,0.858333346,0.17210481,0.5757969812756462,0.4217468336617637
2006-12-05,155.5625023,237.6333369,280.1125042,0.0024,89118.75,0.0,-2.625000039,1.533333356,0.171907527,0.5241400792204126,0.3766172110600174
2006-12-06,159.179169,232.3416701,283.3333376,0.0027125,89061.66667,0.0,-0.679166677,0.162500002,0.171710877,0.273394407973237,0.3411421400195585
2006-12-07,156.429169,226.46667,282.2208375,0.0016875,89049.58333,0.0,-4.641666736,0.875000013,0.171499607,0.8185602281247714,0.2288607193184093
2006-12-08,151.5833356,246.1375037,280.9958375,0.003033333,89288.33333,0.0,-5.758333419,1.266666686,0.171302324,0.72067058963085,0.4486385302758404
2006-12-09,128.2500019,293.7208377,281.2291709,0.003958333,88988.75,0.0,-1.604166691,1.55416669,0.171105677,0.5133824894887179,0.5741841625155315
2006-12-10,147.5541689,263.9000039,282.3000042,0.004670833,88872.08333,0.0,2.295833368,2.816666709,0.170894407,0.5050759640235387,0.628796157884851
2006-12-11,153.891669,235.1666702,279.1458375,0.003783333,89247.5,0.0,3.070833379,-0.86666668,0.170697125,0.3448328851413476,0.6359956595564252
2006-12-12,156.9083357,215.6750032,279.0291708,0.002483333,89466.66667,0.0,-0.437500007,-1.129166683,0.170500474,0.253576451876044,0.4219173497860058
2006-12-13,154.1125023,229.3666701,281.9291709,0.001804167,89190.0,0.0,-0.720833344,-1.450000022,0.170289204,0.4159321873946533,0.2500014585964958
2006-12-14,151.2666689,239.5458369,283.2416709,0.002145833,88973.33333,0.0,0.220833337,-1.212500018,0.170091921,0.3875299522797675,0.2712837013123302
2006-12-15,152.9500023,246.158337,284.8500042,0.002816667,88716.25,0.0,0.575000009,0.083333335,0.169880651,0.280507091492849,0.3186720703710854
2006-12-16,151.8291689,250.1583371,285.8875043,0.003179167,88426.25,0.0,1.045833349,3.225000048,0.169633434,0.7272806820407571,0.3346012756535123
2006-12-17,149.6750022,263.3208373,285.0833376,0.004854167,88466.25,0.0,2.183333366,4.737500071,0.169384682,0.7399374077347144,0.5391815631916849
2006-12-18,60.79166757,297.5666711,282.3291709,0.005325,88654.58333,0.0,0.43333334,3.570833387,0.169135929,0.2238319889871234,0.713686147944547
2006-12-19,85.36666794,288.4458376,281.3250042,0.0047875,88751.66667,0.0,1.662500025,3.062500046,0.169113515,0.2961873532373164,0.6880610706648882
2006-12-20,153.8000023,240.3833369,275.6250041,0.002979167,89037.5,0.0,3.891666725,-0.787500012,0.176356828,0.2917144276109887,0.6415676758845246
2006-12-21,154.9333356,208.6583364,274.6166708,0.002204167,88872.5,0.0,2.054166697,-0.825000012,0.174877832,0.169553592203592,0.5096584267094253
2006-12-22,92.18750137,240.2958369,278.0041708,0.001875,88581.25,0.0,0.400000006,1.037500015,0.173279312,0.123689239731327,0.3389928749609211
2006-12-23,151.2708356,255.8041705,278.2958375,0.003429167,88711.25,0.0,0.479166674,-2.083333364,0.193474158,0.3591957606746248,0.6082422410563152
2006-12-24,152.6791689,225.87917,279.7166708,0.0025125,89182.5,0.0,-0.287500004,-0.829166679,0.188763482,0.2425185582837602,0.4055648659470205
2006-12-25,154.4375023,226.0583367,280.8458375,0.002379167,89448.33333,0.0,-1.304166686,-1.091666683,0.180347462,0.3547294319972192,0.3561819006682229
2006-12-26,151.7958356,245.670837,282.9166709,0.001770833,89134.16667,0.0,-1.283333352,0.087500001,0.175056951,0.4441561027077343,0.2292737015570723
2006-12-27,145.3958355,251.0583371,285.3708376,0.002,88486.25,0.0,0.533333341,3.000000045,0.170694684,0.732960659753075,0.2179884393998647
2006-12-28,57.04166752,294.4000044,279.1125042,0.003404167,87500.0,4.500000067,3.433333384,4.600000069,0.189530862,5.040100493542172,0.5623616497538043
2006-12-29,63.83333428,291.954171,275.9958374,0.003554167,88293.75,0.500000007,1.841666694,0.258333337,0.235951751,2.421404595666576,0.7390166213610339
2006-12-30,152.6083356,242.4166703,276.6250041,0.003879167,88770.41667,0.0,3.204166714,-1.483333355,0.21380155,2.237379635557354,0.7752009143980634
2006-12-31,157.354169,217.7875032,277.1083375,0.0032125,89070.83333,0.0,1.345833353,-0.47083334,0.192053164,1.9470499664013208,0.6223220699891822
2007-01-01,142.9541688,224.8458367,277.4708375,0.002183333,88638.75,0.0,-1.695833359,1.887500028,0.179962319,2.1473403026651128,0.4101960104248778
2007-01-02,143.9375021,254.8000038,278.7458375,0.0032125,88447.91667,0.0,-3.141666713,-0.66250001,0.173240026,1.984979364813132,0.5504170536767017
2007-01-03,150.4583356,239.4083369,278.1791708,0.003741667,88906.25,0.0,-2.312500034,-0.554166675,0.16852108,1.274937745249077,0.6706244360155488
2007-01-04,152.1625023,232.4625035,278.8458375,0.003166667,88736.25,0.0,2.87916671,0.666666677,0.166431736,1.2615506803493275,0.5405257929403795
2007-01-05,127.8791686,249.4750037,280.0458375,0.003504167,88325.41667,0.0,3.254166715,2.450000037,0.165254105,1.123736487320518,0.5475213180979042
2007-01-06,153.1958356,272.4583374,277.7833375,0.003641667,88764.16667,1.200000018,0.937500014,-2.566666705,0.164639777,2.3890584305318066,0.6701427896117456
2007-01-07,156.8083357,212.5958365,276.0333374,0.002125,89300.83333,0.0,-0.43333334,-1.720833359,0.164259417,1.4223705879394175,0.4456880776058662
2007-01-08,158.9833357,214.2833365,278.2875041,0.001833333,89421.25,0.0,-3.583333387,-0.054166667,0.163952809,1.646807198233838,0.3279792858916431
2007-01-09,148.1000022,230.8375034,279.5458375,0.00175,89347.91667,0.0,-4.154166729,1.291666686,0.163675446,1.702090215655707,0.2863970772078247
2007-01-10,103.4875015,267.4791707,281.2291709,0.0024625,88860.83333,0.100000001,-2.020833363,2.68750004,0.163414613,1.3964505190657608,0.3566895589602226
2007-01-11,49.1791674,340.9750051,281.4875042,0.005941667,88552.91667,1.100000016,1.212500018,4.225000063,0.163151238,1.1993666560595582,0.8425678338419988
2007-01-12,106.7250016,334.162505,285.3083376,0.007329166,88285.83333,0.0,1.254166685,6.29166676,0.162901849,1.593520561012481,0.8003486752386454
2007-01-13,136.8791687,285.5208376,282.7541709,0.00625,88376.66667,0.0,2.237500033,4.670833403,0.162653097,1.0671783213701496,0.811225899706185
2007-01-14,165.8083358,250.5208371,276.6208375,0.002554167,88657.08333,0.0,3.733333389,0.970833348,0.163233405,1.1751254306483636,0.5099171178167773
2007-01-15,167.4166692,176.3166693,271.1916707,0.000845833,88940.41667,0.0,-0.754166678,0.520833341,0.163233244,0.6503541153186717,0.2519652012792167
2007-01-16,165.6000025,194.5916696,271.9666707,0.001545833,88990.83333,0.0,-4.312500064,0.520833341,0.163323,0.5639094124416463,0.4348748283035266
2007-01-17,166.6791692,203.975003,272.9791707,0.002016667,88907.91667,0.0,-3.075000046,2.054166697,0.163385959,0.4648918733101982,0.525880669430182
2007-01-18,60.91250091,244.1791703,275.5291708,0.002108333,88872.5,0.0,-2.558333371,1.187500018,0.163399959,0.2634466721490545,0.4563329745759636
2007-01-19,60.32916757,314.483338,278.4083375,0.005079167,88711.66667,10.00000015,-3.383333384,2.416666703,0.163213054,14.814368424773145,0.8938005949367226
2007-01-20,131.9541686,258.7375039,276.7791708,0.0036375,88626.25,1.100000016,2.170833366,2.512500037,0.16581533,19.350877915395003,0.7177796267274636
2007-01-21,131.9708353,248.7166704,274.9750041,0.0033875,88461.66667,0.0,3.13333338,1.404166688,0.165770202,11.929840871143115,0.7596407936797342
2007-01-22,104.8291682,262.3708372,273.7708374,0.0027875,88398.33333,4.200000063,1.208333351,-0.037500001,0.433335627,8.124683071231784,0.6818985308505393
2007-01-23,169.3916692,243.7625036,274.0750041,0.002754167,88970.83333,0.0,-1.529166689,-1.416666688,0.571674365,8.262059425578565,0.6631955532581673
2007-01-24,171.3083359,217.6000032,276.7375041,0.002566667,89142.08333,0.0,-3.687500055,-1.166666684,0.467961663,13.015618339238884,0.5109399106717154
2007-01-25,115.0666684,238.1583369,276.7083375,0.002891667,89243.33333,0.0,-5.633333417,-0.016666667,0.345633239,10.585398107785156,0.5774921517529185
2007-01-26,118.0416684,272.6166707,277.2750041,0.003645833,88631.66667,0.0,-1.170833351,0.587500009,0.260746065,6.175375034560501,0.6945024879616767
2007-01-27,168.3500025,232.1333368,278.2833375,0.003345833,88782.91667,0.0,2.2166667,1.008333348,0.212774991,6.1951258220759815,0.5944639679480693
2007-01-28,169.7958359,241.9250036,280.2750042,0.002858333,88891.25,0.0,-0.862500013,1.720833359,0.187299184,6.307401634684933,0.442379702995434
2007-01-29,166.7291692,260.3833372,281.2416709,0.002570833,88707.08333,0.0,-0.25416667,1.287500019,0.174473552,5.881837146105282,0.3714176157668796
2007-01-30,86.07916795,292.3833377,280.4958375,0.0038875,88518.33333,0.600000009,0.87916668,3.695833388,0.168656787,3.615782746465448,0.5900424808764326
2007-01-31,101.6333348,297.4791711,279.4541708,0.004704167,88277.91667,0.900000013,2.995833378,3.59166672,0.167037464,3.580626087626993,0.765524091169817
2007-02-01,134.462502,289.866671,276.8875041,0.003704167,88190.0,0.0,4.841666739,2.262500034,0.180883559,2.9902534375281515,0.7217373109374943
2007-02-02,183.5291694,249.3666704,276.7500041,0.0035625,88640.0,0.0,3.541666719,-0.270833337,0.174260622,2.643336927979413,0.704554452557236
2007-02-03,188.1708361,206.5333364,276.0875041,0.0023,89038.33333,0.0,-0.416666673,-2.095833365,0.169506889,2.163750917373518,0.4791067645311654
2007-02-04,189.0083361,210.8458365,279.5000042,0.001558333,89346.66667,0.0,-1.966666696,-1.204166685,0.167586201,2.5537035726498067,0.2558429400647709
2007-02-05,187.0208361,234.2125035,281.6500042,0.001383333,89227.08333,0.0,-3.058333379,0.083333335,0.166833451,2.809355084260419,0.1954679643709768
2007-02-06,190.4708362,236.8541702,283.2541709,0.001816667,89220.41667,0.0,-1.98750003,1.391666687,0.166680243,2.437795254572029,0.2301124593976563
2007-02-07,187.7750028,243.4875036,284.6875042,0.002095833,88977.91667,0.0,1.479166689,1.850000028,0.16677753,2.201762949381407,0.2404149322065702
2007-02-08,187.0083361,245.2000037,284.3625042,0.002420833,88938.75,0.0,1.604166691,0.962500014,0.166944121,1.818567375840323,0.2836817582074502
2007-02-09,181.9250027,257.1500038,283.8375042,0.003104167,89031.25,0.0,1.816666694,-0.900000013,0.167135505,1.576767735059886,0.3772124322308645
2007-02-10,165.0416691,287.604171,284.4458376,0.003429167,88863.75,0.0,0.90416668,-0.19166667,0.167341514,1.7048451122636414,0.3992662548192607
2007-02-11,149.6750022,301.8500045,285.0583376,0.004270833,88500.41667,0.0,1.858333361,3.208333381,0.167533537,1.4043538362020414,0.4753621120238891
2007-02-12,192.5375029,276.7750041,283.5333376,0.005091667,88536.25,0.0,3.354166717,0.941666681,0.167739543,1.1608180638388483,0.6280395422247493
2007-02-13,95.16250142,298.1750044,282.2833375,0.004379167,88300.83333,0.0,2.354166702,1.575000023,0.167931566,0.6440270398957215,0.5864083326611692
2007-02-14,131.500002,297.3541711,279.5583375,0.003604167,88469.58333,0.0,4.162500062,-0.44583334,0.168583256,0.760419746620395,0.5835342359035709
2007-02-15,202.462503,232.2500035,277.4833375,0.002945833,89062.5,0.0,3.104166713,-2.604166705,0.169289626,0.6643428968510027,0.5556043264392598
2007-02-16,205.7500031,219.8250033,278.4208375,0.0019125,89276.66667,0.0,0.962500014,-2.658333373,0.169233668,0.7650764822693255,0.3383955091288626
2007-02-17,208.2291698,236.3333369,282.2625042,0.0024125,89091.25,0.0,-2.633333373,-1.004166682,0.169292513,1.0083059127689924,0.326409917563736
2007-02-18,117.4791684,280.3000042,284.4291709,0.002545833,88793.75,0.0,-2.316666701,2.754166708,0.169475971,0.8942348536671485,0.2965150613308358
2007-02-19,96.3041681,321.8375048,284.8083376,0.004433333,88378.33333,0.0,2.512500037,4.991666741,0.169774502,0.9578411143537476,0.5010608031328183
2007-02-20,194.1916696,289.4958376,280.4000042,0.00395,88652.08333,0.600000009,3.075000046,1.14583335,0.170101011,1.3146065857809226,0.6044318308002398
2007-02-21,214.4041699,228.3750034,279.2750042,0.0031125,88972.08333,0.0,0.512500008,-0.958333348,0.170453584,1.1266643754676409,0.5169194610641755
2007-02-22,136.100002,275.4500041,284.3666709,0.002720833,88671.66667,0.0,-0.21666667,1.475000022,0.17081595,1.0432753420220933,0.3177905398226024
2007-02-23,167.7791692,265.0583373,283.6708376,0.003941667,88258.75,0.0,3.937500059,3.854166724,0.17115471,1.367277799081409,0.4801912139740475
2007-02-24,216.2333366,249.8125037,279.0625042,0.002716667,88542.08333,0.0,5.150000077,-1.937500029,0.171519178,1.280543662166179,0.4557255189031233
2007-02-25,221.8833366,212.4583365,278.1500041,0.0012875,88647.91667,0.0,1.295833353,-0.812500012,0.17187483,1.028071756715116,0.2305639675268058
2007-02-26,219.5666699,227.8875034,280.6791708,0.0018375,88429.16667,0.0,3.754166723,0.154166669,0.172225446,1.447004093307524,0.2751035248538854
2007-02-27,225.56667,231.0791701,282.6666709,0.002575,88371.25,0.0,3.466666718,0.375000006,0.172578457,1.4598805342053651,0.3361980599337609
2007-02-28,224.8458367,264.5416706,282.6208375,0.002691667,88019.16667,0.0,5.612500084,0.833333346,0.172934042,1.7788997449507828,0.3511229246300095
2007-03-01,242.9625036,212.9333365,276.0791708,0.001866667,88360.41667,0.0,3.404166717,-2.112500031,0.173273191,0.7897142441134057,0.3861107240709274
2007-03-02,244.670837,199.962503,275.6916708,0.001220833,88495.0,0.0,3.029166712,-2.608333372,0.173625787,0.7459586859639626,0.2600541105478597
2007-03-03,247.9916704,200.4958363,276.4333375,0.001283333,88975.83333,0.0,-0.787500012,-2.854166709,0.173978828,0.7193476261073097,0.2605988436489829
2007-03-04,251.4791704,195.2500029,276.7958375,0.000933333,89357.91667,0.0,-5.483333415,0.041666667,0.174331875,0.9102066771754658,0.1854722008623661
2007-03-05,208.6375031,231.2333368,279.1458375,0.001104167,89188.75,0.0,-5.225000078,1.416666688,0.174684846,1.0251855864368005,0.1854933583920876
2007-03-06,236.5333369,240.6791703,283.0541709,0.00115,89007.5,0.0,-0.716666677,0.716666677,0.175052541,0.9761009168904315,0.1473015318310598
2007-03-07,189.4833362,311.2666713,288.629171,0.001945833,88896.66667,0.0,1.620833357,-0.533333341,0.175406287,1.3542832969638845,0.1720325116558765
2007-03-08,246.4000037,288.4000043,290.0750043,0.003479167,88710.41667,0.0,2.787500042,-1.066666683,0.175759351,1.7712044572992127,0.279646673648884
2007-03-09,252.3041704,258.3500038,287.2833376,0.002966667,88687.91667,0.0,1.329166686,-0.750000011,0.176097744,1.3850902645779035,0.285650141410333
2007-03-10,254.0083371,256.1000038,287.816671,0.002316667,88637.91667,0.0,1.59166669,0.20416667,0.1764501,1.4907822212918604,0.2153000958007347
2007-03-11,258.3416705,246.7541703,286.4041709,0.002129167,88812.5,0.0,2.591666705,-3.191666714,0.176803241,1.882858190653802,0.2175123819902104
2007-03-12,257.3791705,255.0416705,287.5250043,0.002279167,88982.08333,0.0,-1.883333361,-1.354166687,0.177170857,1.7541676412923206,0.2167262661652132
2007-03-13,258.5916705,259.0791705,286.9416709,0.002295833,88805.41667,0.0,3.487500052,-0.320833338,0.177519482,2.048748912551951,0.2263674894996685
2007-03-14,262.6666706,256.4125038,287.854171,0.002054167,88732.91667,0.0,3.195833381,-1.087500016,0.177875732,2.1981406138967805,0.1906423840638712
2007-03-15,267.9916707,247.4625037,288.8208376,0.001845833,88696.25,0.0,1.966666696,-1.683333358,0.178232351,2.0432522795025445,0.1608151236799145
2007-03-16,265.700004,260.2208372,290.2500043,0.002008333,88820.83333,0.0,-1.225000018,-1.008333348,0.178426302,1.8942709421595028,0.1598249401079347
2007-03-17,252.4666704,278.9250042,292.8458377,0.0022875,88753.33333,0.0,-1.75833336,2.175000032,0.178642424,2.2878562981533976,0.1543285075193269
2007-03-18,269.300004,277.5708375,291.6083377,0.002291667,88579.16667,0.0,3.125000047,2.004166697,0.178830574,2.634025489991559,0.1668157082473867
2007-03-19,271.8208374,267.625004,291.041671,0.002304167,88467.5,0.0,1.729166692,3.220833381,0.179032073,2.524125816351855,0.1736455399363884
2007-03-20,257.8666705,264.1541706,289.891671,0.002533333,88736.66667,0.0,2.316666701,2.48333337,0.179234207,2.235889948094953,0.2060913981812475
2007-03-21,192.3583362,328.5958382,290.1583377,0.005341667,88362.08333,0.100000001,1.950000029,3.637500054,0.179436345,2.1430329476931305,0.4253874184813397
2007-03-22,182.258336,344.2666718,287.1166709,0.006966666,88312.5,11.40000017,-1.629166691,4.404166732,0.17963848,66.05862716643169,0.6752940072644656
2007-03-23,189.3833362,319.5041714,283.8166709,0.0050875,88287.91667,21.30000032,-0.945833347,3.595833387,0.179840617,90.35835802048,0.6139224799798157
2007-03-24,263.0083373,284.9708376,282.5500042,0.004941667,88716.25,0.0,0.841666679,0.900000013,0.180028129,38.58395619518032,0.6528752743007159
2007-03-25,268.2291707,275.6583374,284.9250042,0.00445,88793.33333,0.0,-0.604166676,-0.054166667,0.18024425,26.932221911256885,0.5013841535417268
2007-03-26,276.4416708,279.4625042,287.4125043,0.004791667,88782.08333,0.0,2.312500034,-1.137500017,0.180432401,21.350185736531632,0.4579736385877534
2007-03-27,280.6791708,270.875004,287.4458376,0.004179167,88528.75,0.0,2.162500032,2.529166704,0.180633899,13.623203619875506,0.3974252064555456
2007-03-28,289.9958377,242.2750036,285.0541709,0.003320833,88234.16667,0.0,4.762500071,1.216666685,0.180836037,8.04045317575828,0.3686134331956793
2007-03-29,290.616671,220.2333366,279.7958375,0.001979167,88711.66667,0.0,1.575000023,-1.416666688,0.181038172,5.298187096997364,0.3160412096129857
2007-03-30,291.1708377,231.4041701,281.5125042,0.0022375,88725.0,0.0,3.658333388,-1.616666691,0.181240309,4.413268156504612,0.3173638656552379
2007-03-31,291.429171,239.2833369,283.5291709,0.002404167,88790.83333,0.0,1.37500002,-2.00000003,0.181442444,4.536143209107784,0.2974820799504982
2007-04-01,293.1250044,254.9166705,287.1958376,0.002608333,88466.66667,0.0,0.937500014,-0.695833344,0.181629955,5.246622674256978,0.2519613822301726
2007-04-02,297.9750044,258.2916705,289.941671,0.002283333,88582.5,0.0,2.316666701,1.612500024,0.181831457,4.896113077877445,0.1848369238816763
2007-04-03,297.6458378,261.7458372,290.9875043,0.002395833,88824.58333,0.0,1.995833363,2.087500031,0.182033592,4.655696299019613,0.1819079290738002
2007-04-04,298.3625044,268.8458373,291.1333377,0.002479167,88925.0,0.0,1.512500023,0.550000008,0.182235729,4.386225956526449,0.1867090520481452
2007-04-05,278.6166708,293.5500044,292.5333377,0.002979167,88611.66667,0.0,2.466666703,0.295833338,0.182437864,4.405439418044796,0.2046463596289873
2007-04-06,294.3916711,304.8375045,293.529171,0.003420833,88417.5,0.0,1.662500025,2.862500043,0.182639998,4.866548319274445,0.2203012949333978
2007-04-07,301.3041712,275.9375041,290.6958377,0.0035625,88260.41667,0.0,1.979166696,2.683333373,0.182827513,4.190287748677453,0.2738098233330978
2007-04-08,289.3708376,290.1125043,290.1958377,0.004233333,88321.25,0.0,2.67500004,3.183333381,0.183043635,4.092294769124565,0.3361607278731009
2007-04-09,298.3208378,297.5458378,290.2375043,0.006325,88252.08333,0.0,3.262500049,2.745833374,0.183231785,3.8242169644260127,0.5005261951372856
2007-04-10,303.6833379,291.3833377,290.3083377,0.0064375,88376.25,0.0,4.400000066,0.591666675,0.183447907,3.742532268221035,0.507839362822772
2007-04-11,304.8833379,278.0083375,289.179171,0.004429167,88271.25,0.0,4.095833394,0.262500004,0.183636054,3.732045348565932,0.375245154125627
2007-04-12,308.5708379,274.0000041,290.441671,0.0041875,87895.41667,0.0,4.633333402,3.779166723,0.183837556,4.239180592168981,0.3257568501566845
2007-04-13,264.0625039,287.691671,285.0541709,0.004095833,87946.66667,3.300000049,6.525000097,1.625000024,0.184785331,9.903284584991653,0.4531572763872947
2007-04-14,312.7166713,255.9750038,284.3833376,0.003129167,88857.08333,0.0,1.741666693,-1.091666683,0.184540366,8.76627037359269,0.3658386976426871
2007-04-15,315.8125047,253.8125038,288.8208376,0.0025625,88310.83333,0.0,-0.104166668,4.925000073,0.184501964,8.13587328742441,0.2222834257536194
2007-04-16,313.333338,249.8875037,285.6291709,0.0027875,88196.66667,0.0,3.050000045,4.450000066,0.184487865,5.739391936255773,0.297673151731923
2007-04-17,307.2125046,277.9833375,284.5083376,0.003308333,88812.08333,0.0,4.420833399,-1.966666696,0.184532305,4.8854598547994135,0.3833646068637411
2007-04-18,314.8500047,257.7458372,286.8041709,0.002933333,88629.16667,0.0,2.275000034,-0.450000007,0.184579933,5.070843867030778,0.291270727727956
2007-04-19,322.2625048,260.2541705,289.5875043,0.0028375,88273.33333,0.0,3.516666719,1.991666696,0.184627789,5.294122084107889,0.2341614557599654
2007-04-20,274.1958374,276.9375041,288.9625043,0.003341667,88178.33333,0.0,1.537500023,5.083333409,0.184669428,4.5009922076591895,0.2867975541776997
2007-04-21,320.5708381,274.1708374,286.7583376,0.004541667,88268.33333,0.0,3.716666722,3.37500005,0.18470783,4.005963117310405,0.4504931056463555
2007-04-22,311.7416713,250.3291704,285.5375043,0.002916667,88615.83333,0.0,1.466666689,1.200000018,0.184756072,3.549330994024708,0.3148577288781173
2007-04-23,322.6416715,273.2208374,288.8750043,0.003808333,88387.5,0.0,3.225000048,4.72500007,0.184801513,4.429894396984131,0.329483098318316
2007-04-24,315.5875047,281.4916709,286.5541709,0.004025,88790.83333,0.0,4.912500073,-1.537500023,0.184836011,3.86287435082591,0.407042137368589
2007-04-25,323.8833382,268.4791707,287.1791709,0.00325,88809.16667,0.0,2.133333365,-1.404166688,0.184879391,3.914489959745067,0.315505504216802
2007-04-26,306.2125046,282.8166709,290.2833377,0.0031375,88221.66667,0.0,2.162500032,1.587500024,0.184924061,4.260219007449367,0.2474724857420636
2007-04-27,324.6916715,279.1541708,291.204171,0.00285,88334.16667,0.0,0.704166677,1.695833359,0.184983347,4.423416956854338,0.2122537566249989
2007-04-28,299.5291711,328.4750049,293.3625044,0.003241667,88609.58333,0.0,-1.675000025,0.112500002,0.185013966,4.951442984776144,0.2114034842511702
2007-04-29,314.9666714,316.2625047,293.0875044,0.0041125,88699.58333,0.0,-0.795833345,-0.145833336,0.185057988,4.859129752426391,0.2731209195108285
2007-04-30,321.0750048,314.220838,292.4458377,0.00425,88657.08333,0.0,2.633333373,-0.24166667,0.185102698,5.154374994469152,0.2937036781311758
2007-05-01,276.3125041,315.4666714,293.379171,0.004504167,88305.41667,0.0,2.112500031,1.09583335,0.185147346,4.470128566969718,0.2924239924359849
2007-05-02,329.2166716,318.6958381,293.9375044,0.004570833,88320.41667,0.0,2.995833378,0.875000013,0.185191989,5.687433945573984,0.2866577794254634
2007-05-03,337.900005,286.6166709,292.666671,0.003841667,88352.08333,0.0,3.695833388,0.754166678,0.185236636,5.50270538627857,0.260926347179407
2007-05-04,338.687505,281.4750042,293.2708377,0.003670833,88134.58333,0.0,4.175000062,3.412500051,0.185281279,6.033305805232815,0.2394751159390515
2007-05-05,335.8291717,290.8125043,293.129171,0.005079167,87838.75,0.0,5.850000087,4.183333396,0.185326519,6.394635540381817,0.3331763079661748
2007-05-06,343.7291718,267.2458373,289.604171,0.0033375,88165.41667,0.0,3.745833389,-0.154166669,0.185364515,5.274122580669454,0.2747919841978901
2007-05-07,197.8666696,285.3375043,289.3875043,0.002191667,88581.25,0.0,-1.854166694,-0.44583334,0.185409489,2.8735183460626947,0.1838472210240945
2007-05-08,316.3500047,304.4833379,291.0375043,0.003641667,88552.91667,0.100000001,-2.066666697,-1.033333349,0.185456713,5.600999406192735,0.274779342748583
2007-05-09,329.4958382,305.8541712,291.2500043,0.003333333,88575.0,2.100000031,1.516666689,-2.620833372,0.185496565,11.835505926336134,0.2482035329523853
2007-05-10,340.5708384,292.3083377,293.4583377,0.003025,88750.0,0.0,2.162500032,-2.287500034,0.185535428,10.118324941347067,0.1964080625136738
2007-05-11,339.9166717,298.8541711,295.0208377,0.002608333,88668.75,0.0,0.395833339,-0.19166667,0.185588856,10.50628665611938,0.1535753047448082
2007-05-12,337.8583384,313.6125047,297.5166711,0.00325,88572.08333,0.0,-1.741666693,1.791666693,0.185628327,8.575099884962643,0.1641358182478744
2007-05-13,338.000005,318.3416714,297.5458378,0.003683333,88488.75,0.0,-0.854166679,2.654166706,0.185669565,8.098640935899152,0.1855181802235295
2007-05-14,339.8458384,314.4166714,297.3208378,0.0038125,88549.16667,0.0,1.162500017,3.116666713,0.185712875,7.704925072009386,0.1947884155103928
2007-05-15,341.1083384,310.9791713,296.2958377,0.003929167,88591.25,0.0,0.970833348,2.162500032,0.185757426,7.2466370715271315,0.2137566107335225
2007-05-16,318.2125047,319.5916714,296.9958378,0.004029167,88684.58333,1.600000024,-0.054166667,2.450000037,0.185794826,12.3557218764822,0.2102756097962205
2007-05-17,332.7166716,327.2625049,295.9541711,0.00515,88621.66667,4.900000073,-0.145833336,2.304166701,0.185846662,52.23555809107936,0.2861823356503079
2007-05-18,342.1416718,316.6458381,296.3500044,0.004520833,88667.08333,0.0,1.129166683,1.720833359,0.185884498,25.969275538027937,0.2453430710454659
2007-05-19,343.5625051,310.383338,296.6583378,0.003870833,88598.33333,0.0,1.041666682,1.658333358,0.185921686,17.622948976526466,0.2059984668961445
2007-05-20,341.9083384,310.608338,295.6291711,0.004145833,88524.16667,0.0,-0.016666667,3.150000047,0.185973468,13.207320139556415,0.2347560051388938
2007-05-21,349.7708385,295.7375044,294.1500044,0.003970833,88310.41667,0.0,2.395833369,3.866666724,0.186018522,11.159368983329603,0.2457364426614412
2007-05-22,348.0000052,291.891671,293.841671,0.004316667,88190.41667,0.0,2.279166701,5.008333408,0.186054326,10.3413476439659,0.2719349337481926
2007-05-23,347.6375052,306.0250046,294.1583377,0.005691667,88297.91667,0.0,2.270833367,3.962500059,0.186104541,9.942403173275476,0.3519989673230201
2007-05-24,347.4500052,304.0083379,294.0333377,0.004654167,88510.0,0.0,0.950000014,2.141666699,0.186140768,9.664127078707512,0.2907740959028103
2007-05-25,349.2458385,304.9791712,295.8375044,0.004083333,88507.08333,0.0,1.720833359,1.083333349,0.186190962,9.649884010233784,0.2282391792397904
2007-05-26,349.2875052,305.3333379,295.8250044,0.00375,88606.25,0.0,2.479166704,0.70000001,0.186225255,9.383000204277115,0.2100029923826882
2007-05-27,349.5666719,305.1875045,295.4916711,0.003645833,88626.66667,0.0,2.587500039,0.975000015,0.186272591,9.17760372384812,0.2084343546781851
2007-05-28,353.1083386,290.7750043,295.4583377,0.002845833,88543.75,0.0,2.212500033,2.120833365,0.186316409,8.763679406978886,0.1628787865572001
2007-05-29,351.3750052,296.2291711,294.5458377,0.003145833,88572.5,0.0,3.154166714,1.920833362,0.18635527,8.910268751159057,0.1905284953056128
2007-05-30,354.2666719,294.8666711,294.9583377,0.003145833,88727.08333,0.0,2.479166704,1.054166682,0.186407607,8.534759921517542,0.186059972430764
2007-05-31,349.0708385,308.3416713,296.6166711,0.0035625,88392.08333,0.0,2.666666706,0.633333343,0.186444803,8.574612786196827,0.1896285249498196
2007-06-01,339.6750051,316.0541714,298.4750044,0.0042625,88117.5,0.0,3.150000047,0.43333334,0.186482055,8.27103190965177,0.2021529452304404
2007-06-02,312.4041713,320.5083381,297.3000044,0.0037375,88299.58333,0.0,2.91666671,1.09583335,0.18651926,7.822334862831601,0.1906586515208183
2007-06-03,337.1083384,327.2625049,297.4125044,0.004308333,88552.5,0.0,2.67500004,0.620833343,0.186571102,8.467485021837687,0.218911874169076
2007-06-04,337.900005,327.6958382,299.0125045,0.0046125,88681.66667,0.0,3.316666716,-0.491666674,0.186608534,8.215671315755827,0.2131784330592397
2007-06-05,344.9541718,315.7500047,299.9875045,0.003866667,88527.91667,0.0,3.562500053,0.983333348,0.186644174,7.433812146398654,0.168335637806111
2007-06-06,343.1625051,305.8666712,298.8375045,0.004020833,88090.0,0.0,5.162500077,4.575000068,0.186694388,8.486293118401637,0.1865353564699741
2007-06-07,345.5250051,298.4458378,296.0958377,0.004583333,87995.41667,0.0,4.208333396,3.56666672,0.186745242,8.611539027245152,0.2507116820201774
2007-06-08,343.5791718,304.3458379,295.7000044,0.003995833,88407.08333,0.0,0.404166673,2.508333371,0.186781469,7.898797380673383,0.2249836273236533
2007-06-09,341.6625051,303.2916712,296.5833378,0.003066667,88449.16667,0.0,0.86666668,3.316666716,0.186817061,7.906957083938973,0.163673051913774
2007-06-10,336.4083383,309.945838,297.4583378,0.003266667,88553.75,0.0,1.291666686,2.683333373,0.186867279,7.634261183863308,0.1655262600674309
2007-06-11,231.1875034,364.8583388,293.604171,0.006783333,88651.25,9.900000148,-0.400000006,1.766666693,0.186903506,64.55723568735964,0.4359579641480919
2007-06-12,323.9750048,327.3916715,292.5833377,0.007275,88700.0,1.500000022,-1.400000021,0.729166678,0.186953721,54.51463240404398,0.498666994531206
2007-06-13,340.2708384,315.1500047,295.8208377,0.0043875,88692.08333,0.0,1.31250002,-1.741666693,0.187004574,37.45311209950131,0.2460042909719254
2007-06-14,343.0125051,315.1250047,298.8666711,0.0035,88471.66667,0.0,1.850000028,-1.895833362,0.187040802,24.202818252863477,0.1627918914596821
2007-06-15,339.4958384,322.7541715,300.8083378,0.003475,88389.16667,0.0,3.57916672,-2.2416667,0.187076393,16.30615861066024,0.1438899058644517
2007-06-16,238.3708369,354.8458386,301.6083378,0.0038125,88549.58333,0.0,3.675000055,-1.916666695,0.187167306,10.019623005400366,0.150886820799727
2007-06-17,340.6166717,325.0666715,301.0958378,0.002991667,88456.25,0.0,3.620833387,-1.320833353,0.187246002,10.18306082211409,0.1218891395969791
2007-06-18,343.2416718,314.9250047,299.3375045,0.003320833,88411.25,0.0,4.045833394,0.145833336,0.187324065,10.226085820336412,0.1500728421871506
2007-06-19,341.4291718,322.1875048,299.8958378,0.003404167,88725.83333,0.0,3.066666712,-0.637500009,0.187402125,9.22269982156963,0.1493422100574202
2007-06-20,335.737505,342.5083384,301.5916712,0.0047375,88863.33333,0.0,2.954166711,-3.054166712,0.187494808,8.21054514045843,0.1883436330479724
2007-06-21,332.7333383,341.9375051,301.6958378,0.004029167,88756.25,0.0,2.608333372,-2.620833372,0.187573503,7.034288375807222,0.1590168087952782
2007-06-22,342.1750051,327.8208382,301.9875045,0.002966667,88572.5,0.0,2.754166708,-1.358333354,0.187651563,5.07909249036824,0.1148647496514392
2007-06-23,338.8708384,334.7541717,301.6958378,0.004066667,88464.16667,0.0,3.520833386,-0.929166681,0.187744246,6.274227338974753,0.1599686290782598
2007-06-24,342.7250051,325.0416715,300.6250045,0.003533333,88380.0,0.0,3.887500058,-1.35000002,0.187822945,6.625171802716473,0.1478810244815248
2007-06-25,341.6250051,321.7000048,300.8291711,0.002945833,88570.0,0.0,3.595833387,-1.058333349,0.187901005,5.728676503603677,0.1220781293979672
2007-06-26,336.725005,335.3333383,301.1458378,0.00355,88793.75,0.0,2.979166711,-1.508333356,0.187993688,5.748477967238703,0.1447627408860151
2007-06-27,337.8166717,342.3000051,302.0083378,0.0038625,88790.41667,0.0,2.579166705,-1.258333352,0.188072383,4.936988934488888,0.1497355804044415
2007-06-28,334.0166716,364.8000054,303.3916712,0.00575,88644.16667,0.0,2.154166699,-1.720833359,0.188150443,4.731691788120271,0.2053485438990544
2007-06-29,336.7416717,349.0625052,302.3958378,0.004725,88560.0,0.0,2.520833371,-2.075000031,0.188228503,4.847474915881336,0.1786126489069578
2007-06-30,337.5166717,342.8333384,302.8208378,0.003825,88648.33333,0.0,3.212500048,-2.620833372,0.188321189,2.9270738339766518,0.1412017274509587
2007-07-01,317.6708381,321.7416715,302.8250045,0.002633333,88600.83333,0.0,3.875000058,-2.43333337,0.188399885,4.374126054252175,0.0971351711706376
2007-07-02,313.9416713,329.3541716,302.4250045,0.003445833,88620.0,0.0,3.487500052,-1.875000028,0.188477944,2.715191971625586,0.1301250652645354
2007-07-03,313.8166713,337.9166717,303.2583379,0.0044375,88652.5,0.0,4.154166729,-1.862500028,0.188570627,2.309087039505764,0.1597175498924659
2007-07-04,317.5250047,328.4375049,303.5500045,0.0033875,88461.25,0.0,2.375000035,-1.900000028,0.1886347,4.015754742399485,0.1196279402520303
2007-07-05,291.979171,356.0833386,303.6083379,0.004325,88550.0,0.0,-1.441666688,-0.716666677,0.188726746,1.3317523786809868,0.152374481642044
2007-07-06,275.8666708,378.3000056,302.8083378,0.0060625,88767.5,3.100000046,-2.754166708,0.950000014,0.188805442,19.6549137581964,0.2242636958090295
2007-07-07,291.0458377,377.6750056,301.6208378,0.007345833,88717.91667,0.70000001,-2.058333364,0.845833346,0.188898128,18.78140320918063,0.2910644823354708
2007-07-08,300.7000045,378.8666723,301.5625045,0.007904166,88490.83333,1.900000028,3.254166715,-0.725000011,0.188976824,29.261064880547828,0.3134555166509805
2007-07-09,295.6833377,385.7916724,302.0250045,0.0103875,88507.08333,0.0,4.425000066,0.512500008,0.189054884,17.317682004788715,0.4010113215836845
2007-07-10,275.5375041,388.2291725,301.8750045,0.0099375,88580.41667,0.0,3.475000052,0.116666668,0.189147566,13.393597298142286,0.3873379416520063
2007-07-11,250.2125037,386.4208391,301.6666712,0.00945,88662.5,0.0,2.191666699,-1.400000021,0.189226262,10.784450237570638,0.3732007211690383
2007-07-12,269.0958373,388.9458391,301.7625045,0.008779166,88725.41667,0.300000004,1.033333349,-2.237500033,0.189304322,11.805033144745604,0.3450126589512439
2007-07-13,243.333337,395.1500059,301.6541712,0.00935,88813.33333,2.500000037,2.170833366,-0.862500013,0.189397008,23.706978625199348,0.370150610634346
2007-07-14,271.725004,387.4708391,301.3750045,0.00935,88794.16667,1.800000027,2.800000042,-1.058333349,0.189475704,31.314046767360548,0.3761789496047735
2007-07-15,292.0333377,387.4208391,302.5958378,0.01015,88725.41667,2.00000003,2.395833369,-1.291666686,0.189553763,38.77548359466933,0.3799539204774471
2007-07-16,244.733337,396.1583392,303.7291712,0.00955,88537.91667,2.900000043,1.400000021,-0.845833346,0.18938008,41.25203013342077,0.3340738070766413
2007-07-17,279.4833375,382.8750057,302.4875045,0.008358333,88512.5,0.100000001,1.545833356,-1.187500018,0.189195451,28.074092167765187,0.3141078643977539
2007-07-18,279.6541708,375.2666723,303.2500045,0.007375,88403.33333,0.400000006,1.970833363,-2.033333364,0.189010821,20.28824974758117,0.2648277061302885
2007-07-19,288.0333376,379.570839,302.2916712,0.008458333,88396.25,0.100000001,2.487500037,-1.720833359,0.188826192,15.008663708891207,0.3210907081204867
2007-07-20,287.2833376,384.0625057,299.9583378,0.0106375,88442.5,1.400000021,2.958333377,0.004166667,0.188641563,19.792933262917057,0.4634588577804169
2007-07-21,266.662504,386.8541724,298.7916711,0.011208333,88685.83333,20.4000003,2.987500045,0.208333336,0.188456934,151.10826924149248,0.5249346983571873
2007-07-22,216.0791699,391.4083392,298.0583378,0.011370833,88900.0,0.0,2.429166703,-0.045833334,0.188257682,45.1129196904956,0.5578594112882713
2007-07-23,213.8333365,395.1250059,299.5666711,0.012191666,88708.75,6.400000095,0.208333336,-0.400000006,0.188087044,56.85819643410796,0.5453163858054269
2007-07-24,267.137504,385.9250058,298.8208378,0.012683333,88574.16667,2.200000033,1.691666692,0.383333339,0.18790305,72.83329081698757,0.5922324587471218
2007-07-25,240.6000036,380.2000057,298.3291711,0.012733333,88548.33333,0.500000007,2.291666701,0.175000003,0.187722456,43.91768388440104,0.6121799149300712
2007-07-26,260.6333372,373.5333389,298.2291711,0.011658333,88695.0,1.600000024,2.704166707,0.020833334,0.187541473,43.84382404274928,0.564810109551074
2007-07-27,231.9625035,382.6041724,298.5333378,0.012804166,88787.91667,14.60000022,3.437500051,-0.500000007,0.187345899,130.60719993647794,0.6097314996253287
2007-07-28,152.5625023,381.1416723,296.7125044,0.012783333,88722.08333,20.70000031,3.087500046,-0.083333335,0.187149637,83.19939878790423,0.6790136683165354
2007-07-29,280.3666708,363.8250054,295.1541711,0.0117375,88566.66667,0.70000001,2.116666698,0.43333334,0.186968005,72.86920722423275,0.6846468729160508
2007-07-30,269.375004,372.4166722,297.7000044,0.011016666,88328.33333,0.0,1.645833358,-0.095833335,0.186786982,47.29964949393165,0.5487356396945126
2007-07-31,228.3208367,386.1708391,297.9458378,0.011466666,88455.41667,21.10000031,1.775000026,0.225000003,0.186605998,111.5723341804209,0.5635534631827023
2007-08-01,268.8708373,386.4500058,297.2250044,0.012658333,88675.83333,9.40000014,2.179166699,1.379166687,0.186424963,135.41634733063887,0.6514356164692193
2007-08-02,243.9916703,391.7875058,297.6458378,0.013183333,88742.91667,14.70000022,2.783333375,0.529166675,0.186229348,128.75419669720807,0.6618999639097218
2007-08-03,232.8000035,382.4750057,298.2500044,0.012954166,88700.41667,1.300000019,2.716666707,-1.229166685,0.186047758,70.10346285818044,0.6268418927276801
2007-08-04,207.1666698,385.3041724,297.6250044,0.012245833,88674.58333,3.100000046,2.479166704,-0.42083334,0.185866825,60.38945094127634,0.6151307348945981
2007-08-05,152.1041689,395.8875059,295.9666711,0.013758333,88736.66667,15.00000022,1.191666684,2.933333377,0.185685777,84.11668580777535,0.7649489469132476
2007-08-06,209.5958365,390.0875058,295.5541711,0.015066666,88759.16667,3.600000054,-0.558333342,1.80833336,0.185504809,72.29838213102695,0.8593539430693055
2007-08-07,255.8250038,395.7083392,295.9166711,0.014041666,88752.5,7.000000104,-0.329166672,-0.720833344,0.185309179,111.47548906940702,0.7832340885272356
2007-08-08,293.5875044,364.4875054,297.4333378,0.011345833,88555.83333,1.000000015,0.837500012,-0.25416667,0.185127555,75.5937125634257,0.5757916946860783
2007-08-09,236.0500035,368.2875055,299.4916711,0.010870833,88690.41667,0.0,2.191666699,1.583333357,0.184946566,51.873100826470335,0.4883122852337308
2007-08-10,276.6458375,385.0958391,299.4833378,0.0124125,88833.75,1.000000015,2.358333368,-0.312500005,0.184750948,47.76089455198824,0.5587414771456473
2007-08-11,292.766671,378.9500056,299.6291711,0.012133333,88705.83333,0.0,1.641666691,-0.47083334,0.184569335,32.06968404999675,0.5406749628045793
2007-08-12,292.0083377,389.3583391,300.9458378,0.012141666,88777.5,0.0,1.358333354,-1.37500002,0.184373696,25.363247766967724,0.5008860131768569
2007-08-13,293.4875044,372.3541722,301.8041712,0.0095,88768.33333,0.0,-0.645833343,0.670833343,0.184192051,20.201866136053987,0.3726116157759139
2007-08-14,284.4875042,379.358339,300.9458378,0.010658333,88665.41667,0.0,0.704166677,0.487500007,0.184011082,16.8641947503859,0.4391382388581624
2007-08-15,267.4583373,390.0583391,300.6583378,0.011266666,88488.33333,0.0,0.741666678,0.150000002,0.183830053,14.33593083513234,0.4711950940508536
2007-08-16,278.2458375,377.495839,300.8500045,0.0107,88502.5,0.0,0.933333347,0.600000009,0.18378974,12.348158976405678,0.4425365183264907
2007-08-17,272.1416707,370.2708389,300.1291711,0.009079166,88440.0,0.0,0.387500006,1.716666692,0.183755602,10.910118463034692,0.3915666819856538
2007-08-18,240.5291703,387.7791724,301.4208378,0.011095833,88530.83333,3.100000046,2.304166701,0.750000011,0.1837215,23.774213759984303,0.4438994470391777
2007-08-19,253.0166704,395.3291726,300.8541711,0.012420833,88629.16667,0.0,3.012500045,1.36250002,0.183672793,17.086071453970742,0.5143165967210912
2007-08-20,281.6208375,391.9333392,300.2791711,0.014808333,88785.0,0.0,3.10833338,-1.816666694,0.183638042,13.617721452930493,0.6354750295674289
2007-08-21,285.5250043,385.6791724,301.5916712,0.013575,88561.25,0.0,3.379166717,-2.441666703,0.1836185,12.171406847309402,0.5378518869606407
2007-08-22,283.2958376,385.9416724,301.2625045,0.0126625,88370.0,0.0,3.075000046,-1.329166686,0.183570376,11.763033878871504,0.5103782159177905
2007-08-23,271.6333374,393.3500059,301.2750045,0.0128625,88302.08333,0.500000007,2.2166667,0.462500007,0.183535594,13.092091861152106,0.5176607223244599
2007-08-24,197.5916696,410.7458395,300.7625045,0.0126375,88265.41667,0.70000001,2.545833371,0.120833335,0.18350148,12.358979725448805,0.5239646191869661
2007-08-25,228.6500034,391.9375058,299.2083378,0.0118625,88590.0,0.600000009,2.212500033,1.029166682,0.183467333,14.054875492759564,0.5413206093831288
2007-08-26,219.3458366,378.8916723,299.1375045,0.011916666,88626.25,0.400000006,1.525000023,0.812500012,0.183433171,12.87400746095313,0.5463200381987354
2007-08-27,241.3166703,378.2750056,299.6875045,0.011258333,88537.91667,0.600000009,0.816666679,-1.13333335,0.183399074,15.7131842874048,0.4990001133073578
2007-08-28,268.2833373,382.508339,300.5916711,0.010325,88488.75,0.0,0.083333335,-1.170833351,0.183364935,16.361441414001607,0.433517648291324
2007-08-29,270.3708374,375.0208389,301.1250045,0.009,88516.25,0.70000001,-2.354166702,0.691666677,0.18333077,18.11356696691429,0.3663056905358637
2007-08-30,264.6666706,376.2916723,301.1625045,0.009391666,88766.25,1.200000018,-3.479166719,1.195833351,0.183296627,21.89662953427021,0.3824819416729879
2007-08-31,274.3583374,370.0750055,300.1166711,0.009358333,88773.33333,0.0,-2.679166707,1.09583335,0.183262491,17.828912828266866,0.4054280458529387
2007-09-01,249.0375037,367.3375055,300.3333378,0.0083375,88692.08333,1.700000025,-1.679166692,0.508333341,0.183213715,22.18778144128562,0.3562716126125966
2007-09-02,273.6041707,361.8125054,299.1333378,0.008720833,88591.66667,0.800000012,-3.391666717,1.77083336,0.183178997,23.67092537048553,0.3997503790199715
2007-09-03,279.5750042,340.5791717,298.9125045,0.0075625,88688.33333,0.0,-3.458333385,1.258333352,0.183144835,18.22486911271368,0.3516426883772466
2007-09-04,275.7791708,339.7291717,298.7250045,0.006604166,88545.83333,0.0,-0.645833343,0.137500002,0.183110577,14.789759497988024,0.3100487107644469
2007-09-05,245.5375037,362.2666721,298.7916711,0.009645833,88270.41667,0.0,1.31250002,0.804166679,0.183076486,12.359744229456012,0.4496399795783753
2007-09-06,131.3333353,391.4416725,296.7708378,0.012208333,88485.0,3.600000054,0.825000012,2.816666709,0.1830424,18.05252563235054,0.6444481037496725
2007-09-07,248.2541704,380.2750057,297.0791711,0.013425,88875.0,5.900000088,2.237500033,0.895833347,0.183008262,63.26576687949705,0.6985915754830098
2007-09-08,264.4791706,370.0500055,297.8750044,0.011433333,88593.75,0.0,2.087500031,-0.679166677,0.182974116,41.97954593009735,0.5652019450822253
2007-09-09,247.245837,363.9166721,299.2291711,0.010375,88495.0,10.10000015,1.754166693,1.587500024,0.182939963,100.57470622226992,0.4723463450380609
2007-09-10,259.5791705,367.1250055,297.8375044,0.0103125,88694.58333,4.70000007,1.279166686,-0.887500013,0.182891209,88.25383278041123,0.5115296389299481
2007-09-11,263.5791706,352.7916719,297.7666711,0.008529166,88720.0,0.0,-0.816666679,-0.329166672,0.182871019,51.74410776100879,0.4250045355349027
2007-09-12,264.0541706,351.3500052,297.5541711,0.008966666,88731.25,0.0,-1.925000029,0.566666675,0.182822921,40.71872089390625,0.4526330707935913
2007-09-13,263.9208373,343.6458385,299.1666711,0.00745,88634.16667,0.0,1.883333361,-2.083333364,0.182788112,28.764871297055755,0.3409817718339543
2007-09-14,265.0791706,332.0333383,298.5541711,0.0061875,88696.66667,0.0,1.225000018,-1.400000021,0.182753878,19.09584507026948,0.2939769461403017
2007-09-15,253.5083371,348.8666719,299.3750045,0.0074125,88745.83333,0.0,1.404166688,-0.325000005,0.182722286,15.313089861649509,0.3354975783944612
2007-09-16,201.8083363,362.4833387,297.6375044,0.009483333,88797.08333,1.300000019,2.091666698,0.975000015,0.182583175,15.718029120774132,0.4766633156906448
2007-09-17,251.1375037,364.7500054,296.0458377,0.0105,88643.75,14.30000021,2.579166705,3.354166717,0.182440482,147.5623989233441,0.5803607375201604
2007-09-18,257.1833372,343.9708385,295.9375044,0.011008333,88615.83333,0.0,1.562500023,3.629166721,0.182292826,54.91226319307211,0.6123101991747889
2007-09-19,254.8125038,339.9125051,296.2250044,0.0103875,88635.83333,0.0,0.270833337,4.158333395,0.182155795,32.81681154895909,0.5678406466908527
2007-09-20,255.7291705,330.3041716,295.9666711,0.0096,88479.16667,0.0,0.366666672,4.587500068,0.182009803,21.840889786184466,0.5322011152988873
2007-09-21,246.920837,339.0166717,296.0291711,0.009575,88558.75,0.0,0.65000001,3.333333383,0.181863778,16.56873804723906,0.5292653672737275
2007-09-22,241.7083369,357.5125053,297.7958378,0.009983333,88584.58333,0.0,0.991666681,3.316666716,0.18171777,15.19742848495072,0.4958324259143697
2007-09-23,196.2541696,372.8291722,297.3791711,0.011491666,88610.41667,0.0,2.379166702,3.516666719,0.181586309,10.941289020716958,0.5854677961028295
2007-09-24,248.2041704,350.1125052,294.7291711,0.009454166,88633.75,0.0,2.054166697,2.820833375,0.181426233,10.766601338092451,0.5665338715847781
2007-09-25,245.9416703,330.6166716,294.5375044,0.0076375,88839.16667,0.0,1.195833351,-0.070833334,0.181294132,9.167353201681603,0.46419980709418
2007-09-26,245.933337,327.4291715,295.4000044,0.006708333,88802.08333,0.0,1.537500023,-0.170833336,0.181148749,8.28300050101832,0.3864483186449359
2007-09-27,242.3125036,321.4625048,296.0250044,0.006033333,88796.66667,0.0,0.925000014,0.595833342,0.181002839,7.06710628984376,0.334478216298786
2007-09-28,230.4916701,328.8541716,296.6041711,0.006991666,88562.08333,0.0,0.733333344,3.754166723,0.180862575,7.5457508224958545,0.3731594265937123
2007-09-29,229.3708368,339.7083384,297.2083378,0.008479166,88453.75,0.0,0.833333346,5.316666746,0.180715871,7.700072720757519,0.435710171681859
2007-09-30,233.5750035,350.0708385,296.2250044,0.009516666,88841.66667,0.0,1.308333353,2.120833365,0.180570885,6.207864377936508,0.5214439493165666
2007-10-01,134.2958353,393.1875059,297.2125044,0.010275,89040.0,4.400000066,0.220833337,0.441666673,0.18042405,16.171193082280382,0.53135605957671
2007-10-02,196.4375029,372.8333389,295.9708377,0.0119125,88899.58333,0.0,2.100000031,-0.387500006,0.180284181,15.021751897506087,0.6633694274499802
2007-10-03,212.2041698,356.266672,295.6958377,0.00965,88751.25,4.100000061,2.154166699,-0.391666673,0.180142626,37.311124475828265,0.5455935900287472
2007-10-04,234.0375035,344.5625051,295.9625044,0.008804166,88454.16667,0.0,2.412500036,2.070833364,0.180000711,25.94716832454193,0.4880684762820542
2007-10-05,234.2666702,337.5916717,296.0750044,0.010120833,88332.5,0.0,1.170833351,5.179166744,0.179854908,16.132736059918987,0.5564459021503063
2007-10-06,237.2875035,316.308338,293.8625044,0.008666666,88345.0,0.0,2.720833374,3.662500055,0.179718229,11.146212172722302,0.5462184509030852
2007-10-07,241.6333369,274.4416708,289.5583376,0.0040625,88620.0,0.0,1.56666669,0.158333336,0.179558987,8.311036791697314,0.3372018041347436
2007-10-08,232.2458368,282.4291709,292.291671,0.003533333,88712.08333,0.0,-2.795833375,1.066666683,0.179433731,8.209479582108036,0.2467101935227129
2007-10-09,227.5708367,328.0083382,296.2416711,0.0058,88681.66667,0.0,-2.487500037,2.90416671,0.179280739,9.013191281947332,0.3169027460580123
2007-10-10,224.90417,343.0208384,296.3750044,0.007679166,88670.0,0.0,1.466666689,0.850000013,0.179131351,7.612412828197824,0.4161227100051402
2007-10-11,230.3166701,294.6208377,293.9708377,0.0040125,88544.58333,0.0,1.716666692,0.825000012,0.17898553,5.9853228851805484,0.2517588033694873
2007-10-12,225.6375034,287.2708376,294.1375044,0.0034625,88256.25,0.0,1.512500023,3.187500047,0.178854472,6.322565015876391,0.2143128114429659
2007-10-13,228.4416701,290.5208377,293.3875044,0.004516667,88093.75,0.0,3.291666716,3.550000053,0.178709423,6.550401497609386,0.2923805149948079
2007-10-14,226.2208367,282.4333375,289.1250043,0.0053,88260.83333,0.0,2.770833375,-0.65000001,0.178563742,4.502140474834795,0.4505425692743338
2007-10-15,226.8375034,271.1583374,289.441671,0.004166667,88431.25,0.0,0.24166667,0.375000006,0.178410346,3.639906813616226,0.3477124442195518
2007-10-16,223.20417,283.7541709,291.5750043,0.004766667,88123.33333,0.0,1.700000025,3.929166725,0.17832416,5.282446396011707,0.3459202661289181
2007-10-17,222.7000033,276.1583374,289.9458377,0.005533333,88253.75,0.0,4.604166735,1.79583336,0.178255534,4.549312691935407,0.4461444222863248
2007-10-18,219.9458366,274.0791708,288.391671,0.004695833,88470.83333,0.0,3.183333381,-1.291666686,0.178169361,3.8237470281737935,0.4195878494667815
2007-10-19,219.8625033,276.8333375,290.991671,0.003979167,88697.91667,0.0,-0.66250001,-0.962500014,0.178096824,3.155494963458092,0.3016146239009105
2007-10-20,218.0291699,276.5333375,294.6125044,0.002920833,88433.75,0.0,1.100000016,2.175000032,0.178010292,3.6916967599270407,0.1758974600433109
2007-10-21,218.0458366,275.3583374,292.741671,0.003375,88367.91667,0.0,4.095833394,-0.483333341,0.177937744,4.240636228662426,0.2281948069886351
2007-10-22,218.5416699,238.0875035,287.3625043,0.002070833,89317.08333,0.0,-4.325000064,-2.033333364,0.177851211,3.461186628723822,0.1997695806014407
2007-10-23,213.8250032,254.4291705,287.0041709,0.0022125,89455.41667,0.0,-5.062500075,0.729166678,0.177778662,3.4382215316591718,0.2188476005278907
2007-10-24,209.8500031,275.3875041,290.5375043,0.002995833,89409.16667,0.0,-5.720833419,1.766666693,0.17769213,3.9648642840796895,0.2356212405320936
2007-10-25,211.1083365,272.8208374,290.8500043,0.003704167,88998.75,0.0,-2.89166671,2.2416667,0.177619585,3.1156939943266337,0.2842737338526889
2007-10-26,206.5583364,277.4416708,291.8625043,0.003320833,88581.25,0.0,1.575000023,1.712500026,0.177533049,2.7110461426622914,0.237882653061397
2007-10-27,197.3791696,285.9041709,291.7708377,0.003566667,89020.0,0.0,0.537500008,1.725000026,0.177460504,2.439026738837057,0.2582496984338359
2007-10-28,203.1791697,284.5375042,293.679171,0.003125,89260.83333,0.0,-3.083333379,1.56666669,0.177373977,3.2342415110924847,0.2012789830940727
2007-10-29,206.9000031,264.6250039,291.2208377,0.0029875,89386.25,0.0,-4.150000062,1.77083336,0.177292596,3.293089902296336,0.2249059032937304
2007-10-30,200.7458363,268.9916707,291.516671,0.002758333,89034.16667,0.0,-0.587500009,2.600000039,0.177211463,2.620813974666904,0.2029915709621286
2007-10-31,192.3791695,276.3208375,290.3708377,0.0033125,88921.66667,0.0,1.641666691,2.108333365,0.177143186,2.512163336914723,0.2618796073064285
2007-11-01,192.5750029,272.9875041,290.3958377,0.003625,88927.5,0.0,-0.137500002,0.758333345,0.177051918,1.6005079227159291,0.2861464711903559
2007-11-02,191.6791695,261.5708372,289.7375043,0.0030875,88705.0,0.0,1.291666686,0.320833338,0.176974247,1.6254825872683938,0.2535816810249623
2007-11-03,183.1416694,268.9916707,290.7458377,0.0024625,88977.91667,0.0,-0.704166677,1.225000018,0.176897215,1.5954665514009196,0.1901965099273959
2007-11-04,184.4500027,284.1625042,291.9000043,0.003108333,89021.25,0.0,-1.537500023,1.429166688,0.176820183,1.9670727015318807,0.2232371741488019
2007-11-05,185.0916694,278.3041708,291.641671,0.003429167,88844.16667,0.0,-0.25416667,1.020833349,0.176743148,1.3394958448993275,0.2498361074171114
2007-11-06,179.958336,289.066671,292.929171,0.003641667,88855.0,0.0,-3.054166712,1.850000028,0.176651494,2.153670538453775,0.2446890650432286
2007-11-07,172.2875026,292.5583377,291.9125043,0.003666667,88992.08333,0.0,-3.066666712,1.404166688,0.176588449,1.8898317587997404,0.2630421337267184
2007-11-08,177.2500026,292.0708377,292.054171,0.003654167,88919.58333,0.0,-0.20416667,0.608333342,0.176497427,1.0035212633056934,0.2596004307593283
2007-11-09,178.6916693,275.6458374,290.9250043,0.002879167,88678.75,0.0,-0.24166667,1.470833355,0.176419759,1.0957881242060852,0.2191165861107689
2007-11-10,113.3125017,295.8791711,291.041671,0.004125,88586.66667,0.0,0.21666667,3.437500051,0.176342728,1.0842487279198312,0.3112850325719078
2007-11-11,175.970836,284.2083376,290.654171,0.0046,88472.08333,0.0,0.483333341,2.954166711,0.17625107,1.3905554192513945,0.3553416422841441
2007-11-12,154.979169,293.766671,288.8833376,0.0052875,88644.16667,0.0,-1.575000023,3.366666717,0.176173402,1.2543104775472975,0.4585364301631978
2007-11-13,170.3750025,299.7125045,288.1750043,0.004708333,88886.66667,0.0,-1.662500025,0.558333342,0.176096371,1.20666267295528,0.4286755668407612
2007-11-14,170.2583359,279.1791708,289.1750043,0.0038875,88800.83333,0.0,0.316666671,-1.700000025,0.176019336,1.0615726508209549,0.3314194287096249
2007-11-15,130.7333353,306.7375046,289.554171,0.004379167,88872.5,0.0,-3.933333392,1.091666683,0.175942304,1.335277626573339,0.364619659902681
2007-11-16,152.7583356,298.1083378,285.8916709,0.0034375,88751.25,1.900000028,-1.587500024,0.570833342,0.175750641,3.2396598564837253,0.3630198421541021
2007-11-17,166.5791691,272.5250041,286.3083376,0.003970833,88684.58333,0.0,2.2166667,-2.054166697,0.175539371,2.3716485587303,0.4076397508235913
2007-11-18,168.9166692,256.3333372,287.0500043,0.002945833,88817.5,0.0,0.516666674,-1.59166669,0.175342088,1.9209004652479411,0.2884376701658979
2007-11-19,168.2000025,256.0166705,289.1000043,0.002445833,88844.16667,0.0,-0.550000008,0.516666674,0.175130815,1.389827461240678,0.2096276538887387
2007-11-20,165.7458358,257.7916705,288.391671,0.0024875,88613.75,0.0,1.837500027,1.454166688,0.174933532,1.7333072382960983,0.2226252123961017
2007-11-21,164.6375025,261.5541706,287.9625043,0.003104167,88647.91667,0.0,2.362500035,2.137500032,0.174736885,1.6262190408746613,0.2857893349984214
2007-11-22,155.4583356,313.408338,288.7500043,0.004925,88723.33333,0.0,0.400000006,1.054166682,0.174525615,1.6536723365128028,0.4311857566497595
2007-11-23,161.6833357,261.1708372,285.4833376,0.004825,88292.08333,0.0,1.691666692,3.57916672,0.174328333,0.9940727790941134,0.5208327607431547
2007-11-24,81.92916789,310.520838,280.3791708,0.003658333,88055.0,17.20000026,1.233333352,-0.600000009,0.174131686,31.376212807665677,0.55683341230366
2007-11-25,162.4875024,259.3041705,279.4500042,0.003354167,88558.33333,0.0,-1.708333359,0.512500008,0.173935035,27.47984912371121,0.5477274302830061
2007-11-26,136.0833354,253.7666704,278.6541708,0.0020625,88835.0,0.0,0.075000001,0.575000009,0.173723765,12.369734205223104,0.3572198523854678
2007-11-27,151.6541689,257.8041705,281.6458375,0.001891667,88970.41667,0.0,-1.695833359,1.195833351,0.173526483,21.655140355006225,0.2666039199942639
2007-11-28,85.70000128,321.8041715,284.2166709,0.002825,88917.08333,0.0,0.929166681,1.033333349,0.173329836,13.078896595698415,0.3342173903838006
2007-11-29,68.68333436,341.4875051,286.2416709,0.005358333,89210.41667,8.300000124,-0.0125,2.366666702,0.173118566,35.88347930056636,0.5557813607358107
2007-11-30,89.479168,340.5541717,285.8125043,0.008766666,88782.08333,2.100000031,-1.333333353,2.875000043,0.172921283,21.87090834516101,0.931003082802498
2007-12-01,128.2458352,319.1625048,284.7500042,0.00765,88210.83333,10.90000016,2.329166701,8.116666788,0.17271001,60.63241627612385,0.8663449465053782
2007-12-02,158.3333357,252.4333371,281.7625042,0.006033333,89114.16667,0.200000003,2.250000034,1.587500024,0.172512727,17.159176420527423,0.8449054947343413
2007-12-03,160.8458357,231.7000035,281.8875042,0.0037625,89842.08333,0.0,-3.758333389,0.125000002,0.17231608,24.806560419328143,0.5266765058443388
2007-12-04,160.0833357,229.5375034,283.8750042,0.002483333,89430.83333,0.0,-2.641666706,0.125000002,0.17210481,18.79627782782189,0.3023597876668506
2007-12-05,158.3458357,240.8000036,286.8208376,0.002283333,88743.75,0.0,0.033333334,0.43333334,0.171907527,4.284650040831291,0.2267722495893091
2007-12-06,153.8958356,255.9791705,287.0083376,0.003904167,88472.08333,0.0,1.98750003,3.700000055,0.171710877,13.812442985147918,0.3818279440237804
2007-12-07,149.7708356,285.0625042,287.2458376,0.007629166,88535.41667,0.0,2.966666711,5.650000084,0.171499607,5.829459665280178,0.7351268053126386
2007-12-08,91.84166804,298.9458378,283.8750042,0.007025,88535.83333,3.200000048,2.912500043,6.800000101,0.171302324,8.864093243518004,0.8467733910254842
2007-12-09,105.3916682,284.5000042,281.1791709,0.005683333,88650.83333,0.400000006,-0.612500009,3.883333391,0.171105677,6.488657126393472,0.8241074886127305
2007-12-10,111.045835,309.4916713,281.3208375,0.005454167,88305.83333,0.600000009,-1.104166683,3.995833393,0.170894407,9.124406776917604,0.7801603964510765
2007-12-11,112.583335,286.8125043,278.1625041,0.004091667,88347.91667,0.600000009,1.137500017,5.975000089,0.19281156,7.099509074686059,0.7296073695167917
2007-12-12,150.2166689,283.2500042,278.3083375,0.004004167,89093.75,0.200000003,-0.212500003,0.87916668,0.244742748,7.402368880753138,0.7126660650994119
2007-12-13,144.3583355,231.2666701,278.0416708,0.003583333,88868.33333,0.0,-2.095833365,0.583333342,0.234522984,2.819164541790495,0.6482332177357433
2007-12-14,153.5875023,227.3916701,277.1958375,0.003666667,88645.83333,0.0,3.312500049,0.795833345,0.212639147,2.201414912265488,0.702526204621493
2007-12-15,155.8333357,203.0958364,274.7041708,0.002445833,89128.33333,0.0,1.179166684,-1.087500016,0.196383261,1.5998357714685731,0.5635715388474531
2007-12-16,153.6125023,211.3833365,276.7833375,0.0028,89082.5,0.0,-3.616666721,0.512500008,0.188612189,1.5646228135447704,0.5551968921270379
2007-12-17,153.7375023,243.533337,279.0666708,0.0022625,88786.66667,0.0,-1.516666689,2.233333367,0.181529406,2.2290300300958643,0.3804756085036792
2007-12-18,154.9583356,221.8500033,280.4166708,0.002245833,88975.41667,0.0,0.770833345,2.833333376,0.175395847,1.657556605341238,0.3445144639242037
2007-12-19,153.254169,222.22917,280.8125042,0.0022375,88869.58333,0.0,1.270833352,2.2166667,0.172055283,1.3370402671057862,0.3335723373752298
2007-12-20,153.4958356,223.51667,278.9875042,0.0025875,89009.16667,0.0,0.679166677,0.054166667,0.170107082,0.9318669442298742,0.4386459303839902
2007-12-21,94.64583474,261.8625039,281.0625042,0.0033625,88239.16667,0.0,2.595833372,1.412500021,0.169082671,0.6978443219208594,0.4892269585583645
2007-12-22,157.8708357,202.3166697,275.6375041,0.0024,89012.91667,0.0,2.03750003,-1.970833363,0.168475337,0.4620829073892701,0.5162353495869051
2007-12-23,158.466669,203.6333364,276.8750041,0.0029,89339.16667,0.0,-2.058333364,-0.570833342,0.168094342,0.3890422443601117,0.5729230358519406
2007-12-24,155.6208357,232.0000035,280.9791709,0.003966667,89163.75,0.0,-1.841666694,-0.450000007,0.167747679,0.5078066145530917,0.5865361283735503
2007-12-25,155.5458357,223.12917,279.0583375,0.0031875,88587.5,0.0,2.337500035,1.09583335,0.167437891,0.4322924317247681,0.5351389652395298
2007-12-26,156.7750023,198.1083363,273.6875041,0.002783333,88845.0,0.0,0.791666678,-0.579166675,0.167174515,0.2382435267041315,0.6885081462599296
2007-12-27,157.966669,197.9375029,274.6916708,0.002320833,88041.25,0.0,3.683333388,0.358333339,0.166912411,0.229603903971492,0.5287262106757618
2007-12-28,148.7916689,206.4041697,271.512504,0.0024375,88827.5,0.0,0.375000006,-0.295833338,0.166661751,0.2766886852776059,0.7080072410784474
2007-12-29,152.1041689,221.1708366,274.3208374,0.002808333,88695.41667,0.0,0.570833342,0.495833341,0.166399647,0.2271307680824312,0.6621654052632168
2007-12-30,154.9250023,231.8125035,277.3208375,0.003875,88915.0,0.0,0.19166667,-0.0125,0.166150895,0.4415591780841575,0.7381086398296013
2007-12-31,157.504169,224.44167,279.6958375,0.003566667,88990.41667,0.0,0.533333341,-0.062500001,0.165902142,0.2668138658271278,0.5753216197852437
2008-01-01,152.9541689,212.3208365,278.7541708,0.002845833,89551.25,0.0,-4.850000072,0.162500002,0.16565339,0.2721852649276515,0.4933874403820029
2008-01-02,123.2750018,269.9958374,279.6208375,0.002670833,89639.58333,0.0,-5.179166744,1.141666684,0.165404637,0.3635965066089793,0.4362358537822838
2008-01-03,130.0958353,268.5916707,280.4833375,0.002754167,89325.83333,0.0,-2.625000039,1.570833357,0.165155881,0.3434669669403425,0.4222043794318539
2008-01-04,114.9041684,322.7833381,284.9291709,0.004691667,88937.08333,0.0,1.812500027,2.679166707,0.164907129,0.4547286406068764,0.5293214516091146
2008-01-05,144.1833355,274.4458374,284.9375042,0.005583333,88266.66667,0.0,1.466666689,3.708333389,0.164658376,0.3468927033105766,0.6248245760817979
2008-01-06,112.083335,293.1625044,285.4541709,0.007229166,88410.0,0.0,3.187500047,3.650000054,0.164395,0.2201761496036611,0.7829079667928209
2008-01-07,91.7208347,317.1041714,283.7166709,0.006704166,88282.08333,0.0,4.345833398,5.658333418,0.164145612,0.2107246300032652,0.8144261613837267
2008-01-08,154.191669,271.6291707,281.7958375,0.006258333,88983.33333,0.0,1.004166682,0.262500004,0.16389686,0.2649658136527011,0.8731321877197715
2008-01-09,153.6583356,243.5166703,280.9125042,0.004645833,88801.25,0.0,0.370833339,0.47083334,0.16366273,0.1997432886228073,0.6873213122721457
2008-01-10,155.154169,227.5583367,279.3833375,0.003441667,88913.75,0.0,1.700000025,-0.87916668,0.163414613,0.1720323716085664,0.5669044553089466
2008-01-11,157.379169,232.0666701,279.7416708,0.0027,88765.83333,0.0,1.191666684,-1.225000018,0.163151238,0.2118662069696478,0.4330400041144497
2008-01-12,160.5625024,217.9458366,280.3208375,0.0026625,88859.58333,0.0,1.066666683,-1.82083336,0.162901849,0.2006424508686088,0.4106174210558388
2008-01-13,160.0625024,230.1166701,280.2166708,0.002808333,88736.66667,0.0,-2.045833364,-0.504166674,0.162653097,0.2176165355163548,0.4356442930168348
2008-01-14,156.9083357,246.758337,280.5000042,0.002958333,88775.83333,0.0,-3.266666715,-2.166666699,0.162404344,0.283414652447424,0.4501903980072631
2008-01-15,162.3416691,221.52917,278.9375042,0.002429167,89091.25,0.0,-2.595833372,-0.787500012,0.162155592,0.2035427245845706,0.4136313303158081
2008-01-16,163.4958358,218.9541699,278.0291708,0.002708333,88319.58333,0.0,2.616666706,0.366666672,0.162343259,0.1692739507352241,0.4873484428614336
2008-01-17,121.3208351,268.5541707,276.8625041,0.003016667,88230.41667,0.0,-0.908333347,-0.575000009,0.16269677,0.1443468250651184,0.5891003296060943
2008-01-18,165.1708358,214.7833365,276.9750041,0.0023625,88651.66667,0.0,-0.937500014,0.391666673,0.163112585,0.1441190361215687,0.4598531604790251
2008-01-19,171.6083359,210.4833365,276.3958375,0.003179167,89126.25,0.0,-2.387500036,-0.595833342,0.163230856,0.1321217909217246,0.6484044226867787
2008-01-20,167.6875025,209.8375031,276.7375041,0.00315,88781.25,0.0,-3.14583338,1.358333354,0.163358665,0.1610224896423758,0.6245242842982938
2008-01-21,170.3333359,222.3708366,280.6625042,0.0032875,88516.25,0.0,0.604166676,3.454166718,0.163478205,0.3360728646022544,0.4932445304458426
2008-01-22,150.3666689,255.1500038,282.8666709,0.003875,88797.91667,0.0,0.0,3.054166712,0.163623179,0.4148513231174961,0.5015111802995287
2008-01-23,139.1458354,287.1833376,283.8541709,0.003816667,88725.41667,0.0,-0.44583334,3.454166718,0.163784681,0.5830762716893417,0.4616824036622215
2008-01-24,123.3625018,329.0291716,283.0041709,0.0058875,88462.91667,0.0,1.504166689,4.01250006,0.163950636,0.5120097875232497,0.7520505872010894
2008-01-25,168.0083358,269.762504,281.0625042,0.004733333,88749.58333,0.0,1.516666689,2.825000042,0.164142023,0.4859003735282746,0.6926599407696613
2008-01-26,137.2291687,267.600004,282.0625042,0.003779167,89037.91667,0.0,-1.37500002,2.187500033,0.164334042,0.4530251777106011,0.5180384777653968
2008-01-27,60.51666757,348.0958385,285.0166709,0.006316667,88894.58333,1.100000016,-0.591666675,3.954166726,0.164540051,0.799497899591415,0.7081689169384615
2008-01-28,164.1250024,320.5083381,285.0375042,0.007483333,88508.33333,3.600000054,4.004166726,4.26666673,0.164746693,6.97358510755889,0.8341598913886
2008-01-29,178.5250027,242.0916703,280.7541709,0.004954167,88617.08333,0.0,3.241666715,1.254166685,0.164938716,3.4550946799628988,0.7394539722865187
2008-01-30,179.0875027,229.8291701,279.2541708,0.004208333,88449.16667,0.0,3.900000058,0.479166674,0.165144722,2.4835638185153077,0.6958188493244883
2008-01-31,184.4291694,208.1666698,276.2291708,0.00265,89014.16667,0.0,0.704166677,-2.250000034,0.165345645,2.045602701776905,0.5462838423682339
2008-02-01,181.9666694,218.4583366,277.9458375,0.001658333,88829.58333,0.0,-0.679166677,0.950000014,0.165542754,2.4979015740442283,0.3019027778388357
2008-02-02,181.6125027,237.4750035,281.5250042,0.003558333,88561.25,0.0,2.570833372,2.391666702,0.165734773,2.051306949091137,0.5033454798034925
2008-02-03,144.5666688,258.7750039,283.2000042,0.0041875,88521.66667,0.0,3.454166718,4.391666732,0.165940783,1.6552568007235462,0.5281984601560451
2008-02-04,79.22500118,296.6916711,282.1791709,0.005179167,88013.75,1.600000024,4.67500007,5.104166743,0.169063761,2.299992406103795,0.6962112818416893
2008-02-05,186.9125028,249.408337,276.1041708,0.003029167,88564.58333,0.0,4.208333396,-0.850000013,0.20700412,2.0601605932786105,0.6268897481356882
2008-02-06,191.8458362,207.0583364,274.5166708,0.003141667,89117.08333,0.0,1.275000019,-1.175000018,0.199512707,1.2437500708432077,0.7337467312317225
2008-02-07,190.5375028,223.2875033,278.9583375,0.002741667,88990.83333,0.0,1.454166688,-0.562500008,0.189794142,1.836193108088372,0.4656362057979804
2008-02-08,192.5208362,234.1708368,282.2375042,0.002791667,88890.83333,0.0,1.612500024,-1.366666687,0.179622268,1.90460840933856,0.3775046272096756
2008-02-09,195.7166696,230.1625034,284.2916709,0.00265,88824.16667,0.0,-0.954166681,-1.091666683,0.173026669,1.7086982527363943,0.3116134161278054
2008-02-10,196.9916696,234.8041702,285.4375043,0.002125,88909.16667,0.0,-2.329166701,0.391666673,0.169834419,1.6440677955618317,0.2316902605535874
2008-02-11,194.2208362,237.2541702,285.9041709,0.002141667,88744.58333,0.0,1.304166686,0.104166668,0.16839693,1.415482398474276,0.2259682396959864
2008-02-12,199.1833363,231.7875035,283.6500042,0.002433333,88711.25,0.0,1.075000016,-1.904166695,0.168001486,1.1780509283489762,0.2983781202536692
2008-02-13,198.5166696,247.7375037,286.1000043,0.0030375,88498.75,0.0,-0.21666667,0.783333345,0.16801231,1.2755655234940897,0.3154847646695951
2008-02-14,198.9083363,250.5250037,286.4958376,0.003275,87955.0,0.0,3.804166723,6.325000094,0.168151559,1.4830070390347407,0.3293417427656501
2008-02-15,114.120835,286.7500043,282.4000042,0.004066667,88164.16667,3.900000058,0.979166681,6.29166676,0.169677454,7.819925404329211,0.5394118008579845
2008-02-16,201.2958363,264.5541706,277.7458375,0.003770833,88694.58333,0.100000001,4.070833394,-0.033333334,0.204096988,4.4663726268928405,0.6952111405736033
2008-02-17,205.9958364,233.9208368,279.3583375,0.004279167,88648.75,0.0,3.620833387,-1.883333361,0.183267525,3.013342560053495,0.7039833355108537
2008-02-18,206.8458364,227.9541701,281.4583375,0.003145833,88612.91667,0.0,-0.479166674,-0.895833347,0.173578246,3.909255539923804,0.4472970868668974
2008-02-19,204.3583364,257.7791705,285.2583376,0.002316667,88656.66667,0.0,0.354166672,1.891666695,0.170862238,4.5123414613679,0.2548907632583143
2008-02-20,194.5916696,261.2625039,284.5708376,0.003591667,88698.75,0.0,2.766666708,2.320833368,0.170280549,2.946058825623333,0.4139297392035922
2008-02-21,206.8375031,260.8416706,283.3041709,0.004641667,88430.41667,0.0,4.087500061,0.854166679,0.170437643,2.0571513131211727,0.580773965553064
2008-02-22,92.19583471,294.9166711,282.0541709,0.004170833,88538.75,0.0,2.43333337,1.829166694,0.170725031,1.078346634634065,0.5688456271921285
2008-02-23,210.9500031,285.4250043,285.5916709,0.005929167,88544.16667,0.0,3.304166716,2.47083337,0.171062813,1.88379142966292,0.6372465308852736
2008-02-24,212.7041698,263.7666706,286.3000043,0.003425,89034.58333,0.0,0.958333348,1.33750002,0.171400579,2.144884703454471,0.3531872492799439
2008-02-25,218.4041699,263.0958373,288.9375043,0.0034625,88761.66667,0.0,4.308333398,0.150000002,0.171738226,2.231479289419505,0.2996176822338696
2008-02-26,223.07917,226.5833367,284.3541709,0.002095833,89058.33333,0.0,-1.675000025,-1.920833362,0.172075956,1.4978032693651775,0.2460648084770133
2008-02-27,227.3833367,229.9125034,285.3916709,0.0020125,89024.16667,0.0,-4.475000067,0.766666678,0.172428396,1.674478738770965,0.2203787389660589
2008-02-28,226.0208367,241.0541703,288.7458376,0.001775,88537.08333,0.0,-0.841666679,2.554166705,0.172766785,1.6958096437280727,0.1551175902266902
2008-02-29,223.1833367,254.9750038,288.179171,0.00255,88839.58333,0.0,0.758333345,2.058333364,0.173104468,1.5384739835970314,0.2319818141415524
2008-03-01,164.4125024,267.675004,287.3708376,0.002245833,88903.33333,0.0,-0.308333338,2.066666697,0.173442134,1.09386096990031,0.2155303041874677
2008-03-02,242.1500036,247.870837,285.5416709,0.003045833,88198.75,0.0,4.595833402,0.341666672,0.173794502,1.4570382180776664,0.3271632395521606
2008-03-03,247.6875037,226.3833367,282.5000042,0.002325,88834.58333,0.0,1.091666683,-4.350000065,0.174132755,1.16464757692994,0.3086289857202108
2008-03-04,250.5708371,220.34167,282.8291709,0.001825,88875.83333,0.0,-1.575000023,-0.070833334,0.174470595,1.0530269241494148,0.237005467690629
2008-03-05,242.2000036,226.1125034,283.1333376,0.001608333,88272.08333,0.0,3.000000045,1.304166686,0.174808218,1.139197008089953,0.2032135346942433
2008-03-06,255.4583371,226.0833367,282.5458375,0.0022,88655.41667,0.0,2.954166711,-2.558333371,0.175160522,1.108529121335856,0.2905391616495721
2008-03-07,256.4708372,214.0666699,282.3791709,0.001379167,89120.0,0.0,-0.658333343,-2.866666709,0.175498972,1.0445877639567724,0.1851818083834643
2008-03-08,248.6416704,218.4833366,283.6083376,0.001195833,88674.16667,0.0,1.333333353,0.300000004,0.175836649,0.954932768395711,0.1469857147344944
2008-03-09,255.4500038,230.5666701,283.2250042,0.001695833,88401.25,0.0,2.787500042,-0.287500004,0.176188929,1.1032764745223442,0.2132550296899596
2008-03-10,257.2625038,244.445837,284.7416709,0.0025875,89164.58333,0.0,-0.808333345,-1.079166683,0.176527289,1.0965882559252245,0.296361770976083
2008-03-11,260.5208372,239.3666702,285.9000043,0.001966667,89184.16667,0.0,0.200000003,-1.791666693,0.176865129,1.1513896415806302,0.2085893086180908
2008-03-12,260.0708372,247.8250037,286.2208376,0.0019375,88669.16667,0.0,1.083333349,-1.520833356,0.177202896,1.2085035956062369,0.200018762716989
2008-03-13,257.5375038,253.9750038,286.7666709,0.002483333,88460.0,0.0,4.087500061,-0.591666675,0.17754333,1.4056078249265394,0.2467242122595267
2008-03-14,261.8666706,261.7041706,288.591671,0.002679167,88387.08333,0.0,5.183333411,0.954166681,0.177887994,1.6481946618218777,0.2360824239797349
2008-03-15,258.9083372,245.833337,286.2041709,0.002108333,88203.75,0.0,4.662500069,1.487500022,0.178232841,1.419800899936846,0.2167508847498119
2008-03-16,239.5958369,257.4541705,283.6416709,0.002358333,87708.75,0.0,3.862500058,4.350000065,0.178431388,1.2291467136675924,0.2860743336369367
2008-03-17,137.8833354,291.8208377,280.2750042,0.003095833,88199.58333,0.0,3.575000053,0.262500004,0.18889633,0.543569176797833,0.4754090171094197
2008-03-18,269.012504,246.2500037,282.8625042,0.0037625,88640.83333,0.0,2.704166707,-3.787500056,0.185990125,0.9970866837375733,0.4862272690629831
2008-03-19,276.3916708,241.2958369,285.4541709,0.002695833,89055.41667,0.0,0.454166673,-1.750000026,0.18145377,1.117360374218548,0.2940860672698001
2008-03-20,277.8791708,236.6875035,287.941671,0.001445833,88768.33333,0.0,0.729166678,0.89166668,0.179899236,1.1071239896203389,0.1334744437971313
2008-03-21,265.0625039,257.9500038,287.566671,0.001541667,88977.5,0.0,2.304166701,-1.525000023,0.179555872,1.366924464751088,0.1461910367364946
2008-03-22,281.8333375,239.3000036,288.166671,0.001358333,88857.91667,0.0,1.929166695,-2.612500039,0.179651195,1.5201019801558413,0.123698009893386
2008-03-23,283.6041709,238.2625036,287.9958376,0.0016625,88907.5,0.0,-0.608333342,-1.933333362,0.179840617,1.406675772317887,0.1531755467201398
2008-03-24,282.7458375,260.4833372,289.2000043,0.003295833,88872.91667,0.0,-3.091666713,1.445833355,0.180028129,1.7535299195494871,0.2807531593013554
2008-03-25,288.3958376,240.9375036,289.029171,0.001608333,88789.16667,0.0,2.579166705,1.504166689,0.18024425,1.7933268324623255,0.138393436898051
2008-03-26,288.6958376,240.8708369,288.2458376,0.001516667,88841.25,0.0,3.012500045,1.612500024,0.180432401,1.922784535040585,0.1373819287140177
2008-03-27,287.0625043,245.4125037,287.991671,0.001958333,88628.75,0.0,3.245833382,-0.195833336,0.180633899,1.958914911976418,0.1799154316693879
2008-03-28,289.7000043,250.1625037,288.4083376,0.0021625,88272.5,0.0,2.225000033,0.704166677,0.180836037,1.963605340643771,0.1925846879378637
2008-03-29,291.229171,248.9291704,288.904171,0.001820833,88261.66667,0.0,2.187500033,2.950000044,0.181038172,2.323457665447879,0.1570111260613522
2008-03-30,286.2750043,262.8708373,288.6000043,0.002879167,88226.25,0.0,2.866666709,3.937500059,0.181240309,2.4314006392747465,0.2531075758298252
2008-03-31,293.841671,264.7333373,288.8083376,0.003654167,88443.33333,0.0,3.558333386,1.31250002,0.181442444,2.292285361286104,0.3177122840563678
2008-04-01,293.7375044,257.6666705,288.0000043,0.002825,88608.75,0.0,0.766666678,0.566666675,0.181629955,1.8666120950162968,0.2593382571790884
2008-04-02,244.5750036,282.1083375,288.3750043,0.0026875,88558.75,0.0,2.479166704,3.237500048,0.181831457,2.145315083910792,0.2406357164049515
2008-04-03,296.1875044,285.5750043,287.8458376,0.0031625,88554.58333,0.0,4.170833395,0.679166677,0.182033592,2.4830870602672155,0.2930734882675652
2008-04-04,302.7666712,252.2541704,285.5166709,0.002829167,88736.25,0.0,2.108333365,-2.670833373,0.182235729,2.0218221677487835,0.3062505835871931
2008-04-05,309.5291713,232.0958368,286.9791709,0.001433333,88232.91667,0.0,2.387500036,-0.270833337,0.182437864,2.027025157287913,0.1400691426430636
2008-04-06,307.4458379,251.9708371,289.2458376,0.002270833,88208.75,0.0,3.241666715,1.59166669,0.182639998,2.4138576978788517,0.1914269135830015
2008-04-07,302.8083378,263.4916706,289.1958376,0.0028875,88390.83333,0.0,3.633333387,1.975000029,0.182827513,2.3753040084791293,0.2447011348451412
2008-04-08,303.9958379,263.0291706,288.2750043,0.002933333,88261.25,0.0,2.43333337,1.062500016,0.183043635,2.051192010585943,0.2634710222389822
2008-04-09,292.479171,264.6666706,288.1000043,0.003066667,87882.08333,0.0,4.366666732,3.12083338,0.183231785,2.136796411854705,0.2774029172514438
2008-04-10,311.6125046,245.0625037,283.8625042,0.003316667,88374.58333,0.0,5.429166748,-0.895833347,0.183447907,1.5671547859126755,0.399389421633664
2008-04-11,315.9875047,226.7250034,282.9916709,0.001608333,88804.16667,0.0,2.541666705,-2.600000039,0.183636054,1.4371894145375077,0.2064107468471674
2008-04-12,317.2083381,236.7166702,286.6458376,0.001733333,89051.25,0.0,-1.954166696,-2.741666708,0.183837556,1.6398776923559923,0.1747452238663115
2008-04-13,318.7583381,233.9083368,287.4416709,0.001379167,88930.41667,0.0,-4.92916674,0.716666677,0.18403526,1.7567994357060992,0.1317852843583458
2008-04-14,316.4291714,248.520837,289.8083377,0.0013375,88767.5,0.0,-2.2541667,2.337500035,0.184234734,1.648516623492959,0.1094296539310222
2008-04-15,322.7833381,254.0333371,292.9708377,0.0017125,88588.33333,0.0,3.370833384,3.36250005,0.184434295,2.0516369437984814,0.114421111743543
2008-04-16,322.3000048,251.4541704,291.441671,0.001791667,88259.58333,0.0,4.504166734,3.412500051,0.184485697,2.224773057426241,0.1313280744996402
2008-04-17,326.6500049,236.3166702,288.291671,0.001991667,88577.91667,0.0,4.729166737,-3.016666712,0.184530657,2.073925253547035,0.1793383764760223
2008-04-18,328.5833382,226.25417,286.3333376,0.001183333,88812.91667,0.0,-0.812500012,-1.229166685,0.18458007,1.621670081953876,0.1214543774855331
2008-04-19,286.9625043,264.2916706,292.1083377,0.001245833,88407.5,0.0,1.741666693,3.712500055,0.184627577,2.2479114918131207,0.0876970630518384
2008-04-20,325.8375049,263.7125039,290.141671,0.0025375,88384.58333,0.0,3.104166713,3.583333387,0.184669119,2.557709166441364,0.202342870912093
2008-04-21,328.4500049,251.0458371,289.1708376,0.002320833,88504.58333,0.0,2.912500043,1.275000019,0.184708414,2.353766663102941,0.1972499665999506
2008-04-22,323.8833382,239.7666702,289.941671,0.001195833,88454.58333,0.0,1.025000015,0.200000003,0.184753192,1.9916915026724336,0.0966634788410153
2008-04-23,329.8125049,250.7166704,290.5000043,0.00155,88476.66667,0.0,3.312500049,0.416666673,0.184805899,2.80652151113932,0.1209246887951499
2008-04-24,329.8666716,254.0791705,290.2500043,0.001979167,88552.91667,0.0,3.708333389,0.116666668,0.184835415,3.0694269086231376,0.157028793409287
2008-04-25,336.8916717,242.7166703,289.4625043,0.001729167,88732.5,0.0,1.991666696,-1.683333358,0.184879433,2.997753361933768,0.1445981737603816
2008-04-26,339.0291717,237.8041702,291.154171,0.001141667,88585.83333,0.0,1.400000021,-2.575000038,0.184924074,3.3303769348190024,0.0855390945983755
2008-04-27,336.8541717,251.9166704,292.716671,0.001420833,88659.58333,0.0,-1.295833353,-1.954166696,0.184982047,3.524084877380367,0.0965355565239248
2008-04-28,336.7708384,256.4916705,291.3750043,0.002375,88996.25,0.0,-4.4958334,1.954166696,0.185011032,4.283662037434489,0.1762825162690582
2008-04-29,334.7916717,250.1541704,293.2375044,0.0010875,88542.08333,0.0,0.850000013,1.254166685,0.185054914,3.568119119175832,0.0714221604905176
2008-04-30,334.0708383,265.6041706,294.5791711,0.0018,88137.5,0.0,4.220833396,3.720833389,0.185099874,5.145872422152233,0.1082587980328965
2008-05-01,338.1583384,269.025004,292.729171,0.002916667,88027.08333,0.0,4.925000073,3.270833382,0.185157518,4.927092345464136,0.1965989151098855
2008-05-02,344.7833385,248.7416704,288.991671,0.0020125,88382.08333,0.0,3.479166719,-0.737500011,0.185188617,3.8536520533961514,0.1727952873156963
2008-05-03,343.6083385,252.2958371,291.566671,0.001270833,88542.5,0.0,1.400000021,0.387500006,0.185233337,3.360236948338137,0.0927127974999704
2008-05-04,308.7166713,279.8541708,293.3208377,0.00175,88322.91667,0.0,1.445833355,1.308333353,0.185281841,3.2137952442558837,0.114052403598464
2008-05-05,328.1000049,299.4416711,292.7375044,0.002629167,88292.5,0.0,0.716666677,4.454166733,0.185327152,3.8856358680371543,0.177661316372082
2008-05-06,338.862505,279.3458375,291.079171,0.003683333,88264.16667,0.0,1.875000028,4.808333405,0.185370643,3.424325209644681,0.2762841873412799
2008-05-07,339.0083384,278.1375041,289.7375043,0.003770833,88567.08333,0.0,3.708333389,-0.429166673,0.185415277,2.914712576411827,0.30922347183958
2008-05-08,341.1333384,269.6416707,292.2750044,0.002604167,88355.0,0.0,3.666666721,0.629166676,0.185459952,2.8502632570496407,0.1812906648871845
2008-05-09,312.458338,286.4875043,293.141671,0.001675,88275.41667,0.0,2.66250004,1.966666696,0.185504606,2.966781347004408,0.1103342964196291
2008-05-10,353.2041719,254.8708371,292.2750044,0.0013125,88506.66667,0.0,3.008333378,1.850000028,0.185534632,3.2986625750315,0.0915273263362997
2008-05-11,320.2000048,273.4916707,292.829171,0.0014125,88617.08333,0.0,1.950000029,2.083333364,0.18557864,3.257033189812263,0.0952489181609206
2008-05-12,342.7500051,288.291671,294.3583377,0.002095833,88233.33333,0.0,3.883333391,3.525000053,0.185637925,4.280269253174953,0.1279250765377283
2008-05-13,343.3833385,275.9500041,293.7000044,0.0032,87980.83333,0.0,4.041666727,4.508333401,0.185683219,4.496716681398553,0.2028906708257958
2008-05-14,342.3958384,275.5166708,288.191671,0.0034625,88494.58333,0.0,3.895833391,-1.079166683,0.185713275,3.857799992257485,0.3135166903450951
2008-05-15,253.5625038,294.9333377,289.7000043,0.003641667,88379.16667,0.0,2.412500036,-1.025000015,0.18575727,3.186802540504832,0.2987165448583579
2008-05-16,330.7916716,331.8833383,292.2125044,0.004720833,88622.08333,0.0,-3.137500047,1.054166682,0.185794796,5.206450134259889,0.3309372162192927
2008-05-17,341.3625051,294.4375044,291.2833377,0.003991667,88940.83333,0.0,-3.012500045,-0.025,0.185846648,4.829277448038028,0.2978206545924811
2008-05-18,343.6375051,302.1541712,294.5166711,0.0032,88685.41667,0.0,-1.158333351,-0.570833342,0.185884485,4.920328463131386,0.1944066980862978
2008-05-19,350.8416719,295.8166711,297.9416711,0.0023625,88497.91667,0.0,3.258333382,-2.050000031,0.185921739,5.094617417455738,0.116194998453497
2008-05-20,346.6958385,313.595838,300.2500045,0.003025,88537.5,0.0,5.166666744,-2.966666711,0.185973618,4.784530270868319,0.1296746951488132
2008-05-21,349.4375052,306.7541712,299.1000045,0.0037875,87869.16667,0.0,4.866666739,3.191666714,0.186026121,5.670134358706137,0.1725407687586977
2008-05-22,344.6375051,295.4041711,293.5708377,0.0054875,87036.25,0.0,4.870833406,6.591666765,0.186063974,6.258559831905401,0.3469712899952631
2008-05-23,295.4333377,310.220838,287.2250043,0.006,87588.75,5.900000088,3.55416672,7.729166782,0.186101217,28.949903665983197,0.5727441152705097
2008-05-24,349.1791719,281.3083375,288.3875043,0.005304167,88340.83333,0.0,0.925000014,4.766666738,0.186138425,18.089749673569784,0.4733760881219076
2008-05-25,352.9833386,285.6541709,291.9333377,0.0049875,88282.08333,0.0,0.795833345,3.962500059,0.186190278,15.964461710146496,0.3544758668804783
2008-05-26,354.7875053,285.3750043,294.0500044,0.004195833,88241.25,0.0,1.850000028,4.479166733,0.186228127,13.303508256148987,0.2610728668211734
2008-05-27,356.6708386,275.6666708,292.9833377,0.003245833,88380.41667,0.0,0.404166673,1.75833336,0.186279985,11.252505615004369,0.2161928456174523
2008-05-28,354.5583386,281.8583375,293.416671,0.002995833,88562.5,0.0,1.404166688,0.183333336,0.186317862,9.97504958216864,0.1946086493966667
2008-05-29,356.6958386,284.9500042,294.1083377,0.00245,88628.33333,0.0,2.166666699,-0.808333345,0.186355116,8.724510725382151,0.152558955742596
2008-05-30,359.7875054,272.8416707,294.2458377,0.002133333,88639.16667,0.0,2.404166702,-0.320833338,0.186406958,7.739996599060203,0.1317281953905848
2008-05-31,351.3125052,282.5375042,295.7333377,0.001920833,88680.41667,0.0,2.575000038,-0.212500003,0.186444797,7.265738425218643,0.1082645890632446
2008-06-01,345.4000051,289.9458377,296.4833378,0.002091667,88515.83333,0.0,2.716666707,-0.020833334,0.186482034,6.873562843207374,0.1124024709061672
2008-06-02,344.1500051,295.7000044,297.7583378,0.001995833,88498.33333,0.0,3.883333391,-1.187500018,0.186519262,6.651479143278609,0.0992528854489853
2008-06-03,344.1791718,293.754171,297.3375044,0.002316667,88405.41667,0.0,3.77083339,-0.095833335,0.18657109,6.638170125924899,0.1180519198376871
2008-06-04,346.3041718,293.4000044,297.6250044,0.002854167,87817.91667,0.0,3.908333392,3.38750005,0.186608534,6.854679743249157,0.141984994353525
2008-06-05,345.4791718,302.1166712,297.0416711,0.004654167,87704.58333,0.0,5.325000079,2.858333376,0.186644174,7.375231180269663,0.2395420402921355
2008-06-06,344.1750051,289.5625043,294.3583377,0.003,88251.66667,0.0,1.450000022,-0.020833334,0.186694388,6.441951949213604,0.1831515065268076
2008-06-07,340.4541717,313.9916713,297.7375044,0.00385,88228.33333,0.0,2.816666709,1.995833363,0.186745242,6.990337997237614,0.1911167205063731
2008-06-08,342.4916718,317.8500047,298.5250044,0.004770833,88314.16667,0.0,3.083333379,1.562500023,0.186781469,7.087639254914042,0.226086780325222
2008-06-09,347.4625052,305.3875046,297.9791711,0.003708333,88374.58333,0.0,2.175000032,-1.037500015,0.186817061,6.79389845969186,0.1817219659786822
2008-06-10,345.5666718,306.8625046,299.4791711,0.00295,88258.33333,0.0,2.558333371,0.195833336,0.186867279,5.953056377369587,0.1319651210184102
2008-06-11,342.0625051,329.1916716,300.5791711,0.005491667,88230.0,0.0,4.095833394,3.408333384,0.186903506,6.618688466849904,0.2300751598318707
2008-06-12,343.8500051,318.9791714,298.8333378,0.0049625,88424.16667,0.0,3.166666714,0.416666673,0.186953721,6.594774976628537,0.2311523493322228
2008-06-13,347.1000052,295.8958377,298.0041711,0.002441667,88677.08333,0.0,1.929166695,-1.958333363,0.187004574,5.785347060162783,0.11987956170056
2008-06-14,343.2333384,308.8125046,299.5750045,0.002025,88727.91667,0.0,2.441666703,-0.929166681,0.187040802,4.953900002354896,0.0905501042953025
2008-06-15,338.9208384,332.737505,301.5416712,0.003070833,88521.25,0.0,3.020833378,-1.633333358,0.187076393,3.877913494896411,0.1219707639936796
2008-06-16,337.7416717,343.4250051,302.0291712,0.0042,88471.25,0.0,3.141666713,-2.03750003,0.187167306,4.163676873426221,0.1620366722824709
2008-06-17,338.0333384,349.8791719,303.0875045,0.005075,88703.75,0.0,2.758333374,-3.150000047,0.187246002,3.393837266782252,0.1845856701073533
2008-06-18,339.2125051,346.0166718,303.1000045,0.004854167,88760.83333,0.0,3.77083339,-2.995833378,0.187324065,3.2042272626590886,0.1765393253519517
2008-06-19,343.9041718,321.7625048,300.8583378,0.003208333,88548.33333,0.0,3.904166725,-1.720833359,0.187402125,4.705409971170961,0.1326955420906622
2008-06-20,350.7833386,293.0333377,299.9416711,0.001825,88544.58333,0.0,2.262500034,-1.141666684,0.187494808,4.549983470566154,0.0796828765755499
2008-06-21,338.675005,329.3625049,301.9166712,0.002954167,88641.25,0.0,0.575000009,-0.329166672,0.187573503,4.514775354931486,0.1149444457586025
2008-06-22,335.325005,357.5458387,302.7250045,0.004329167,88867.08333,0.0,1.545833356,0.354166672,0.187651563,4.461660664230844,0.1611019700719652
2008-06-23,336.1708383,351.2583386,302.1958378,0.005108333,88665.0,0.0,3.179166714,-0.666666677,0.187744246,5.587577600675625,0.1955995223733045
2008-06-24,337.6083384,341.6791718,301.5875045,0.004341667,88674.58333,0.0,2.658333373,0.483333341,0.187822945,5.8261117447693085,0.1722823725700871
2008-06-25,276.1750041,371.4166722,301.1125045,0.005366667,88797.5,0.500000007,2.44583337,2.008333363,0.187901005,7.319067549873263,0.2192819269774657
2008-06-26,246.0791703,369.6125055,300.1916711,0.0070125,88784.58333,1.400000021,4.141666728,0.920833347,0.187993688,10.783409125744695,0.3024915914987292
2008-06-27,315.1000047,363.0666721,296.6916711,0.0075875,88565.41667,3.400000051,2.341666702,-0.950000014,0.188072383,35.28183085258436,0.4028246082659016
2008-06-28,316.4416714,361.9041721,299.7541711,0.005675,88702.91667,0.100000001,2.850000042,-1.558333357,0.188150443,22.02221523986588,0.251003567854
2008-06-29,299.5416711,359.5625054,301.4166712,0.006091667,88751.66667,0.900000013,2.345833368,-2.133333365,0.188228503,20.657158412642357,0.2443706270500464
2008-06-30,323.9375048,369.4833388,300.2583378,0.0075625,88742.5,1.700000025,-3.095833379,0.450000007,0.188321189,29.50195150969988,0.324777085300618
2008-07-01,293.4250044,377.9125056,302.2250045,0.0090625,88597.91667,1.100000016,-2.066666697,0.766666678,0.188399885,25.31102378880148,0.3461537056545663
2008-07-02,298.2541711,375.7916723,302.3208378,0.008095833,88344.58333,2.900000043,1.991666696,-1.245833352,0.188477944,43.51314517165684,0.3066282794133093
2008-07-03,282.3625042,378.1250056,302.3250045,0.008408333,88281.25,4.500000067,2.104166698,-1.079166683,0.188570627,67.070347229164,0.3181585835827838
2008-07-04,270.337504,392.0166725,302.4791712,0.009108333,88422.91667,1.900000028,-0.68750001,0.275000004,0.1886347,42.72593401957111,0.3421125080549937
2008-07-05,257.2583372,394.0458392,301.8750045,0.0104625,88516.25,2.100000031,2.412500036,-0.695833344,0.188726746,48.726320282645815,0.4075056716203924
2008-07-06,264.6750039,395.2083392,301.3500045,0.0111875,88287.08333,1.700000025,2.666666706,-1.504166689,0.188805442,43.46611828483831,0.4481940513586791
2008-07-07,260.8291706,396.3333392,299.9333378,0.010708333,88200.83333,1.800000027,2.416666703,-1.433333355,0.188898128,39.43428646266901,0.4659609033571334
2008-07-08,240.5333369,388.7125058,299.6916711,0.008508333,88213.33333,0.100000001,-0.545833341,0.43333334,0.188976824,21.40430656889029,0.3756370084620684
2008-07-09,217.7125032,387.7875058,298.2166711,0.0096125,88273.33333,4.300000064,-0.579166675,1.262500019,0.189054884,41.14530517570399,0.4638303603032783
2008-07-10,105.2208349,404.2208394,296.0541711,0.0130375,88539.58333,20.4000003,-2.033333364,2.150000032,0.189147566,69.87388590866902,0.7194011253758108
2008-07-11,213.4166698,401.2083393,296.0250044,0.014370833,88773.33333,11.30000017,-1.100000016,2.141666699,0.189226262,104.54850836300524,0.796486371792305
2008-07-12,223.05417,397.2833393,297.8958378,0.012658333,88827.91667,2.500000037,2.379166702,0.44583334,0.189304322,82.51729347330331,0.6266257673880515
2008-07-13,234.6041702,394.0125059,298.5541711,0.013616666,88788.75,5.600000083,2.087500031,-0.908333347,0.189397008,91.24016541166024,0.6476188634048089
2008-07-14,204.462503,397.6125059,298.2958378,0.012370833,88666.25,8.300000124,2.100000031,-0.225000003,0.189475704,108.27774086137852,0.5967380678874957
2008-07-15,248.2750037,394.2625059,298.8083378,0.012404166,88744.16667,4.900000073,2.67500004,-0.658333343,0.189553763,114.7475348436967,0.5807431185157251
2008-07-16,292.8875044,377.3666723,300.8125045,0.011625,88845.0,0.0,3.050000045,-1.645833358,0.18938008,80.83691257391598,0.483721899120467
2008-07-17,297.0500044,376.983339,301.6083378,0.01085,88745.0,0.0,3.15833338,-1.733333359,0.189195451,40.40620147289571,0.4303566969890424
2008-07-18,285.4250043,377.7416723,302.8375045,0.010520833,88384.16667,0.0,3.304166716,-2.075000031,0.189010821,22.83309051130756,0.3868497501013573
2008-07-19,208.0791698,401.325006,300.2416711,0.0112125,88430.0,10.90000016,2.475000037,-1.200000018,0.188826192,100.46273776646348,0.4803070573559063
2008-07-20,168.3625025,410.5333395,298.0541711,0.013970833,88700.83333,49.40000074,1.916666695,2.841666709,0.188641563,108.01225448530845,0.6840528737531493
2008-07-21,225.1125034,390.7458392,298.1833378,0.014270833,88710.0,2.900000043,1.008333348,0.995833348,0.188456934,54.53764567731955,0.6934031592677976
2008-07-22,223.92917,393.2750059,299.5750045,0.013433333,88504.16667,20.90000031,2.129166698,-0.637500009,0.188257682,114.91694350574777,0.5991714905138061
2008-07-23,245.6791703,395.2833392,299.0625045,0.014391666,88632.91667,9.300000139,2.770833375,-0.541666675,0.188087044,129.37564238108277,0.6627985667358176
2008-07-24,269.1708373,388.8333391,299.5666711,0.012495833,88550.41667,13.1000002,0.450000007,0.695833344,0.18790305,114.2529906161879,0.5579237553752253
2008-07-25,240.7166703,387.0708391,300.3083378,0.0117125,88566.66667,10.50000016,1.55416669,0.954166681,0.187722439,119.21745723274212,0.5005216912434669
2008-07-26,214.1000032,395.3583392,299.7416711,0.0133,88677.91667,14.00000021,2.68750004,0.162500002,0.187541438,120.024593727254,0.588526328320509
2008-07-27,255.8166705,389.5250058,299.1750045,0.0128625,88775.41667,1.600000024,3.504166719,0.754166678,0.187345887,92.70670542390076,0.589353388285656
2008-07-28,280.0833375,382.7625057,299.4250045,0.013179166,88759.58333,0.300000004,3.504166719,0.512500008,0.187149592,57.81816436442236,0.5948204453806628
2008-07-29,294.7333377,363.8125054,300.1875045,0.010845833,88732.91667,0.0,3.920833392,-0.800000012,0.186967974,38.86964190883722,0.4676896161819412
2008-07-30,293.6333377,357.7375053,300.6166711,0.0087875,88661.66667,0.0,3.891666725,-1.470833355,0.186786956,30.272880640648,0.369138028326593
2008-07-31,288.654171,366.7750055,302.3333378,0.009104166,88502.91667,0.0,3.845833391,-1.950000029,0.186605937,26.50650304363481,0.3451851391574235
2008-08-01,304.0250045,382.2000057,302.3375045,0.009629166,88371.25,0.0,2.600000039,-1.450000022,0.186425013,24.56809279782336,0.3644588917892307
2008-08-02,297.4583378,377.0791723,301.5708378,0.010666666,88420.41667,0.0,3.35000005,1.191666684,0.186229426,22.76474366572957,0.4224649533542449
2008-08-03,284.1708376,396.6083392,300.2083378,0.012508333,88517.5,9.40000014,3.095833379,1.116666683,0.186047775,100.75874009459156,0.5374062701341974
2008-08-04,257.1166705,392.5833392,299.0416711,0.012875,88609.58333,13.4000002,2.733333374,-0.366666672,0.185866782,140.84222223530378,0.5935317899631951
2008-08-05,290.4500043,388.9583391,299.4708378,0.0129125,88651.25,5.40000008,1.920833362,-1.937500029,0.185685798,124.38988817195032,0.5804865536114892
2008-08-06,280.0750042,383.5666724,299.8625045,0.011883333,88755.83333,10.60000016,0.683333344,-0.975000015,0.185504841,125.03422085661124,0.5225361358334846
2008-08-07,251.7375038,383.120839,299.9000045,0.0124125,88645.0,0.600000009,2.71250004,-0.537500008,0.185309222,82.63074603483606,0.5439108334523577
2008-08-08,269.6833374,381.958339,298.6666711,0.012441666,88653.75,3.000000045,2.720833374,0.179166669,0.185127603,79.96502646872926,0.5868637508075941
2008-08-09,269.8791707,385.7958391,297.4916711,0.01235,88673.75,16.50000025,3.008333378,-0.825000012,0.184946588,147.23808802197732,0.6253766142324534
2008-08-10,281.2000042,379.133339,298.4541711,0.013270833,88703.75,0.100000001,3.258333382,-1.016666682,0.184750972,75.49450809103749,0.6343613489369048
2008-08-11,291.6250043,383.3375057,299.1125045,0.012579166,88513.75,0.800000012,3.037500045,-1.825000027,0.184569338,60.52220136594313,0.5768208374708056
2008-08-12,279.9458375,383.7375057,300.6291711,0.012345833,88427.91667,0.0,3.020833378,-0.604166676,0.18437374,40.49928491187764,0.516864667432545
2008-08-13,275.8916708,380.283339,298.9625045,0.011495833,88366.25,0.0,2.200000033,-0.350000005,0.184192102,30.23367578060652,0.5310042519230931
2008-08-14,245.1500037,388.4583391,297.8958378,0.011670833,88610.0,19.40000029,1.854166694,0.91666668,0.184011153,126.31462583173044,0.5763241890900292
2008-08-15,281.9916709,383.8583391,298.3208378,0.012629166,88617.08333,0.400000006,1.737500026,2.68750004,0.18383009,84.44087670759937,0.6079476139303222
2008-08-16,288.0958376,378.145839,298.8625045,0.01295,88673.33333,0.0,2.02500003,1.837500027,0.183789825,50.89987586003589,0.603853506766617
2008-08-17,249.9916704,385.9833391,299.2250045,0.013183333,88569.58333,2.500000037,2.625000039,1.112500017,0.1837557,50.85827258490895,0.6008575442138678
2008-08-18,268.7958373,382.0416724,298.9541711,0.013629166,88607.5,0.100000001,3.637500054,-0.329166672,0.183721565,36.34894264407629,0.6315784304411032
2008-08-19,276.0583374,377.620839,299.6083378,0.013279166,88525.83333,0.0,3.458333385,-0.91666668,0.183672819,29.18554936090535,0.5912662036850838
2008-08-20,286.1500043,366.6166721,299.2791711,0.011729166,88435.41667,0.0,3.229166715,-0.954166681,0.183638041,25.248642943894986,0.5320490010693064
2008-08-21,286.0291709,369.0375055,300.1041711,0.011645833,88407.08333,0.0,3.300000049,0.183333336,0.183618528,23.61945157996509,0.5028195359999577
2008-08-22,284.7333376,378.245839,300.8416711,0.012816666,88446.66667,0.0,3.012500045,-0.783333345,0.183570378,22.40300723358181,0.5300046088087156
2008-08-23,282.1041709,373.7583389,300.6750045,0.011958333,88511.25,0.0,2.845833376,-2.120833365,0.183535594,21.88244628087469,0.4997597115730779
2008-08-24,271.9666707,369.7916722,299.5333378,0.0091,88556.25,0.0,-2.641666706,1.266666686,0.183501451,20.74073167062237,0.4071377066738491
2008-08-25,206.0041697,391.7375058,299.1875045,0.0113625,88554.58333,7.900000118,-2.075000031,2.995833378,0.183467344,66.96273461141814,0.5189417065348961
2008-08-26,142.6458355,405.7833394,297.5333378,0.014025,88535.0,4.100000061,0.091666668,3.258333382,0.183433189,48.00338975005743,0.7072996348900784
2008-08-27,218.0750032,384.0583391,295.2916711,0.013229166,88503.75,0.300000004,0.287500004,2.075000031,0.183399068,41.89492138953497,0.7646104232378256
2008-08-28,214.8708365,375.2833389,296.1166711,0.0122125,88362.08333,0.500000007,1.216666685,1.379166687,0.183364937,33.91603130786416,0.6699627483654663
2008-08-29,255.4583371,368.5416722,296.2166711,0.0112625,88297.08333,0.0,0.004166667,1.491666689,0.183316148,31.416929185986618,0.6136323714924252
2008-08-30,252.0916704,370.3166722,296.7041711,0.010716666,88342.08333,0.0,-2.829166709,2.116666698,0.183295993,26.094260221795928,0.5670876361819864
2008-08-31,235.1708368,374.9041723,297.4250044,0.010825,88220.0,1.700000025,-0.129166669,1.687500025,0.183262531,29.355613463204342,0.5475524691414699
2008-09-01,266.6166706,370.5833389,296.4125044,0.011975,88387.08333,11.70000017,1.858333361,0.766666678,0.18321375,99.1785720771529,0.6453596884421766
2008-09-02,235.8458368,361.041672,297.5125044,0.011458333,88567.5,0.0,2.275000034,-1.245833352,0.183178946,58.606585109884335,0.5787997985544131
2008-09-03,248.795837,371.4791722,297.6583378,0.010775,88607.08333,0.0,2.279166701,-0.537500008,0.18314481,44.7541961955703,0.5397483200291014
2008-09-04,269.4916707,355.0875053,296.9875044,0.009820833,88440.83333,0.0,2.262500034,-1.666666692,0.183110704,32.42249721226905,0.511383064092202
2008-09-05,276.5833375,331.1208383,297.8958378,0.007491666,88340.41667,0.0,1.516666689,-2.154166699,0.183076568,24.862746798159836,0.3688247927023307
2008-09-06,276.0333374,319.5416714,298.1041711,0.00525,88300.41667,0.0,0.087500001,-1.062500016,0.183042426,18.52614031708237,0.2551259211386651
2008-09-07,237.5666702,344.9208385,298.1291711,0.006158333,88386.25,0.0,0.429166673,0.158333336,0.183008249,14.697181460310617,0.2991073078354778
2008-09-08,238.9250036,357.7208387,297.2375044,0.008208333,88450.41667,0.0,2.154166699,0.325000005,0.182974108,15.258273007112455,0.421032513711207
2008-09-09,253.7708371,360.404172,297.3416711,0.00985,88409.58333,0.70000001,1.616666691,1.162500017,0.182939993,16.83972934442465,0.5018299664005901
2008-09-10,196.2625029,371.1375055,296.2958377,0.0110375,88332.91667,0.600000009,1.625000024,2.47083337,0.182891233,13.647846132277722,0.5987169103485483
2008-09-11,237.6208369,371.3083389,295.0958377,0.010391666,88237.91667,2.600000039,0.895833347,1.941666696,0.182871075,26.668060910847707,0.6060678913923399
2008-09-12,254.2416705,357.8625053,294.4458377,0.0101375,88360.41667,8.500000127,1.662500025,1.09583335,0.182822958,74.67962781154932,0.6163133676298902
2008-09-13,262.8000039,328.0833382,294.116671,0.008991666,88379.58333,0.0,2.791666708,-2.200000033,0.18278816,48.82645737339348,0.5580415324752915
2008-09-14,266.0166706,314.720838,294.4083377,0.00705,88609.16667,0.0,1.454166688,-2.00000003,0.182754025,30.726854814407933,0.4308133185352707
2008-09-15,262.8791706,320.7750048,295.2458377,0.006541667,88896.66667,0.0,-4.158333395,1.070833349,0.182719891,24.593978147910622,0.3808416468486871
2008-09-16,258.8666705,329.7708382,294.2375044,0.0083125,88897.5,0.0,-3.737500056,1.787500027,0.182578525,16.932437164466894,0.5150389107697542
2008-09-17,255.0333371,346.5708385,294.9416711,0.0079625,88871.25,0.0,-1.800000027,1.200000018,0.18244715,15.169175704430415,0.4721915061344974
2008-09-18,255.1416705,345.9250052,295.8250044,0.009,88710.0,0.0,1.670833358,-0.587500009,0.182287049,12.633822918016072,0.5045973290850686
2008-09-19,253.4583371,335.0666717,296.3583377,0.007733333,88707.91667,0.0,2.358333368,-1.166666684,0.182154991,10.9034880907028,0.4196635363416227
2008-09-20,252.5833371,338.3458384,296.4750044,0.0081375,88722.5,0.0,1.825000027,-0.795833345,0.182009644,9.44791472286432,0.4385384515593702
2008-09-21,248.7000037,338.3458384,296.6291711,0.008083333,88664.58333,0.0,1.125000017,1.020833349,0.181863593,8.140641551433081,0.4312663845056468
2008-09-22,249.6375037,333.0708383,296.7833378,0.007295833,88615.83333,0.0,1.887500028,1.066666683,0.18171758,7.789681153104151,0.3854056412401327
2008-09-23,246.7166703,337.9541717,296.1250044,0.007783333,88815.41667,0.0,1.470833355,-1.241666685,0.181586216,7.258273752420537,0.4289561886089005
2008-09-24,249.170837,328.9166716,297.4375044,0.006541667,88837.91667,0.0,-2.745833374,0.520833341,0.181426281,7.35315216521118,0.332957780014155
2008-09-25,246.3416703,323.4708382,296.3875044,0.006866666,88778.33333,0.300000004,-4.570833401,2.108333365,0.181294223,8.38238944594886,0.3722652388517801
2008-09-26,231.3541701,361.3083387,296.1875044,0.008554166,88715.41667,3.500000052,-2.454166703,1.545833356,0.181134228,22.44801696246958,0.469112992124049
2008-09-27,231.1625034,348.2833385,295.3458377,0.007404166,88676.25,2.900000043,-0.42083334,0.533333341,0.181011159,28.96078438081716,0.427349331672995
2008-09-28,239.4041702,328.3125049,295.0875044,0.007245833,88770.83333,0.0,-3.304166716,1.391666687,0.180863408,21.331192847403475,0.4253656343254655
2008-09-29,231.4208368,320.2541714,294.9125044,0.00625,88875.83333,0.0,-4.391666732,1.612500024,0.180714583,15.207139602034776,0.3713234712339482
2008-09-30,212.5250032,336.8416717,293.6875044,0.005725,88959.58333,0.0,-3.695833388,2.041666697,0.180565796,11.65039135761611,0.3673079370585085
2008-10-01,242.2875036,311.2125046,293.9000044,0.0046625,88901.25,0.0,-2.020833363,1.483333355,0.180431679,9.903978371408307,0.2950165394650244
2008-10-02,241.4000036,302.9291712,294.8125044,0.004004167,88712.08333,0.0,1.045833349,0.47083334,0.180283535,7.9547315100291645,0.2389261092833525
2008-10-03,234.0125035,320.4708381,294.4416711,0.006358333,88435.41667,0.0,2.370833369,2.44583337,0.180134645,7.796102917643491,0.3869853169947542
2008-10-04,231.1916701,326.6583382,294.9333377,0.007808333,88320.41667,0.0,2.429166703,4.333333398,0.180000346,7.557952808983154,0.4604156457914037
2008-10-05,232.6083368,324.8500048,293.3458377,0.008904166,88151.25,0.0,3.791666723,3.625000054,0.179852332,6.428428486809092,0.5782780446876727
2008-10-06,238.4958369,290.429171,290.0250043,0.006058333,88641.25,0.0,2.104166698,-1.404166688,0.179712684,5.116941900060672,0.4881353234789631
2008-10-07,236.8333369,289.9458377,292.166671,0.005091667,88955.0,0.0,-1.900000028,-0.133333335,0.179558916,5.102793425171004,0.3593102185580601
2008-10-08,235.8625035,293.1833377,294.016671,0.00425,88848.33333,0.0,-2.45833337,1.070833349,0.179419249,5.468051261295835,0.2668143621649309
2008-10-09,228.6375034,301.7375045,294.1750044,0.003804167,88537.91667,0.0,2.566666705,1.79583336,0.179280113,5.538199650027835,0.2356629124426045
2008-10-10,218.1833366,327.6541715,295.2791711,0.008029166,88150.0,0.0,3.295833382,4.987500074,0.179131356,5.872428044522376,0.4625649545723095
2008-10-11,161.6708357,361.4500054,294.9208377,0.0106875,88117.91667,2.600000039,1.458333355,8.283333457,0.17898553,9.35814994691549,0.6292247725640615
2008-10-12,194.6333362,332.0291716,288.291671,0.006975,88264.58333,0.100000001,2.170833366,4.616666735,0.178854472,6.499125814695306,0.6258377156015088
2008-10-13,231.6208368,257.8750038,284.2541709,0.00315,88783.75,0.0,1.850000028,1.066666683,0.178709423,5.286360234648564,0.3711727887855494
2008-10-14,236.4541702,227.2958367,283.7083376,0.001854167,88737.08333,0.0,1.395833354,-1.933333362,0.178563742,4.254209390712063,0.2265334634552833
2008-10-15,224.6250033,248.020837,286.3750043,0.0025,88816.25,0.0,-1.970833363,-0.412500006,0.178410346,4.048605993635263,0.2558988322703449
2008-10-16,219.4416699,280.7166708,288.391671,0.0041625,89043.33333,0.0,-3.183333381,1.445833355,0.17832416,4.308424455980366,0.374339622183141
2008-10-17,219.4958366,284.6541709,291.291671,0.004233333,89135.0,0.0,-2.850000042,0.354166672,0.178255534,4.264209062358232,0.3163736906708108
2008-10-18,213.6625032,297.4666711,291.341671,0.004504167,89026.25,0.0,-2.795833375,1.966666696,0.178169361,4.162248792655383,0.3351387143150114
2008-10-19,214.4625032,297.1375044,291.8125043,0.004454167,88826.25,0.0,0.408333339,-0.262500004,0.178096824,3.424294707627869,0.3209621002068754
2008-10-20,211.0708365,293.416671,292.0083377,0.0039125,88888.75,0.0,1.520833356,1.700000025,0.178010292,3.347612096363914,0.2786611975665384
2008-10-21,214.8458365,287.0000043,291.441671,0.004395833,88897.08333,0.0,2.516666704,0.258333337,0.177937744,3.061259091594005,0.3245391590645908
2008-10-22,218.9833366,252.5166704,290.1208377,0.002683333,88957.91667,0.0,1.14583335,-1.858333361,0.177851211,2.4584894803845074,0.215647245291221
2008-10-23,218.3208366,239.0958369,288.9750043,0.001454167,88886.66667,0.0,-1.895833362,0.200000003,0.177778662,2.138576236364376,0.125704386718958
2008-10-24,219.2958366,229.3916701,288.529171,0.001270833,88796.66667,0.0,1.520833356,0.225000003,0.17769213,1.8535922532326945,0.1129588368646418
2008-10-25,215.5000032,231.9083368,288.2208376,0.001420833,88888.75,0.0,1.175000018,-0.091666668,0.177619585,1.6598863699673043,0.1289794082522063
2008-10-26,209.7541698,245.445837,288.9958376,0.001395833,88947.91667,0.0,0.379166672,-0.937500014,0.177533049,1.712622965842178,0.1205824446799589
2008-10-27,201.375003,284.0208376,291.5125043,0.0038,89268.33333,0.0,-5.445833414,1.675000025,0.177460504,3.6011549987308453,0.2804595666423133
2008-10-28,199.6333363,284.6958376,289.754171,0.004645833,89587.08333,0.0,-3.829166724,1.37500002,0.177373849,2.8448366697865963,0.3849522509117435
2008-10-29,195.9708363,292.6083377,290.604171,0.004504167,89180.83333,0.0,-1.620833357,1.77083336,0.177292585,2.610345041968986,0.3518464217039452
2008-10-30,195.7458363,286.3500043,291.8375043,0.003408333,89049.16667,0.0,1.025000015,1.583333357,0.177211532,2.4963502005749865,0.2458282236351031
2008-10-31,192.5791695,289.179171,291.4000043,0.0036375,89454.58333,0.0,0.570833342,0.316666671,0.177143185,1.928125623149452,0.2709512070093449
2008-11-01,187.7041695,285.6041709,291.7208377,0.003579167,89321.25,0.0,-2.116666698,0.391666673,0.177051918,2.404932750795348,0.2608551461507703
2008-11-02,184.7208361,279.0000042,290.8833377,0.003025,88882.08333,0.0,0.654166676,1.837500027,0.176974247,2.157577805086688,0.2313556945339377
2008-11-03,183.9375027,296.4333378,290.2208377,0.005854167,88652.91667,0.0,2.050000031,2.479166704,0.176897215,2.344429964638307,0.4658677127069908
2008-11-04,182.4875027,290.2708377,290.5500043,0.006470833,88489.16667,0.0,2.145833365,4.341666731,0.176820183,2.409149040583852,0.5032903193955454
2008-11-05,185.2958361,274.0833374,286.5125043,0.005933333,88437.08333,0.0,3.916666725,0.587500009,0.176743148,1.689694607645486,0.5992816364799253
2008-11-06,186.1333361,225.3833367,281.3000042,0.001820833,88823.75,0.0,1.14583335,-1.858333361,0.176651494,1.1783646458636974,0.2623537760793096
2008-11-07,188.5750028,219.5916699,281.8750042,0.0012,89106.66667,0.0,-1.279166686,-1.55416669,0.176588449,1.1807527087463996,0.1667441254902659
2008-11-08,184.3333361,217.9291699,283.0791709,0.0011,88804.16667,0.0,-2.004166697,1.366666687,0.176497427,1.2565631066187133,0.1403372760364979
2008-11-09,176.2916693,240.8833369,284.8875042,0.002125,88189.58333,0.0,1.404166688,4.604166735,0.176419759,1.8100393471847545,0.2383931855870147
2008-11-10,176.9875026,261.5750039,283.5083376,0.0048375,88124.16667,0.0,3.812500057,2.316666701,0.176342728,1.194781696776305,0.5949150682809865
2008-11-11,176.208336,239.9291702,281.5125042,0.003308333,88675.83333,0.0,2.329166701,-1.812500027,0.17625107,0.946164746904024,0.4689892853435555
2008-11-12,173.9458359,247.7250037,283.1208376,0.00365,88836.66667,0.0,1.933333362,-2.45833337,0.176173402,1.0336168040552067,0.4645218229367873
2008-11-13,174.0416693,254.0916705,284.4208376,0.003020833,88647.5,0.0,1.779166693,-2.187500033,0.176096371,1.1743372550453322,0.3514554142620986
2008-11-14,175.1000026,242.8666703,283.1625042,0.002491667,88460.83333,0.0,1.745833359,-2.304166701,0.176019336,1.0593973703535906,0.31487373519411
2008-11-15,173.5375026,240.8625036,285.1375042,0.002625,89021.66667,0.0,-3.83333339,-0.300000004,0.175942304,1.217579345211769,0.2923476850325327
2008-11-16,173.0250026,232.4166701,283.2375042,0.002216667,89114.16667,0.0,-4.104166728,0.962500014,0.175750641,1.0937022291251506,0.280761523271537
2008-11-17,171.2291692,240.3791702,284.5416709,0.002108333,89316.25,0.0,-3.083333379,1.454166688,0.175539371,1.065859160249946,0.2451494300476827
2008-11-18,170.2166692,234.1000035,285.1583376,0.001579167,89435.83333,0.0,-3.725000056,1.308333353,0.175342088,1.1429141317095,0.1764457994708121
2008-11-19,167.8125025,241.0875036,284.5916709,0.001845833,89204.58333,0.0,-2.645833373,1.500000022,0.175130815,0.933720021216597,0.2136421571794693
2008-11-20,170.0000025,228.6500034,286.1000043,0.0015125,89001.25,0.0,-0.933333347,0.408333339,0.174933532,0.4502000465256458,0.1579852194000567
2008-11-21,164.8791691,239.7375036,284.3416709,0.002266667,89069.58333,0.0,-4.287500064,1.57916669,0.174736885,0.9491637781055337,0.2663787093502071
2008-11-22,162.3750024,234.1416702,282.4750042,0.0020625,89065.0,0.0,-1.741666693,2.041666697,0.174525615,0.6120866192681077,0.2749615695001494
2008-11-23,163.6708358,240.3333369,284.2333376,0.0018375,89060.83333,0.0,0.979166681,1.558333357,0.174328333,0.569146405333244,0.217497132770663
2008-11-24,161.7166691,230.7958368,284.2666709,0.001570833,88995.0,0.0,-1.112500017,0.66250001,0.174131686,0.4013752111335248,0.1853802051871618
2008-11-25,124.2083352,279.6958375,285.0541709,0.002404167,88941.25,0.0,-2.533333371,1.170833351,0.173935035,0.6301520941889006,0.2690018049240127
2008-11-26,100.0958348,335.725005,286.4416709,0.004333333,88771.66667,0.100000001,0.383333339,3.83333339,0.173723765,0.7921963168029527,0.4413899228327629
2008-11-27,99.15416814,338.9541717,285.0541709,0.007283333,88728.33333,9.800000146,1.062500016,3.59166672,0.173526483,25.306231754079818,0.8129799295004517
2008-11-28,111.433335,293.604171,281.9583375,0.0059,88786.66667,0.200000003,2.429166703,0.154166669,0.173329836,11.018057865617994,0.8122375717871119
2008-11-29,153.9708356,275.6416708,281.6375042,0.0052125,88706.25,0.0,2.925000044,-2.462500037,0.173118566,12.376883133768535,0.7328661145833575
2008-11-30,156.5083357,243.3625036,280.9666709,0.004558333,88720.41667,0.0,2.250000034,-2.70000004,0.172921283,7.180675336243279,0.6712504184785912
2008-12-01,160.6541691,234.7333368,282.2166709,0.002995833,88932.5,0.0,0.825000012,-1.829166694,0.17271001,6.565402020635307,0.405879549063998
2008-12-02,161.4250024,225.7458367,283.8458376,0.001783333,89023.33333,0.0,0.533333341,2.262500034,0.172512727,6.052152143708865,0.2165663690492694
2008-12-03,159.3958357,232.2250035,282.1208375,0.002616667,88986.25,0.0,2.358333368,1.220833352,0.17231608,4.057955148241684,0.3570522161437618
2008-12-04,156.5875023,228.5791701,282.6625042,0.002479167,88978.33333,0.0,0.570833342,2.358333368,0.17210481,3.072430631754418,0.3260018449271671
2008-12-05,154.8708356,247.195837,282.1583375,0.002845833,89049.58333,0.0,0.270833337,1.700000025,0.171907527,2.5690583122604203,0.3876052002875214
2008-12-06,159.9083357,224.3208367,281.6041709,0.0022,89298.33333,0.0,1.725000026,-0.466666674,0.171710877,1.870129098131274,0.3120923333064676
2008-12-07,117.3875017,243.8000036,280.6958375,0.001504167,89079.58333,0.0,1.733333359,-0.712500011,0.171499607,1.4397960223524504,0.2265934431287283
2008-12-08,147.4916689,308.9375046,284.9416709,0.003908333,88384.58333,0.0,4.158333395,1.225000018,0.171302324,2.3089870772888803,0.4378396990006819
2008-12-09,154.2125023,252.3333371,281.5625042,0.004625,88307.5,0.0,3.10833338,-1.429166688,0.171105677,0.979198979434026,0.6506803126335666
2008-12-10,153.1208356,227.5583367,278.4166708,0.002454167,89419.58333,0.0,-2.029166697,-1.304166686,0.170894407,0.8336196800247743,0.4350601850768074
2008-12-11,152.6291689,236.6125035,279.7625042,0.002308333,89171.25,0.0,-1.850000028,0.079166668,0.170697125,0.8845154646663752,0.3713741671850904
2008-12-12,136.2333354,252.5625038,282.3500042,0.002329167,88712.91667,0.0,-1.77083336,2.220833366,0.170500474,0.9549601446913318,0.3119299935633813
2008-12-13,152.5791689,256.4500038,284.2541709,0.0031,88217.91667,0.0,2.958333377,5.445833414,0.170289204,1.15692511962019,0.3629531607815256
2008-12-14,144.2250021,262.6791706,283.1000042,0.0056625,88110.0,0.0,5.662500084,5.12083341,0.170091921,0.5408505397916981,0.7157599173902688
2008-12-15,147.5458355,263.4000039,281.0375042,0.004783333,88605.41667,0.0,2.212500033,3.633333387,0.169880651,0.4485180174917488,0.7000444263532204
2008-12-16,146.9583355,255.7458371,281.3708375,0.004908333,88572.91667,0.0,2.92916671,4.079166727,0.169633434,0.379214814094562,0.701792326128204
2008-12-17,48.46250072,322.8791715,283.3666709,0.0051,88498.33333,0.600000009,1.237500018,5.050000075,0.169384682,0.5418956482258542,0.6359182018211584
2008-12-18,137.2958354,305.3250045,282.4541709,0.005516667,88650.83333,6.7000001,2.095833365,5.15833341,0.169135929,21.673821274311766,0.7330721907803267
2008-12-19,145.9541688,232.7625035,277.8333375,0.003066667,89143.75,1.400000021,1.14583335,0.379166672,0.168887177,8.54619185429468,0.5647423190376479
2008-12-20,156.254169,211.5041698,278.0041708,0.002095833,88996.25,0.0,1.858333361,0.504166674,0.168638424,8.435377256607282,0.3806938625282837
2008-12-21,157.1750023,203.1833364,279.1416708,0.001245833,88844.16667,0.0,-0.100000001,1.191666684,0.168389668,5.3609928694765765,0.2085445842143053
2008-12-22,147.1333355,230.1416701,281.1375042,0.000945833,88379.16667,0.0,-0.158333336,3.420833384,0.168140915,9.07490535639978,0.137122240613227
2008-12-23,96.01250143,298.0000044,280.6375042,0.003791667,88046.66667,0.0,4.91666674,5.570833416,0.167892163,4.32294464926038,0.5668486301287912
2008-12-24,147.4333355,293.2500044,282.0166709,0.005745833,88519.58333,0.0,2.308333368,2.937500044,0.16764341,3.073839241790611,0.785495354873359
2008-12-25,61.67500092,311.6875046,282.6291709,0.005729167,88540.83333,0.0,2.100000031,5.358333413,0.167394658,1.4913579081157275,0.7513625340148623
2008-12-26,77.46250115,316.6458381,283.3125042,0.006625,88302.91667,0.0,4.308333398,6.145833425,0.168004848,1.144146211634772,0.8272706817678779
2008-12-27,152.9916689,241.4250036,274.1750041,0.002533333,88924.58333,0.0,2.71250004,-2.087500031,0.216854428,1.1704736801839313,0.6052687688218512
2008-12-28,155.466669,204.8250031,273.2958374,0.0025375,89423.75,0.0,-2.762500041,-0.66250001,0.217038644,0.6484503209085619,0.6502052625868657
2008-12-29,158.141669,218.4041699,278.8958375,0.002808333,89325.83333,0.0,-3.720833389,0.258333337,0.2084605,1.053089620933603,0.4808564979216069
2008-12-30,162.1625024,210.4458365,282.1750042,0.0024,89071.25,0.0,-2.679166707,1.32500002,0.196323879,1.2077895643151475,0.3265900374503111
2008-12-31,155.741669,231.1750034,284.1250042,0.002370833,89041.66667,0.0,-2.404166702,1.625000024,0.184518501,1.3557448903741287,0.2826138989762062
2009-01-01,153.9833356,236.6500035,285.4250043,0.0030875,88785.83333,0.0,-0.637500009,0.44583334,0.175593855,0.7347043267001973,0.3364448413918022
2009-01-02,149.5500022,235.1083368,284.6916709,0.002733333,88509.58333,0.0,0.170833336,1.683333358,0.170502344,0.8856629966108123,0.3118059078059313
2009-01-03,150.8291689,253.5541704,285.5791709,0.0044375,88156.25,0.0,1.82083336,3.13333338,0.167592837,1.0194004305664626,0.4752321315223765
2009-01-04,103.3500015,286.6625043,284.3625042,0.005354167,88293.75,0.200000003,0.529166675,3.125000047,0.165916116,0.7198351436376796,0.6228700276713472
2009-01-05,106.1791682,312.5750047,281.2000042,0.005383333,88645.83333,1.500000022,2.070833364,1.887500028,0.165125041,1.784401746080187,0.7794439087280979
2009-01-06,154.6958356,247.383337,278.6333375,0.00405,88623.75,0.0,3.908333392,-1.150000017,0.164635326,1.1352010783551076,0.700807120380913
2009-01-07,154.554169,227.9666701,278.5958375,0.002558333,88925.41667,0.0,2.220833366,-1.479166689,0.16427404,1.240849985826836,0.4453701710166892
2009-01-08,157.3583357,225.8375034,282.0166709,0.002654167,88790.0,0.0,-0.116666668,-0.325000005,0.16395408,0.9138659577545902,0.3639515405478107
2009-01-09,157.529169,231.2416701,284.0916709,0.002241667,88614.16667,0.0,1.32500002,1.150000017,0.163676082,1.2879515812130218,0.2665301496338889
2009-01-10,161.1958357,226.22917,281.6250042,0.003475,89315.41667,0.0,0.091666668,-2.866666709,0.163414613,0.9001590139109596,0.4923544040702514
2009-01-11,160.5208357,214.7000032,279.9750042,0.001991667,89517.91667,0.0,-2.541666705,-1.545833356,0.163162682,0.8836507224665848,0.3169529674899366
2009-01-12,162.1458357,223.3125033,282.2958375,0.001716667,89335.41667,0.0,-1.083333349,-1.920833362,0.162901849,0.9718534611918742,0.2323717400801801
2009-01-13,162.3791691,227.2000034,283.9291709,0.0018375,89405.0,0.0,-2.400000036,-1.179166684,0.162653097,1.0289946973909792,0.2228473530664078
2009-01-14,167.2041692,217.5500032,283.5375042,0.001975,89118.75,0.0,-0.425000006,-1.316666686,0.162404344,0.6965010329514898,0.245143223572118
2009-01-15,167.4166692,217.6125032,283.7291709,0.0015375,89239.16667,0.0,-3.183333381,0.637500009,0.162155592,0.9679182415604908,0.188642293006036
2009-01-16,166.0666691,222.2875033,282.1708375,0.001391667,89326.66667,0.0,-3.33750005,1.345833353,0.162343259,0.913969408242213,0.1899739848622356
2009-01-17,163.2541691,250.7625037,284.9125042,0.002020833,89150.83333,0.0,-1.979166696,0.925000014,0.162535281,0.9355049886518856,0.2287960320667977
2009-01-18,156.9708357,269.9833374,286.7500043,0.002566667,89350.83333,0.0,-2.400000036,0.425000006,0.162741288,0.9732755483755242,0.2578541601906048
2009-01-19,146.0916688,259.8458372,284.9041709,0.0023625,89374.58333,0.0,-2.358333368,0.258333337,0.16293331,0.7246427174654338,0.2682996697385447
2009-01-20,157.4500023,271.8625041,286.1208376,0.002483333,89218.33333,0.0,-3.029166712,0.887500013,0.16313932,0.8721243744343803,0.2596664048966954
2009-01-21,147.4916689,292.091671,286.6083376,0.002895833,88955.0,0.0,-2.845833376,1.945833362,0.163345962,0.846835845681507,0.2923476420463423
2009-01-22,77.40416782,336.762505,288.4125043,0.006616666,88818.33333,2.200000033,0.366666672,1.750000026,0.163537984,2.365879296699729,0.5927404550874565
2009-01-23,107.8708349,334.2541716,284.2958376,0.007495833,88995.41667,5.200000077,-0.162500002,2.175000032,0.16374399,13.70848484009439,0.8828872687496233
2009-01-24,165.9416691,284.1250042,283.4250042,0.0064125,89067.08333,0.500000007,-1.100000016,1.833333361,0.163936013,12.063267668622135,0.8015457299921014
2009-01-25,165.5708358,260.0583372,283.9708376,0.005416667,88597.08333,0.0,1.195833351,1.695833359,0.164142023,8.13224154052001,0.6491608288392235
2009-01-26,135.2541687,273.5000041,283.9708376,0.004320833,88322.91667,0.0,3.425000051,5.183333411,0.164334042,7.664782092510885,0.5162280837866813
2009-01-27,178.9750027,232.8458368,280.2375042,0.003954167,88757.08333,0.0,3.404166717,-0.604166676,0.164540051,3.804288850529932,0.6126476349066141
2009-01-28,182.183336,200.012503,276.1916708,0.001629167,89197.08333,0.0,0.112500002,-2.362500035,0.164746693,2.8808316311337268,0.337440756653834
2009-01-29,184.8750028,201.3208363,278.8500042,0.001316667,88962.91667,0.0,-1.729166692,-2.387500036,0.164938716,2.842775891226069,0.2252531975785561
2009-01-30,183.4083361,209.1541698,280.0625042,0.00155,89260.41667,0.0,-5.041666742,0.266666671,0.165144722,2.468431884245505,0.2444659455352816
2009-01-31,182.7916694,232.4958368,282.4291709,0.001695833,89019.16667,0.0,-3.033333379,0.991666681,0.165336744,2.3879512772933547,0.2266696216062986
2009-02-01,185.7541694,222.4458366,281.9375042,0.001775,88706.25,0.0,2.683333373,-1.33750002,0.165542754,1.7906720945074852,0.2444863839080637
2009-02-02,188.0791695,218.3458366,281.0625042,0.001795833,88988.75,0.0,-1.245833352,-1.508333356,0.165734773,1.3838875461747666,0.2635043225474042
2009-02-03,191.4583362,214.4625032,282.2500042,0.001283333,89226.66667,0.0,-2.808333375,0.708333344,0.165940783,1.3750253477123326,0.1740465191932196
2009-02-04,187.8000028,210.6541698,282.3416709,0.000920833,89089.58333,0.0,-3.645833388,1.920833362,0.166132802,1.3227614102457033,0.1239150807562516
2009-02-05,188.2208361,234.9041702,285.0333376,0.001454167,89067.08333,0.0,-1.462500022,3.000000045,0.166338811,1.4127466870014742,0.1631632237958772
2009-02-06,187.9458361,253.0333371,285.8583376,0.002233333,88766.25,0.0,1.450000022,4.845833406,0.166530834,1.4965293052896091,0.236414210600155
2009-02-07,181.083336,244.5375036,284.8958376,0.002733333,88445.83333,0.0,0.408333339,5.312500079,0.16673684,1.2369579609488488,0.3073589505636278
2009-02-08,141.8083354,304.4291712,282.1250042,0.004295833,88290.0,2.300000034,2.2166667,4.933333407,0.167585626,3.604630773533677,0.5814276686831504
2009-02-09,183.2708361,257.8041705,279.3416708,0.004329167,88494.16667,0.200000003,2.704166707,3.991666726,0.167778281,2.1214153983383373,0.7117954692447077
2009-02-10,177.733336,268.9666707,277.2041708,0.003404167,88235.0,4.400000066,6.166666759,3.895833391,0.226835533,16.091448158803992,0.6488242537668487
2009-02-11,198.9958363,212.6833365,277.0041708,0.002658333,89018.33333,0.0,0.600000009,-0.170833336,0.270054797,5.499008995776063,0.5184976578986648
2009-02-12,154.304169,260.4500039,281.6791709,0.0020625,88624.58333,0.0,0.89166668,3.008333378,0.22627353,9.223740744422784,0.2888896648781303
2009-02-13,204.0416697,216.6958366,278.7583375,0.002358333,88672.91667,0.0,2.016666697,1.212500018,0.190976152,5.242735931154479,0.4047399727381738
2009-02-14,203.775003,209.1916698,279.2541708,0.001945833,88434.58333,0.0,3.050000045,1.500000022,0.17833998,4.254383799879226,0.3216770257101916
2009-02-15,179.9250027,234.6666702,278.4083375,0.002158333,88682.08333,0.0,-0.341666672,0.600000009,0.172698058,3.476376495623737,0.3796835193031771
2009-02-16,190.7125028,253.4375038,282.1666709,0.001879167,88375.83333,0.0,0.366666672,4.429166733,0.170423854,3.682655147013117,0.2538634087754803
2009-02-17,205.4250031,256.4000038,282.5000042,0.0035875,88526.25,0.0,3.287500049,3.629166721,0.169508043,2.56078996876635,0.4745649531177325
2009-02-18,210.8458365,229.1875034,278.9791708,0.003304167,88832.08333,0.0,2.133333365,-1.041666682,0.169521111,1.6686590818453593,0.5593510675810854
2009-02-19,217.8000032,206.4833364,280.3208375,0.001779167,89049.16667,0.0,-2.183333366,-1.09583335,0.169788489,1.7306637793206772,0.2749730028615322
2009-02-20,221.15417,200.6166697,281.3125042,0.001025,88910.41667,0.0,-2.645833373,0.383333339,0.170113727,1.7246888315771025,0.1477037027431751
2009-02-21,213.2666698,209.2791698,282.8333375,0.000920833,88873.75,0.0,0.029166667,-0.395833339,0.170453584,1.4846457900223575,0.1195482776032212
2009-02-22,193.8541696,248.583337,285.8500043,0.0009375,89147.91667,0.0,-2.591666705,1.316666686,0.170816111,1.9060838206510116,0.0997228075162918
2009-02-23,199.2916696,290.0083377,289.141671,0.001808333,89120.0,0.0,-0.0125,0.858333346,0.171155014,2.218901123012285,0.1550523389578143
2009-02-24,219.8916699,262.8583373,288.9375043,0.002504167,89035.83333,0.0,3.14583338,-0.516666674,0.171507406,1.915703655607842,0.2173603504457573
2009-02-25,213.5375032,277.4958375,289.5833376,0.002541667,88851.66667,0.0,2.587500039,0.083333335,0.171860493,1.8418900746215645,0.2111789493130841
2009-02-26,222.86667,259.8625039,289.5083376,0.002745833,88637.91667,0.0,4.258333397,0.595833342,0.172213521,1.8091124236344844,0.2286944331201051
2009-02-27,223.35417,249.8500037,287.4500043,0.001920833,88650.83333,0.0,3.116666713,-0.566666675,0.172566581,1.5215775639096103,0.1828670258707408
2009-02-28,228.7083367,231.5791701,285.6958376,0.001166667,88908.33333,0.0,0.108333335,-0.775000012,0.172934299,1.1121848617784786,0.1250376000892525
2009-03-01,241.6250036,233.3375035,287.3000043,0.0013625,89061.66667,0.0,-4.579166735,0.741666678,0.17327334,1.6106551030241296,0.1315995522651953
2009-03-02,241.2166703,233.8000035,287.1083376,0.0014,88972.91667,0.0,-2.691666707,1.000000015,0.173625672,1.3586310825685617,0.1367946088530046
2009-03-03,240.8250036,241.9708369,288.4625043,0.001220833,88835.83333,0.0,1.904166695,0.366666672,0.173978799,1.298965073293972,0.1090329599401053
2009-03-04,241.0750036,259.8083372,289.204171,0.0015125,88709.16667,0.0,2.937500044,1.995833363,0.174331775,1.6006149899432318,0.1285692665348961
2009-03-05,235.9083368,268.0458373,289.2833376,0.0022,88780.83333,0.0,3.562500053,3.683333388,0.174684864,1.7056243581952422,0.1862078230977629
2009-03-06,199.9666696,302.8625045,288.1208376,0.002545833,88615.83333,0.0,3.141666713,4.404166732,0.175052608,1.5869944244879357,0.2318977458739939
2009-03-07,242.7000036,281.5458375,287.554171,0.003375,88414.58333,0.0,4.233333396,3.750000056,0.175406217,1.5812034111786673,0.3182749574941564
2009-03-08,195.8333363,263.4416706,284.5750042,0.0026125,88622.08333,0.0,0.795833345,2.504166704,0.175759291,0.9253135268842968,0.3007392944633086
2009-03-09,128.4166686,334.0291716,281.6541709,0.00565,88560.41667,3.400000051,-0.19166667,3.36250005,0.176097738,4.380705936755596,0.7921659964735482
2009-03-10,252.0500038,268.5333373,284.6833376,0.0057625,88551.66667,0.0,0.133333335,2.500000037,0.17645015,5.380073537229256,0.6580384075662318
2009-03-11,252.8750038,275.8083374,285.7666709,0.00355,88437.91667,0.0,0.566666675,1.020833349,0.176803261,6.397062458907474,0.3766845234226547
2009-03-12,257.7125038,252.2916704,285.6375043,0.003270833,88475.41667,0.0,0.212500003,3.237500048,0.177170937,3.814909846485461,0.3501977696939417
2009-03-13,260.8083372,239.8250036,283.7250042,0.002883333,88301.66667,0.0,1.966666696,0.525000008,0.177519485,3.0557706256829538,0.3501499904212375
2009-03-14,225.2750034,250.5625037,283.6083376,0.002816667,88230.41667,0.0,1.487500022,0.266666671,0.177875732,2.4223072253952638,0.3444778600493275
2009-03-15,263.0375039,247.608337,283.0166709,0.002895833,88519.16667,0.0,2.825000042,0.245833337,0.178232351,2.2436460511805585,0.369826169063518
2009-03-16,268.4333373,238.5083369,284.6375042,0.002075,88995.41667,0.0,0.67500001,0.162500002,0.178426302,2.767574412942152,0.2388696474573577
2009-03-17,272.4750041,239.9750036,287.679171,0.001395833,89011.66667,0.0,1.158333351,-0.075000001,0.178642424,2.5679662506259326,0.1314433470358393
2009-03-18,268.587504,246.1375037,289.0958376,0.001591667,88837.5,0.0,1.275000019,0.245833337,0.178830574,2.441013750052564,0.1364451898346682
2009-03-19,274.2458374,244.3666703,289.2500043,0.001458333,88625.0,0.0,1.32500002,-0.116666668,0.179032073,2.3745676410075145,0.1234816400890295
2009-03-20,239.5250036,279.6541708,290.5375043,0.001970833,88514.16667,0.0,1.295833353,0.691666677,0.179234207,2.3557218747290505,0.1534537130438596
2009-03-21,271.9916707,275.4750041,291.1625043,0.002833333,88413.75,0.0,1.379166687,3.137500047,0.179436345,2.8146350522139945,0.211762213411147
2009-03-22,272.5500041,281.6625042,290.6333377,0.003479167,88545.0,0.0,3.14583338,2.945833377,0.17963848,2.890449905270639,0.2693384759357662
2009-03-23,280.0375042,256.8541705,288.2458376,0.003625,88335.83333,0.0,4.762500071,1.187500018,0.179840617,2.488214107056187,0.3264898110952559
2009-03-24,285.1333376,222.8208367,284.0875042,0.001791667,88517.08333,0.0,2.137500032,-1.520833356,0.180028129,1.850766874683096,0.212852177887511
2009-03-25,288.5208376,222.4083366,282.9333375,0.001120833,88490.41667,0.0,3.59166672,-1.358333354,0.18024425,1.9100272941054612,0.1439058588461253
2009-03-26,285.7041709,229.8958368,284.7125042,0.001379167,88077.91667,0.0,5.637500084,0.887500013,0.180432401,2.2624844918491656,0.1563436669403952
2009-03-27,294.6833377,219.1208366,283.6375042,0.0015625,88115.41667,0.0,4.629166736,-2.275000034,0.180633899,2.011523074882528,0.1904692344962136
2009-03-28,293.791671,211.7166698,281.4166709,0.000983333,88434.58333,0.0,0.337500005,-1.79583336,0.180836037,1.53626811558158,0.1399358130228984
2009-03-29,257.6083372,244.508337,285.7708376,0.001216667,88092.5,0.0,2.541666705,2.170833366,0.181038172,1.9577856329517636,0.1285587379789631
2009-03-30,290.9375043,251.4583371,287.6208376,0.002995833,87935.41667,0.0,5.091666743,3.629166721,0.181240309,2.500575273363612,0.2797655721562543
2009-03-31,295.1750044,238.1208369,284.3375042,0.002325,88506.25,0.0,3.058333379,-0.250000004,0.181442444,1.8778832986736955,0.2715817863743418
2009-04-01,298.1333378,239.0750036,286.9750043,0.001783333,87940.41667,0.0,4.995833408,1.366666687,0.181629955,2.423381227560605,0.1737418826581524
2009-04-02,295.2750044,256.6541705,285.3583376,0.002916667,88293.33333,0.0,3.308333383,0.858333346,0.181831457,2.047943309634753,0.3174706341384816
2009-04-03,297.0208378,266.650004,288.1375043,0.003675,87845.0,0.0,3.466666718,3.600000054,0.182033592,2.438563464855457,0.3314810701972798
2009-04-04,298.1500044,269.962504,288.3083376,0.005420833,88008.75,0.0,5.662500084,3.837500057,0.182235729,2.3287010358163864,0.484454083448448
2009-04-05,293.291671,234.1125035,283.7125042,0.0019875,88779.58333,0.0,1.275000019,-0.65000001,0.182437864,1.6563612994224957,0.2428715333031592
2009-04-06,301.9041712,254.2916705,287.1958376,0.001420833,88835.0,0.0,-4.066666727,1.062500016,0.182639998,2.429205857289765,0.1378219608226092
2009-04-07,302.6666712,267.412504,289.704171,0.0023,88838.33333,0.0,-2.095833365,2.437500036,0.182827513,2.4933190200501985,0.1895924797998112
2009-04-08,274.7916708,297.1916711,291.4625043,0.003629167,88520.83333,0.0,4.475000067,3.912500058,0.183043635,2.8463853367593925,0.2664510633313094
2009-04-09,307.9291713,265.3208373,288.9958376,0.0040375,88387.5,0.0,3.720833389,0.825000012,0.183231785,2.374216110578241,0.346591755606827
2009-04-10,142.2416688,300.0041711,289.3833376,0.0030125,88089.58333,0.0,0.812500012,4.816666738,0.183447907,1.590122260607814,0.2513673552522698
2009-04-11,210.8041698,315.8875047,286.1125043,0.005208333,88246.25,0.500000007,2.450000037,5.037500075,0.183636054,1.9532337386838197,0.5389655381905389
2009-04-12,303.5333379,281.5375042,284.3000042,0.004770833,88771.25,0.0,4.145833395,-1.962500029,0.183837556,2.114134152316391,0.5603544790542415
2009-04-13,311.120838,260.3458372,285.5458376,0.003604167,88765.0,0.0,1.504166689,-1.470833355,0.18403526,2.376079984670953,0.3895134368679558
2009-04-14,273.4625041,279.0125042,289.904171,0.002329167,88117.5,0.0,1.33750002,3.008333378,0.184234734,2.6717354181344266,0.1880091501100807
2009-04-15,299.0750045,303.7208379,290.0208377,0.0050875,87979.16667,0.0,3.766666723,6.350000095,0.184434295,3.0336295366505865,0.406959759293005
2009-04-16,312.183338,251.7791704,283.1375042,0.003166667,88479.16667,0.0,4.837500072,0.316666671,0.184485169,1.850756031293816,0.4009351537615613
2009-04-17,321.1416715,228.7958367,282.0916709,0.001833333,88754.16667,0.0,3.395833384,-2.370833369,0.184532232,1.706228539176481,0.2500090096021441
2009-04-18,321.8500048,235.7583368,284.2083376,0.001616667,88786.66667,0.0,1.700000025,-1.175000018,0.184580196,1.8504086052444035,0.1910894480365463
2009-04-19,324.0041715,260.1333372,290.791671,0.002408333,88819.16667,0.0,-0.854166679,-1.854166694,0.184628371,2.2056192726911448,0.1851394705226076
2009-04-20,324.6708382,268.3666707,293.3375044,0.00215,88920.41667,0.0,-4.133333395,1.208333351,0.184672473,2.4617902845624826,0.1409226877786501
2009-04-21,328.3125049,255.2458371,293.0250044,0.001345833,88707.91667,0.0,-1.57916669,1.683333358,0.184701489,2.0223248358441896,0.0897386902978039
2009-04-22,283.8125042,278.0666708,293.1875044,0.001441667,88660.0,0.0,2.308333368,1.816666694,0.184756413,1.8434016223319984,0.0951051350709627
2009-04-23,329.3583382,267.7333373,293.116671,0.0018125,88468.33333,0.0,2.47083337,2.391666702,0.184800413,1.9822690094190427,0.1198397503655181
2009-04-24,313.408338,270.2833374,292.491671,0.0020625,88463.33333,0.0,2.225000033,2.558333371,0.184845374,1.978845416848143,0.1418119475767157
2009-04-25,321.5041715,287.0708376,292.9875044,0.0024125,88308.33333,0.0,3.32500005,2.633333373,0.184890334,2.330477087739698,0.1605146964898
2009-04-26,279.9833375,286.9083376,289.3500043,0.003320833,88215.83333,0.0,3.995833393,1.137500017,0.184934144,1.9527039355503768,0.2780888103293719
2009-04-27,329.4500049,248.3125037,288.266671,0.001783333,88483.75,0.0,2.066666697,2.48333337,0.18497827,2.06950299480578,0.1606691838562161
2009-04-28,317.9625047,269.1958373,291.5458377,0.001808333,88549.16667,0.0,1.14583335,3.875000058,0.185011289,2.4695004986216937,0.1321098613902468
2009-04-29,333.8958383,263.4791706,292.279171,0.001491667,88567.91667,0.0,1.708333359,2.404166702,0.185059383,2.524234506164817,0.1040662374769918
2009-04-30,337.4916717,256.2750038,291.8875043,0.001625,88672.08333,0.0,2.03750003,1.041666682,0.185106065,2.472821798696482,0.1163398271432729
2009-05-01,334.237505,259.3291705,293.016671,0.001504167,88683.75,0.0,2.208333366,1.041666682,0.185152454,2.599373204672435,0.1003212274313497
2009-05-02,329.1041716,311.0541713,295.2250044,0.003166667,88562.91667,0.0,5.38750008,0.283333338,0.185189829,3.799284829793064,0.1838999207933136
2009-05-03,326.9333382,302.8041712,292.6500044,0.0047125,88610.83333,0.0,3.241666715,-1.129166683,0.185232234,3.664472885622922,0.3213468177192288
2009-05-04,335.7083383,285.5833376,293.479171,0.003116667,88466.66667,0.0,3.787500056,-0.179166669,0.185283904,4.107936443594847,0.2014518343666096
2009-05-05,337.1083384,290.3125043,294.2583377,0.002904167,88477.08333,0.0,4.120833395,-0.187500003,0.185325126,4.626443848118345,0.1788587633193969
2009-05-06,340.3875051,285.8416709,294.2916711,0.002716667,88494.58333,0.0,2.920833377,-0.350000005,0.185365555,4.7173747297033,0.1669988689382877
2009-05-07,342.5833384,288.4458376,296.3250044,0.002483333,88501.66667,0.0,3.354166717,-0.525000008,0.185409554,5.113034314002078,0.1347229869463719
2009-05-08,346.0916718,283.4833376,297.5083378,0.002270833,88334.58333,0.0,3.462500052,0.287500004,0.185456355,5.220302731167342,0.1144347461509074
2009-05-09,347.4125052,286.2958376,297.9541711,0.002304167,88400.0,0.0,2.666666706,1.920833362,0.185495728,5.451053557340493,0.113115383802392
2009-05-10,349.0916719,283.1375042,297.9708378,0.002291667,88494.16667,0.0,2.491666704,2.320833368,0.185537631,5.206711783977219,0.1125085445303441
2009-05-11,349.6708385,278.3541708,297.1166711,0.002141667,88525.41667,0.0,2.616666706,1.733333359,0.185585331,5.025449800037326,0.1107545531447137
2009-05-12,346.0250052,289.1875043,297.2625044,0.002308333,88374.58333,0.0,3.291666716,2.291666701,0.185631858,5.080834989257612,0.1181214801352739
2009-05-13,355.5625053,272.9166707,297.1916711,0.002104167,88365.0,0.0,2.90416671,2.2666667,0.185681379,4.660510106936935,0.1081253345173518
2009-05-14,347.5625052,289.1583376,297.2666711,0.002583333,88432.91667,0.0,1.837500027,2.2166667,0.185713278,4.424664954077905,0.1322475907638711
2009-05-15,346.6083385,290.9583377,296.5125044,0.002608333,88394.16667,0.0,1.995833363,1.475000022,0.185757277,4.2280339445624735,0.1397259816623463
2009-05-16,346.1666718,298.0833378,296.7750044,0.003008333,88445.41667,0.0,1.700000025,1.429166688,0.185794815,4.0330613997113085,0.1586913090158667
2009-05-17,339.8666717,318.7416714,298.8125045,0.003758333,88686.66667,0.0,-1.866666694,0.800000012,0.185846665,3.7590594579917935,0.17580124858007
2009-05-18,343.6750051,314.645838,297.2958378,0.003891667,88721.25,0.0,-3.33750005,1.812500027,0.185884554,4.706280004516948,0.1995214384081812
2009-05-19,263.7541706,329.6208382,296.2958377,0.003575,88525.41667,0.0,0.800000012,2.516666704,0.185921746,4.11443245338599,0.1943445038580361
2009-05-20,278.0166708,347.2208385,296.9708378,0.004991667,88413.75,0.100000001,2.179166699,0.770833345,0.185973622,5.136693093637149,0.2601057868477368
2009-05-21,209.2625031,349.7625052,292.6333377,0.005691667,88551.25,4.800000072,2.45833337,-1.275000019,0.186026108,23.96485420317925,0.388261615445908
2009-05-22,175.795836,344.3750051,291.691671,0.007370833,88612.08333,0.0,3.304166716,-0.970833348,0.186063956,10.848746488460629,0.5339164856589621
2009-05-23,248.995837,335.2333383,292.5375044,0.005358333,88577.5,0.0,1.275000019,0.991666681,0.186101158,13.64367896870742,0.3678389196166351
2009-05-24,339.2000051,321.4750048,295.1041711,0.004504167,88504.58333,0.0,1.633333358,1.56666669,0.186138393,15.099615744887208,0.263352943723998
2009-05-25,347.9041719,305.4625046,295.1166711,0.004058333,88482.5,0.0,1.800000027,1.904166695,0.186190261,12.727224597955445,0.237043824173063
2009-05-26,350.7416719,299.0375045,295.6750044,0.00345,88375.0,0.0,2.44583337,-0.016666667,0.186228136,11.23540118083325,0.1944781269292145
2009-05-27,351.0125052,294.3083377,295.2750044,0.002791667,88375.41667,3.300000049,2.520833371,-0.87916668,0.186280005,31.35908540219453,0.1612821733016493
2009-05-28,351.2333386,293.529171,294.7000044,0.002545833,88438.75,3.700000055,1.670833358,-0.89166668,0.186317887,51.73937612330733,0.1524960488770612
2009-05-29,348.7291719,301.1916712,295.1833377,0.0028125,88677.08333,0.0,2.02500003,0.575000009,0.186355076,28.41336366237098,0.1639626236185887
2009-05-30,347.0916718,307.7375046,296.6875044,0.003295833,88680.0,0.0,1.208333351,2.600000039,0.186406948,19.137694845640475,0.1752484156332129
2009-05-31,359.6750054,274.1291708,295.6291711,0.0019,88523.33333,0.0,1.629166691,2.454166703,0.186444799,13.582449229767011,0.1075856675632338
2009-06-01,343.8458385,287.5958376,296.9125044,0.002295833,88438.33333,0.0,2.562500038,1.32500002,0.186482061,11.212420240350776,0.12008916499279
2009-06-02,345.1708385,291.5708377,297.4833378,0.002375,88505.83333,0.0,2.658333373,0.770833345,0.186519285,9.821083212604602,0.1200974983461243
2009-06-03,339.4458384,298.2041711,298.7291711,0.002325,88675.41667,0.0,1.800000027,-0.750000011,0.186571136,8.721156616860318,0.1092852692486405
2009-06-04,342.5333384,297.3833378,299.6708378,0.001808333,88623.33333,0.0,2.2541667,-0.145833336,0.186608535,7.480250872939685,0.080307140758644
2009-06-05,312.408338,329.0541716,300.3416711,0.003270833,88437.5,0.0,3.041666712,3.558333386,0.186644174,7.365521250625329,0.1392968228894412
2009-06-06,342.9250051,306.2500046,298.9708378,0.003779167,88275.0,0.0,3.487500052,4.208333396,0.186694388,8.377581472568044,0.1742964556211728
2009-06-07,344.9458385,297.0541711,296.7125044,0.003158333,88314.58333,0.0,3.408333384,3.341666716,0.186745242,8.509822225049215,0.1669909846566937
2009-06-08,340.2458384,296.1250044,295.8708377,0.003329167,88357.5,0.0,2.479166704,3.104166713,0.186781469,8.274397603227511,0.1853915300918568
2009-06-09,315.5375047,330.8166716,295.8000044,0.0039,88426.66667,0.100000001,2.554166705,2.945833377,0.186817061,8.695021539317464,0.2182945008760366
2009-06-10,339.4541717,324.2458382,296.3375044,0.005066667,88391.25,3.700000055,2.912500043,3.658333388,0.186867279,28.988806140314,0.2743188953965468
2009-06-11,342.7166718,305.0375045,296.3625044,0.004525,88458.33333,0.0,2.854166709,3.904166725,0.186903506,17.071780320110165,0.2448043338282979
2009-06-12,342.3208384,307.4041712,297.2750044,0.004333333,88472.5,0.0,1.966666696,4.4583334,0.186953721,13.761252742499744,0.2218219811378831
2009-06-13,335.3166717,319.5916714,298.7833378,0.004466667,88492.91667,0.0,1.466666689,4.579166735,0.187004574,11.669678146959544,0.2088424442824921
2009-06-14,337.112505,335.7833383,298.2583378,0.0055875,88433.33333,2.800000042,2.208333366,4.133333395,0.187040802,30.730408571334102,0.269425600890107
2009-06-15,344.7666718,303.7375045,296.9166711,0.003708333,88558.33333,0.0,2.44583337,3.454166718,0.187076393,16.692653130089397,0.1941874835201084
2009-06-16,330.8291716,308.5208379,297.9833378,0.003479167,88420.83333,0.0,1.895833362,3.80833339,0.187167306,12.55180715051628,0.1705384021126532
2009-06-17,335.362505,320.5125048,298.4375044,0.004108333,88407.08333,0.0,1.954166696,4.375000065,0.187246002,10.66081201526218,0.1959222424790191
2009-06-18,335.3708383,332.4833383,298.4208378,0.004833333,88264.58333,0.0,1.858333361,3.379166717,0.187324065,9.503071553149706,0.2303556031301656
2009-06-19,308.4791713,342.5750051,297.2625044,0.005954167,88142.91667,2.500000037,1.850000028,2.004166697,0.187402125,22.5986146291871,0.3038865436084477
2009-06-20,328.5500049,340.7291717,295.3791711,0.0062625,88122.08333,0.0,2.825000042,2.245833367,0.187494808,14.82769077359091,0.3584612336697671
2009-06-21,336.5791717,342.8500051,297.4583378,0.0074375,88205.41667,0.0,2.083333364,2.758333374,0.187573503,12.98014653116023,0.3753853459216604
2009-06-22,337.2458384,336.537505,299.1750045,0.005225,88266.25,0.0,1.558333357,0.745833344,0.187651563,12.11483116603859,0.2380338101434386
2009-06-23,335.3791717,361.9708387,303.0041712,0.005516667,88175.83333,0.0,2.437500036,0.429166673,0.187744246,9.151017850340947,0.2004214669998947
2009-06-24,331.2458383,373.7208389,302.3791712,0.0069,88404.58333,7.100000106,2.479166704,0.104166668,0.187822945,81.46554216317763,0.2606263576215449
2009-06-25,195.1708362,378.6166723,301.0291712,0.00695,88526.25,0.400000006,2.383333369,-1.775000026,0.187901005,25.703622517076557,0.2845009887763369
2009-06-26,322.1500048,367.2541721,299.1083378,0.007445833,88387.91667,3.200000048,2.754166708,0.075000001,0.187993688,58.67081016915937,0.3410300228181308
2009-06-27,288.9458376,375.1750056,300.5500045,0.0073625,88449.58333,1.100000016,2.279166701,-2.087500031,0.188072383,38.294865474315934,0.3097551482046789
2009-06-28,253.9958371,379.045839,298.9500045,0.006725,88591.66667,8.70000013,1.166666684,-2.44583337,0.188150443,105.98650899266252,0.3116598715483053
2009-06-29,297.4375044,383.0125057,298.7958378,0.006629166,88435.41667,0.0,1.387500021,-2.125000032,0.188228503,57.278670436527605,0.3095186266308922
2009-06-30,304.6750045,384.4083391,298.6250044,0.00845,88333.33333,11.60000017,3.029166712,-1.883333361,0.188321189,171.61952000453397,0.3981324101991655
2009-07-01,175.0416693,383.6416724,299.6083378,0.009154166,88365.41667,5.300000079,1.612500024,-0.854166679,0.188399885,65.76880508373887,0.4068584548169064
2009-07-02,267.4416707,389.7625058,300.1125045,0.00835,88468.33333,2.500000037,1.054166682,0.500000007,0.188477944,80.14013083379871,0.3605905441636517
2009-07-03,284.8958376,385.0458391,299.7041711,0.008466666,88695.83333,2.900000043,2.541666705,-0.083333335,0.188570627,90.96283532552272,0.375562774894535
2009-07-04,297.3541711,376.9208389,299.5541711,0.0081,88762.5,0.500000007,3.087500046,-1.09583335,0.1886347,52.61432430265575,0.3627911485796953
2009-07-05,301.0166712,377.6541723,300.4750045,0.008391666,88782.08333,5.000000075,3.025000045,-1.179166684,0.188726746,88.44124985921738,0.3559554131710695
2009-07-06,306.1333379,363.0833387,301.8833378,0.006745833,88650.0,0.0,3.82083339,-0.804166679,0.188805442,36.807633794367135,0.2630133900455355
2009-07-07,302.8291712,378.9375056,301.7333378,0.0092,88637.5,3.600000054,3.879166724,-0.029166667,0.188898128,63.660130107526605,0.3618099854047449
2009-07-08,298.5625044,385.7458391,302.0000045,0.0095375,88547.5,1.500000022,3.900000058,-0.283333338,0.188976824,43.87409165876254,0.3689034574337959
2009-07-09,304.4333379,377.9791723,302.7166712,0.008783333,88540.41667,2.400000036,3.233333382,0.308333338,0.189054884,49.11749517958741,0.3258117946868269
2009-07-10,303.6750045,374.7083389,302.7333378,0.006791666,88631.25,1.500000022,1.995833363,-0.333333338,0.189147566,37.67651943406508,0.2519465908312527
2009-07-11,305.9333379,369.6958388,303.8708379,0.0064875,88700.41667,3.200000048,0.654166676,0.429166673,0.189226262,43.29569092304195,0.2255103272091826
2009-07-12,304.9708379,366.3583388,303.6666712,0.005845833,88777.91667,0.100000001,1.975000029,-0.329166672,0.189304322,29.228235057261976,0.2057912357575635
2009-07-13,301.8166712,367.1291721,302.3000045,0.006220833,88669.16667,0.0,3.162500047,-1.745833359,0.189397008,18.321392358550675,0.236765982673625
2009-07-14,301.7000045,375.1625056,303.1333379,0.007004166,88564.58333,0.200000003,3.416666718,-1.262500019,0.189475704,14.590668339008891,0.2536782083957915
2009-07-15,299.4333378,383.1250057,303.1083378,0.008404166,88841.25,1.400000021,3.391666717,-0.441666673,0.189553763,21.47363380131965,0.3057771014984547
2009-07-16,299.8208378,383.1375057,303.5458379,0.0084375,88851.66667,0.0,3.183333381,-2.00000003,0.18938008,14.434052506536844,0.2993533441722574
2009-07-17,288.9208376,378.095839,302.0583378,0.0071125,88770.83333,3.000000045,1.404166688,-1.883333361,0.189195451,35.33638298875169,0.2748619319499289
2009-07-18,299.1083378,359.6333387,302.4583378,0.005891667,88820.0,0.0,-2.975000044,1.691666692,0.189010821,19.302056825224,0.2225568410686758
2009-07-19,301.5666712,368.8541722,303.0916712,0.006429167,88875.0,0.0,0.329166672,0.487500007,0.188826192,15.580119506000278,0.2342337185180574
2009-07-20,299.7083378,377.2875056,303.5416712,0.007233333,88835.41667,0.0,3.82083339,-0.612500009,0.188641563,10.984382388863978,0.2566456209646383
2009-07-21,298.7125045,373.8208389,302.2916712,0.007858333,88690.41667,0.0,3.691666722,-2.295833368,0.188456934,10.183189501627524,0.2993065636652428
2009-07-22,290.904171,382.0750057,301.6791712,0.008733333,88633.33333,3.800000057,2.262500034,-2.275000034,0.188257682,37.8838238610876,0.3445322096514738
2009-07-23,269.4833373,383.1625057,300.4416711,0.007933333,88600.0,0.0,0.645833343,-1.31250002,0.188087044,19.410490684798305,0.3364861847237584
2009-07-24,292.7500044,380.9291723,300.8291711,0.0086875,88646.25,2.70000004,1.416666688,0.479166674,0.18790305,36.23905769718667,0.3603282266541358
2009-07-25,290.6875043,387.9041724,301.2500045,0.009654166,88802.5,11.30000017,2.591666705,-0.800000012,0.187722356,140.67341795535822,0.3913152207320127
2009-07-26,293.5958377,389.1208391,302.5291712,0.009558333,88695.83333,0.0,2.837500042,-1.495833356,0.187541397,69.30836483367918,0.3590762522490702
2009-07-27,296.5583378,384.9791724,304.2666712,0.00895,88645.83333,0.0,3.241666715,-2.162500032,0.187345866,32.19287222347738,0.3039175541277032
2009-07-28,300.3458378,362.8750054,304.0875045,0.00625,88486.66667,0.0,4.066666727,-1.241666685,0.187149639,16.60696703441773,0.2140448135169914
2009-07-29,298.4458378,355.291672,303.2708379,0.00675,88524.58333,0.0,3.400000051,1.291666686,0.186967997,11.761595262205264,0.2424246495623803
2009-07-30,296.7375044,374.1541722,302.7875045,0.009741666,88637.91667,0.0,3.162500047,1.225000018,0.186787003,10.374457881174004,0.3602727986869483
2009-07-31,297.3041711,356.9958387,302.0875045,0.0070375,88717.08333,0.0,2.67500004,-0.837500012,0.186606004,8.455901172450424,0.2713363627378691
2009-08-01,312.395838,352.0875052,302.8208378,0.005341667,88653.33333,0.0,2.245833367,-1.950000029,0.186425034,6.826177304604881,0.1972013463283198
2009-08-02,312.545838,344.1666718,303.1000045,0.003283333,88611.25,0.200000003,1.791666693,-2.2166667,0.186229436,4.489534635171943,0.1192090351350344
2009-08-03,302.5416712,361.6291721,303.4250045,0.005508333,88625.0,0.100000001,2.48333337,-1.641666691,0.186047778,5.762415696736668,0.1962967753410735
2009-08-04,305.3375045,372.0291722,303.8000045,0.007095833,88700.83333,0.0,3.283333382,-1.429166688,0.185866785,5.788870117988388,0.2476664597623666
2009-08-05,302.8291712,375.5458389,303.7041712,0.0069375,88680.0,0.0,2.2541667,-0.550000008,0.185685788,5.3993119573399095,0.2434247062334055
2009-08-06,301.4708378,379.8625057,303.6375045,0.007129166,88519.58333,0.0,3.233333382,-0.025,0.185504779,5.381728473529461,0.2506597210355394
2009-08-07,307.2500046,345.1250051,302.2041712,0.0054875,88673.33333,0.0,3.629166721,1.54166669,0.185309162,5.316824985521073,0.2100355470550209
2009-08-08,308.7416713,333.3208383,301.3458378,0.004470833,88598.75,0.0,3.366666717,1.862500028,0.18512755,5.363854215987677,0.17978694928084
2009-08-09,305.1750045,342.4166718,301.4000045,0.005470833,88637.91667,0.0,2.729166707,2.070833364,0.184946578,5.755199768482471,0.2193987424472273
2009-08-10,300.5708378,361.6916721,301.9291712,0.007254166,88838.33333,0.900000013,2.475000037,0.858333346,0.184750975,8.803298297244304,0.2826751310572867
2009-08-11,280.4500042,365.8041721,300.7791711,0.006333333,88960.41667,0.0,2.695833374,-1.800000027,0.184569374,7.97711397453065,0.2643945447215232
2009-08-12,222.0208366,371.1333389,298.9000045,0.005583333,88853.33333,0.900000013,2.129166698,-1.870833361,0.184373726,9.302758642386712,0.2602925209074481
2009-08-13,272.5500041,376.4541723,298.3750044,0.0067,88725.83333,31.80000047,2.03750003,-0.741666678,0.184192129,150.95111742309646,0.3218739052713696
2009-08-14,294.5125044,374.9791723,299.8458378,0.010058333,88682.08333,0.0,2.787500042,0.779166678,0.184011109,52.262540549403504,0.4423569949608771
2009-08-15,299.6291711,349.6208385,300.1041711,0.006820833,88654.58333,0.0,2.837500042,0.279166671,0.18383012,28.130014846550544,0.2953201847856067
2009-08-16,300.8083378,329.8916716,300.7166711,0.0048,88527.08333,0.0,2.312500034,0.845833346,0.183789869,17.55018607087117,0.2001436241651979
2009-08-17,298.7916711,336.5166717,301.1041712,0.004425,88515.41667,0.0,2.554166705,-0.716666677,0.183755727,13.337089434736315,0.18031943140668
2009-08-18,296.7250044,339.1458384,301.5666712,0.003666667,88542.91667,0.0,2.558333371,-1.587500024,0.183721605,10.418536278152471,0.1454590669642058
2009-08-19,293.6000044,349.3958385,302.1500045,0.005170833,88494.58333,0.0,3.637500054,-2.475000037,0.1836728,9.49751344291538,0.1981413198541541
2009-08-20,290.9625043,357.5125053,301.5500045,0.007483333,88407.5,0.100000001,3.233333382,-2.908333377,0.183638058,9.78995425934948,0.2967044143843257
2009-08-21,270.6583374,366.3250055,301.6125045,0.006366667,88523.33333,1.400000021,1.075000016,-1.837500027,0.183618531,14.539169479367787,0.2518365656570461
2009-08-22,265.125004,390.9833392,299.8458378,0.007191666,88670.0,4.300000064,-0.600000009,1.420833355,0.1835704,45.76377368840675,0.3162403050683472
2009-08-23,282.0875042,373.9916722,298.3166711,0.009658333,88728.33333,4.00000006,1.895833362,-0.279166671,0.183535569,59.81308704214479,0.4656367645514707
2009-08-24,278.0250041,366.3541721,298.7333378,0.008391666,88629.16667,1.500000022,2.883333376,-0.641666676,0.183501468,49.704148685895404,0.3941412599697647
2009-08-25,282.3333375,360.416672,298.4416711,0.007020833,88827.5,0.200000003,2.320833368,-1.454166688,0.183467325,28.92154126033989,0.3363244923583615
2009-08-26,277.9583375,360.2083387,299.5666711,0.007133333,88829.16667,0.0,1.016666682,-2.462500037,0.183433199,19.16627154979658,0.3194972452444353
2009-08-27,286.0875043,341.1541718,300.6000045,0.004354167,88802.91667,0.0,1.31250002,-2.845833376,0.183399081,14.41632379719076,0.1833780108893637
2009-08-28,283.5583376,348.4166719,300.6458378,0.003566667,88870.0,0.0,-1.279166686,-1.56666669,0.183364938,11.837078559458323,0.1499192853102721
2009-08-29,287.504171,326.5208382,301.2875045,0.003283333,88792.91667,0.0,-3.358333383,0.362500005,0.183316168,9.193682051306132,0.1327771125433432
2009-08-30,224.0000033,350.1541719,301.9416712,0.00425,88642.5,0.0,-1.54166669,2.066666697,0.183296033,6.902173110892523,0.1651251786914409
2009-08-31,275.0666708,358.716672,301.6500045,0.005375,88588.75,0.0,-1.158333351,1.550000023,0.183262492,8.75124717950836,0.2123008522792341
2009-09-01,278.9750042,359.7125054,300.9500045,0.006325,88699.58333,0.0,0.587500009,1.062500016,0.183213751,8.898318144854283,0.2606353077038998
2009-09-02,225.3625034,377.0875056,300.4750045,0.008341666,88851.25,0.0,1.175000018,2.108333365,0.183178989,7.823696673019205,0.3541101854530537
2009-09-03,258.3333372,378.033339,299.8750045,0.009,88823.75,2.600000039,1.850000028,1.358333354,0.18314482,19.828884205572948,0.3957586552679699
2009-09-04,260.9541706,370.3916722,298.8791711,0.009045833,88706.66667,0.100000001,2.325000035,-0.575000009,0.183110686,14.992031633006572,0.4215416934079746
2009-09-05,251.4583371,371.3708389,298.4791711,0.008575,88685.0,2.600000039,1.512500023,-1.366666687,0.183076559,28.033979718310164,0.409193960550768
2009-09-06,251.8583371,370.8125055,298.1583378,0.007929166,88805.0,1.400000021,1.654166691,-1.129166683,0.183042384,28.917642527995696,0.3862619716571956
2009-09-07,260.3666705,353.0041719,297.1708378,0.0069625,88637.08333,4.400000066,1.520833356,-1.466666689,0.18300827,53.86390468496074,0.3593321296256737
2009-09-08,246.9541703,358.566672,297.3833378,0.007358333,88520.0,1.700000025,2.66250004,-0.200000003,0.182974131,45.90744594795588,0.3744092473327055
2009-09-09,264.5541706,368.5666722,298.6166711,0.008929166,88661.66667,0.0,2.641666706,-0.783333345,0.182940004,28.963772538869968,0.4224836893233726
2009-09-10,266.125004,354.2333386,298.5208378,0.007158333,88653.75,0.0,1.670833358,-1.80833336,0.182891213,19.73322328592335,0.3406184314051471
2009-09-11,265.637504,348.9458385,298.5000044,0.006283333,88625.41667,0.300000004,1.425000021,-1.35000002,0.182871054,16.829014011831422,0.2992611572627557
2009-09-12,249.9250037,361.9000054,297.6916711,0.0056125,88425.0,2.200000033,1.962500029,-1.366666687,0.182822928,27.83114017641024,0.2800031192088314
2009-09-13,261.6875039,344.0166718,296.7458378,0.0060375,88468.75,0.600000009,1.983333363,0.562500008,0.182788147,21.36678071745474,0.3191311527667578
2009-09-14,262.6041706,349.9000052,297.4750044,0.007883333,88581.25,3.100000046,2.854166709,1.320833353,0.182754037,40.11204680505093,0.3991802005218469
2009-09-15,263.0583373,340.3500051,298.1000044,0.007558333,88736.66667,0.0,2.645833373,2.354166702,0.182719909,23.086217224739585,0.3692075489334578
2009-09-16,261.0166706,335.8833383,297.9250044,0.006804166,88769.16667,0.0,1.887500028,2.270833367,0.182578535,16.614334264861483,0.3360127953433599
2009-09-17,261.3166706,325.4875049,297.2041711,0.005225,88690.83333,0.0,1.825000027,1.212500018,0.182447119,13.120771593136256,0.2692793209806742
2009-09-18,257.1875038,327.6916715,296.3750044,0.00525,88572.08333,0.100000001,0.758333345,0.108333335,0.182287128,11.514442591556977,0.2841756207117041
2009-09-19,251.2166704,338.1708384,296.9625044,0.005808333,88793.33333,0.600000009,2.495833371,-0.266666671,0.182155122,12.588983284373626,0.3041138457403539
2009-09-20,251.0333371,343.2833384,297.4500044,0.0065,88811.25,0.0,3.420833384,-1.175000018,0.182009775,11.39566106317304,0.3304877190210866
2009-09-21,251.6875038,336.2333383,297.5458378,0.006075,88796.66667,0.0,3.283333382,-2.104166698,0.181863773,10.430309602882552,0.3070438314269463
2009-09-22,254.8916705,313.320838,296.0333377,0.004191667,88749.16667,0.0,1.695833359,-2.01250003,0.18171779,8.832575355600236,0.2321365986072965
2009-09-23,255.0208371,292.0500044,294.7833377,0.003145833,88658.33333,0.0,-1.741666693,-1.300000019,0.181586388,7.371943592008384,0.1879342446120624
2009-09-24,252.2958371,309.9375046,295.4208377,0.004633333,88687.91667,0.0,-2.812500042,0.054166667,0.181426357,7.548778733727011,0.2662291872965532
2009-09-25,250.0750037,309.4583379,297.1541711,0.0038,88601.25,0.0,-1.612500024,0.616666676,0.181294343,6.479916470730291,0.1962355216570922
2009-09-26,246.1541703,320.3791714,298.5583378,0.003395833,88712.5,0.0,-1.170833351,-1.062500016,0.181134982,6.04050168614787,0.161329346254451
2009-09-27,247.5375037,319.3000048,299.4041711,0.0032,88560.41667,0.0,-0.037500001,-1.608333357,0.180998686,5.47207667157304,0.144281764719467
2009-09-28,246.470837,312.270838,299.3000045,0.002891667,88461.25,0.0,1.57916669,1.570833357,0.180860864,5.213675946939268,0.1310448620802075
2009-09-29,241.3916703,324.2583382,299.8458378,0.0035125,88631.25,0.0,1.691666692,3.479166719,0.180714815,5.632525802287585,0.1543882376330171
2009-09-30,237.4500035,330.1541716,297.9500044,0.005820833,88574.16667,0.0,4.070833394,3.33750005,0.180571309,6.44064951806178,0.2863892459942171
2009-10-01,245.9541703,317.9833381,295.2875044,0.0053375,88641.25,0.0,4.350000065,0.225000003,0.180423916,5.9502634054424535,0.3090516962328496
2009-10-02,180.0166693,294.8666711,292.1625044,0.0020875,88685.83333,0.0,3.466666718,0.008333333,0.180284057,4.023831126420118,0.1469041231425066
2009-10-03,72.01250107,380.8125057,290.9625043,0.007304166,88505.41667,7.500000112,0.837500012,1.150000017,0.180145053,19.665162269695948,0.5534686959102887
2009-10-04,151.8583356,351.0375052,291.3750043,0.011195833,88068.75,0.0,0.037500001,4.400000066,0.180006008,15.34196397288717,0.8223414167017483
2009-10-05,235.0791702,347.9083385,293.4958377,0.010070833,88058.33333,0.0,3.062500046,5.041666742,0.179852368,20.38758260915136,0.6472701083152184
2009-10-06,235.6666702,315.4625047,294.2541711,0.00725,88393.33333,0.0,1.875000028,3.750000056,0.179712581,15.2587154567584,0.4461979267449608
2009-10-07,234.8916702,317.8166714,293.7250044,0.0070625,88335.41667,0.0,1.129166683,4.787500071,0.179558761,11.244128501496013,0.4488914603136247
2009-10-08,235.0958368,287.604171,289.6833376,0.005408333,88515.0,0.0,3.12083338,0.162500002,0.179421001,7.345523206784648,0.4447895550746812
2009-10-09,237.4833369,256.3708372,286.4541709,0.002733333,88818.33333,0.0,1.595833357,-1.604166691,0.179279992,5.729995318171849,0.2783320058707562
2009-10-10,217.2208366,275.0208374,290.0208377,0.002491667,88488.33333,0.0,0.616666676,1.262500019,0.179131353,5.410088577776633,0.2004671504437861
2009-10-11,230.0250034,290.1375043,291.479171,0.0037375,88228.33333,0.0,1.045833349,4.22916673,0.17898553,6.192107838358518,0.2732093982201553
2009-10-12,223.6000033,307.7291713,290.7000043,0.007345833,88341.25,0.0,1.058333349,5.012500075,0.178854472,4.729400798726941,0.5649596202866112
2009-10-13,225.4000034,318.8750048,292.416671,0.008391666,88377.5,0.0,2.191666699,5.366666747,0.178709423,4.916266625090211,0.5791532947281508
2009-10-14,222.1375033,306.4750046,291.7083377,0.006216667,88747.08333,0.0,1.933333362,1.766666693,0.178563742,4.549693635111849,0.4505237374067485
2009-10-15,221.14167,304.2083379,292.716671,0.005679167,88787.5,0.0,1.937500029,-1.600000024,0.178410346,4.459747845940688,0.3864159555186131
2009-10-16,221.2708366,300.4458378,294.6666711,0.004354167,88672.08333,0.0,0.108333335,-0.108333335,0.17832416,3.706111586227829,0.2620430454807332
2009-10-17,217.5208366,310.6916713,296.4833378,0.004133333,88692.91667,0.0,-3.704166722,1.429166688,0.178255534,4.810147568640731,0.2225623424678152
2009-10-18,214.0583365,324.1208382,297.0000044,0.0055375,88905.83333,0.0,-1.454166688,2.462500037,0.178169361,4.231841507892518,0.2896407504600566
2009-10-19,212.5041698,314.733338,293.4958377,0.005441667,88716.66667,0.0,2.866666709,3.075000046,0.178096824,4.02598312876193,0.3523602206021886
2009-10-20,194.8958362,314.9791714,293.7000044,0.007166666,88171.25,0.0,3.404166717,4.670833403,0.178010292,3.5457327521697017,0.4553739587308034
2009-10-21,214.1666699,268.2708373,286.3958376,0.004283333,88223.75,0.0,3.837500057,-1.279166686,0.177937744,2.387566123594288,0.4349168829386502
2009-10-22,213.4625032,261.6625039,286.7083376,0.0033,88421.25,0.300000004,1.766666693,-0.804166679,0.177851211,2.337631417908662,0.3289782704925447
2009-10-23,212.6000032,260.4666705,287.4833376,0.002620833,88591.66667,0.0,2.062500031,-2.404166702,0.177778662,2.4638943319614306,0.2487988141838461
2009-10-24,210.9791698,253.4333371,288.966671,0.001620833,88617.08333,0.0,2.766666708,-1.55416669,0.17769213,2.4193061801673768,0.1397620145466005
2009-10-25,208.5750031,269.912504,289.8375043,0.001966667,88337.5,0.0,3.233333382,-0.658333343,0.177619585,2.638278451727495,0.1598269597240934
2009-10-26,211.5958365,246.9125037,287.3541709,0.002091667,88776.25,0.0,0.170833336,-1.916666695,0.177533049,1.9336283971494292,0.2006670274182414
2009-10-27,206.3291697,242.4041703,286.6041709,0.001441667,88388.75,0.0,1.250000019,3.82083339,0.177460504,2.354459822162581,0.1446561318471395
2009-10-28,195.7166696,244.9291703,283.5708376,0.002595833,87337.08333,1.100000016,7.062500105,4.558333401,0.177452123,3.0193485283253154,0.3150517830349004
2009-10-29,206.1500031,208.6833364,277.0958375,0.0014,88167.91667,0.0,4.216666729,-1.112500017,0.177698234,1.3804910830635335,0.2686962385003244
2009-10-30,201.2083363,219.7500033,278.4916708,0.0014875,88722.5,0.0,2.587500039,-2.162500032,0.177469034,1.5583307347914572,0.2602619720139894
2009-10-31,199.4541696,239.9958369,281.6708375,0.001304167,88938.33333,0.0,-2.850000042,-0.816666679,0.177267167,2.206586469538172,0.1834231322351084
2009-11-01,194.9833362,245.383337,285.8000043,0.001916667,88856.25,0.0,-2.650000039,1.150000017,0.177105959,2.5143357266930897,0.2038852524585655
2009-11-02,193.8875029,249.8333371,288.3208376,0.001854167,88947.08333,0.0,-0.900000013,-0.129166669,0.176989506,1.8675575030389544,0.1673357020788533
2009-11-03,193.5125029,244.3125036,289.8875043,0.001429167,89113.33333,0.0,-3.562500053,0.858333346,0.176897215,2.665166699325886,0.116790158080404
2009-11-04,184.7875028,250.8375037,288.216671,0.001566667,89012.91667,0.0,-3.070833379,1.641666691,0.176820183,2.2897798795136945,0.1424550744150162
2009-11-05,187.0083361,270.5791707,290.191671,0.002104167,89000.41667,0.0,-1.720833359,1.895833362,0.176743148,2.180373900373483,0.1684175734348436
2009-11-06,172.4916692,269.8958374,290.004171,0.002025,88779.16667,0.0,0.145833336,1.291666686,0.176651494,1.449499158782873,0.1636316281696579
2009-11-07,177.7916693,276.9416708,288.3500043,0.002333333,88418.75,0.0,1.125000017,-0.345833338,0.176588449,1.4774740585381585,0.2089326631872296
2009-11-08,178.1000027,271.3166707,287.3833376,0.003045833,88517.91667,0.0,1.791666693,0.345833338,0.176497427,1.351215767324429,0.2908002484040904
2009-11-09,178.195836,270.375004,286.5375043,0.003475,88820.83333,0.0,0.745833344,0.016666667,0.176419759,1.0472133911328323,0.3519264833313748
2009-11-10,176.3625026,267.412504,287.979171,0.0028625,89055.41667,0.0,-2.829166709,1.183333351,0.176342728,1.3714557681771664,0.2644640833456368
2009-11-11,170.8083359,272.5375041,287.9333376,0.002925,89019.58333,0.0,-2.791666708,1.983333363,0.17625107,1.3889364202387096,0.2709375404501645
2009-11-12,167.8791692,279.7583375,288.841671,0.003495833,88477.91667,0.0,1.300000019,3.725000056,0.176173402,1.4636101764519196,0.3034096464424555
2009-11-13,147.5541689,293.5375044,287.0958376,0.005754167,88046.66667,0.0,2.491666704,5.14583341,0.176096371,1.1120113840666268,0.5568453770533802
2009-11-14,116.4000017,338.9125051,285.2291709,0.005641667,88263.75,0.0,2.87916671,2.550000038,0.176019336,0.9519629885217068,0.6191734859409802
2009-11-15,174.5500026,243.670837,280.3750042,0.0038625,88672.91667,0.0,2.950000044,-1.437500021,0.175942304,0.5958614321747628,0.5922060999455592
2009-11-16,177.1000026,209.3291698,279.3166708,0.0017125,89091.66667,0.0,-2.850000042,-0.300000004,0.175750641,0.5768884157129137,0.283963547087681
2009-11-17,173.6541693,207.8208364,279.3250042,0.001033333,88953.33333,0.0,-3.766666723,1.029166682,0.175539371,0.6825340785406789,0.1709796948857155
2009-11-18,166.5291691,231.1791701,281.0583375,0.00155,88572.5,0.0,-1.316666686,1.945833362,0.175342088,0.707027544004143,0.2264341633501915
2009-11-19,166.8291692,236.9125035,281.0958375,0.002020833,88528.75,0.0,0.995833348,0.937500014,0.175130815,0.6255397081816547,0.2943095269993239
2009-11-20,170.3291692,221.70417,280.7416709,0.0014125,88863.75,0.0,0.166666669,-0.345833338,0.174933532,0.4219714633180959,0.2115977694892967
2009-11-21,166.7875025,225.1208367,283.1750042,0.001275,88537.5,0.0,-0.500000007,1.933333362,0.174736885,0.717883169730398,0.1611258610956696
2009-11-22,167.5208358,228.1416701,282.7333375,0.001683333,88544.16667,0.0,1.008333348,1.245833352,0.174525615,0.6420406914236872,0.2192143361322928
2009-11-23,164.4208358,223.94167,281.8500042,0.001558333,88566.25,0.0,1.441666688,0.850000013,0.174328333,0.5910343816486381,0.2155910302429048
2009-11-24,163.4541691,225.5000034,281.6208375,0.001525,88838.33333,0.0,-1.270833352,0.116666668,0.174131686,0.5347514058295258,0.2149764680969385
2009-11-25,162.9625024,224.99167,280.0583375,0.0016375,88923.75,0.0,-3.945833392,0.491666674,0.173935035,0.6780667131238898,0.2573668037956204
2009-11-26,156.4250023,231.0541701,280.0833375,0.00165,88982.91667,0.0,-4.870833406,1.112500017,0.173723765,0.7257143581144674,0.2590537990426427
2009-11-27,155.1333356,253.7333371,281.0333375,0.002429167,88878.75,0.0,-1.637500024,1.754166693,0.173526483,0.6714964067929745,0.3567095290755812
2009-11-28,149.8416689,266.9541706,284.4666709,0.003858333,88262.5,0.0,2.029166697,4.183333396,0.173329836,0.907196441847884,0.4455731032423571
2009-11-29,127.6500019,281.2208375,283.7166709,0.004766667,88009.16667,0.100000001,0.041666667,3.637500054,0.173118566,0.6723634135136626,0.5772674969444764
2009-11-30,113.3000017,306.5250046,282.2291709,0.0046,88375.83333,4.200000063,-3.845833391,0.87916668,0.173999571,6.250147816322252,0.6187852899129039
2009-12-01,157.8000024,254.8875038,278.3416708,0.003783333,88381.66667,0.100000001,0.112500002,-1.725000026,0.173671313,3.752195468174242,0.6664128814613035
2009-12-02,157.2875023,224.6708367,278.0791708,0.002979167,88189.58333,0.0,2.654166706,0.070833334,0.173028982,2.409034386261848,0.5334075505925742
2009-12-03,158.341669,225.3333367,277.8041708,0.002716667,88156.25,0.0,2.533333371,0.745833344,0.172600275,2.053185344001421,0.4957681430259701
2009-12-04,160.2208357,217.1041699,276.5708375,0.0025875,88749.16667,0.0,0.570833342,-1.158333351,0.17225104,1.5048646213773031,0.5189598166437193
2009-12-05,146.7958355,212.0666698,275.4000041,0.001558333,88495.0,0.0,-0.975000015,2.087500031,0.172008617,1.1736409307857647,0.339002055134032
2009-12-06,155.8500023,229.3916701,277.4916708,0.0025125,88122.08333,0.0,3.12083338,4.270833397,0.171766826,1.197117164717238,0.4685939242580693
2009-12-07,127.4208352,259.5208372,280.3708375,0.0042625,88102.91667,0.0,1.829166694,5.662500084,0.171540297,0.9166046947018992,0.649521356242692
2009-12-08,151.7375023,286.1166709,280.2041708,0.004504167,87976.25,0.0,6.912500103,6.595833432,0.17130296,0.9465319293941978,0.6933249774343269
2009-12-09,150.8833356,230.3083368,275.8875041,0.003475,88458.75,0.0,3.220833381,1.329166686,0.171105677,0.4235492968058731,0.7295643942400307
2009-12-10,122.4750018,234.6166702,275.9416708,0.002908333,88627.91667,0.0,1.195833351,1.700000025,0.170894407,0.382069268082349,0.6093846427151083
2009-12-11,146.9791689,236.3083369,277.1708375,0.002854167,88581.25,0.0,1.070833349,1.237500018,0.170697125,0.5594732895227604,0.547427026969715
2009-12-12,149.1916689,237.7666702,276.8166708,0.0028625,88758.75,0.0,2.108333365,-0.100000001,0.170500474,0.4791681859872917,0.5641832871161694
2009-12-13,138.0125021,248.4291704,279.4125042,0.003666667,88650.0,0.0,1.241666685,2.120833365,0.170289204,0.4846370848966753,0.6009490664022638
2009-12-14,124.0833352,290.104171,280.2041708,0.004379167,88595.83333,0.0,2.316666701,0.837500012,0.170091921,0.5695644993213284,0.6788310837142334
2009-12-15,154.541669,231.2625034,278.0166708,0.0036,89066.66667,0.0,-0.86666668,-1.379166687,0.169970297,0.3737270504805199,0.6538553501581366
2009-12-16,132.8666686,238.8458369,278.1083375,0.00295,89278.75,0.0,-4.500000067,1.000000015,0.169823533,0.3642780331513535,0.5336086899988696
2009-12-17,150.8125022,239.5750036,279.3625042,0.003225,88979.58333,0.0,-2.741666708,0.362500005,0.169499758,0.4296321911947013,0.532383021117495
2009-12-18,152.2500023,226.6333367,281.1208375,0.002358333,88648.33333,0.0,-0.412500006,-0.208333336,0.169207773,0.350551163779298,0.3433346216996392
2009-12-19,152.0541689,227.0833367,279.1250042,0.00215,88665.0,0.0,-2.100000031,-1.233333352,0.168917694,0.4241030451512616,0.3595898775338899
2009-12-20,153.1208356,222.7125033,277.9750041,0.002458333,88853.75,0.0,-3.050000045,0.91666668,0.168653683,0.3354447753752976,0.446744261933664
2009-12-21,142.6916688,250.4958371,280.2166708,0.002320833,88777.5,0.0,0.166666669,1.400000021,0.168404927,0.4587489305834925,0.3601862395979172
2009-12-22,116.5666684,264.0833373,280.5666708,0.002741667,88117.08333,0.0,2.120833365,3.975000059,0.168154902,0.4577879318181124,0.4122171179651632
2009-12-23,116.2333351,273.5708374,277.5666708,0.003804167,87802.91667,4.200000063,5.945833422,1.833333361,0.188769365,3.989806387362966,0.7031760158833223
2009-12-24,153.8500023,216.2875032,274.1791708,0.003295833,88662.5,0.0,2.645833373,-1.500000022,0.197199049,1.6404907074847803,0.7848873144876098
2009-12-25,156.3750023,194.8208362,272.7208374,0.002070833,88489.58333,0.0,1.56666669,-0.466666674,0.184581776,1.608737541032145,0.5478057557570329
2009-12-26,154.841669,195.6500029,271.537504,0.0018375,88496.66667,0.0,1.800000027,0.387500006,0.17693569,1.34205451235765,0.5307497951779719
2009-12-27,155.216669,214.4583365,273.6875041,0.001670833,88784.58333,0.0,-0.029166667,0.162500002,0.172284777,1.985726307448011,0.4130299338554574
2009-12-28,132.025002,237.8375035,274.8875041,0.001866667,88851.25,0.0,-3.787500056,0.833333346,0.169481449,1.2210390940612907,0.4231153809471604
2009-12-29,96.87500144,275.6208374,276.9916708,0.002775,88565.0,1.300000019,-0.641666676,2.245833367,0.168012629,2.504413574954374,0.538976498586859
2009-12-30,151.6458356,244.608337,276.4666708,0.003170833,88862.5,0.0,3.237500048,1.37500002,0.166823553,1.7506742478050752,0.641529861095388
2009-12-31,156.1208357,254.3666705,277.1208375,0.002775,88980.0,0.0,1.966666696,-1.237500018,0.166128481,2.0050201436677875,0.5365442677329155
2010-01-01,151.8416689,215.6666699,277.8500041,0.0020375,89329.16667,0.0,-4.204166729,-0.129166669,0.165737313,1.452346481096379,0.3755533576248376
2010-01-02,152.9708356,218.6875033,277.7500041,0.001716667,88905.83333,0.0,-2.845833376,0.43333334,0.165445963,1.2959521819246684,0.3171542440596543
2010-01-03,152.8916689,231.0500034,281.5333375,0.002408333,88907.91667,0.0,-0.929166681,-0.787500012,0.165169233,1.2320311918173927,0.341809755466906
2010-01-04,153.6333356,223.6500033,280.8000042,0.0019875,89020.83333,0.0,-3.445833385,0.587500009,0.164907129,1.2043473369218112,0.2970622004954607
2010-01-05,156.741669,224.6458367,279.7833375,0.002316667,89044.58333,0.0,-3.116666713,1.12083335,0.164658376,0.9379222176063092,0.371646084907953
2010-01-06,156.0458357,221.35417,281.2750042,0.002091667,88767.91667,0.0,0.125000002,0.841666679,0.164395,0.7337431869626349,0.3017055093836161
2010-01-07,107.7166683,245.833337,280.0916708,0.00175,88650.0,0.0,0.391666673,1.295833353,0.164145612,0.5636397148431052,0.2735677213277114
2010-01-08,155.9958357,246.8250037,281.2125042,0.0025375,88935.83333,0.0,-2.979166711,-0.170833336,0.16389686,0.8731781150379199,0.3682854756891965
2010-01-09,140.7000021,226.3083367,278.1416708,0.002025,89275.41667,0.0,-3.458333385,0.67500001,0.16366273,0.5234765046540106,0.3654163414612463
2010-01-10,151.8125023,221.9333366,278.6958375,0.0018375,89101.66667,0.0,-3.012500045,0.779166678,0.163414613,0.5550203085401222,0.3182726719695948
2010-01-11,156.7958357,237.4916702,279.9000042,0.002154167,89070.41667,0.0,-3.070833379,0.329166672,0.163151238,0.6391721528969501,0.3428827738165143
2010-01-12,158.891669,229.6250034,279.8708375,0.001954167,89232.91667,0.0,-3.700000055,0.600000009,0.162901849,0.6166054760958425,0.3122487212330697
2010-01-13,135.3958354,260.8166706,283.0916709,0.0023625,88953.75,0.0,-1.200000018,1.31250002,0.162653097,0.6488974648450448,0.301658276773587
2010-01-14,151.7875023,243.9166703,281.0000042,0.002741667,88473.75,0.0,2.154166699,-0.825000012,0.162404344,0.5434974642878259,0.4016855214273695
2010-01-15,162.8583358,230.9416701,279.7791708,0.003104167,88985.41667,0.0,-1.666666692,-2.591666705,0.162155592,0.4394825560997056,0.49779248821304
2010-01-16,155.016669,234.8333368,281.0916709,0.002245833,88881.66667,0.0,-1.470833355,1.112500017,0.162343259,0.494073316545448,0.3284761456727745
2010-01-17,161.7125024,231.6750035,281.7416709,0.001420833,88477.91667,0.0,0.987500015,2.520833371,0.162535281,0.6224475809965908,0.1978343911428256
2010-01-18,146.7541689,275.7583374,282.5291709,0.0025625,88429.16667,0.0,1.670833358,3.162500047,0.162741288,0.6673381224609855,0.3379315828699808
2010-01-19,136.287502,279.6416708,283.3625042,0.0036125,88259.16667,0.100000001,2.379166702,4.258333397,0.163260102,0.6210178385668303,0.4493513026711385
2010-01-20,149.2500022,300.8291711,282.2208375,0.004758333,87828.33333,7.500000112,3.912500058,4.508333401,0.163489636,27.73956720111104,0.6364804355539954
2010-01-21,88.22916798,299.2708378,281.1416709,0.005583333,87688.33333,0.100000001,2.279166701,6.45833343,0.163396824,6.412024633191857,0.8028867717556487
2010-01-22,101.1083348,313.958338,280.0208375,0.005041667,87352.91667,25.60000038,4.670833403,9.275000138,0.1635507,77.31331973611934,0.7804344119856571
2010-01-23,111.6791683,295.4666711,277.9500041,0.0040625,87827.08333,9.200000137,5.262500078,3.595833387,0.236146945,57.03550674376685,0.7310240646456494
2010-01-24,173.2250026,217.6583366,275.3958374,0.003495833,88660.41667,0.0,2.745833374,-1.600000024,0.235199644,16.65992310164253,0.7621394336325479
2010-01-25,172.6416692,220.84167,276.1833374,0.00295,88600.83333,0.0,0.016666667,-1.383333354,0.21258995,13.053043943106882,0.6072963794250434
2010-01-26,141.4166688,249.5083371,279.2708375,0.0027625,88462.5,0.0,-2.029166697,1.112500017,0.192510667,16.16191836868471,0.4562971610203773
2010-01-27,136.425002,277.5375041,280.9750042,0.003454167,88297.5,0.100000001,-1.879166695,2.995833378,0.178255795,16.413253577437107,0.5059378652036325
2010-01-28,98.09166813,296.7125044,279.7833375,0.0048875,88270.41667,5.600000083,1.520833356,1.908333362,0.169678461,19.090620860546537,0.7772493915451213
2010-01-29,165.6291691,283.2708376,279.4041708,0.0051125,88692.5,0.0,1.200000018,-1.008333348,0.167145518,20.038452588242865,0.8388038341797845
2010-01-30,172.7250026,267.6083373,279.7666708,0.004016667,88493.75,0.0,-2.733333374,0.68750001,0.166026553,18.06466530863384,0.6411221921080443
2010-01-31,177.8250026,253.4833371,280.3083375,0.003795833,88379.58333,0.0,-1.479166689,1.333333353,0.165686425,11.80763608501249,0.5827453367430185
2010-02-01,174.5375026,250.6875037,281.0166709,0.004479167,88333.75,0.0,1.450000022,0.65000001,0.165678812,7.479035555951236,0.6544584904096912
2010-02-02,164.4750025,270.625004,282.2625042,0.004383333,88293.75,0.0,-0.908333347,1.558333357,0.165788815,6.749176263129619,0.5877537368489815
2010-02-03,111.6416683,307.6125046,282.2125042,0.005379167,87793.75,21.80000032,1.512500023,1.491666689,0.165952863,38.64104896302511,0.7196497595647487
2010-02-04,169.8208359,305.4041712,282.2250042,0.005754167,88252.08333,0.300000004,3.129166713,1.012500015,0.166144246,37.69502276623082,0.7731780792481405
2010-02-05,176.5125026,255.9791705,281.0708375,0.004625,88629.58333,0.0,2.566666705,0.483333341,0.166338811,20.379954760876863,0.6755038488505961
2010-02-06,179.770836,260.8416706,281.4166709,0.003891667,88513.33333,0.0,1.716666692,1.233333352,0.166545457,17.136633977861795,0.5543071687883991
2010-02-07,143.2791688,259.2500039,280.9541709,0.004354167,88089.16667,0.70000001,3.662500055,2.03750003,0.166737476,11.958407653406322,0.6371721993906061
2010-02-08,191.3416695,226.8833367,277.0583375,0.003716667,88139.16667,0.0,2.845833376,-0.733333344,0.166943486,6.938684639277752,0.7149983973271856
2010-02-09,189.4791695,223.3833367,277.6125041,0.0029625,88383.33333,0.0,-0.091666668,0.86666668,0.167135505,6.081711055543224,0.5494309657710085
2010-02-10,129.4000019,252.4416704,278.8541708,0.0031,88219.16667,0.100000001,0.887500013,3.529166719,0.167341514,4.193732338513155,0.5257553484254451
2010-02-11,193.8958362,257.7666705,278.1916708,0.0042875,88527.91667,0.70000001,3.662500055,-1.500000022,0.177205066,4.6624453155546295,0.764510351260787
2010-02-12,196.5291696,233.4583368,278.3250041,0.003783333,88859.16667,0.0,1.787500027,-1.487500022,0.174405091,3.7546110803697417,0.670800556019792
2010-02-13,202.1291697,227.0458367,279.6000042,0.003383333,88763.75,0.0,-0.341666672,-1.975000029,0.171472876,3.4654881571318925,0.5480068125634627
2010-02-14,202.3041697,225.6458367,281.2125042,0.002570833,88646.25,0.0,-0.20416667,-2.245833367,0.169788064,3.2984717174289577,0.3719084075442716
2010-02-15,203.587503,234.5291702,282.5333375,0.002729167,88660.0,0.0,-1.850000028,-0.91666668,0.168995259,2.9931616796617093,0.360748094933369
2010-02-16,206.2916697,237.4833369,283.0250042,0.003091667,88657.08333,0.0,-2.47083337,-0.137500002,0.16892277,2.4808890412852755,0.395227904819532
2010-02-17,207.4625031,235.5208368,283.4375042,0.002725,88605.41667,0.0,-1.841666694,0.958333348,0.169110679,2.231665584593726,0.3385662477887594
2010-02-18,208.3958364,238.4625036,282.7166709,0.00275,88446.66667,0.0,2.095833365,1.304166686,0.169407942,1.8844848635708973,0.3581335645833504
2010-02-19,208.0083364,233.6333368,281.7583375,0.002745833,88292.91667,0.0,2.691666707,2.075000031,0.169748435,1.498657863475586,0.3810904102969837
2010-02-20,189.0458362,242.2333369,281.6583375,0.003304167,88128.33333,4.100000061,2.966666711,4.72500007,0.170101011,12.33060428746803,0.4608733465605284
2010-02-21,179.170836,263.9041706,279.9666708,0.0045375,88308.75,0.0,3.862500058,1.916666695,0.170453584,4.952158540103868,0.7127546649672761
2010-02-22,101.0208348,295.4416711,280.9208375,0.00505,88192.91667,0.600000009,5.266666745,1.904166695,0.170815991,3.659284578606158,0.7415707772265551
2010-02-23,215.5875032,239.3625036,277.6833375,0.003529167,88608.33333,1.000000015,1.445833355,-2.691666707,0.17333619,6.989501731520582,0.65290708580702
2010-02-24,198.5083363,220.0750033,278.3375041,0.00165,88938.33333,0.0,-1.366666687,-0.416666673,0.173283691,5.685316135013911,0.2925546787488503
2010-02-25,218.6833366,236.7291702,279.9750042,0.001883333,88530.0,0.0,3.791666723,-1.512500023,0.172708572,5.354900503617281,0.2964051251007195
2010-02-26,222.27917,226.35417,280.2541708,0.002654167,88850.83333,0.0,0.129166669,-1.991666696,0.17249833,3.814040937047424,0.4111880611888192
2010-02-27,200.437503,244.6250036,281.7583375,0.001866667,88381.25,0.0,-1.78333336,2.833333376,0.172691735,3.4441313547955845,0.2593313531513718
2010-02-28,97.97083479,282.3250042,279.4333375,0.003479167,87784.16667,7.40000011,4.141666728,4.25416673,0.175543931,31.828018363733925,0.5638286855124038
2010-03-01,226.1333367,272.1791707,280.0208375,0.005075,88630.41667,0.0,2.920833377,-1.32500002,0.175359664,18.962653611596863,0.7970832455785545
2010-03-02,236.7416702,246.4625037,281.6666709,0.0039125,88712.5,0.0,-2.162500032,0.67500001,0.174340115,14.899249744609293,0.5490287908326763
2010-03-03,241.0458369,248.2750037,283.0041709,0.003354167,88394.16667,0.0,0.45833334,0.400000006,0.174194062,11.96274436780476,0.4281176847103551
2010-03-04,245.470837,239.3708369,283.4375042,0.0029875,88281.25,0.0,1.966666696,2.208333366,0.174385569,8.188357992626617,0.3698224483048556
2010-03-05,246.3791703,239.8125036,282.8541709,0.003341667,88395.83333,0.0,1.687500025,1.045833349,0.17469987,5.851702781745399,0.4308931804820349
2010-03-06,185.5625028,267.2041706,285.0750042,0.002808333,88284.58333,0.0,-1.450000022,3.933333392,0.175053038,4.384184801724993,0.3114709025779395
2010-03-07,218.0166699,312.820838,283.5833376,0.0045,88191.66667,0.0,0.483333341,5.816666753,0.175406165,3.275627224364016,0.5510362778333369
2010-03-08,198.1083363,304.2958379,280.1666708,0.004675,88417.08333,5.200000077,4.029166727,2.2416667,0.175759233,22.504405820035267,0.7251114272360881
2010-03-09,240.4250036,271.300004,280.5291708,0.0044875,88333.33333,0.0,3.14583338,0.612500009,0.176097738,13.582625660384386,0.6781206279868625
2010-03-10,251.4125037,252.7708371,279.3833375,0.0032625,88118.75,0.500000007,5.741666752,-0.108333335,0.17646291,10.927480328376742,0.5325874683442399
2010-03-11,257.3541705,250.0000037,278.2583375,0.0028625,88190.41667,0.0,5.083333409,-1.904166695,0.185371711,6.84726177551877,0.5060857687395024
2010-03-12,261.0000039,215.8708366,277.2125041,0.002304167,88722.5,0.0,0.870833346,-1.475000022,0.186494031,5.460016312359293,0.4413322524785838
2010-03-13,257.1416705,227.5083367,281.9291709,0.0020375,88278.75,0.0,0.945833347,-0.666666677,0.181181595,5.864213042514186,0.2794495638761515
2010-03-14,261.2208372,242.2625036,282.8541709,0.002979167,88117.91667,0.0,4.558333401,-0.308333338,0.178945119,3.895766563354,0.382942639127973
2010-03-15,265.0250039,228.5250034,280.4208375,0.002404167,88789.58333,0.0,0.266666671,-2.737500041,0.178480942,2.974534073051257,0.3679266958942017
2010-03-16,267.3083373,240.8000036,282.8416709,0.003066667,89383.33333,0.0,-5.266666745,0.029166667,0.178505775,2.58725637672029,0.4001901372828911
2010-03-17,266.775004,233.9458368,284.7458376,0.002570833,89096.25,0.0,-4.970833407,1.316666686,0.178653868,2.6571606598041164,0.2941451894696837
2010-03-18,273.2333374,242.9625036,286.7416709,0.002125,88525.41667,0.0,-1.983333363,2.479166704,0.178842654,2.866549632303756,0.2116269706624889
2010-03-19,223.51667,254.9791705,284.9791709,0.0026375,88192.08333,0.0,4.158333395,1.075000016,0.179032073,1.978129638429469,0.2940913321517793
2010-03-20,278.9791708,239.1083369,284.1041709,0.003216667,88779.16667,0.0,2.43333337,-3.150000047,0.179234207,1.853837186513227,0.382846268217436
2010-03-21,283.5958376,212.5625032,281.3750042,0.001391667,89110.41667,0.0,-0.966666681,-1.612500024,0.179436345,1.635633962985693,0.2001304219396497
2010-03-22,243.8375036,232.8041701,284.8916709,0.000925,88575.0,0.0,-0.487500007,0.44583334,0.17963848,1.6874628547985029,0.1041956692756477
2010-03-23,207.3541698,281.2000042,284.5958376,0.002120833,88267.91667,0.70000001,3.470833385,1.283333352,0.179840617,2.406854920831127,0.2428262325684746
2010-03-24,269.8958374,269.2666707,282.5833375,0.004495833,88548.75,3.600000054,3.050000045,-1.400000021,0.180028129,13.2776736503109,0.5915086488273928
2010-03-25,286.1250043,229.1333367,283.5291709,0.002095833,88721.66667,0.0,-0.025,-0.258333337,0.18024425,10.99790466646949,0.2591280408613334
2010-03-26,289.9958377,222.82917,285.2208376,0.001375,88389.58333,0.0,5.083333409,1.087500016,0.180432401,7.2888617118409424,0.1512054101341659
2010-03-27,287.2291709,232.7250035,283.1958376,0.002329167,88669.58333,0.0,4.237500063,-2.71250004,0.180633899,4.487619195663272,0.2943679518289858
2010-03-28,290.6625043,229.2541701,282.7875042,0.002041667,89087.5,0.0,-3.037500045,-1.708333359,0.180836037,3.755037635325807,0.2665277396731736
2010-03-29,296.2791711,225.51667,285.2916709,0.001604167,88683.33333,0.0,-3.400000051,0.741666678,0.181038172,3.689319651298848,0.1761598720071274
2010-03-30,293.4375044,234.1916702,287.7833376,0.001304167,88285.0,0.0,2.275000034,1.816666694,0.181240309,3.629147050448141,0.1209833401189504
2010-03-31,289.0583376,249.420837,290.5250043,0.001766667,88170.41667,0.0,2.616666706,5.175000077,0.181442444,3.589473574194264,0.1371320364857357
2010-04-01,239.7375036,273.1833374,288.304171,0.0037875,87959.58333,0.0,4.733333404,5.325000079,0.181629955,2.439180546655091,0.3383873457384739
2010-04-02,287.929171,265.800004,282.6666709,0.003283333,88468.75,0.0,3.37500005,-1.31250002,0.181831457,1.8705084172752469,0.429152645679119
2010-04-03,300.0791711,236.7541702,283.5958376,0.001695833,88390.0,0.0,1.14583335,0.466666674,0.182033592,2.2157132700651383,0.2079505152794998
2010-04-04,300.7875045,248.9250037,286.8208376,0.002145833,88292.08333,0.0,2.2666667,2.67500004,0.182235729,2.149583630880339,0.2120315864280189
2010-04-05,301.0416712,255.9916705,288.9625043,0.002366667,88405.0,0.0,2.912500043,3.683333388,0.182437864,2.272128829199733,0.20364060150912
2010-04-06,304.9625045,254.7333371,288.1458376,0.003295833,88471.25,0.0,4.245833397,-0.625000009,0.182639998,1.997583930258569,0.2992376627182092
2010-04-07,312.983338,224.91667,284.2750042,0.001979167,88572.91667,0.0,0.925000014,-2.883333376,0.182827513,1.580549863098948,0.2323315762057746
2010-04-08,311.6666713,229.2375034,286.0500043,0.001345833,88564.16667,0.0,-2.725000041,1.125000017,0.183043635,1.7154886444341615,0.1403493602716596
2010-04-09,312.358338,243.3041703,288.7125043,0.001670833,88285.83333,0.0,2.141666699,1.670833358,0.183231785,1.8608528839439684,0.1459146680298123
2010-04-10,307.9250046,254.3375038,289.691671,0.001904167,88562.5,0.0,1.812500027,3.083333379,0.183445912,1.936443469882985,0.1566017483554179
2010-04-11,306.3750046,280.5291708,290.3208377,0.003395833,88742.08333,0.0,1.36250002,2.900000043,0.183638558,1.9590895657050729,0.2687833452403122
2010-04-12,310.2541713,277.9875041,291.2333377,0.003929167,88402.08333,0.0,1.212500018,3.741666722,0.183838467,1.9794284955891204,0.2923079059234266
2010-04-13,314.5125047,257.3208372,288.2375043,0.00335,88234.16667,0.0,2.645833373,2.725000041,0.184038448,1.7117274022364657,0.3015376655498724
2010-04-14,316.9875047,257.8500038,288.5583376,0.0031125,88284.16667,0.0,0.441666673,2.683333373,0.184230347,1.684593823336849,0.2745401128444215
2010-04-15,314.895838,262.6458372,289.4333376,0.002483333,88552.08333,0.0,0.237500004,0.0,0.184441202,1.7180082707400852,0.2076311259521011
2010-04-16,270.9708374,290.216671,291.454171,0.0024375,88608.75,0.0,0.537500008,1.370833354,0.184490562,1.5579878273224377,0.1792320172537862
2010-04-17,311.6375046,314.495838,292.1250044,0.0038375,88346.66667,0.0,0.262500004,-0.120833335,0.184532215,2.0560573808550213,0.2696611198033967
2010-04-18,284.8375042,279.4625042,291.3958377,0.00265,88422.5,0.0,0.42083334,0.562500008,0.184579369,1.4276505716083254,0.1951681212139581
2010-04-19,199.562503,322.2291715,289.5958376,0.003229167,88534.58333,0.0,2.2666667,0.862500013,0.184627705,1.2952690219526706,0.2671288005243484
2010-04-20,309.870838,293.166671,289.1625043,0.004283333,88552.5,0.0,1.59166669,1.687500025,0.184666485,1.6979432992605783,0.3644378609676491
2010-04-21,270.700004,311.083338,290.5333377,0.006229167,88003.33333,0.0,2.462500037,4.908333406,0.184710105,1.639996200657516,0.4823467943876731
2010-04-22,204.0458364,322.5166715,283.6333376,0.003866667,87696.25,1.000000015,4.391666732,3.370833384,0.184770079,1.7518353267888176,0.469237565485437
2010-04-23,241.2666703,301.3250045,280.8250042,0.0038875,87998.33333,5.800000086,4.379166732,0.733333344,0.218728057,26.110222895647283,0.5733818830383716
2010-04-24,319.4458381,268.300004,282.8333375,0.0039,88615.41667,0.0,4.25416673,-1.77083336,0.221753922,15.70594565849237,0.504850550368514
2010-04-25,329.2625049,255.0750038,286.8916709,0.003175,88543.33333,0.0,2.237500033,-2.370833369,0.190099772,13.896566385371896,0.3131558240686424
2010-04-26,328.5791716,259.9625039,288.904171,0.002591667,88372.08333,0.0,2.325000035,-1.608333357,0.185591422,10.797752879255954,0.2237600140824553
2010-04-27,328.3708382,270.4708374,290.4333377,0.002566667,88235.41667,0.0,2.787500042,-0.850000013,0.185027939,8.542097016800126,0.2005470026554502
2010-04-28,325.5458382,277.2708375,292.1583377,0.00295,88328.33333,0.0,3.995833393,0.66250001,0.185012625,6.833096938668213,0.2068184820334033
2010-04-29,326.4208382,281.8750042,291.591671,0.003891667,87762.5,0.0,5.633333417,4.650000069,0.185059073,5.453481056257232,0.2809678883464795
2010-04-30,314.9791714,259.9250039,284.3083376,0.002583333,87779.16667,0.0,6.108333424,-0.895833347,0.185108038,3.3558532754955683,0.2998646854308173
2010-05-01,320.9875048,254.2333371,282.8583375,0.0017375,88014.58333,0.0,4.108333395,-2.120833365,0.185152247,3.108244715059637,0.2230135570106965
2010-05-02,335.100005,256.1375038,285.8125043,0.002620833,88069.58333,0.0,5.78333342,1.33750002,0.185189788,3.4714513419206536,0.2760937761308623
2010-05-03,339.7291717,265.725004,285.9875043,0.002733333,88820.0,0.0,2.500000037,-2.379166702,0.185234702,3.552891463403161,0.287052060531715
2010-05-04,344.8166718,257.2875038,289.2583376,0.002166667,88879.58333,0.0,1.045833349,-1.366666687,0.185281438,4.009676877654764,0.1838866668024613
2010-05-05,344.8166718,258.9250039,292.5375044,0.001745833,88437.91667,0.0,2.91666671,0.587500009,0.185325982,4.153274565884778,0.1196591081315434
2010-05-06,343.6250051,276.2291708,294.4166711,0.0022375,88411.25,0.0,4.212500063,2.633333373,0.185370641,4.560303014397141,0.1363539782890372
2010-05-07,344.3708385,272.6083374,293.1833377,0.002395833,88519.58333,0.0,3.020833378,1.550000023,0.185415288,4.257441047555691,0.1578411800214599
2010-05-08,326.2666715,285.8333376,294.6750044,0.0022375,88552.08333,0.0,2.187500033,2.487500037,0.185459946,4.2221700602441405,0.1344060475517692
2010-05-09,338.0708384,277.1916708,293.7500044,0.002141667,88465.83333,0.0,3.041666712,3.32500005,0.185504599,4.458284644109464,0.1361130176135314
2010-05-10,348.4458385,275.6750041,294.6833377,0.0028875,88567.08333,0.0,4.841666739,2.495833371,0.185534631,4.72881169600173,0.1733914475010274
2010-05-11,348.9416719,256.8416705,291.2833377,0.001895833,88386.25,0.0,4.354166732,2.004166697,0.185578654,4.397748318271525,0.1405672352060019
2010-05-12,350.6333386,256.9708372,288.8250043,0.002766667,88232.08333,0.0,4.191666729,-0.620833343,0.185637904,4.053255646929582,0.2397151921970384
2010-05-13,349.1666719,253.4833371,288.441671,0.002133333,88421.66667,0.0,0.345833338,-0.220833337,0.185683182,3.821792788060931,0.1898969023068799
2010-05-14,349.7166719,258.5833372,290.2083377,0.001904167,88392.5,0.0,1.858333361,2.837500042,0.185713193,4.343065854328171,0.151207154614394
2010-05-15,348.9583385,273.9166707,291.9083377,0.0022375,88539.58333,0.0,1.683333358,1.141666684,0.185757216,4.469736451140012,0.1597413162282548
2010-05-16,347.6333385,277.3166708,292.704171,0.002458333,88617.91667,0.0,0.704166677,2.220833366,0.185794698,4.643978167341045,0.167078854921669
2010-05-17,344.3666718,275.2000041,293.691671,0.002320833,88455.0,0.0,0.920833347,4.4458334,0.185846483,5.118749803786987,0.1480183891320624
2010-05-18,346.1541718,279.9708375,292.904171,0.002754167,88455.83333,0.0,2.950000044,3.495833385,0.185884341,5.26465490072049,0.1845140449373736
2010-05-19,349.0000052,285.3333376,292.029171,0.003533333,88408.75,0.0,3.59166672,-0.67500001,0.185921615,5.209919455209149,0.2499679439035258
2010-05-20,351.5958386,280.0208375,292.529171,0.002766667,88392.08333,0.0,2.362500035,-1.12083335,0.185973531,5.166949261300371,0.1896279033805677
2010-05-21,352.1625052,284.5333376,294.6166711,0.002620833,88252.5,0.0,2.116666698,2.058333364,0.186026104,5.434703736799211,0.157466902529705
2010-05-22,354.0833386,284.5833376,295.4750044,0.00285,88090.0,0.0,2.920833377,3.945833392,0.186063967,5.941067717268124,0.1621153358128193
2010-05-23,351.5583386,289.316671,295.4208377,0.003725,87962.08333,0.0,2.425000036,5.462500081,0.186101205,6.286097146087245,0.2122850854026429
2010-05-24,358.266672,268.4208373,290.5125043,0.003554167,88300.0,0.0,2.370833369,1.525000023,0.186138432,5.305508660023227,0.2765072025187766
2010-05-25,355.691672,259.9041705,289.3500043,0.0019125,88460.83333,0.0,1.287500019,0.625000009,0.186190237,5.01896494268081,0.1605988411340453
2010-05-26,355.5083386,273.6125041,292.7458377,0.002008333,88385.0,0.0,1.033333349,0.679166677,0.186228094,5.28429877444916,0.135780726980955
2010-05-27,352.0916719,288.566671,295.2125044,0.002275,88342.5,0.0,1.812500027,-0.175000003,0.186279914,5.5799884926189325,0.1318901587278052
2010-05-28,342.9416718,314.0875047,296.7750044,0.0027375,88298.75,0.0,2.604166705,-1.170833351,0.186317793,5.982886970096421,0.1441652488514932
2010-05-29,349.7125052,309.1833379,296.9458378,0.003270833,88291.66667,0.0,3.229166715,-0.950000014,0.186355095,6.108928742519855,0.1704597729539633
2010-05-30,351.6666719,297.8708378,295.6416711,0.002825,88360.83333,0.0,2.983333378,-1.537500023,0.186406976,6.050140057228719,0.1595468818447042
2010-05-31,351.7208386,300.3708378,295.9833377,0.002754167,88446.25,0.0,2.054166697,-0.91666668,0.186444847,5.827171131708737,0.1524721038477306
2010-06-01,338.525005,313.8375047,296.9541711,0.0037125,88581.66667,0.0,2.854166709,1.220833352,0.186482048,5.9419157992513485,0.1940145834316205
2010-06-02,341.4083384,302.0291712,295.8583377,0.003804167,88545.41667,0.0,2.679166707,2.091666698,0.186519294,5.928032872185785,0.2124559762642013
2010-06-03,341.3583384,299.4416711,295.7291711,0.003095833,88475.83333,0.0,3.070833379,0.045833334,0.186571134,5.8027436916086925,0.1741334479516243
2010-06-04,340.1500051,309.6958379,297.1750044,0.003316667,88430.0,0.0,3.254166715,-1.237500018,0.186608532,5.869412949821966,0.1707289595583556
2010-06-05,340.4875051,316.4791714,299.0000045,0.0032,88650.83333,0.0,3.641666721,-1.400000021,0.186644174,5.496568042882096,0.1479552281351774
2010-06-06,337.612505,336.6541717,300.3958378,0.004354167,88688.75,0.0,3.670833388,-1.366666687,0.186694388,5.440623986634248,0.1853653080738793
2010-06-07,339.6958384,332.537505,301.5625045,0.0040875,88698.33333,0.0,3.625000054,-1.475000022,0.186745242,4.406376495310971,0.1624780900202297
2010-06-08,342.7541718,308.2458379,299.5750045,0.0032375,88556.66667,0.0,3.870833391,-0.329166672,0.186781469,5.115815971680197,0.1444889652982547
2010-06-09,340.7291717,322.9291715,300.4416711,0.004395833,88627.08333,0.0,3.562500053,0.162500002,0.186817061,5.209190442773631,0.1865028505475299
2010-06-10,341.2625051,325.1208382,300.2375045,0.005033333,88401.66667,0.0,3.570833387,3.095833379,0.186867279,5.630238934318603,0.2155957268173294
2010-06-11,341.0000051,325.3916715,299.3166711,0.006058333,88112.5,0.0,2.504166704,5.650000084,0.186903506,6.046838865830462,0.2731981010509218
2010-06-12,343.5708385,314.1791713,297.0500044,0.005966667,88130.0,0.0,2.083333364,6.570833431,0.186953721,5.999615420942922,0.3084277679918861
2010-06-13,347.4291718,292.516671,293.7750044,0.003979167,88617.08333,0.0,2.237500033,1.370833354,0.187004574,4.968753788301843,0.2529333047492333
2010-06-14,345.8416718,298.3166711,295.1250044,0.003579167,88632.5,0.0,2.325000035,-0.795833345,0.187040802,4.772932285682372,0.2093031002134991
2010-06-15,348.1583385,299.6625045,297.3250044,0.003079167,88490.41667,0.0,1.80833336,0.933333347,0.187076393,4.326989009593928,0.1571768992961727
2010-06-16,347.7083385,306.4916712,299.0083378,0.0034375,88403.33333,0.0,2.504166704,3.187500047,0.187167306,4.085015500561334,0.1584136291286582
2010-06-17,347.5333385,306.2333379,298.9125045,0.003441667,88440.0,0.0,1.929166695,2.691666707,0.187246002,3.825995693616397,0.1595832450706801
2010-06-18,343.5708385,310.895838,299.3000045,0.003083333,88502.91667,0.0,2.212500033,2.087500031,0.187324065,3.4258416117186137,0.1397966170048022
2010-06-19,341.1541718,314.258338,299.1750045,0.003125,88608.75,0.0,2.754166708,2.179166699,0.187402125,3.712697487111591,0.1429171375626539
2010-06-20,339.8291717,328.1541716,300.3125045,0.003575,88648.75,0.0,2.745833374,0.829166679,0.187494808,3.7283068218068816,0.15287785202959
2010-06-21,335.100005,339.3250051,300.1875045,0.003745833,88568.75,0.0,3.241666715,0.90416668,0.187573503,4.118470060979157,0.1612274496589583
2010-06-22,338.6833384,333.762505,300.0541711,0.003620833,88633.75,0.0,2.795833375,0.970833348,0.187651563,4.324655310723768,0.1571988886086834
2010-06-23,338.5916717,329.8500049,300.0666711,0.002779167,88679.16667,0.0,2.2416667,-1.300000019,0.187744246,4.177672853347251,0.1206302482127785
2010-06-24,220.0375033,357.2208387,301.9750045,0.002175,88628.75,0.0,1.608333357,-1.179166684,0.187822945,1.1651385586301697,0.0843276850209964
2010-06-25,328.9791716,361.2083387,302.7333378,0.00455,88613.75,0.0,1.241666685,-1.025000015,0.187901005,3.663737706376936,0.1687554486930109
2010-06-26,339.0875051,339.4458384,301.3041712,0.004375,88481.66667,0.0,3.025000045,0.375000006,0.187993688,4.738807108014228,0.1761311421379588
2010-06-27,343.2208384,321.5416715,300.1541711,0.003816667,88294.58333,0.0,1.691666692,0.854166679,0.188072383,5.040415814580736,0.1640914726237543
2010-06-28,304.9958379,332.5208383,300.2583378,0.002745833,88253.75,0.0,1.59166669,-0.054166667,0.188150443,4.186077180309209,0.1172723481953667
2010-06-29,327.6125049,351.1875052,300.4083378,0.004808333,88449.16667,0.0,-2.175000032,-0.250000004,0.188228503,5.477511091013644,0.2039962013781655
2010-06-30,331.5791716,363.8833388,301.1208378,0.0071,88509.58333,0.0,-4.095833394,0.670833343,0.188321188,6.045920683423868,0.2890235466034035
2010-07-01,299.9166711,385.3750057,302.9250045,0.008866666,88534.58333,0.0,-4.166666729,1.154166684,0.188399885,5.4680438367117175,0.3249267398639547
2010-07-02,286.9000043,395.3041726,302.9625045,0.008025,88267.5,0.800000012,-2.112500031,1.129166683,0.188477944,7.398352068885027,0.2925588400358561
2010-07-03,308.0166713,375.4625056,303.1500045,0.0061625,88088.75,0.100000001,3.175000047,0.758333345,0.188570627,5.805797588454469,0.2217812073363473
2010-07-04,313.5916713,339.6291717,300.3583378,0.007004166,88429.16667,0.0,3.583333387,1.883333361,0.1886347,6.567840493363125,0.2979683373289535
2010-07-05,313.4291713,335.412505,299.9041711,0.005641667,88537.5,0.0,2.962500044,-0.633333343,0.188726746,6.29338150444824,0.2468547485650018
2010-07-06,313.495838,327.1125049,299.9541711,0.004229167,88397.5,0.0,2.812500042,-0.908333347,0.188805442,5.7619776876068585,0.1842098292014038
2010-07-07,264.7708373,355.5583386,300.6625045,0.004916667,88275.41667,0.0,0.629166676,-0.89166668,0.188898128,5.267798757952146,0.2050798969254876
2010-07-08,302.0291712,385.0750057,302.6708378,0.0063,88355.41667,0.0,-1.929166695,-0.029166667,0.188976824,5.919999503220531,0.2338280195486206
2010-07-09,281.0666709,382.4791724,302.6583378,0.007791666,88435.0,0.0,-3.733333389,0.729166678,0.189054884,5.767074893351979,0.2896629342508523
2010-07-10,267.1666706,385.8125057,301.9958378,0.009020833,88505.41667,0.400000006,-3.175000047,0.641666676,0.189147566,7.0495177461006415,0.3488382458929238
2010-07-11,152.3750023,398.0583393,300.6125045,0.009241666,88454.16667,2.400000036,2.370833369,-0.625000009,0.189226262,11.805973406697738,0.3874029857679611
2010-07-12,279.6791708,395.5500059,300.3833378,0.0103875,88535.83333,8.000000119,3.666666721,-0.883333346,0.189304322,105.2896137848983,0.441779980370367
2010-07-13,298.0916711,385.4125057,302.3166712,0.009729166,88504.16667,0.0,3.537500053,-1.941666696,0.189397008,41.579864714396486,0.3692457797386101
2010-07-14,214.5083365,390.7958392,302.5291712,0.008983333,88473.75,0.0,2.833333376,-1.666666692,0.189475704,17.338350337867304,0.336630329897061
2010-07-15,290.416671,395.2125059,303.9958379,0.009470833,88643.75,0.600000009,2.262500034,-1.137500017,0.189553763,20.30435197610799,0.3266432569452388
2010-07-16,296.5708378,388.4791725,303.8750045,0.0085875,88642.08333,0.0,2.900000043,-1.237500018,0.18938008,13.18466697895217,0.2982399811733585
2010-07-17,270.525004,399.6208393,302.2333378,0.009316666,88629.16667,4.70000007,2.520833371,-1.891666695,0.189195451,55.22154687556004,0.3558144328429947
2010-07-18,291.9583377,394.0416725,301.7000045,0.009654166,88591.66667,6.500000097,3.008333378,-1.633333358,0.189010821,107.84102163606995,0.3802160846257918
2010-07-19,295.0791711,398.5416726,303.6833379,0.010879166,88477.5,0.70000001,3.854166724,-1.779166693,0.188826192,50.94560290728797,0.381317166761314
2010-07-20,295.3333377,395.5916726,302.5208378,0.009575,88376.25,0.500000007,2.650000039,-1.504166689,0.188641563,27.21523606156922,0.3585801798466332
2010-07-21,241.1083369,390.8125058,301.6750045,0.009625,88462.08333,0.400000006,2.366666702,-0.441666673,0.188456934,16.641254670617364,0.3790675551918783
2010-07-22,263.3416706,386.8291724,300.2916711,0.010279166,88568.75,0.100000001,2.008333363,0.108333335,0.188257682,13.810706987344735,0.4397134861364495
2010-07-23,223.4250033,387.8875058,300.0458378,0.010970833,88507.5,0.600000009,2.166666699,-0.462500007,0.188087044,12.250801659666829,0.475856638119455
2010-07-24,288.0250043,378.6250056,299.8041711,0.0102875,88571.25,0.0,1.391666687,-0.775000012,0.18790305,13.257566522910746,0.4529898569694841
2010-07-25,248.4666704,375.6166723,300.3750045,0.008666666,88532.5,13.7000002,1.545833356,-1.187500018,0.187722433,110.40665094600097,0.3687608172006675
2010-07-26,195.3916696,392.5375058,299.4333378,0.008729166,88452.91667,5.900000088,1.300000019,-0.437500007,0.187541465,82.92061502962267,0.392420779609503
2010-07-27,215.4166699,400.6166726,298.9583378,0.011925,88439.58333,19.10000028,1.379166687,-0.333333338,0.187345859,106.51658866869772,0.5514223946705369
2010-07-28,264.4333373,387.7208391,298.8083378,0.0123,88598.75,2.00000003,1.400000021,0.416666673,0.187149599,78.19857876886938,0.5749226162757363
2010-07-29,264.6750039,396.6541726,300.1708378,0.012404166,88702.91667,0.70000001,1.645833358,0.825000012,0.186967975,60.3334191533236,0.5352347621906803
2010-07-30,272.5250041,396.3125059,299.0958378,0.012583333,88817.5,34.10000051,2.137500032,0.287500004,0.186786986,140.62866585461387,0.5795686659589074
2010-07-31,159.8708357,403.7708393,298.2625044,0.012825,88702.5,10.40000015,2.733333374,1.450000022,0.186605992,103.58228661786104,0.6201400604038744
2010-08-01,106.4458349,399.4916726,296.2250044,0.013708333,88801.25,0.0,0.504166674,0.70000001,0.186425028,27.054491869575557,0.750775051483391
2010-08-02,280.2000042,370.5958389,297.7333378,0.009854166,88832.5,0.0,0.195833336,-0.466666674,0.186229385,52.7315784662163,0.4926413395476449
2010-08-03,304.7708379,355.379172,299.3083378,0.0087625,88770.83333,0.0,1.712500026,-0.708333344,0.186047766,42.51358767574775,0.3982916030645164
2010-08-04,305.7291712,351.6666719,300.4875045,0.007354166,88728.75,0.100000001,1.933333362,-0.945833347,0.185866786,29.26447171641504,0.3115293876696764
2010-08-05,279.3500042,363.6333388,301.2041712,0.008033333,88520.0,7.600000113,2.050000031,-0.670833343,0.185685797,84.73584223389977,0.3254571193172618
2010-08-06,271.162504,362.3666721,300.3625045,0.007041666,88411.25,8.600000128,1.745833359,-0.25416667,0.185504809,108.80563364644128,0.2994291367522542
2010-08-07,269.3541707,376.8791723,298.3250044,0.0094,88420.0,4.70000007,2.800000042,0.658333343,0.185309176,117.56821324084564,0.4513814167921229
2010-08-08,233.7416701,394.1250059,299.1250045,0.012170833,88630.0,7.200000107,2.604166705,1.991666696,0.185127566,119.33910406858752,0.5584125983072493
2010-08-09,292.579171,375.2333389,299.2750045,0.011408333,88579.58333,0.0,2.320833368,0.100000001,0.184946543,73.25142978172823,0.51846808596418
2010-08-10,279.7458375,366.3333388,299.7750045,0.009666666,88602.5,0.100000001,2.108333365,0.270833337,0.184750965,43.12044125479871,0.4265413535207205
2010-08-11,290.4583377,371.2041722,300.2916711,0.00955,88639.16667,1.100000016,2.670833373,-1.187500018,0.184569345,41.51060935986318,0.4088466341847461
2010-08-12,293.679171,384.4166724,302.1041712,0.0112,88487.08333,0.0,2.666666706,-1.437500021,0.184373716,29.220043070638308,0.4302864157159803
2010-08-13,294.7500044,376.0958389,302.4125045,0.009216666,88308.75,0.400000006,2.71250004,-1.725000026,0.184192075,26.018791944648623,0.3470793346787818
2010-08-14,294.7291711,370.0250055,302.3333378,0.008070833,88353.75,0.0,2.187500033,-2.095833365,0.184011071,20.673086944276363,0.3054904844393852
2010-08-15,290.9500043,384.1458391,301.2708378,0.009458333,88505.83333,1.000000015,1.262500019,-1.420833355,0.183830091,23.72488139739167,0.3816292753353384
2010-08-16,270.6166707,398.8041726,299.7000045,0.011020833,88608.33333,15.70000023,1.141666684,0.758333345,0.183789841,133.80452186132135,0.4884987610944801
2010-08-17,268.0083373,396.4500059,300.7458378,0.0126,88682.5,1.300000019,1.158333351,-1.420833355,0.183755724,78.65495651487318,0.5253946022107778
2010-08-18,286.3916709,382.533339,300.2333378,0.011575,88730.41667,0.0,1.504166689,-1.641666691,0.183721567,51.72741056694429,0.4977653980402191
2010-08-19,287.491671,368.3333388,300.5958378,0.009933333,88534.16667,0.0,1.962500029,-2.400000036,0.183672794,32.993695591738216,0.4171840543557153
2010-08-20,286.5583376,374.7750056,301.4458378,0.010454166,88309.58333,0.0,2.70000004,-1.962500029,0.183638015,24.11829296274545,0.4165721982263531
2010-08-21,269.5083373,380.8750057,301.2875045,0.01045,88405.83333,0.0,1.57916669,-2.062500031,0.183618432,18.48648500386315,0.4207529591474651
2010-08-22,264.1500039,393.3416725,300.7458378,0.012195833,88448.33333,2.70000004,0.350000005,-0.462500007,0.183570266,32.65399525365563,0.507198845722426
2010-08-23,276.7791708,390.3833392,300.9875045,0.01205,88558.33333,2.300000034,1.070833349,-2.145833365,0.183535489,43.047353664477,0.4946620840560518
2010-08-24,213.5166698,385.5791724,301.0208378,0.010145833,88622.91667,0.0,-0.383333339,-1.779166693,0.183501402,22.55439284744289,0.4159811753686986
2010-08-25,275.3083374,382.858339,299.0375045,0.010366666,88801.66667,15.90000024,-5.200000077,0.925000014,0.183467304,202.6715499830148,0.4790539278679813
2010-08-26,235.2291702,366.5291721,297.6208378,0.0098375,88866.25,0.70000001,-3.945833392,0.962500014,0.183433188,53.62957991631637,0.4953484930069035
2010-08-27,250.5333371,368.5625055,298.3583378,0.0099625,88595.83333,8.200000122,-0.995833348,0.695833344,0.183399092,78.8594055453214,0.4783846817538174
2010-08-28,265.900004,369.4416722,297.1833378,0.0107625,88329.16667,15.20000023,1.887500028,1.741666693,0.183364951,135.10182019924824,0.5530999603395791
2010-08-29,268.9041707,356.7208386,296.6916711,0.010716666,88284.16667,1.300000019,2.158333365,2.71250004,0.183330776,82.77639923251097,0.5671469967533992
2010-08-30,273.0125041,359.1583387,296.4250044,0.010470833,88377.08333,9.100000136,1.641666691,3.216666715,0.183296643,127.6913403215618,0.5638030521204521
2010-08-31,272.9000041,368.7958388,297.3375044,0.0112,88695.83333,0.0,1.729166692,1.433333355,0.183262501,68.6629620479982,0.5726006116527276
2010-09-01,277.6625041,371.2916722,299.4208378,0.01185,88624.58333,0.0,1.662500025,-1.445833355,0.183213712,47.568383271616696,0.5341498089414881
2010-09-02,281.0666709,346.5958385,299.4166711,0.008441666,88500.0,0.0,1.416666688,-2.2291667,0.183179567,34.056284792959914,0.3800754127000544
2010-09-03,275.9458374,343.2083384,300.5375045,0.0060875,88680.41667,0.0,-0.350000005,-1.475000022,0.183144803,24.854136622119587,0.2569714241816649
2010-09-04,273.5625041,353.7916719,300.3208378,0.0079375,88857.91667,0.70000001,-3.908333392,0.983333348,0.183110639,28.471032982427324,0.3400647429902981
2010-09-05,274.1500041,350.2750052,300.7500045,0.0074125,88534.58333,0.0,-1.304166686,0.412500006,0.183076509,20.666083348777303,0.3084949458662197
2010-09-06,217.3375032,363.4791721,299.3833378,0.0089125,88312.08333,0.300000004,2.704166707,-0.487500007,0.183042389,17.63522162459195,0.4012182537558875
2010-09-07,254.8041705,372.4041722,298.3666711,0.010675,88416.66667,0.0,2.158333365,0.21666667,0.183008244,17.828991681438104,0.5113052722030709
2010-09-08,267.6833373,361.3500054,297.8208378,0.010291666,88402.08333,0.0,2.212500033,2.079166698,0.182974099,16.85516174727385,0.5093243910332008
2010-09-09,269.0666707,355.966672,298.1166711,0.011016666,88352.08333,0.0,2.495833371,3.370833384,0.182939978,15.901473405974617,0.5352698723785999
2010-09-10,271.512504,332.4083383,296.1083377,0.008758333,88601.66667,0.0,2.920833377,1.78333336,0.182891208,13.626117148793544,0.4820195546087215
2010-09-11,276.0333374,305.5791712,295.8125044,0.005479167,88725.0,0.0,1.091666683,-1.13333335,0.182871075,10.906612607779008,0.3074842859341095
2010-09-12,265.0125039,318.4958381,297.3250044,0.004241667,88731.66667,0.0,0.308333338,-1.070833349,0.182822935,9.885635408765545,0.2171073081674966
2010-09-13,258.9166705,354.1083386,297.3166711,0.0062,88705.83333,0.0,1.59166669,-1.354166687,0.18278818,11.499097095903052,0.3174111881229706
2010-09-14,260.7500039,357.466672,299.0041711,0.007258333,88733.33333,0.0,2.225000033,-1.558333357,0.182754069,11.194724820132814,0.3358250132191018
2010-09-15,262.2708372,335.8833383,298.3875044,0.005229167,88728.75,0.0,2.258333367,-2.220833366,0.182719928,10.479700999169347,0.2510335251739994
2010-09-16,260.0916705,345.7041718,298.8416711,0.007416666,88656.25,0.0,2.058333364,-2.083333364,0.182578545,9.83172110088817,0.3462009858978824
2010-09-17,262.9416706,324.6750048,299.0125045,0.005283333,88574.16667,0.0,1.37500002,-2.175000032,0.182447157,8.542152674410593,0.2438866899202093
2010-09-18,263.0833373,316.7958381,299.7000045,0.004029167,88598.33333,0.0,0.525000008,-2.562500038,0.182301803,7.678246797354665,0.1785727956591388
2010-09-19,255.0583371,351.5208386,300.7500045,0.0069125,88527.5,0.0,-3.283333382,0.616666676,0.182155822,8.584075163608258,0.2876628265803107
2010-09-20,224.07917,372.7583389,300.9041712,0.0093,88202.08333,0.300000004,-1.870833361,1.658333358,0.182009802,7.842488935266383,0.3821073642643867
2010-09-21,219.0500033,372.9291722,300.1291711,0.009125,88169.16667,1.600000024,1.98750003,-0.737500011,0.181863782,11.539459584474317,0.3923382491635934
2010-09-22,129.4500019,381.2541723,296.6958378,0.012541666,88160.41667,17.40000026,0.691666677,1.779166693,0.181717782,61.22328328534528,0.6626312121385379
2010-09-23,241.6041703,367.6000055,295.7000044,0.01235,88393.33333,5.300000079,0.045833334,1.441666688,0.181586379,99.13035637319796,0.6952531921259187
2010-09-24,244.6125036,346.2083385,296.7750044,0.008945833,88657.08333,0.0,0.112500002,-1.900000028,0.181426403,63.768477930534885,0.4730272158046853
2010-09-25,241.6916703,355.166672,297.8791711,0.008470833,88662.08333,0.0,-1.266666686,-2.00000003,0.181294328,47.32219803055495,0.4189697461942326
2010-09-26,243.2875036,345.4416718,298.3416711,0.008104166,88619.16667,0.0,-4.441666733,0.554166675,0.181148937,31.87456699894913,0.3896426015382109
2010-09-27,212.9250032,340.4791717,297.2208378,0.007458333,88594.58333,0.0,-4.350000065,0.812500012,0.181003415,17.460053715498496,0.3835732298730656
2010-09-28,246.1750037,319.5041714,296.5041711,0.0054,88649.16667,0.0,-2.779166708,0.545833341,0.180864093,13.648629156534568,0.2902548249640464
2010-09-29,245.5791703,306.7125046,298.6291711,0.0039625,88495.0,0.0,-1.279166686,-0.67500001,0.180714741,9.804357929937206,0.1869931684510418
2010-09-30,241.9583369,310.2291713,298.0208378,0.003816667,88279.58333,0.0,-1.075000016,-0.033333334,0.180565838,8.127991181816627,0.1863613808841326
2010-10-01,242.5708369,323.6541715,298.2083378,0.004441667,88609.16667,0.0,-1.195833351,0.704166677,0.180429623,7.904829053072656,0.2152462402194157
2010-10-02,241.2000036,329.6625049,298.4541711,0.0054375,88797.5,0.0,1.270833352,-1.887500028,0.180284968,7.635743770100273,0.2601935691216535
2010-10-03,236.7875035,331.2833383,297.0333378,0.00615,88790.41667,1.100000016,1.279166686,-1.283333352,0.180144906,10.082775181092,0.3206109181899224
2010-10-04,198.1041696,329.6625049,294.9333377,0.004795833,88821.25,2.70000004,1.800000027,-0.183333336,0.180005975,18.330301587858727,0.2843881986152679
2010-10-05,219.8750033,329.7458382,293.8250044,0.006916666,88832.91667,1.400000021,-0.045833334,3.891666725,0.179852295,22.189917252919763,0.43935546461436
2010-10-06,232.2791701,335.187505,294.6000044,0.008925,88842.08333,0.70000001,-0.391666673,4.429166733,0.179712643,18.784280510175744,0.5403777021041617
2010-10-07,232.9208368,317.2333381,295.0375044,0.0071875,88895.41667,0.0,-0.120833335,3.35000005,0.179558824,13.76482475359521,0.4238370409796775
2010-10-08,238.8791702,288.191671,293.5708377,0.0046875,88960.0,0.0,1.962500029,0.408333339,0.179433718,9.945107617541764,0.3029387935489785
2010-10-09,241.0291703,265.5791706,292.3208377,0.003266667,89039.58333,0.0,1.78333336,-0.908333347,0.179280739,7.724335136447997,0.2285126969946815
2010-10-10,240.1416702,243.0625036,291.929171,0.001754167,88762.91667,0.0,2.66250004,-1.191666684,0.179131351,6.9946377709767225,0.1253856807055224
2010-10-11,233.6583368,269.9958374,291.854171,0.002970833,88593.33333,0.0,2.2416667,-0.729166678,0.17898553,6.361105728847043,0.2129520584424238
2010-10-12,231.2291701,281.4333375,292.5458377,0.003529167,88689.58333,0.0,1.083333349,-0.212500003,0.178854472,5.440750676349375,0.2424498825849202
2010-10-13,224.5500033,294.9125044,295.0291711,0.00315,88812.5,0.0,-3.779166723,0.491666674,0.178709423,6.996577623255757,0.1856732601420717
2010-10-14,220.8375033,309.870838,293.8958377,0.004833333,89048.33333,0.0,-4.350000065,1.208333351,0.178563742,6.800798383416929,0.3064112251922063
2010-10-15,167.1666692,322.0041715,294.5375044,0.004545833,88915.0,3.600000054,-3.016666712,0.641666676,0.178410346,17.68091143857468,0.276527142658628
2010-10-16,208.7625031,318.5666714,292.6458377,0.005958333,88836.66667,0.500000007,-0.058333334,-0.587500009,0.17832416,13.467619987067213,0.4074426194138317
2010-10-17,215.6666699,309.8750046,293.266671,0.006120833,88759.16667,0.0,1.454166688,0.566666675,0.178255534,10.667284442443837,0.4022408886492545
2010-10-18,219.2375033,286.3958376,291.429171,0.004554167,88526.66667,0.0,0.912500014,2.412500036,0.178169361,8.377574484557783,0.3350931560641383
2010-10-19,216.2458366,287.2625043,291.379171,0.005125,88490.83333,0.0,-0.525000008,2.991666711,0.178096824,7.10318668176933,0.3781388733711006
2010-10-20,213.4666698,295.4625044,290.016671,0.0069375,88538.33333,0.0,-0.770833345,3.775000056,0.178010292,5.655766668778835,0.558621343051336
2010-10-21,163.7458358,317.6875047,287.8708376,0.006329167,88646.66667,0.0,1.912500028,1.129166683,0.177937744,4.250871453944495,0.5861867162440452
2010-10-22,150.3750022,303.1166712,285.7416709,0.0064125,88650.83333,0.0,2.537500038,-0.375000006,0.177851211,2.8787447137853626,0.6831893753001171
2010-10-23,207.7125031,278.6083375,286.5416709,0.005145833,88695.83333,0.0,2.291666701,0.466666674,0.177778662,3.983763511326416,0.520261828574402
2010-10-24,206.6333364,275.5791708,287.3166709,0.0048875,88794.58333,0.0,2.112500031,-0.008333333,0.17769213,3.851040195836831,0.4701390071855948
2010-10-25,195.8125029,295.9000044,290.5125043,0.005483333,88422.5,0.0,5.200000077,0.716666677,0.177619585,5.097915149006809,0.4271843417925422
2010-10-26,202.625003,297.9291711,289.091671,0.006633333,88219.16667,0.0,3.691666722,1.225000018,0.177533049,4.027943302294741,0.5648345777354812
2010-10-27,204.0583364,289.879171,289.691671,0.006254167,88563.75,0.0,1.825000027,0.504166674,0.177460504,3.514001716748468,0.5143599854781852
2010-10-28,203.6416697,276.6833375,291.1125043,0.003566667,89120.83333,0.0,-3.595833387,1.629166691,0.177373832,4.521242209381548,0.2695581136499069
2010-10-29,202.312503,277.1750041,291.9875044,0.00305,89066.66667,0.0,-2.541666705,2.250000034,0.17729253,4.279286991323692,0.2179522380369032
2010-10-30,199.1208363,279.0833375,294.1708377,0.003108333,88798.75,0.0,1.137500017,3.695833388,0.177211411,4.422764766189581,0.1931741567790625
2010-10-31,200.2208363,263.5750039,290.179171,0.002820833,88678.33333,0.0,1.762500026,2.058333364,0.177143181,3.322179447779871,0.2251425347456079
2010-11-01,195.8041696,251.3833371,288.329171,0.002870833,88868.33333,0.0,1.500000022,-1.300000019,0.177051918,2.4748287747266557,0.2587187521914476
2010-11-02,191.0916695,257.5583372,289.2083376,0.0022625,89372.08333,0.0,-3.237500048,-0.362500005,0.176974247,3.1434221138033087,0.1937077614813604
2010-11-03,188.5333361,268.0833373,289.6250043,0.0024625,89162.08333,0.0,-4.562500068,0.270833337,0.176897215,3.692805334661746,0.204766634439878
2010-11-04,188.5875028,262.3916706,290.204171,0.002983333,89322.5,0.0,-4.987500074,2.104166698,0.176820183,3.728806191973234,0.2394585255772149
2010-11-05,188.3875028,255.3791705,288.904171,0.002645833,89037.08333,0.0,-2.958333377,1.587500024,0.176743148,2.7556832361132835,0.2301555978600901
2010-11-06,187.9166695,247.7625037,289.866671,0.001945833,89042.91667,0.0,-0.133333335,1.733333359,0.176651494,1.9224893872638944,0.1590985007450143
2010-11-07,186.1916694,251.1291704,290.029171,0.002179167,89182.91667,0.0,1.125000017,1.320833353,0.176588449,1.8672045510022424,0.1766068041419868
2010-11-08,183.8583361,248.020837,289.5083376,0.002170833,88653.33333,0.0,1.341666687,2.71250004,0.176497427,2.3476842253368546,0.1808353859935458
2010-11-09,178.9416693,263.6958373,287.1666709,0.004320833,88350.0,0.0,2.912500043,1.754166693,0.176419759,2.0326831269009014,0.417633893089115
2010-11-10,182.7041694,224.6083367,283.2708376,0.001916667,88522.91667,0.0,1.766666693,0.504166674,0.176342728,1.266905707281713,0.2406097280033815
2010-11-11,179.008336,232.7208368,283.6708376,0.001995833,88563.75,0.0,1.775000026,2.116666698,0.17625107,1.486994255332587,0.2439813906209596
2010-11-12,180.7666694,229.3875034,281.9000042,0.001975,89177.91667,0.0,-0.020833334,-2.412500036,0.176173402,1.2028784521241616,0.2741830527208242
2010-11-13,178.6625027,219.7083366,283.4083376,0.001175,89218.33333,0.0,-2.154166699,-0.42083334,0.176096371,1.148772332895352,0.1472871336491486
2010-11-14,170.9708359,228.7375034,283.6791709,0.001091667,88643.33333,0.0,0.591666675,-0.200000003,0.176019336,0.6264186187978222,0.1334961399674836
2010-11-15,171.7416692,241.3541703,283.5541709,0.002204167,88584.16667,0.0,4.587500068,-0.90416668,0.175942304,1.4207619841831187,0.2716412212583153
2010-11-16,170.4125025,246.6375037,283.3750042,0.003370833,88699.16667,0.0,2.795833375,-1.283333352,0.175750641,0.967950145468756,0.4210252114563078
2010-11-17,171.7916692,247.1791703,284.0625042,0.003375,88807.91667,0.0,1.162500017,-1.12083335,0.175539371,0.7613311944718346,0.4029479734874144
2010-11-18,171.9500026,235.6375035,285.0958376,0.002195833,89110.0,0.0,-3.316666716,1.016666682,0.175342088,1.1058407517466045,0.2454745819576228
2010-11-19,169.7458359,239.4333369,287.2791709,0.001779167,88697.08333,0.0,-0.600000009,2.412500036,0.175130815,1.0358273254194563,0.1713743341446076
2010-11-20,165.6708358,240.2583369,287.5958376,0.002208333,88463.75,0.0,0.795833345,4.866666739,0.174933532,1.4716675916094255,0.2078031432430563
2010-11-21,159.2333357,264.7125039,286.3000043,0.0045125,88623.33333,0.0,2.729166707,3.645833388,0.174736885,1.1163129206487317,0.4631812875651198
2010-11-22,164.6625025,249.5875037,282.2833375,0.0049625,88807.91667,0.0,3.116666713,1.212500018,0.174525615,0.6166607190314176,0.6683378006756322
2010-11-23,160.3875024,234.8291702,280.5166708,0.003704167,88761.25,0.0,0.183333336,1.737500026,0.174328333,0.4786161829410041,0.5629469580577888
2010-11-24,162.5500024,225.2375034,279.7166708,0.00245,88368.75,0.0,2.425000036,1.762500026,0.174131686,0.6062402557393243,0.3918676462411141
2010-11-25,149.4416689,237.4625035,279.1041708,0.002970833,88308.33333,0.0,2.604166705,-2.108333365,0.173935035,0.5269533518825983,0.4955986048059792
2010-11-26,167.5166692,203.9541697,278.0375041,0.002245833,89080.83333,0.0,-2.695833374,-0.829166679,0.173723765,0.4356753906287548,0.4073677225323993
2010-11-27,155.8333357,210.3625031,278.6666708,0.001141667,88605.83333,0.0,-2.750000041,1.55416669,0.173526483,0.595097907202748,0.1970506332773817
2010-11-28,156.9583357,227.1666701,281.5208375,0.002466667,87939.58333,0.0,3.737500056,3.500000052,0.173329836,0.889989884116103,0.3465731899085961
2010-11-29,162.5416691,259.1416705,278.7250042,0.002725,88433.33333,0.0,6.316666761,-1.841666694,0.173118566,0.8158617890696501,0.4674971778783501
2010-11-30,161.6958357,188.0333361,272.8458374,0.001191667,89501.66667,0.0,-1.779166693,-1.912500028,0.172921283,0.3195144725179402,0.3159135389148086
2010-12-01,163.3875024,199.1458363,275.0958374,0.000783333,89232.5,0.0,-3.637500054,0.150000002,0.17271001,0.3769202181401713,0.1756478149065982
2010-12-02,161.6250024,208.0416698,278.8000042,0.000679167,89109.58333,0.0,-2.741666708,2.062500031,0.172512727,0.686245271449826,0.116791359261053
2010-12-03,158.8958357,226.41667,283.0666709,0.000908333,88937.08333,0.0,-1.241666685,2.045833364,0.17231608,0.8097329127907213,0.1161563277887651
2010-12-04,155.7500023,230.9583368,283.5416709,0.001058333,88866.66667,0.0,-0.587500009,2.48333337,0.17210481,0.84836182750547,0.130955206550866
2010-12-05,154.1875023,252.2125038,285.2958376,0.001633333,88995.0,0.0,-1.354166687,1.533333356,0.171907527,0.8814536590101696,0.1799431421398813
2010-12-06,150.8166689,263.2500039,286.1875043,0.0019375,89105.83333,0.0,-0.183333336,1.129166683,0.171710877,0.720310817673238,0.2014469774915429
2010-12-07,157.879169,249.1666704,284.2041709,0.002416667,89017.5,0.0,2.233333367,-1.462500022,0.171499607,0.8941632281178721,0.2864719422305164
2010-12-08,159.916669,219.6166699,282.1708375,0.00175,89230.0,0.0,-3.087500046,0.425000006,0.171302324,0.7644674817051438,0.2386308658144922
2010-12-09,158.291669,216.1958366,282.3583375,0.001154167,89013.33333,0.0,-1.000000015,1.370833354,0.171105677,0.5635571714104288,0.1550053443255669
2010-12-10,150.8416689,247.020837,282.9291709,0.001729167,88944.58333,0.0,2.762500041,-0.079166668,0.170894407,0.8623797388959857,0.2232135413594975
2010-12-11,148.5958355,252.4291704,282.0875042,0.003004167,88919.16667,0.0,2.404166702,-1.083333349,0.170697125,0.7011587320842632,0.4105524271391825
2010-12-12,152.7583356,249.9791704,283.3125042,0.003066667,89149.16667,0.0,-1.141666684,-2.145833365,0.170500474,0.7337731733025219,0.3866077981399991
2010-12-13,156.879169,231.8583368,283.6916709,0.0023,89110.0,0.0,-3.083333379,0.075000001,0.170289204,0.8197111268576807,0.2825014416855941
2010-12-14,152.3833356,232.4750035,284.0791709,0.002095833,88788.33333,0.0,-0.800000012,2.116666698,0.170091921,0.6988274701561615,0.2498903805204426
2010-12-15,152.3666689,240.0250036,284.0916709,0.002775,88307.08333,0.0,2.345833368,2.287500034,0.169880651,0.8391987595979634,0.3287990962352606
2010-12-16,140.6708354,259.0708372,283.4708376,0.003833333,88255.41667,0.0,1.958333363,2.295833368,0.169633434,0.7074499569489573,0.4733221270058798
2010-12-17,144.0875021,280.1833375,281.8208375,0.005816667,88378.75,1.200000018,2.354166702,0.970833348,0.169384682,0.981593677493588,0.8046209243269833
2010-12-18,101.3291682,273.8166707,280.8958375,0.0045625,88726.66667,0.0,1.654166691,1.608333357,0.169135929,0.5976553501860854,0.6752015976386222
2010-12-19,148.1750022,269.5291707,283.0500042,0.004845833,88566.25,0.0,1.633333358,1.262500019,0.168887177,1.0331497466923016,0.6177918424218469
2010-12-20,150.2041689,257.3416705,284.4625042,0.004841667,88343.75,0.0,2.145833365,3.741666722,0.168638424,1.050467344654031,0.5598027586257661
2010-12-21,150.0833356,263.9541706,285.9541709,0.005225,88677.08333,0.0,1.708333359,4.720833404,0.168389668,1.1284448452653966,0.5490518483318136
2010-12-22,141.8583354,270.275004,286.1666709,0.004895833,88742.91667,0.0,-0.237500004,4.220833396,0.168140915,1.0553169191523537,0.5076579050578224
2010-12-23,143.2875021,275.7125041,281.8333375,0.005241667,88684.16667,2.500000037,2.258333367,2.758333374,0.167892163,2.646198231749173,0.7269643979390732
2010-12-24,152.5833356,232.8291701,279.2750042,0.003975,89037.08333,0.0,-0.495833341,-1.470833355,0.16764341,1.5981978871077596,0.6606444955025793
2010-12-25,155.1333356,222.4375033,278.8958375,0.0028125,88997.91667,0.0,-4.395833399,1.087500016,0.167394658,1.6055388044277232,0.4798021403549946
2010-12-26,150.4708356,231.3833368,280.0375042,0.0025875,88928.75,0.0,-1.916666695,1.891666695,0.167145905,1.5229947346069423,0.4072907101365921
2010-12-27,122.7166685,270.575004,280.3166708,0.003579167,88778.33333,0.0,0.970833348,0.095833335,0.166897153,1.3568492604124236,0.551642673951894
2010-12-28,152.8750023,236.5291702,278.8750042,0.003779167,88676.66667,0.0,1.225000018,-0.454166673,0.1666484,0.9133923693079786,0.6433240970681884
2010-12-29,100.1333348,252.7250038,278.6791708,0.003475,88297.5,0.0,2.129166698,3.404166717,0.166399647,0.5741772427159472,0.5971698573463584
2010-12-30,82.93750124,312.0416713,278.9958375,0.0044375,87360.0,3.600000054,6.625000099,6.745833434,0.177142945,5.05324878527182,0.7378981124705455
2010-12-31,130.1208353,234.3166702,273.4125041,0.002279167,88042.91667,0.0,5.35000008,0.975000015,0.23953025,2.8661108742655617,0.5700857147946711
2011-01-01,154.066669,200.0583363,270.1958374,0.001658333,88868.75,0.0,1.800000027,-0.500000007,0.25740576,1.7070048968574814,0.531955480197086
2011-01-02,154.941669,189.5416695,271.3833374,0.002166667,89095.41667,0.0,-3.12083338,0.24166667,0.246931712,1.040693215650716,0.6373547631268138
2011-01-03,147.7833355,211.2708365,273.6958374,0.002129167,88662.08333,0.0,-1.629166691,2.429166703,0.230293109,1.3366598448751414,0.5252831693852511
2011-01-04,152.7416689,207.0958364,274.2833374,0.0025625,88846.25,0.0,0.787500012,0.42083334,0.207878422,1.0204854327355024,0.606885108965409
2011-01-05,147.8458355,216.0500032,275.8041708,0.0024125,89166.25,0.0,-1.862500028,-0.220833337,0.193110296,1.0104155331150284,0.5136167458112609
2011-01-06,105.5833349,251.8250038,277.1750041,0.001841667,89058.75,0.0,-2.020833363,0.895833347,0.18316649,1.125453049518299,0.3550291581956986
2011-01-07,141.4833354,255.5208371,280.8041709,0.001766667,88642.91667,0.0,-0.704166677,1.829166694,0.175346835,1.643072035565898,0.2628587327082221
2011-01-08,156.4500023,222.3125033,279.7416708,0.002033333,88122.91667,0.0,2.754166708,-0.208333336,0.169085484,1.1397568497036217,0.3237544835184726
2011-01-09,156.5500023,220.65417,276.8458375,0.002279167,88156.25,0.0,2.279166701,1.179166684,0.166371801,0.7392524418846382,0.4452348096076778
2011-01-10,157.7958357,217.7583366,277.3708375,0.002704167,88440.0,0.0,2.145833365,1.195833351,0.164650575,0.6134450865923307,0.5105205677587913
2011-01-11,159.2583357,214.5250032,277.5500041,0.002608333,89080.0,0.0,-1.883333361,-0.170833336,0.163761589,0.5571871504902004,0.4897247488963988
2011-01-12,157.879169,224.29167,279.1541708,0.001791667,89165.41667,0.0,-2.841666709,0.370833339,0.16318668,0.7754016304649729,0.3007350108436873
2011-01-13,160.9583357,227.4041701,279.6000042,0.002445833,89365.0,0.0,-2.858333376,-0.262500004,0.162781525,0.6888107606179862,0.3988410318831269
2011-01-14,162.5125024,224.6583367,280.4500042,0.0024875,88969.58333,0.0,-1.862500028,-1.150000017,0.162460293,0.6501138289506708,0.3806818629182003
2011-01-15,161.5541691,229.1708367,280.6125042,0.002308333,88927.5,0.0,-2.179166699,-1.920833362,0.162182931,0.6934296808528454,0.3491476919825231
2011-01-16,161.9416691,229.0416701,281.6458375,0.002241667,88850.83333,0.0,0.350000005,-1.891666695,0.162343895,0.6495208459787437,0.3155068716743938
2011-01-17,160.3250024,250.9625037,282.4708375,0.002166667,88620.83333,0.0,2.308333368,-2.450000037,0.162535281,0.8690148656897759,0.2874896383554923
2011-01-18,165.4541691,242.6166703,283.3875042,0.003441667,88637.5,0.0,1.837500027,-1.479166689,0.162741288,0.6714217767233365,0.4292108665731979
2011-01-19,163.8458358,237.0125035,283.4125042,0.002291667,88477.5,0.0,3.037500045,0.941666681,0.16293331,0.7770888651316515,0.2847966663395965
2011-01-20,165.0250025,253.4500038,282.9000042,0.003766667,88560.83333,0.0,1.775000026,-0.679166677,0.16313932,0.6277746562487847,0.4850902208293912
2011-01-21,168.9166692,235.8000035,282.3375042,0.002841667,88674.58333,0.0,0.112500002,-1.150000017,0.163345962,0.5285024936704379,0.3807255877316851
2011-01-22,170.8750025,227.2958367,282.8333375,0.001816667,88477.5,0.0,0.058333334,-0.504166674,0.163537984,0.4310787680402755,0.2347994705022286
2011-01-23,171.9416692,225.2833367,280.4875042,0.001458333,88255.83333,0.0,0.654166676,-2.416666703,0.16374399,0.5909547715277974,0.22081585811358
2011-01-24,175.2750026,213.2250032,278.8416708,0.001670833,88522.5,0.0,-0.516666674,-2.104166698,0.163936013,0.4421348037423857,0.2845945819646184
2011-01-25,165.7833358,215.6333365,278.8000042,0.001333333,88780.83333,0.0,-1.904166695,-0.645833343,0.164142023,0.4184264314826181,0.2284375897962641
2011-01-26,178.7541693,211.6083365,279.8500042,0.001241667,88624.16667,0.0,-1.300000019,-1.545833356,0.164334042,0.4866390433486853,0.1973334398636235
2011-01-27,181.3166694,205.9791697,278.2666708,0.0014375,89061.25,0.0,-4.320833398,-0.512500008,0.164540051,0.5030718888643814,0.2565067131009328
2011-01-28,178.4375027,212.0500032,278.0916708,0.001533333,88884.16667,0.0,-2.704166707,0.279166671,0.164746693,0.4170358081479819,0.2764551178260415
2011-01-29,179.645836,226.15417,280.4583375,0.001525,88658.33333,0.0,1.950000029,1.195833351,0.164938716,0.5497698844996455,0.2324322483203096
2011-01-30,181.2166694,222.0875033,280.8375042,0.0016625,88807.5,0.0,2.287500034,1.170833351,0.165144722,0.5558964853080904,0.2472496766268424
2011-01-31,137.8958354,256.3333372,281.6875042,0.002508333,88431.66667,2.00000003,3.670833388,1.100000016,0.165354546,2.1061552996557067,0.3503715166430159
2011-02-01,171.6541692,241.3625036,278.1250041,0.003375,88404.16667,1.300000019,5.495833415,-0.233333337,0.16685056,2.4846998666602915,0.6037934427407327
2011-02-02,191.6166695,196.8708363,275.2708374,0.0017125,88425.0,0.0,4.512500067,-1.504166689,0.16662169,1.9358731311580744,0.3757348269508399
2011-02-03,193.2750029,181.895836,266.8416706,0.0016625,89090.0,0.0,-4.05000006,-2.716666707,0.166741869,0.6703879055492242,0.6911572845612766
2011-02-04,191.2083362,178.7916693,265.687504,0.001508333,89224.16667,0.0,-0.333333338,-1.283333352,0.166883026,0.8348191799257855,0.6872284542756036
2011-02-05,186.6000028,200.087503,270.5791707,0.001566667,88852.91667,0.0,1.512500023,-0.870833346,0.16690593,0.9970908217932924,0.4881580553963998
2011-02-06,190.8958362,219.4166699,277.1166708,0.0019375,88649.16667,0.0,2.537500038,-2.71250004,0.166857626,1.2272223499959454,0.3733320965829475
2011-02-07,190.8125028,223.64167,279.8583375,0.001720833,89198.75,0.0,-1.308333353,-0.841666679,0.166913588,1.448288019761867,0.2750990391494767
2011-02-08,193.5916696,230.6875034,282.6500042,0.001825,88267.91667,0.0,4.333333398,2.512500037,0.16702423,1.6768214993377066,0.2382675438318653
2011-02-09,195.5916696,230.5541701,280.3875042,0.0026375,88488.33333,0.0,1.716666692,0.283333338,0.167163479,1.150470393494646,0.4031956168407829
2011-02-10,198.6083363,219.8375033,279.1541708,0.002158333,88530.0,0.0,-2.195833366,-0.412500006,0.16734215,0.9433785417804996,0.3596989480400566
2011-02-11,199.825003,213.5291698,278.7708375,0.0017125,88717.08333,0.0,-3.183333381,-0.308333338,0.167533537,0.8692045282852585,0.2937897844543414
2011-02-12,204.225003,204.1208364,279.8416708,0.0011625,89355.41667,0.0,-3.941666725,0.341666672,0.167739543,0.96221493092198,0.1863841823223826
2011-02-13,203.4166697,209.0541698,281.9416709,0.000891667,89236.25,0.0,-2.541666705,0.920833347,0.167931566,1.0167913463594735,0.1235157494680961
2011-02-14,202.9708364,228.9250034,285.3916709,0.000675,88994.58333,0.0,0.795833345,1.087500016,0.168137572,1.0794181203390547,0.0738912875933838
2011-02-15,206.2041697,232.6625035,285.2250043,0.000708333,88935.41667,0.0,1.687500025,-0.133333335,0.168329594,1.114686308645718,0.0783529319891011
2011-02-16,202.7166697,250.9541704,285.8708376,0.002079167,88519.16667,0.0,2.366666702,1.77083336,0.168675451,1.2075826461041628,0.2193003072800929
2011-02-17,203.1791697,270.6166707,286.3083376,0.004329167,88437.08333,0.0,2.900000043,2.145833365,0.169028027,1.1325383840960197,0.4431854821936782
2011-02-18,204.9958364,258.5833372,285.9666709,0.0038125,88632.91667,0.0,0.462500007,4.316666731,0.169395226,1.111527754157433,0.4000931919318956
2011-02-19,205.5291697,272.7666707,286.8666709,0.004216667,88489.58333,0.0,1.183333351,5.837500087,0.169748435,1.2641933488652597,0.416328231258746
2011-02-20,184.0000027,291.7083377,285.1333376,0.005491667,88347.08333,0.0,4.316666731,4.337500065,0.170101011,0.9146523836973974,0.6071439008316174
2011-02-21,183.6375027,287.891671,280.6916708,0.004154167,88358.75,0.0,1.09583335,-0.19166667,0.170453584,0.8153000933749829,0.6209142925165605
2011-02-22,213.9083365,234.7708368,280.9833375,0.003183333,88372.08333,0.0,1.420833355,2.704166707,0.170816063,0.6791622092874071,0.466394183085367
2011-02-23,219.0541699,227.8500034,280.7791709,0.002470833,88458.75,0.0,1.816666694,2.537500038,0.171154881,0.7103461128110531,0.367500113959424
2011-02-24,218.5625033,235.9958368,280.7458375,0.0033125,88639.58333,0.0,3.195833381,-0.358333339,0.171507306,0.6569420272452767,0.4948306624012814
2011-02-25,222.3000033,230.8625034,281.5125042,0.00265,88683.75,0.0,2.420833369,0.041666667,0.171860429,0.7215794724086511,0.3756975373854733
2011-02-26,179.495836,233.7416701,282.6291709,0.0013625,88131.25,0.0,2.500000037,4.754166738,0.172213552,0.8946284185344842,0.1778610654570816
2011-02-27,106.8666683,280.9958375,279.2041708,0.002783333,87861.66667,4.70000007,4.816666738,5.020833408,0.226986989,8.174275886268928,0.4587494869560743
2011-02-28,230.5916701,215.2708365,277.0666708,0.002041667,88950.0,0.0,-1.704166692,-0.65000001,0.282188406,5.0109958747064685,0.3961463331590418
2011-03-01,228.1125034,221.4250033,280.1083375,0.001258333,88967.08333,0.0,-2.650000039,1.79583336,0.23906275,5.392230416664737,0.1971834277920743
2011-03-02,239.0250036,244.7666703,284.7625042,0.001583333,88876.66667,0.0,1.962500029,1.204166685,0.201044373,5.888922553780508,0.1805113893513645
2011-03-03,231.5250034,265.825004,285.8583376,0.002120833,88844.16667,0.0,3.154166714,-1.187500018,0.181651383,4.876774477572567,0.2247023488443188
2011-03-04,244.783337,242.5458369,284.3083376,0.002983333,88737.5,0.0,3.008333378,-2.737500041,0.176021644,3.1529258572133143,0.3500760487780979
2011-03-05,250.7125037,218.1125033,283.0875042,0.001625,89060.0,0.0,-2.850000042,-1.35000002,0.175095407,2.6432461541697947,0.2077963122598655
2011-03-06,238.6750036,234.8625035,283.9166709,0.001120833,88572.91667,0.0,-1.316666686,1.129166683,0.175148326,2.605749419915153,0.1347800254525697
2011-03-07,244.8500036,259.9458372,288.0625043,0.001825,87982.91667,0.0,5.904166755,2.479166704,0.175418833,3.0109972712396216,0.1656781816630568
2011-03-08,240.0000036,249.8666704,284.3791709,0.0032,88262.91667,0.0,4.562500068,-0.412500006,0.1757593,1.8166877339594476,0.3717221450505673
2011-03-09,258.0375038,224.02917,283.0583376,0.001829167,89092.91667,0.0,-0.70000001,-1.237500018,0.176097772,1.75653774672724,0.2344534937080606
2011-03-10,258.3458372,227.4875034,286.8208376,0.0009125,89096.66667,0.0,-2.379166702,0.804166679,0.176450063,1.9150807983069955,0.0909865520784305
2011-03-11,258.3458372,245.0541703,286.9541709,0.001445833,88747.5,0.0,1.962500029,0.333333338,0.176803131,1.866620984860932,0.1423482086099823
2011-03-12,244.1916703,258.3833372,286.5041709,0.0016,88761.25,0.0,2.404166702,2.333333368,0.177170847,1.7634220645127705,0.1622855212130444
2011-03-13,260.2375039,254.7958371,287.5250043,0.00215,88784.58333,0.0,1.970833363,-0.150000002,0.177519486,1.7021253475623717,0.2039899877578283
2011-03-14,262.8708373,248.4875037,287.829171,0.0015625,88839.58333,0.0,1.575000023,-0.670833343,0.177875732,1.6136830120032086,0.1454231460942382
2011-03-15,265.6958373,251.9083371,288.4000043,0.002016667,88730.41667,0.0,2.233333367,-0.895833347,0.178232351,1.6939502145799483,0.1806266725124583
2011-03-16,265.4416706,258.1291705,289.1125043,0.002291667,88878.33333,0.0,3.187500047,-0.150000002,0.178426302,1.8369074076887275,0.1963314130324063
2011-03-17,266.6333373,265.7166706,290.891671,0.002470833,88779.16667,0.0,2.466666703,1.858333361,0.178642424,1.9888368272633468,0.188653412560792
2011-03-18,257.1708372,265.125004,290.4208377,0.002408333,88822.91667,0.0,2.091666698,3.36250005,0.178830574,2.050208804948777,0.1895798189800909
2011-03-19,270.7666707,268.0333373,289.6458376,0.002566667,88612.91667,0.0,2.633333373,2.304166701,0.179032073,2.125599262628592,0.2118300770529488
2011-03-20,270.0166707,252.5333371,288.4833376,0.002066667,88513.33333,0.0,1.425000021,4.112500061,0.179234207,2.140411707541975,0.1836561555224929
2011-03-21,259.2125039,268.0208373,289.2875043,0.003145833,88240.83333,0.0,2.145833365,7.879166784,0.179436345,2.586863041195492,0.2645724563385362
2011-03-22,272.4833374,272.1750041,286.9291709,0.004616667,88507.5,0.70000001,3.304166716,1.504166689,0.17963848,2.60120769593329,0.454045653113988
2011-03-23,278.5041708,244.558337,284.2416709,0.0027625,88534.58333,0.0,1.083333349,0.19166667,0.179840617,2.4613983355696614,0.3248715792938702
2011-03-24,280.8291709,244.833337,285.8833376,0.0021375,88280.0,0.0,2.791666708,2.783333375,0.180028129,2.593449946263943,0.2246577278455991
2011-03-25,282.1458375,241.2916703,284.7750042,0.0023875,88387.08333,0.0,3.445833385,0.858333346,0.18024425,2.3672983755248507,0.2704667660845926
2011-03-26,281.2166709,255.5583371,285.9333376,0.0028,88292.91667,0.0,2.995833378,0.237500004,0.180432401,2.551993116004316,0.2933584674820947
2011-03-27,282.4458375,261.9500039,287.1916709,0.0033375,88220.0,0.0,3.216666715,0.412500006,0.180633899,2.720547919411605,0.3215868120291947
2011-03-28,285.4333376,252.4041704,285.5333376,0.0026875,88424.16667,0.0,3.058333379,0.466666674,0.180836037,2.571916329003109,0.2895715179577847
2011-03-29,285.4875043,258.8333372,286.3916709,0.002720833,88512.08333,0.0,2.725000041,-1.058333349,0.181038172,2.74954028654869,0.2772443766818092
2011-03-30,287.2625043,259.5583372,288.829171,0.002325,88609.58333,0.0,3.862500058,-2.2041667,0.181240309,3.306740676978908,0.2022547364993701
2011-03-31,288.016671,270.437504,289.504171,0.002504167,88624.58333,0.0,2.425000036,-2.737500041,0.181442444,3.3185667004969392,0.2085911511753142
2011-04-01,295.6666711,271.475004,291.154171,0.002258333,88408.33333,0.0,1.658333358,-1.654166691,0.181629955,3.2785630294697623,0.1688659588280587
2011-04-02,294.9458377,271.9041707,293.829171,0.002075,88277.08333,0.0,2.583333372,2.304166701,0.181831457,3.5285178475137533,0.1309479842384723
2011-04-03,291.3500043,288.6458376,294.3500044,0.003220833,88303.75,0.0,4.058333394,3.575000053,0.182033592,3.974557351173469,0.1968511204929069
2011-04-04,301.3458378,269.050004,290.7750043,0.003041667,88756.25,0.0,3.020833378,-0.895833347,0.182235729,3.2743698845205933,0.2339093273429659
2011-04-05,289.629171,257.0208372,290.6250043,0.001495833,88800.0,0.0,1.412500021,0.137500002,0.182437864,2.6837177532327656,0.1161946172777693
2011-04-06,284.3833376,281.4458375,292.4333377,0.001983333,88489.16667,0.0,4.191666729,2.362500035,0.182639998,3.661244117056192,0.1369096757851142
2011-04-07,291.0500043,287.1000043,289.891671,0.003783333,88310.41667,0.0,3.59166672,4.220833396,0.182827513,3.4653300901858284,0.3063028071063974
2011-04-08,302.8833378,266.125004,287.6625043,0.003679167,88005.41667,0.0,2.508333371,5.891666754,0.183040762,3.0528391819118146,0.3429176131828258
2011-04-09,268.6791707,275.8250041,287.2916709,0.004529167,88066.25,0.600000009,3.633333387,6.454166763,0.183236259,2.9904268637581977,0.4328046994141819
2011-04-10,300.4666711,271.9708374,282.1416709,0.003479167,88707.08333,1.200000018,3.304166716,-1.604166691,0.183442716,3.858465255062348,0.4725808080030726
2011-04-11,317.1708381,211.1250031,279.7458375,0.001416667,89055.0,0.0,-1.258333352,-0.854166679,0.183636153,3.3219208534607554,0.227886441592681
2011-04-12,315.1916714,229.2000034,284.3916709,0.001041667,88430.83333,0.0,-0.608333342,3.150000047,0.183839178,3.636141599350714,0.1211319801395051
2011-04-13,314.0291713,244.0916703,286.7375043,0.002008333,88628.75,0.0,2.875000043,2.070833364,0.184041938,3.5728737663197254,0.2002965640962443
2011-04-14,316.470838,251.9916704,288.2833376,0.002483333,88707.5,0.0,4.541666734,-1.445833355,0.184235893,3.504452620707512,0.2240585509058884
2011-04-15,320.1708381,242.4875036,287.6333376,0.001179167,88817.5,0.0,0.754166678,-2.566666705,0.184434295,3.195759752642903,0.111130195086632
2011-04-16,315.5625047,256.1458372,290.7708377,0.00115,88366.66667,0.0,-0.300000004,-0.620833343,0.184485697,3.542061466871516,0.0880721372895076
2011-04-17,313.833338,264.6500039,291.5000043,0.001783333,88275.83333,0.0,3.616666721,0.795833345,0.184530657,3.509456852157657,0.1302588983478703
2011-04-18,315.1375047,275.1041708,290.7375043,0.0027125,88288.75,0.0,3.275000049,3.462500052,0.184575614,3.5664740366335184,0.2079935343418345
2011-04-19,314.4666714,290.7750043,293.1625044,0.0041625,88276.66667,0.0,3.737500056,2.2416667,0.184620575,3.75829352611658,0.2738358496684464
2011-04-20,317.6333381,284.8833376,292.254171,0.0037625,88404.16667,0.0,2.395833369,2.095833365,0.184665535,3.613190090303091,0.2624185171767103
2011-04-21,318.3125047,291.6583377,292.5583377,0.003845833,88478.33333,0.0,3.675000055,0.729166678,0.184710496,3.806337380936408,0.2633682551001375
2011-04-22,322.1250048,270.2041707,292.2333377,0.002470833,88338.75,0.0,4.216666729,0.937500014,0.184754308,3.8212425451374927,0.1724287665138517
2011-04-23,314.395838,278.5125042,292.6750044,0.0024125,88153.33333,0.0,3.837500057,2.604166705,0.184801296,3.969975358278445,0.1634031050619746
2011-04-24,320.3541714,289.9500043,292.404171,0.004170833,88384.16667,0.0,4.825000072,2.887500043,0.184843224,4.167551871844399,0.2880994059927337
2011-04-25,317.9750047,285.4916709,292.0458377,0.004433333,88384.16667,0.0,4.945833407,0.67500001,0.184890334,4.033229280652677,0.3132223241107012
2011-04-26,327.2916715,276.3083375,291.4750043,0.0034,88052.5,0.0,5.56666675,-0.525000008,0.18493485,4.269725173315659,0.2481084893069557
2011-04-27,329.3500049,269.062504,291.0250043,0.002604167,88310.41667,0.0,3.729166722,-2.554166705,0.184976741,4.195460127958314,0.1961132450095281
2011-04-28,330.5791716,265.4041706,290.591671,0.001791667,88665.41667,0.0,2.041666697,-0.516666674,0.185012522,3.893295789288543,0.1392595682970143
2011-04-29,332.9541716,269.1583373,292.4583377,0.002179167,88245.41667,0.0,5.037500075,1.958333363,0.185058534,4.700240366143435,0.1497781070946541
2011-04-30,332.475005,266.012504,292.091671,0.002208333,88099.16667,0.0,4.691666737,2.029166697,0.1851009,4.682958628614959,0.1550703844719455
2011-05-01,347.7458385,241.3916703,288.9208376,0.0022125,88304.16667,0.0,4.958333407,-1.75833336,0.185159458,4.338396617134793,0.1906710004418482
2011-05-02,348.8125052,214.1875032,284.7375042,0.000829167,89104.58333,0.0,-0.65000001,-3.187500047,0.185190427,3.4306578892294235,0.0949319659973734
2011-05-03,346.3208385,233.6041701,287.3875043,0.001166667,89131.66667,0.0,-5.529166749,1.287500019,0.185234737,4.359107843468371,0.1121290142102745
2011-05-04,343.1458384,248.2541704,291.666671,0.001095833,88840.41667,0.0,-1.550000023,2.212500033,0.185281143,4.485649690175151,0.0797086815052838
2011-05-05,343.5333385,268.9291707,293.329171,0.001041667,88877.5,0.0,2.2541667,0.404166673,0.185326007,4.809826598430175,0.0682790877417307
2011-05-06,344.6625051,282.5791709,294.8083377,0.0013625,88628.33333,0.0,2.733333374,-0.691666677,0.185363345,5.206424082566037,0.0812436552411357
2011-05-07,347.2291718,254.0916705,294.4708377,0.0009625,88417.5,0.0,2.854166709,1.483333355,0.185407096,4.9753101307803576,0.0584628307589668
2011-05-08,348.5583385,255.5791705,295.0458377,0.000970833,88317.91667,0.0,2.941666711,3.487500052,0.185460034,5.373630427698272,0.0568475836316721
2011-05-09,341.9958384,273.9708374,294.3416711,0.002158333,88005.0,0.0,3.80833339,4.866666739,0.185504596,6.073671159788899,0.1315347675345537
2011-05-10,343.1458384,278.2875041,291.016671,0.003970833,87833.33333,0.0,4.179166729,2.925000044,0.185534624,5.544120220781098,0.2975755786412372
2011-05-11,346.3916718,255.0041705,287.1166709,0.002604167,88305.83333,0.0,3.391666717,-0.995833348,0.185578639,4.628975540751394,0.2524084856003971
2011-05-12,346.8500052,264.9208373,289.091671,0.002479167,88724.16667,0.0,1.895833362,-1.912500028,0.1856379,4.9950153473897405,0.2123118505486068
2011-05-13,351.5291719,253.4708371,291.8000043,0.001258333,88645.83333,0.0,0.312500005,-0.200000003,0.185683161,4.410134387877535,0.0905613579179839
2011-05-14,351.9916719,271.1583374,293.6958377,0.001458333,88237.5,0.0,1.866666694,3.512500052,0.185713209,5.703799708485417,0.0927569817475727
2011-05-15,355.016672,258.5125039,292.6625044,0.001579167,88240.83333,0.0,2.275000034,2.212500033,0.185757236,5.376620459291662,0.1071501234750862
2011-05-16,343.2416718,263.8041706,294.016671,0.0016875,88376.66667,0.0,2.67500004,3.204166714,0.185795005,5.455216707729785,0.1053785907381811
2011-05-17,345.2625051,280.3625042,292.916671,0.003195833,88208.75,0.0,4.541666734,1.512500023,0.185851346,5.784120373956614,0.2133380388273066
2011-05-18,341.7541718,294.5875044,290.941671,0.004933333,88030.0,0.0,5.004166741,1.600000024,0.185889547,5.515943716013224,0.372305429427245
2011-05-19,345.5541718,289.5833376,287.9083376,0.0048625,87849.16667,0.0,5.100000076,1.945833362,0.185927593,4.825570429397278,0.4452076432572474
2011-05-20,351.4250052,270.612504,289.304171,0.00345,88497.91667,0.0,3.262500049,-1.354166687,0.18597924,5.101373968908847,0.2906865296080255
2011-05-21,351.0083386,278.0500041,291.5125043,0.002854167,88552.08333,0.0,1.816666694,-0.941666681,0.1860188,5.320929549488292,0.2089620398989438
2011-05-22,351.6375052,279.8083375,293.1500044,0.002420833,88308.33333,0.0,2.475000037,2.100000031,0.186058797,5.633172117881329,0.1594395739121528
2011-05-23,353.3916719,279.4375042,293.229171,0.002916667,88310.83333,0.0,2.920833377,3.787500056,0.186096502,5.867060412163344,0.1911529452602513
2011-05-24,362.9000054,263.1958373,292.9000044,0.002604167,88327.91667,0.0,4.566666735,2.479166704,0.186142874,5.814101963567324,0.1742580623865527
2011-05-25,358.854172,266.087504,293.7458377,0.001720833,88624.58333,0.0,2.733333374,-0.533333341,0.186185269,5.386293107643706,0.1095917128152105
2011-05-26,360.566672,272.0333374,296.1375044,0.001633333,88548.33333,0.0,3.433333384,-0.200000003,0.186225109,5.384915076393618,0.0896772696141663
2011-05-27,354.941672,294.3041711,297.3958378,0.002329167,88480.41667,0.0,3.920833392,0.450000007,0.186272946,5.539848156955415,0.1183709114150495
2011-05-28,353.3958386,307.6583379,299.0083378,0.003358333,88178.33333,0.0,4.054166727,1.662500025,0.186319716,5.4456888075442205,0.154371398532894
2011-05-29,351.0375052,307.0791712,298.0500044,0.004079167,87807.08333,0.0,3.437500051,5.045833409,0.186355313,6.040496501801533,0.1977651028212507
2011-05-30,356.491672,305.3583379,297.0375044,0.0052125,88117.91667,0.0,4.087500061,3.329166716,0.186406924,6.249588544467123,0.269610985236709
2011-05-31,356.766672,281.5791709,295.3291711,0.002054167,88746.25,0.0,-0.145833336,1.825000027,0.186444722,5.31745301050894,0.1187764488723142
2011-06-01,336.1541717,298.9500045,297.6333378,0.002375,88731.25,0.0,1.387500021,2.379166702,0.186481975,5.073209945494466,0.1193167841550828
2011-06-02,339.4583384,296.5458378,297.7500044,0.001641667,88574.16667,0.0,2.987500045,2.00000003,0.18651923,4.977826843088128,0.0817512488928373
2011-06-03,334.4333383,310.1041713,296.3500044,0.002491667,88573.33333,0.0,2.804166708,2.825000042,0.186571036,5.661316594529994,0.1350783973911263
2011-06-04,342.9416718,306.4166712,297.6625044,0.0030875,88744.58333,0.0,1.82083336,3.166666714,0.186608529,5.503794266992564,0.1548620924608792
2011-06-05,344.6083385,303.5083379,298.4125044,0.002066667,88917.5,0.0,2.137500032,-0.133333335,0.186644174,4.911802717314126,0.0992751682944367
2011-06-06,340.7000051,311.7750046,298.4708378,0.002554167,88702.08333,0.0,3.600000054,-0.275000004,0.186694388,5.165010514511993,0.1219678089603485
2011-06-07,344.3458385,298.4375044,296.9458378,0.002420833,88457.08333,0.0,3.487500052,1.329166686,0.186745242,5.456074650459914,0.1263983096665437
2011-06-08,347.4333385,293.3958377,297.4625044,0.002304167,88436.66667,0.0,3.595833387,3.433333384,0.186781469,5.3857491357484015,0.1165713839463131
2011-06-09,350.7458386,276.9458375,295.9500044,0.0018625,88552.08333,0.0,2.766666708,3.054166712,0.186817061,5.367091026671343,0.1034430871697453
2011-06-10,354.4500053,274.1958374,296.0166711,0.001733333,88449.16667,0.0,2.516666704,1.300000019,0.186867279,5.165481839071975,0.0957659154239121
2011-06-11,350.0708385,272.0375041,296.2791711,0.001504167,88419.16667,0.0,1.837500027,2.733333374,0.186903506,5.049441425213525,0.0817546510524048
2011-06-12,339.6541717,294.4541711,297.5458378,0.0020125,88241.25,0.0,2.02500003,3.437500051,0.186953721,5.084060548206479,0.1010799391802012
2011-06-13,344.9750051,299.4625045,297.2791711,0.002120833,88502.91667,0.0,3.12083338,1.691666692,0.187004574,5.288330302336001,0.1085747079294906
2011-06-14,350.1208386,294.7416711,298.2666711,0.001845833,88626.66667,0.0,3.429166718,0.075000001,0.187040802,4.863992476952991,0.0891547733108525
2011-06-15,347.2708385,298.7625045,299.0208378,0.002245833,88507.91667,0.0,3.520833386,0.041666667,0.187076393,4.660044527213522,0.1035419449029757
2011-06-16,347.8875052,304.6708379,300.0083378,0.002545833,88145.83333,0.0,4.300000064,2.554166705,0.187167306,4.259130689910214,0.1102183826797861
2011-06-17,346.8000052,309.6250046,301.1375045,0.002745833,88168.75,0.0,4.129166728,2.70000004,0.187246002,3.3341726044110493,0.1112365935611295
2011-06-18,343.1541718,326.4458382,301.7166712,0.0039,88371.25,0.0,4.187500062,2.666666706,0.187324065,3.6439598530047497,0.1530645482540176
2011-06-19,346.7916718,311.158338,300.4500045,0.0023625,88115.0,0.0,5.083333409,3.183333381,0.187402125,3.7686585027144086,0.0996060080562133
2011-06-20,344.5041718,313.195838,298.7666711,0.0034375,88012.5,0.0,4.391666732,0.800000012,0.187494808,5.325403013506356,0.1600100076866179
2011-06-21,347.8541719,301.1291712,298.0458378,0.0026375,88176.25,0.0,2.420833369,-1.395833354,0.187573503,5.1513884390427,0.12844040561149
2011-06-22,352.5500053,289.3208376,299.9750045,0.0014125,88284.16667,0.0,2.083333364,-1.570833357,0.187651563,3.528448086880434,0.0613694743871207
2011-06-23,347.2291718,310.8041713,301.3125045,0.002625,88457.91667,0.0,3.837500057,-1.475000022,0.187744246,3.0139079506867743,0.1055986222289596
2011-06-24,345.3291718,328.3750049,302.2958378,0.004108333,88425.83333,0.0,3.991666726,-2.104166698,0.187822945,3.0891563061883995,0.1559726408360303
2011-06-25,342.1250051,334.787505,302.9250045,0.00365,88304.16667,0.0,2.537500038,-2.350000035,0.187901005,1.5440488892572224,0.1334093342815259
2011-06-26,340.1208384,338.475005,303.4083379,0.003158333,88248.33333,0.0,1.970833363,-1.82083336,0.187993688,4.117750553872972,0.1121810700563743
2011-06-27,341.9208384,336.7833384,303.8250045,0.002916667,88280.41667,0.0,1.691666692,-1.179166684,0.188072383,4.252823641180834,0.1011722863908554
2011-06-28,323.4958382,344.6666718,304.0958379,0.002754167,88307.5,0.0,1.78333336,-0.579166675,0.188150443,4.188022740163899,0.094086337204213
2011-06-29,329.0541716,361.6541721,302.0750045,0.004958333,88325.0,0.300000004,1.929166695,1.13333335,0.188228503,5.240360591693656,0.1904665252550468
2011-06-30,290.579171,391.0791725,302.7958378,0.0074875,88350.41667,11.70000017,2.491666704,-1.008333348,0.188321189,122.74003836101328,0.2758760128314965
2011-07-01,310.5750046,347.5083385,302.5291712,0.004166667,88363.75,0.100000001,0.954166681,-2.575000038,0.188399885,46.61674054532084,0.1559424093451808
2011-07-02,308.1833379,357.929172,304.0333379,0.0044875,88272.08333,0.0,-2.666666706,0.462500007,0.188477944,24.140827747523105,0.1537899676911701
2011-07-03,304.2958379,372.2083389,303.1458379,0.006704166,88343.75,0.200000003,-0.995833348,2.250000034,0.188570627,16.286403780690954,0.2420319879607114
2011-07-04,277.1750041,393.6291725,302.2833378,0.009404166,88420.83333,2.600000039,0.987500015,-1.304166686,0.1886347,32.109349489418605,0.3572687290418737
2011-07-05,274.8125041,390.5500058,300.9416712,0.0099625,88507.91667,1.200000018,1.600000024,-1.725000026,0.188726746,28.25589048367283,0.4098403729886804
2011-07-06,291.0625043,381.4166724,300.8250045,0.0092375,88585.0,0.300000004,1.150000017,-1.645833358,0.188805442,20.77227351014573,0.3829696936097762
2011-07-07,288.254171,385.2083391,301.5166712,0.009391666,88491.25,2.400000036,1.545833356,-1.766666693,0.188898128,34.68664738066238,0.373449257326691
2011-07-08,276.5875041,375.9500056,302.4291712,0.008716666,88368.75,5.100000076,1.779166693,-1.629166691,0.188976824,68.25239631590624,0.3281547675123391
2011-07-09,267.6333373,380.4541723,301.7875045,0.0084,88280.0,4.900000073,2.004166697,-2.00000003,0.189054884,87.44287101858863,0.3279743580657676
2011-07-10,251.7500038,385.2458391,301.3541712,0.009125,88392.08333,2.600000039,2.608333372,-1.395833354,0.189147566,66.79228899067154,0.3659113376217092
2011-07-11,281.0333375,368.7000055,298.4958378,0.009733333,88545.83333,1.800000027,3.091666713,0.162500002,0.189226262,50.26061124831175,0.4632765028323618
2011-07-12,277.8750041,371.3833389,299.6083378,0.009279166,88513.75,0.0,2.654166706,-0.45833334,0.189304322,27.14748962900903,0.4131063939124769
2011-07-13,306.9625046,352.7208386,299.9875045,0.0072125,88486.66667,0.0,2.541666705,1.891666695,0.189397008,19.033114185919725,0.3138504201094813
2011-07-14,312.9125047,314.9500047,298.8166711,0.004004167,88466.66667,0.0,1.695833359,2.283333367,0.189475704,13.051408227116282,0.186789257844237
2011-07-15,311.5291713,312.5375047,298.7666711,0.0033875,88387.91667,0.0,1.287500019,1.833333361,0.189553763,10.594294073284178,0.1583551833157542
2011-07-16,306.9791712,341.9625051,301.8416712,0.003379167,88324.58333,0.0,1.09583335,-0.633333343,0.18938008,8.860261427583254,0.1315870509019985
2011-07-17,302.2250045,368.7291722,303.7208379,0.0050625,88287.5,0.100000001,-0.487500007,-0.079166668,0.189195451,8.688817493383851,0.176678106819154
2011-07-18,248.320837,377.1000056,301.3666712,0.007158333,88513.75,6.7000001,-2.020833363,0.487500007,0.189010821,56.21948248471247,0.2872324763593514
2011-07-19,266.6541706,376.8375056,300.6958378,0.007329166,88668.75,0.800000012,0.954166681,-1.570833357,0.188826192,37.76055799006032,0.3064667395149891
2011-07-20,273.9458374,380.6875057,301.0958378,0.0088125,88540.41667,0.600000009,2.554166705,-2.291666701,0.188641563,29.22892923728022,0.3593882946253829
2011-07-21,239.9833369,394.3625059,300.1750045,0.009595833,88515.41667,20.90000031,3.075000046,-2.225000033,0.188456934,171.5582105184584,0.4130791165368808
2011-07-22,267.8166707,373.6458389,300.1083378,0.008429166,88412.08333,0.0,2.91666671,-1.070833349,0.188257682,52.04531945380198,0.3638676926132229
2011-07-23,260.8625039,387.2791724,299.7583378,0.008945833,88525.0,1.200000018,3.050000045,-1.008333348,0.188087044,40.24004655387643,0.3947801504553496
2011-07-24,248.533337,392.3750058,297.6041711,0.010191666,88812.91667,28.70000043,3.366666717,-0.358333339,0.18790305,155.15231164991206,0.5133905132997368
2011-07-25,208.5125031,388.4458391,298.3208378,0.011366666,88865.41667,8.000000119,2.066666697,-0.162500002,0.18772246,89.851829467513,0.5487062600432543
2011-07-26,245.4250037,378.4875056,298.9458378,0.010708333,88543.75,4.00000006,2.658333373,-0.795833345,0.187541471,103.68244476922024,0.4961165482469932
2011-07-27,294.3583377,369.7666722,300.3041711,0.009266666,88461.25,1.500000022,2.333333368,-1.983333363,0.187345845,91.50235181577403,0.3956276850867642
2011-07-28,258.8125039,373.1208389,301.0875045,0.008258333,88365.83333,0.0,2.270833367,-2.725000041,0.18714962,43.75449284038872,0.3362891968426215
2011-07-29,291.0750043,387.9625058,301.1791712,0.0094875,88540.83333,10.30000015,1.079166683,-1.091666683,0.186967972,113.94669637059488,0.3850261684530326
2011-07-30,270.2791707,388.2166725,301.1416712,0.009308333,88644.58333,5.800000086,0.133333335,-0.858333346,0.186786993,92.35560249932688,0.3790326075759507
2011-07-31,273.0750041,374.0916722,300.4875045,0.008095833,88652.5,0.0,-1.391666687,0.45833334,0.186605994,64.94671894642126,0.3426523840020273
2011-08-01,263.1916706,398.5416726,300.7833378,0.011525,88735.0,8.300000124,1.454166688,-1.550000023,0.186425031,114.07709890192332,0.4797914873555035
2011-08-02,302.8500045,372.5708389,300.7583378,0.009870833,88678.75,0.0,1.525000023,-2.200000033,0.186229425,73.8926836063999,0.4112731046011035
2011-08-03,300.8541711,372.9083389,300.1583378,0.008733333,88565.83333,17.20000026,2.045833364,-2.100000031,0.186047769,174.01486961989772,0.3765361685381965
2011-08-04,303.0041712,364.7208388,300.5041711,0.008220833,88543.75,0.0,1.629166691,-2.554166705,0.185866789,64.80586236517308,0.3471740175568066
2011-08-05,283.5708376,381.6500057,301.8583378,0.009954166,88605.0,0.500000007,2.2291667,-1.966666696,0.185685778,39.394824244293645,0.3884737017108973
2011-08-06,297.9791711,378.7125056,300.5083378,0.008854166,88729.16667,0.200000003,2.225000033,-2.029166697,0.185504802,27.984059063771515,0.3746110726644681
2011-08-07,282.7250042,381.1041723,300.4083378,0.009866666,88600.41667,0.0,3.354166717,-1.616666691,0.185309194,19.91565109701348,0.4193146048224306
2011-08-08,288.8000043,385.6000057,300.1250045,0.011920833,88677.91667,0.0,3.670833388,-1.587500024,0.185127574,16.45970468632808,0.5156325948182843
2011-08-09,274.1666708,386.1250058,300.5833378,0.011329166,88510.83333,0.300000004,3.266666715,-1.458333355,0.184946597,15.302319406509683,0.4760326690696906
2011-08-10,275.9583374,378.7125056,299.9875045,0.010770833,88483.75,0.300000004,3.370833384,0.25416667,0.184750966,14.272394253157048,0.4686750831585456
2011-08-11,247.1500037,384.1291724,299.4666711,0.011691666,88641.66667,2.600000039,2.812500042,0.429166673,0.184569337,24.697133669481737,0.5256770992797171
2011-08-12,285.2791709,387.2708391,298.4041711,0.0120875,88668.75,7.300000109,2.729166707,-0.508333341,0.184373731,87.27924425294802,0.57930498280645
2011-08-13,275.1000041,376.6083389,298.4333378,0.0106375,88557.08333,6.800000101,2.208333366,-0.058333334,0.184192089,99.43554801454655,0.5082794478577128
2011-08-14,262.1875039,389.1333391,299.4666711,0.0105,88516.25,8.100000121,0.87916668,-0.412500006,0.18401111,103.50683415339458,0.4714298199970526
2011-08-15,252.8458371,378.1541723,299.4833378,0.009820833,88404.58333,3.700000055,1.725000026,-0.633333343,0.18383012,96.8451360453317,0.4399433546654229
2011-08-16,252.0416704,387.2083391,298.7250045,0.0109125,88611.66667,0.500000007,2.279166701,-0.725000011,0.183789841,69.57498837372823,0.5126948808342839
2011-08-17,284.6791709,385.0541724,300.7666711,0.010733333,88732.5,1.000000015,1.675000025,-0.320833338,0.18375571,54.007451504582015,0.4472607836867709
2011-08-18,262.5708372,391.8833392,301.5208378,0.010704166,88720.41667,17.70000026,2.233333367,-0.43333334,0.183721593,145.674823041094,0.4266374046197181
2011-08-19,280.4291708,383.3125057,299.7958378,0.0109,88636.25,2.900000043,2.604166705,-0.708333344,0.183672834,95.70036741765396,0.4805501728699536
2011-08-20,253.2083371,378.608339,299.8000045,0.010458333,88467.5,1.300000019,2.604166705,-0.500000007,0.18363805,59.40482668338056,0.4600865935172795
2011-08-21,284.8375042,370.4416722,300.0875045,0.0092,88574.58333,0.0,1.908333362,-1.041666682,0.18361855,38.40967845078482,0.3983644007083287
2011-08-22,262.1458372,374.3333389,301.4291712,0.008370833,88677.91667,0.0,1.387500021,-1.908333362,0.183570402,25.076534351106133,0.3352755800125244
2011-08-23,264.8958373,383.9375057,302.3875045,0.009041666,88550.83333,1.500000022,1.195833351,-2.2041667,0.183535626,30.78226376247106,0.3419201792638175
2011-08-24,273.0708374,377.733339,302.3875045,0.008625,88490.83333,2.00000003,2.083333364,-1.654166691,0.183501489,38.01323267415975,0.3259425121588699
2011-08-25,282.2166709,380.3666723,302.3833378,0.00925,88445.83333,5.000000075,-0.500000007,-1.09583335,0.183467332,60.7130198355251,0.3494685930890674
2011-08-26,281.2375042,376.2666723,303.3250045,0.008779166,88569.58333,0.900000013,-3.354166717,0.395833339,0.1834332,54.29264451348277,0.3144748350392409
2011-08-27,280.5916708,367.0083388,302.7875045,0.007429166,88687.5,1.300000019,-2.100000031,-0.083333335,0.183399065,38.16128487146159,0.2749040722453545
2011-08-28,279.8708375,375.5500056,302.0583378,0.00895,88577.91667,0.0,0.0125,-0.695833344,0.183364919,24.31228614675938,0.3451203080606598
2011-08-29,280.3583375,370.4416722,302.8083378,0.009195833,88472.91667,1.100000016,1.762500026,-2.166666699,0.183316158,26.159685669644723,0.3390429007142743
2011-08-30,274.6166708,372.8666722,303.2583379,0.007520833,88401.66667,2.100000031,1.708333359,-2.44583337,0.183296006,36.534627015257925,0.2699290861598593
2011-08-31,263.1375039,379.2125057,304.2416712,0.008095833,88239.16667,0.200000003,2.170833366,-1.750000026,0.183262479,23.046478708383656,0.2740444822474125
2011-09-01,261.8125039,378.5666723,302.0083378,0.0075125,88338.75,1.900000028,0.170833336,-0.825000012,0.183213716,28.53438109480881,0.2897518106696285
2011-09-02,274.8625041,373.0916722,300.9500045,0.008629166,88418.33333,2.00000003,1.537500023,-1.433333355,0.18317895,37.41458958406643,0.3544559628075572
2011-09-03,276.0041708,366.3666721,300.7375045,0.008533333,88402.5,0.100000001,2.816666709,-2.387500036,0.183144826,25.74839815180834,0.3548737301481172
2011-09-04,270.712504,362.2250054,301.0500045,0.007679166,88426.66667,0.0,0.745833344,-1.612500024,0.183110685,18.549954869035524,0.3136113184708684
2011-09-05,237.7291702,373.1291722,300.6666711,0.008175,88492.08333,2.100000031,-3.008333378,0.987500015,0.183076561,27.78915705838472,0.3417416410343066
2011-09-06,263.9166706,373.3041722,299.9000045,0.008758333,88568.33333,0.0,-1.608333357,-0.025,0.183042427,20.741112051627315,0.3834547561626353
2011-09-07,267.5083373,375.2791723,300.6333378,0.0093,88622.91667,0.0,1.270833352,-1.916666695,0.183008274,17.148208838382175,0.3901119123375591
2011-09-08,261.3166706,358.7708387,300.0375045,0.0070375,88655.83333,0.70000001,1.058333349,-1.129166683,0.18297406,16.673133918149624,0.3059121974473076
2011-09-09,255.4958371,349.4416719,298.8541711,0.006170833,88533.75,2.500000037,1.800000027,-0.21666667,0.182939765,27.137135388241376,0.287433912463093
2011-09-10,257.8041705,355.7375053,296.3541711,0.007845833,88500.41667,21.10000031,1.604166691,2.225000033,0.182890922,138.86686047361567,0.424880597827781
2011-09-11,252.1708371,349.2333385,295.4625044,0.007833333,88742.91667,1.800000027,0.908333347,0.795833345,0.182870749,57.483114915528816,0.4492275070509976
2011-09-12,235.5541702,357.3583387,296.7166711,0.0073625,88996.25,0.0,1.641666691,0.250000004,0.182822626,40.941517972160206,0.3921837732865453
2011-09-13,249.6083371,347.4083385,295.0916711,0.006858333,89016.25,2.100000031,-0.175000003,-0.354166672,0.182787848,36.21855413481357,0.4036269689695158
2011-09-14,220.7833366,357.1625053,295.5791711,0.008716666,88650.0,10.60000016,1.266666686,0.604166676,0.182753713,82.55983209737002,0.4957976919694837
2011-09-15,248.733337,348.3250052,295.6583377,0.0097125,88520.0,1.100000016,1.162500017,1.137500017,0.182719617,67.00484419871556,0.5489572981085756
2011-09-16,244.9500037,349.6125052,296.1125044,0.0092125,88655.41667,1.200000018,1.379166687,1.887500028,0.182578378,59.11970017226813,0.5071932866685376
2011-09-17,257.4333372,335.662505,294.8583377,0.008695833,88762.91667,0.0,1.766666693,2.70000004,0.182445861,38.01095168829938,0.517705569197221
2011-09-18,263.7916706,311.9041713,294.5708377,0.0066125,89059.16667,0.0,2.054166697,-0.816666679,0.182286522,23.226996136381217,0.4020667047392839
2011-09-19,263.8916706,296.3333377,295.7291711,0.004154167,88924.58333,0.0,0.095833335,-0.995833348,0.18215514,15.851476108768246,0.23484742497364
2011-09-20,260.8666706,308.2916713,297.1125044,0.004625,88738.33333,0.0,1.800000027,-1.583333357,0.182009781,14.74196454585798,0.2398139313089602
2011-09-21,254.7083371,310.920838,297.7625044,0.003416667,88698.33333,0.0,2.166666699,-1.441666688,0.181863791,12.762857915783655,0.1702522144534776
2011-09-22,251.9458371,323.5208382,296.5583378,0.00405,88796.25,0.200000003,1.57916669,-1.745833359,0.181717764,12.070472985724152,0.2173339916079241
2011-09-23,253.4291704,310.233338,296.7375044,0.003508333,88832.08333,0.0,-0.095833335,-1.254166685,0.181586401,9.112848283768836,0.1863000328894507
2011-09-24,252.1375038,300.4041711,297.0250044,0.002695833,88811.25,0.0,0.670833343,-0.566666675,0.181426373,7.172186457795256,0.1406428598001485
2011-09-25,250.7333371,317.3083381,297.8500044,0.004425,88511.25,0.0,2.795833375,0.708333344,0.181294357,8.17471246886658,0.2188739706339069
2011-09-26,249.6625037,311.1625046,296.9708378,0.004179167,88624.16667,0.0,1.983333363,0.925000014,0.181134359,6.739107117649652,0.2182863044767574
2011-09-27,232.7083368,324.8208382,295.3500044,0.005045833,88793.75,1.800000027,1.429166688,-0.350000005,0.181002738,11.055971529539852,0.2915436505601534
2011-09-28,241.3791703,325.8958382,294.7375044,0.006091667,88740.0,0.0,2.412500036,-1.77083336,0.180863174,8.892442244358566,0.3652881291819219
2011-09-29,240.9375036,322.1625048,295.2541711,0.005745833,88727.5,0.0,2.066666697,-2.320833368,0.180716914,7.545055152884046,0.333702229470515
2011-09-30,226.42917,324.2666715,296.5791711,0.005575,88890.83333,0.0,-2.225000033,-0.729166678,0.18057743,6.023616050575422,0.2991085691781423
2011-10-01,215.6166699,330.3916716,295.3625044,0.005345833,88787.5,0.900000013,-3.070833379,1.479166689,0.180423885,8.201491409307293,0.3086184020103838
2011-10-02,228.0375034,330.9666716,294.5083377,0.005691667,88816.66667,1.100000016,-0.195833336,-0.337500005,0.180284252,11.338559546086715,0.3464710297335656
2011-10-03,228.9125034,325.5916715,293.8125044,0.0057625,88814.16667,0.0,1.262500019,0.150000002,0.1801451,8.208644110224359,0.366248803108232
2011-10-04,232.9750035,316.8625047,294.3291711,0.006120833,88740.41667,0.200000003,1.304166686,3.625000054,0.180005687,7.541541966757805,0.3764290449722189
2011-10-05,239.1375036,303.9083379,292.0500044,0.006858333,88511.25,0.0,2.695833374,3.825000057,0.179852386,5.858844043018448,0.4851217871098839
2011-10-06,236.8333369,298.3125044,291.504171,0.006783333,88260.0,0.0,3.404166717,4.283333397,0.179713891,5.317381102797278,0.4952512194913452
2011-10-07,160.9250024,339.2958384,289.341671,0.006745833,88414.16667,0.0,3.625000054,1.57916669,0.179558961,3.729551760994053,0.5664747892854995
2011-10-08,240.5416703,248.908337,284.3291709,0.002958333,88775.41667,0.0,1.441666688,-1.654166691,0.179419031,3.300458549300711,0.3468057432626097
2011-10-09,238.7500036,247.4666704,285.6541709,0.0023875,88770.0,0.0,0.295833338,-1.083333349,0.17927998,3.148250159939568,0.2561896518464321
2011-10-10,234.0375035,263.9583373,289.3125043,0.0026875,88596.25,0.0,0.350000005,1.75833336,0.179131353,3.514850288920013,0.2265704683667685
2011-10-11,234.8208368,262.0250039,289.279171,0.002270833,88456.25,0.0,2.583333372,-0.725000011,0.17898553,3.763301251005574,0.1915518748621066
2011-10-12,235.6041702,257.0625038,289.5958376,0.00175,88616.66667,0.0,1.162500017,-1.80833336,0.178854472,3.445438294678869,0.1449007786902877
2011-10-13,233.8375035,263.3500039,291.879171,0.0019375,88662.91667,0.0,-0.437500007,0.708333344,0.178709423,2.730088622525428,0.1387715517200823
2011-10-14,231.2250034,269.5083373,292.7000044,0.002166667,88691.66667,0.0,2.679166707,-1.175000018,0.178563742,3.807952885052094,0.1474170740164047
2011-10-15,226.1833367,271.9291707,294.4916711,0.001929167,88725.83333,0.0,0.295833338,0.020833334,0.178410346,2.0197354739687663,0.1174358786031759
2011-10-16,224.9250034,278.3541708,293.7375044,0.00205,88760.41667,0.0,1.425000021,-1.287500019,0.17832416,3.195042406856864,0.130822745621554
2011-10-17,223.7708367,278.1541708,291.8208377,0.003016667,88894.16667,0.0,3.525000053,-2.979166711,0.178255534,4.210897013572203,0.2174291958072014
2011-10-18,224.0583367,261.2125039,291.441671,0.0024375,88965.41667,0.0,-0.045833334,-1.675000025,0.178169361,2.6262191629679816,0.1800960761763093
2011-10-19,223.6750033,269.2833373,292.7750044,0.002558333,88785.41667,0.0,-2.566666705,1.358333354,0.178096824,3.355026896835723,0.1734315022243471
2011-10-20,201.337503,277.5666708,292.2875044,0.0023375,88698.75,0.0,2.758333374,0.86666668,0.178010292,3.1332267596137755,0.1632310564418501
2011-10-21,211.4208365,291.191671,291.854171,0.003758333,89035.0,0.0,0.895833347,0.587500009,0.177937744,2.496307764724829,0.2707438379554191
2011-10-22,210.6250031,299.3083378,292.066671,0.003933333,89005.83333,0.0,0.525000008,-1.670833358,0.177851211,2.9107599867627854,0.2794836365635257
2011-10-23,210.7125031,288.329171,292.0375044,0.003354167,88910.83333,0.0,1.733333359,-1.683333358,0.177778662,3.045222487930161,0.2385149162426307
2011-10-24,124.2583352,312.783338,292.691671,0.003108333,88916.25,0.0,1.187500018,-0.550000008,0.17769213,1.478666794124688,0.2121331856184417
2011-10-25,196.5458363,306.9166712,291.5458377,0.004670833,88868.75,0.0,2.520833371,0.341666672,0.177619585,2.913778139396049,0.3424646601888149
2011-10-26,202.675003,303.5541712,291.2708377,0.006191667,88467.5,0.0,3.066666712,2.2666667,0.177533049,2.9758944764780426,0.4598701021636595
2011-10-27,207.7625031,272.6750041,289.379171,0.0048875,88472.91667,0.0,2.2666667,-1.12083335,0.177460504,2.25698068430374,0.4097047022872814
2011-10-28,206.5958364,255.3958371,288.5375043,0.003295833,88813.33333,0.0,-1.258333352,-0.145833336,0.17737391,1.6558712120270225,0.2928489809361759
2011-10-29,205.2291697,253.1708371,288.466671,0.002504167,88889.58333,0.0,-2.616666706,0.516666674,0.177292617,2.1552501961718407,0.2237227228743364
2011-10-30,205.5333364,244.3125036,287.3416709,0.002025,89025.41667,0.0,0.154166669,-1.333333353,0.177211506,1.5207652784659018,0.1949759920426668
2011-10-31,202.2708363,251.4083371,290.079171,0.001766667,88903.33333,0.0,-0.858333346,0.554166675,0.177143182,1.3402094359323142,0.1422710621121729
2011-11-01,193.5250029,259.0208372,289.4000043,0.002025,88595.0,0.0,2.166666699,0.300000004,0.177051918,1.809070417884532,0.1697560492070245
2011-11-02,196.0750029,249.1791704,287.3208376,0.0023625,88790.41667,0.0,2.666666706,-0.920833347,0.176974247,1.8355914414678849,0.2271812324605323
2011-11-03,188.8916695,243.995837,285.9958376,0.0017,89047.91667,0.0,-3.279166716,1.125000017,0.176897215,1.9099301537573152,0.1788918290709194
2011-11-04,176.4375026,266.0458373,286.8708376,0.002341667,88365.41667,0.0,-1.970833363,3.937500059,0.176820183,2.198781546179443,0.2308144224431839
2011-11-05,159.2250024,289.3958376,284.4791709,0.0052,88060.83333,1.700000025,4.379166732,4.554166735,0.176743148,2.5979908460465264,0.5986395953941863
2011-11-06,160.2125024,264.5500039,282.6166709,0.0045375,88567.08333,0.0,0.991666681,0.029166667,0.176651494,1.87199019614982,0.5957618148731069
2011-11-07,122.8958352,259.2791705,280.3208375,0.003858333,88577.08333,1.300000019,3.191666714,2.429166703,0.176588449,2.0844567136697707,0.5931500416996777
2011-11-08,184.8250028,223.8333367,277.2416708,0.003141667,88916.25,0.0,2.183333366,-1.670833358,0.176497427,1.7745247846631813,0.6018087818272174
2011-11-09,184.9416694,223.7125033,280.1833375,0.002625,89225.83333,0.0,-2.683333373,-1.670833358,0.176419759,2.2283721662725418,0.4103973887180038
2011-11-10,182.133336,220.7500033,280.9541709,0.0019625,89327.5,0.0,-5.741666752,1.200000018,0.176342728,2.556895759326663,0.2912219330210215
2011-11-11,154.1208356,254.0458371,283.2875042,0.0018125,88821.25,0.0,-2.375000035,1.662500025,0.17625107,2.2765138970052603,0.2280426134171255
2011-11-12,147.5083355,288.4750043,285.0625042,0.002916667,88520.41667,0.0,1.033333349,3.758333389,0.176173402,2.39456443995874,0.3246207587714015
2011-11-13,115.5875017,307.9166713,284.6291709,0.005804167,88602.08333,7.900000118,0.820833346,3.433333384,0.176096371,24.521344689318745,0.6655814848485648
2011-11-14,157.6208357,303.0333378,285.1000042,0.00705,88563.75,1.300000019,1.208333351,0.800000012,0.176019336,18.872434334579506,0.7830784291014727
2011-11-15,169.0166692,263.8333373,283.1166709,0.005629167,88655.41667,0.0,3.100000046,-0.391666673,0.175942304,12.75297788455378,0.7151431684241292
2011-11-16,169.4708359,252.4541704,282.0708375,0.004575,88863.33333,0.0,1.883333361,-1.37500002,0.175750641,8.96491836053279,0.6255432885084055
2011-11-17,170.6750025,249.6083371,283.9166709,0.0037375,88992.08333,0.0,-1.966666696,0.187500003,0.175539371,7.711503958619152,0.4515608210707628
2011-11-18,166.4875025,243.7166703,284.3958376,0.003091667,88649.16667,0.0,1.333333353,2.262500034,0.175342088,6.277794810276054,0.360306617589212
2011-11-19,150.7916689,262.1916706,284.2708376,0.003366667,88420.0,0.0,2.179166699,3.37500005,0.175130815,5.005176783455991,0.3946362379597382
2011-11-20,163.8583358,276.9875041,285.4958376,0.004333333,88515.0,0.0,0.245833337,3.733333389,0.174933532,4.136663009719854,0.4685515627420708
2011-11-21,149.1500022,281.9375042,285.3833376,0.00605,88669.16667,0.0,1.291666686,2.708333374,0.174736885,2.3575545298016327,0.6602289930888239
2011-11-22,165.6291691,257.3000038,283.0041709,0.004520833,89251.66667,0.0,-0.037500001,-1.654166691,0.174525615,2.040941394750025,0.5826257561910841
2011-11-23,167.2166692,229.2458367,284.1916709,0.002475,89107.91667,0.0,-3.391666717,1.525000023,0.174328333,2.1118772301718978,0.2939313585933743
2011-11-24,112.9166683,275.6375041,284.3875042,0.0033625,88800.83333,0.0,-1.037500015,4.391666732,0.174131686,1.6626405019608868,0.3927596404898454
2011-11-25,134.587502,294.1916711,282.7000042,0.006325,88857.5,1.500000022,1.662500025,0.320833338,0.173935035,2.7609617387900496,0.8284712699766917
2011-11-26,163.1000024,235.6333368,280.9041709,0.004308333,89250.41667,0.0,1.345833353,-2.625000039,0.173723765,1.6913800601129214,0.6409826630053733
2011-11-27,163.8000024,217.7416699,281.2458375,0.001883333,89836.66667,0.0,-3.904166725,0.24166667,0.173526483,2.1504243023160923,0.2754778003340469
2011-11-28,161.9083357,218.0750032,281.2041709,0.0011375,89439.58333,0.0,-1.175000018,-0.104166668,0.173329836,1.507528792873278,0.1661238362564632
2011-11-29,156.5083357,212.8750032,282.4916709,0.000916667,89027.5,0.0,0.587500009,-0.591666675,0.173118566,0.9318783615920828,0.1220151814262468
2011-11-30,161.6541691,222.21667,285.1791709,0.0016375,88942.08333,0.0,-1.833333361,1.13333335,0.172921283,1.3316742978479952,0.1817010730915811
2011-12-01,160.8916691,227.4291701,284.8500042,0.001716667,87889.58333,0.0,1.416666688,6.487500097,0.17271001,1.6537104840529175,0.1924105072105756
2011-12-02,96.80416811,296.5916711,283.0583376,0.004954167,88317.08333,0.500000007,-0.816666679,4.054166727,0.172512727,0.9469653277701876,0.6294707212231638
2011-12-03,77.75416783,315.0500047,280.1250042,0.0042125,88498.33333,0.0,3.087500046,2.325000035,0.172379022,0.6978528765064991,0.6558702861146002
2011-12-04,148.9208356,263.6625039,277.7916708,0.003933333,88846.66667,0.800000012,2.637500039,-1.029166682,0.209496472,1.1051718484772663,0.7240609825348834
2011-12-05,142.9541688,217.2291699,273.1000041,0.002720833,88836.66667,0.0,2.362500035,-0.495833341,0.227716548,0.4977004876673944,0.7026540328886086
2011-12-06,160.8625024,213.6833365,272.3375041,0.002358333,89217.5,0.0,-0.708333344,-1.670833358,0.218744187,0.5909344862563202,0.6470826092303802
2011-12-07,160.2583357,187.7666695,272.4166707,0.0013625,89300.41667,0.0,-2.854166709,0.112500002,0.210960107,0.5648666853281998,0.3720042542422642
2011-12-08,161.5375024,186.2166694,274.7666708,0.001083333,88817.08333,0.0,-1.366666687,1.56666669,0.199879493,0.5395931295161311,0.2476248105272722
2011-12-09,163.1583358,183.9291694,277.9583375,0.000741667,88808.75,0.0,-1.137500017,0.250000004,0.188894882,0.5083190233103225,0.1348710555390719
2011-12-10,136.650002,222.1208366,278.4125041,0.001725,88931.66667,0.0,-4.191666729,0.283333338,0.181236687,0.7698798435254853,0.3042184348312199
2011-12-11,143.3416688,245.3875037,281.2416709,0.003645833,88625.0,0.0,-3.016666712,1.329166686,0.175993832,0.7115269584144357,0.5262393886756414
2011-12-12,72.50000108,306.3708379,283.3875042,0.004883333,88348.75,14.70000022,-1.516666689,3.112500046,0.173076666,42.01621069949433,0.607017360962111
2011-12-13,101.9416682,312.7250047,281.1541709,0.006008333,88392.5,9.200000137,-0.025,5.383333414,0.171317265,40.32866485063329,0.8701911377296256
2011-12-14,142.7375021,281.4250042,277.1916708,0.004391667,88703.33333,7.40000011,1.512500023,2.2666667,0.172731692,37.40338133744252,0.8422301484864348
2011-12-15,155.016669,221.7625033,276.4708375,0.003783333,88958.33333,0.0,-0.475000007,-1.779166693,0.171501262,13.99486895411546,0.7660492557914195
2011-12-16,152.9916689,224.9958367,277.4375041,0.003325,88667.5,0.0,-5.750000086,1.254166685,0.17043007,28.75591741783397,0.6263706273253357
2011-12-17,147.0583355,255.5000038,281.5916709,0.004704167,88934.16667,0.0,-5.520833416,1.650000025,0.169654889,21.2261249363341,0.665182437733953
2011-12-18,107.7291683,280.8916709,281.6958375,0.005433333,88899.16667,1.100000016,-0.875000013,-0.666666677,0.169217309,7.813413817147777,0.7625209326992495
2011-12-19,142.8166688,279.1541708,280.2458375,0.005270833,88647.5,1.900000028,4.641666736,-1.570833357,0.172270813,17.820061620679187,0.8151686682415853
2011-12-20,146.8166689,259.1916705,278.8500042,0.0051625,88580.41667,0.0,0.745833344,-0.89166668,0.171065843,8.40718945307632,0.8793945796590712
2011-12-21,146.5583355,240.0125036,278.1041708,0.00415,88348.75,0.0,1.025000015,-0.116666668,0.169449518,5.756069224838774,0.7430687874901032
2011-12-22,132.825002,255.0375038,277.8875041,0.004495833,88682.91667,0.0,2.816666709,-0.195833336,0.168598679,4.288884178429895,0.8205007792432865
2011-12-23,149.2250022,241.6458369,275.4166708,0.002916667,88948.33333,0.0,2.920833377,-2.833333376,0.169067725,4.281398458533493,0.6369794361317246
2011-12-24,154.029169,213.2958365,272.7833374,0.002020833,89485.0,0.0,-2.079166698,-2.354166702,0.171872002,2.820260563471851,0.5381036273576343
2011-12-25,156.2125023,204.7208364,274.6375041,0.002008333,89501.25,0.0,-3.312500049,-1.300000019,0.169790288,2.3347579789233195,0.4669545514085931
2011-12-26,155.2583356,209.7916698,275.8958374,0.001654167,89402.08333,0.0,-2.075000031,0.195833336,0.168427643,2.1591701548529865,0.3507799674161115
2011-12-27,154.804169,218.1250033,278.1833375,0.001958333,89281.66667,0.0,0.487500007,-0.487500007,0.167471264,1.714974141730948,0.3523734041778986
2011-12-28,158.3750024,215.6791699,279.6166708,0.002283333,89278.33333,0.0,0.195833336,-1.216666685,0.166885547,1.4504008873760483,0.3715491478952315
2011-12-29,154.1708356,234.5250035,282.0000042,0.002020833,89013.75,0.0,-0.65000001,-0.295833338,0.166495651,1.4898585805787268,0.2781208650433063
2011-12-30,152.5875023,249.1125037,283.4916709,0.002445833,88909.16667,0.0,0.800000012,-0.970833348,0.166179505,1.5450219827992604,0.3038093403907597
2011-12-31,153.8833356,243.3875036,283.6833376,0.002808333,88840.83333,0.0,1.287500019,-1.154166684,0.165917401,1.2181961554643606,0.3440896817011983
2012-01-01,151.9875023,239.7666702,284.0708376,0.003154167,89319.16667,0.0,-2.716666707,-0.416666673,0.16566547,1.0177288068552388,0.378538080027249
2012-01-02,151.2083356,239.8083369,282.0958375,0.002875,89612.5,0.0,-4.075000061,0.525000008,0.165404637,0.8789648958740359,0.3957385763805741
2012-01-03,150.0250022,231.3208368,281.0083375,0.002195833,89621.66667,0.0,-2.670833373,0.754166678,0.165155881,0.7203427950859855,0.3257016265540293
2012-01-04,153.7375023,237.9083369,283.0958376,0.002183333,89547.5,0.0,-0.129166669,-1.879166695,0.164907129,0.720055658969985,0.2805627461305809
2012-01-05,156.2375023,223.6583367,281.0916709,0.002125,89361.66667,0.0,-3.020833378,0.525000008,0.164658376,0.5967736863509385,0.3124815512122523
2012-01-06,155.404169,226.5208367,282.4458375,0.001933333,88847.5,0.0,1.395833354,0.495833341,0.164395,0.5088213235222137,0.2576235344064712
2012-01-07,154.8500023,239.7416702,282.4541709,0.002829167,88635.41667,0.0,1.870833361,1.070833349,0.164145612,0.5106060251246989,0.375883296647048
2012-01-08,157.454169,232.4541701,281.6666709,0.0028,88561.25,0.0,3.329166716,-0.729166678,0.16389686,0.4821454267126135,0.3922452739370934
2012-01-09,155.604169,227.9416701,277.2208375,0.002670833,88946.66667,0.0,0.450000007,-2.550000038,0.16366273,0.2882540660279074,0.5125508809592927
2012-01-10,156.629169,224.91667,278.4791708,0.002408333,89163.33333,0.0,-0.570833342,-0.162500002,0.163414613,0.3082129200516502,0.4238427972442585
2012-01-11,143.0666688,240.7583369,279.7666708,0.002029167,88691.25,0.0,2.029166697,-0.187500003,0.163151238,0.3483382866239806,0.3246092934360903
2012-01-12,110.858335,271.3541707,280.6250042,0.002229167,88550.41667,0.0,-0.429166673,-0.529166675,0.162901849,0.3029750888850849,0.3354536393879799
2012-01-13,162.6833358,245.908337,282.6583375,0.002225,88950.0,0.0,-1.650000025,-1.150000017,0.162653097,0.4280170162916799,0.2925694787952929
2012-01-14,162.8125024,207.3208364,280.3166708,0.001225,89287.91667,0.0,-3.087500046,0.541666675,0.162404344,0.3612367006773291,0.1898880712671817
2012-01-15,146.5041688,251.4625037,281.2333375,0.001441667,89035.0,0.0,-0.391666673,2.191666699,0.162155592,0.3860708734186371,0.2091727050770825
2012-01-16,134.2208353,298.3250044,285.0750042,0.005075,88930.83333,2.200000033,2.895833376,2.412500036,0.162343259,2.5082159030777658,0.5669861037814948
2012-01-17,162.7125024,245.720837,280.8125042,0.00505,89152.91667,0.0,1.504166689,-0.029166667,0.162535281,1.2477538815568088,0.7552674603464803
2012-01-18,167.8166692,226.49167,281.2208375,0.003458333,89257.91667,0.0,0.100000001,-0.170833336,0.162741288,1.2651872634133616,0.5034615594647166
2012-01-19,169.4541692,216.3375032,280.8166709,0.0012875,89022.08333,0.0,1.425000021,-0.333333338,0.16293331,1.198145817273095,0.1922179400542981
2012-01-20,171.2958359,217.5875032,281.5916709,0.001416667,88747.08333,0.0,2.808333375,-0.212500003,0.16313932,1.1612435391671798,0.1998992983769033
2012-01-21,164.4458358,234.1916702,281.7291709,0.001529167,88778.33333,0.0,2.558333371,1.070833349,0.163345962,1.0662445758214707,0.21382461113366
2012-01-22,166.9250025,238.2083369,282.0166709,0.0030625,88772.08333,0.0,4.491666734,-0.595833342,0.163537984,0.8302848491223389,0.4198592932500262
2012-01-23,168.5500025,235.0791702,280.4750042,0.0017375,88810.41667,0.0,1.991666696,-0.087500001,0.16374399,0.7715093085341549,0.2649687272396867
2012-01-24,168.7833358,274.7250041,281.6791709,0.003545833,88353.75,0.0,2.983333378,-1.041666682,0.163936013,0.758740271014994,0.4951389667733009
2012-01-25,172.3791692,230.5291701,278.9791708,0.003325,89007.5,0.0,1.129166683,-3.287500049,0.164142023,0.4299201227506921,0.5639893290366993
2012-01-26,174.1083359,231.6791701,280.6458375,0.002491667,89057.5,0.0,0.991666681,-2.087500031,0.164334042,0.5312854848803987,0.3765601136190711
2012-01-27,174.6750026,234.7541702,282.8708375,0.002195833,88822.91667,0.0,2.554166705,-0.491666674,0.164540051,0.6014602952243321,0.2841892483101354
2012-01-28,176.220836,251.5833371,284.0125042,0.002779167,88885.41667,0.0,-1.437500021,-0.67500001,0.164746693,0.5987835894145455,0.3332182152196191
2012-01-29,180.9166694,230.9666701,282.1250042,0.002429167,89440.83333,0.0,-3.850000057,0.154166669,0.164938716,0.5405349313172603,0.3330657671875762
2012-01-30,181.820836,228.9041701,283.0916709,0.002145833,88933.33333,0.0,-0.754166678,1.82083336,0.165144722,0.4771488956772596,0.2739300380053969
2012-01-31,179.0041693,239.7458369,283.1625042,0.002170833,88780.83333,0.0,2.370833369,2.145833365,0.165336744,0.5403567783066259,0.2753220797110681
2012-02-01,181.2750027,233.7375035,283.1375042,0.002408333,89128.33333,0.0,1.14583335,0.429166673,0.165542754,0.4012915803210272,0.3071588541047153
2012-02-02,187.2250028,222.86667,282.0291709,0.001825,88618.33333,0.0,3.233333382,0.629166676,0.165734773,0.4703757972055322,0.2495552217477931
2012-02-03,187.1875028,213.6083365,278.8875042,0.001945833,88603.75,0.0,2.970833378,0.287500004,0.165940783,0.3604697110622193,0.3306749447727052
2012-02-04,185.1083361,223.3708367,279.6666708,0.0018,88748.33333,0.0,-0.341666672,0.44583334,0.166132802,0.3651671040317819,0.2901483973857905
2012-02-05,177.5750026,252.6458371,281.8583375,0.002054167,88777.91667,0.0,-2.137500032,1.512500023,0.166338811,0.5706882876414128,0.2847050410005301
2012-02-06,174.3041693,240.0500036,281.8125042,0.00235,88705.41667,0.0,-1.054166682,1.887500028,0.166530834,0.4962597633307064,0.3264638130280911
2012-02-07,167.1458358,243.9916703,281.5625042,0.002095833,88651.25,0.0,0.962500014,1.55416669,0.16673684,0.497861414362937,0.2960055660049939
2012-02-08,129.0583353,293.7833377,282.4958375,0.002745833,88757.91667,1.700000025,-3.062500046,1.708333359,0.166943486,2.1090471549165115,0.364280655390273
2012-02-09,188.6791695,270.287504,282.8208375,0.003445833,88852.5,0.0,-1.070833349,-1.933333362,0.167135505,2.019061773115715,0.4476323258283595
2012-02-10,193.5166696,241.3500036,282.7416709,0.002570833,89117.08333,0.0,1.804166694,-1.629166691,0.167341514,1.6662270155519994,0.3367657080675719
2012-02-11,198.612503,227.0250034,283.2000042,0.001895833,88703.75,0.0,0.150000002,0.845833346,0.167533537,1.4555114811118617,0.2396264685321484
2012-02-12,193.1833362,249.6166704,283.4125042,0.002666667,88297.5,0.0,1.55416669,4.195833396,0.167739543,1.5672498063378049,0.330725545617859
2012-02-13,198.050003,241.1791703,281.4916709,0.00365,88391.66667,0.0,3.10833338,1.525000023,0.167931566,1.049476030047272,0.516503966202332
2012-02-14,176.1625026,259.5250039,280.8083375,0.00345,88187.91667,0.0,3.070833379,2.991666711,0.168214502,0.9691585224616353,0.5105366628996002
2012-02-15,203.712503,224.71667,277.2541708,0.00285,88646.25,0.0,2.558333371,0.554166675,0.170568821,0.6618977767795582,0.5437966265007859
2012-02-16,177.345836,243.695837,280.5000042,0.002404167,88432.08333,0.0,-1.562500023,3.625000054,0.170092777,0.9248048315644316,0.3644424018627946
2012-02-17,79.77916786,298.8583378,281.0541709,0.003966667,88610.0,1.800000027,0.725000011,1.054166682,0.174552849,1.610656286571834,0.5798884953675495
2012-02-18,205.0333364,243.233337,279.1000042,0.004120833,88882.08333,0.0,2.600000039,-0.612500009,0.174720748,1.708903184937109,0.6921115104147847
2012-02-19,201.0291697,229.2416701,280.4041708,0.002495833,88390.41667,0.0,1.829166694,1.520833356,0.171745976,1.890323342836386,0.3806770154037748
2012-02-20,214.6583365,223.6208367,278.9166708,0.002545833,88552.08333,0.0,2.491666704,-0.783333345,0.17064676,1.5236335156433776,0.4315032262833441
2012-02-21,216.8458366,219.3666699,281.5250042,0.0016625,88750.0,0.0,-0.487500007,0.162500002,0.170574336,1.90796731009762,0.2356708469094734
2012-02-22,216.5250032,231.1458368,282.5125042,0.001745833,88836.66667,0.0,1.266666686,-1.483333355,0.17076576,1.6959778028126105,0.2315565402891866
2012-02-23,217.6541699,228.8625034,283.1541709,0.0018625,88317.5,0.0,3.662500055,-0.833333346,0.171075497,1.6436161248759174,0.235116735256239
2012-02-24,218.5125033,234.9833368,283.1041709,0.001954167,88521.66667,0.0,0.966666681,-1.054166682,0.171400545,1.4611158444276398,0.2480976297797818
2012-02-25,219.4875033,242.933337,284.9625042,0.0022375,88809.58333,0.0,0.766666678,0.045833334,0.171738256,1.4928222466530676,0.25151625593272
2012-02-26,218.9291699,244.2291703,284.3208376,0.0022875,88414.58333,0.0,2.429166703,0.779166678,0.172075995,1.381603192537519,0.2672232782315334
2012-02-27,222.7083367,246.670837,285.1833376,0.002495833,88323.33333,0.0,0.062500001,4.745833404,0.172428393,1.5499285469132351,0.2749408722951083
2012-02-28,228.9083367,240.3208369,283.2166709,0.003645833,88580.41667,0.0,3.291666716,3.037500045,0.172788941,1.1395860898730583,0.4596605639584563
2012-02-29,232.6166701,217.7416699,279.9416708,0.002416667,88963.33333,0.0,0.133333335,-0.475000007,0.173147002,0.979549536852816,0.3830913477782894
2012-03-01,243.2791703,217.7500032,280.8541709,0.001604167,88662.91667,0.0,3.320833383,-0.21666667,0.173469571,1.0496149948636426,0.2379120865127609
2012-03-02,243.208337,226.2250034,281.1208375,0.002145833,88443.33333,0.0,4.4833334,-1.854166694,0.173795132,1.1027718761135126,0.3116756822891869
2012-03-03,249.7500037,197.6291696,278.1000041,0.0008375,89147.5,0.0,0.100000001,-3.13333338,0.17413288,0.804807523328819,0.1513569050028696
2012-03-04,249.8083371,221.7458366,282.0666709,0.0011,89234.58333,0.0,-0.541666675,-1.533333356,0.174470625,1.022423025853214,0.1510752040623615
2012-03-05,245.6500037,237.4958369,286.6000043,0.001445833,88848.75,0.0,-0.629166676,0.68750001,0.174808303,1.0872041785240207,0.1458691774630809
2012-03-06,236.4791702,274.0125041,286.8208376,0.001433333,88539.58333,0.0,2.70000004,2.183333366,0.175160688,1.562909457928301,0.1420258679760179
2012-03-07,253.6791704,237.9250035,286.8416709,0.001654167,88022.08333,0.0,4.150000062,5.062500075,0.175499051,1.777625652207696,0.1627267891297813
2012-03-08,255.2125038,220.69167,279.7083375,0.001933333,88687.91667,0.0,2.345833368,-3.14583338,0.175836825,0.8833798828630257,0.3105258985357358
2012-03-09,255.7375038,224.5333367,279.8583375,0.002108333,89254.58333,0.0,-5.450000081,-1.208333351,0.176189181,0.9571057382153552,0.3372572641656342
2012-03-10,255.1791705,232.6000035,279.3208375,0.0024875,88795.83333,0.0,-2.304166701,-0.850000013,0.1789746,0.7837075364739062,0.4109832714858807
2012-03-11,260.9083372,227.9625034,281.4250042,0.001933333,88792.08333,0.0,1.991666696,1.045833349,0.18014131,0.9394663820551068,0.2760822294788316
2012-03-12,266.3958373,231.0083368,286.2416709,0.001645833,88741.66667,0.0,0.541666675,1.279166686,0.178375308,1.0751057879392736,0.1698134389148324
2012-03-13,266.787504,228.0541701,286.4291709,0.000916667,88716.66667,0.0,0.795833345,2.087500031,0.177893638,1.20685915352877,0.0933900945435484
2012-03-14,268.2083373,232.0416701,286.4791709,0.001079167,88782.5,0.0,1.633333358,0.562500008,0.177974461,1.215422277775887,0.10966502415893
2012-03-15,263.5500039,238.2500036,287.2166709,0.0013875,88853.33333,0.0,0.958333348,-0.787500012,0.178246828,1.1977372402271866,0.1344327128464236
2012-03-16,272.6208374,236.7416702,287.9333376,0.001041667,88690.0,0.0,2.070833364,0.91666668,0.178440925,1.5271142112124136,0.0961305256860076
2012-03-17,268.125004,245.8750037,289.3375043,0.001458333,88285.83333,0.0,1.683333358,4.358333398,0.178642424,2.098015765081248,0.1223171848748841
2012-03-18,182.9708361,281.6666709,285.6791709,0.003720833,87954.58333,4.300000064,3.700000055,7.975000119,0.178830574,12.381871087954796,0.3949391138980152
2012-03-19,188.0416695,266.3041706,278.3125041,0.003158333,88162.91667,3.300000049,5.608333417,2.762500041,0.195662882,18.795137751697,0.5560873407927504
2012-03-20,261.6416706,229.8375034,275.3791708,0.002329167,88474.58333,0.100000001,3.175000047,-2.558333371,0.256306351,10.389901114240557,0.5073361518550205
2012-03-21,276.8875041,224.1083367,278.5125042,0.002058333,88714.16667,0.0,1.316666686,-2.612500039,0.220866501,9.984062605409427,0.359577077620223
2012-03-22,278.6750042,237.3750035,282.9083375,0.002070833,88572.91667,0.0,1.933333362,-0.825000012,0.19428946,9.881696802890268,0.2665778303676908
2012-03-23,280.6750042,247.4416704,287.2541709,0.002108333,88699.16667,0.0,1.354166687,1.262500019,0.183182292,8.958314688925864,0.2034181844848698
2012-03-24,279.7208375,259.7000039,289.204171,0.002308333,88613.75,0.0,-0.016666667,1.695833359,0.180621314,7.557167671375236,0.1960075767142847
2012-03-25,265.8666706,268.6083373,291.3458377,0.002233333,88410.83333,0.0,-0.075000001,4.175000062,0.180312915,6.330145279649735,0.1649818705675847
2012-03-26,286.8541709,267.2333373,288.579171,0.0029625,88521.25,0.0,1.295833353,3.183333381,0.180446388,4.885003134398163,0.2616573230403999
2012-03-27,290.4333377,257.6666705,288.7833376,0.003508333,88617.5,0.0,0.900000013,0.029166667,0.180633899,4.586472387720966,0.3061283128671274
2012-03-28,289.2833376,251.1083371,288.691671,0.001791667,88610.83333,0.0,1.57916669,-0.89166668,0.180836037,3.778877515909268,0.1572551967270837
2012-03-29,292.429171,250.0083371,289.1125043,0.001841667,88560.41667,0.0,2.587500039,-0.570833342,0.181038172,3.499316266165996,0.1572146947375166
2012-03-30,292.7708377,247.8666704,288.7375043,0.0017125,88563.33333,0.0,3.066666712,-0.041666667,0.181240309,3.16367143051379,0.149780867837606
2012-03-31,292.641671,259.5041705,290.5708377,0.00215,88592.08333,0.0,2.66250004,1.125000017,0.181442444,3.0709522700221377,0.1671953562706194
2012-04-01,301.0958378,251.9291704,290.904171,0.0021625,88295.0,0.0,3.229166715,3.295833382,0.181629955,3.0698388112603103,0.1640804699910494
2012-04-02,301.1583378,250.6458371,287.691671,0.003291667,88080.83333,0.0,5.533333416,-0.950000014,0.181831457,2.480581659428499,0.3064792389896863
2012-04-03,303.8041712,225.05417,282.6708375,0.001358333,88433.33333,0.0,2.425000036,-1.779166693,0.182033592,1.7498236248045578,0.1774214761952983
2012-04-04,303.8625045,229.6666701,284.9375042,0.00135,88590.0,0.0,1.333333353,-0.162500002,0.182235729,1.7635682842308142,0.1516304125550425
2012-04-05,288.504171,254.8875038,289.191671,0.001454167,88368.75,0.0,1.504166689,0.858333346,0.182437864,1.8587447829067492,0.1232356900400119
2012-04-06,301.2666712,256.1666705,289.5458376,0.001795833,88398.75,0.0,2.579166705,-0.145833336,0.182639998,1.8773819131051703,0.1488079317451589
2012-04-07,288.6208376,277.3416708,290.329171,0.001733333,88788.75,0.0,0.104166668,-0.212500003,0.182842136,2.004761564979626,0.1371939474175339
2012-04-08,296.3958377,273.3875041,291.766671,0.001979167,88962.5,0.0,0.283333338,2.608333372,0.183033688,2.103749672699458,0.1432496221663825
2012-04-09,301.6458378,281.0041709,292.9250044,0.002204167,88813.33333,0.0,1.504166689,1.741666693,0.183234663,2.2313964942387035,0.1480704802791143
2012-04-10,289.629171,282.3791709,293.4583377,0.002445833,88553.75,0.0,1.025000015,2.741666708,0.183442664,2.311589245974453,0.1584525848294392
2012-04-11,305.0208379,280.2458375,292.5875044,0.002870833,88443.75,0.0,1.183333351,5.17083341,0.183636124,2.835019260162121,0.1961622433600835
2012-04-12,313.833338,254.6583371,288.6125043,0.0030875,88625.0,0.0,3.320833383,0.466666674,0.183837556,2.264109987588156,0.2724280435204522
2012-04-13,298.9916711,250.0791704,286.1333376,0.002308333,88441.25,0.0,2.008333363,1.116666683,0.18403526,1.9884987048435931,0.239067818221063
2012-04-14,289.8375043,257.0333372,285.0250042,0.0028,88022.5,0.500000007,5.625000084,4.412500066,0.184234734,2.68826866575786,0.3106589675930554
2012-04-15,308.7041713,263.0000039,281.1958375,0.002704167,88692.91667,1.100000016,4.179166729,-1.670833358,0.184434295,3.2636676017008286,0.3918521748503151
2012-04-16,318.9250048,248.2291704,284.7541709,0.002829167,88957.5,0.0,0.820833346,-1.958333363,0.184485697,3.831420382106547,0.3230187023129954
2012-04-17,324.1541715,246.645837,289.6875043,0.00165,88885.41667,0.0,-1.529166689,0.791666678,0.184530657,4.258630814756382,0.1362299033071659
2012-04-18,322.1958381,253.0166704,290.8125043,0.001483333,88715.83333,0.0,2.641666706,0.966666681,0.184575614,4.008412344815727,0.1137468138614736
2012-04-19,320.0833381,269.1166707,292.454171,0.002033333,88570.41667,0.0,3.537500053,0.954166681,0.184620575,4.035542374686081,0.1403061291709653
2012-04-20,318.7750048,285.1625042,292.6083377,0.002745833,88578.33333,0.0,2.258333367,-1.625000024,0.184665535,3.840710031854602,0.1876608591549031
2012-04-21,322.4125048,285.7375043,294.6750044,0.002466667,88490.0,0.0,1.712500026,-1.045833349,0.184710496,3.704293681948755,0.1480681675708608
2012-04-22,325.6000049,285.0666709,296.6291711,0.0021875,88662.91667,0.0,2.67500004,-0.65000001,0.184755456,3.570143391804162,0.1167064975261545
2012-04-23,312.2166713,297.9125044,297.7791711,0.0022375,88531.25,0.0,1.479166689,0.487500007,0.184801175,3.210608438485972,0.111172545843751
2012-04-24,329.2833382,286.3000043,297.0500044,0.002641667,88680.0,0.0,2.208333366,1.637500024,0.184841743,3.3000168780337806,0.1374047213652419
2012-04-25,298.4041711,300.4583378,297.2916711,0.0024,88574.16667,0.0,2.370833369,1.158333351,0.184883587,3.0024022565882618,0.1228723454011963
2012-04-26,324.7958382,306.1625046,296.6166711,0.003408333,88471.25,0.0,3.595833387,4.212500063,0.184929966,3.7317573783632,0.181584847962215
2012-04-27,331.9875049,268.1208373,290.2625043,0.003429167,88617.91667,0.0,2.450000037,-0.754166678,0.18497689,2.781268671300581,0.2720550900345482
2012-04-28,332.1125049,268.4333373,291.2958377,0.0028375,88270.83333,0.0,2.366666702,-0.620833343,0.185009638,2.8254454798156186,0.2099461587487176
2012-04-29,328.6291716,288.516671,293.9500044,0.003291667,88241.25,0.0,2.425000036,1.729166692,0.185060804,3.086322684808478,0.2060902369553599
2012-04-30,330.4375049,282.7000042,293.4833377,0.00275,88514.58333,0.0,2.029166697,1.158333351,0.185103207,2.919222320746956,0.1778016597720689
2012-05-01,335.3666717,292.166671,293.8875044,0.003508333,88437.5,0.0,2.791666708,0.912500014,0.185147356,3.470991858123728,0.2210011048005395
2012-05-02,339.9666717,273.8083374,293.4875044,0.002758333,88313.75,0.0,2.250000034,2.533333371,0.185192015,3.755258404595132,0.1778895516623442
2012-05-03,339.0625051,277.5291708,293.154171,0.0027875,88625.0,0.0,1.629166691,2.375000035,0.185236642,4.000854255187492,0.1841991281132313
2012-05-04,341.4333384,274.7666708,293.379171,0.0022125,88681.66667,0.0,2.391666702,1.441666688,0.18528128,4.326602281154592,0.1442541445493987
2012-05-05,336.6666717,281.2208375,295.1583377,0.002045833,88690.41667,0.0,2.754166708,0.725000011,0.185325888,4.652035414030683,0.1194692645058296
2012-05-06,336.7916717,283.1125042,293.379171,0.002108333,88595.41667,0.0,2.808333375,1.562500023,0.185370433,5.174941158169276,0.137328803174031
2012-05-07,341.3208384,273.1333374,292.6750044,0.002025,88418.75,0.0,3.495833385,2.2541667,0.185408587,5.686412040632627,0.1375699699725389
2012-05-08,350.3041719,251.4250037,292.041671,0.0012625,88331.66667,0.0,0.86666668,1.054166682,0.18545783,4.838710397783482,0.0891681678613835
2012-05-09,284.8625042,312.095838,293.479171,0.0030625,88347.08333,2.800000042,-2.2416667,1.045833349,0.185504511,14.261989693915716,0.1976830684709254
2012-05-10,296.4625044,311.308338,290.379171,0.0042,88327.5,3.700000055,0.712500011,-1.062500016,0.185534849,33.98669631008735,0.3296492671603149
2012-05-11,342.4833384,295.5208377,294.2666711,0.003625,88319.16667,0.0,4.258333397,-0.941666681,0.185580866,24.664543732242347,0.2227390887864075
2012-05-12,349.8791719,270.937504,294.6500044,0.001829167,88646.66667,0.0,1.800000027,1.045833349,0.185633368,16.09623529604909,0.1101650356872895
2012-05-13,353.2125053,264.8000039,295.4791711,0.001383333,88817.08333,0.0,2.512500037,-1.000000015,0.185677357,12.194803240042209,0.0793167188238022
2012-05-14,355.1958386,270.2166707,296.2166711,0.001508333,88627.91667,0.0,2.375000035,-2.187500033,0.185714104,10.308686694434703,0.0824887787338401
2012-05-15,350.9125052,283.8000042,297.9541711,0.0022625,88643.75,0.0,-3.708333389,1.10833335,0.185759012,9.120936763918513,0.1113761404543851
2012-05-16,350.5250052,293.1833377,298.0333378,0.002570833,88490.83333,0.0,-3.279166716,2.866666709,0.185794994,8.490225960889864,0.1257351228419469
2012-05-17,353.1708386,281.0666709,297.3041711,0.001633333,88505.0,0.0,2.475000037,1.441666688,0.185845208,7.580477136054757,0.0834929149332491
2012-05-18,350.5666719,291.1750043,298.0625044,0.002754167,88258.75,0.0,2.962500044,3.954166726,0.185896062,7.739280507317561,0.1341126741592979
2012-05-19,355.229172,281.4500042,296.0500044,0.0025625,88223.33333,0.0,2.658333373,1.558333357,0.185932289,7.326129074130918,0.1409280024033484
2012-05-20,354.3666719,283.1166709,295.4208377,0.002166667,88520.0,0.0,1.983333363,-0.854166679,0.185981188,7.067313087082253,0.1242599781550701
2012-05-21,357.9208387,266.400004,297.5333378,0.001120833,88619.58333,0.0,0.870833346,-0.258333337,0.186017595,6.0019305263264044,0.0565791195859009
2012-05-22,361.5958387,276.8166708,298.9416711,0.001254167,88543.33333,0.0,3.620833387,-0.245833337,0.18605737,6.089519431611081,0.0581197024051359
2012-05-23,356.8750053,284.3750042,299.4791711,0.001854167,88197.08333,0.0,4.641666736,3.13333338,0.186099433,6.398911376475645,0.0828866320178559
2012-05-24,353.7000053,299.0625045,298.9500045,0.0033125,88019.16667,0.0,3.129166713,5.454166748,0.186138471,7.5560644419866065,0.1525207267573543
2012-05-25,352.8875053,304.5708379,298.1791711,0.004104167,88047.08333,0.0,1.525000023,7.450000111,0.186190275,8.088550182346554,0.1979760955769696
2012-05-26,350.8208386,306.1333379,297.2083378,0.003908333,88245.83333,0.0,1.725000026,6.270833427,0.186228142,7.774478097634734,0.2003614101792496
2012-05-27,361.5250054,271.7833374,292.879171,0.0024375,88509.16667,0.0,2.791666708,1.000000015,0.186279984,6.514748228637076,0.1636537312531037
2012-05-28,367.3375055,245.8250037,292.691671,0.001033333,88647.91667,0.0,1.912500028,0.820833346,0.186317882,5.726258864086496,0.0703086516098188
2012-05-29,363.9833388,256.4750038,295.3708377,0.000991667,88697.5,0.0,2.358333368,1.275000019,0.186355106,5.724447237683927,0.0571622593742637
2012-05-30,364.8375054,266.2958373,295.6500044,0.001208333,88605.0,0.0,3.345833383,-0.537500008,0.186406933,5.94301565213187,0.0683963545650685
2012-05-31,358.8250053,280.3375042,296.8250044,0.0017375,88407.91667,0.0,2.412500036,-2.641666706,0.186444849,5.826125155604406,0.0913372265367237
2012-06-01,350.1666719,284.0500042,298.8625045,0.001341667,88350.41667,0.0,1.229166685,-1.204166685,0.186482051,4.549132623501344,0.0623335885286089
2012-06-02,344.3583385,289.804171,299.3333378,0.001470833,88397.91667,0.0,3.612500054,-0.466666674,0.186519265,4.4999650397983215,0.066475379236079
2012-06-03,335.7916717,294.4375044,299.1833378,0.0018125,88580.83333,0.0,2.720833374,0.991666681,0.186571099,4.551119999771108,0.0828246146233302
2012-06-04,348.0291719,289.9500043,297.9583378,0.002345833,88627.5,0.0,3.079166713,1.754166693,0.186608535,5.380172725558717,0.1154282242040141
2012-06-05,348.5708385,294.5625044,297.9416711,0.002745833,88570.83333,0.0,3.116666713,0.095833335,0.186644174,5.451005494952311,0.135159762884135
2012-06-06,348.4291719,296.1958377,298.5125044,0.002808333,88378.33333,0.0,2.48333337,1.129166683,0.186694388,5.2459278329164905,0.1332817470055237
2012-06-07,348.7708385,290.091671,298.5458378,0.0020625,88420.0,0.0,2.650000039,2.2416667,0.186745242,5.049465261459656,0.0977354918710034
2012-06-08,346.1083385,301.4291712,298.9000045,0.002595833,88471.66667,0.0,2.829166709,1.191666684,0.186781469,5.119283092128115,0.1204967661924724
2012-06-09,349.9583385,292.5625044,299.3041711,0.002283333,88377.5,0.0,3.925000058,1.80833336,0.186817061,4.872542989002615,0.1033526699074275
2012-06-10,344.5541718,310.6791713,300.7083378,0.003175,88379.58333,0.0,3.633333387,3.287500049,0.186867279,4.500801204189458,0.1322310875860441
2012-06-11,337.4583384,328.2625049,300.9791712,0.004091667,88645.83333,0.0,2.612500039,1.287500019,0.186903506,4.765881919616104,0.1682146576457298
2012-06-12,343.7916718,322.6791715,301.6500045,0.003483333,88735.0,0.0,2.312500034,0.375000006,0.186953721,3.886517090361028,0.1378112408413531
2012-06-13,338.9166717,315.745838,301.0083378,0.002841667,88359.58333,0.0,2.737500041,0.695833344,0.187004574,3.907661403820914,0.1162482240935896
2012-06-14,346.3916718,311.2125046,300.2625045,0.00305,88375.83333,0.0,2.366666702,2.366666702,0.187040802,4.642210144145747,0.130411101674593
2012-06-15,343.4250051,326.4375049,300.8083378,0.0048,88382.5,0.0,1.512500023,2.87916671,0.187076393,5.16237478168883,0.1987394114807475
2012-06-16,290.054171,329.5500049,299.1750045,0.003729167,88522.5,0.300000004,0.929166681,2.400000036,0.187167306,5.204795986952502,0.1703817915568859
2012-06-17,338.2958384,343.7833385,300.3250045,0.005179167,88707.91667,0.300000004,0.170833336,-1.80833336,0.187246002,7.077002521119281,0.2214608475827474
2012-06-18,343.4500051,331.6791716,301.6583378,0.0040375,88493.75,0.0,3.758333389,-2.895833376,0.187324065,5.130240462100329,0.1592237408477713
2012-06-19,349.1750052,315.7291714,302.1791712,0.003133333,88325.83333,0.0,4.795833405,-1.550000023,0.187402125,3.471602743330988,0.119633546110351
2012-06-20,353.0625053,287.7333376,299.2500045,0.001758333,88346.25,0.0,3.441666718,-0.262500004,0.187494808,5.217244184302516,0.079818421625678
2012-06-21,349.4208385,304.3000045,300.6083378,0.002425,88554.58333,0.0,2.837500042,-0.108333335,0.187573503,4.7039656900310405,0.1017944341276566
2012-06-22,340.0666717,340.2291717,302.4000045,0.0040625,88480.83333,0.0,1.654166691,-1.083333349,0.187651563,4.413203641121336,0.1533945599623712
2012-06-23,336.2958383,363.2125054,303.7833379,0.005466667,88240.41667,0.0,1.191666684,-0.770833345,0.187744246,3.925807786924355,0.1899955908215734
2012-06-24,331.9625049,375.2333389,303.9291712,0.007029166,88599.58333,0.0,1.825000027,0.608333342,0.187822945,5.282986649598265,0.2432426448337404
2012-06-25,313.6541713,385.9416724,302.8458378,0.008441666,88701.25,0.0,2.550000038,-0.875000013,0.187901005,6.786698979640531,0.3113619306813836
2012-06-26,322.3791715,382.295839,302.4333378,0.007333333,88459.58333,0.0,1.250000019,-1.550000023,0.187993688,6.9513553944043895,0.2762934026556423
2012-06-27,332.0791716,371.3583389,303.1958379,0.0063875,88371.25,0.300000004,1.620833357,-1.066666683,0.188072383,6.62667141172744,0.2300045931500336
2012-06-28,326.4041715,367.6125055,302.5208378,0.006025,88742.5,0.0,2.795833375,-1.629166691,0.188150443,6.3826502311257975,0.2265690788666294
2012-06-29,330.4708383,376.2083389,302.9541712,0.007408333,88748.33333,1.100000016,3.295833382,-2.379166702,0.188228503,10.378176640854662,0.2716802014424453
2012-06-30,315.120838,367.2333388,302.7041712,0.00645,88518.33333,0.0,3.950000059,-3.412500051,0.188321188,8.14459299275976,0.2393725363617326
2012-07-01,303.2958379,364.0958388,304.1958379,0.005316667,88371.66667,0.0,3.991666726,-2.362500035,0.188399885,3.4592554812122165,0.1807150746808975
2012-07-02,261.0625039,380.9791723,303.1916712,0.005854167,88377.91667,0.0,3.187500047,-1.495833356,0.188477944,5.586557911124264,0.2108668186370952
2012-07-03,289.1500043,384.6000057,300.4791711,0.007879166,88473.33333,1.200000018,3.208333381,0.654166676,0.188570627,12.948179689959789,0.332972041367215
2012-07-04,227.8833367,384.5375057,297.1791711,0.010016666,88681.25,20.60000031,2.820833375,1.800000027,0.1886347,140.07335671334073,0.5169529421276992
2012-07-05,278.6125042,367.0500055,296.9541711,0.0108,88842.91667,4.400000066,1.850000028,1.070833349,0.188726746,89.64942354629214,0.5660706387775821
2012-07-06,303.5416712,359.6250054,300.3125045,0.008404166,88842.08333,0.0,2.637500039,-1.725000026,0.188805442,67.99091423529784,0.3601714348505618
2012-07-07,249.5083371,361.4541721,300.9666712,0.006179167,88767.91667,0.100000001,1.229166685,-2.01250003,0.188898128,29.74024326833648,0.2545721223870867
2012-07-08,272.6125041,379.483339,300.1916711,0.007029166,88714.16667,4.600000069,-0.908333347,-0.645833343,0.188976824,56.75957847525552,0.3029700152720221
2012-07-09,275.1083374,370.5666722,301.2916712,0.007883333,88668.75,2.200000033,0.512500008,-1.895833362,0.189054884,55.1606648416289,0.3182761727209861
2012-07-10,271.2291707,375.1666723,300.9833378,0.00725,88595.41667,0.200000003,-1.479166689,-1.316666686,0.189147566,34.138724032844266,0.2978159447256118
2012-07-11,285.8250043,375.9041723,301.6000045,0.008733333,88737.5,0.200000003,-4.162500062,0.516666674,0.189226262,24.829033523364995,0.346540685108378
2012-07-12,296.5375044,377.0791723,301.7375045,0.0089625,88660.41667,0.0,-3.462500052,1.479166689,0.189304322,18.73913919445904,0.3524749195013992
2012-07-13,243.4375036,404.425006,302.4750045,0.011025,88680.41667,6.200000092,1.433333355,-0.066666668,0.189397008,57.77379587286731,0.4154099434100456
2012-07-14,266.3416706,389.6833391,300.9375045,0.012341666,88794.58333,2.800000042,1.954166696,0.150000002,0.189475704,59.53944228287769,0.5094846779616928
2012-07-15,274.8375041,377.1875056,299.9791711,0.010470833,88725.41667,6.7000001,1.545833356,-0.562500008,0.189553763,86.69180996687886,0.4570913961823669
2012-07-16,234.5916702,389.3625058,299.3750045,0.011041666,88647.5,16.10000024,2.450000037,0.354166672,0.18938008,130.24960072731346,0.4992037164785483
2012-07-17,258.7333372,381.2041723,298.2541711,0.009983333,88672.08333,0.900000013,2.716666707,0.0,0.189195451,77.96637514869097,0.482810359516443
2012-07-18,300.4166711,351.2458386,299.3291711,0.007445833,88682.5,0.0,3.170833381,-2.191666699,0.189010821,53.83245429554327,0.3376871531331964
2012-07-19,284.1291709,363.2125054,301.0625045,0.0063875,88689.16667,0.300000004,2.195833366,-2.079166698,0.188826192,33.74030942611286,0.2614426590390884
2012-07-20,244.2416703,382.0166724,301.4875045,0.007904166,88735.83333,2.70000004,-0.25416667,-1.441666688,0.188641563,38.50682708604769,0.3157087339983252
2012-07-21,250.1625037,369.7500055,299.9458378,0.0081875,88690.41667,1.000000015,-2.708333374,0.558333342,0.188456934,34.72801542359173,0.3579816419907904
2012-07-22,235.7541702,377.558339,299.1125045,0.008625,88729.58333,0.900000013,-0.287500004,-0.208333336,0.188257682,26.421320123637823,0.3964659530198368
2012-07-23,281.0875042,372.4958389,298.7041711,0.009620833,88825.83333,0.0,1.033333349,1.091666683,0.188087044,24.64018246412718,0.4536676237845421
2012-07-24,222.67917,381.1750057,299.7458378,0.010083333,88822.08333,0.800000012,2.358333368,-0.020833334,0.18790305,20.263024690209065,0.446803211793873
2012-07-25,288.6583376,367.4791721,299.3083378,0.0093,88846.66667,0.0,3.304166716,-0.962500014,0.187722429,20.484547694260208,0.4230843003481136
2012-07-26,285.7208376,373.1916722,300.2666711,0.0085,88597.5,0.0,3.404166717,-2.041666697,0.187541512,18.749873073345128,0.3642625058021275
2012-07-27,282.0666709,376.5583389,300.5958378,0.008470833,88612.5,3.000000045,2.03750003,-2.462500037,0.187345855,36.6768198462066,0.356076170849203
2012-07-28,237.2333369,391.9833392,300.3166711,0.008920833,88728.33333,11.90000018,-1.09583335,-0.21666667,0.187149626,92.94440074093129,0.3817302344670238
2012-07-29,232.1875035,372.0791722,297.6083378,0.0096875,88794.58333,0.600000009,-0.004166667,2.087500031,0.186967997,65.2489105640808,0.4877703392655353
2012-07-30,282.9541709,361.241672,297.7583378,0.0095,88832.91667,0.0,0.654166676,1.700000025,0.186787012,49.118185459235306,0.4742216499648377
2012-07-31,243.0041703,364.2166721,297.5708378,0.0087625,88903.33333,15.50000023,2.041666697,-0.054166667,0.186606014,119.26972694852356,0.4427385306713458
2012-08-01,301.9541712,366.1666721,298.7708378,0.010254166,88987.5,0.400000006,2.070833364,-0.954166681,0.186425019,81.19145961411463,0.4824819556797645
2012-08-02,305.7416712,357.6583387,299.8166711,0.009016666,88926.66667,0.0,2.550000038,-1.512500023,0.186229409,51.22833287803629,0.3983284810753008
2012-08-03,305.1541712,356.9708387,300.2833378,0.007954166,88684.58333,0.0,1.916666695,-1.562500023,0.186047782,31.574939374755708,0.3408696899007504
2012-08-04,295.4875044,355.4500053,300.7208378,0.0071375,88625.41667,0.200000003,1.966666696,-1.212500018,0.185866783,23.75315691194156,0.2978667447861794
2012-08-05,299.6916711,355.8625053,299.9250045,0.0067375,88806.25,1.200000018,-0.595833342,-1.691666692,0.185685821,27.08063333253384,0.2953330367604734
2012-08-06,299.6541711,378.7541723,302.1333378,0.008804166,89005.41667,0.0,-0.86666668,0.104166668,0.185504816,22.77211557739475,0.3396447986202769
2012-08-07,299.8916711,379.708339,303.1875045,0.0092125,88864.16667,0.0,0.475000007,-1.504166689,0.185309173,18.61240326709496,0.3337400577950981
2012-08-08,295.0041711,390.2083391,303.5500045,0.010729166,88680.0,2.300000034,1.78333336,-1.866666694,0.185127549,31.42255423120629,0.3798323045577052
2012-08-09,299.7166711,376.6708389,303.3666712,0.008979166,88761.66667,0.300000004,-2.220833366,-1.050000016,0.184946563,24.222603777979717,0.3215606345067357
2012-08-10,300.8958378,358.9125053,302.4791712,0.006970833,88601.25,0.300000004,-4.71250007,1.300000019,0.184750932,21.67348844851025,0.2623552408211451
2012-08-11,297.3958378,362.3625054,301.6666712,0.007054166,88395.83333,0.0,-2.620833372,1.658333358,0.184569314,18.612080337606464,0.2777462235566135
2012-08-12,299.2541711,358.2708387,302.7000045,0.006779166,88424.58333,0.0,-0.537500008,-0.329166672,0.184373717,16.182651286553117,0.2513829618129319
2012-08-13,298.0583378,356.1083386,303.0750045,0.006454167,88529.16667,0.0,-0.275000004,-0.179166669,0.184192078,14.234945060643884,0.2344558845409581
2012-08-14,273.8000041,383.2250057,303.7000045,0.008016666,88459.16667,0.100000001,0.845833346,-0.729166678,0.18401109,13.022888350927026,0.280657717922394
2012-08-15,283.6375042,382.5375057,301.8750045,0.010525,88451.66667,1.600000024,2.808333375,-0.875000013,0.183830111,20.3739790492156,0.4096408937298526
2012-08-16,271.5791707,384.9875057,298.8833378,0.011041666,88683.33333,13.6000002,3.200000048,-0.19166667,0.18378985,134.0064103822667,0.5142852419638068
2012-08-17,255.7125038,370.9166722,297.3958378,0.009908333,88740.41667,0.0,2.566666705,-0.183333336,0.183755701,58.82580376735,0.5050324241085851
2012-08-18,267.8708373,378.0625056,298.0083378,0.0126875,88673.75,0.0,2.708333374,-0.887500013,0.183721564,36.076292073971295,0.6227438577010469
2012-08-19,258.6333372,395.6916726,299.4666711,0.012729166,88585.0,3.400000051,1.620833357,-0.91666668,0.183672784,53.21091009018649,0.5719589812322737
2012-08-20,263.1541706,395.0333392,301.5916712,0.0121625,88563.75,9.300000139,1.250000019,0.020833334,0.183638044,96.79572658680846,0.4819011594092929
2012-08-21,256.7833372,393.7750059,301.3625045,0.012833333,88580.41667,2.70000004,2.733333374,-1.13333335,0.183618518,94.9519398238102,0.5154592336285843
2012-08-22,208.3208364,392.5833392,299.4541711,0.0139375,88581.66667,11.10000017,2.316666701,-1.125000017,0.183570378,110.33998553208016,0.6266958585085493
2012-08-23,278.0916708,375.6791723,298.0791711,0.012229166,88699.58333,0.300000004,2.68750004,0.812500012,0.183535633,80.96316080213953,0.5978668272957954
2012-08-24,265.9666706,370.7666722,298.6333378,0.01245,88595.83333,2.70000004,3.141666713,-0.541666675,0.183501478,70.65878872117153,0.58804682673768
2012-08-25,282.0083375,361.8750054,298.8208378,0.010720833,88452.5,0.0,2.87916671,-0.308333338,0.183467302,43.62390107362985,0.4999083368635067
2012-08-26,262.8583373,361.1750054,298.1833378,0.009241666,88601.66667,2.400000036,2.437500036,-1.066666683,0.183433206,47.08328547967992,0.4484934171670715
2012-08-27,277.7291708,367.1166721,299.4000045,0.008975,88787.08333,2.500000037,-0.941666681,-1.56666669,0.18339908,51.600593341109686,0.4058017292215736
2012-08-28,281.9833375,359.6000054,300.1583378,0.008195833,88843.33333,0.500000007,-4.400000066,1.020833349,0.183364882,42.135325335575445,0.3544691230784109
2012-08-29,281.9541709,342.7708384,299.7750045,0.0064875,88775.83333,0.0,-1.137500017,0.320833338,0.183330663,23.317114185849366,0.2868207598205123
2012-08-30,277.1375041,351.7458386,299.0833378,0.008020833,88565.41667,0.0,0.641666676,-0.054166667,0.183296519,18.93183455626439,0.3686536824102059
2012-08-31,272.7125041,376.0541723,300.2625045,0.010375,88570.41667,0.0,2.350000035,0.725000011,0.183262436,16.63235744279113,0.4445882653617902
2012-09-01,270.200004,372.5791722,300.0250045,0.0097125,88608.33333,0.0,1.687500025,-0.887500013,0.183213729,14.291915140851302,0.4222781585024573
2012-09-02,275.1083374,356.9000053,299.1333378,0.008266666,88659.16667,0.0,1.875000028,-1.725000026,0.183178997,12.588416499201724,0.3792207371245991
2012-09-03,269.375004,377.158339,300.4708378,0.0093375,88814.58333,0.300000004,2.912500043,-1.387500021,0.183144817,13.13363680437034,0.3963181256435179
2012-09-04,260.1291705,387.8500058,298.2791711,0.011425,89019.58333,13.2000002,3.533333386,-0.86666668,0.183110615,126.12619417913184,0.5538641354591629
2012-09-05,261.0125039,371.6041722,296.6625044,0.010754166,88885.41667,2.200000033,3.32500005,-2.187500033,0.183076501,79.19106932925902,0.5740254248392159
2012-09-06,240.6833369,375.3208389,297.7125044,0.011783333,88781.66667,0.100000001,2.325000035,-1.216666685,0.183042417,37.00874143529656,0.5894903129972291
2012-09-07,207.6291698,383.9541724,297.3333378,0.012129166,88813.33333,0.900000013,2.166666699,-1.391666687,0.183008244,27.80308734059104,0.6210824062615518
2012-09-08,259.6083372,367.9750055,296.4708378,0.011391666,88647.08333,0.0,-1.500000022,-0.029166667,0.182974062,23.9229098167487,0.61354282385432
2012-09-09,253.3458371,357.916672,296.0166711,0.009008333,88790.83333,0.0,-3.708333389,1.387500021,0.182939919,18.28397332257845,0.4996291600496664
2012-09-10,228.1041701,357.2083387,296.8583378,0.008079166,88832.91667,6.400000095,-0.287500004,0.791666678,0.182891114,45.29375807999317,0.4258852010454052
2012-09-11,215.5625032,362.5250054,296.8083378,0.0095375,88832.5,3.700000055,1.587500024,1.308333353,0.182870827,57.62607593831648,0.5042875484712951
2012-09-12,257.5291705,368.5000055,295.8125044,0.011733333,88797.91667,2.100000031,2.154166699,-0.004166667,0.18282265,58.79125388345999,0.6590017282115671
2012-09-13,256.5208372,351.7500052,296.0208377,0.0110625,88924.58333,0.0,0.908333347,-1.308333353,0.182787916,35.921115281244354,0.6143270924035346
2012-09-14,261.5875039,339.3041717,294.6958377,0.00785,89108.75,1.100000016,-5.733333419,0.320833338,0.182753804,38.75899317699656,0.4739013007225661
2012-09-15,263.8583373,313.2250047,292.729171,0.006416667,89155.0,0.0,-4.758333404,0.541666675,0.182719689,22.78022057977537,0.4380595601492255
2012-09-16,266.612504,293.741671,293.041671,0.004445833,89102.5,0.0,-0.137500002,-0.800000012,0.182578335,16.38037818418375,0.2974514860206367
2012-09-17,262.5583372,299.4041711,294.2041711,0.005208333,88912.08333,0.0,3.154166714,-2.320833368,0.182446908,15.65837529925912,0.3234269061556972
2012-09-18,258.8166705,329.3583382,295.3958377,0.007066666,88880.41667,0.0,1.283333352,-1.800000027,0.182301517,13.899951886679355,0.4075543237216438
2012-09-19,259.7333372,312.5250047,296.5041711,0.00445,88832.08333,0.0,-1.291666686,0.0125,0.182155511,11.605364584944404,0.2396850183409464
2012-09-20,257.0166705,307.2708379,296.9083378,0.003375,88775.41667,0.0,0.537500008,-1.070833349,0.182009506,9.975861028333808,0.1772553643000396
2012-09-21,254.8791705,317.7791714,297.0083378,0.0042625,88716.66667,0.0,2.016666697,-2.304166701,0.181863514,10.952729511918118,0.2223645800985014
2012-09-22,220.69167,329.7291716,297.7250044,0.0046,88648.33333,0.0,0.200000003,-1.162500017,0.181717568,7.837129388135416,0.229607433778322
2012-09-23,249.7291704,337.7583384,299.0333378,0.003791667,88719.16667,0.0,-1.625000024,1.804166694,0.181586244,9.744154912556564,0.1750975059021501
2012-09-24,245.608337,317.1916714,296.9166711,0.004270833,88817.08333,0.0,2.112500031,-0.550000008,0.181426322,8.538208722198567,0.2242963314310684
2012-09-25,248.933337,316.7625047,296.2791711,0.004929167,88647.91667,0.0,3.258333382,-0.104166668,0.18129437,9.146843158401424,0.2686037435817661
2012-09-26,244.5625036,321.4166715,295.8000044,0.005641667,88597.08333,0.0,2.120833365,1.195833351,0.181148978,8.243621470259582,0.3163893143960971
2012-09-27,230.4541701,318.4750047,294.7166711,0.004983333,88569.16667,0.0,1.937500029,0.187500003,0.181002951,7.212942240030997,0.2986354479559477
2012-09-28,112.770835,350.6125052,293.7000044,0.00705,88700.41667,0.800000012,1.679166692,-0.345833338,0.180862793,4.3769725874035945,0.4506494086369526
2012-09-29,237.3750035,316.3125047,291.479171,0.006320833,88796.66667,0.0,-0.729166678,-0.950000014,0.180716953,7.557436485567882,0.4650261092659467
2012-09-30,240.2083369,311.833338,293.9583377,0.0052375,88719.58333,0.0,1.408333354,-2.245833367,0.180577428,7.821766491910531,0.3295250933971288
2012-10-01,247.3375037,290.766671,294.2416711,0.003170833,88694.16667,0.0,-0.22916667,-2.708333374,0.180423739,7.318815616736959,0.1959634399475226
2012-10-02,245.7666703,299.2208378,296.7625044,0.0034375,88681.66667,0.0,-0.079166668,1.470833355,0.180282238,6.0532585950314965,0.1819527184590194
2012-10-03,244.1625036,292.604171,294.4875044,0.003529167,88715.41667,0.0,3.925000058,-1.054166682,0.180142062,7.210836522758245,0.2148642618173223
2012-10-04,245.2500037,282.8500042,295.2291711,0.002633333,89045.41667,0.0,2.708333374,0.550000008,0.180002381,5.90729232190692,0.1537210126703429
2012-10-05,244.1125036,282.9291709,293.8833377,0.0035125,88969.58333,0.0,2.68750004,1.283333352,0.179850081,5.604539728817936,0.2226525050628351
2012-10-06,236.7541702,283.7958376,293.6000044,0.00335,88737.5,0.0,2.183333366,1.675000025,0.179717414,5.052230271082379,0.2155665514686339
2012-10-07,233.8375035,290.2625043,293.8875044,0.003679167,88659.16667,0.0,2.233333367,1.195833351,0.179559122,4.704031081068095,0.2323433919008793
2012-10-08,234.0375035,285.6708376,293.1333377,0.003233333,88678.75,0.0,1.36250002,1.012500015,0.179433839,4.0879864607091365,0.214068264638197
2012-10-09,231.9708368,287.9458376,292.9333377,0.003691667,88688.33333,0.0,1.458333355,0.833333346,0.179280686,3.942964095904652,0.2475187563916462
2012-10-10,225.76667,288.679171,292.4458377,0.003795833,88675.41667,0.0,0.358333339,2.166666699,0.179131356,3.971193975630392,0.2623719183044866
2012-10-11,215.1666699,300.9666712,293.5208377,0.0041125,88576.66667,0.0,-0.908333347,3.983333393,0.17898553,4.695964007539875,0.2654592446601576
2012-10-12,228.3750034,313.370838,292.391671,0.006629166,88683.33333,0.0,1.866666694,3.704166722,0.178854472,4.484638178646102,0.4598196087828397
2012-10-13,228.9208367,270.8833374,287.9208376,0.0045375,88924.58333,0.0,1.904166695,-1.516666689,0.178709423,3.1262594462239286,0.420194160911931
2012-10-14,228.5208367,266.6583373,289.141671,0.0033375,88971.25,0.0,-1.737500026,-0.575000009,0.178563742,3.0444145775054063,0.2856904367350031
2012-10-15,212.3500032,288.9833376,292.6083377,0.002583333,88731.25,0.0,-2.462500037,1.36250002,0.178410346,3.679241091541886,0.1768597745725772
2012-10-16,224.4375033,279.5833375,292.7875044,0.002841667,88548.75,0.0,2.191666699,0.412500006,0.17832416,3.3448993469200734,0.1919748882522263
2012-10-17,216.1458366,304.6375045,292.6083377,0.004695833,88490.0,0.0,2.895833376,1.479166689,0.178255534,3.755014230096284,0.3206113658752293
2012-10-18,213.5000032,319.9000048,294.6958377,0.007104166,88762.91667,0.0,3.029166712,-1.104166683,0.178169361,3.648941740895999,0.4272111289494473
2012-10-19,202.9083364,313.6666713,293.8500044,0.006545833,88548.75,0.0,0.90416668,-1.200000018,0.178096824,2.774272611298627,0.4138255613374806
2012-10-20,211.4291698,309.3375046,294.7750044,0.0046125,88296.66667,0.0,2.104166698,0.775000012,0.178010292,3.1918159364415444,0.2745711209099366
2012-10-21,210.5250031,307.8500046,293.8625044,0.006808333,88396.66667,0.0,1.400000021,2.783333375,0.177937744,3.111909477973493,0.4293475699024968
2012-10-22,210.3541698,296.2375044,292.741671,0.0062,88500.41667,0.0,0.575000009,2.512500037,0.177851211,2.720340697075458,0.4198308694796188
2012-10-23,207.5625031,295.1500044,293.366671,0.005716667,88505.0,0.0,0.712500011,1.266666686,0.177778662,2.281347895547062,0.3722723455241464
2012-10-24,208.0250031,296.4750044,293.0958377,0.00595,88439.58333,0.0,2.070833364,0.466666674,0.17769213,2.520328094108657,0.3937900143372014
2012-10-25,212.0416698,265.0375039,290.391671,0.003791667,88566.66667,0.0,1.729166692,-1.404166688,0.177619585,2.2719923050078554,0.2981675866328862
2012-10-26,211.4291698,252.2083371,289.8083377,0.001641667,88680.41667,0.0,-0.920833347,-1.908333362,0.177533049,2.238055808432692,0.134183785450378
2012-10-27,206.2166697,264.2625039,290.1000043,0.003325,88624.16667,0.0,-4.170833395,0.87916668,0.177460504,2.810172641683714,0.2665680246615367
2012-10-28,204.0166697,281.5291709,291.404171,0.004366667,88613.33333,0.0,-2.020833363,1.087500016,0.177373812,2.384916687115468,0.3221216482004576
2012-10-29,200.8291697,278.8541708,292.1583377,0.003325,88929.58333,0.0,1.266666686,-0.416666673,0.177292639,1.9910192551313664,0.234695737229585
2012-10-30,200.762503,277.1500041,291.9083377,0.003875,88886.66667,0.0,1.900000028,-0.900000013,0.1772114,2.2411384821180658,0.2777314539081401
2012-10-31,197.9708363,273.0416707,291.766671,0.003266667,88778.75,0.0,0.975000015,-0.304166671,0.177143183,1.6984958513673465,0.2359488996984004
2012-11-01,190.9791695,273.6666707,291.7708377,0.002783333,88688.75,0.0,0.875000013,1.37500002,0.177051918,1.836168711134536,0.2007813510227492
2012-11-02,179.6625027,290.3583377,291.4708377,0.004658333,88622.5,0.0,0.270833337,2.500000037,0.176974247,1.974557852297824,0.3422237953691686
2012-11-03,183.9500027,290.8625043,290.0833377,0.004991667,88713.33333,0.0,0.679166677,1.733333359,0.176897215,1.7121146472197586,0.4010166531617075
2012-11-04,183.9125027,283.5875042,290.2750043,0.004125,88837.91667,0.0,-0.566666675,-0.595833342,0.176820183,1.2805349106451986,0.3278096532495766
2012-11-05,184.9666694,273.3166707,290.8833377,0.003158333,89016.25,0.0,-1.054166682,-1.083333349,0.176743148,1.3314893240256516,0.2419177874522143
2012-11-06,184.7166694,266.450004,292.554171,0.0022,88902.5,0.0,-0.800000012,0.220833337,0.176651494,0.8701214150608366,0.1514211072145253
2012-11-07,181.583336,276.6250041,292.879171,0.002866667,88850.83333,0.0,-0.291666671,0.529166675,0.176588449,0.7715626233364675,0.1932109730808902
2012-11-08,161.3458357,302.0166712,292.354171,0.003275,88648.75,0.0,2.158333365,1.945833362,0.176497427,1.4402595839161836,0.2276120182579396
2012-11-09,154.0458356,313.608338,289.254171,0.0043125,88561.66667,2.100000031,1.829166694,4.450000066,0.176419759,4.259884604215752,0.3647939571879922
2012-11-10,161.0708357,299.7500045,283.7333376,0.0050625,88185.83333,0.0,4.591666735,3.300000049,0.176342728,2.009452711663675,0.6136352797310777
2012-11-11,181.9916694,216.2875032,278.9208375,0.002370833,88778.33333,0.0,2.562500038,-1.745833359,0.17625107,1.2769893653918818,0.402750811498739
2012-11-12,180.0250027,212.8500032,280.4250042,0.001433333,89152.08333,0.0,-3.391666717,-0.508333341,0.176173402,1.4860478930177186,0.2201851024786835
2012-11-13,182.6875027,216.7791699,282.7500042,0.001025,89032.08333,0.0,-3.275000049,0.316666671,0.176096371,1.6973293097727526,0.1340656518767675
2012-11-14,176.3125026,220.2958366,285.3125043,0.000970833,88962.08333,0.0,-3.508333386,1.379166687,0.176019336,1.8260953150380157,0.1067978964882588
2012-11-15,150.6625022,270.4208374,288.6875043,0.0014625,88867.5,0.0,-1.416666688,1.483333355,0.175942304,1.705848014127069,0.1287706660350889
2012-11-16,155.766669,283.1666709,288.704171,0.0021875,88980.83333,0.0,-1.670833358,1.666666692,0.175750641,1.7905438361084998,0.1926432544127504
2012-11-17,155.3208356,289.6625043,286.1041709,0.002570833,88865.41667,0.0,1.191666684,-0.029166667,0.175539371,1.473846424859237,0.2680476200744934
2012-11-18,158.666669,308.3625046,286.0041709,0.0049375,88935.0,2.800000042,0.912500014,1.208333351,0.175342088,6.766914624349183,0.5186305776607333
2012-11-19,164.7458358,272.9166707,286.4083376,0.005016667,89160.41667,0.0,0.520833341,0.370833339,0.175130815,3.67153842345892,0.5143611458751377
2012-11-20,162.6125024,258.9666705,286.4166709,0.003379167,89082.5,0.0,-2.291666701,0.183333336,0.174933532,3.111642265098031,0.3459745207193083
2012-11-21,118.8291684,309.970838,287.804171,0.003691667,88852.5,0.0,-1.229166685,1.816666694,0.174736885,2.8650756572348133,0.3441972143296771
2012-11-22,160.5666691,278.6208375,288.6375043,0.0040625,88866.66667,0.0,0.804166679,0.825000012,0.174525615,2.316607281258489,0.3588535310349117
2012-11-23,160.1750024,268.3291707,288.4375043,0.002470833,89274.58333,0.0,-1.929166695,-0.341666672,0.174328333,2.117140768923729,0.2221207873158392
2012-11-24,159.5875024,266.100004,287.5625043,0.002925,89093.75,0.0,-3.483333385,0.875000013,0.174131686,1.8524846737118812,0.2778058258822138
2012-11-25,159.829169,255.7750038,287.5125043,0.002829167,88636.25,0.0,-0.233333337,1.650000025,0.173935035,1.3417341302945367,0.2681993514209931
2012-11-26,160.3833357,255.7916705,288.1125043,0.0027375,88561.25,0.0,1.183333351,1.800000027,0.173723765,1.3624871352971195,0.2493381031511726
2012-11-27,157.154169,257.7125038,286.5375043,0.002720833,89042.08333,0.0,-1.675000025,1.975000029,0.173526483,1.281890851345072,0.2762355037509229
2012-11-28,156.7958357,256.5833372,285.3875043,0.002608333,88988.75,0.0,-2.008333363,1.687500025,0.173329836,1.1870266843931814,0.2855909084219321
2012-11-29,156.5500023,252.5125038,283.9333376,0.0032,89190.0,0.0,1.870833361,-0.162500002,0.173118566,0.915290568167515,0.3870460944546918
2012-11-30,157.8833357,245.7916703,284.2916709,0.0036,89017.08333,0.0,1.308333353,-0.512500008,0.172921283,0.762829171695447,0.4242433005988072
2012-12-01,161.5166691,234.2541702,284.0416709,0.002508333,88834.16667,0.0,0.654166676,-0.095833335,0.17271001,0.6062641581220384,0.2999832644178477
2012-12-02,158.3333357,243.1250036,286.2500043,0.002004167,88766.25,0.0,0.450000007,2.083333364,0.172512727,1.0324266992906148,0.2067290174370921
2012-12-03,155.3625023,250.4916704,283.9958376,0.002804167,88892.91667,0.0,2.350000035,0.850000013,0.17231608,0.9077837799232236,0.336621168722263
2012-12-04,153.741669,256.7041705,284.6666709,0.003695833,89122.08333,0.0,-0.391666673,-0.587500009,0.17210481,0.6416484152710142,0.4252314894906347
2012-12-05,154.4583356,257.8208372,285.9791709,0.0031625,88979.58333,0.0,-2.666666706,0.912500014,0.171907527,0.9178281999934758,0.3329030785316025
2012-12-06,155.441669,249.7500037,286.3791709,0.002633333,88494.16667,0.0,1.308333353,2.100000031,0.171710877,0.8341317602771747,0.2684954265241918
2012-12-07,153.5250023,254.7125038,284.7083376,0.0032625,88392.91667,0.0,1.79583336,1.691666692,0.171499607,0.7068638641752077,0.3712661864841835
2012-12-08,154.754169,243.595837,283.3125042,0.003504167,88534.16667,0.0,2.187500033,0.337500005,0.171302324,0.5257784886358247,0.4387149169178346
2012-12-09,154.479169,237.5500035,282.1583375,0.0031625,88587.5,0.0,3.179166714,0.162500002,0.171105677,0.5049095322288517,0.4285004400469132
2012-12-10,154.4458356,225.6000034,279.7791708,0.002091667,88797.91667,0.0,0.750000011,-1.737500026,0.170894407,0.3594722134238214,0.3347185211565634
2012-12-11,157.2250023,209.4416698,277.7416708,0.001516667,88615.41667,0.0,-0.008333333,-1.504166689,0.170697125,0.2607693746141146,0.2794537675831699
2012-12-12,156.379169,211.2250031,278.9708375,0.0012625,88656.66667,0.0,-1.025000015,2.550000038,0.170500474,0.3727790113266671,0.2134268515041855
2012-12-13,122.4791685,249.8916704,281.0916709,0.0029625,88522.91667,0.0,-1.645833358,4.295833397,0.170289204,0.4162037605074998,0.4315471581990823
2012-12-14,105.3000016,301.4708378,279.9041708,0.004870833,88239.58333,21.00000031,2.383333369,6.633333432,0.170220349,58.60661473729225,0.7678451621278861
2012-12-15,123.2750018,291.429171,280.4791708,0.00505,88500.83333,0.0,2.495833371,3.758333389,0.170101268,24.80897340991692,0.7672190546359814
2012-12-16,114.4125017,273.7833374,278.8291708,0.005225,88593.75,2.200000033,3.37500005,1.804166694,0.169702734,13.79789521614155,0.891477098137495
2012-12-17,151.1541689,229.0416701,276.6750041,0.003683333,88857.5,0.0,2.033333364,-0.370833339,0.169413928,11.029524725336248,0.7341606289404458
2012-12-18,149.6916689,237.0208369,279.8166708,0.003741667,88454.16667,0.0,0.725000011,2.258333367,0.169151188,11.85829124148128,0.5948866260392629
2012-12-19,152.1958356,283.8750042,281.5000042,0.004475,88216.66667,2.800000042,4.720833404,0.829166679,0.168986359,31.55731056814695,0.63163287429089
2012-12-20,153.241669,199.612503,276.3541708,0.002045833,89302.08333,0.0,-2.237500033,-0.300000004,0.168813264,9.121619264665688,0.4193287851113712
2012-12-21,151.8458356,224.8833367,275.9583374,0.001270833,89010.83333,0.0,-3.762500056,1.016666682,0.168504109,12.34151446112619,0.2671086637354388
2012-12-22,90.43333468,289.4583376,281.4291709,0.002983333,88951.25,0.0,-1.091666683,2.170833366,0.16820958,7.23634309205359,0.4266650249886564
2012-12-23,153.7208356,260.2666705,284.2958376,0.004029167,88739.16667,0.0,1.020833349,0.42083334,0.16792268,5.4672714999653325,0.4732039112459266
2012-12-24,128.7958353,232.9875035,280.2875042,0.002566667,88532.08333,0.0,2.608333372,0.266666671,0.167659305,3.3149976830709837,0.3952912361519002
2012-12-25,148.0750022,238.7583369,279.2208375,0.00415,88530.0,0.0,2.883333376,-1.37500002,0.167409916,1.9793142138971949,0.6884038058080839
2012-12-26,150.6916689,255.6416705,280.0041708,0.002254167,88270.41667,0.0,0.754166678,1.737500026,0.167158621,3.086288609375086,0.3530116685775
2012-12-27,150.4208356,214.8375032,277.4125041,0.002075,88180.41667,0.0,3.645833388,0.795833345,0.166897153,1.6121954650433477,0.3894361690389165
2012-12-28,156.179169,226.0625034,275.4458374,0.003204167,88661.25,0.0,2.283333367,-1.483333355,0.166904621,0.876798637255478,0.6960419357422237
2012-12-29,157.616669,205.5458364,275.1958374,0.0022875,88738.75,0.0,-2.870833376,1.025000015,0.166601191,0.7952931059329388,0.5064135054848922
2012-12-30,127.2750019,243.395837,277.1708375,0.002025,88374.58333,0.0,-0.720833344,4.204166729,0.166265972,1.0162085459481742,0.3874872856625
2012-12-31,117.1833351,270.5708374,276.3583375,0.00325,88518.75,1.600000024,3.712500055,2.633333373,0.216996833,1.811183222429456,0.660103334357782
2013-01-01,150.9041689,209.5416698,274.3458374,0.002829167,88878.75,0.0,0.658333343,-0.44583334,0.237443449,0.8850050440617664,0.6672402498424884
2013-01-02,154.4333356,211.6833365,274.8166708,0.0020625,88794.58333,0.0,-3.333333383,0.237500004,0.211823781,1.135610134922166,0.4696131195502582
2013-01-03,147.1458355,216.1250032,274.3875041,0.002195833,88500.41667,0.0,-3.750000056,1.458333355,0.193007622,0.8552580548173614,0.5141056635366701
2013-01-04,152.7625023,255.6791705,275.3666708,0.0028625,88979.58333,0.0,-3.55416672,0.383333339,0.180673272,0.8944210649211806,0.627631266313606
2013-01-05,156.9958357,206.7833364,274.7625041,0.002258333,89200.41667,0.0,-1.80833336,0.533333341,0.173933812,0.6116857530118509,0.5185873215998388
2013-01-06,150.6208356,205.5208364,276.0125041,0.001354167,89043.33333,0.0,-3.300000049,1.545833356,0.169230129,0.734033115933346,0.2836221027926952
2013-01-07,131.2958353,223.6833367,277.0291708,0.002241667,88206.66667,0.0,-2.425000036,1.583333357,0.166744057,0.5362134673680017,0.4324710832303868
2013-01-08,157.0333357,232.3291701,277.7458375,0.002620833,88105.0,0.0,0.704166677,-3.037500045,0.165116291,0.5834790411990894,0.4799789927793707
2013-01-09,160.5875024,212.0208365,277.7583375,0.001845833,88792.5,0.0,-0.954166681,-1.404166688,0.164141475,0.5082406645411833,0.3403820740251852
2013-01-10,138.8958354,227.8250034,279.3875042,0.001633333,88597.08333,0.0,-1.166666684,3.495833385,0.163607256,0.5529706129476044,0.2680031296682894
2013-01-11,162.5416691,244.7375036,278.6708375,0.002441667,88133.75,0.0,3.991666726,2.354166702,0.164635791,0.5076115854065291,0.4190613552549845
2013-01-12,145.9750022,193.4583362,271.037504,0.001395833,88412.5,0.0,3.033333379,-1.233333352,0.164958607,0.2182385831198541,0.4181352991596008
2013-01-13,164.3750024,183.7375027,270.0541707,0.001083333,88669.16667,0.0,0.262500004,-0.020833334,0.164402136,0.3094339039168376,0.3504570137806425
2013-01-14,166.6791692,175.6250026,269.387504,0.0008875,88602.91667,0.0,3.354166717,-0.900000013,0.163519508,0.203580058236372,0.3017551355317192
2013-01-15,167.2375025,173.9541693,267.9458373,0.00095,89154.58333,0.0,1.612500024,-2.666666706,0.163009448,0.1637571207719722,0.3628943221988273
2013-01-16,166.6583358,185.8833361,269.700004,0.0006125,89475.41667,0.0,-2.725000041,-0.87916668,0.162981585,0.2058869607636752,0.2053756500104771
2013-01-17,168.6458358,200.7833363,274.0375041,0.001058333,89149.16667,0.0,-4.491666734,0.804166679,0.162904671,0.2595528075966238,0.2560545909584803
2013-01-18,167.7000025,210.1958365,278.1500041,0.001545833,89198.33333,0.0,-3.441666718,1.10833335,0.162906591,0.291517965657057,0.278544751353343
2013-01-19,165.2166691,230.9041701,281.6916709,0.001558333,89016.66667,0.0,-1.13333335,1.483333355,0.163003882,0.3624707324419253,0.2190500546205347
2013-01-20,166.1916691,246.358337,282.8208375,0.002254167,89027.91667,0.0,-2.375000035,1.091666683,0.163166023,0.4066520492437732,0.2934065887773777
2013-01-21,145.2958355,276.6791708,285.1125042,0.0030875,88818.33333,0.0,-1.400000021,0.862500013,0.163357406,0.4004758680813857,0.3436432811827434
2013-01-22,168.8958359,261.4250039,285.7500043,0.003245833,89045.83333,0.0,-1.433333355,0.108333335,0.163548793,0.4002570025469093,0.347160787591936
2013-01-23,169.9666692,252.2166704,285.7208376,0.0026625,89182.91667,0.0,-1.725000026,2.141666699,0.16374399,0.4313107965588886,0.2857605588097753
2013-01-24,115.3458351,292.566671,286.8708376,0.003770833,89188.75,0.0,0.304166671,2.104166698,0.163936013,0.323642123833552,0.3751481881304836
2013-01-25,86.86666796,337.025005,285.0708376,0.00545,89079.16667,0.0,0.487500007,0.287500004,0.164142023,0.318629208684129,0.6100666857294452
2013-01-26,119.4416684,351.0291719,287.1375043,0.007929166,88745.83333,4.500000067,-0.720833344,4.370833398,0.164334042,8.326646723976788,0.771307924971444
2013-01-27,156.5708357,310.8166713,285.6375043,0.007495833,88630.41667,3.600000054,1.470833355,2.683333373,0.164540051,18.315826287092342,0.8039611853294619
2013-01-28,123.3500018,316.3500047,284.7250042,0.006670833,88427.08333,0.500000007,2.629166706,3.725000056,0.164746693,12.726848207164544,0.7585754149313575
2013-01-29,177.7500026,271.1583374,278.5916708,0.003154167,88579.16667,1.800000027,6.870833436,-1.291666686,0.212349681,21.48178339824852,0.5471188023850676
2013-01-30,182.2541694,207.8875031,275.0750041,0.002083333,89056.66667,0.0,2.475000037,-2.141666699,0.224516034,7.335340101306502,0.4669317381785153
2013-01-31,175.1958359,215.0625032,276.2916708,0.001695833,89063.33333,0.0,-0.437500007,-1.762500026,0.208271798,5.686899784851099,0.3482167415498313
2013-02-01,186.2166694,201.5958363,279.5333375,0.0011625,89075.0,0.0,-2.225000033,-0.079166668,0.191761804,5.355543255133169,0.189833818193785
2013-02-02,170.9958359,223.67917,282.2458375,0.001091667,89240.41667,0.0,-0.541666675,-1.000000015,0.179104016,3.913205806805144,0.1481175564785908
2013-02-03,146.1666688,269.4083373,282.3750042,0.001079167,89035.83333,0.0,-1.925000029,0.595833342,0.171734036,4.3776794389203095,0.1448048460765793
2013-02-04,168.1541692,270.3541707,282.7041709,0.0029,88583.75,0.0,1.616666691,-0.566666675,0.16894487,3.314369093986772,0.3785749657652903
2013-02-05,186.3958361,251.8375038,283.5333376,0.004025,88622.91667,0.0,0.704166677,-0.100000001,0.167268326,2.7175489480919235,0.4969558372438851
2013-02-06,176.0541693,255.9416705,283.4416709,0.004145833,88412.08333,0.0,1.620833357,1.487500022,0.166802949,1.8136740491070285,0.5138283304894847
2013-02-07,191.3541695,244.0541703,281.8333375,0.003833333,88646.66667,0.0,1.929166695,-0.341666672,0.166806141,1.539881649649158,0.5314183951248914
2013-02-08,178.1625027,237.4083369,282.0333375,0.002075,88273.75,0.0,-0.791666678,3.620833387,0.166957473,1.5017391655982228,0.2825570975526973
2013-02-09,186.5000028,242.0208369,280.6875042,0.002916667,88019.16667,0.70000001,4.4708334,3.195833381,0.170898704,1.854778763305134,0.4343974632584376
2013-02-10,199.212503,205.0666697,274.9708374,0.002075,88477.08333,0.0,2.350000035,0.304166671,0.17503703,0.964148049048246,0.4655366540877197
2013-02-11,198.837503,208.2958364,277.6250041,0.002054167,88347.5,0.300000004,2.44583337,2.095833365,0.170655867,1.3651333078689931,0.3804780851427334
2013-02-12,194.1625029,237.8916702,276.6166708,0.003108333,88924.16667,6.7000001,3.175000047,-2.529166704,0.198962204,21.3066926906631,0.6226063330989998
2013-02-13,202.9791697,214.1958365,276.7125041,0.002529167,88903.33333,0.0,-0.583333342,-1.812500027,0.183534313,11.286014921566617,0.503023586287573
2013-02-14,206.2833364,215.6333365,279.5458375,0.001791667,88735.0,0.0,1.016666682,-1.558333357,0.173843723,10.671159911820222,0.2912046802184745
2013-02-15,201.2333363,228.0166701,282.3125042,0.002391667,89001.66667,0.0,-1.129166683,-2.175000032,0.170087534,8.626274736724598,0.3221653586645709
2013-02-16,212.3458365,217.7416699,283.6833376,0.001625,89212.91667,0.0,-4.366666732,-0.245833337,0.169241933,7.754625768676395,0.1999362425827153
2013-02-17,207.7791698,231.6458368,284.2166709,0.001716667,88558.75,0.0,-1.195833351,2.550000038,0.16918443,5.629923141099428,0.2022753306452557
2013-02-18,198.237503,235.2333368,282.7958375,0.001945833,88562.08333,0.0,2.566666705,0.400000006,0.169421929,3.818370032442481,0.2523761476561151
2013-02-19,189.1708362,268.8791707,283.7708376,0.002204167,88279.16667,0.0,1.35000002,3.929166725,0.169748435,3.5298754360937155,0.2667789754955909
2013-02-20,161.4958357,250.4000037,280.8458375,0.0031375,87662.91667,3.400000051,2.987500045,5.458333415,0.171862766,11.812723334266929,0.4603353404809951
2013-02-21,193.7791696,254.3541705,275.8416708,0.002983333,88257.08333,3.700000055,4.22916673,0.225000003,0.269876675,19.764490200504955,0.6269760206276284
2013-02-22,214.9041699,258.6958372,276.8375041,0.002791667,88510.0,0.0,1.570833357,-2.387500036,0.219073348,15.28131002459037,0.5478655403168888
2013-02-23,220.42917,219.5000033,278.2416708,0.002633333,88686.25,0.0,1.300000019,-0.812500012,0.189131833,9.212546619532446,0.4687374388241545
2013-02-24,170.8916692,246.258337,280.7583375,0.002808333,88047.91667,0.0,5.658333418,-0.845833346,0.17730769,7.436524238264226,0.4163569038891136
2013-02-25,226.1708367,202.1541697,276.9416708,0.001483333,88731.66667,0.0,3.104166713,-3.179166714,0.174853784,4.975518343423339,0.2896739503941664
2013-02-26,228.1166701,209.4208365,278.9875042,0.001595833,88394.16667,0.0,2.400000036,-1.691666692,0.173283535,4.372654991230758,0.2686643599905192
2013-02-27,229.9708368,205.3458364,279.4166708,0.0014375,88680.0,0.0,0.829166679,-2.00000003,0.17288566,3.5151148237569427,0.2356104968736366
2013-02-28,231.6500035,212.2291698,279.9666708,0.0015125,89002.91667,0.0,-0.579166675,-3.154166714,0.173028927,2.9053748470943974,0.2394524666854879
2013-03-01,243.4916703,218.9708366,282.5750042,0.0014125,89361.25,0.0,0.0,-2.741666708,0.17330068,3.0230614136961056,0.1876516675453433
2013-03-02,243.2000036,244.0875036,286.4750043,0.0022,89398.75,0.0,-0.195833336,-0.941666681,0.173636557,3.4130431165383825,0.2251777833624499
2013-03-03,245.908337,238.8500036,288.8708376,0.001629167,88861.66667,0.0,2.141666699,0.841666679,0.173978821,2.932145424947724,0.1417439323261485
2013-03-04,242.920837,274.5458374,290.9500043,0.002129167,88409.58333,0.0,4.704166737,0.487500007,0.174331855,3.189800306213927,0.1612898477320394
2013-03-05,236.3541702,259.6708372,287.5375043,0.003454167,88741.25,0.0,-0.029166667,0.137500002,0.174684957,2.871028843367612,0.3273006022819898
2013-03-06,229.2458367,296.9750044,289.8833377,0.0025375,88672.5,0.0,0.91666668,2.562500038,0.175052532,2.3997055789449573,0.2063914422101056
2013-03-07,246.4625037,259.7166705,289.6750043,0.002754167,88588.75,0.0,1.37500002,2.895833376,0.175406178,1.9899296325112172,0.2268170602831804
2013-03-08,128.6375019,305.9958379,286.1333376,0.0037375,88296.66667,3.100000046,1.587500024,4.716666737,0.175759212,7.726337676485708,0.3864499857651743
2013-03-09,143.7791688,288.7708376,280.7875042,0.004595833,88487.91667,1.900000028,4.391666732,3.116666713,0.176488046,7.331679331369011,0.6833947055962509
2013-03-10,215.9708366,284.0750042,280.7416709,0.004354167,88900.41667,0.0,2.287500034,-2.800000042,0.17687677,7.350251988583912,0.6525395980120319
2013-03-11,259.1041705,237.2916702,282.9541709,0.002854167,88961.25,0.0,0.358333339,-1.741666693,0.176982564,7.628325765976466,0.3678813713928793
2013-03-12,263.0583373,235.6250035,286.2375043,0.002125,88719.16667,0.0,0.116666668,-1.287500019,0.177223681,6.757216390498787,0.2192575849931259
2013-03-13,264.5083373,251.1125037,289.3625043,0.001970833,88928.75,0.0,-2.512500037,0.22916667,0.177532836,5.97566024237718,0.1662387133861939
2013-03-14,266.3416706,259.7000039,292.5208377,0.001920833,89020.41667,0.0,-2.400000036,-0.037500001,0.177875732,5.292987016794729,0.1326595897640133
2013-03-15,268.9333373,255.0833371,293.3125044,0.001495833,88787.08333,0.0,0.483333341,0.212500003,0.178232351,4.33837058523015,0.0980509764462398
2013-03-16,271.1833374,253.1250038,292.5333377,0.0019875,88391.25,0.0,3.475000052,0.283333338,0.178426302,3.7244691971444617,0.1361866956810256
2013-03-17,271.3666707,247.883337,289.3333376,0.0018125,88277.08333,0.0,4.24166673,1.14583335,0.178642424,3.1088395647386147,0.1520485763441641
2013-03-18,270.0083374,260.6875039,289.9625043,0.0027875,88522.91667,0.0,2.708333374,0.520833341,0.178830574,2.85530492749384,0.2251966436071867
2013-03-19,263.9125039,269.0541707,290.2833377,0.002858333,88506.25,0.0,3.208333381,-0.262500004,0.179032073,2.7804649065888323,0.2261802560957107
2013-03-20,260.0750039,275.3625041,290.0083377,0.003291667,88604.16667,0.0,1.329166686,-0.408333339,0.179234207,2.613172139973137,0.2653903962233894
2013-03-21,242.5666703,294.2125044,291.2750043,0.002720833,88217.91667,0.0,4.075000061,-0.595833342,0.179436345,2.8546882289559803,0.2014594637182306
2013-03-22,274.1333374,282.5333375,291.2125043,0.0031375,87912.91667,0.0,3.741666722,2.041666697,0.17963848,2.991829624051653,0.2324279935979296
2013-03-23,280.7750042,259.4625039,289.366671,0.0033375,88308.33333,0.0,5.237500078,-0.145833336,0.179840617,2.6492183780853287,0.2794772950050614
2013-03-24,282.4291709,246.5416703,287.4875043,0.002283333,88561.25,0.0,3.429166718,-1.195833351,0.180028129,2.303107280609373,0.2166260758576985
2013-03-25,285.1083376,236.5333369,287.1750043,0.0011125,88440.41667,0.0,1.116666683,-1.508333356,0.18024425,2.093260257526565,0.1075809109066991
2013-03-26,279.9125042,252.4208371,290.3458377,0.001508333,88581.25,0.0,-1.116666683,0.637500009,0.180432401,2.119598961428432,0.1189792628560823
2013-03-27,256.6541705,266.825004,291.1500043,0.0016375,88440.41667,0.0,2.179166699,2.866666709,0.180633899,2.3885403720089773,0.1225202760810984
2013-03-28,268.700004,296.4333378,290.6833377,0.002241667,88689.58333,0.0,1.983333363,2.304166701,0.180836037,2.585766657511281,0.1732678569362791
2013-03-29,285.3250043,283.6833376,291.641671,0.0027625,88957.08333,0.0,2.420833369,-0.304166671,0.181038172,2.4976923666394453,0.2015210756574964
2013-03-30,169.4916692,299.0916711,292.5333377,0.001983333,88921.66667,0.0,2.112500031,-0.795833345,0.181240309,1.5236271842259077,0.1367166794863714
2013-03-31,288.6583376,275.0208374,291.1458377,0.002470833,88692.5,0.0,2.825000042,-1.512500023,0.181442444,2.393734488045533,0.1854475587739913
2013-04-01,296.4708378,264.5750039,291.116671,0.002545833,88589.16667,0.0,2.71250004,-0.025,0.181629955,2.181243552982622,0.1912080394766778
2013-04-02,297.8666711,271.4208374,290.3750043,0.003508333,88405.0,0.0,3.741666722,-1.316666686,0.181831457,2.177028668633946,0.2756767748704365
2013-04-03,299.2875045,264.6833373,289.3750043,0.003041667,88512.91667,0.0,2.89166671,-1.962500029,0.182033592,1.9656004337761812,0.2551577281090775
2013-04-04,300.5083378,264.4208373,291.129171,0.002829167,88711.66667,0.0,0.987500015,-0.033333334,0.182235729,1.668649602832246,0.2126130956119325
2013-04-05,292.1750044,293.1083377,292.8958377,0.00245,88613.33333,0.0,2.391666702,1.154166684,0.182437864,1.9467595186499704,0.1645146614173241
2013-04-06,300.7916711,283.6333376,292.566671,0.0034875,88576.66667,0.0,3.070833379,0.520833341,0.182639998,1.82894259123458,0.238969377251689
2013-04-07,301.1708378,284.6416709,292.491671,0.003658333,88347.5,0.0,2.970833378,1.170833351,0.182827513,1.7262613111573029,0.2512077674125961
2013-04-08,304.5375045,283.6666709,292.5208377,0.0041,87770.0,0.0,3.312500049,4.854166739,0.183043635,2.038655906760317,0.2791832598940861
2013-04-09,222.8958367,299.8958378,286.5208376,0.004133333,87481.25,1.000000015,5.970833422,4.420833399,0.183231785,2.1904755702423286,0.412738216664437
2013-04-10,298.2833378,263.1875039,285.4125043,0.003070833,88253.33333,0.0,4.200000063,-1.262500019,0.183447907,2.337992980063912,0.3328982511646933
2013-04-11,309.4833379,250.4666704,285.0666709,0.002616667,88440.0,0.0,2.291666701,-2.070833364,0.183636054,2.3255247433696304,0.2908857964579973
2013-04-12,282.6166709,272.2708374,289.0583376,0.002558333,87952.08333,0.0,1.941666696,-1.004166682,0.183837556,2.639993710190824,0.2176529534043883
2013-04-13,309.5291713,294.2750044,291.741671,0.0030375,88036.66667,0.0,2.962500044,-1.158333351,0.18403526,3.223381750924352,0.2179066026626754
2013-04-14,311.9416713,275.6291708,291.929171,0.0031125,88059.16667,0.0,3.904166725,1.862500028,0.184234734,3.101024105403203,0.2207137412667585
2013-04-15,316.0666714,273.3291707,291.479171,0.003395833,87942.5,0.0,3.720833389,4.620833402,0.184434295,3.203721375109391,0.2474295070568562
2013-04-16,316.9291714,274.6375041,292.5583377,0.003870833,88005.0,0.0,2.808333375,5.675000085,0.184485697,3.226967626934885,0.2636621891731396
2013-04-17,316.8708381,275.8250041,291.0875043,0.00465,88095.0,0.0,4.90416674,3.437500051,0.184530657,2.912708327440668,0.3479403592908312
2013-04-18,328.2708382,232.0541701,285.6833376,0.00205,88533.33333,0.0,3.416666718,-2.816666709,0.184575614,2.259429719779716,0.2189636894417068
2013-04-19,331.0375049,228.5541701,287.0125043,0.001466667,88891.66667,0.0,-1.779166693,-1.470833355,0.184620575,2.2568613521994982,0.1440810430269891
2013-04-20,328.4875049,237.0416702,289.3708376,0.001066667,88528.75,0.0,2.575000038,-1.891666695,0.184665535,2.524551368386219,0.089520021864153
2013-04-21,326.3833382,254.3500038,290.979171,0.001654167,88670.41667,0.0,2.783333375,-1.045833349,0.184710496,2.6286503767288947,0.1254440932877712
2013-04-22,324.8750048,270.925004,293.4958377,0.002045833,88642.08333,0.0,3.379166717,0.337500005,0.184755456,2.8190764622377005,0.1323609360577643
2013-04-23,326.0916715,271.175004,294.2958377,0.0022625,88350.0,0.0,3.33750005,1.600000024,0.184800413,2.836872727665571,0.1388172440304384
2013-04-24,320.4125048,279.7666708,293.741671,0.002704167,88374.58333,0.0,2.029166697,2.133333365,0.184845374,2.841930759466164,0.1717743491445895
2013-04-25,323.6666715,304.6416712,295.7250044,0.003358333,88442.5,0.0,2.166666699,5.262500078,0.184890334,3.4842016158255182,0.1888755315545434
2013-04-26,330.0625049,273.5916707,291.704171,0.003204167,88754.16667,0.0,2.525000038,-0.095833335,0.184935295,2.924577825752456,0.2322866926611606
2013-04-27,331.7833383,273.3541707,293.7583377,0.002454167,88801.25,0.0,2.275000034,-2.070833364,0.184980255,3.1615452206833727,0.156484048667379
2013-04-28,331.6666716,281.3125042,294.7625044,0.0023625,88477.08333,0.0,1.175000018,-2.512500037,0.185010589,3.2843333668420307,0.1410301674270645
2013-04-29,332.3958383,282.4541709,296.1000044,0.001979167,88295.0,0.0,3.129166713,-1.912500028,0.185054914,3.452737090169561,0.1086028084082243
2013-04-30,334.2833383,285.5125043,296.8208378,0.002220833,88200.83333,0.0,4.104166728,-0.920833347,0.185099874,3.615599138034227,0.1165012067669636
2013-05-01,339.7541717,279.8875042,295.4166711,0.0024875,88302.5,0.0,2.979166711,1.100000016,0.185159458,3.6835217853884825,0.1423459024560884
2013-05-02,338.9916717,284.0041709,294.3083377,0.002904167,88874.16667,0.0,0.033333334,-1.941666696,0.185190427,3.6486517167080543,0.1791055106962222
2013-05-03,344.5500051,265.6083373,292.3458377,0.002679167,89045.41667,0.0,-5.391666747,2.129166698,0.185234752,4.136763806446336,0.1871329968002229
2013-05-04,335.375005,281.5125042,294.5125044,0.002316667,88228.33333,0.0,1.175000018,2.575000038,0.185279713,3.933818035402793,0.1400530884205767
2013-05-05,330.6041716,300.2125045,294.8000044,0.0038875,88234.16667,0.0,1.595833357,5.091666743,0.185325738,4.568647160224583,0.2308931140759768
2013-05-06,334.637505,303.2166712,293.0958377,0.004941667,88443.75,0.0,3.191666714,3.491666719,0.185365221,4.525650938398211,0.3270707226964683
2013-05-07,334.1541716,298.9791711,292.5625044,0.005141667,88585.41667,0.0,2.604166705,2.466666703,0.185410214,4.393546714748099,0.3524427346234327
2013-05-08,315.145838,300.8958378,291.6958377,0.0050875,88590.83333,0.0,2.766666708,1.387500021,0.185456853,4.1548176590468255,0.3683346348735605
2013-05-09,336.512505,312.633338,291.991671,0.0050125,88568.75,0.0,2.500000037,-0.300000004,0.185496381,4.74648648498084,0.3560959224263406
2013-05-10,334.4666717,292.054171,291.941671,0.003625,88679.58333,0.0,1.400000021,-0.89166668,0.185537326,4.463126231551704,0.2586630298135868
2013-05-11,271.9750041,313.758338,292.0708377,0.003691667,88812.5,0.0,-0.487500007,-1.408333354,0.18557895,3.895053049536879,0.2616734661364397
2013-05-12,336.837505,300.1958378,293.5583377,0.004025,88976.66667,0.0,-4.829166739,-0.262500004,0.185637984,5.288256568674164,0.2603749784407759
2013-05-13,337.7041717,307.1291712,295.1208377,0.003708333,88937.91667,0.0,-4.104166728,0.475000007,0.18568323,5.466909655072206,0.2176595953665915
2013-05-14,341.4583384,298.3875044,294.9708377,0.003,88741.66667,0.0,-1.241666685,0.570833342,0.185713231,5.031747201399151,0.1773271319272492
2013-05-15,341.7833384,315.4166714,297.6958378,0.0039375,88735.0,0.0,4.4958334,0.383333339,0.185757825,5.708341424257682,0.1970778045140279
2013-05-16,348.6583385,302.2833378,297.2833378,0.0036125,88522.08333,0.0,3.56666672,1.329166686,0.185800054,5.660741432978356,0.1849330351844879
2013-05-17,349.3291719,294.066671,296.7125044,0.003116667,88429.16667,0.0,1.962500029,3.283333382,0.185847754,5.691192854363706,0.1650017757602372
2013-05-18,352.3958386,287.7625043,296.4666711,0.0031,88455.41667,0.0,2.775000041,2.500000037,0.185884519,5.641201290414923,0.1666439685714122
2013-05-19,348.6458385,298.5000044,295.3958377,0.004108333,88469.58333,0.0,3.608333387,0.145833336,0.185921721,5.848694793284183,0.2358438075310471
2013-05-20,348.9875052,300.8333378,295.7833377,0.0041,88296.25,0.0,4.270833397,-0.620833343,0.185973558,5.979488363095001,0.2293847312121053
2013-05-21,353.0958386,287.3500043,295.3041711,0.002883333,88432.91667,0.0,2.937500044,-0.90416668,0.186025997,5.611538945495426,0.166387601795076
2013-05-22,349.8583385,291.154171,296.2875044,0.002345833,88157.91667,0.0,2.68750004,1.045833349,0.186063806,5.453552232150222,0.1270596103477584
2013-05-23,340.0166717,303.2375045,298.4125044,0.0032,88134.58333,0.0,1.504166689,3.562500053,0.186101012,5.267881728592958,0.1523628955468362
2013-05-24,348.6500052,308.6708379,298.1166711,0.004204167,88447.08333,0.0,0.887500013,3.258333382,0.1861383,5.656853496873329,0.2044886921920065
2013-05-25,351.3958386,303.9250045,298.1000044,0.003504167,88512.5,0.0,1.804166694,2.579166705,0.186190215,5.489210659202946,0.1707382565326694
2013-05-26,355.116672,285.1708376,297.3125044,0.002379167,88622.91667,0.0,2.245833367,2.308333368,0.186228065,5.349555600698577,0.121719146373982
2013-05-27,339.8875051,288.7958376,297.2458378,0.002020833,88382.08333,0.0,2.554166705,1.345833353,0.186279888,5.173995608702421,0.1035228407549864
2013-05-28,356.1958386,287.5750043,297.4916711,0.002354167,88016.25,0.0,2.562500038,2.566666705,0.186317751,5.624024529178459,0.1183258772577255
2013-05-29,350.2583386,307.9250046,296.9000044,0.003841667,87949.58333,0.0,3.79583339,1.266666686,0.186355023,6.367797674604836,0.199989054885859
2013-05-30,348.6958385,325.5750049,297.9916711,0.0055625,88297.5,0.0,3.091666713,1.645833358,0.186406906,6.697330995805258,0.2721402207568171
2013-05-31,346.9125052,338.1333384,298.7416711,0.006845833,88412.08333,0.0,2.895833376,0.525000008,0.186444816,6.969059934792793,0.3205886988343704
2013-06-01,339.8083384,327.8958382,298.2208378,0.005279167,88491.66667,0.0,1.575000023,-1.220833352,0.186482052,6.5707987548259625,0.2553008469008903
2013-06-02,337.9833384,330.3250049,300.5041711,0.0038375,88408.75,0.0,1.937500029,0.70000001,0.1865193,5.591837351791861,0.1618143811667901
2013-06-03,343.2583384,315.170838,300.3041711,0.003529167,88260.41667,0.0,2.387500036,2.779166708,0.186571106,5.25150622295184,0.1503309064336102
2013-06-04,337.4291717,327.9125049,299.7458378,0.004095833,88431.66667,0.0,2.212500033,2.120833365,0.186608532,5.7962462766822735,0.1806929765437409
2013-06-05,343.8458385,317.9750047,300.2208378,0.003829167,88465.83333,0.0,2.962500044,0.304166671,0.186644174,5.272964666851348,0.1642980972844615
2013-06-06,343.1458384,315.9416714,300.6500045,0.003220833,88329.58333,0.0,3.262500049,-0.937500014,0.186694388,4.533209233023909,0.134526341879376
2013-06-07,341.8583384,327.8291716,301.7625045,0.0034,88221.66667,0.0,2.562500038,-0.725000011,0.186745242,3.615170326512812,0.132858057044681
2013-06-08,342.7666718,317.9875047,300.4000045,0.00275,88204.58333,0.0,4.045833394,-0.383333339,0.186781469,4.290333109882555,0.1164050091379795
2013-06-09,341.3416718,328.4250049,301.6666712,0.0035,88435.0,0.0,4.579166735,-1.162500017,0.186817061,3.493471951469905,0.1378678228470799
2013-06-10,341.7583384,325.8208382,300.9750045,0.003229167,88603.75,0.0,3.800000057,-0.679166677,0.186867279,3.9574522621421617,0.1327255047390816
2013-06-11,342.1916718,332.7083383,303.1541712,0.0030375,88542.08333,0.0,3.308333383,-2.370833369,0.186903506,4.239061526708968,0.1098521529136496
2013-06-12,340.0166717,340.6291717,304.1791712,0.003475,88639.16667,0.0,3.058333379,-2.43333337,0.186953721,4.542287428806592,0.1185873482342005
2013-06-13,336.6958384,355.579172,303.9833379,0.005475,88602.5,0.0,3.82083339,-1.358333354,0.187004574,2.027605749718603,0.1888773873337699
2013-06-14,313.0416713,364.2166721,303.2083379,0.007095833,88529.16667,2.900000043,3.862500058,-1.725000026,0.187040802,18.38715104738153,0.2557820350337479
2013-06-15,315.2166714,366.5666721,301.6083378,0.007133333,88567.91667,0.900000013,3.220833381,-0.400000006,0.187076393,19.469142790240824,0.2823734507579071
2013-06-16,334.4666717,361.3500054,301.2000045,0.006429167,88641.66667,0.200000003,3.125000047,0.200000003,0.187167306,15.971927701207274,0.2608888923806276
2013-06-17,341.2791718,339.8083384,300.8041711,0.004641667,88625.0,0.0,2.962500044,-0.512500008,0.187246002,12.04430328789832,0.19275843700523
2013-06-18,345.1166718,325.4833382,301.7625045,0.0037625,88536.66667,0.0,2.391666702,0.283333338,0.187324065,9.006740065728547,0.1475480239173262
2013-06-19,346.2250052,313.758338,302.1750045,0.002695833,88362.5,0.0,2.475000037,2.2541667,0.187402125,5.213015787879331,0.1029971591814619
2013-06-20,346.4500052,308.8250046,300.1833378,0.002479167,88296.25,0.0,2.787500042,2.708333374,0.187494808,7.049547515961769,0.1064057974427134
2013-06-21,342.0375051,327.2166715,301.8583378,0.003725,88408.33333,0.0,2.795833375,3.083333379,0.187573503,5.726906497453413,0.1450500876274582
2013-06-22,343.2916718,314.0166713,300.5333378,0.003004167,88523.75,0.0,2.92916671,3.341666716,0.187651563,6.108770265020743,0.1266219255161838
2013-06-23,344.3041718,315.8666714,300.5875045,0.003454167,88443.75,0.0,2.67500004,3.13333338,0.187744246,6.0896881789370365,0.1449926545454789
2013-06-24,343.0875051,326.6916715,301.8041712,0.004445833,88334.58333,0.0,2.375000035,4.283333397,0.187822945,5.334391764549458,0.173523631608673
2013-06-25,343.4541718,323.2666715,301.1208378,0.004341667,88674.16667,0.0,2.620833372,2.604166705,0.187901005,5.762946773804268,0.1770672357260652
2013-06-26,340.3291717,333.675005,301.8000045,0.004025,88772.08333,0.0,2.787500042,-0.22916667,0.187993688,4.9243587072122965,0.1579148242308766
2013-06-27,338.7041717,332.9333383,301.4500045,0.003516667,88811.25,0.0,3.537500053,-2.925000044,0.188072383,4.395179712495299,0.140891928333783
2013-06-28,301.4541712,353.7375053,304.0750045,0.004541667,88793.75,0.0,1.687500025,-2.237500033,0.188150443,4.540971242845006,0.1561912844663865
2013-06-29,288.016671,379.3916723,304.5958379,0.004391667,88557.91667,0.0,-2.966666711,1.679166692,0.188228503,4.544982124447304,0.1461941650595526
2013-06-30,317.0458381,388.8833391,305.0625045,0.005341667,88520.83333,0.0,1.879166695,-1.162500017,0.188321189,4.983169470279651,0.1730625532091444
2013-07-01,295.7958377,389.7458391,303.5333379,0.008,88558.33333,3.200000048,3.166666714,-1.870833361,0.188399885,21.9746011244262,0.2830985836310243
2013-07-02,302.2916712,380.9875057,301.3541712,0.007183333,88775.41667,1.700000025,-0.729166678,-0.037500001,0.188477944,27.757344469215877,0.2892999389499973
2013-07-03,304.0000045,375.6125056,301.5375045,0.007329166,88593.33333,0.200000003,1.075000016,-1.454166688,0.188570627,17.921311063912253,0.2914162090362044
2013-07-04,303.0291712,380.4000057,302.2333378,0.007808333,88365.41667,0.0,3.608333387,-1.316666686,0.1886347,11.44386357373067,0.2973219852196719
2013-07-05,252.9250038,389.8250058,302.8208378,0.0090625,88423.75,2.800000042,3.487500052,-0.516666674,0.188726746,29.45720920112666,0.3336990299821266
2013-07-06,299.8750045,380.2125057,301.3416712,0.009141666,88362.08333,0.100000001,2.804166708,-0.087500001,0.188805442,18.81472559516795,0.3667242832983342
2013-07-07,286.8166709,384.0291724,302.6041712,0.008325,88340.83333,0.100000001,2.650000039,-2.075000031,0.188898128,13.658690690169358,0.3101359228312171
2013-07-08,285.0166709,384.1291724,302.5708378,0.0079,88533.75,3.500000052,1.895833362,-1.733333359,0.188976824,41.212197502466566,0.2955182923485104
2013-07-09,294.1833377,399.1125059,302.2916712,0.009341666,88798.75,3.000000045,2.475000037,-2.287500034,0.189054884,58.06076195770706,0.356238050320359
2013-07-10,286.6583376,404.7208394,300.4291711,0.0119375,88778.33333,25.00000037,2.404166702,-2.250000034,0.189147566,175.99096655263045,0.5077140318216795
2013-07-11,261.9291706,404.9458394,299.9708378,0.012029166,88725.0,4.400000066,2.375000035,-0.520833341,0.189226262,87.51084233028433,0.5253757421025212
2013-07-12,275.5791708,390.9958392,299.3916711,0.011695833,88621.25,1.700000025,2.312500034,-1.191666684,0.189304322,63.526227476861806,0.5280977934568108
2013-07-13,290.041671,384.7083391,301.2666712,0.010825,88561.25,0.200000003,1.912500028,-2.316666701,0.189397008,39.23209415104724,0.4371526761265966
2013-07-14,295.4125044,391.2125058,301.8000045,0.010470833,88582.5,3.800000057,2.100000031,-2.845833376,0.189475704,69.28646124948114,0.40993006399739
2013-07-15,252.9166704,387.8000058,302.4416712,0.010375,88414.58333,3.000000045,3.383333384,-2.845833376,0.189553763,63.95223236194779,0.3905039851199092
2013-07-16,257.3708372,397.8833393,300.4875045,0.010595833,88663.33333,8.500000127,-0.220833337,-0.25416667,0.18938008,76.2004113421308,0.4485185289416199
2013-07-17,191.4958362,383.570839,298.0666711,0.011633333,88937.08333,6.600000098,-3.208333381,0.741666678,0.189195451,95.81774251767716,0.5706894981952523
2013-07-18,280.7625042,368.6750055,299.1916711,0.010225,88816.66667,0.0,-4.691666737,0.791666678,0.189010821,93.90683101042325,0.4682560708442693
2013-07-19,215.2916699,382.1125057,298.1375044,0.011783333,88828.33333,0.400000006,-3.866666724,0.137500002,0.188826192,33.986831928199734,0.5748850911493869
2013-07-20,251.1458371,376.8125056,297.2333378,0.0112125,88556.25,2.500000037,-0.991666681,-0.370833339,0.188641563,41.20055491483941,0.5759596953575795
2013-07-21,284.3958376,404.0708394,299.3291711,0.012029166,88412.08333,0.500000007,1.979166696,1.020833349,0.188456934,40.37681253020334,0.5438892340401464
2013-07-22,176.3125026,386.6625058,297.1375044,0.014266666,88661.25,8.300000124,3.004166711,-0.300000004,0.188257682,58.861209216860274,0.7379881204613343
2013-07-23,289.2250043,382.395839,300.1041711,0.012241666,88812.5,1.800000027,3.545833386,-1.829166694,0.188087044,93.92142539026447,0.5309689722928614
2013-07-24,229.8291701,389.9083391,299.5708378,0.011216666,88732.5,2.300000034,2.620833372,-1.762500026,0.18790305,59.0960785383732,0.5017158732067413
2013-07-25,197.1416696,396.1166726,299.4000045,0.01065,88758.33333,9.600000143,0.86666668,-0.150000002,0.187722454,73.07732710560157,0.4813803882989149
2013-07-26,224.40417,386.9666724,299.2208378,0.0115125,89001.66667,2.200000033,2.245833367,-0.729166678,0.187541486,82.96232781792604,0.527396760597186
2013-07-27,189.2166695,388.2000058,298.2791711,0.014008333,88907.5,3.000000045,1.187500018,-1.008333348,0.187345886,52.84454972049425,0.6782445827041665
2013-07-28,251.3208371,389.8833391,299.9916711,0.013779166,88455.0,0.0,2.758333374,0.43333334,0.187149638,58.20460750318516,0.5992347947725837
2013-07-29,270.500004,378.2750056,300.6791711,0.011870833,88651.66667,0.0,2.816666709,0.929166681,0.186967996,38.72632813791445,0.496767798111776
2013-07-30,255.1166705,380.4541723,301.2541712,0.011995833,89036.25,0.0,2.629166706,-1.77083336,0.186786982,24.164301304489825,0.4873912520632993
2013-07-31,199.7708363,407.2375061,302.2000045,0.011154166,89072.91667,0.200000003,1.14583335,-2.541666705,0.186605961,18.036338068023863,0.4289568212064957
2013-08-01,158.491669,409.1708394,300.1666711,0.014108333,88801.66667,3.400000051,1.716666692,0.104166668,0.186424919,26.157993121366424,0.6095970633795065
2013-08-02,181.658336,391.4000058,299.1625045,0.0141,88762.91667,0.800000012,1.700000025,0.995833348,0.186229289,22.658091642425354,0.6464462605365507
2013-08-03,238.5375036,380.7500057,299.1958378,0.013341666,88748.33333,0.200000003,2.362500035,0.245833337,0.18604771,22.303655926631254,0.6103625735483695
2013-08-04,205.9875031,403.0083393,300.4833378,0.0138375,88710.0,0.200000003,3.229166715,-1.112500017,0.185866756,17.320077562642783,0.5861899796276099
2013-08-05,227.0250034,381.2416723,298.4291711,0.011933333,88733.33333,17.00000025,3.83333339,-1.600000024,0.185685694,143.50722214988363,0.571474510192987
2013-08-06,181.5875027,391.4833392,296.7875044,0.013404166,88795.0,1.800000027,2.725000041,-0.087500001,0.18550465,51.98683883467178,0.709332977429255
2013-08-07,288.4000043,372.5583389,295.7833377,0.0125375,88781.25,0.0,2.933333377,-0.737500011,0.185309079,48.89913908210954,0.7052946534075971
2013-08-08,303.0583378,344.0625051,297.5125044,0.010729166,88804.58333,0.0,3.087500046,-0.529166675,0.185127556,31.362102925133826,0.5434178394075837
2013-08-09,294.9166711,340.1833384,298.3666711,0.008545833,88696.66667,0.0,2.03750003,1.429166688,0.184946568,22.708358267652343,0.4106198592944303
2013-08-10,281.4958375,354.716672,298.8958378,0.0091125,88807.08333,0.0,1.56666669,1.254166685,0.184750963,17.98562662954845,0.4247054468632438
2013-08-11,279.7291708,366.7583388,299.0166711,0.009766666,88771.66667,0.0,-0.487500007,0.20416667,0.184569343,17.119457235450746,0.4517369338835889
2013-08-12,296.7791711,369.7333388,299.7333378,0.010533333,88536.66667,0.70000001,2.066666697,0.187500003,0.184373728,18.1760790985547,0.465589168015619
2013-08-13,293.566671,367.4291721,299.9166711,0.009895833,88657.08333,0.0,2.783333375,-0.47083334,0.184192091,15.754770355274044,0.4332617343990922
2013-08-14,227.0458367,390.3333391,301.5625045,0.011333333,88737.08333,7.300000109,1.200000018,-1.675000025,0.184011083,59.159366580192966,0.450696701473066
2013-08-15,234.2041702,401.487506,302.0583378,0.012154166,88703.75,0.400000006,0.758333345,1.13333335,0.183830111,38.66627659131373,0.4693417219588179
2013-08-16,284.3791709,381.645839,301.6458378,0.011579166,88650.83333,10.70000016,0.587500009,1.304166686,0.183789855,107.96997726671066,0.45778420840703
2013-08-17,277.1500041,385.2500057,302.4375045,0.012204166,88679.16667,0.0,0.979166681,1.479166689,0.183755744,67.52327231128032,0.4608382806782388
2013-08-18,262.3125039,382.8666724,303.1500045,0.011308333,88610.83333,0.100000001,-0.033333334,1.879166695,0.183721606,41.77843683111183,0.4093857989107428
2013-08-19,221.22917,395.0541726,302.2625045,0.011954166,88715.83333,0.0,2.158333365,-0.370833339,0.183672835,25.03772300790665,0.4562134448953658
2013-08-20,195.6125029,410.9041728,302.4541712,0.013291666,88565.0,0.600000009,2.270833367,-1.77083336,0.18363808,21.56398400266327,0.5007706830971832
2013-08-21,204.8208364,395.3500059,301.4291712,0.01315,88615.83333,0.200000003,1.266666686,-1.733333359,0.18361852,16.738752250644733,0.526326021319112
2013-08-22,272.2041707,384.1041724,300.0041711,0.012829166,88601.25,1.000000015,1.216666685,0.070833334,0.183570364,23.97151068469784,0.558428977137983
2013-08-23,252.5541704,376.2041723,299.2583378,0.012454166,88510.83333,0.0,1.700000025,-0.366666672,0.183535609,16.627312542155988,0.5661207344916114
2013-08-24,176.8750026,387.7125058,296.8916711,0.011341666,88450.41667,13.4000002,0.733333344,1.741666693,0.183501477,77.36819596732639,0.5940859847744167
2013-08-25,171.8041692,397.4625059,297.1916711,0.0135875,88742.5,0.0,-0.65000001,1.841666694,0.183467345,49.66707373954085,0.7011940035041789
2013-08-26,236.6541702,387.9458391,299.2416711,0.014945833,88732.08333,0.0,-0.754166678,1.737500026,0.183433194,46.08015657270038,0.681758585394753
2013-08-27,271.3041707,368.1416722,299.2458378,0.0115125,88482.08333,0.0,-0.950000014,1.462500022,0.18339909,36.53807850886107,0.5235363387558493
2013-08-28,185.7750028,385.3041724,300.4875045,0.0131,88390.0,0.400000006,-3.454166718,1.150000017,0.18336493,22.56400833071771,0.5528097053751603
2013-08-29,161.5125024,394.9833392,298.6041711,0.015870833,88790.83333,2.200000033,-1.716666692,1.695833359,0.183316149,22.46410131581876,0.7525865830147562
2013-08-30,152.3458356,405.2083394,296.8458378,0.015170833,88943.75,0.600000009,-0.754166678,-1.179166684,0.183296022,20.071865847604485,0.8013215832035484
2013-08-31,257.0875038,369.8375055,296.8750044,0.0140875,88732.08333,0.0,1.908333362,-1.641666691,0.183262426,21.909187859064275,0.7410148539022976
2013-09-01,273.5041707,366.6500055,298.6875045,0.0144375,88563.33333,0.0,2.958333377,-2.02500003,0.183213721,19.17676160535963,0.6794624033910854
2013-09-02,254.8625038,384.2958391,299.9875045,0.014654166,88520.83333,1.800000027,2.187500033,-1.070833349,0.183178904,27.224519435742906,0.6379191701325992
2013-09-03,239.5166702,382.6041724,299.7416711,0.011958333,88487.5,0.0,0.44583334,-0.91666668,0.183144763,20.90717191159996,0.5280211783008875
2013-09-04,269.975004,353.1916719,298.1666711,0.008825,88691.25,0.900000013,-1.141666684,-0.575000009,0.183110665,22.25893320168753,0.4291358503383574
2013-09-05,265.7541706,358.6750053,300.1208378,0.0099375,88704.58333,0.0,-3.216666715,1.825000027,0.183076566,18.72145344189575,0.4300794798262512
2013-09-06,197.5083363,370.0916722,300.8041711,0.010116666,88745.83333,0.0,-2.375000035,1.520833356,0.183042448,12.846222650384544,0.4206961634980917
2013-09-07,172.1166692,386.3041724,298.7208378,0.011483333,88728.33333,2.200000033,-1.287500019,1.558333357,0.18300827,17.972414862532702,0.5403591324569272
2013-09-08,152.6833356,391.7291725,297.5500044,0.013470833,88563.75,2.900000043,0.750000011,1.650000025,0.182974115,23.46073620310334,0.6788885893972287
2013-09-09,136.337502,390.2375058,296.3291711,0.013804166,88387.08333,13.7000002,0.21666667,1.483333355,0.182939991,60.65053584209655,0.747728377088737
2013-09-10,218.0541699,382.620839,294.6833377,0.012895833,88414.16667,2.300000034,1.187500018,1.379166687,0.182891224,75.43571305236479,0.7730446782964472
2013-09-11,261.0708372,363.9166721,295.5750044,0.012241666,88530.0,0.0,0.954166681,-1.59166669,0.182871093,60.55528715045996,0.6955324466473684
2013-09-12,260.4833372,355.9458386,296.3458377,0.011541666,88501.25,0.400000006,-0.175000003,-1.13333335,0.182822944,41.44948001458408,0.6253471952552693
2013-09-13,244.5875036,388.2041725,298.2375044,0.0125125,88129.16667,10.70000016,-2.562500038,1.050000016,0.18278812,116.79913185336908,0.602022915700283
2013-09-14,256.7083372,379.245839,298.7083378,0.012379166,88015.83333,0.0,-1.979166696,1.583333357,0.182753929,68.05907603455682,0.5782685914772924
2013-09-15,252.5750038,366.9333388,298.9833378,0.0113125,88133.75,0.0,0.250000004,0.91666668,0.182719755,35.82146406744636,0.520512351592795
2013-09-16,246.9375037,374.3125056,299.8500045,0.011433333,88442.5,0.500000007,-3.070833379,1.529166689,0.182578313,32.26151098307239,0.5013458196096836
2013-09-17,254.8333371,366.8291721,298.9750045,0.012245833,88499.58333,0.0,-3.470833385,1.741666693,0.182446854,20.382584017302243,0.5660777922346591
2013-09-18,253.0375038,367.9833388,300.0416711,0.0111625,88165.41667,0.0,-1.345833353,1.445833355,0.18230143,16.855759673022586,0.4824179930401861
2013-09-19,253.0250038,362.4416721,299.7541711,0.0111,88235.0,0.0,1.345833353,-1.029166682,0.182155415,13.540025315526217,0.4883599014715949
2013-09-20,240.6250036,355.729172,298.4416711,0.009770833,88280.83333,4.200000063,0.179166669,0.0125,0.182009417,28.25141321623797,0.465179350245089
2013-09-21,246.3250037,358.4583387,296.8083378,0.0099875,88406.25,0.0,-0.270833337,1.229166685,0.181863425,23.525324160474074,0.5255470115967411
2013-09-22,242.3291703,358.3208387,297.2791711,0.010579166,88020.83333,0.0,2.087500031,2.066666697,0.181717431,16.8313871738899,0.5386436218842543
2013-09-23,254.5500038,315.0125047,294.5791711,0.007945833,88258.33333,0.0,2.850000042,-0.208333336,0.18158607,11.997069553726371,0.4785475787599179
2013-09-24,248.508337,312.033338,295.0791711,0.0066375,88665.0,0.0,1.354166687,0.750000011,0.181426088,10.182578593773114,0.3893888230831779
2013-09-25,248.133337,325.3333382,295.2708377,0.007316666,88349.58333,0.0,2.691666707,1.816666694,0.181294099,9.9490988320383,0.4226883970006124
2013-09-26,243.220837,330.8000049,295.3916711,0.009129166,88129.58333,0.0,1.983333363,4.487500067,0.181148776,9.060230409995684,0.5221903990178449
2013-09-27,186.3541694,351.3250052,295.4583377,0.011575,88240.83333,0.0,2.454166703,3.045833379,0.181002792,6.153565405461047,0.6602186730494466
2013-09-28,243.3291703,327.6041715,292.916671,0.007379166,88682.08333,0.0,-0.154166669,-0.025,0.180862788,8.319897287473449,0.4952400069173107
2013-09-29,241.8500036,309.3083379,293.0875044,0.0065,88909.16667,0.0,-0.100000001,1.170833351,0.18071704,6.127124615350207,0.4327004746199209
2013-09-30,245.7166703,295.0125044,293.8083377,0.006129167,88726.66667,0.0,2.795833375,0.395833339,0.180577628,6.183639542901962,0.3892702679586517
2013-10-01,248.7541704,283.3208376,292.8708377,0.004779167,88732.91667,0.0,2.966666711,0.508333341,0.180423976,6.036096884729005,0.3218524447973123
2013-10-02,243.3916703,307.3583379,293.6708377,0.006320833,88629.16667,0.0,1.75833336,1.737500026,0.180284178,5.8769911021378896,0.4044490818813222
2013-10-03,241.6708369,307.3166712,293.6708377,0.007045833,88453.75,0.0,2.150000032,2.516666704,0.180140438,5.830122444655324,0.4499471100243266
2013-10-04,242.9500036,292.0875044,292.9000044,0.0059125,88431.66667,0.0,2.783333375,2.412500036,0.18000108,5.646637279942402,0.3961001677358474
2013-10-05,242.8500036,286.2750043,290.816671,0.005308333,88757.08333,0.0,1.608333357,-1.091666683,0.179852247,4.585539987854966,0.4071414968204909
2013-10-06,243.9625036,263.2125039,289.8083377,0.003445833,88953.75,0.0,-2.354166702,-1.129166683,0.179712484,4.475420431887202,0.282517746430939
2013-10-07,237.6458369,282.5041709,292.9333377,0.004304167,88850.41667,0.0,-3.029166712,1.904166695,0.179558745,5.196529172502878,0.2891130422407178
2013-10-08,235.5125035,289.079171,292.9125044,0.004654167,88545.0,0.0,0.929166681,3.470833385,0.179433029,5.114835845493544,0.3119549840972415
2013-10-09,210.2166698,305.7791712,293.2250044,0.0067875,88254.16667,0.0,0.745833344,6.075000091,0.179280284,5.1820322750605206,0.4446704991555704
2013-10-10,216.6041699,332.0833383,290.8708377,0.008425,88240.41667,0.0,2.43333337,4.616666735,0.179131339,4.288107273417243,0.6402117630694949
2013-10-11,229.1750034,280.9125042,286.5708376,0.006216667,88583.75,0.0,1.78333336,0.762500011,0.17898553,2.9206824010823618,0.626527497319768
2013-10-12,227.7958367,281.8333375,289.1958376,0.005516667,88590.83333,0.0,-0.270833337,3.154166714,0.178854472,3.3816551600312548,0.4685676685874721
2013-10-13,221.4875033,302.5125045,291.5125043,0.007270833,88698.33333,0.0,0.345833338,4.991666741,0.178709423,3.759152534731871,0.5331984332942912
2013-10-14,222.1000033,294.2333377,289.8500043,0.006408333,88807.91667,0.0,2.333333368,3.079166713,0.178563742,3.2117598278470787,0.5231454152215536
2013-10-15,220.5208366,300.4750045,289.2500043,0.005995833,88615.41667,0.0,2.283333367,1.416666688,0.178410346,2.966818937206286,0.5076311330678518
2013-10-16,224.8500034,269.4458373,287.3166709,0.004383333,88717.5,0.0,3.266666715,0.170833336,0.17832416,2.6141001824143406,0.4212760813980109
2013-10-17,226.4083367,243.9166703,286.5416709,0.0027125,88731.66667,0.0,1.645833358,0.20416667,0.178255534,2.0725747592048114,0.2743540924251357
2013-10-18,222.6208367,245.7500037,286.4875043,0.002766667,88663.75,0.0,2.566666705,-0.754166678,0.178169361,2.3243116170123628,0.280618632114831
2013-10-19,221.62917,254.4750038,287.829171,0.002920833,88712.08333,0.0,-0.258333337,-0.408333339,0.178096824,1.7271033700814131,0.271454160328352
2013-10-20,220.8208366,246.4791703,287.4333376,0.002479167,88540.41667,0.0,2.179166699,-0.070833334,0.178010292,2.2441812212702925,0.2359847037914697
2013-10-21,216.9625032,251.0125037,287.3041709,0.002695833,88623.33333,0.0,2.116666698,0.062500001,0.177937744,2.1991953337798984,0.2590297426220749
2013-10-22,215.7916699,260.3416705,290.229171,0.002695833,88757.91667,0.0,-0.895833347,-0.179166669,0.177851211,1.834564010258807,0.2146707993471545
2013-10-23,208.7416698,272.9291707,290.5875043,0.003004167,88581.25,0.0,-2.829166709,1.704166692,0.177778662,2.889782545912161,0.233343027829627
2013-10-24,201.0291697,290.129171,292.1625044,0.003641667,88590.83333,0.0,-0.42083334,3.304166716,0.17769213,3.009555141847528,0.2560013570429754
2013-10-25,207.9125031,280.2375042,290.941671,0.003920833,88902.5,0.0,1.125000017,1.466666689,0.177619585,2.299351998892861,0.2988274955910689
2013-10-26,208.1208364,257.7208372,288.5458376,0.003229167,88975.83333,0.0,0.45833334,-0.900000013,0.177533049,1.6303186976462338,0.2872950996949314
2013-10-27,195.9375029,276.6500041,290.8500043,0.003516667,88745.41667,0.0,-2.054166697,1.708333359,0.177460504,2.279113847700858,0.2691159556469366
2013-10-28,202.0458363,276.4208375,290.216671,0.003966667,88380.83333,0.0,1.600000024,4.508333401,0.177373817,2.766773098128376,0.314777812794645
2013-10-29,141.2125021,308.9166713,290.3208377,0.005645833,88407.08333,0.0,1.637500024,5.287500079,0.177292484,2.169747967962021,0.4451860026815266
2013-10-30,197.0333363,284.4083376,287.0000043,0.006820833,88497.5,0.0,2.579166705,3.220833381,0.177211466,1.646347421614862,0.6676349835556286
2013-10-31,201.8416697,240.3333369,283.4500042,0.003679167,88778.33333,0.0,1.641666691,-0.616666676,0.177143185,1.1842371706578871,0.4576216822136392
2013-11-01,194.4750029,233.9000035,283.3500042,0.002279167,88856.66667,0.0,1.55416669,-1.091666683,0.177051918,1.1773457764501631,0.2856613800924151
2013-11-02,179.258336,250.2208371,287.3125043,0.0025875,88785.41667,0.0,-2.516666704,2.066666697,0.176974247,1.6236909705053355,0.2489393437439019
2013-11-03,183.4958361,289.2125043,289.8833377,0.004575,88435.41667,0.0,1.608333357,2.987500045,0.176897215,1.9828286431551785,0.3711196984844512
2013-11-04,181.7791694,289.554171,287.3583376,0.006495833,88142.08333,0.0,0.708333344,3.683333388,0.176820183,1.5277539259883035,0.6185664670437093
2013-11-05,179.9000027,311.6875046,286.7000043,0.006254167,88365.0,0.0,2.137500032,1.812500027,0.176743148,1.6595676254178693,0.6234254794957685
2013-11-06,186.2791694,248.8666704,283.3500042,0.00395,89096.25,0.0,-1.187500018,-1.983333363,0.176651494,1.1014218524012718,0.4964115589640845
2013-11-07,183.2583361,240.6833369,284.0000042,0.002466667,89217.91667,0.0,-4.433333399,1.31250002,0.176588449,1.5832452555150405,0.2971059066917508
2013-11-08,178.9916693,269.562504,285.9000043,0.0038,88845.0,0.0,-1.36250002,0.962500014,0.176497427,1.293218803491554,0.4015041547838979
2013-11-09,177.6000026,271.6791707,287.779171,0.0043625,88702.5,0.0,0.670833343,0.758333345,0.176419759,1.1354579602209678,0.4067193214539266
2013-11-10,175.4833359,275.0000041,288.329171,0.004533333,88932.5,0.0,-1.09583335,0.854166679,0.176342728,1.19104966531871,0.4088378216222813
2013-11-11,173.4125026,296.1458377,290.1500043,0.004670833,88819.16667,0.0,-2.083333364,-0.200000003,0.17625107,1.5507073574927197,0.3740887419332125
2013-11-12,170.3375025,291.5708377,290.3375043,0.005383333,89025.83333,0.0,-4.812500072,0.104166668,0.176173402,1.8186001929914888,0.4270029811547469
2013-11-13,158.5125024,296.5791711,288.0875043,0.0065125,89130.83333,0.0,-5.270833412,1.887500028,0.176096371,1.3695153238097055,0.5979612947447182
2013-11-14,169.2333359,279.9541708,286.4583376,0.0054,88776.66667,0.0,-0.437500007,0.991666681,0.176019336,0.9330416249057092,0.5494665468438319
2013-11-15,133.4166687,288.3583376,287.979171,0.005483333,88279.16667,0.0,2.745833374,4.016666727,0.175942304,1.130300563756686,0.5021849693887891
2013-11-16,159.0125024,305.3583379,288.666671,0.007825,88031.66667,0.0,3.425000051,4.704166737,0.175750641,1.1563765765452292,0.6834197033875143
2013-11-17,166.5541691,271.187504,285.8833376,0.0067,88535.41667,0.0,1.812500027,3.10833338,0.175539371,0.7479272030822546,0.7062277078924072
2013-11-18,163.8666691,310.5541713,287.3958376,0.0068625,88815.0,0.0,-0.091666668,1.866666694,0.175342088,1.0446803014961443,0.6568570687076037
2013-11-19,166.2375025,267.700004,286.9250043,0.0055625,88621.66667,0.0,0.754166678,2.083333364,0.175130815,0.80007408667824,0.5479232215106529
2013-11-20,160.4541691,278.3583375,286.8791709,0.005191667,88261.66667,0.0,1.400000021,2.366666702,0.174933532,0.9346383991501106,0.5108537500666174
2013-11-21,147.0958355,282.4708375,286.3041709,0.0057875,88412.08333,0.0,0.86666668,3.708333389,0.174736885,0.8531548904230133,0.5924734184140407
2013-11-22,70.43333438,330.3500049,287.3208376,0.008295833,88478.75,4.00000006,-2.179166699,4.625000069,0.174525615,3.382384764107361,0.7949384787027076
2013-11-23,79.91250119,344.6083385,284.1708376,0.007654166,88565.0,7.900000118,-4.633333402,3.520833386,0.175238774,24.072889704463524,0.904736438744499
2013-11-24,106.1458349,294.6208377,278.9458375,0.005058333,88729.58333,0.400000006,-3.025000045,1.787500027,0.18502519,14.375031588449191,0.8573203891587894
2013-11-25,158.2125024,238.0666702,277.8416708,0.004516667,88916.66667,0.0,0.137500002,-1.929166695,0.180437187,9.061055021828842,0.8291593804876962
2013-11-26,159.166669,232.7416701,278.5666708,0.003883333,89140.41667,0.0,-3.391666717,0.387500006,0.177734284,9.61155806123737,0.6790598813799716
2013-11-27,143.6291688,247.3125037,280.6208375,0.003375,89004.16667,0.0,-5.300000079,2.054166697,0.175512668,11.07361539055804,0.5106325775036293
2013-11-28,157.4708357,246.0875037,280.4041708,0.002983333,88812.5,0.0,-2.841666709,2.2166667,0.174382692,7.646964351754836,0.4572058506210079
2013-11-29,149.0083356,257.2666705,282.9208375,0.004216667,89038.33333,0.0,-1.775000026,2.920833377,0.173624649,5.156858564517559,0.5452001600023196
2013-11-30,120.3666685,285.0000042,283.6208376,0.0043375,89102.08333,0.0,-0.616666676,1.916666695,0.173127912,3.8911245097958975,0.535264642153462
2013-12-01,63.12500094,328.2541716,285.0041709,0.003816667,89069.16667,0.0,1.025000015,1.183333351,0.172794569,3.1231784913577285,0.4290890122368066
2013-12-02,160.0041691,250.1666704,283.9208376,0.003745833,88883.33333,0.0,1.333333353,-0.495833341,0.172541337,2.6072885224601308,0.4518878179481813
2013-12-03,157.0000023,241.1416703,283.2458376,0.00345,88294.16667,0.0,2.516666704,1.850000028,0.172327524,2.091503264207271,0.4327096385026476
2013-12-04,152.5750023,264.0458373,284.6125042,0.005629167,87955.0,0.0,3.354166717,4.591666735,0.17211689,1.556126520495483,0.6415144759716044
2013-12-05,85.56666794,311.020838,282.4166709,0.0063375,88357.08333,2.800000042,3.470833385,2.408333369,0.171907527,3.522806717478028,0.8415034356572088
2013-12-06,160.0666691,247.8375037,278.8250042,0.0037,88717.08333,0.0,2.004166697,0.300000004,0.171710877,3.986714908024384,0.6323488939753026
2013-12-07,157.4375023,211.4583365,277.2791708,0.002716667,88667.91667,0.0,0.404166673,2.570833372,0.171499607,2.3305485202402805,0.5175620324451333
2013-12-08,153.4875023,222.36667,276.3833375,0.003391667,88613.75,0.0,2.48333337,2.041666697,0.171302324,1.4562705722856906,0.6883828474253118
2013-12-09,156.9625023,230.8750034,277.8666708,0.0042375,88714.16667,0.0,2.516666704,-0.483333341,0.171105677,1.2179828998953592,0.7747675831633469
2013-12-10,138.0625021,225.9750034,276.4666708,0.0021,89082.08333,0.0,-3.037500045,0.245833337,0.170894407,1.3575091666006784,0.4259264782937036
2013-12-11,150.7416689,248.158337,278.6750042,0.002733333,88909.16667,0.0,-3.050000045,1.800000027,0.170697125,1.507645461031893,0.4731086372523162
2013-12-12,113.3625017,276.6708375,280.9125042,0.004629167,89066.25,0.0,-3.187500047,2.220833366,0.170500474,0.9253387813603696,0.6868994250524655
2013-12-13,151.5791689,261.4625039,281.0333375,0.0050625,88798.33333,0.0,2.537500038,0.358333339,0.170289204,0.9258420764044936,0.7427270672759302
2013-12-14,154.079169,226.0750034,277.8291708,0.003308333,89156.66667,0.0,0.779166678,-1.829166694,0.170091921,0.6398791582227117,0.6095142760831702
2013-12-15,153.6333356,219.7583366,277.6458375,0.002470833,89438.33333,0.0,-3.212500048,-0.562500008,0.169880651,0.6258114555413231,0.4626212116857969
2013-12-16,154.391669,229.2416701,280.6583375,0.002379167,89276.25,0.0,-2.733333374,0.154166669,0.169633434,0.7538915933519605,0.360130121791585
2013-12-17,146.3083355,239.5250036,282.5375042,0.002541667,89152.08333,0.0,-2.520833371,0.645833343,0.169384682,0.7220913881525929,0.3377327589246321
2013-12-18,147.7500022,251.6708371,283.4750042,0.0027,88872.08333,0.0,-2.670833373,1.525000023,0.169135929,0.7384721613903944,0.3356184187579277
2013-12-19,152.5083356,257.5125038,284.6375042,0.003491667,88107.08333,1.100000016,1.345833353,4.979166741,0.168887177,1.7917548826632663,0.3979411676378311
2013-12-20,113.1875017,285.8166709,280.8708375,0.0045125,87765.83333,7.100000106,1.35000002,3.425000051,0.170036511,20.179677326597915,0.6617107057906229
2013-12-21,91.88750137,289.279171,278.4083375,0.004591667,88053.75,0.0,5.38750008,0.250000004,0.173180928,8.43768628039436,0.802020832001789
2013-12-22,152.4958356,258.9958372,277.4291708,0.004445833,88743.75,0.0,2.995833378,-1.066666683,0.170371877,6.653170484909605,0.8387317733371297
2013-12-23,155.4250023,216.8875032,277.4250041,0.003104167,89209.16667,0.0,-1.558333357,-1.208333351,0.169262275,4.551108996616221,0.5888642564516794
2013-12-24,156.0500023,214.6208365,278.7041708,0.002704167,89213.75,0.0,-3.370833384,0.558333342,0.168476286,4.682991196187247,0.4687024917745122
2013-12-25,156.0583357,218.9416699,279.4541708,0.00245,89012.91667,0.0,-2.262500034,-0.587500009,0.167880396,3.72110104289347,0.4020158464933558
2013-12-26,155.679169,223.9333367,279.8791708,0.003233333,89127.5,0.0,-4.225000063,0.187500003,0.167392589,2.7939638549191934,0.5157322669600424
2013-12-27,155.504169,217.2791699,278.1000041,0.002804167,89052.5,0.0,-3.708333389,-0.004166667,0.167025581,1.9775877919285407,0.5062420830087627
2013-12-28,153.416669,221.0458366,277.4416708,0.002845833,88839.58333,0.0,-2.762500041,1.154166684,0.166707528,1.495602172232247,0.536985734422473
2013-12-29,117.3250017,248.0166704,279.1750042,0.002695833,88462.5,0.0,0.875000013,0.525000008,0.166429529,1.263379329351015,0.4482799761737799
2013-12-30,155.5208357,233.6833368,281.4000042,0.003275,88950.0,0.0,-1.516666689,-0.437500007,0.166163611,1.4033807757641612,0.4693108619996778
2013-12-31,156.9000023,225.62917,280.3583375,0.002566667,89137.08333,0.0,-2.104166698,0.712500011,0.165902142,1.2351768486196324,0.3960434422751968
2014-01-01,151.3083356,225.8125034,280.1000042,0.0022125,88937.5,0.0,0.770833345,-0.379166672,0.165664834,0.9653173062116954,0.3467887140320785
2014-01-02,153.1916689,229.0416701,280.8208375,0.002604167,89025.83333,0.0,-2.612500039,0.070833334,0.165404637,0.9687187925078572,0.3886949522691494
2014-01-03,152.0291689,232.5625035,280.3375042,0.002816667,88844.58333,0.0,-2.295833368,1.733333359,0.165155881,0.8111891419321693,0.4338187292810295
2014-01-04,139.4541687,246.8541703,280.5041708,0.002608333,88462.5,0.0,2.983333378,2.208333366,0.164907129,0.7968923981975735,0.3954134392055923
2014-01-05,157.629169,222.45417,278.3708375,0.002408333,88685.41667,0.0,2.825000042,-1.200000018,0.164658376,0.5583893189727992,0.4247986005147374
2014-01-06,158.2625024,209.7416698,277.9375041,0.001870833,89104.58333,0.0,-2.2541667,-1.32500002,0.164395,0.4683974037092097,0.3418445254748729
2014-01-07,156.5208357,214.3666699,278.1000041,0.001670833,89046.66667,0.0,-3.104166713,1.10833335,0.164145612,0.4664939137940631,0.3016191873208688
2014-01-08,156.6250023,240.9500036,280.6125042,0.002166667,88727.08333,0.0,1.854166694,1.358333354,0.16389686,0.5281024736270139,0.3269813677621584
2014-01-09,152.7833356,218.7791699,277.7250041,0.001795833,88604.58333,0.0,1.495833356,1.616666691,0.16366273,0.3211279665825028,0.3312417817271544
2014-01-10,158.1125024,221.7958366,278.1000041,0.002270833,88604.16667,0.0,2.875000043,-1.475000022,0.163414613,0.3121505223801969,0.4078942624205005
2014-01-11,157.4208357,230.7875034,278.8916708,0.002570833,88920.0,0.0,1.087500016,-0.558333342,0.163151238,0.3079595185904131,0.4383187361336059
2014-01-12,158.479169,228.8125034,281.1583375,0.002279167,88725.41667,0.0,2.016666697,0.400000006,0.162901849,0.3430086539714383,0.3312416045661878
2014-01-13,163.2625024,216.6333366,279.0333375,0.002466667,89230.41667,0.0,0.68750001,-2.058333364,0.162653097,0.2529562955909397,0.417857162819966
2014-01-14,164.6791691,209.7541698,277.7500041,0.001608333,89247.91667,0.0,0.995833348,-2.554166705,0.162404344,0.2519058890899351,0.2982828415769993
2014-01-15,165.6125025,215.7000032,280.4958375,0.001608333,89442.5,0.0,-1.57916669,-1.008333348,0.162155592,0.285609113723378,0.2466604688772875
2014-01-16,166.2916691,214.1166699,280.1875042,0.001595833,88937.91667,0.0,1.141666684,-1.612500024,0.162343259,0.2719559089279862,0.2486185341609016
2014-01-17,167.1250025,219.8208366,280.9666709,0.001904167,89093.75,0.0,-1.425000021,-0.829166679,0.162535281,0.2646393863787162,0.2815835121507974
2014-01-18,167.4250025,221.20417,281.6291709,0.001670833,89005.0,0.0,-0.791666678,0.500000007,0.162741288,0.257607995563632,0.2358413512265369
2014-01-19,158.304169,230.0333368,281.2125042,0.001754167,89122.91667,0.0,-2.733333374,1.545833356,0.16293331,0.3772781382717952,0.255130329274276
2014-01-20,169.5291692,234.5083368,282.8458375,0.001904167,89048.75,0.0,0.562500008,0.133333335,0.16313932,0.3156657744551475,0.2474874732868848
2014-01-21,167.5708358,235.0541702,283.3083376,0.0019375,89143.75,0.0,-2.900000043,0.679166677,0.163345962,0.507111319694137,0.2443102580064997
2014-01-22,165.3166691,266.8458373,283.4666709,0.0018125,88758.75,0.0,-0.929166681,1.308333353,0.163537984,0.5767150168182824,0.2251387848749109
2014-01-23,169.4000025,235.4000035,281.2625042,0.001879167,88452.5,0.0,1.925000029,1.445833355,0.16374399,0.4843102069799305,0.270323312365276
2014-01-24,134.9583353,284.0166709,283.2916709,0.0022625,89270.83333,0.0,-2.820833375,1.104166683,0.163936013,0.637183802823696,0.2860203125804889
2014-01-25,153.3708356,323.5666715,285.7125043,0.004441667,89238.33333,0.0,-0.295833338,-0.550000008,0.164142023,0.8668024593643805,0.4772748065150922
2014-01-26,168.9000025,286.8666709,284.3458376,0.005429167,88841.66667,0.0,3.020833378,-1.304166686,0.164334042,0.6447757392838593,0.6362252403329967
2014-01-27,169.7375025,267.5791707,283.5541709,0.003916667,88700.0,0.0,2.816666709,-0.316666671,0.164540051,0.6306857794648172,0.483320641202201
2014-01-28,177.5791693,239.1625036,281.4125042,0.0030375,88768.33333,0.0,2.150000032,-1.658333358,0.164746693,0.5138575141956572,0.4340150402342164
2014-01-29,179.0666693,233.8000035,282.4125042,0.00245,88748.75,0.0,0.958333348,-0.937500014,0.164938716,0.4739653881641552,0.3268497575976818
2014-01-30,177.6791693,246.3791703,284.2041709,0.002029167,88467.08333,0.0,2.625000039,2.2291667,0.165144722,0.7715318775403432,0.2390503520558363
2014-01-31,177.945836,276.5791708,287.2875043,0.004029167,88015.83333,0.0,3.479166719,4.71250007,0.165336744,1.052962715265766,0.384909588223334
2014-02-01,144.8541688,289.7708377,284.9500042,0.0059875,88102.08333,0.0,3.550000053,0.941666681,0.165542754,0.5290575581193807,0.668247282109306
2014-02-02,181.4041694,286.0375043,280.6541708,0.003045833,88517.08333,0.0,2.587500039,-0.145833336,0.165734773,0.6585412011254076,0.4572532901674699
2014-02-03,171.8500026,236.8625035,277.5125041,0.002233333,88267.91667,0.0,1.712500026,2.554166705,0.165940783,0.3646278019794744,0.4166009869004508
2014-02-04,185.0541694,263.4791706,279.4833375,0.003058333,88360.0,0.0,4.791666738,-0.083333335,0.179036651,0.5532175720565613,0.4971419496737905
2014-02-05,95.45416809,271.4583374,278.6875042,0.003066667,88498.33333,0.0,0.133333335,0.116666668,0.177363922,0.1782427516159676,0.5278884010332844
2014-02-06,91.03750136,277.9208375,279.4708375,0.003391667,88548.33333,0.0,1.10833335,0.129166669,0.172537075,0.1973942443159832,0.5529838064226202
2014-02-07,187.5125028,292.2208377,281.0791709,0.003320833,88655.0,0.0,2.958333377,0.287500004,0.169788598,0.7011044030724478,0.4848845665475392
2014-02-08,190.2541695,247.870837,282.3791709,0.004020833,88838.33333,0.0,2.833333376,-0.387500006,0.168204879,0.5509173015157373,0.5381740141288739
2014-02-09,190.4875028,255.2333371,283.0208376,0.003466667,88915.41667,0.0,2.820833375,-0.733333344,0.167569109,0.6516880784982563,0.4445834793693627
2014-02-10,192.5666695,251.4625037,284.2583376,0.003470833,88653.75,0.0,3.79583339,-0.829166679,0.167439425,0.7495002667723756,0.4082643540987237
2014-02-11,196.1208363,260.1291705,285.6458376,0.004295833,88561.25,0.0,2.683333373,-2.308333368,0.167560876,0.7800199940550788,0.4601329197264388
2014-02-12,199.2958363,238.5875036,283.7875042,0.00275,88860.83333,0.0,1.179166684,-1.387500021,0.167740179,0.617537928024252,0.3346603416577866
2014-02-13,198.362503,252.3666704,285.1500042,0.0025125,88708.75,0.0,2.191666699,-2.00000003,0.167931566,0.8236157554381316,0.2786027474150808
2014-02-14,200.3166697,256.4916705,286.9708376,0.002741667,88739.58333,0.0,2.533333371,-1.379166687,0.168137572,0.8865709104083743,0.2696090573894701
2014-02-15,205.4750031,248.670837,288.6125043,0.0022375,88744.16667,0.0,1.437500021,-0.070833334,0.168329594,0.7236189855620455,0.1976930749819143
2014-02-16,200.3208363,248.6666704,287.4083376,0.002195833,88726.25,0.0,2.2666667,0.66250001,0.168675451,0.8243449886274318,0.2097965628192039
2014-02-17,180.6250027,270.062504,289.3250043,0.0024875,88832.5,0.0,1.658333358,0.429166673,0.169028027,0.7475467336260643,0.2100992867316253
2014-02-18,209.4708365,252.8958371,287.6958376,0.0023375,88719.58333,0.0,2.479166704,1.650000025,0.169395226,0.962939027148244,0.2191576933432656
2014-02-19,190.1791695,263.8833373,287.0208376,0.002566667,88390.41667,0.0,2.691666707,1.450000022,0.169748435,0.8990324129927141,0.2505828867966826
2014-02-20,214.8958365,237.4166702,284.7750042,0.0024375,88509.16667,0.0,2.695833374,-1.766666693,0.170101011,0.8347128187448868,0.276512393364183
2014-02-21,193.8708362,240.2291702,283.3666709,0.001445833,88649.16667,0.0,2.225000033,-0.704166677,0.170453584,0.6944157672190785,0.1805879543397092
2014-02-22,212.9125032,237.5375035,284.2083376,0.001533333,88445.83333,0.0,2.725000041,0.579166675,0.170816227,0.8276583717931117,0.1805436597816416
2014-02-23,196.9958363,266.2583373,284.9791709,0.00185,88519.16667,0.0,1.725000026,1.525000023,0.171155091,0.8528633383484538,0.2070471226992792
2014-02-24,196.2458363,297.3166711,288.3833376,0.002604167,88559.58333,0.0,0.841666679,1.875000028,0.171507422,1.0347082531637333,0.2330502262370847
2014-02-25,121.2208351,299.1916711,288.854171,0.0034875,88605.41667,0.0,1.895833362,1.087500016,0.171860401,0.5980898062370907,0.3028775693529069
2014-02-26,207.2500031,301.5500045,286.2625043,0.003841667,88623.75,0.0,2.154166699,0.070833334,0.172213476,1.0164743996049754,0.3953037721307029
2014-02-27,218.8666699,269.3208373,286.8500043,0.00405,88461.25,0.0,3.508333386,1.175000018,0.172566552,1.0592972213886525,0.4001826466929179
2014-02-28,217.0875032,274.7708374,287.1083376,0.0043375,88140.83333,0.0,3.287500049,1.80833336,0.172934269,1.135766836395745,0.4198554148861027
2014-03-01,145.5625022,300.5083378,286.6208376,0.005945833,88390.0,9.300000139,3.508333386,3.091666713,0.173273325,37.76013840585696,0.5959557949515476
2014-03-02,235.6458368,286.5708376,284.0250042,0.0058375,88676.25,22.90000034,3.104166713,1.300000019,0.173625741,82.34417383989287,0.697674290067509
2014-03-03,191.1791695,284.7833376,284.1833376,0.004566667,88655.0,0.0,0.175000003,-0.212500003,0.173978819,23.0648157790411,0.539883499096632
2014-03-04,219.1791699,273.1291707,286.0708376,0.004554167,88529.16667,0.0,0.812500012,-0.112500002,0.174331745,22.57539033148268,0.474086995992294
2014-03-05,246.1500037,266.900004,286.7833376,0.004741667,88629.16667,0.0,1.266666686,-1.412500021,0.174684905,21.004004811739986,0.4714780965501821
2014-03-06,229.6750034,269.4291707,288.1750043,0.003033333,88644.16667,0.0,-0.25416667,0.141666669,0.175052621,12.71845303671426,0.2754198206917841
2014-03-07,247.9250037,268.925004,287.4416709,0.003883333,88237.91667,0.0,3.616666721,0.679166677,0.175406276,10.94652273652888,0.3681795078818236
2014-03-08,229.4666701,272.9250041,286.7708376,0.0044,88600.41667,0.0,3.237500048,-0.079166668,0.175759329,6.750254580305425,0.4377229248404338
2014-03-09,250.5083371,272.4583374,285.1833376,0.003729167,89020.0,0.300000004,-4.720833404,-1.050000016,0.176097704,6.0466382079238015,0.414045200607296
2014-03-10,254.7125038,249.8041704,284.7291709,0.003091667,88920.83333,0.0,-1.704166692,0.579166675,0.176450124,5.042657482671613,0.3534342499054797
2014-03-11,253.8958371,261.0250039,285.7375043,0.003558333,88597.08333,0.0,3.929166725,-1.450000022,0.176803199,3.843510059788618,0.3789805534638694
2014-03-12,254.3708371,259.2000039,285.8791709,0.0033,88670.83333,0.0,-0.058333334,-0.283333338,0.17717088,4.962257020672816,0.3484717044846402
2014-03-13,242.8541703,279.1458375,287.979171,0.003591667,88549.58333,0.0,-2.045833364,2.02500003,0.177519486,3.061445144789318,0.3299464426006892
2014-03-14,245.8250037,272.2291707,287.766671,0.0037625,88427.08333,0.0,3.033333379,1.625000024,0.177875732,2.496096793590436,0.3499770196088451
2014-03-15,260.5583372,271.387504,285.9333376,0.003458333,88716.25,0.0,4.4458334,-3.612500054,0.178232351,2.2658788025474994,0.3640698527823864
2014-03-16,270.3541707,234.3375035,285.1375042,0.001883333,88924.58333,0.0,0.158333336,-5.266666745,0.178426302,2.1811673897586017,0.2095190835033019
2014-03-17,271.7333374,240.8958369,287.1541709,0.001966667,88570.83333,0.0,2.991666711,-1.170833351,0.178642424,2.248404321444846,0.1907213076762987
2014-03-18,261.5250039,251.7416704,289.079171,0.002266667,87946.66667,0.0,4.204166729,-0.120833335,0.178830574,2.4194489766158225,0.1925680194449834
2014-03-19,275.3291708,251.4541704,289.0958376,0.0021875,88377.91667,0.0,2.566666705,0.954166681,0.179032073,2.351409827084914,0.1865526878438155
2014-03-20,263.1333373,246.7916703,287.1083376,0.0018125,88622.08333,0.0,1.020833349,0.24166667,0.179234207,1.9836834730892376,0.1764018311691634
2014-03-21,259.7500039,276.0958374,289.0333376,0.002304167,88315.83333,0.0,2.862500043,1.537500023,0.179436345,2.4626607735967623,0.1971583489156297
2014-03-22,274.9833374,254.8166705,288.8708376,0.002254167,88464.58333,0.0,2.508333371,2.775000041,0.17963848,2.4674309351723567,0.1952450094220248
2014-03-23,261.8541706,260.6166706,287.1916709,0.002633333,88664.58333,0.0,0.933333347,0.579166675,0.179840617,1.9761957200791695,0.255015079440512
2014-03-24,222.3875033,278.8333375,286.8791709,0.002604167,88720.41667,0.0,1.970833363,-0.966666681,0.180028129,1.7977743228359233,0.2575787535105666
2014-03-25,278.6750042,265.0750039,289.3375043,0.0025875,88451.66667,0.0,0.600000009,3.062500046,0.18024425,2.365410880770936,0.2174333375770046
2014-03-26,283.6041709,260.8250039,288.7833376,0.003108333,88127.5,0.0,3.570833387,3.35000005,0.180432401,2.454058467424594,0.2697256106421027
2014-03-27,283.0416709,268.9416707,288.816671,0.004416667,88067.91667,0.0,4.512500067,2.558333371,0.180633899,2.339502684593036,0.3821718494607705
2014-03-28,285.7458376,261.0916706,286.7541709,0.003879167,88597.91667,0.0,2.875000043,-0.787500012,0.180836037,1.9852619750735885,0.3863215699615572
2014-03-29,287.7000043,254.8000038,287.4166709,0.002925,88803.33333,0.0,0.520833341,-0.833333346,0.181038172,1.909280740327884,0.2795537032162444
2014-03-30,270.9541707,260.5083372,289.3500043,0.002225,88482.91667,0.0,2.429166703,1.433333355,0.181240309,2.110307747821458,0.1868871246527295
2014-03-31,295.1583377,256.8833372,287.9375043,0.002579167,88470.41667,0.0,3.316666716,1.229166685,0.181442444,2.241437982148004,0.2373653777754973
2014-04-01,300.6416711,250.5500037,289.716671,0.002383333,88419.16667,0.0,3.112500046,3.470833385,0.181629955,2.5014941298648967,0.1953777983606478
2014-04-02,296.5333378,249.358337,287.4333376,0.002645833,88113.75,0.0,4.116666728,3.320833383,0.181831457,2.306083058780616,0.2506355223199327
2014-04-03,302.7625045,243.8500036,284.7083376,0.003333333,88349.58333,0.0,3.270833382,-1.195833351,0.182033592,1.8001328048567695,0.3791408853488052
2014-04-04,282.2916709,247.158337,284.9458376,0.0023375,88377.91667,0.0,-0.391666673,0.620833343,0.182235729,1.64509305296763,0.2617710729318039
2014-04-05,299.6708378,273.5750041,286.3833376,0.00235,88057.08333,0.0,3.35000005,1.625000024,0.182437864,2.2643033718394645,0.23835772444536
2014-04-06,300.2791711,275.5583374,284.6208376,0.002445833,88271.66667,0.0,3.654166721,-2.770833375,0.182639998,2.1196293998599463,0.2795810388238328
2014-04-07,308.4958379,244.0500036,285.8458376,0.0022,88711.66667,0.0,2.150000032,-3.441666718,0.182827513,2.078329286746539,0.232935321807639
2014-04-08,309.7791713,250.8041704,288.7833376,0.00205,89076.25,0.0,0.412500006,-1.270833352,0.183032577,2.0140474363688794,0.179803848094705
2014-04-09,308.5750046,255.5250038,291.6208377,0.0016625,88972.91667,0.0,1.420833355,0.050000001,0.183229825,2.0806527407602085,0.1214590063267636
2014-04-10,309.0041713,257.0625038,292.1000044,0.00165,88841.66667,0.0,2.70000004,-0.487500007,0.183441352,2.355483471656288,0.116779049935339
2014-04-11,263.7125039,287.7833376,292.4708377,0.001583333,88597.5,0.0,1.995833363,0.270833337,0.183636286,2.108029891889051,0.1091737129143751
2014-04-12,303.7750045,286.4833376,294.9875044,0.002854167,88281.66667,0.0,3.112500046,4.075000061,0.183837556,2.909855550769872,0.1676602088758043
2014-04-13,312.8916713,265.3416706,290.054171,0.002725,88128.75,0.0,3.729166722,1.645833358,0.18403526,2.5193165034867784,0.2178831209314783
2014-04-14,315.9791714,269.9291707,290.704171,0.003416667,88547.08333,0.0,2.575000038,-1.608333357,0.184234734,2.4294374733316837,0.2633142547074029
2014-04-15,313.358338,261.3125039,292.1333377,0.002304167,88504.16667,0.0,-2.383333369,0.837500012,0.184434295,2.3440565484792018,0.1621172784319559
2014-04-16,320.3833381,259.4250039,292.6958377,0.002120833,88097.5,0.0,3.262500049,0.887500013,0.184485697,2.752573996507652,0.1433693855921726
2014-04-17,317.3291714,272.0291707,292.4625044,0.0026,88399.16667,0.0,1.420833355,1.258333352,0.184530657,2.751013778219341,0.1789671854825478
2014-04-18,263.9583373,307.8708379,294.4916711,0.003445833,88542.08333,0.200000003,0.020833334,2.491666704,0.184575614,3.1185181107202866,0.209326808578837
2014-04-19,226.8333367,330.2375049,289.4583376,0.0050125,88559.16667,0.400000006,0.845833346,1.245833352,0.184620575,3.342475967611996,0.4184538393050316
2014-04-20,310.820838,292.929171,288.366671,0.004395833,88842.5,0.200000003,0.575000009,-0.695833344,0.184665535,4.631013712083246,0.3950727840951327
2014-04-21,314.7750047,298.2541711,291.4708377,0.00435,88865.83333,0.0,0.779166678,-0.058333334,0.184710496,4.900433479124955,0.3204496121767216
2014-04-22,318.7916714,298.7416711,294.9791711,0.003966667,88487.08333,0.0,0.945833347,2.950000044,0.18475532,5.00985422022761,0.2336731652582692
2014-04-23,323.1208381,288.1458376,294.4333377,0.004229167,88217.91667,0.0,3.60416672,3.104166713,0.184800519,5.253151884720607,0.2568979824362799
2014-04-24,327.0916715,273.1750041,292.854171,0.003275,88460.41667,0.0,2.116666698,0.741666678,0.184840812,4.645861164764001,0.2201069763023045
2014-04-25,322.6375048,282.8750042,294.116671,0.003429167,88366.66667,0.0,1.762500026,3.525000053,0.184883323,5.126634453092603,0.2127901473352102
2014-04-26,307.2125046,295.7416711,294.2333377,0.004229167,87923.33333,0.0,3.83333339,5.612500084,0.184927013,5.635939392447531,0.2592328444022496
2014-04-27,326.0041715,280.5750042,289.154171,0.005475,88187.5,0.0,4.908333406,-0.65000001,0.184983672,4.448873654949464,0.4641576694882628
2014-04-28,327.2000049,266.9708373,287.679171,0.003425,88449.16667,0.0,3.983333393,-1.491666689,0.185014138,4.433362358016819,0.3204885632267538
2014-04-29,332.287505,272.0291707,290.6125043,0.0032875,88467.91667,0.0,1.487500022,-3.016666712,0.18505803,5.002824775311615,0.2546172371132346
2014-04-30,338.250005,247.470837,291.2500043,0.001820833,88479.16667,0.0,0.058333334,-2.66250004,0.185102645,4.790892705569729,0.135434477166507
2014-05-01,335.262505,271.9291707,291.0333377,0.0029125,88464.16667,0.0,-3.866666724,-1.216666685,0.185147266,5.402450034035838,0.2195984949136013
2014-05-02,340.1041717,270.462504,291.8750043,0.002795833,88740.0,0.0,-0.937500014,0.004166667,0.1851919,4.787977095153942,0.2004756678853981
2014-05-03,339.4916717,271.8708374,292.8458377,0.002045833,88688.75,0.0,-0.037500001,1.075000016,0.185236544,4.70488410622108,0.137923761894928
2014-05-04,342.2125051,272.8833374,294.0375044,0.00205,88752.08333,0.0,3.270833382,1.341666687,0.185281223,5.194006084852225,0.1283930283148521
2014-05-05,340.3666717,281.7666709,294.6750044,0.00275,88694.16667,0.0,3.208333381,2.191666699,0.18532592,5.2189650882401954,0.1654568433544149
2014-05-06,342.5833384,279.6916708,294.8416711,0.0030375,88143.75,0.0,3.062500046,4.645833403,0.185370614,5.40824390418654,0.1797606343332803
2014-05-07,341.8875051,277.3666708,292.091671,0.004195833,87939.16667,0.0,4.091666728,3.929166725,0.185415303,4.979280099222437,0.2940986568277851
2014-05-08,344.5375051,263.9583373,288.979171,0.003470833,88331.66667,0.0,2.937500044,-0.68750001,0.185459945,4.128528164654526,0.2980799230718479
2014-05-09,342.7541718,278.2791708,291.629171,0.003458333,88573.75,0.0,2.262500034,-0.120833335,0.185504619,4.335381592547553,0.2513929161426327
2014-05-10,341.7458384,292.516671,294.7500044,0.003883333,88336.66667,0.0,2.89166671,1.587500024,0.185534647,4.743066082546307,0.2316276056626466
2014-05-11,342.6541718,288.6833376,293.804171,0.003845833,87892.91667,0.0,4.962500074,4.533333401,0.185578652,5.16270680403509,0.2420206918671495
2014-05-12,351.2041719,264.0500039,291.279171,0.0029375,88265.0,0.0,3.216666715,-1.083333349,0.185637941,4.381673439025166,0.2175607522671255
2014-05-13,351.1833386,265.4583373,292.604171,0.0026125,88622.5,0.0,0.187500003,-2.00000003,0.185683235,4.229125623587768,0.1786841451498067
2014-05-14,348.3833385,281.7166709,293.904171,0.003408333,88948.33333,0.0,-4.937500074,0.937500014,0.185713249,4.872568533975658,0.2157182988242773
2014-05-15,351.4625052,279.0000042,294.5625044,0.002979167,88947.08333,0.0,-3.708333389,0.883333346,0.185757271,4.702866492945558,0.1810106803813798
2014-05-16,350.9333386,282.3625042,296.3250044,0.002204167,88730.0,0.0,1.937500029,-1.050000016,0.185794834,4.328305755284958,0.1198864972099221
2014-05-17,352.9833386,278.7083375,294.8333377,0.00215,88597.5,0.0,3.508333386,-0.070833334,0.18584667,4.64576314653594,0.1279587779577431
2014-05-18,354.4791719,270.625004,296.5041711,0.001775,88394.16667,0.0,3.070833379,1.54166669,0.185884513,4.440668678062507,0.0951333946200325
2014-05-19,349.1333385,272.3541707,297.0291711,0.0018875,88372.08333,0.0,2.495833371,3.441666718,0.185921647,4.534462691055412,0.0979600417012291
2014-05-20,352.2166719,284.3500042,298.0541711,0.002354167,88477.91667,0.0,2.566666705,3.60416672,0.185973435,4.655437377273654,0.1149772259002601
2014-05-21,350.9166719,294.016671,297.7250044,0.002875,88372.91667,0.0,2.108333365,3.908333392,0.186025914,5.046021334707905,0.1430587993725242
2014-05-22,294.2458377,315.8625047,297.3000044,0.003695833,88434.58333,0.0,0.295833338,4.68750007,0.18606374,4.863752261056551,0.1888213656616291
2014-05-23,349.3458385,294.4333377,294.3666711,0.00345,88492.91667,0.0,0.954166681,4.829166739,0.186100973,5.672392415974324,0.2110910056355526
2014-05-24,293.591671,293.1000044,291.566671,0.003570833,88548.33333,0.0,2.529166704,0.925000014,0.186138255,4.4490926571632015,0.2605249688633514
2014-05-25,203.937503,328.1166716,293.0458377,0.005291667,88582.91667,0.0,2.720833374,-0.558333342,0.186190151,3.5364904842332137,0.3518862783817308
2014-05-26,344.6000051,325.4333382,295.7750044,0.005395833,88655.0,0.0,2.775000041,0.412500006,0.186228094,6.063218004408861,0.3032647076202033
2014-05-27,345.2666718,327.3125049,297.9958378,0.0047875,88732.5,0.0,2.92916671,-1.766666693,0.186280004,5.944812729659769,0.2353188977396312
2014-05-28,328.9250049,331.6166716,299.7500045,0.004366667,88538.33333,0.0,1.595833357,0.89166668,0.186317851,5.131403062687134,0.1928257762550897
2014-05-29,234.0333368,378.145839,299.2916711,0.005608333,88498.33333,0.0,2.00000003,-1.762500026,0.186355084,4.633911913870078,0.2543919548043385
2014-05-30,337.8541717,353.9916719,296.8291711,0.006495833,88516.66667,0.0,1.829166694,-1.316666686,0.186406943,6.442810973141304,0.3418076435242593
2014-05-31,346.4583385,339.5041717,299.8875045,0.005454167,88420.83333,0.0,3.104166713,0.108333335,0.186444798,5.773973105035312,0.2385720295626029
2014-06-01,344.2666718,315.6791714,300.3583378,0.003754167,88417.91667,0.0,3.170833381,0.054166667,0.186482032,4.657077980083373,0.1596879039297607
2014-06-02,337.700005,321.4000048,301.1166712,0.003454167,88385.0,0.0,2.291666701,-0.637500009,0.186519282,4.0149499437270775,0.140447143429448
2014-06-03,331.9416716,322.9541715,301.2500045,0.003254167,88378.75,0.0,2.741666708,-1.804166694,0.18657113,3.737304717710345,0.1312727180751078
2014-06-04,340.3625051,327.8083382,302.6041712,0.003516667,88411.66667,0.0,3.12083338,-2.741666708,0.186608535,2.308071038237724,0.1311134252012083
2014-06-05,343.0416718,312.670838,300.6125045,0.0022875,88227.5,0.0,2.983333378,-1.31250002,0.186644174,3.865080013958392,0.0956443842340102
2014-06-06,350.8416719,297.4458378,299.9708378,0.002129167,87997.5,0.0,3.283333382,-0.545833341,0.186694388,4.316185036983388,0.0922292232020819
2014-06-07,347.6250052,300.4791711,300.2625045,0.002583333,88134.16667,0.0,2.808333375,0.779166678,0.186745242,4.400801095056023,0.1101554265887716
2014-06-08,340.0125051,339.7875051,301.3791712,0.0056125,88121.66667,0.0,2.641666706,1.737500026,0.186781469,5.592322228604855,0.2240429447737336
2014-06-09,341.3333384,335.0666717,300.6833378,0.005308333,88333.75,0.0,2.166666699,-0.283333338,0.186817061,5.950633005026966,0.2212908076106794
2014-06-10,337.1958384,336.8041717,301.2416712,0.0046875,88267.08333,0.0,2.279166701,0.279166671,0.186867279,5.428894273467156,0.1889467846405779
2014-06-11,327.9291716,340.0750051,303.6333379,0.005166667,88400.0,0.0,3.841666724,1.087500016,0.186903506,2.3666880414922136,0.1814569604871914
2014-06-12,327.6166715,364.2250054,301.8708378,0.0057125,88467.08333,0.0,3.754166723,-0.175000003,0.186953721,5.383181977234617,0.2224277310197209
2014-06-13,282.1708375,371.8166722,303.0041712,0.007254166,88426.66667,0.0,3.545833386,0.708333344,0.187004574,4.511713448428165,0.2642948118267974
2014-06-14,333.275005,364.8375054,303.2833379,0.007520833,88294.58333,0.0,4.420833399,2.079166698,0.187040802,4.891113032342655,0.2692123473776354
2014-06-15,338.8833384,334.8333383,300.0666711,0.0056625,88284.58333,0.0,3.741666722,2.762500041,0.187076393,5.792841994685035,0.244688219335011
2014-06-16,336.3208383,332.7208383,300.5333378,0.004991667,88522.08333,0.0,4.120833395,2.2166667,0.187167306,5.183601609578968,0.2103886325718861
2014-06-17,333.5458383,352.8208386,300.3708378,0.006291667,88528.33333,0.0,4.187500062,1.291666686,0.187246002,5.760195030427811,0.2677595913543673
2014-06-18,333.2583383,361.5791721,300.3875045,0.007941666,88428.75,0.0,3.995833393,2.545833371,0.187324065,6.069277363551228,0.3372671095470186
2014-06-19,336.300005,349.2458385,299.7708378,0.006933333,88480.41667,0.0,2.2291667,0.816666679,0.187402125,5.885561809013474,0.3055872291920706
2014-06-20,336.762505,350.0333385,300.9666712,0.006033333,88507.5,0.0,2.545833371,-1.704166692,0.187494808,5.343729098214294,0.2478347799440513
2014-06-21,336.5458383,349.6250052,301.5333378,0.00555,88456.25,0.0,3.433333384,-2.558333371,0.187573503,4.770699772477486,0.2203868667773048
2014-06-22,335.587505,352.4083386,302.1291712,0.005770833,88403.75,0.0,3.733333389,-1.762500026,0.187651563,4.442916670092485,0.2211745350750008
2014-06-23,334.8541717,354.0250053,301.5083378,0.0056375,88495.0,0.0,3.020833378,0.175000003,0.187744246,4.936344109010583,0.2242880607673096
2014-06-24,335.6333383,355.0000053,302.3583378,0.006208333,88646.66667,0.0,3.15833338,1.391666687,0.187822945,4.553006978299674,0.2354285042082262
2014-06-25,337.9333384,359.7500054,303.0958378,0.0071,88482.91667,0.0,2.862500043,1.395833354,0.187901005,4.504884601734304,0.2574708184148147
2014-06-26,338.125005,359.054172,302.9583378,0.007670833,88455.83333,0.0,3.708333389,1.862500028,0.187993688,4.781147480123122,0.280311767291896
2014-06-27,336.225005,344.7541718,302.9958378,0.006675,88296.66667,0.0,4.150000062,2.154166699,0.188072383,4.325240797881687,0.2429536012318409
2014-06-28,338.150005,347.2625052,302.2791712,0.006233333,88319.58333,0.0,2.679166707,2.129166698,0.188150443,5.265880157755216,0.2365935801328379
2014-06-29,335.1791717,360.554172,302.7125045,0.007529166,88612.91667,0.0,2.850000042,1.970833363,0.188228503,6.1120608593461005,0.2795857007331872
2014-06-30,335.6083383,366.0791721,304.1250045,0.0079375,88527.91667,0.0,3.304166716,1.175000018,0.188321189,5.171607029593837,0.2713777587681329
2014-07-01,310.1291713,364.9833388,305.1583379,0.0074,88395.41667,0.0,4.225000063,-0.500000007,0.188399885,1.938952850873922,0.2381039898474261
2014-07-02,270.4833374,378.6416723,305.0041712,0.007483333,88566.25,0.0,1.82083336,-2.766666708,0.188477944,2.5125302801687623,0.2433834123882062
2014-07-03,251.5833371,408.3166728,303.2166712,0.009216666,88558.33333,9.700000145,-0.466666674,-1.429166688,0.188570627,74.03089212369778,0.332180420085047
2014-07-04,194.6791696,412.6291728,302.1125045,0.010804166,88718.33333,2.300000034,-1.245833352,-0.495833341,0.1886347,46.944494948447925,0.4159614418048189
2014-07-05,194.2083362,410.0291728,301.3166712,0.013991666,89019.16667,4.00000006,2.166666699,-0.754166678,0.188726746,59.08798973570375,0.5662900277910548
2014-07-06,184.1000027,405.0791727,300.8750045,0.014158333,88826.25,1.000000015,2.375000035,-0.512500008,0.188805442,41.060635577211485,0.5868449907695962
2014-07-07,168.8458358,413.0458395,301.2291712,0.013779166,88637.5,10.50000016,2.537500038,1.054166682,0.188898128,95.96058770546868,0.5581602442219293
2014-07-08,228.7125034,391.3958392,299.5125045,0.013916666,88750.0,0.70000001,3.066666712,1.054166682,0.188976824,75.23786291475591,0.6247739965335991
2014-07-09,236.7791702,393.3541725,299.7416711,0.012754166,88752.08333,6.900000103,2.800000042,-1.204166685,0.189054884,106.15046161858112,0.5648451383929124
2014-07-10,248.2666704,385.6666724,300.1458378,0.0125625,88587.91667,17.00000025,2.325000035,-2.654166706,0.189147566,147.25198326554397,0.5421665046357897
2014-07-11,209.3000031,401.7916727,301.1583378,0.013970833,88612.08333,3.900000058,2.695833374,-2.062500031,0.189226262,86.48696702240048,0.5681226093904261
2014-07-12,235.2958368,402.9291727,300.5458378,0.013066666,88691.66667,23.20000035,2.320833368,-1.158333351,0.189304322,133.8524936866235,0.5513811783272097
2014-07-13,200.6208363,395.5416726,300.2166711,0.012616666,88712.5,3.700000055,0.154166669,-0.791666678,0.189397008,55.75520933823187,0.5429867632243797
2014-07-14,211.1041698,384.4750057,296.9375044,0.011145833,88835.0,7.600000113,-0.375000006,1.858333361,0.189475704,93.1222306144858,0.5847365334985928
2014-07-15,199.4083363,386.1625058,297.3375044,0.011704166,88860.41667,20.50000031,2.191666699,-0.612500009,0.189553763,103.38153113753631,0.5994864683015894
2014-07-16,188.0208361,383.6666724,297.4083378,0.0121625,88778.75,0.0,3.175000047,-1.241666685,0.18938008,55.02047543010211,0.6197272535324213
2014-07-17,208.7083364,373.4125056,298.0291711,0.010320833,88609.16667,0.0,3.937500059,-1.179166684,0.189195451,41.711624907361326,0.5055764450791117
2014-07-18,260.2291705,368.1125055,300.1791711,0.0095,88669.58333,0.0,3.075000046,-0.25416667,0.189010821,30.74573231280094,0.4095648878079988
2014-07-19,287.7333376,380.1166723,301.9125045,0.0106625,88679.16667,0.0,3.062500046,-0.908333347,0.188826192,24.30518822773643,0.4151485447921874
2014-07-20,281.5916709,372.0958389,301.6833378,0.010079166,88732.5,0.0,2.558333371,-1.333333353,0.188641563,18.172496835786703,0.3979734154372474
2014-07-21,259.6416705,397.7375059,302.4083378,0.009095833,89022.5,0.0,0.745833344,-0.354166672,0.188456934,16.03254682274429,0.345381311837924
2014-07-22,250.5458371,382.1375057,302.7041712,0.008645833,88925.83333,0.0,0.541666675,-0.716666677,0.188257682,12.053427674273388,0.3223414572707672
2014-07-23,201.5583363,415.8583395,302.5541712,0.009966666,88917.91667,0.0,-0.845833346,-1.583333357,0.188087044,10.622735729232405,0.3748078829791013
2014-07-24,290.3125043,384.3375057,302.8791712,0.010741666,88760.41667,0.0,-2.462500037,1.829166694,0.18790305,12.68950955716528,0.3956928904771452
2014-07-25,253.5583371,396.7000059,303.4541712,0.012775,88664.58333,0.100000001,1.616666691,1.937500029,0.187722436,11.100583497086191,0.4546903179670218
2014-07-26,283.2875042,389.5625058,302.1416712,0.0132125,88722.91667,0.200000003,3.704166722,-0.787500012,0.187541456,12.585026501165569,0.50784348138047
2014-07-27,214.6500032,408.2291727,301.9291712,0.013433333,88945.0,0.400000006,3.745833389,0.220833337,0.18734588,11.077917288047177,0.5240889831531889
2014-07-28,205.8833364,414.3791728,301.7750045,0.014070833,89030.41667,6.7000001,2.2666667,0.141666669,0.187149599,50.36699664732886,0.5544650810641818
2014-07-29,234.2333368,389.4666725,300.4291711,0.011704166,88847.5,0.0,0.0125,-1.058333349,0.18696798,29.60445645870521,0.4981779244780716
2014-07-30,205.8916697,398.1500059,300.5750045,0.011783333,88812.91667,0.500000007,2.900000043,-0.679166677,0.186787032,24.214838688527436,0.4970503830548276
2014-07-31,188.5375028,400.875006,301.4250045,0.013679166,88883.75,0.100000001,2.616666706,0.808333345,0.186606013,16.800123892894145,0.5492953708041198
2014-08-01,177.1875026,409.4583394,300.8791712,0.0150875,88756.66667,3.800000057,2.729166707,-0.65000001,0.186425027,34.69755058365354,0.6247145024041344
2014-08-02,159.354169,408.0125061,298.6541711,0.0155,88840.41667,18.10000027,-0.920833347,-0.291666671,0.18622945,71.54096849794496,0.7332114779646391
2014-08-03,286.1083376,386.8666724,298.1708378,0.015170833,88792.08333,0.0,-1.220833352,0.629166676,0.186047775,76.27314717184872,0.7383701421528279
2014-08-04,236.6250035,388.4541725,300.2375045,0.013145833,88741.25,0.300000004,1.537500023,0.862500013,0.185866809,48.01257794191624,0.5652462432590262
2014-08-05,304.0500045,366.7458388,299.8833378,0.011279166,88710.0,0.0,2.2166667,-1.729166692,0.185685827,41.28071817997088,0.4951006476659091
2014-08-06,299.3500045,361.1750054,300.2125045,0.009854166,88790.83333,0.0,2.71250004,-1.75833336,0.185504824,28.59701161016784,0.4245755585093092
2014-08-07,221.2458366,381.1666723,300.8375045,0.011004166,88708.75,0.0,2.162500032,-1.10833335,0.18530917,18.39931386005838,0.456513221435577
2014-08-08,250.8416704,381.645839,301.0166712,0.0118625,88684.16667,0.0,2.195833366,-1.670833358,0.18512756,18.73562382727276,0.4868203869428903
2014-08-09,247.0000037,385.4833391,300.4750045,0.012991666,88680.83333,0.0,3.416666718,-0.583333342,0.184946568,17.69699501782001,0.5504484997334876
2014-08-10,196.4458363,395.8625059,299.3708378,0.013554166,88760.83333,18.90000028,2.975000044,-0.908333347,0.184750955,115.54247279077164,0.6137319601595775
2014-08-11,239.4666702,396.6916726,299.6250045,0.012825,88734.16667,1.200000018,-0.116666668,0.062500001,0.184569331,60.17602525880905,0.5718206783777359
2014-08-12,171.8208359,400.762506,299.8541711,0.0143875,88806.25,4.70000007,-2.112500031,2.462500037,0.184373713,72.88989367497834,0.6333225357504373
2014-08-13,217.7250032,397.0458392,298.4250044,0.014641666,88880.41667,2.600000039,-0.095833335,2.462500037,0.184192063,69.73004014278807,0.7025116405054072
2014-08-14,182.5375027,387.9791724,298.6875045,0.014754166,88868.75,43.50000065,2.129166698,-0.737500011,0.184011093,87.94039059765035,0.6967600098818182
2014-08-15,181.308336,399.9333393,298.7916711,0.014920833,88835.41667,0.100000001,2.558333371,-1.137500017,0.183830121,50.18939219619477,0.699985779827335
2014-08-16,183.4625027,400.3041726,298.8500045,0.014891666,88852.5,2.200000033,2.912500043,-0.762500011,0.183789815,50.39028005798265,0.6963163233450851
2014-08-17,230.2666701,400.037506,300.2333378,0.0148375,88764.16667,5.600000083,2.645833373,-0.020833334,0.183755609,82.74945129470328,0.6383069822464246
2014-08-18,241.4541703,395.7458392,299.8041711,0.013783333,88550.0,13.00000019,2.341666702,1.683333358,0.183721499,135.82193789697612,0.6067763843817271
2014-08-19,155.0500023,406.7916727,298.8458378,0.0158875,88485.0,16.30000024,1.129166683,1.533333356,0.183672816,78.38957090819662,0.7399922074374199
2014-08-20,270.1583374,375.6083389,297.0458378,0.012966666,88489.16667,5.40000008,2.100000031,0.68750001,0.183638004,113.08111562909406,0.6731721226491637
2014-08-21,197.3708363,368.1000055,298.2875044,0.012358333,88583.33333,1.500000022,3.066666712,0.179166669,0.183618514,70.06911510370036,0.5958759734859195
2014-08-22,279.5625042,365.3458388,297.6125044,0.0127875,88680.41667,2.200000033,2.516666704,0.500000007,0.183570419,77.82659395599593,0.6428671752930873
2014-08-23,285.4041709,357.9625053,297.8333378,0.013054166,88714.58333,0.800000012,2.654166706,0.137500002,0.183535637,55.37757860940073,0.6478329328314515
2014-08-24,286.6250043,352.9291719,297.5833378,0.011995833,88607.5,0.0,2.016666697,1.425000021,0.18350148,37.226141857054415,0.6036345533590858
2014-08-25,195.2750029,374.2541722,297.9291711,0.012520833,88527.91667,0.0,1.166666684,0.475000007,0.183467333,19.95282466678696,0.6164859495883873
2014-08-26,153.7333356,398.7416726,298.7791711,0.0138,88810.41667,4.300000064,1.462500022,1.550000023,0.18343317,35.11282769517824,0.6477061512243324
2014-08-27,241.9291703,386.8458391,298.9291711,0.0148625,88918.75,0.200000003,1.308333353,-0.083333335,0.18339903,36.40622674748103,0.6921847271590916
2014-08-28,281.4625042,361.4791721,299.0708378,0.012925,88775.41667,0.0,1.950000029,-2.112500031,0.183364934,31.934235631846345,0.5959125105582916
2014-08-29,282.7791709,347.2083385,299.0666711,0.009845833,88621.66667,0.0,1.425000021,-2.437500036,0.183316162,27.683791257986496,0.4532728621549423
2014-08-30,280.1750042,343.0000051,299.4250045,0.00785,88522.91667,0.0,0.508333341,0.341666672,0.183296022,21.0126156104098,0.353352425056553
2014-08-31,279.4625042,349.8916719,300.1750045,0.009654166,88550.41667,0.0,2.870833376,1.187500018,0.183262476,22.319019389552924,0.4157545506129769
2014-09-01,283.8291709,345.0583385,299.7083378,0.009645833,88560.0,0.0,2.570833372,0.908333347,0.183213734,19.89928235240969,0.4271069675303273
2014-09-02,281.7208375,343.5208385,299.9416711,0.00915,88530.41667,0.0,2.762500041,-0.441666673,0.183178962,18.827660182541948,0.3994420103191871
2014-09-03,236.2416702,350.1833386,299.4041711,0.008583333,88358.33333,0.0,2.087500031,-1.79583336,0.183144837,15.627832718236776,0.3861226633743709
2014-09-04,213.0000032,367.6375055,299.4166711,0.009641666,88245.41667,2.100000031,0.312500005,-1.175000018,0.183110701,18.527860084013117,0.4328551419929483
2014-09-05,257.2416705,386.1083391,299.7666711,0.012254166,88589.16667,0.400000006,1.020833349,-0.095833335,0.183076548,22.68824885556043,0.5409011314707554
2014-09-06,160.3625024,385.6666724,299.0833378,0.012575,88720.83333,35.20000052,-0.86666668,0.645833343,0.183042395,66.4817886825634,0.5789866341224214
2014-09-07,169.3458359,384.1583391,297.0166711,0.0129625,88655.41667,0.70000001,-3.462500052,0.979166681,0.183008248,58.96375920427302,0.6754145302955743
2014-09-08,137.525002,405.2791727,297.3541711,0.016191666,88671.66667,36.60000055,-0.22916667,1.175000018,0.182974109,61.927734363524976,0.826739714637409
2014-09-09,233.5291701,370.9791722,295.7500044,0.014370833,88812.5,0.0,1.066666683,1.295833353,0.182939949,55.34001770504136,0.8103665551441909
2014-09-10,262.2541706,377.1875056,296.4750044,0.0120875,88653.33333,0.0,2.666666706,-0.108333335,0.182891235,54.22552160974477,0.6509002871285247
2014-09-11,265.312504,339.2958384,296.0666711,0.0092125,88589.16667,0.0,2.116666698,-0.575000009,0.182871075,32.83642769656249,0.5082361280212977
2014-09-12,250.3625037,352.1791719,297.2208378,0.0097,88449.58333,0.0,-0.758333345,1.858333361,0.1828229,24.31287961297159,0.4980430400047596
2014-09-13,256.1291705,363.0708387,297.0541711,0.0113375,88558.33333,0.0,-3.904166725,2.150000032,0.182788142,21.54670003827058,0.588755318045233
2014-09-14,205.9375031,369.2666722,296.6958378,0.012075,88570.0,0.0,-3.925000058,1.437500021,0.182754006,15.043647790507585,0.6409391616134859
2014-09-15,223.66667,370.8500055,297.5458378,0.012491666,88650.0,0.200000003,-2.691666707,1.595833357,0.182719858,14.446480797692752,0.6303133925715781
2014-09-16,121.2291685,400.825006,296.9375044,0.013491666,88760.0,7.100000106,-3.087500046,2.054166697,0.182578505,40.62009378955131,0.707206860828565
2014-09-17,120.0333351,404.250006,295.2916711,0.015104166,88530.41667,19.70000029,-3.691666722,1.491666689,0.182447168,68.06593724990357,0.8732434437772917
2014-09-18,137.8916687,403.1916727,294.7708377,0.0162875,88278.75,40.5000006,-1.195833351,1.279166686,0.182287159,60.77369058574151,0.9696087273883632
2014-09-19,187.6250028,391.8333392,296.7541711,0.015470833,88477.91667,0.100000001,1.341666687,0.166666669,0.182155139,48.9286423257913,0.817430164374565
2014-09-20,217.5375032,388.2875058,296.8416711,0.014666666,88565.83333,0.100000001,2.466666703,-0.608333342,0.182009747,45.46666953890468,0.7715952763561882
2014-09-21,171.9583359,372.3666722,297.2208378,0.013591666,88720.0,0.900000013,1.137500017,0.025,0.181863752,24.3679302496935,0.6999928057754689
2014-09-22,224.2333367,385.3500057,297.5750044,0.013441666,88772.5,5.500000082,-0.016666667,0.112500002,0.181717758,52.15713178598863,0.677990242457274
2014-09-23,243.6916703,367.2416721,297.7083378,0.012425,88727.5,0.500000007,-1.600000024,0.016666667,0.181586355,46.740179398121086,0.6213683175406036
2014-09-24,244.2166703,360.7875054,298.7041711,0.012004166,88595.83333,0.0,-1.891666695,0.758333345,0.18142636,31.897983281854728,0.5645873066920538
2014-09-25,241.9041703,356.0333386,297.9625044,0.010754166,88723.33333,0.0,-1.620833357,1.416666688,0.181294292,21.621934327751163,0.5296048869019654
2014-09-26,186.0541694,370.8958389,298.8875045,0.0120625,88693.33333,0.0,0.500000007,1.500000022,0.181134326,12.595455608659702,0.5617557049851427
2014-09-27,232.4708368,361.166672,297.6791711,0.0123875,88463.75,0.0,1.441666688,1.633333358,0.181003212,12.132656386718438,0.618740057579726
2014-09-28,223.3625033,360.6208387,295.8500044,0.012454166,88415.41667,0.0,1.054166682,4.133333395,0.180862797,9.716061168011654,0.6948763963888994
2014-09-29,237.4166702,347.9416719,295.2958377,0.011908333,88494.58333,0.0,1.754166693,2.862500043,0.18071706,8.71706845176239,0.6880221890455104
2014-09-30,242.4291703,308.7291713,293.204171,0.008241666,88479.16667,0.0,2.67500004,0.175000003,0.180577619,7.518103947052214,0.542019393044636
2014-10-01,244.383337,300.8833378,292.2458377,0.006733333,88306.25,0.0,2.991666711,1.158333351,0.180423791,7.462867272079874,0.4693477019398585
2014-10-02,248.0666704,289.866671,291.079171,0.005883333,88631.66667,0.0,1.920833362,-1.32500002,0.1802842,6.223210357416371,0.4431420543649594
2014-10-03,247.7166704,281.7833375,294.3333377,0.0049625,88967.08333,0.0,-2.562500038,0.387500006,0.18014508,6.273697528445997,0.3058925359872625
2014-10-04,243.408337,290.4583377,294.1833377,0.005270833,88906.25,0.0,-0.929166681,1.620833357,0.180005883,5.288409142672089,0.32770977764393
2014-10-05,238.8583369,303.0041712,293.0458377,0.006345833,88771.25,0.0,3.495833385,-0.541666675,0.179852167,6.069303659128187,0.4228835814236923
2014-10-06,240.1375036,297.7916711,292.1250044,0.006275,88651.25,0.0,3.079166713,-0.287500004,0.179712553,5.22786638007151,0.4424644376852682
2014-10-07,184.7583361,324.0541715,293.779171,0.007325,88812.08333,2.500000037,2.558333371,0.87916668,0.179558812,9.574207459236389,0.4665127068661868
2014-10-08,170.4500025,366.6625055,293.9875044,0.010570833,88581.66667,18.20000027,0.325000005,3.83333339,0.179424911,99.22755746051044,0.6628434108174253
2014-10-09,216.3250032,354.1583386,292.6208377,0.011125,88475.83333,5.500000082,2.950000044,1.829166694,0.179280165,83.1764655964134,0.7588498308335975
2014-10-10,226.41667,323.7750048,292.0875044,0.010216666,88602.5,0.0,2.833333376,-1.670833358,0.179131359,49.26675147799519,0.7217084296737981
2014-10-11,224.6708367,309.2708379,292.0458377,0.0079,88736.66667,0.0,0.716666677,-1.754166693,0.17898553,30.610693741131747,0.5603741389991955
2014-10-12,227.9708367,292.529171,292.1708377,0.005704167,88462.08333,0.0,2.708333374,-1.529166689,0.178854472,24.788352319343986,0.4001976826438494
2014-10-13,226.2250034,291.7875043,290.366671,0.0064125,88716.25,0.0,1.725000026,-1.729166692,0.178709423,13.960776309182831,0.5059229939343319
2014-10-14,225.91667,283.7666709,291.2250043,0.004991667,88832.5,0.0,-1.470833355,0.520833341,0.178563742,10.600528271915657,0.3733574554335915
2014-10-15,222.64167,288.3083376,292.7625044,0.004954167,88698.75,0.0,-1.829166694,1.754166693,0.178410346,9.375597338397183,0.3357823946041948
2014-10-16,209.8958365,304.3166712,292.3375044,0.006420833,88617.5,0.0,0.89166668,2.779166708,0.17832416,7.426463404150102,0.4465577673039277
2014-10-17,215.6041699,295.0541711,291.766671,0.005879167,88603.33333,0.0,1.179166684,2.295833368,0.178255534,6.2901220705484855,0.4238087535871913
2014-10-18,214.1291699,299.6416711,291.441671,0.005929167,88485.41667,0.0,-0.120833335,2.733333374,0.178169361,5.760265835748896,0.4357162852682575
2014-10-19,190.8291695,320.8583381,292.0875044,0.006945833,88371.66667,0.100000001,-1.112500017,2.68750004,0.178096824,5.344923573385781,0.4893774899914691
2014-10-20,207.6333364,308.1916713,290.7500043,0.006783333,88305.41667,1.500000022,-1.35000002,0.291666671,0.178010292,8.246762928128557,0.5198274835217375
2014-10-21,208.0625031,311.6875046,291.0250043,0.007408333,88382.5,0.0,-2.725000041,0.620833343,0.177937744,6.671646809514842,0.5583582508001194
2014-10-22,208.5666698,300.6291711,291.091671,0.006641666,88433.75,0.0,-1.329166686,0.375000006,0.177851211,5.538026808623185,0.4987474171291548
2014-10-23,207.7000031,300.9291712,291.291671,0.006508333,88708.33333,0.0,-0.262500004,-0.45833334,0.177778662,5.0043844576953305,0.4840651815196061
2014-10-24,206.8458364,295.7416711,292.441671,0.005645833,88958.33333,0.0,-0.22916667,0.491666674,0.17769213,4.140989969972916,0.3915934984742487
2014-10-25,202.450003,310.995838,292.816671,0.006558333,88962.5,0.0,0.583333342,0.741666678,0.177619585,4.120107165491328,0.4443190629212131
2014-10-26,190.7541695,325.7250049,293.0250044,0.0078875,88740.41667,0.0,1.695833359,1.900000028,0.177533049,4.270182134221266,0.5261226631778054
2014-10-27,192.5333362,317.4416714,291.9625044,0.0084625,88429.16667,0.0,2.187500033,2.91666671,0.177460504,4.0366064080583,0.601347855622187
2014-10-28,202.325003,294.116671,290.754171,0.007745833,88697.08333,0.0,1.333333353,0.479166674,0.17737386,2.913182607609752,0.5960612772472941
2014-10-29,200.525003,282.9125042,291.7083377,0.005579167,88854.58333,0.0,-0.616666676,0.341666672,0.177292547,2.4420392254411247,0.4048136801885554
2014-10-30,199.0291696,288.4708376,293.4375044,0.005508333,88808.33333,0.0,-1.908333362,1.050000016,0.177211515,3.32009137943738,0.3583471710954559
2014-10-31,184.7166694,312.620838,293.2250044,0.006145833,88702.5,0.0,-2.941666711,2.850000042,0.177143187,4.564898854399528,0.4046782582121915
2014-11-01,179.033336,306.6916712,292.5000044,0.007483333,88375.41667,0.0,-0.625000009,5.104166743,0.177051918,4.242286245953625,0.5137532945711691
2014-11-02,135.2416687,316.3791714,290.604171,0.007983333,88552.5,0.100000001,1.479166689,4.729166737,0.176974247,2.862976908513747,0.6192303008116229
2014-11-03,177.5916693,326.7208382,288.1500043,0.006083333,88689.16667,0.0,2.504166704,1.587500024,0.176897215,3.187227871651015,0.5535327702319999
2014-11-04,187.4208361,268.862504,286.8875043,0.005070833,88826.25,0.0,1.345833353,-1.545833356,0.176820183,1.982351384046539,0.5018806343488519
2014-11-05,181.7500027,291.141671,287.8708376,0.005954167,88935.41667,0.0,-4.091666728,-0.912500014,0.176743148,2.635086228732864,0.5532517079263252
2014-11-06,178.333336,285.2333376,287.6708376,0.006566667,89331.25,0.0,-4.966666741,0.583333342,0.176651494,2.2970969804645835,0.6209304376913906
2014-11-07,180.6250027,282.4333375,286.6750043,0.006125,89238.75,0.0,-3.10833338,0.850000013,0.176588449,1.765246824390423,0.6176023937817553
2014-11-08,179.745836,265.412504,287.2583376,0.004925,89001.25,0.0,-1.004166682,-0.637500009,0.176497427,1.1354595010264803,0.476666694243251
2014-11-09,178.5291693,270.375004,287.0458376,0.004833333,88744.16667,0.0,-2.358333368,1.733333359,0.176419759,1.5563297333425032,0.4729885235469539
2014-11-10,177.2625026,265.800004,287.3833376,0.004370833,88354.58333,0.0,3.083333379,2.366666702,0.176342728,1.792246494301262,0.4165343271363078
2014-11-11,173.2833359,274.7333374,286.6833376,0.005508333,88439.58333,0.0,2.054166697,3.200000048,0.17625107,1.4626198800317567,0.5501461233399293
2014-11-12,172.6708359,284.5458376,287.0458376,0.006720833,88472.08333,0.0,1.533333356,3.162500047,0.176173402,1.2326567183556845,0.6556822519664707
2014-11-13,170.7125025,281.6875042,287.2666709,0.006658333,88672.5,0.0,0.795833345,2.320833368,0.176096371,1.0003688751777629,0.6416967267718451
2014-11-14,161.5500024,281.9375042,286.7750043,0.006579167,88678.33333,0.0,2.129166698,2.43333337,0.176019336,0.9699139205968708,0.654907951768501
2014-11-15,168.1583358,281.2500042,286.5000043,0.006833333,88619.16667,0.0,2.679166707,1.916666695,0.175942304,0.9134676206245348,0.6921749942322973
2014-11-16,167.9750025,265.0333373,285.0625042,0.005741667,88500.41667,0.0,3.700000055,0.21666667,0.175750641,0.8663746206637795,0.6388947325943872
2014-11-17,168.6625025,226.8208367,281.5333375,0.003058333,88921.25,0.0,-1.991666696,-0.833333346,0.175539371,0.5779369716494575,0.4341280157172903
2014-11-18,172.8625026,219.0583366,280.4958375,0.0026125,88976.25,0.0,-2.862500043,0.325000005,0.175342088,0.6865013024008901,0.3985749930815137
2014-11-19,146.6041689,229.3375034,280.4041708,0.0023,89032.5,0.0,-1.954166696,1.416666688,0.175130815,0.5727129332925138,0.3533559074043024
2014-11-20,165.9166691,228.0791701,281.0041709,0.002129167,88664.16667,0.0,1.404166688,1.14583335,0.174933532,0.584565773158739,0.3125288977422498
2014-11-21,140.5625021,256.8166705,282.0750042,0.003225,88474.58333,0.0,0.487500007,2.237500033,0.174736885,0.622034162332197,0.4389027308773473
2014-11-22,163.7125024,263.0166706,281.5708375,0.003445833,88543.33333,0.0,1.845833361,-1.279166686,0.174525615,0.7410088695740751,0.4858029476454768
2014-11-23,162.5000024,240.7041703,280.7458375,0.003333333,88541.66667,0.0,3.912500058,-1.050000016,0.174328333,0.8148875169944806,0.4973926973687962
2014-11-24,167.9250025,202.6041697,277.4916708,0.001866667,88928.75,0.0,1.433333355,-3.379166717,0.174131686,0.6809699160736881,0.3513296997845543
2014-11-25,164.9791691,200.5666697,277.2916708,0.001291667,89460.83333,0.0,-1.220833352,-2.850000042,0.173935035,0.6477757339209249,0.2480602461259527
2014-11-26,159.7083357,229.8708368,279.5125042,0.001479167,89436.25,0.0,-0.20416667,-1.025000015,0.173723765,0.4687055442658847,0.2428772368125758
2014-11-27,159.8208357,239.1916702,283.1208376,0.002429167,89426.25,0.0,-3.020833378,0.033333334,0.173526483,0.9455958061854116,0.3112027275442717
2014-11-28,159.7458357,242.733337,284.4833376,0.0031375,89084.16667,0.0,-2.862500043,1.412500021,0.173329836,1.004212027630575,0.3652938191786872
2014-11-29,158.566669,243.408337,285.6208376,0.002954167,88641.25,0.0,0.762500011,2.850000042,0.173118566,1.056244966481559,0.3172369568466149
2014-11-30,151.5333356,254.8750038,285.9958376,0.003733333,88634.16667,0.0,0.404166673,3.100000046,0.172921283,1.0948791413377643,0.3910350753715316
2014-12-01,157.3208357,247.6041704,284.3166709,0.003629167,88949.16667,0.0,-0.375000006,1.020833349,0.17271001,0.5773033061963003,0.4266379786011964
2014-12-02,107.9166683,276.8708375,284.0833376,0.003016667,88720.0,0.0,-1.970833363,1.295833353,0.172512727,0.8783416160908919,0.359305807120976
2014-12-03,100.7416682,338.5541717,285.1750042,0.0043625,88928.75,0.0,0.516666674,0.537500008,0.17231608,0.9531119392234666,0.4841356576255363
2014-12-04,103.4083349,319.3416714,285.6708376,0.007058333,88788.75,7.300000109,1.412500021,0.120833335,0.17210481,11.74326392509323,0.7567139242101516
2014-12-05,147.4291689,266.8541706,282.9791709,0.006429167,88919.58333,0.0,-0.033333334,-0.137500002,0.171907527,6.448094274935685,0.8268814724049903
2014-12-06,130.8666686,279.2625042,283.6333376,0.005320833,88964.16667,0.600000009,-2.858333376,1.754166693,0.171710877,9.219415829941736,0.655042866626452
2014-12-07,153.7125023,259.5625039,283.8291709,0.004770833,89207.91667,0.0,-2.016666697,-0.154166669,0.171499607,6.615549332366762,0.5812190046798759
2014-12-08,147.4083355,261.9916706,284.1958376,0.005008333,88992.08333,0.0,-3.829166724,1.09583335,0.171302324,5.276373865023412,0.5938509845253394
2014-12-09,131.775002,295.5958377,284.4000042,0.00465,88775.41667,0.0,-2.733333374,1.837500027,0.171105677,4.860079216031517,0.542536832870046
2014-12-10,151.5208356,263.4000039,285.2625043,0.0047875,88725.41667,0.0,-0.441666673,2.754166708,0.170894407,3.2628721353140717,0.5270058610332594
2014-12-11,151.8708356,263.2333373,285.4250043,0.00515,88775.0,0.0,-0.079166668,3.020833378,0.170697125,2.398381021883172,0.561126968879019
2014-12-12,131.7708353,275.4916708,285.0791709,0.005079167,88870.0,0.0,-0.283333338,3.900000058,0.170500474,1.8910742031753616,0.5669059623064944
2014-12-13,114.0416684,285.9958376,284.0625042,0.006158333,88659.16667,1.500000022,0.958333348,3.77083339,0.170289204,2.691379304331426,0.734024118946659
2014-12-14,152.8166689,252.4375038,280.7791709,0.0048375,88777.5,1.000000015,3.13333338,-0.850000013,0.170091921,3.5814622133640697,0.7220997189233648
2014-12-15,141.0208354,242.3708369,279.9958375,0.003225,88840.83333,0.0,0.245833337,1.012500015,0.169880651,2.745822183304908,0.5086061889470359
2014-12-16,131.5916686,272.1083374,282.1541709,0.003466667,88636.25,0.0,-0.850000013,3.162500047,0.169633434,3.226417918572861,0.4701055060322507
2014-12-17,83.98333458,298.8750045,279.7958375,0.004533333,88722.5,0.100000001,1.904166695,3.687500055,0.169384682,1.4923868078484672,0.7239889339453196
2014-12-18,82.39583456,305.5791712,281.2666709,0.005966667,88838.33333,2.900000043,1.620833357,0.950000014,0.169135929,4.386971762362996,0.8618183980049544
2014-12-19,152.7708356,235.7541702,278.9375042,0.0043875,89076.25,0.0,0.616666676,-1.35000002,0.168917058,3.595399653716038,0.7469646626239675
2014-12-20,152.1083356,232.9500035,279.2375042,0.003495833,88852.5,0.0,-0.958333348,-0.633333343,0.168696916,3.267950816841167,0.5813247548259495
2014-12-21,149.5458356,231.9500035,277.6416708,0.002841667,88745.83333,0.0,1.75833336,-0.070833334,0.168432901,2.7777051928264163,0.528089868108586
2014-12-22,147.7583355,240.6250036,277.4000041,0.003720833,88485.83333,0.0,3.183333381,-1.14583335,0.16816889,1.7668217999365057,0.701367121591636
2014-12-23,153.316669,234.5291702,278.4958375,0.003958333,88414.58333,0.0,2.800000042,-3.720833389,0.167907421,1.4382503464889562,0.6899678835778056
2014-12-24,156.5625023,206.4208364,277.4125041,0.001958333,88870.83333,0.0,-1.450000022,-1.075000016,0.167658669,1.40328668827364,0.3704177858737941
2014-12-25,144.5750022,243.0541703,277.6750041,0.001970833,88107.5,0.0,1.116666683,4.908333406,0.167408009,1.6868458719204085,0.3627635889716974
2014-12-26,119.5750018,302.9583378,279.3916708,0.0038875,88005.41667,0.800000012,4.379166732,1.050000016,0.167158621,2.1606548595976465,0.6334307258595993
2014-12-27,155.829169,206.4041697,275.1375041,0.002425,88789.16667,0.0,0.979166681,-2.170833366,0.166912411,1.0647720549774349,0.5394302987990541
2014-12-28,155.7583357,205.0458364,274.6583374,0.002091667,89027.08333,0.0,-0.925000014,-0.212500003,0.166663659,0.9401770629105684,0.4830221696820719
2014-12-29,160.0708357,207.9583364,276.4583375,0.001741667,88792.5,0.0,0.579166675,1.59166669,0.166414906,1.0134850538329214,0.3523103310168398
2014-12-30,158.3625024,204.3083364,277.6500041,0.001670833,88558.75,0.0,-0.604166676,3.541666719,0.166150895,1.0375710683689925,0.3096668756346297
2014-12-31,142.2458355,244.0416703,278.9375042,0.00245,88312.5,0.0,-1.737500026,4.704166737,0.165902142,1.0650289411472105,0.4135321366177697
2015-01-01,152.8000023,257.0833372,277.4041708,0.003995833,88266.25,0.400000006,1.950000029,2.2666667,0.186569375,0.8115040406146078,0.7511125153307725
2015-01-02,137.2666687,228.2333367,275.9500041,0.004108333,88383.33333,0.0,2.087500031,-1.329166686,0.18776385,0.3204567781368255,0.8579317381865915
2015-01-03,152.3625023,216.9125032,275.0375041,0.003775,88644.58333,0.0,2.770833375,-0.937500014,0.189554685,0.2979039736313864,0.8444553893144786
2015-01-04,154.2750023,220.1291699,276.8041708,0.003279167,89265.0,0.0,-1.083333349,-0.22916667,0.181102426,0.470256816999416,0.6505724233444093
2015-01-05,156.7583357,217.1125032,277.8250041,0.003116667,89453.75,0.0,-3.779166723,-0.179166669,0.173927455,0.5112115215596502,0.5762856817171101
2015-01-06,158.1875024,212.6250032,278.0916708,0.002875,89435.0,0.0,-3.412500051,0.945833347,0.16933249,0.500689626527085,0.5215658008343043
2015-01-07,152.0291689,231.4666701,279.7750042,0.002945833,89382.91667,0.0,-3.433333384,1.308333353,0.166694466,0.5918314221499588,0.4746495222399141
2015-01-08,51.42500077,303.9208379,277.7083375,0.004195833,89171.66667,5.900000088,-3.729166722,0.775000012,0.164756438,6.6410923196558365,0.7797953686103284
2015-01-09,123.0125018,316.1166714,279.6375042,0.005758333,88864.58333,0.100000001,-1.641666691,1.487500022,0.16406836,8.118346434807487,0.9313131473266976
2015-01-10,143.6000021,259.5208372,279.0583375,0.0044875,88824.16667,0.0,-2.179166699,1.32500002,0.163555757,4.892498504656446,0.7554044495843865
2015-01-11,89.30000133,301.8958378,280.0500042,0.004791667,88716.66667,0.0,-0.095833335,0.933333347,0.163220538,3.8533640096001047,0.7517902434174898
2015-01-12,130.7666686,293.5125044,281.8541709,0.005358333,88822.08333,5.200000077,0.0125,1.691666692,0.162932367,17.333672013440452,0.7432398093705118
2015-01-13,130.9666686,300.9833378,282.7958375,0.005666667,88692.08333,0.0,0.716666677,1.733333359,0.162668356,13.712250559437294,0.7360502535991353
2015-01-14,154.566669,274.7958374,281.7166709,0.005295833,88714.58333,0.0,2.195833366,-0.733333344,0.16240498,9.65143232807526,0.7406227384251067
2015-01-15,161.4875024,237.4916702,279.8916708,0.0040625,89137.5,0.0,-2.358333368,-1.245833352,0.162155592,5.847020120875095,0.6474978909274538
2015-01-16,163.8958358,230.5416701,279.7250042,0.003445833,89304.58333,0.0,-4.070833394,0.87916668,0.162343259,4.956115511374605,0.5566606250584547
2015-01-17,164.5708358,229.0708367,281.5833375,0.002920833,89120.83333,0.0,0.304166671,-0.212500003,0.162535281,2.990818394338485,0.4141175317723553
2015-01-18,162.0458357,246.0875037,283.1083376,0.003170833,89346.66667,0.0,-0.67500001,-0.416666673,0.162741288,3.3866503049382333,0.4062005304004525
2015-01-19,163.8958358,248.0250037,283.6208376,0.003229167,89162.5,0.0,0.033333334,0.075000001,0.16293331,2.643010450997669,0.3987621716942374
2015-01-20,165.5125025,242.5250036,283.0041709,0.003245833,88754.58333,0.0,1.412500021,-0.079166668,0.16313932,2.2900771320790776,0.4159794163240141
2015-01-21,166.0625025,249.8166704,284.1541709,0.0031875,88376.66667,0.0,1.937500029,2.350000035,0.163345962,2.2429693020465704,0.3763882733634838
2015-01-22,171.8541692,240.3458369,282.1875042,0.004083333,88681.66667,0.0,2.400000036,-2.979166711,0.163537984,1.3858914471000787,0.5527544177538536
2015-01-23,170.9291692,219.1750033,278.3375041,0.002483333,89247.08333,0.0,-3.204166714,-0.208333336,0.16374399,1.0611249335259196,0.4418380452114301
2015-01-24,170.8333359,233.7583368,280.2958375,0.002258333,88837.5,0.0,-4.537500068,0.633333343,0.163936013,1.2926387659752865,0.3488031399532516
2015-01-25,170.1583359,237.3125035,281.1166709,0.002133333,88889.16667,0.0,-3.395833384,0.291666671,0.164142023,1.1756448089070846,0.3115114263200904
2015-01-26,75.20416779,292.9250044,282.0958375,0.003566667,89010.41667,0.100000001,-3.008333378,1.691666692,0.164334042,0.7582773703070153,0.4876467591513058
2015-01-27,163.5333358,289.1708376,283.1041709,0.005608333,89208.75,0.200000003,-1.12083335,1.308333353,0.164540051,1.1856965035285298,0.7175507197464774
2015-01-28,167.7916692,274.5166708,283.5916709,0.005266667,89039.58333,0.0,-0.129166669,-1.254166685,0.164746693,1.0633412070602877,0.6507510458611886
2015-01-29,82.56250123,308.1333379,283.7750042,0.004695833,88881.25,0.300000004,-0.66250001,0.908333347,0.164938716,0.7864186486845428,0.5720707539418801
2015-01-30,69.41250103,349.9708385,283.0041709,0.007416666,88629.58333,30.70000046,-3.437500051,3.058333379,0.165144722,31.87985441916851,0.9491662983420892
2015-01-31,95.74166809,336.4916717,281.2875042,0.007,88097.91667,31.90000048,0.187500003,2.2541667,0.165336744,31.734613145490258,1.0012096879282366
2015-02-01,158.1083357,296.0541711,279.5125042,0.005745833,88570.0,1.000000015,0.712500011,-0.312500005,0.165542754,25.26656125055469,0.9343200459760655
2015-02-02,180.2250027,252.2833371,281.8166709,0.005270833,88860.0,0.0,-1.129166683,-0.862500013,0.165734773,17.40582771588791,0.7332949900066312
2015-02-03,181.820836,254.6416705,283.6500042,0.004608333,88896.66667,0.0,-0.25416667,-0.770833345,0.165940783,13.997593172593056,0.5662602279576483
2015-02-04,184.9333361,247.2500037,283.5125042,0.003970833,88945.41667,0.0,2.633333373,-1.333333353,0.166132802,15.688155219008095,0.4927447132157939
2015-02-05,187.6791695,250.4541704,285.9333376,0.004229167,88985.0,0.0,-0.500000007,-0.533333341,0.166338811,8.40590332890072,0.4465667388361581
2015-02-06,189.4208362,256.9750038,288.1875043,0.0039625,89024.58333,0.0,-1.266666686,1.954166696,0.166545457,9.672024920932584,0.3610364921797538
2015-02-07,189.5541695,259.5125039,288.616671,0.004391667,89032.91667,0.0,1.595833357,0.558333342,0.166737476,6.524143945824641,0.3891807193183313
2015-02-08,192.5125029,245.245837,286.0750043,0.0035375,88989.16667,0.0,1.662500025,-1.229166685,0.166943486,4.779748851366651,0.3700638069473856
2015-02-09,193.7416696,254.3541705,287.5750043,0.003654167,88866.25,0.0,-0.170833336,-1.166666684,0.167135505,4.032823253071801,0.345890546180459
2015-02-10,198.0666696,242.3166703,286.8500043,0.002854167,88581.25,0.0,0.958333348,-0.666666677,0.167341514,3.225234459304806,0.28240432400234
2015-02-11,198.4083363,237.9708369,285.3125043,0.0031875,88594.16667,0.0,2.429166703,-1.383333354,0.167533537,2.7331879852187413,0.3491954247142603
2015-02-12,195.4416696,253.4416704,284.3750042,0.004004167,89201.66667,0.0,-4.420833399,-1.354166687,0.167739543,2.388433449722948,0.4702152080162985
2015-02-13,195.2000029,262.8875039,284.3291709,0.004729167,89085.41667,0.0,-4.608333402,0.920833347,0.167931566,2.024971770846185,0.5563367762265163
2015-02-14,189.2916695,277.7791708,285.8916709,0.005054167,88914.16667,0.0,-3.166666714,0.804166679,0.168137572,1.971636152326607,0.5347289885508139
2015-02-15,82.22083456,332.4083383,287.5875043,0.006845833,88775.83333,3.000000045,1.570833357,1.195833351,0.168329594,5.229598277116141,0.6468145004647845
2015-02-16,190.9083362,305.2041712,284.4166709,0.00765,88639.58333,0.900000013,2.48333337,0.629166676,0.168675451,7.771654830321985,0.8901997493418101
2015-02-17,202.962503,272.1125041,285.4750043,0.006883333,88812.91667,0.0,3.458333385,-0.495833341,0.169028027,5.278614189751966,0.7478158224215716
2015-02-18,206.7958364,252.2500038,285.0958376,0.004095833,89049.58333,0.0,1.816666694,-1.575000023,0.169395226,5.277682552323967,0.4575672265176891
2015-02-19,204.3708364,255.4083371,286.6375043,0.003104167,88899.16667,0.0,1.441666688,-0.200000003,0.169748435,4.739299117299854,0.3125822734583094
2015-02-20,172.2791692,277.2125041,286.6583376,0.003170833,88730.0,0.0,3.483333385,0.112500002,0.170101011,3.953471790233368,0.3182509693897467
2015-02-21,187.5583361,299.4958378,285.9666709,0.004525,88478.75,0.0,3.287500049,2.129166698,0.170453584,3.3473111210399407,0.4740387344552225
2015-02-22,203.487503,307.2708379,287.9125043,0.005495833,88287.91667,0.0,3.170833381,4.850000072,0.170816108,3.360362466092272,0.5055710580259891
2015-02-23,213.4916698,281.7041709,288.466671,0.006383333,88515.0,0.0,2.162500032,5.108333409,0.171154893,2.6161189726108174,0.5678848888060731
2015-02-24,158.541669,272.5291707,284.6875042,0.005616667,88615.83333,0.0,4.191666729,0.925000014,0.171507438,1.3821040517685572,0.6416711790165921
2015-02-25,214.6375032,249.1750037,281.3458375,0.0038625,88847.5,0.0,3.825000057,-2.637500039,0.171860503,1.6133222086995742,0.5549239779278382
2015-02-26,220.1458366,243.7750036,283.4708376,0.003141667,88381.66667,0.0,1.504166689,-0.487500007,0.172213522,1.6647566060160577,0.3884733468692357
2015-02-27,221.1458366,250.7291704,285.7791709,0.00355,88078.33333,0.0,2.645833373,2.825000042,0.172566585,2.0262964567855226,0.3748421538575927
2015-02-28,219.0333366,273.9583374,286.8166709,0.005658333,88005.0,0.0,3.045833379,5.645833417,0.172934272,2.1823040595396006,0.5574394560402705
2015-03-01,226.5375034,295.2208377,287.9333376,0.007058333,88397.5,0.0,1.333333353,4.925000073,0.173273296,2.0909955495578285,0.6492319481450772
2015-03-02,123.3333352,309.6250046,287.4708376,0.006920833,88481.66667,0.0,1.075000016,5.691666751,0.173625704,1.4259369717247494,0.6567238711997585
2015-03-03,157.354169,324.8041715,282.9875042,0.006625,88403.33333,10.90000016,2.733333374,1.254166685,0.173978658,37.5131047522654,0.8466428101901775
2015-03-04,83.96666792,328.1083382,283.3958376,0.0053875,88372.08333,0.0,3.395833384,0.616666676,0.174331674,20.484690761927837,0.6694869496601991
2015-03-05,247.0375037,237.3750035,281.7833375,0.003704167,88983.33333,0.0,-1.237500018,-0.633333343,0.174684818,19.99385913872157,0.5172299245978417
2015-03-06,246.345837,237.1541702,283.7333376,0.0031375,89091.25,0.0,-5.558333416,0.970833348,0.175052529,19.331762169070632,0.3842069777163017
2015-03-07,214.6583365,270.6416707,285.7958376,0.003770833,88744.16667,0.0,-3.400000051,1.483333355,0.175406251,12.25119294178209,0.4007266608893568
2015-03-08,246.8416703,270.537504,286.5041709,0.0038875,88506.25,0.0,1.641666691,0.508333341,0.17575934,10.139293973318956,0.393170318691036
2015-03-09,249.7625037,265.1333373,286.9916709,0.003916667,88274.16667,0.0,3.012500045,-1.291666686,0.176097633,7.430895222562754,0.3826119748763871
2015-03-10,253.3916704,263.7416706,287.641671,0.0036,88486.66667,0.0,2.195833366,-1.354166687,0.176450103,6.246756924152716,0.3378330631057216
2015-03-11,255.0583371,265.162504,288.9458376,0.003233333,88851.66667,0.0,-1.604166691,-0.237500004,0.176803178,5.525387817402221,0.279920218099491
2015-03-12,150.7708356,313.1000047,289.7125043,0.003425,88827.91667,0.0,-1.516666689,1.866666694,0.177170719,3.77621030466762,0.2821437173474582
2015-03-13,210.9916698,319.4000048,287.966671,0.004004167,88786.66667,0.0,-0.679166677,-1.166666684,0.177519476,4.342306107102334,0.3691258397296976
2015-03-14,253.2666704,289.8208377,289.2500043,0.0039,88958.75,0.0,-5.141666743,-0.166666669,0.177875732,4.557111872759986,0.3314688461000782
2015-03-15,260.1166705,284.5208376,289.2958376,0.003608333,89050.41667,0.0,-5.804166753,0.70000001,0.178232351,4.573793729006869,0.3060896357378017
2015-03-16,259.0166705,280.4875042,288.9708376,0.003920833,88900.0,0.0,-3.887500058,1.462500022,0.178426302,3.726874368815029,0.3390756355644712
2015-03-17,101.3291682,333.025005,290.4958377,0.00575,88585.0,0.0,-0.562500008,1.450000022,0.178642424,1.454694905491354,0.4492603649301735
2015-03-18,98.60000147,371.6500055,290.666671,0.0074,88670.0,2.400000036,2.00000003,1.291666686,0.178830574,6.341075323625277,0.5724588263176302
2015-03-19,189.6208362,332.6583383,286.1583376,0.007545833,88585.41667,10.00000015,0.945833347,2.083333364,0.179032073,52.02784205783277,0.7814829154253778
2015-03-20,260.3625039,291.9708377,286.3291709,0.005316667,88761.66667,0.300000004,0.804166679,1.083333349,0.179234207,42.586600156793374,0.5455246944271245
2015-03-21,267.6666707,280.8208375,288.166671,0.005175,88847.91667,0.0,2.533333371,-2.133333365,0.179436345,33.66415085838478,0.4712137308462036
2015-03-22,271.2708374,279.0958375,289.0375043,0.0051125,89040.83333,0.0,2.854166709,-1.09583335,0.17963848,20.01853817459559,0.4409286247898852
2015-03-23,261.7958372,278.5583375,290.5375043,0.004183333,88918.75,0.0,2.679166707,0.345833338,0.179840617,13.825820988758345,0.3272130199382377
2015-03-24,282.0625042,260.0000039,290.1208377,0.003270833,88726.66667,0.0,2.837500042,0.429166673,0.180028129,10.084979562214237,0.2621786219280737
2015-03-25,276.2125041,268.300004,289.8583377,0.003404167,88524.58333,0.0,3.287500049,-0.183333336,0.18024425,7.707921205196272,0.2768650572052467
2015-03-26,280.7000042,273.0458374,290.129171,0.0037625,88773.33333,0.0,0.450000007,-2.162500032,0.180432401,6.378294944748143,0.3015865741735004
2015-03-27,287.4583376,267.2583373,292.179171,0.0029625,88975.0,0.0,-1.383333354,0.625000009,0.180633899,5.7326059421768605,0.2089409043284315
2015-03-28,289.8333377,261.5000039,293.029171,0.002433333,88778.75,0.0,2.066666697,-0.816666679,0.180836037,5.038378542431484,0.162339227564484
2015-03-29,267.5791707,282.7625042,293.9750044,0.0030625,89015.0,0.0,2.129166698,-0.225000003,0.181038172,4.433415482874369,0.1931232114582402
2015-03-30,226.8625034,339.4166717,293.8125044,0.003979167,88871.66667,0.0,2.275000034,-0.404166673,0.181240309,4.343302647463775,0.2530687509503876
2015-03-31,231.0875034,337.7958384,294.5250044,0.005295833,88761.66667,0.0,2.816666709,0.366666672,0.181442444,4.2487179061052185,0.3218435744664887
2015-04-01,287.8583376,305.9250046,293.0000044,0.005858333,88517.5,0.0,3.470833385,0.525000008,0.181629955,4.503964806453783,0.3903993444938972
2015-04-02,296.4208378,279.8083375,291.9083377,0.0044125,88377.08333,0.0,3.329166716,2.333333368,0.181831457,4.654137913572342,0.3144424154874719
2015-04-03,248.2750037,287.4625043,291.4000043,0.003629167,88644.16667,0.0,2.129166698,0.979166681,0.182033592,3.637203989995245,0.2678814281912117
2015-04-04,250.9625037,321.8916715,292.0208377,0.003254167,88654.58333,0.0,0.979166681,1.800000027,0.182235729,4.377450742669514,0.2309797232666854
2015-04-05,279.9125042,286.9416709,292.0875044,0.00315,88405.0,0.0,2.370833369,2.595833372,0.182437864,5.027127904810418,0.2220209662323426
2015-04-06,210.5708365,307.4750046,291.966671,0.003491667,88339.58333,0.0,2.337500035,3.991666726,0.182639998,4.9388143017598445,0.2478023954294972
2015-04-07,294.9708377,282.7958375,291.6375043,0.0033375,88481.66667,0.0,1.816666694,4.020833393,0.182827513,5.93416294416553,0.2422293320620103
2015-04-08,299.7000045,315.920838,292.0333377,0.005229167,88354.16667,0.0,3.433333384,2.866666709,0.183043635,6.131279835140278,0.3696152528761711
2015-04-09,267.7333373,279.9250042,289.5750043,0.003825,88401.66667,0.0,2.116666698,0.708333344,0.183231785,3.977238564988326,0.3163669177842273
2015-04-10,292.1125044,285.6875043,291.1708377,0.004020833,88411.66667,0.0,1.562500023,2.89166671,0.183447907,5.008534660204587,0.3003494026544758
2015-04-11,278.3083375,297.6166711,290.9250043,0.004841667,88532.91667,0.0,1.604166691,2.641666706,0.183636054,4.683801144321798,0.3678650449257292
2015-04-12,177.9625027,351.0291719,289.2375043,0.00745,88427.91667,6.7000001,2.170833366,1.237500018,0.183837556,28.93372914416722,0.6299197098575169
2015-04-13,297.0458378,298.5125044,288.2583376,0.006816666,88659.16667,0.0,2.166666699,-1.829166694,0.18403526,21.162583543388177,0.6156976655068744
2015-04-14,306.4125046,294.8416711,291.466671,0.004658333,88819.16667,0.0,-1.762500026,1.775000026,0.184234734,18.336920680746385,0.3430738105158052
2015-04-15,310.0666713,291.6375043,292.1083377,0.005016667,88440.41667,0.0,4.075000061,1.895833362,0.184434295,13.15838918007353,0.3532662621646524
2015-04-16,322.4208381,250.9916704,289.5333376,0.003025,88350.0,0.0,5.583333417,0.800000012,0.184486014,10.15093212982782,0.2507236000814754
2015-04-17,322.9666715,235.8833368,286.3875043,0.0019875,88649.16667,0.0,2.145833365,-1.916666695,0.184530594,7.338850898506735,0.2028894550886064
2015-04-18,317.6708381,252.3666704,287.1583376,0.002429167,88574.58333,0.0,3.32500005,-1.537500023,0.184579094,6.996689889111506,0.2355187508556592
2015-04-19,318.4791714,265.6333373,289.591671,0.002820833,88453.75,0.0,2.808333375,-1.137500017,0.184628348,6.963516639775006,0.2331993086789619
2015-04-20,319.6291714,271.8583374,291.4958377,0.002791667,88327.08333,0.0,1.54166669,1.066666683,0.184671551,6.610203734482643,0.204082266107131
2015-04-21,319.5250048,276.8375041,291.1833377,0.003333333,88191.25,0.0,1.283333352,3.237500048,0.184707694,6.580661907098636,0.2481764536832919
2015-04-22,322.7375048,272.1875041,291.1208377,0.003591667,88239.16667,0.0,0.583333342,3.954166726,0.184754533,6.358084153141862,0.2686198491033492
2015-04-23,317.9750047,291.5750043,292.066671,0.0052125,88315.41667,0.0,0.995833348,4.595833402,0.184800575,6.384223056577756,0.3675020697224839
2015-04-24,299.4083378,294.6916711,289.6333376,0.006025,88366.66667,0.0,3.016666712,2.975000044,0.184845374,5.243159851494781,0.496267216993642
2015-04-25,319.2000048,288.4250043,288.904171,0.005020833,88356.25,0.0,3.020833378,2.516666704,0.184890334,5.558624203636659,0.4334123079565026
2015-04-26,177.920836,325.4750048,288.041671,0.0059625,88070.41667,3.000000045,5.454166748,1.729166692,0.184935295,9.548422876262098,0.5425647610245801
2015-04-27,315.5750047,304.4291712,287.566671,0.0050625,88196.25,0.0,2.125000032,-2.258333367,0.184980255,11.451605214462578,0.4758445795885222
2015-04-28,323.0166715,290.4583377,290.3833377,0.004825,88637.08333,0.0,-3.233333382,0.525000008,0.185010589,10.411210249740602,0.3799303673177367
2015-04-29,329.5458382,281.3791709,291.2583377,0.003920833,88757.91667,0.0,-4.091666728,1.212500018,0.185054914,9.782027138177986,0.2923976122539892
2015-04-30,331.7958383,275.0083374,292.8875044,0.002895833,88542.08333,0.0,-2.183333366,1.437500021,0.185099874,9.086595167294512,0.1943969663354886
2015-05-01,320.9250048,289.9208377,293.991671,0.003033333,88407.91667,0.0,2.158333365,0.900000013,0.185159458,8.545849741496125,0.1897827378254235
2015-05-02,314.883338,303.7291712,293.0875044,0.004066667,88438.33333,0.600000009,2.945833377,0.629166676,0.185190427,10.032958651705853,0.2692815734231389
2015-05-03,326.2625049,309.8041713,292.504171,0.0055375,88351.25,0.300000004,1.791666693,2.787500042,0.185234752,10.158411951950852,0.3799625336293136
2015-05-04,322.8250048,316.033338,291.691671,0.006366667,88224.58333,0.0,1.616666691,3.183333381,0.185279713,9.184523543398017,0.4591616027046313
2015-05-05,330.5500049,305.8541712,289.8958377,0.005970833,88311.66667,0.70000001,3.533333386,1.98750003,0.185324673,10.094911459312405,0.4832828464820012
2015-05-06,334.262505,299.3583378,291.0500043,0.005829167,88300.83333,0.0,1.995833363,2.579166705,0.185369634,9.817891988535356,0.4382350730044089
2015-05-07,340.7208384,282.7708375,291.5250043,0.0045375,88146.66667,0.0,1.033333349,4.183333396,0.185414591,9.97606869876933,0.3304212030585327
2015-05-08,344.8416718,277.2833375,290.8958377,0.0045875,88150.83333,0.0,2.454166703,4.995833408,0.185459551,9.974548679575031,0.3476942605700892
2015-05-09,343.4333385,270.2166707,288.5625043,0.004445833,88442.91667,0.0,3.987500059,0.554166675,0.185504511,8.49100941654328,0.3927466534163685
2015-05-10,341.5500051,270.825004,287.3000043,0.004054167,88448.33333,0.0,2.341666702,-1.650000025,0.185534849,7.599885031639576,0.388882473688465
2015-05-11,319.9458381,269.362504,288.3250043,0.002920833,88543.33333,0.0,-0.491666674,-0.200000003,0.18557917,6.96522689480449,0.2623330987550953
2015-05-12,173.2541692,320.2750048,290.9125043,0.0036875,88554.58333,0.0,-0.541666675,4.220833396,0.185638754,5.532786927098518,0.2804641748265683
2015-05-13,323.7208382,321.6125048,288.5708376,0.005979167,88665.83333,0.0,-0.141666669,4.070833394,0.185673763,7.154021113904768,0.529247264129035
2015-05-14,316.3666714,312.8791713,291.1625043,0.006191667,88359.58333,0.0,1.383333354,5.879166754,0.185713537,7.536799002127297,0.4624792871075332
2015-05-15,185.8750028,320.3291714,290.566671,0.006379167,88304.58333,0.0,2.541666705,5.83333342,0.185759941,4.753748805627902,0.4945993433847988
2015-05-16,327.7708382,333.200005,289.366671,0.006833333,88288.33333,0.100000001,4.287500064,1.562500023,0.185797527,6.625840883260071,0.57208356598785
2015-05-17,328.4291716,304.3416712,290.2500043,0.005270833,88656.25,0.0,1.137500017,0.291666671,0.18584701,6.052359185344365,0.4186803670699974
2015-05-18,341.5458384,304.5500045,292.6958377,0.005125,88578.75,0.0,0.245833337,3.716666722,0.18588452,7.0253460239203935,0.3483451630031697
2015-05-19,353.5041719,282.4750042,292.1375044,0.0042125,88535.83333,0.0,2.316666701,1.691666692,0.185921712,6.67558600014946,0.2964125318700779
2015-05-20,343.6750051,280.1333375,291.6125043,0.003320833,88556.25,0.0,1.000000015,1.59166669,0.18597357,6.227719246621997,0.2416048014647009
2015-05-21,314.1375047,312.2000047,293.4208377,0.004954167,88394.58333,0.0,-0.154166669,5.008333408,0.186018976,7.393092601789644,0.3211278994205224
2015-05-22,348.9791719,281.8250042,291.3583377,0.004783333,88460.41667,0.0,1.137500017,4.975000074,0.186058198,7.209381598649849,0.3532747050481599
2015-05-23,352.9250053,272.2833374,288.9250043,0.004066667,88524.16667,0.0,2.941666711,1.33750002,0.186096346,6.39050416138681,0.3512397276769664
2015-05-24,349.2833385,280.4250042,289.5250043,0.0040875,88516.66667,0.0,2.854166709,0.945833347,0.186139401,6.625454162982556,0.3396088242768594
2015-05-25,346.8416718,299.8375045,291.904171,0.004925,88480.0,1.500000022,2.995833378,0.404166673,0.186190315,10.462256076968458,0.3514652255566683
2015-05-26,345.3583385,297.2791711,293.4958377,0.004358333,88565.83333,0.0,1.491666689,1.150000017,0.186228161,9.76700283509778,0.2817320909508119
2015-05-27,335.887505,294.7541711,295.0125044,0.003441667,88582.08333,0.0,1.258333352,2.079166698,0.18628001,8.966510538245382,0.2025468824045629
2015-05-28,351.3416719,293.704171,294.4333377,0.0031375,88708.75,0.0,1.829166694,0.125000002,0.186317817,8.774601989066003,0.1916457777306999
2015-05-29,349.2125052,305.0791712,295.5791711,0.0034125,88677.08333,0.0,1.900000028,-0.529166675,0.186354967,8.662679403050408,0.1941598446751694
2015-05-30,347.6166718,314.0875047,296.4541711,0.0037,88651.66667,0.0,1.408333354,-0.350000005,0.186406802,8.441391575498011,0.199490849699724
2015-05-31,343.8291718,319.7750048,296.7291711,0.003695833,88630.83333,0.0,0.104166668,-0.125000002,0.186444638,8.576667618514389,0.1959113367952698
2015-06-01,336.550005,325.3875048,297.9291711,0.0040875,88668.75,0.0,2.887500043,0.062500001,0.186481848,8.09931504569583,0.2015756493926527
2015-06-02,341.6583384,302.3000045,297.9875044,0.003191667,88651.66667,0.0,3.791666723,-0.333333338,0.186519034,7.758557938717159,0.1568150654270244
2015-06-03,345.7000052,306.9416712,298.6416711,0.003666667,88407.91667,0.0,3.125000047,-1.10833335,0.186570843,7.687364569120898,0.172732859161288
2015-06-04,297.4291711,314.0666713,297.6416711,0.003070833,88357.08333,0.0,2.925000044,0.875000013,0.186608522,6.888417346694566,0.1535466342173838
2015-06-05,228.7500034,377.570839,299.1208378,0.006958333,88426.25,0.0,1.441666688,2.570833372,0.186644174,6.695322189925872,0.3186021003560174
2015-06-06,306.4291712,370.3833389,299.8708378,0.007266666,88420.0,0.0,1.983333363,3.38750005,0.186694388,8.717739058389082,0.3181646785828496
2015-06-07,287.741671,354.2958386,299.5083378,0.006666666,88532.5,0.0,2.145833365,1.908333362,0.186745242,7.592978150891095,0.2986335171923808
2015-06-08,206.4000031,394.4083392,299.4333378,0.0068375,88637.91667,0.70000001,0.43333334,0.870833346,0.186781469,7.682503596121819,0.3080235806524939
2015-06-09,231.2500034,397.4208393,297.7041711,0.0103,88479.16667,5.200000077,-0.479166674,2.716666707,0.186817061,39.4017074249603,0.5137856294315869
2015-06-10,326.1250049,384.4625057,299.3125045,0.012883333,88331.66667,0.0,2.262500034,1.32500002,0.186867279,27.88672621015745,0.582558537766068
2015-06-11,332.8583383,364.6625054,298.7208378,0.0114,88164.58333,0.0,3.354166717,-0.925000014,0.186903506,18.432353925770443,0.5330294735007522
2015-06-12,337.6333384,344.5291718,298.1875044,0.007866666,88226.25,0.0,3.13333338,-0.845833346,0.186953721,15.14988573809683,0.3800525111924351
2015-06-13,339.8291717,332.987505,299.0000045,0.005804167,88212.91667,0.0,2.145833365,1.975000029,0.187004574,12.931794740348234,0.2670358664239104
2015-06-14,337.875005,329.9666716,298.6208378,0.005158333,88254.58333,0.0,2.645833373,0.383333339,0.187040802,11.271891998122888,0.2428853512786536
2015-06-15,336.137505,341.9416718,299.9083378,0.005733333,88414.16667,0.0,2.558333371,-0.525000008,0.187076393,10.390633167226502,0.2504542397783197
2015-06-16,332.287505,361.1750054,301.0041712,0.006216667,88520.0,0.0,0.66250001,-1.683333358,0.187167306,9.958681460566416,0.2548384864680184
2015-06-17,330.0125049,364.3750054,302.3500045,0.005941667,88499.58333,0.0,0.895833347,-2.295833368,0.187246002,8.312604784890837,0.2250515732361248
2015-06-18,336.9208384,352.6166719,302.7750045,0.005154167,88510.83333,0.0,2.666666706,-3.304166716,0.187324065,6.618979367650361,0.1904798023410661
2015-06-19,339.5666717,344.4291718,302.4416712,0.004916667,88487.5,0.0,2.787500042,-2.587500039,0.187402125,6.557967187278281,0.1852107458476347
2015-06-20,342.0916718,335.387505,302.2083378,0.004408333,88422.08333,0.0,3.533333386,-0.529166675,0.187494808,6.197561402264408,0.1682111616743374
2015-06-21,335.700005,356.7000053,302.5791712,0.007129166,88596.66667,0.0,3.704166722,-0.158333336,0.187573503,7.690965444988079,0.2667435866407077
2015-06-22,333.425005,370.9083389,303.1875045,0.008270833,88625.0,0.0,4.245833397,-2.279166701,0.187651563,8.036310931739981,0.2988200013740955
2015-06-23,333.5791716,370.5666722,302.3041712,0.007066666,88593.75,0.400000006,3.254166715,-2.945833377,0.187744246,9.10718242274637,0.2686645086643446
2015-06-24,288.5000043,372.4958389,301.5708378,0.006520833,88502.08333,1.600000024,-0.479166674,-0.970833348,0.187822945,15.23025498190268,0.2585032486044285
2015-06-25,304.5458379,382.6125057,301.8125045,0.0082375,88528.33333,0.300000004,1.537500023,-1.641666691,0.187901005,14.327733385093396,0.3220628815671412
2015-06-26,318.8666714,385.4000057,302.0416712,0.008966666,88559.16667,9.000000134,2.333333368,-1.025000015,0.187993688,106.171649627258,0.3460264360129623
2015-06-27,316.9000047,391.0916725,302.0458378,0.009354166,88575.0,4.500000067,-0.362500005,-0.900000013,0.188072383,80.2770546890023,0.3609568671857108
2015-06-28,301.6083378,386.5208391,301.4166712,0.008766666,88499.58333,0.0,-2.491666704,1.56666669,0.188150443,50.30046914441704,0.3506808235817814
2015-06-29,313.4166713,400.787506,301.9916712,0.009679166,88540.83333,0.0,1.562500023,-1.458333355,0.188228503,29.33360199453209,0.3745371261168105
2015-06-30,314.058338,405.4083394,303.0000045,0.011483333,88599.16667,2.600000039,1.283333352,-1.595833357,0.188321188,44.46318963170405,0.4192957135041205
2015-07-01,264.8916706,398.2041726,302.3458378,0.012029166,88582.08333,4.300000064,2.179166699,-1.954166696,0.188399885,62.73814678274274,0.4561622876447223
2015-07-02,302.1416712,383.6250057,300.8375045,0.012195833,88570.83333,0.0,3.550000053,-1.920833362,0.188477944,31.985105552053717,0.5051635038124763
2015-07-03,294.8958377,394.8291726,301.2708378,0.010975,88465.0,0.400000006,2.770833375,-1.625000024,0.188570627,25.337942051863312,0.4426201670019034
2015-07-04,253.5125038,393.8375059,301.9291712,0.010141666,88402.91667,1.600000024,1.612500024,-1.879166695,0.1886347,27.787911348135687,0.3932562267971533
2015-07-05,232.8333368,399.9333393,300.5250045,0.011079166,88599.16667,9.100000136,2.504166704,-1.504166689,0.188726746,99.13033012231264,0.4676011466584073
2015-07-06,264.4041706,390.6541725,300.1541711,0.0123875,88850.41667,6.7000001,3.316666716,-0.43333334,0.188805442,118.73609797357416,0.535933392494239
2015-07-07,249.9166704,384.5375057,300.1708378,0.012291666,88726.25,4.100000061,3.195833381,-0.991666681,0.188898128,95.30936975461762,0.5305199492836068
2015-07-08,290.2000043,375.1416723,300.3333378,0.010579166,88545.41667,0.0,2.766666708,1.666666692,0.188976824,56.89940496866444,0.45131319798992
2015-07-09,293.991671,376.0041723,300.9208378,0.0114,88437.08333,0.0,2.075000031,4.4458334,0.189054884,29.544427594883864,0.4691767442608723
2015-07-10,294.6916711,373.5375056,299.6875045,0.011395833,88575.83333,0.0,0.820833346,3.766666723,0.189147566,17.888403119996568,0.5053107978195083
2015-07-11,300.5375045,378.1791723,299.9750045,0.011408333,88670.83333,0.0,0.545833341,3.025000045,0.189226262,14.338671758855698,0.497833485074433
2015-07-12,261.9541706,391.9416725,302.2875045,0.0104125,88832.91667,0.800000012,1.033333349,0.295833338,0.189304322,16.348259744582034,0.3973228577230734
2015-07-13,262.2041706,387.7875058,301.8875045,0.009979166,88730.83333,1.900000028,1.620833357,-1.745833359,0.189397008,24.58904357925674,0.3893377559565629
2015-07-14,259.7416705,387.6708391,301.1333378,0.009775,88583.33333,6.000000089,2.2541667,-1.283333352,0.189475704,72.8037024097659,0.3979551076331595
2015-07-15,288.2708376,377.283339,299.3041711,0.0095375,88555.41667,4.900000073,1.841666694,-0.900000013,0.189553763,82.64765251668334,0.4325740039702411
2015-07-16,277.3625041,370.5291722,299.6875045,0.008908333,88666.66667,0.100000001,2.087500031,-1.754166693,0.18938008,45.29146470622404,0.3954158559683382
2015-07-17,206.9541698,390.6833392,299.5541711,0.0088875,88688.33333,1.800000027,1.158333351,0.816666679,0.189195451,32.863714614940335,0.3977299039006019
2015-07-18,225.06667,386.1083391,300.4250045,0.012075,88693.75,13.00000019,3.208333381,-0.291666671,0.189010821,134.93331384985788,0.513199167703808
2015-07-19,254.8500038,382.7791724,298.3208378,0.0124625,88967.08333,11.70000017,2.970833378,-0.708333344,0.188826192,136.3909854810726,0.6022940307718501
2015-07-20,269.700004,382.8000057,299.1583378,0.012133333,88877.08333,9.300000139,3.066666712,-1.929166695,0.188641563,156.87332162992712,0.5571340395482536
2015-07-21,292.1375044,379.5541723,300.2458378,0.012283333,88582.91667,0.500000007,2.783333375,-1.379166687,0.188456934,75.34397614474119,0.5269579295839575
2015-07-22,268.237504,378.8375056,300.7791711,0.011279166,88530.0,0.200000003,3.020833378,-0.050000001,0.188257682,39.66706625733711,0.4685876205292599
2015-07-23,221.2250033,397.2750059,300.0000045,0.011454166,88674.16667,0.600000009,2.558333371,-1.029166682,0.188087044,25.96673081151046,0.4991115266121621
2015-07-24,266.162504,390.1000058,298.5291711,0.011283333,88895.41667,6.200000092,2.812500042,-2.054166697,0.18790305,82.26319151206845,0.5380948039501771
2015-07-25,290.429171,391.0583392,301.4833378,0.010716666,88759.16667,1.400000021,2.500000037,-2.183333366,0.187722468,60.8603638839594,0.4282630085448418
2015-07-26,286.1458376,367.6333388,302.1458378,0.007633333,88516.66667,0.0,2.729166707,-2.158333365,0.187541519,29.393647698669785,0.2926460864234766
2015-07-27,293.3500044,378.9541723,302.1958378,0.009320833,88486.66667,0.0,2.737500041,-0.875000013,0.187345891,19.499872252955477,0.3561795112513601
2015-07-28,260.2250039,390.5375058,301.7791712,0.010841666,88606.66667,0.0,2.633333373,-0.854166679,0.187149651,13.574412304577749,0.4250817918488003
2015-07-29,252.0375038,399.9833393,301.0041712,0.010895833,88718.33333,0.800000012,1.900000028,0.404166673,0.18696802,15.786101657706665,0.4476512688568279
2015-07-30,283.6208376,381.3166723,300.5708378,0.010675,88869.16667,5.600000083,0.766666678,-0.075000001,0.186787027,51.304605509303386,0.4506942288772132
2015-07-31,261.9666706,382.5625057,300.2500045,0.00915,88878.75,1.800000027,-1.204166685,-1.241666685,0.186606038,47.23668089454424,0.3937509675471104
2015-08-01,254.3375038,388.6208391,300.3375045,0.010254166,88735.0,10.10000015,-0.708333344,1.57916669,0.186425031,105.8711955409682,0.4382770644254138
2015-08-02,277.7875041,390.2916725,300.6916711,0.011454166,88582.91667,0.600000009,2.304166701,-1.200000018,0.186229408,79.31163016476869,0.478606321759769
2015-08-03,290.966671,373.6375056,300.6375045,0.009958333,88568.75,5.300000079,2.295833368,-1.837500027,0.186047771,101.44974756431758,0.4173693554273577
2015-08-04,302.7500045,362.0916721,300.5458378,0.008679166,88622.08333,0.0,2.429166703,-2.287500034,0.185866805,50.84695395314365,0.365952131444358
2015-08-05,298.0916711,361.6291721,301.1416712,0.008179166,88782.5,0.0,2.466666703,-2.945833377,0.185685792,27.870555790012165,0.3335714334761847
2015-08-06,281.1875042,381.7875057,301.0166712,0.009320833,88751.66667,0.0,2.829166709,-1.725000026,0.185504834,19.15630780782036,0.3828050748416035
2015-08-07,291.704171,389.2833391,301.4041712,0.0114,88624.16667,0.100000001,2.650000039,0.804166679,0.185309197,16.557297693897205,0.4569955225872145
2015-08-08,277.0458375,399.0500059,299.8416711,0.012233333,88612.5,12.20000018,2.391666702,0.529166675,0.185127564,120.53355860928517,0.5377225632899844
2015-08-09,226.5750034,391.9750058,300.4166711,0.012879166,88727.08333,0.0,1.908333362,-0.379166672,0.184946571,47.3752504252993,0.5478526076101605
2015-08-10,247.4625037,396.2208392,299.8250045,0.01165,88720.41667,1.300000019,1.845833361,-0.475000007,0.184750976,45.90766559429991,0.5132132770495069
2015-08-11,269.6583374,389.1166725,299.6041711,0.011945833,88637.91667,6.200000092,0.158333336,0.462500007,0.184569346,68.07701333018815,0.5327039002831746
2015-08-12,290.3833377,374.4708389,299.7208378,0.0092625,88780.83333,5.000000075,-1.879166695,1.529166689,0.184373709,105.36716769422252,0.4108506902467281
2015-08-13,296.8333378,354.7125053,301.1916712,0.007704166,88865.0,0.0,-1.766666693,0.950000014,0.184192065,53.02076726617159,0.3135682550295958
2015-08-14,293.2833377,370.5250055,301.7708378,0.008316666,88863.33333,0.0,0.041666667,0.637500009,0.184011116,31.03693202382301,0.3271852793206253
2015-08-15,288.1000043,382.5750057,303.1000045,0.009475,88785.0,0.0,1.787500027,-1.141666684,0.183830109,23.21495305219426,0.3446864378437197
2015-08-16,285.7041709,391.8125058,303.4666712,0.010604166,88688.75,0.0,2.400000036,-2.320833368,0.183789871,18.05616693226621,0.3772558300281553
2015-08-17,282.3166709,394.4500059,302.7625045,0.013095833,88678.33333,0.400000006,3.533333386,-1.691666692,0.183755737,16.810439699914802,0.4852438214590205
2015-08-18,288.7458376,388.4375058,302.3166712,0.013229166,88557.08333,0.0,3.954166726,-0.291666671,0.183721577,14.580312562272669,0.5023795817767367
2015-08-19,289.191671,374.1833389,301.7000045,0.0121,88472.5,0.0,3.77083339,-0.262500004,0.183672817,12.908507397630157,0.4759008942238156
2015-08-20,241.8708369,382.9500057,301.7750045,0.0126375,88489.58333,1.300000019,3.012500045,-0.050000001,0.183638032,14.997808565099003,0.4949590901460311
2015-08-21,275.4166708,385.4416724,300.1166711,0.013341666,88542.91667,0.200000003,3.070833379,1.633333358,0.18361852,14.623347477743824,0.5764964721489046
2015-08-22,221.7708366,387.1916724,300.4708378,0.013425,88635.41667,8.500000127,2.887500043,0.47083334,0.183570385,70.416793044754,0.5686573054078627
2015-08-23,259.2000039,381.0041723,299.2791711,0.012504166,88742.5,0.400000006,3.212500048,-0.975000015,0.183535608,48.43622951876904,0.5691734883159312
2015-08-24,258.7500039,382.4250057,299.9125045,0.010620833,88786.25,0.200000003,0.520833341,-1.475000022,0.183501478,30.969767013085097,0.4657965209153255
2015-08-25,246.5166703,383.8791724,299.0583378,0.0104875,88743.33333,1.800000027,-0.991666681,2.783333375,0.18346732,34.725862397147125,0.4837169146050478
2015-08-26,253.9000038,383.533339,299.6708378,0.0107375,88912.91667,5.800000086,-1.241666685,0.787500012,0.183433179,64.33676966888025,0.478404998727353
2015-08-27,261.7083372,373.9666722,300.1458378,0.009679166,88883.33333,0.800000012,-0.616666676,0.575000009,0.183399045,42.5371798225569,0.4191219358151085
2015-08-28,272.7333374,377.8166723,300.1041711,0.010325,88656.25,0.0,1.087500016,-1.800000027,0.183364885,33.19085629185535,0.4470477771950355
2015-08-29,248.8916704,377.4125056,300.5791711,0.00965,88650.41667,0.900000013,1.395833354,-0.24166667,0.183330713,26.483269830810293,0.4062163062716398
2015-08-30,253.7250038,382.6375057,301.7166712,0.011254166,88660.83333,0.0,2.045833364,-0.595833342,0.18329656,19.645429836481043,0.4431432461207431
2015-08-31,248.5166704,381.345839,300.5916711,0.011629166,88613.33333,0.800000012,2.67500004,0.079166668,0.183262497,19.205590879958592,0.4889633464991528
2015-09-01,256.0333371,377.2791723,299.3666711,0.011654166,88731.25,0.200000003,2.225000033,-0.21666667,0.183213766,16.048384939527306,0.5276552075075803
2015-09-02,217.6083366,386.6125058,299.8250045,0.011791666,88750.0,2.100000031,2.079166698,-0.412500006,0.183178975,22.810117132640023,0.5196272476667514
2015-09-03,220.3958366,378.920839,298.1916711,0.011454166,88637.08333,1.900000028,2.008333363,0.195833336,0.183144805,26.973562093947915,0.5558084784727699
2015-09-04,194.7500029,373.9958389,296.1708377,0.011741666,88505.83333,1.600000024,1.82083336,-0.058333334,0.18311067,23.629976313475936,0.6430495499004039
2015-09-05,237.6208369,381.0166723,295.9583377,0.011220833,88654.58333,5.500000082,1.266666686,1.058333349,0.183076553,59.62176849487141,0.6236073886295121
2015-09-06,268.562504,362.0416721,296.6333378,0.0102875,88853.75,0.0,1.10833335,-0.983333348,0.183042393,39.56305044662015,0.549895823972358
2015-09-07,255.6083371,376.0666723,298.5750044,0.0102625,88676.66667,0.300000004,1.616666691,-1.620833357,0.18300824,30.00530994662187,0.4868673743623077
2015-09-08,207.6125031,381.2291723,298.9000045,0.0110125,88697.5,0.0,3.020833378,-0.754166678,0.182974096,17.007755181522825,0.5124974800954459
2015-09-09,203.1208364,382.6250057,297.8500044,0.0114625,88700.0,0.0,2.408333369,1.10833335,0.182939988,12.443996413818043,0.568179206560488
2015-09-10,178.8125027,395.4875059,297.1000044,0.010954166,88595.41667,0.0,2.195833366,-1.045833349,0.182891193,9.880861079305,0.5675069870133929
2015-09-11,246.170837,383.083339,296.7333378,0.010466666,88624.16667,0.0,2.412500036,-1.262500019,0.182871077,10.561695969459509,0.5546421403589212
2015-09-12,260.8375039,369.7458388,298.7083378,0.010870833,88713.75,10.70000016,0.787500012,-0.008333333,0.182822954,71.72829708437662,0.5118364070248324
2015-09-13,201.6166697,363.7291721,298.8583378,0.009041666,88435.83333,0.0,1.56666669,1.000000015,0.182788182,41.28264646437604,0.4205850220562816
2015-09-14,257.4166705,366.9666721,297.8666711,0.011179166,88494.16667,0.0,2.587500039,1.800000027,0.182754041,34.66386854223644,0.5522935400279321
2015-09-15,258.8416705,365.5000054,298.2083378,0.012770833,88613.75,0.0,2.400000036,3.79583339,0.182719892,19.80948274448201,0.6189153698067985
2015-09-16,257.7791705,372.0750055,298.1750044,0.0132,88699.58333,0.0,2.041666697,3.316666716,0.182578547,14.760612446626617,0.6416188513440771
2015-09-17,255.2250038,358.4458387,297.7333378,0.011695833,88644.16667,0.0,1.862500028,2.462500037,0.182447174,12.103626237809554,0.5834725298606005
2015-09-18,243.6375036,359.4375054,297.5500044,0.0101875,88570.83333,0.0,2.250000034,0.437500007,0.182301789,10.783743976481372,0.5134597586103729
2015-09-19,186.3625028,378.795839,298.9208378,0.011183333,88539.58333,6.900000103,2.70000004,-0.529166675,0.182155766,50.050861899714704,0.5188740808189997
2015-09-20,228.0708367,358.379172,295.8666711,0.010054166,88592.91667,0.300000004,0.270833337,1.183333351,0.182009754,30.41714697012467,0.5615219473525667
2015-09-21,100.1958348,374.0125056,294.8833377,0.0121625,88512.91667,17.40000026,-1.700000025,3.904166725,0.18186376,66.19526484030536,0.7209408634279006
2015-09-22,194.1125029,376.4958389,295.1166711,0.0142125,88567.08333,7.900000118,-0.004166667,3.308333383,0.181717753,87.33493809042916,0.8309337540534057
2015-09-23,241.9708369,344.6625051,293.629171,0.010820833,88632.5,3.100000046,0.358333339,-0.612500009,0.181586374,65.36744488743591,0.6942146837539931
2015-09-24,245.245837,349.3833385,297.1541711,0.009566666,88519.16667,0.0,-0.054166667,-1.604166691,0.181426399,58.31478141852676,0.4935738099219586
2015-09-25,246.858337,344.4875051,298.8875045,0.008641666,88635.0,0.0,-3.82083339,-0.333333338,0.18129437,52.29645541297205,0.402181337458379
2015-09-26,243.5250036,348.7041719,297.5625044,0.009429166,88680.41667,0.0,-3.816666724,1.833333361,0.181148964,26.84347356342348,0.4754676430314624
2015-09-27,243.4625036,326.9875049,297.5416711,0.006995833,88507.08333,0.0,-0.862500013,1.075000016,0.181005101,16.16072075525356,0.3525204144024643
2015-09-28,239.0541702,331.7083383,295.6500044,0.0077,88592.91667,0.0,2.900000043,-1.479166689,0.180862794,12.652041069260363,0.4357905552901111
2015-09-29,239.4833369,335.262505,296.3666711,0.007983333,88616.66667,0.0,1.900000028,-1.908333362,0.180717017,10.60132528433817,0.4325646704310308
2015-09-30,238.5125036,329.3958382,297.5166711,0.006391667,88553.33333,0.0,0.187500003,0.237500004,0.180575535,8.834782285304858,0.3227321251190837
2015-10-01,241.9083369,337.7916717,297.8666711,0.0065625,88689.16667,0.0,0.641666676,0.945833347,0.18042538,8.212530932432081,0.3249270032333957
2015-10-02,237.6791702,331.8833383,297.1791711,0.006658333,88455.0,0.0,2.087500031,1.458333355,0.180284246,7.567329292649168,0.3427550884717513
2015-10-03,240.0291702,339.5958384,298.3916711,0.009141666,87931.66667,0.0,1.800000027,3.195833381,0.18014464,7.571589331705121,0.4348073070628564
2015-10-04,216.7458366,362.4625054,296.9958378,0.011383333,87983.75,0.0,-0.666666677,4.804166738,0.18000215,6.867812119371632,0.5893827377657801
2015-10-05,197.8458363,345.0333385,295.4333377,0.0109875,88411.66667,0.0,-1.220833352,5.850000087,0.179852441,5.725669311152108,0.6288870236699057
2015-10-06,224.24167,335.3583383,292.8083377,0.00965,88837.08333,0.0,0.300000004,4.537500068,0.179712652,5.445872860340407,0.6531952720816778
2015-10-07,194.5458362,329.5375049,291.6833377,0.008833333,88799.58333,0.100000001,1.241666685,0.600000009,0.179558902,4.207248739576917,0.6415467030725539
2015-10-08,217.9791699,322.8000048,289.7833377,0.006733333,88715.83333,2.200000033,-0.275000004,-0.941666681,0.179433882,10.473242688563388,0.5514620189342668
2015-10-09,228.0333367,309.945838,291.716671,0.006579167,88705.83333,0.0,-3.987500059,-0.200000003,0.179280702,8.096201994733622,0.4763215003618972
2015-10-10,219.1125033,327.6000049,292.629171,0.007545833,88909.16667,0.0,-3.633333387,1.608333357,0.179131352,7.240754487290361,0.5169608225645967
2015-10-11,212.8541698,338.3791717,293.7583377,0.0080375,88840.0,0.0,1.191666684,-1.112500017,0.17898553,6.601275872867059,0.5127154666127381
2015-10-12,167.1000025,350.7333386,294.9416711,0.008608333,88740.0,0.0,3.212500048,-0.491666674,0.178854472,5.146416137548124,0.5097367195067924
2015-10-13,219.9291699,343.1500051,295.4708377,0.00935,88979.58333,0.0,2.595833372,-2.150000032,0.178709423,5.707900781865601,0.5373605097655398
2015-10-14,204.5458364,334.4166716,295.5541711,0.00765,88853.75,0.0,1.35000002,-1.79583336,0.178563742,4.766793362184509,0.4367962425143466
2015-10-15,196.7875029,342.1041718,296.3791711,0.00655,88657.5,0.300000004,1.925000029,-1.216666685,0.178410346,5.181622870976226,0.3547946563102123
2015-10-16,212.3958365,329.8166716,294.104171,0.006533333,88677.5,0.100000001,-3.045833379,3.083333379,0.17832416,5.242896462257548,0.407154838174679
2015-10-17,187.6416695,349.8875052,292.5875044,0.007079166,88674.58333,23.20000035,-2.716666707,1.991666696,0.178255534,112.78202985694766,0.484977504187351
2015-10-18,202.9833364,345.7375052,293.529171,0.008820833,88726.25,4.600000069,-0.641666676,3.041666712,0.178169361,76.2859775058311,0.5700443850058685
2015-10-19,211.0000031,337.8458384,293.9458377,0.010279166,88567.5,0.0,0.416666673,4.670833403,0.178096824,49.09534508173807,0.6461221082069049
2015-10-20,190.9875028,330.4250049,293.216671,0.009379166,88287.08333,0.0,0.133333335,5.470833415,0.178010292,26.07549612905479,0.6150081241461625
2015-10-21,193.4041695,333.8208383,289.916671,0.0072125,88332.91667,4.200000063,0.308333338,3.562500053,0.177937744,46.30254469519213,0.5831447071723144
2015-10-22,200.100003,320.1666714,287.8458376,0.006291667,88462.91667,0.500000007,0.520833341,0.850000013,0.177851211,24.24839014088945,0.5824544104168683
2015-10-23,208.1875031,283.7541709,286.9458376,0.006154167,88511.25,0.0,1.520833356,-1.37500002,0.177778662,14.306728440700349,0.604620958470697
2015-10-24,206.9958364,293.9583377,290.479171,0.006558333,88588.75,0.0,-1.54166669,-0.89166668,0.17769213,12.030792442912652,0.51298460243077
2015-10-25,202.0666697,306.4000046,291.541671,0.006770833,88771.25,0.0,-3.316666716,1.866666694,0.177619585,10.01348506528635,0.4960225108300046
2015-10-26,200.6583363,304.0000045,290.454171,0.005604167,88670.41667,0.0,-0.858333346,0.975000015,0.177533049,7.730463826202026,0.4394561559739436
2015-10-27,204.5041697,291.5000043,289.7125043,0.005429167,88696.25,0.0,2.66250004,0.154166669,0.177460504,5.721312989934472,0.4465795081117226
2015-10-28,180.6666694,300.4166711,291.054171,0.005495833,88663.33333,0.0,2.854166709,0.537500008,0.177373834,4.651613680834997,0.4147614386608449
2015-10-29,161.0500024,321.4333381,290.0500043,0.006120833,88154.16667,1.000000015,1.77083336,3.283333382,0.177292489,6.053450948260156,0.4896759780224128
2015-10-30,125.5833352,337.2958384,288.229171,0.006825,87905.0,4.800000072,3.275000049,1.400000021,0.177211453,23.187655248719437,0.6123665843601442
2015-10-31,196.7125029,281.1583375,285.3541709,0.006708333,88558.75,0.300000004,2.870833376,-2.358333368,0.177143184,12.76963443069944,0.7325803616308694
2015-11-01,191.3875029,267.250004,287.0708376,0.005070833,88925.83333,0.0,1.445833355,-1.012500015,0.177051918,9.835790416311454,0.4964309322627843
2015-11-02,192.1708362,261.5083372,288.316671,0.004666667,88556.25,0.0,1.308333353,0.175000003,0.176974247,7.170914165467559,0.4194224163780739
2015-11-03,182.6583361,282.8375042,291.516671,0.0058625,88263.75,0.0,0.437500007,5.450000081,0.176897215,7.867778038203548,0.4277005827101968
2015-11-04,179.4791693,297.0083378,287.6458376,0.006675,88467.5,0.200000003,3.191666714,4.087500061,0.176820183,4.760924305142686,0.6260927113142433
2015-11-05,186.9375028,265.675004,283.8375042,0.0051,88832.91667,0.0,2.362500035,0.533333341,0.176743148,3.2559597645666583,0.6183616494697591
2015-11-06,185.1000028,243.608337,283.9541709,0.0033375,88844.58333,0.0,-1.520833356,-0.383333339,0.176651494,2.7999038456557117,0.4015503018917819
2015-11-07,183.4166694,251.9875038,285.3625043,0.003570833,88803.33333,0.0,-2.541666705,-0.287500004,0.176588449,2.7154109247631792,0.3908114029452407
2015-11-08,181.2250027,258.8625039,284.8333376,0.004,88752.91667,0.0,-3.379166717,1.716666692,0.176497427,2.406166396045338,0.453243386006624
2015-11-09,178.6791693,259.0875039,287.0958376,0.004070833,88610.83333,0.0,-0.166666669,2.633333373,0.176419759,2.2435177213295585,0.396469100011952
2015-11-10,177.095836,258.1958372,285.8833376,0.003991667,88586.66667,0.0,2.291666701,3.583333387,0.176342728,2.0925877438075715,0.4209936820525226
2015-11-11,182.9000027,271.4291707,284.2541709,0.004383333,88912.91667,0.0,3.320833383,-2.275000034,0.17625107,1.766929830851061,0.5172510889069999
2015-11-12,179.0166693,218.4500033,281.5000042,0.002341667,88922.08333,0.0,-3.82083339,-0.275000004,0.176173402,1.2977511107060218,0.3331622657519646
2015-11-13,169.7750025,241.1875036,281.4666709,0.002154167,88690.0,0.0,-2.912500043,1.291666686,0.176096371,1.2613777445769632,0.3063859851460447
2015-11-14,162.0583357,281.1500042,284.6958376,0.004116667,88635.41667,0.0,0.145833336,3.054166712,0.176019336,1.316768353204994,0.4701468155761091
2015-11-15,120.3375018,332.6833383,285.9583376,0.007183333,88432.5,3.200000048,0.950000014,3.750000056,0.175942304,5.429181025868143,0.7525472307317117
2015-11-16,117.4791684,313.6750047,285.4708376,0.006816666,88081.25,3.700000055,4.91666674,4.820833405,0.175750641,17.059188859551266,0.7346753883980949
2015-11-17,171.1166692,241.5125036,279.6125042,0.003533333,88602.91667,0.0,5.275000079,-1.850000028,0.175539371,9.671451385420337,0.5707680826145841
2015-11-18,168.1041692,230.8208368,278.2250041,0.002829167,88633.33333,0.0,2.48333337,-2.029166697,0.175342088,5.989659779155999,0.5038875647834808
2015-11-19,169.6791692,231.0583368,280.8708375,0.002704167,88776.25,0.0,-1.704166692,-0.812500012,0.175130815,4.9011225604101245,0.4011028705603546
2015-11-20,167.3166692,238.9375036,283.1416709,0.002691667,88745.0,0.0,-1.154166684,1.200000018,0.174933532,4.164748741068622,0.3417223449721001
2015-11-21,164.5958358,248.8750037,284.3333376,0.003183333,88840.0,0.0,-1.479166689,-0.0125,0.174736885,3.3398357018028046,0.3733496436806086
2015-11-22,162.0958357,251.7541704,284.2666709,0.003566667,88830.41667,0.0,-3.675000055,1.029166682,0.174525615,2.787154716664724,0.4201380327478091
2015-11-23,142.3208355,271.2541707,284.2666709,0.0030875,88691.25,0.0,-1.975000029,1.637500024,0.174328333,2.3379460576456257,0.3631244374045509
2015-11-24,161.9750024,246.3375037,284.4833376,0.003179167,88600.83333,0.0,1.504166689,2.145833365,0.174131686,1.769247629507201,0.3681367857346111
2015-11-25,73.80833443,307.9583379,286.2416709,0.004245833,88340.41667,0.0,1.262500019,4.400000066,0.173935035,1.3510018556437355,0.4360949540658766
2015-11-26,50.20416741,356.9375053,285.7250043,0.008129166,88381.66667,8.000000119,0.362500005,5.304166746,0.173723765,17.866411216844284,0.864408739993181
2015-11-27,157.8250024,286.4541709,283.6458376,0.006329167,88418.33333,0.0,0.954166681,4.183333396,0.173526483,17.14582177004369,0.7737446566575227
2015-11-28,157.016669,248.1666704,280.3166708,0.004275,88494.16667,0.0,1.141666684,3.087500046,0.173329836,9.688423728405596,0.6567796195895971
2015-11-29,158.0958357,237.4833369,279.7291708,0.003820833,88647.08333,0.0,2.108333365,2.2416667,0.173118566,6.591490827196203,0.6125182081699796
2015-11-30,159.591669,214.7750032,278.0041708,0.002670833,88761.25,0.0,2.070833364,-0.145833336,0.172921283,4.286107838146757,0.4838576779484788
2015-12-01,164.5666691,206.9041697,277.2916708,0.001608333,88717.5,0.0,1.466666689,-0.679166677,0.17271001,3.656512283100654,0.3063084198280097
2015-12-02,164.6166691,203.537503,278.8375042,0.001545833,88974.16667,0.0,-1.479166689,-1.187500018,0.172512727,2.9880779302171616,0.2647240363139343
2015-12-03,163.3625024,206.2166697,279.0291708,0.001570833,88973.75,0.0,-3.462500052,1.008333348,0.17231608,2.7390610928852097,0.2654135431020034
2015-12-04,158.5458357,220.5083366,279.3666708,0.001766667,88950.0,0.0,-2.429166703,2.183333366,0.17210481,2.2010741700492384,0.2914595896826825
2015-12-05,156.6333357,234.4791702,283.0625042,0.002408333,89227.08333,0.0,-0.108333335,2.066666697,0.171907527,1.9251494151591413,0.3090656710495379
2015-12-06,159.1583357,233.9750035,284.9000042,0.0029,89576.25,0.0,-3.004166711,0.929166681,0.171710877,1.741567507767852,0.3301763717958103
2015-12-07,152.0625023,237.8916702,283.1583376,0.002716667,89249.16667,0.0,-3.266666715,0.925000014,0.171499607,1.3708036850228231,0.346464327253324
2015-12-08,157.8333357,222.15417,281.9833375,0.0023625,88960.41667,0.0,-0.262500004,0.262500004,0.171302324,0.6630438843597951,0.3253190755656809
2015-12-09,153.6125023,237.6541702,281.1500042,0.001966667,88830.41667,0.0,0.704166677,0.287500004,0.171105677,0.9326920726460504,0.2863270253441861
2015-12-10,154.6250023,245.7791703,283.6083376,0.002845833,88630.0,0.0,1.37500002,1.020833349,0.170894407,0.8849312127110163,0.3496211034490897
2015-12-11,144.2500021,262.3791706,286.2500043,0.004033333,88157.08333,0.0,2.837500042,3.870833391,0.170697125,0.9787586051287236,0.4131815811743978
2015-12-12,69.13333436,315.645838,282.4500042,0.005383333,87764.16667,7.100000106,4.691666737,3.620833387,0.172351874,18.521062718230404,0.7084005372728508
2015-12-13,153.2708356,258.2625038,280.1958375,0.004654167,88507.08333,0.200000003,5.137500077,-1.529166689,0.190882211,10.782991726238295,0.721153963710303
2015-12-14,110.333335,240.8916703,277.8333375,0.003554167,88188.33333,0.70000001,2.183333366,3.570833387,0.185725186,6.591388827852756,0.6475029906138957
2015-12-15,155.1250023,239.9333369,275.2416708,0.0032625,88143.33333,0.300000004,3.720833389,-0.533333341,0.180409216,6.152873301311033,0.7150418724462256
2015-12-16,157.3583357,188.6458361,271.9000041,0.001841667,88497.08333,0.0,0.929166681,-1.366666687,0.178528672,3.1500837460218785,0.5177846117660341
2015-12-17,156.6333357,194.1208362,272.7708374,0.002025,88860.83333,0.0,1.316666686,-1.35000002,0.176577293,2.604932596730222,0.5359464499042401
2015-12-18,153.9875023,215.8500032,276.1083374,0.001879167,88911.25,0.0,-2.512500037,0.358333339,0.174355071,3.240204470867013,0.3903013733394828
2015-12-19,133.0208353,240.6000036,277.9375041,0.001991667,88799.16667,0.0,-2.791666708,2.637500039,0.172178625,2.9824243999174507,0.3626763041264997
2015-12-20,152.5000023,252.0083371,279.4958375,0.003845833,88704.16667,0.0,2.533333371,3.241666715,0.170566118,1.991164086273664,0.6270404109441194
2015-12-21,151.0208356,241.2625036,278.6833375,0.004379167,88893.33333,0.0,1.441666688,0.65000001,0.169312189,1.3539828266495784,0.7574051117077235
2015-12-22,103.9333349,258.2625038,279.4666708,0.004208333,88198.33333,0.0,3.170833381,2.137500032,0.168620296,0.8784997301144191,0.6836213171850772
2015-12-23,113.820835,328.6083382,280.6916708,0.0057,87810.0,0.0,4.591666735,2.89166671,0.168018048,1.061721219553919,0.846675464735149
2015-12-24,148.4791689,296.7416711,282.4666709,0.0064125,88051.25,0.0,3.154166714,2.300000034,0.167670113,1.0958351831447437,0.8456299048973672
2015-12-25,151.6208356,255.5791705,282.6708375,0.005945833,88332.08333,0.0,2.329166701,3.14583338,0.167409916,0.7875773399132298,0.7757380995578451
2015-12-26,155.7833357,249.2916704,279.3375042,0.003970833,87945.83333,0.0,4.479166733,-1.712500026,0.17626621,0.857927216629004,0.6490222158201284
2015-12-27,142.8416688,249.2875037,276.0541708,0.002304167,88652.5,0.0,1.545833356,-4.22916673,0.180377021,0.800005782488058,0.4790399729107348
2015-12-28,154.304169,221.5208366,275.9333374,0.0027125,88452.08333,0.0,-1.662500025,0.925000014,0.174492053,0.5066429024839242,0.5675639227809531
2015-12-29,73.9625011,250.4250037,276.5708375,0.003179167,87966.66667,0.0,1.59166669,2.162500032,0.170665751,0.225417551472206,0.632005076146231
2015-12-30,156.366669,228.3625034,274.5791708,0.002854167,88476.66667,0.0,0.291666671,0.395833339,0.169353969,0.5168673734979727,0.6588086505903805
2015-12-31,151.1000023,234.4083368,277.5666708,0.0031,88355.41667,0.0,-1.720833359,1.816666694,0.169353969,0.3912254485161144,0.5766209347886182
2016-01-01,149.9708356,245.0666703,279.9291708,0.004291667,88378.33333,0.0,-1.637500024,2.504166704,0.166378818,0.3415769385307556,0.6764314054326497
2016-01-02,150.6250022,229.5916701,277.7458375,0.004066667,88726.25,0.0,-3.233333382,0.91666668,0.165670395,0.2182047592079966,0.7500203793706363
2016-01-03,127.3375019,247.6541704,277.9833375,0.0042125,88673.33333,0.0,-3.312500049,1.408333354,0.165255063,0.1951272884370045,0.7635187660039819
2016-01-04,98.83333481,292.741671,279.8500042,0.004933333,88159.16667,5.800000086,-2.275000034,2.966666711,0.164935739,8.166868061775652,0.7799222146758119
2016-01-05,97.08750145,298.0041711,278.5916708,0.0056875,88056.25,9.600000143,0.804166679,3.575000053,0.164672363,18.773280059795518,0.9807243588991188
2016-01-06,133.9583353,310.5125046,282.0750042,0.0055375,88004.16667,0.0,3.508333386,4.983333408,0.164408352,46.45231362368287,0.7496128318333456
2016-01-07,108.4708349,280.1291708,279.2583375,0.004541667,88000.0,3.800000057,3.504166719,4.204166729,0.164210462,34.207125483187085,0.7469022718366664
2016-01-08,65.57916764,300.6541711,276.4791708,0.004475,87750.0,6.200000092,4.358333398,1.729166692,0.172542235,23.65597714239523,0.8932575360504991
2016-01-09,155.4333356,264.4208373,276.5375041,0.004120833,88414.58333,0.100000001,2.729166707,-0.933333347,0.181731044,26.22963113976711,0.8253405608188732
2016-01-10,68.43333435,245.7291703,274.4166708,0.0037,88532.91667,0.0,1.283333352,-0.112500002,0.172858532,1.1156082688183344,0.8647527900990342
2016-01-11,158.3250024,259.6458372,277.2666708,0.003933333,88548.75,0.0,0.566666675,-1.966666696,0.167660846,18.20741734288377,0.7490115588122118
2016-01-12,162.1958358,206.6083364,276.3208375,0.003016667,88749.16667,0.0,-2.533333371,-0.466666674,0.165056518,10.41125838900514,0.6159587306480676
2016-01-13,162.9000024,209.6750031,277.1083375,0.0028875,88566.66667,0.0,-2.829166709,0.245833337,0.163694509,9.313309084686525,0.5561972583861383
2016-01-14,163.8000024,206.4291697,277.8166708,0.0025875,88277.5,0.0,1.208333351,0.637500009,0.162864651,5.663132000447904,0.4724276804415466
2016-01-15,152.0791689,226.3500034,278.9291708,0.002608333,88087.5,0.0,3.204166714,0.862500013,0.16233679,6.737394342706025,0.4393919040459743
2016-01-16,161.7958357,234.0416702,278.6875042,0.003620833,88378.75,0.0,2.887500043,-1.625000024,0.162399844,4.083365321989654,0.6224389443679218
2016-01-17,166.1083358,253.8500038,280.3708375,0.003733333,88606.25,0.0,1.779166693,-1.82083336,0.162561984,4.142052736760136,0.5721367478597287
2016-01-18,160.0416691,224.5083367,280.0791708,0.003133333,88772.08333,0.0,-0.562500008,-0.320833338,0.162756546,2.227188122728231,0.4909169387654702
2016-01-19,166.1625025,239.5458369,282.7583375,0.002795833,88624.16667,0.0,1.98750003,0.537500008,0.162944754,2.8930405166961304,0.3638016144598603
2016-01-20,167.2000025,244.5375036,282.6166709,0.003154167,88620.83333,0.0,2.808333375,-0.270833337,0.16313932,2.30193820123833,0.4143851620458594
2016-01-21,170.4291692,228.5125034,281.3416709,0.003441667,88827.5,0.0,0.645833343,-1.670833358,0.163345962,1.4703733525547011,0.4944933348547308
2016-01-22,172.7958359,216.4500032,280.4041708,0.002183333,88852.5,0.0,-3.083333379,0.616666676,0.163537984,1.3691738332765857,0.3347538516487691
2016-01-23,163.6416691,230.6958368,281.8416709,0.0023125,88495.83333,0.0,-1.354166687,2.120833365,0.16374399,1.2593438679625524,0.3198559614826627
2016-01-24,172.4833359,244.9125036,284.3208376,0.002204167,88043.33333,0.0,3.058333379,1.879166695,0.163936013,1.4982048789020064,0.2564072216529764
2016-01-25,168.5458358,223.8625033,279.0000042,0.0029375,88206.25,0.0,2.579166705,-0.616666676,0.164142023,0.6906237048388275,0.4930555431845925
2016-01-26,178.0291693,217.4333366,278.5541708,0.002666667,88505.0,0.0,-0.137500002,-2.604166705,0.164334042,0.6594662726930626,0.4633905142104654
2016-01-27,177.8041693,213.3333365,278.4291708,0.0020375,88929.16667,0.0,-2.983333378,-0.762500011,0.164540051,0.6788837028629948,0.3588989806983571
2016-01-28,177.6166693,220.5083366,279.2291708,0.002354167,88827.91667,0.0,-1.929166695,0.329166672,0.164746693,0.6568689603869835,0.3915960762071316
2016-01-29,182.4416694,220.2958366,281.3833375,0.002358333,88465.83333,0.0,-0.629166676,0.337500005,0.164938716,0.6816436916609616,0.3364971107886407
2016-01-30,176.8750026,239.0833369,283.6500042,0.002358333,88202.91667,0.0,2.045833364,1.525000023,0.165144722,0.9262528201789604,0.2875244646663978
2016-01-31,128.7541686,275.7875041,287.2791709,0.003370833,88044.58333,0.0,2.966666711,3.462500052,0.165336744,1.1246404852733554,0.3222994810473198
2016-02-01,88.61666799,305.3583379,282.6708375,0.004008333,87482.08333,6.200000092,6.158333425,5.370833413,0.184838129,22.058648029347445,0.5179249734941868
2016-02-02,184.0875027,257.2375038,275.8666708,0.002925,88055.0,0.0,6.912500103,-1.36250002,0.214122301,7.166123630939636,0.6122074015508322
2016-02-03,190.4625028,188.4875028,272.8875041,0.001829167,88634.58333,0.0,1.887500028,-1.595833357,0.20658066,3.740780950977904,0.4787447133308897
2016-02-04,188.2625028,195.5208362,275.0375041,0.001925,88971.66667,0.0,-2.925000044,-1.450000022,0.197722946,3.343022907222023,0.432205224884594
2016-02-05,192.6750029,207.1916698,276.8916708,0.001904167,88897.5,0.0,-3.179166714,-1.733333359,0.1892022,3.333470748817569,0.373882210699489
2016-02-06,193.8375029,209.8500031,279.1500042,0.0018375,89149.16667,0.0,-4.533333401,0.258333337,0.18039853,3.249480834643113,0.3084618934342121
2016-02-07,191.2291695,215.6458365,280.1041708,0.001775,88857.08333,0.0,-3.400000051,0.054166667,0.174124637,2.7972134171283205,0.2778827103246383
2016-02-08,193.6875029,233.6958368,283.0875042,0.00225,88888.75,0.0,-4.120833395,0.058333334,0.170272445,2.91262331036384,0.287164729158393
2016-02-09,194.6750029,235.5666702,284.0708376,0.002554167,88896.25,0.0,-4.075000061,0.129166669,0.168231594,2.5362473394897345,0.3050794532259582
2016-02-10,196.8500029,237.9666702,285.0166709,0.002516667,88943.75,0.0,-3.345833383,0.379166672,0.167696281,2.3003510241958387,0.282302529798787
2016-02-11,199.3291696,231.9208368,284.7208376,0.0024875,88812.5,0.0,-1.195833351,-0.179166669,0.167642892,1.7764138394997122,0.2841787345042133
2016-02-12,201.687503,229.5791701,285.6666709,0.0021875,88802.5,0.0,-1.479166689,-0.016666667,0.167764974,1.667303408714055,0.2346199697330461
2016-02-13,200.6791697,243.245837,286.9833376,0.002129167,88615.83333,0.0,-1.925000029,1.320833353,0.167943645,1.880914450320876,0.2089137212351091
2016-02-14,204.0333364,242.4666703,286.9625043,0.002420833,88320.0,0.0,2.475000037,-1.687500025,0.168137572,1.8417081715424957,0.237063094195535
2016-02-15,204.3291697,241.3458369,286.6291709,0.002358333,88268.75,0.0,0.129166669,-2.437500036,0.168329594,1.6438681239970077,0.2359239278328462
2016-02-16,205.8333364,247.245837,286.7166709,0.002895833,88245.41667,0.0,-1.129166683,-0.812500012,0.168664808,1.439571399847286,0.2879546794039332
2016-02-17,208.0333364,250.7625037,288.3625043,0.002829167,88210.41667,0.0,-1.708333359,2.437500036,0.16900628,1.7570708923430085,0.2525289257741336
2016-02-18,194.9916696,264.7000039,290.0750043,0.002920833,88176.66667,0.0,1.416666688,3.720833389,0.169347747,2.005050419253968,0.2333566423170336
2016-02-19,164.5333358,336.7208384,291.441671,0.0034875,88412.91667,0.0,2.141666699,0.754166678,0.169689218,2.074681507307252,0.2560756851638955
2016-02-20,179.2875027,291.0208377,288.3750043,0.003441667,88443.33333,0.0,1.233333352,0.829166679,0.170030686,1.478788412522007,0.3077613562686608
2016-02-21,211.5583365,277.9958375,289.4958376,0.003695833,88277.5,0.0,1.77083336,-1.254166685,0.170372157,1.7519931702202196,0.3068129418240097
2016-02-22,218.1291699,236.8125035,286.5166709,0.002791667,88044.58333,0.0,4.045833394,-2.045833364,0.170724534,1.804107570035701,0.2806369338033388
2016-02-23,219.8416699,237.2000035,285.9583376,0.002229167,88005.0,0.0,4.104166728,-3.641666721,0.171062885,2.0440089484002444,0.2324051845033826
2016-02-24,219.5500033,227.9708367,282.5166709,0.002366667,88590.0,0.0,-2.791666708,-0.529166675,0.171400577,1.2786986731896486,0.3129397766449507
2016-02-25,222.9208367,229.7708368,283.5833376,0.002491667,88541.66667,0.0,-3.691666722,0.154166669,0.171738264,1.4988396517964866,0.3063217405503479
2016-02-26,223.0208367,242.9625036,286.4375043,0.002291667,88661.66667,0.0,-3.308333383,0.800000012,0.172075985,1.799657804196862,0.2332022380064046
2016-02-27,224.1625033,247.320837,287.7458376,0.002333333,88484.16667,0.0,-0.870833346,0.683333344,0.172428372,1.340701997070286,0.2174755543708408
2016-02-28,226.06667,245.8791703,287.7458376,0.002225,88311.25,0.0,2.625000039,-0.100000001,0.172766785,1.7235547102207631,0.2069732434761605
2016-02-29,225.47917,250.4958371,287.604171,0.002358333,88407.08333,0.0,2.300000034,-0.991666681,0.173104511,1.6999414896586702,0.2216552000087478
2016-03-01,236.5708369,254.5583371,287.5958376,0.002908333,88569.58333,0.0,1.825000027,-1.462500022,0.17344215,1.7321807118540502,0.2740002364104881
2016-03-02,241.3166703,256.0083371,288.5958376,0.002833333,88517.08333,0.0,2.645833373,-0.620833343,0.173794448,1.9020755216794607,0.2499668874775742
2016-03-03,237.3541702,251.3333371,288.466671,0.002775,88496.66667,0.0,2.03750003,-0.404166673,0.174132801,1.661831665971768,0.2468231201813546
2016-03-04,241.2583369,243.9166703,288.7500043,0.002166667,88370.83333,0.0,1.854166694,1.275000019,0.174470548,1.7140844776613386,0.1889389253287251
2016-03-05,246.3791703,255.3958371,290.5625043,0.002016667,88265.0,0.0,1.195833351,3.220833381,0.174808351,2.237556064316266,0.1563307894073818
2016-03-06,185.8125028,301.9000045,291.0750043,0.002154167,88186.66667,0.0,2.425000036,2.87916671,0.175160655,2.1983933341208943,0.161483418965913
2016-03-07,233.8291702,268.175004,286.4875043,0.003058333,87711.66667,0.100000001,3.675000055,1.445833355,0.175499127,2.052759472607543,0.306870861069199
2016-03-08,209.8375031,288.879171,281.2625042,0.0043875,87331.66667,2.200000033,2.029166697,0.558333342,0.17794941,4.014943210783456,0.6231561548955069
2016-03-09,253.3291704,253.9791705,282.3125042,0.00415,87863.33333,0.300000004,1.825000027,-3.679166721,0.178531284,3.5524157037698454,0.5518686983071414
2016-03-10,256.0041705,248.583337,285.6833376,0.002845833,88309.58333,0.0,0.329166672,-2.425000036,0.177313852,4.272958025768734,0.3031996334076684
2016-03-11,256.9750038,247.083337,286.9375043,0.002504167,88401.66667,0.0,-0.854166679,1.883333361,0.177067336,3.9163136447343008,0.2458537879854433
2016-03-12,259.9291705,262.9250039,288.8125043,0.0032875,88145.0,0.0,4.270833397,1.812500027,0.17724363,3.995310519936568,0.2847913902734643
2016-03-13,263.7541706,239.6250036,284.5541709,0.002625,88387.08333,0.0,2.987500045,-0.250000004,0.177557314,2.8169533563496887,0.3017976133485159
2016-03-14,259.2291705,261.6500039,287.816671,0.002908333,88292.91667,0.0,3.154166714,0.554166675,0.177887994,3.168863455620156,0.2692347203182778
2016-03-15,266.287504,266.9666706,288.566671,0.004066667,88294.16667,0.0,1.525000023,-2.333333368,0.178232841,2.9548147358115107,0.358549882897505
2016-03-16,266.700004,259.0125039,288.2500043,0.002775,88195.41667,0.0,0.337500005,-1.837500027,0.178426302,2.773714355767148,0.2494687142921838
2016-03-17,269.4166707,256.9875038,289.0875043,0.002458333,88037.5,0.0,2.133333365,-0.004166667,0.178642424,2.7264226519006325,0.2089545240762947
2016-03-18,268.5291707,262.8500039,289.2250043,0.002666667,87967.91667,0.0,3.291666716,-0.841666679,0.178830574,2.84394822665434,0.2244826358422716
2016-03-19,270.787504,263.0666706,289.1750043,0.002775,88201.66667,0.0,2.2416667,-2.145833365,0.179032073,2.70346295434433,0.2349796757294152
2016-03-20,274.2125041,259.2958372,289.016671,0.002795833,88388.33333,0.0,-0.383333339,-1.558333357,0.179234207,2.3732819641548,0.2396825526744875
2016-03-21,275.3875041,265.812504,290.3750043,0.003075,88480.0,0.0,-1.212500018,0.770833345,0.179436345,2.3739439591644604,0.2418314480692396
2016-03-22,279.9875042,263.3583373,292.254171,0.002408333,88095.0,0.0,4.375000065,1.970833363,0.17963848,3.150979822748214,0.1673836486166258
2016-03-23,282.7041709,248.008337,288.5500043,0.0024,88027.91667,0.0,5.045833409,-1.129166683,0.179840617,2.7864569356097686,0.2111932182470633
2016-03-24,286.1250043,219.7250033,283.8333376,0.00125,88387.08333,0.0,-0.141666669,-2.02500003,0.180028129,1.8135547615268488,0.1508409067347516
2016-03-25,284.1458376,238.4833369,286.2583376,0.0017,87923.75,0.0,3.366666717,-1.983333363,0.18024425,2.345890221910911,0.1735944170472148
2016-03-26,284.5833376,249.4125037,288.429171,0.001895833,87779.16667,0.0,3.616666721,0.504166674,0.180432401,2.5132027619442323,0.1676657724784077
2016-03-27,284.7750042,260.5791705,288.9708376,0.00265,88292.08333,0.0,1.945833362,1.320833353,0.180633899,2.299655663436148,0.2276062152334115
2016-03-28,284.1250042,269.287504,289.654171,0.003170833,88063.75,0.0,2.350000035,3.329166716,0.180836037,2.6445695978462056,0.2599315299251264
2016-03-29,279.3041708,272.4416707,289.5625043,0.004220833,87639.16667,0.0,3.679166721,6.083333424,0.181038172,2.901043257787051,0.3463735911915625
2016-03-30,236.7000035,292.1208377,284.7166709,0.004104167,87734.58333,0.0,3.829166724,1.816666694,0.181240309,1.8493962994309812,0.4633095338877544
2016-03-31,151.8708356,310.4166713,281.5166709,0.003183333,87827.91667,0.0,3.345833383,-0.270833337,0.181443715,1.1488630946345448,0.446826456674981
2016-04-01,290.6500043,248.158337,282.0708375,0.002883333,88221.25,0.0,3.637500054,-1.979166696,0.181640128,1.744935412081133,0.3913917616963501
2016-04-02,297.6375044,251.4666704,285.0750042,0.003129167,88675.83333,0.0,-1.425000021,-1.083333349,0.181831457,1.924752639454126,0.3485924899238107
2016-04-03,302.9375045,249.1375037,287.1583376,0.002358333,88596.66667,0.0,-2.854166709,0.995833348,0.182033592,2.279326969223892,0.2287080805921096
2016-04-04,301.4791712,258.1041705,290.0333377,0.002375,88504.16667,0.0,0.391666673,0.108333335,0.182235729,1.925324077860904,0.1909618461283208
2016-04-05,298.0541711,270.0916707,292.529171,0.002491667,88527.91667,0.0,1.825000027,-1.550000023,0.182437864,2.4818912763989416,0.171041787983587
2016-04-06,305.4000046,266.150004,292.9125044,0.002370833,88621.25,0.0,-0.437500007,-2.154166699,0.182639998,2.4554992578940515,0.159046735338774
2016-04-07,188.6208361,335.0541717,294.9958377,0.00275,88250.83333,0.0,-0.175000003,0.850000013,0.182842136,1.7225070198850845,0.1614018479737037
2016-04-08,238.3666702,333.612505,290.6875043,0.00755,88117.08333,0.800000012,0.566666675,3.791666723,0.183041781,3.3940368598543027,0.5796501910411708
2016-04-09,301.1541712,284.2625042,288.891671,0.005145833,88153.33333,0.100000001,0.795833345,3.37500005,0.183231785,3.834855135414573,0.4435408979482437
2016-04-10,205.2041697,295.8125044,288.579171,0.003916667,87929.58333,1.000000015,2.66250004,3.112500046,0.183447907,4.560662328872494,0.3436201799959233
2016-04-11,294.9208377,291.4833377,284.3625042,0.005679167,88293.33333,0.500000007,1.562500023,1.279166686,0.183636588,5.712971079749517,0.660675360529054
2016-04-12,257.2791705,305.0833379,288.204171,0.0062375,88362.5,1.000000015,2.045833364,-1.233333352,0.183839673,7.955372041385838,0.5634815901640167
2016-04-13,308.9375046,275.7166708,287.904171,0.004716667,88500.0,0.0,1.200000018,-1.825000027,0.184043064,7.638268764841168,0.4351728395829777
2016-04-14,311.8750046,275.0041708,290.829171,0.0039875,88064.16667,0.0,1.32500002,-0.300000004,0.184237564,7.892722822588858,0.3032064007646718
2016-04-15,314.3541714,279.5750042,292.7833377,0.0037125,87472.08333,0.0,3.920833392,2.600000039,0.184439973,7.460296668414483,0.2478210683698719
2016-04-16,316.0416714,257.4083372,287.716671,0.002854167,87659.58333,0.0,5.687500085,-1.158333351,0.184480139,5.826525085323537,0.2640424267799656
2016-04-17,237.4458369,279.4666708,285.8500043,0.002870833,88135.0,0.0,1.750000026,-2.008333363,0.184531805,3.948957643518193,0.3019036478470426
2016-04-18,319.8416714,261.2958372,288.6250043,0.002916667,88349.16667,0.0,1.875000028,-1.141666684,0.184575614,5.145276476635264,0.2563457173249587
2016-04-19,322.6791715,250.8208371,288.5333376,0.002383333,88380.0,0.0,1.158333351,-1.933333362,0.184620575,4.818398074853631,0.2107931190301737
2016-04-20,323.8125048,259.6041705,290.604171,0.002245833,88213.75,0.0,1.562500023,-1.36250002,0.184665535,4.989978417142813,0.1735325191863654
2016-04-21,324.2458382,263.8500039,292.279171,0.002170833,88115.41667,0.0,1.225000018,-0.383333339,0.184710154,4.815226638053935,0.1506745336175818
2016-04-22,317.1333381,288.8750043,294.6833377,0.002691667,88071.25,0.0,0.70000001,2.833333376,0.184755327,5.420006902676094,0.1607269956596504
2016-04-23,317.4875047,292.3875044,294.5583377,0.003320833,88074.58333,0.0,2.67500004,3.195833381,0.184801645,5.526602355468059,0.1998421997889801
2016-04-24,324.0125048,290.866671,293.141671,0.004875,87922.08333,0.0,3.82083339,1.079166683,0.184838822,5.069278658838857,0.3198368744082563
2016-04-25,323.8375048,285.7125043,292.666671,0.004470833,87719.58333,0.0,4.337500065,3.620833387,0.184884823,5.147017135281882,0.3014855009112169
2016-04-26,328.9166716,260.6208372,288.6583376,0.002654167,87655.0,0.0,5.016666741,0.341666672,0.184925773,4.377064472159752,0.2309423826295852
2016-04-27,328.4958382,255.5291705,287.3416709,0.002529167,87815.41667,0.0,2.462500037,0.408333339,0.184983628,3.62700635675952,0.2402096050125752
2016-04-28,310.5125046,273.9625041,291.6750043,0.002554167,87406.25,0.0,3.14583338,4.991666741,0.185013751,4.568927745833177,0.1826894535258922
2016-04-29,325.3333382,268.937504,287.0125043,0.003654167,87752.5,0.0,4.4458334,-0.262500004,0.185059076,3.4865737779480885,0.3543742552426741
2016-04-30,327.8958382,279.4458375,288.5833376,0.003845833,87637.91667,0.0,2.854166709,2.054166697,0.185106475,3.61368084958805,0.3361956979149461
2016-05-01,333.262505,275.2333374,288.8208376,0.00385,87635.41667,0.0,2.400000036,3.150000047,0.185154394,4.00132315264493,0.3314130532041472
2016-05-02,335.750005,276.3208375,289.0458376,0.004270833,88200.41667,0.0,-0.750000011,1.729166692,0.185189342,4.072490717039726,0.3646659501736397
2016-05-03,337.7541717,283.0000042,292.1500044,0.003645833,88123.75,0.0,0.745833344,0.008333333,0.18523397,4.47360250395579,0.2551438669618017
2016-05-04,335.3708383,292.7083377,295.6500044,0.003358333,88206.66667,0.0,-2.158333365,2.395833369,0.185281117,5.596241069484151,0.1892401380132018
2016-05-05,327.6333382,301.9541712,296.4958378,0.0029625,88026.25,0.0,-0.091666668,4.441666733,0.185325193,6.285267534633225,0.1581984075869797
2016-05-06,339.5333384,292.254171,294.8291711,0.003554167,87761.66667,0.0,0.954166681,6.204166759,0.185364592,7.2802025506400785,0.209587095396543
2016-05-07,342.3208384,269.1541707,289.2250043,0.003658333,87921.66667,0.0,2.116666698,2.587500039,0.18540879,5.842648731250497,0.3078001354049401
2016-05-08,284.6291709,291.1458377,289.3958376,0.003920833,87802.91667,0.0,3.35000005,1.433333355,0.185455958,5.540552897278351,0.3258328468242864
2016-05-09,338.8916717,283.6291709,289.5375043,0.004025,87959.16667,0.0,3.020833378,0.212500003,0.185492989,6.40013134812184,0.332042629063904
2016-05-10,338.8666717,288.991671,292.104171,0.003279167,88071.66667,0.0,2.454166703,0.912500014,0.185534862,6.910749202887787,0.2300117127759035
2016-05-11,338.2541717,295.7375044,294.3041711,0.003133333,88242.91667,0.0,2.058333364,0.350000005,0.185578649,7.017470836820547,0.1919156423736289
2016-05-12,330.3041716,302.2583378,295.9041711,0.0031875,88408.33333,0.0,1.316666686,-0.133333335,0.185637945,6.657952971914205,0.1772425665076313
2016-05-13,342.1958384,305.0916712,297.6791711,0.002904167,88409.58333,0.0,0.954166681,1.008333348,0.185683233,6.886003212471622,0.1449706715269435
2016-05-14,326.2250049,348.6833385,299.3041711,0.004825,88259.16667,0.100000001,1.745833359,0.895833347,0.185713264,8.047084419231904,0.2181061315485078
2016-05-15,332.0541716,320.5958381,296.3958377,0.005295833,87900.0,0.400000006,2.400000036,4.270833397,0.18575729,9.383608171049346,0.2841201458040463
2016-05-16,350.5916719,280.8583375,295.4208377,0.0027625,87813.75,0.0,3.212500048,4.412500066,0.185794812,9.14586311868654,0.1571674146738925
2016-05-17,343.2416718,307.1916712,294.7333377,0.005479167,87822.5,0.0,1.31250002,4.233333396,0.185846644,8.658442606213534,0.3252460936200892
2016-05-18,343.5416718,302.5291712,293.6458377,0.005145833,87957.91667,0.0,0.583333342,3.020833378,0.185884495,7.864023852484397,0.327280241719832
2016-05-19,342.3666718,305.1666712,291.8833377,0.005775,88034.16667,0.0,2.183333366,-0.095833335,0.185921684,7.212989138484189,0.4105874503427855
2016-05-20,345.4333385,309.0458379,295.4541711,0.004845833,87873.75,0.0,1.791666693,2.858333376,0.185973522,7.621954514688244,0.2753188560180876
2016-05-21,347.1125052,289.7250043,294.9125044,0.003625,88048.33333,0.0,1.462500022,4.758333404,0.186025994,7.357913308166169,0.2133623809218961
2016-05-22,348.0583385,295.9000044,294.6458377,0.004129167,88108.75,0.0,2.45833337,3.845833391,0.186063831,7.049744428756679,0.2472414896638683
2016-05-23,352.2333386,295.0375044,295.2375044,0.003595833,87890.0,0.0,2.045833364,3.737500056,0.186101077,6.785830870335273,0.2070771484448058
2016-05-24,349.0750052,290.029171,295.3875044,0.0032,87923.75,0.0,2.033333364,4.108333395,0.186138368,6.41321085976818,0.1826599998281554
2016-05-25,349.9958385,286.6000043,293.9708377,0.002770833,88196.66667,0.0,1.966666696,4.125000061,0.186190255,6.604091823398433,0.1731689982338163
2016-05-26,357.229172,275.7625041,292.4458377,0.002883333,88073.33333,0.0,3.379166717,2.425000036,0.186228138,6.592086199608452,0.1979457819189056
2016-05-27,353.9083386,278.2416708,291.2875043,0.003141667,87965.0,0.0,2.554166705,-0.808333345,0.186279988,6.377815314075533,0.2317685718816633
2016-05-28,354.579172,279.6833375,293.6708377,0.002620833,87896.25,0.0,1.166666684,1.970833363,0.186317859,6.65599176066323,0.1663116097129978
2016-05-29,351.1791719,285.8375043,295.3041711,0.0019625,88159.16667,0.0,0.562500008,3.937500059,0.186355089,7.28328764320677,0.1128988068847951
2016-05-30,349.7916719,321.9041715,296.9250044,0.005308333,88119.16667,0.0,1.487500022,3.954166726,0.186406965,8.274738026678495,0.2764533204589613
2016-05-31,354.1333386,290.1250043,294.9708377,0.00305,87865.83333,0.0,1.54166669,2.045833364,0.186444835,7.565332531314127,0.1785032903205
2016-06-01,304.7000045,333.0041716,298.0083378,0.0038,87957.91667,0.0,1.454166688,0.658333343,0.186482041,7.029760297123323,0.1850107029397043
2016-06-02,338.1041717,323.9500048,297.8708378,0.0045,88218.75,0.0,2.729166707,-1.841666694,0.186519276,8.121564027757026,0.2215696251033798
2016-06-03,343.2166718,316.045838,300.6333378,0.003208333,88312.08333,0.0,3.033333379,-3.762500056,0.186571131,6.262046475243333,0.1341095770680127
2016-06-04,342.1250051,321.8958381,302.8208378,0.002845833,88185.83333,0.0,1.583333357,-3.208333381,0.186608534,1.3342942039497194,0.1045072042654157
2016-06-05,338.312505,338.025005,303.4125045,0.003683333,88035.0,0.0,0.47083334,-0.741666678,0.186644174,6.170331063581538,0.1304808846580066
2016-06-06,340.6583384,333.2333383,303.3458379,0.003516667,87827.91667,0.0,2.033333364,-0.562500008,0.186694388,5.75051561637942,0.1247637778687026
2016-06-07,343.2666718,322.9416715,302.2958378,0.003504167,87925.83333,0.0,2.125000032,2.316666701,0.186745242,3.9725962485830095,0.1322832677518788
2016-06-08,335.2583383,346.9458385,301.5416712,0.005875,88016.66667,0.0,2.437500036,0.462500007,0.186781469,7.204401695733349,0.2320196649262043
2016-06-09,329.7000049,361.6750054,301.4125045,0.007816666,88107.08333,0.0,4.00000006,-0.925000014,0.186817061,8.233386372424516,0.311368667415261
2016-06-10,310.6291713,382.920839,298.7000045,0.010666666,88242.08333,7.200000107,3.662500055,-0.70000001,0.186867279,66.65881726051242,0.4998027919580865
2016-06-11,306.6291712,366.8125055,297.6958378,0.011879166,88266.25,1.000000015,2.87916671,0.44583334,0.186903506,33.390495792858346,0.5914292810996621
2016-06-12,328.7291716,345.2666718,297.5333378,0.009354166,88384.58333,2.500000037,2.029166697,2.295833368,0.186953721,46.17375745924655,0.4709417181268874
2016-06-13,337.0333384,338.6166717,299.1333378,0.006120833,88411.25,0.0,2.70000004,1.31250002,0.187004574,27.31070073683563,0.2799987569775531
2016-06-14,343.6625051,315.620838,298.0208378,0.0047125,88162.5,0.0,2.008333363,1.112500017,0.187040802,17.600987074800898,0.2297982067407497
2016-06-15,345.8083385,300.9166712,298.2833378,0.003391667,88087.91667,0.0,1.925000029,2.454166703,0.187076393,12.997338839402843,0.1626605595902023
2016-06-16,346.9833385,304.3000045,298.7625045,0.003629167,88261.25,0.0,2.200000033,1.533333356,0.187167306,10.990894809122151,0.1694515187210775
2016-06-17,344.1333385,310.720838,299.3875045,0.003175,88426.66667,0.0,2.67500004,0.0,0.187246002,9.445912553041124,0.143080400601162
2016-06-18,343.6166718,319.7833381,301.2083378,0.0032375,88470.0,0.0,2.2541667,-2.808333375,0.187324065,7.425231637178302,0.1310557389187961
2016-06-19,344.2708385,333.925005,304.3750045,0.0032875,88327.08333,0.0,1.045833349,-2.837500042,0.187402125,7.460430394478278,0.1105433758528489
2016-06-20,336.787505,366.5250055,305.5875046,0.004654167,88232.08333,0.0,1.116666683,0.187500003,0.187494808,8.275642783789529,0.1458666384924544
2016-06-21,331.6083383,377.8666723,304.3000045,0.007729166,88395.83333,0.0,1.158333351,0.337500005,0.187573503,7.382015419533328,0.2612206071388428
2016-06-22,333.0291716,371.5958389,303.2666712,0.007570833,88250.83333,0.0,3.600000054,-0.954166681,0.187651563,6.962535113114451,0.2711292145866081
2016-06-23,220.9750033,383.7500057,302.7041712,0.0084,88369.58333,0.0,3.78333339,-0.66250001,0.187744246,5.462617321250764,0.3112171146917254
2016-06-24,259.2791705,381.4541724,300.6458378,0.0084,88359.16667,0.800000012,2.829166709,-0.512500008,0.187822945,8.69703170837217,0.3510513575642484
2016-06-25,292.9125044,373.8083389,299.5958378,0.010220833,88214.16667,0.600000009,1.920833362,0.500000007,0.187901005,10.983339674563585,0.4538265128347702
2016-06-26,270.350004,381.3791723,298.6458378,0.0121125,88340.0,1.500000022,1.266666686,-0.658333343,0.187993688,16.42741626240434,0.5700265193666664
2016-06-27,310.808338,386.0750058,301.1083378,0.010475,88438.33333,0.500000007,-0.929166681,-1.09583335,0.188072383,19.1520804440252,0.4263816193938772
2016-06-28,285.8416709,395.9625059,302.0291712,0.011295833,88409.58333,0.600000009,-0.87916668,-0.558333342,0.188150443,18.567749916119556,0.435491285206509
2016-06-29,264.1208373,393.6791725,299.4875045,0.013441666,88337.5,2.500000037,-1.59166669,1.400000021,0.188228503,27.242451215356027,0.6015394217659916
2016-06-30,261.1875039,380.1791723,296.6583378,0.014645833,88332.08333,2.00000003,0.633333343,0.912500014,0.188321188,30.04142314157874,0.7770814687615221
2016-07-01,181.1750027,382.7000057,295.0291711,0.0149625,88357.91667,14.20000021,1.845833361,2.066666697,0.188399885,76.61923667281972,0.8774337691826259
2016-07-02,285.0125042,373.4416722,297.0000044,0.0141875,88480.41667,2.100000031,2.295833368,0.187500003,0.188477944,90.23510865843052,0.7385309521149377
2016-07-03,293.0625044,375.6666723,299.6333378,0.012858333,88514.16667,1.800000027,3.300000049,-1.545833356,0.188570627,89.68495738454077,0.571602040944612
2016-07-04,285.3041709,369.7750055,301.2250045,0.010541666,88438.33333,0.0,3.087500046,-2.008333363,0.1886347,47.95345414414921,0.4261618985943563
2016-07-05,303.7375045,369.7875055,300.9375045,0.010958333,88377.91667,0.0,2.89166671,-1.275000019,0.188726746,27.762137838589304,0.4502555952064525
2016-07-06,289.2000043,366.9041721,300.4416711,0.010829166,88392.5,2.500000037,3.520833386,-0.066666668,0.188805442,39.40506408981379,0.4582350027643846
2016-07-07,243.9541703,374.3708389,297.7833378,0.013975,88373.33333,5.300000079,2.962500044,1.054166682,0.188898128,56.36292363226203,0.6929498184810569
2016-07-08,282.1125042,379.4791723,300.4250045,0.012545833,88401.25,1.200000018,3.341666716,0.320833338,0.188976824,55.22622913678084,0.5314515705589767
2016-07-09,301.5541712,378.3291723,301.3458378,0.0114625,88432.08333,0.0,3.166666714,-1.941666696,0.189054884,32.201503515854085,0.4600778507141249
2016-07-10,302.7750045,370.0541722,302.3083378,0.009291666,88269.16667,0.0,3.745833389,-1.995833363,0.189147566,20.711193444578026,0.3518761114540009
2016-07-11,304.7958379,366.4041721,302.6541712,0.008320833,88035.83333,0.0,4.054166727,0.354166672,0.189226262,14.856035028548831,0.3080136098087414
2016-07-12,305.7083379,364.3708388,302.5166712,0.008254166,88128.75,0.0,3.641666721,1.220833352,0.189304322,12.357642768913204,0.3083245099478455
2016-07-13,293.4125044,374.7333389,302.9291712,0.009725,88339.16667,0.0,3.483333385,-1.304166686,0.189397008,11.09471469191845,0.3555085685656391
2016-07-14,296.3708377,380.9125057,303.1625045,0.009925,88419.16667,0.0,2.641666706,-2.90416671,0.189475704,10.719787962199243,0.3582695242259173
2016-07-15,303.0625045,372.8791722,303.5000045,0.0091625,88295.0,0.0,2.950000044,-2.650000039,0.189553763,9.957311320211437,0.3238952558538956
2016-07-16,300.7458378,377.7166723,303.0333378,0.009641666,88231.25,0.0,2.558333371,-1.633333358,0.18938008,10.233516241024043,0.3499113118441922
2016-07-17,260.6333372,384.7708391,299.5416711,0.012145833,88369.58333,7.300000109,3.079166713,-0.820833346,0.189195451,62.23608522771772,0.5419951344168081
2016-07-18,259.7333372,386.4083391,298.9708378,0.012429166,88552.5,12.30000018,2.395833369,-0.312500005,0.189010821,133.01568337163303,0.5750393450316823
2016-07-19,283.3125042,384.2166724,300.3125045,0.011833333,88590.83333,0.400000006,1.716666692,0.120833335,0.188826192,71.23213339646016,0.5056986367102879
2016-07-20,274.8208374,370.0291722,298.4000044,0.013375,88581.25,2.300000034,0.91666668,-0.158333336,0.188641563,51.97081051352769,0.6405373315321702
2016-07-21,279.5083375,376.5791723,300.7458378,0.012225,88480.41667,0.200000003,-0.016666667,-1.075000016,0.188456934,39.83173772976221,0.5085962583966545
2016-07-22,291.2750043,382.6166724,301.3166712,0.011570833,88544.16667,10.70000016,1.537500023,-1.891666695,0.188257682,127.58859350340926,0.4658118585654393
2016-07-23,294.8333377,383.595839,303.0083378,0.011245833,88274.58333,0.0,2.475000037,-2.566666705,0.188087044,78.79124751382062,0.4089218095837237
2016-07-24,294.1875044,389.8458391,303.4416712,0.011670833,88217.5,0.0,3.595833387,-1.387500021,0.18790305,38.70782296693213,0.4135946976556042
2016-07-25,282.1291709,380.7000057,300.1833378,0.011833333,88379.58333,0.800000012,2.67500004,-2.333333368,0.187722447,27.418451684576603,0.5083657521010695
2016-07-26,292.7625044,392.6541725,302.5625045,0.012333333,88240.41667,0.0,0.804166679,-2.141666699,0.187541479,22.337759158583523,0.4600520565131444
2016-07-27,255.7791705,397.7833393,301.1333378,0.013116666,88270.0,1.200000018,2.237500033,-2.033333364,0.18734584,22.25654115512308,0.5321105689106196
2016-07-28,284.1041709,389.7416725,299.4750045,0.014391666,88287.08333,1.300000019,0.850000013,-1.80833336,0.187149603,26.401728038454053,0.6441654568917353
2016-07-29,285.2333376,391.7208392,302.5166712,0.012358333,88122.91667,0.100000001,0.833333346,-1.258333352,0.186967962,22.51932391632317,0.461600209317268
2016-07-30,284.0666709,382.9250057,299.4458378,0.0129375,88167.5,0.300000004,1.000000015,-0.275000004,0.186787032,19.79096483997853,0.5792987228296432
2016-07-31,261.7000039,381.2750057,297.8125044,0.0134125,88224.58333,0.0,3.283333382,0.025,0.186606009,13.835105076011189,0.6627716751771878
2016-08-01,191.7625029,394.2333392,295.6791711,0.014429166,88355.83333,7.900000118,2.02500003,1.31250002,0.186425053,47.92617901360736,0.8129947391003721
2016-08-02,167.2583358,383.3541724,296.0375044,0.015916666,88534.16667,11.30000017,2.179166699,-0.162500002,0.186229439,66.89397817643967,0.8791134206622265
2016-08-03,235.3500035,387.9625058,295.6041711,0.015625,88547.91667,0.200000003,1.812500027,-0.054166667,0.186047771,66.01650665709897,0.8863546279099773
2016-08-04,193.0333362,381.508339,296.4416711,0.015558333,88320.83333,3.100000046,1.654166691,-0.504166674,0.185866795,50.84829031640421,0.8363565872855037
2016-08-05,275.2666708,375.9375056,296.5291711,0.014616666,88199.58333,0.300000004,1.10833335,0.325000005,0.185685806,57.62072969458455,0.7804847435958526
2016-08-06,265.0166706,373.9833389,298.2000044,0.013795833,88155.83333,0.300000004,1.050000016,-0.270833337,0.185504811,41.734430852046536,0.6654685875733396
2016-08-07,293.5125044,375.3541723,299.5750045,0.012641666,88088.33333,0.100000001,1.037500015,0.095833335,0.18530918,36.696922961338416,0.5612112234904579
2016-08-08,263.2958373,380.9666723,300.5625045,0.012945833,88041.25,0.500000007,2.758333374,0.054166667,0.185127577,28.41895459963595,0.5417425736389074
2016-08-09,218.8125033,382.233339,297.9875044,0.014329166,88165.41667,3.800000057,2.583333372,1.062500016,0.184946589,38.58889218784067,0.7001683635808935
2016-08-10,217.9416699,381.6916724,296.3208377,0.015383333,88317.91667,5.700000085,1.812500027,1.887500028,0.184750949,55.77190352747191,0.8330382856490514
2016-08-11,252.8625038,381.3166723,297.8041711,0.0148625,88437.91667,0.600000009,2.70000004,0.708333344,0.184569312,52.26778280183105,0.7365687150621679
2016-08-12,285.9583376,381.5250057,298.6500045,0.014933333,88407.08333,0.0,3.058333379,-1.345833353,0.184373729,41.40122323959801,0.7031358353434736
2016-08-13,275.8000041,375.6833389,299.2791711,0.013745833,88269.58333,0.0,1.737500026,-2.183333366,0.184192099,29.89706867051789,0.6223581953551158
2016-08-14,288.3958376,353.2333386,297.2375044,0.010733333,88386.66667,0.300000004,-1.529166689,0.475000007,0.184011082,25.671184750505564,0.5501513008305042
2016-08-15,294.1125044,353.4333386,298.8458378,0.010116666,88412.5,0.0,-1.641666691,1.229166685,0.183830071,22.168622457030416,0.4708179486173801
2016-08-16,291.4125043,354.6958386,299.7791711,0.0087375,88343.33333,0.0,-0.983333348,1.370833354,0.183789836,19.520974260294725,0.384319040349076
2016-08-17,292.366671,352.0000052,300.0583378,0.00755,88361.66667,0.0,-2.304166701,1.858333361,0.183755701,17.929993580373342,0.326697195043171
2016-08-18,279.0333375,352.2625052,298.7625045,0.008020833,88265.83333,0.0,1.12083335,0.850000013,0.18372157,15.08204637968641,0.3745247634893076
2016-08-19,278.7416708,362.4583387,299.7125045,0.009095833,88152.5,0.0,3.291666716,-1.320833353,0.183672812,15.33988969693804,0.4008010414047668
2016-08-20,283.9166709,363.2041721,296.4208378,0.011108333,88227.5,0.300000004,3.454166718,-0.300000004,0.183638047,14.15937502773042,0.5972686385153777
2016-08-21,246.3291703,358.1125053,296.3791711,0.011066666,88226.25,3.000000045,2.616666706,-0.608333342,0.183618552,22.48127043468091,0.5965336026789696
2016-08-22,281.1250042,346.6041718,294.4625044,0.0099875,88253.33333,0.600000009,2.350000035,-1.445833355,0.1835704,21.793077721182076,0.605832819952786
2016-08-23,286.0916709,346.4166718,297.2125044,0.009133333,88400.41667,0.0,3.216666715,0.345833338,0.183535607,20.143291676013515,0.4689237830927463
2016-08-24,280.4625042,349.3916719,296.8791711,0.008445833,88487.91667,0.0,3.754166723,-0.89166668,0.183501502,17.970869396051025,0.4429236054228839
2016-08-25,251.8208371,346.8666718,296.8125044,0.008479166,88377.91667,0.900000013,2.741666708,-0.920833347,0.183467368,17.815854969351637,0.445921808916049
2016-08-26,182.8291694,376.8416723,297.0791711,0.011008333,88317.08333,2.800000042,2.766666708,-0.20416667,0.183433208,24.45240822424857,0.5692403964057496
2016-08-27,276.6958375,350.3875052,295.7666711,0.0105375,88305.0,0.100000001,2.183333366,1.237500018,0.18339909,24.05267157346484,0.5902075804827307
2016-08-28,284.3125042,319.7125048,296.0583377,0.006441667,88360.83333,0.0,1.616666691,-1.991666696,0.183364925,20.009709824277166,0.3546392137519885
2016-08-29,282.4125042,325.7458382,296.7708378,0.006320833,88325.83333,0.0,0.43333334,-2.2416667,0.183330801,17.669129232377365,0.3330611581455445
2016-08-30,277.8166708,356.7750053,299.5000045,0.009020833,88293.33333,0.0,-3.079166713,0.333333338,0.183296644,17.471391745594623,0.4031968915864365
2016-08-31,259.2041705,364.5125054,297.9333378,0.010966666,88312.91667,0.0,-3.512500052,2.02500003,0.183262478,15.09177515435805,0.5385171119556011
2016-09-01,248.858337,378.0125056,296.5750044,0.0142,88337.91667,22.70000034,-1.941666696,1.933333362,0.183213692,114.54309058180722,0.7573082666638559
2016-09-02,237.4500035,361.6541721,296.4916711,0.012866666,88269.58333,0.70000001,0.841666679,-0.145833336,0.183178971,50.03684584088506,0.6891581823436165
2016-09-03,272.9208374,352.8375053,297.1833378,0.010904166,88070.0,0.0,2.091666698,1.687500025,0.183144847,50.1637318109491,0.5587361621957402
2016-09-04,280.0666708,330.8208383,298.2083378,0.0079625,87865.83333,0.0,2.2666667,2.862500043,0.183110684,36.03918851216514,0.3826312213727009
2016-09-05,275.4833374,331.9000049,298.4916711,0.006958333,87732.08333,0.0,1.029166682,3.512500052,0.183076563,26.03225207069758,0.3282334194659128
2016-09-06,246.270837,357.1083387,298.2666711,0.0087375,87980.41667,2.200000033,0.895833347,3.10833338,0.183042393,33.60966200084337,0.4189488298975389
2016-09-07,102.8583349,389.6125058,293.279171,0.014125,88275.83333,35.90000053,-2.604166705,3.366666717,0.183008292,49.64694406433813,0.9224728357397576
2016-09-08,238.0166702,400.3416726,294.5833377,0.014270833,88525.83333,2.300000034,0.570833342,0.666666677,0.182974109,76.48804334435532,0.8618613568555646
2016-09-09,267.2583373,348.8541719,295.8416711,0.012920833,88370.83333,0.0,2.404166702,-2.616666706,0.182939987,55.53990365076756,0.7209182325288759
2016-09-10,266.4041706,349.5416719,297.2875044,0.011229166,88477.08333,0.0,1.683333358,-1.75833336,0.182891228,38.914273055189256,0.5744122889254268
2016-09-11,232.0750035,354.8000053,296.8958378,0.011620833,88660.41667,1.200000018,1.050000016,-0.704166677,0.182871074,29.198216727950182,0.609999771672219
2016-09-12,216.6208366,342.5458384,294.2125044,0.0116125,88375.0,0.900000013,2.587500039,-0.029166667,0.182822974,22.158662906571863,0.7163863523719628
2016-09-13,257.5958372,338.5833384,293.9583377,0.011595833,88280.83333,8.900000133,2.175000032,2.233333367,0.182788206,77.02011941154377,0.725961080757161
2016-09-14,242.4333369,337.8833384,294.9875044,0.011133333,88408.75,0.0,1.512500023,2.058333364,0.182754034,46.10538989332139,0.6549385410525069
2016-09-15,261.2041706,331.4625049,295.5583377,0.009495833,88311.25,0.0,2.01250003,0.120833335,0.182719873,34.97954123407801,0.5387406341780289
2016-09-16,262.2750039,301.2875045,293.3250044,0.0058875,88237.91667,0.0,2.091666698,0.933333347,0.182578531,23.684639992468163,0.3832358647500772
2016-09-17,259.8208372,306.4625046,293.6375044,0.006475,88303.75,0.0,1.275000019,0.279166671,0.182447159,17.264804519850273,0.4136504914390829
2016-09-18,260.6458372,307.7583379,294.8416711,0.007145833,88394.16667,0.0,0.800000012,-0.750000011,0.182301716,13.897125527810962,0.424095095831476
2016-09-19,221.8083366,325.7666715,296.0708377,0.0074625,88494.16667,0.0,2.787500042,-0.962500014,0.182155732,11.636887022104258,0.4111457256735814
2016-09-20,199.300003,368.9875055,297.3833378,0.009375,88473.75,0.0,2.820833375,-1.09583335,0.182009789,10.945557865987524,0.4767727610121468
2016-09-21,239.5541702,369.1125055,296.4708378,0.0127125,88300.83333,1.200000018,1.620833357,2.187500033,0.181863778,13.812754112064038,0.682007192676673
2016-09-22,248.0416704,345.1375051,297.0666711,0.009591666,88036.25,0.0,1.550000023,2.71250004,0.181717767,12.48988762176593,0.4947825092656445
2016-09-23,245.083337,328.8750049,294.5125044,0.00855,88029.16667,0.0,3.183333381,2.737500041,0.181586383,10.47155719915518,0.5157196840428363
2016-09-24,245.5416703,328.7208382,291.454171,0.008941666,88300.0,0.0,3.050000045,-1.079166683,0.18142636,8.347404613810369,0.6551994218290322
2016-09-25,236.9875035,289.1875043,290.841671,0.004695833,88328.75,0.100000001,0.033333334,-1.641666691,0.181294366,7.253321054030223,0.3578552993580229
2016-09-26,102.7500015,359.2500054,290.904171,0.0081625,88612.5,5.900000088,-4.616666735,0.812500012,0.181148939,25.758431915040067,0.6215596993751218
2016-09-27,216.7208366,329.3375049,288.9583376,0.009108333,88539.16667,6.400000095,-4.937500074,1.562500023,0.181002921,60.90671516248594,0.7851301935556367
2016-09-28,173.1333359,354.5166719,292.3583377,0.011870833,88398.75,1.500000022,-2.870833376,2.725000041,0.180861275,38.16880537638824,0.8224788120914426
2016-09-29,202.925003,363.1833387,294.4250044,0.012825,88640.41667,5.900000088,0.033333334,0.154166669,0.180715099,51.44786550437347,0.7831812930133255
2016-09-30,199.150003,347.1875052,292.154171,0.012429166,88703.33333,1.900000028,1.812500027,-0.983333348,0.180574728,45.224828285367096,0.8753127838939252
2016-10-01,238.7125036,323.2166715,291.9083377,0.010516666,88518.33333,0.0,2.779166708,-0.670833343,0.180423905,41.48319806026477,0.7506336860913261
2016-10-02,212.4750032,320.1541714,291.3083377,0.009291666,88384.16667,0.200000003,1.683333358,0.054166667,0.180284212,25.385494865629312,0.6878257843561227
2016-10-03,239.2083369,342.6416718,293.9833377,0.010804166,88060.83333,2.300000034,3.462500052,1.637500024,0.180145057,42.59159022932079,0.6736655718854733
2016-10-04,242.1250036,281.4708375,290.4000043,0.005483333,87874.58333,0.0,3.237500048,0.66250001,0.180005898,22.992756155924816,0.4275988863759061
2016-10-05,240.8041703,281.3958375,290.3583377,0.0054,88008.33333,0.0,1.925000029,1.729166692,0.179852072,15.322667695965878,0.4228659901167694
2016-10-06,231.9875035,293.216671,291.704171,0.0056,88065.83333,0.0,1.56666669,2.208333366,0.179713401,12.282854899143391,0.4028245332227168
2016-10-07,223.2833367,312.945838,292.2208377,0.006404167,88230.0,0.0,-1.354166687,-0.22916667,0.179558591,10.05334651978072,0.4467205779509984
2016-10-08,221.9083366,333.787505,294.0083377,0.007666666,88324.16667,0.0,-3.533333386,2.220833366,0.179433753,9.632001807567024,0.4787203493811056
2016-10-09,226.70417,329.2041716,293.1125044,0.009675,88452.5,1.300000019,0.300000004,1.12083335,0.179280629,12.024311121417853,0.6397485554279227
2016-10-10,226.3750034,309.3041713,293.116671,0.006983333,88525.83333,0.0,1.116666683,1.237500018,0.179131355,8.935995545982319,0.4620274837149515
2016-10-11,226.51667,305.2083379,293.229171,0.005975,88529.58333,0.0,1.55416669,1.683333358,0.17898553,7.854046060556923,0.392560404886995
2016-10-12,227.0958367,288.1333376,293.0708377,0.0052875,88452.5,0.0,1.254166685,1.679166692,0.178854472,6.351148978866863,0.3505426568269026
2016-10-13,231.0291701,274.0666708,291.3500043,0.0033875,88389.58333,0.0,1.700000025,0.68750001,0.178709423,5.578921316360409,0.2501168062614034
2016-10-14,224.8500034,274.3666708,290.9208377,0.003991667,88426.66667,0.0,0.558333342,0.850000013,0.178563742,4.42355202912001,0.3029992467102212
2016-10-15,222.0500033,290.554171,292.5625044,0.004825,88317.08333,0.0,1.966666696,0.958333348,0.178410346,4.894586365856213,0.3297345228084128
2016-10-16,220.96667,291.541671,292.954171,0.0049875,88307.91667,0.0,2.058333364,0.941666681,0.17832416,4.605671663085416,0.3325331291493044
2016-10-17,220.2291699,284.9125042,292.5375044,0.004375,88142.08333,0.0,2.475000037,0.800000012,0.178255534,4.435266377642495,0.2988587175562762
2016-10-18,217.7333366,279.3708375,291.5583377,0.00395,88107.5,0.0,2.416666703,0.87916668,0.178169361,4.056362855745269,0.2869052898742636
2016-10-19,214.8500032,287.8500043,291.2000043,0.004745833,88252.91667,0.0,2.029166697,-0.450000007,0.178096824,3.618007873356692,0.3532142650749703
2016-10-20,213.1250032,283.7833376,291.491671,0.004679167,88512.08333,0.0,-2.2291667,-0.220833337,0.178010292,3.4202229241774003,0.3428731813677237
2016-10-21,211.3208365,297.6125044,292.5500044,0.005629167,88566.66667,0.0,-3.745833389,1.441666688,0.177937744,4.132340621487798,0.3860805185865644
2016-10-22,207.2708364,295.4291711,292.3333377,0.005741667,88345.83333,0.0,-0.300000004,0.837500012,0.177851211,2.6265077918895434,0.3982031949855742
2016-10-23,201.7583363,325.9458382,294.3875044,0.007304166,88506.25,0.0,2.554166705,-0.575000009,0.177778662,3.540975567346259,0.4464021396661588
2016-10-24,183.7916694,322.2000048,292.4583377,0.007075,88677.5,0.0,1.650000025,0.070833334,0.17769213,2.7360338286771477,0.4886586053400534
2016-10-25,200.7833363,341.0875051,293.2125044,0.008583333,88599.16667,0.200000003,1.933333362,-0.320833338,0.177619585,3.561672312752332,0.564960603816918
2016-10-26,199.8541696,319.8958381,293.491671,0.008208333,88716.25,0.0,-0.312500005,-0.933333347,0.177533049,2.8189561276249604,0.5316437341323027
2016-10-27,198.0541696,319.6333381,296.1416711,0.006091667,88639.58333,0.0,-3.329166716,2.375000035,0.177460504,4.1996440940492406,0.3347191365710942
2016-10-28,186.4541694,316.9250047,294.4916711,0.005416667,88400.41667,0.0,-1.329166686,2.962500044,0.177373939,3.575801183651862,0.3285241795179358
2016-10-29,191.7208362,321.0958381,293.6625044,0.006691666,88502.5,0.0,1.670833358,1.812500027,0.177292488,3.1679448289924816,0.4277874919181667
2016-10-30,192.7791695,307.3291712,293.1000044,0.006079167,88555.41667,0.0,0.708333344,1.12083335,0.177211426,2.491047595787959,0.4027606562883547
2016-10-31,191.0375028,304.5083379,293.0000044,0.0056625,88358.75,0.0,2.329166701,0.845833346,0.177143183,2.910138311048382,0.3766722829276752
2016-11-01,170.6583359,325.5666715,293.5875044,0.007804166,88096.66667,0.0,2.645833373,2.600000039,0.177051918,2.8964910050569084,0.498946143006668
2016-11-02,183.7000027,292.3958377,289.3250043,0.005704167,88148.33333,0.0,-0.304166671,1.512500023,0.176974247,1.9080608264948489,0.4780748980553549
2016-11-03,177.008336,309.4583379,290.1208377,0.007679166,88382.08333,2.100000031,-3.004166711,2.633333373,0.176897215,4.481483703912375,0.6131447723894955
2016-11-04,181.8291694,287.991671,288.6708376,0.0063375,88427.91667,0.0,-0.750000011,3.000000045,0.176820183,3.418201737261841,0.555845841067202
2016-11-05,181.7166694,272.2583374,286.2875043,0.005725,88443.75,0.0,1.975000029,-0.404166673,0.176743148,2.463550081467953,0.5869306413312337
2016-11-06,180.495836,275.8625041,286.9541709,0.0058,88435.83333,0.0,1.879166695,-0.566666675,0.176651494,2.247659193175036,0.5690284903074635
2016-11-07,180.558336,270.0041707,287.6583376,0.005470833,88608.33333,0.0,0.854166679,-0.912500014,0.176588449,1.9255538941275456,0.5135433289354215
2016-11-08,178.0000027,274.6958374,289.0250043,0.0048375,88787.91667,0.0,-4.429166733,0.004166667,0.176497427,2.357894306539896,0.4163621912160263
2016-11-09,179.8875027,267.350004,288.729171,0.003916667,88873.75,0.0,-5.900000088,1.383333354,0.176419759,2.642713562751613,0.343950785476908
2016-11-10,173.9583359,268.737504,286.3250043,0.004358333,88690.83333,0.0,-5.308333412,0.800000012,0.176342728,1.959548975520496,0.4469594208143227
2016-11-11,172.2500026,273.0583374,285.4416709,0.005216667,88793.75,0.0,-3.670833388,0.704166677,0.17625107,1.443538901558706,0.567881233674107
2016-11-12,172.5333359,270.3541707,286.3041709,0.0047625,88794.58333,0.0,-3.470833385,0.516666674,0.176173402,1.51444105568772,0.4896521933852682
2016-11-13,170.4875025,267.2583373,286.4583376,0.0047125,88689.58333,0.0,-2.829166709,0.366666672,0.176096371,1.3560720260864494,0.4790409500719762
2016-11-14,172.3666692,251.1250037,285.5958376,0.003504167,88719.58333,0.0,-0.450000007,-1.691666692,0.176019336,1.1106018229606125,0.3772575829606606
2016-11-15,170.5250025,249.9250037,286.5041709,0.002529167,88699.16667,0.0,-1.462500022,0.579166675,0.175942304,1.1132953778996109,0.2563500630656223
2016-11-16,157.266669,256.9541705,286.9833376,0.002554167,88217.91667,0.0,0.91666668,2.408333369,0.175750641,1.2980751383244515,0.249489343083709
2016-11-17,169.8708359,287.854171,289.8250043,0.004291667,87801.25,0.0,3.250000048,2.800000042,0.175539371,1.9640333215939376,0.3469359357929231
2016-11-18,167.2041692,241.6291703,283.7000042,0.002570833,88435.41667,0.0,0.183333336,0.566666675,0.175342088,0.6800049305313958,0.3132005123515534
2016-11-19,165.8666691,254.9000038,286.3416709,0.002754167,88860.83333,0.0,-4.100000061,1.754166693,0.175130815,1.614501659050669,0.2826778924428034
2016-11-20,149.9791689,284.7000042,287.6958376,0.003416667,88627.08333,0.0,-2.016666697,2.641666706,0.174933532,1.4774084238564484,0.3200034923017142
2016-11-21,141.2083354,330.3791716,289.9583377,0.004608333,88137.08333,0.0,2.462500037,3.558333386,0.174736885,1.947890717287987,0.3707745242851431
2016-11-22,162.6916691,257.1541705,283.2583376,0.0049375,88281.25,0.0,2.587500039,-0.91666668,0.174525615,0.7993963191639897,0.6186623626645918
2016-11-23,164.9958358,234.4458368,282.0708375,0.003283333,88532.08333,0.0,-1.55416669,0.537500008,0.174328333,0.6577224136941606,0.4472592038289558
2016-11-24,138.0583354,252.9000038,283.4125042,0.0031875,88539.16667,0.0,-1.404166688,-0.937500014,0.174131686,0.6416737871249939,0.3964023050109435
2016-11-25,152.7791689,252.4583371,284.3583376,0.002241667,88714.16667,0.0,-3.441666718,1.458333355,0.173935035,1.247188874828431,0.2620963577435937
2016-11-26,124.6458352,271.737504,283.4208376,0.003316667,88607.5,0.0,-2.558333371,2.887500043,0.173723765,0.973738610195624,0.4125516485312556
2016-11-27,156.404169,290.2375043,287.1458376,0.004183333,88042.5,0.0,4.404166732,3.437500051,0.173526483,1.7206525950680795,0.403487214620282
2016-11-28,154.916669,269.662504,281.0083375,0.003766667,87772.5,0.500000007,5.37500008,0.945833347,0.173329836,1.1832903385583995,0.5471712867665907
2016-11-29,157.1083357,282.2833375,281.8583375,0.004345833,87623.33333,0.500000007,4.841666739,-1.283333352,0.173118566,1.4281295440538493,0.5944937090980091
2016-11-30,158.7083357,203.9041697,275.3208374,0.002258333,88230.41667,0.0,-0.795833345,-0.800000012,0.172921283,0.4545175924000534,0.4926209684601944
2016-12-01,159.5375024,219.4666699,278.1208375,0.0022875,88008.75,0.0,0.920833347,2.2166667,0.17271001,0.7702530607301397,0.40752715411575
2016-12-02,105.6958349,263.9833373,280.5833375,0.002008333,87781.25,0.0,1.000000015,2.766666708,0.172512727,0.9455030533727224,0.300460964897302
2016-12-03,116.2125017,305.6833379,281.1625042,0.004341667,87812.5,0.600000009,-0.91666668,-0.266666671,0.182005411,1.5005562116909938,0.6243224864095791
2016-12-04,158.516669,262.0541706,280.0708375,0.004179167,88172.08333,0.0,-0.766666678,-2.270833367,0.182647362,1.0041843760513651,0.6507246027504635
2016-12-05,156.1833357,228.2875034,279.8041708,0.00295,88107.08333,0.0,0.100000001,1.195833351,0.178810858,0.7220341422535085,0.4675859578345499
2016-12-06,152.6125023,252.3000038,282.7166709,0.003670833,87987.91667,0.0,2.041666697,2.750000041,0.175338654,1.037001313811777,0.4755744600939454
2016-12-07,146.2541688,270.725004,284.2791709,0.004825,88059.16667,0.0,1.941666696,2.400000036,0.173185067,0.9462221129588236,0.5629571038851351
2016-12-08,152.2291689,268.462504,282.0708375,0.004595833,88566.25,0.0,0.42083334,0.19166667,0.172097053,0.9190581047296188,0.6262909935315548
2016-12-09,152.3083356,247.0791703,281.7708375,0.004020833,88868.33333,0.0,-2.566666705,0.483333341,0.171449,0.6217023528010632,0.5612020871385602
2016-12-10,153.4375023,248.8125037,283.3083376,0.003883333,88667.91667,0.0,-1.179166684,1.98750003,0.171050174,0.6468838874679009,0.4870574934763146
2016-12-11,149.1791689,260.9666706,285.4541709,0.003404167,88420.0,0.0,2.645833373,0.90416668,0.170753073,0.8075490063233499,0.3687079419656636
2016-12-12,147.8416689,264.7291706,284.5333376,0.003983333,88380.83333,0.0,1.958333363,1.200000018,0.17051319,0.6360362159509592,0.458572774293579
2016-12-13,148.9500022,266.275004,284.8541709,0.004783333,88453.75,0.0,2.225000033,0.429166673,0.170301284,0.5398655667161001,0.5394253004940992
2016-12-14,150.8250022,255.1625038,284.3291709,0.004645833,88588.33333,0.0,1.225000018,0.22916667,0.170091921,0.3853621686229805,0.5434838323702603
2016-12-15,153.1666689,241.5125036,285.4458376,0.002958333,88549.58333,0.0,0.179166669,2.2166667,0.169881287,0.4649971358312093,0.3210667161562664
2016-12-16,77.87083449,317.4541714,290.016671,0.003058333,88127.08333,0.100000001,3.166666714,3.941666725,0.169633434,0.8195130547964735,0.2451192131221153
2016-12-17,142.8708355,299.7791711,285.1666709,0.0046,87751.25,2.300000034,5.620833417,3.270833382,0.170801842,3.263202272090642,0.5040129666066366
2016-12-18,156.729169,198.3083363,274.9125041,0.0029,88449.58333,0.0,-1.033333349,-0.737500011,0.172242364,0.6983726324860037,0.6531831687407549
2016-12-19,104.6958349,299.8083378,281.6291709,0.0032875,88822.5,0.0,-4.4708334,0.408333339,0.170927404,1.5831129574159388,0.4630855822131468
2016-12-20,126.8416686,280.5125042,282.0375042,0.003229167,89088.33333,0.0,-2.850000042,0.983333348,0.169738964,1.416655758604839,0.4436538072394028
2016-12-21,77.95000116,338.4041717,286.5541709,0.0055875,88787.91667,0.900000013,-0.070833334,1.416666688,0.168891936,2.459933621767779,0.5650368281396322
2016-12-22,92.46666804,355.2583386,286.6625043,0.0092,88385.0,12.70000019,-1.55416669,3.895833391,0.168271886,35.21583787148991,0.919545344407477
2016-12-23,149.5625022,272.9625041,283.6333376,0.006908333,88346.66667,0.0,1.600000024,2.145833365,0.167917594,19.737238743427525,0.8445753656342012
2016-12-24,141.5208354,260.8666706,283.2375042,0.0056,87877.5,0.0,-0.104166668,5.554166749,0.167658669,25.351208326022256,0.6994490814767618
2016-12-25,134.3916687,286.3541709,277.8625041,0.004291667,87929.16667,4.600000069,4.095833394,3.60416672,0.201534291,34.64767756149509,0.7779572273973465
2016-12-26,138.6291687,231.6750035,276.3083375,0.003820833,88600.83333,0.0,-0.787500012,0.037500001,0.196538148,7.116256421837915,0.7795514643632819
2016-12-27,108.3458349,271.5583374,280.1666708,0.004445833,88863.75,0.0,-2.845833376,0.90416668,0.182484006,12.636230894962626,0.6930502605091946
2016-12-28,147.1125022,262.2875039,283.4500042,0.0053625,88806.25,0.0,-0.412500006,-0.704166677,0.174038104,8.369724649717561,0.6672075333706413
2016-12-29,77.29583449,309.3875046,284.2000042,0.006316667,88897.91667,0.0,-1.675000025,0.162500002,0.169328699,5.584007322558958,0.7479816851494067
2016-12-30,110.2750016,335.2541717,283.2000042,0.006354167,88722.91667,0.0,-2.383333369,1.954166696,0.167318828,8.444037795209455,0.8033173809822578
2016-12-31,125.6916685,299.0708378,284.2291709,0.006816666,87955.41667,1.600000024,2.766666708,2.770833375,0.166287427,9.191882862150871,0.7970682706775901
2017-01-01,81.66250122,318.1625047,281.0041709,0.005770833,87698.75,1.700000025,1.57916669,4.366666732,0.165901345,9.09850175094387,0.8378460510594843
2017-01-02,127.8583352,245.9416703,276.5833375,0.0039875,88218.33333,0.0,1.854166694,2.537500038,0.166055043,4.677920111827978,0.7942560220259458
2017-01-03,125.5666685,262.7833372,279.4250042,0.004229167,88511.25,0.0,1.050000016,1.620833357,0.165450249,4.952412556283703,0.6914514599959853
2017-01-04,150.2583356,284.7416709,284.3000042,0.004475,88419.16667,0.0,1.083333349,-0.300000004,0.165012669,7.033748791694191,0.5235229862282118
2017-01-05,144.8583355,262.3791706,283.2083376,0.004783333,88088.75,0.0,2.91666671,0.89166668,0.164685715,3.87829545624897,0.6000656895653191
2017-01-06,152.1708356,270.1958374,284.4833376,0.00515,87990.41667,0.0,3.725000056,0.091666668,0.164409623,3.503505026932895,0.5922440018939631
2017-01-07,147.0666689,233.2666701,279.7208375,0.003808333,88787.08333,0.0,-1.216666685,0.008333333,0.164160871,1.666018541044448,0.6118335300774218
2017-01-08,148.2000022,273.8375041,283.0041709,0.0044875,89136.66667,0.0,-1.066666683,0.900000013,0.163897495,2.499575864980537,0.5775847675997845
2017-01-09,142.8833355,275.9916708,286.1333376,0.005475,88854.16667,0.0,1.250000019,2.475000037,0.16366273,2.005698918130118,0.5696783400942366
2017-01-10,153.891669,265.337504,285.6250043,0.003841667,88426.66667,0.0,3.162500047,0.375000006,0.163414613,2.0955903363644364,0.4114297646306237
2017-01-11,157.1125023,244.3750036,284.8583376,0.003120833,88146.25,0.0,2.233333367,1.991666696,0.163151238,1.6326408335024438,0.350621018807122
2017-01-12,148.5750022,247.4125037,282.2833375,0.0031,88145.0,0.0,1.045833349,2.48333337,0.162901849,1.156137110504874,0.4143842107945404
2017-01-13,132.612502,264.3875039,283.0791709,0.002833333,88203.33333,0.0,-0.554166675,4.220833396,0.162653097,1.205896655353648,0.3590290848734829
2017-01-14,96.12500143,323.0958381,287.0166709,0.004604167,88127.91667,0.0,-2.2541667,5.025000075,0.162404344,1.2569806150089045,0.44829103924031
2017-01-15,45.02916734,328.8916716,281.2708375,0.006104167,87964.58333,2.400000036,1.433333355,3.191666714,0.162155592,1.397324909149467,0.8727570576977848
2017-01-16,95.56666809,301.7166712,280.1875042,0.005466667,88174.16667,0.0,2.008333363,0.729166678,0.162343259,1.7060781651654549,0.8443511351793289
2017-01-17,117.7416684,268.0708373,279.5291708,0.004995833,88210.0,0.0,0.233333337,0.008333333,0.162535281,1.9314403718488324,0.8081216908952018
2017-01-18,154.7250023,253.3625038,280.2208375,0.004866667,88451.66667,0.0,1.595833357,1.245833352,0.162741288,1.335324630537352,0.7523023884214138
2017-01-19,83.13333457,268.662504,279.4583375,0.004466667,88197.08333,0.0,3.070833379,0.90416668,0.16293331,0.5648567077120054,0.7259981906280372
2017-01-20,95.27500142,287.3500043,281.7166709,0.004408333,87674.16667,0.0,2.89166671,3.983333393,0.16313932,0.9496797153060508,0.6092755953417829
2017-01-21,100.5541682,321.0541715,280.7500042,0.005129167,87215.0,7.700000115,7.554166779,4.995833408,0.163458495,32.23529571539464,0.7536783736869632
2017-01-22,124.3208352,255.1583371,277.5625041,0.003366667,88485.41667,0.0,2.541666705,0.587500009,0.163679764,9.817648588060118,0.6273294961618398
2017-01-23,159.7958357,266.650004,282.3750042,0.004366667,88199.58333,0.0,1.633333358,3.970833393,0.163814562,12.4027228424801,0.5804251462952541
2017-01-24,114.5541684,283.3916709,281.2958375,0.004429167,87635.83333,0.70000001,4.595833402,2.845833376,0.166163796,9.002268217409485,0.6298197773680564
2017-01-25,175.2291693,245.1291703,275.0875041,0.0031625,88333.75,0.0,2.975000044,-1.641666691,0.167106678,4.963957601764293,0.7024128608791679
2017-01-26,178.5625027,201.4416697,274.4291708,0.002579167,88721.66667,0.0,0.629166676,-1.59166669,0.16620833,3.032874556471993,0.6035307936831961
2017-01-27,176.520836,211.7375032,275.6250041,0.002666667,88672.08333,0.0,-0.316666671,-2.979166711,0.165648221,2.624747391873947,0.5719135254722166
2017-01-28,182.6750027,211.6791698,276.6708375,0.002016667,89209.16667,0.0,-3.216666715,-2.104166698,0.165387562,2.698645988041004,0.4036723079341728
2017-01-29,182.8958361,209.5500031,278.6375042,0.001895833,89194.58333,0.0,-3.708333389,-0.404166673,0.165303019,2.506106410838044,0.3300690035136054
2017-01-30,183.8041694,217.4500032,280.3000042,0.0021375,88912.08333,0.0,-3.475000052,0.625000009,0.165301125,2.294336094671135,0.330322032670141
2017-01-31,183.8416694,223.61667,281.4833375,0.002575,88666.66667,0.0,0.42083334,0.175000003,0.165405409,1.9505430900005325,0.3657257507543406
2017-02-01,186.2291694,223.4500033,282.1333375,0.002720833,88564.58333,0.0,2.141666699,-0.529166675,0.165569457,1.719148961969381,0.369191428829383
2017-02-02,184.2666694,222.87917,282.2416709,0.002891667,88580.83333,0.0,0.045833334,0.737500011,0.165748125,1.4007084044018303,0.389552741323918
2017-02-03,178.4625027,232.8250035,282.9416709,0.003125,88460.83333,0.0,0.037500001,1.645833358,0.165940783,1.3151488506556883,0.4008638064831886
2017-02-04,179.1416693,243.1000036,284.0083376,0.0023,88410.83333,0.0,1.037500015,1.779166693,0.166132802,1.5092996346788277,0.2743712447511777
2017-02-05,186.7083361,252.1916704,284.5458376,0.002641667,88343.33333,0.0,0.641666676,1.75833336,0.166338811,1.5049155555138016,0.3037329291125119
2017-02-06,186.6375028,262.1458372,286.1000043,0.003466667,88238.33333,0.0,2.412500036,1.625000024,0.166545457,1.512825527284153,0.3589999522681924
2017-02-07,185.4000028,258.5833372,283.0333376,0.003908333,88407.5,0.0,3.662500055,-0.508333341,0.166737476,1.128579480355727,0.4979397237409043
2017-02-08,187.7083361,267.562504,283.7541709,0.005795833,88552.5,0.0,2.170833366,-2.03750003,0.166943486,0.9123878346192004,0.7044551415958771
2017-02-09,189.7291695,264.7375039,286.2666709,0.005645833,88567.08333,0.0,-0.920833347,-0.233333337,0.167135505,1.0524435472857707,0.580419487744472
2017-02-10,193.9083362,265.9333373,289.5250043,0.0046375,88459.16667,0.0,0.766666678,2.766666708,0.167341514,1.304345267488146,0.3850551319388734
2017-02-11,185.5291694,277.0583375,290.941671,0.004220833,88373.33333,0.0,1.858333361,2.912500043,0.167533537,1.4551331925962172,0.3197773080352688
2017-02-12,145.7375022,303.9541712,287.1958376,0.004908333,88204.58333,0.0,-0.500000007,2.308333368,0.167739543,0.9990566817062468,0.4727335815330351
2017-02-13,81.60416788,318.6458381,284.0125042,0.00655,88106.25,3.100000046,-3.270833382,1.825000027,0.167931566,2.669301284039564,0.778451561379997
2017-02-14,139.3958354,284.3791709,281.8208375,0.006029167,88264.16667,0.0,0.900000013,-0.712500011,0.168137572,2.921541990869427,0.8329347951558695
2017-02-15,200.4291697,279.7416708,283.1416709,0.004829167,88477.08333,0.0,-4.583333402,0.600000009,0.168329594,3.23428681003713,0.6112391680084696
2017-02-16,205.8041697,238.0250035,281.1000042,0.0035625,88334.58333,0.0,-2.195833366,0.295833338,0.168675451,2.499002211185067,0.5175479330134507
2017-02-17,181.3291694,275.9541708,284.9250042,0.004183333,87972.5,0.0,3.012500045,2.554166705,0.169028027,2.599155222752124,0.4669814220609531
2017-02-18,126.5291686,327.0166715,285.7541709,0.0056125,87389.58333,0.0,-0.333333338,7.720833448,0.169395226,2.015789416569948,0.5889615139627598
2017-02-19,91.9833347,312.2000047,280.2125042,0.0055,87620.41667,0.600000009,0.295833338,4.825000072,0.169748435,0.9426545362766584,0.842701653152884
2017-02-20,191.6041695,294.5041711,282.8625042,0.00595,88573.33333,0.0,2.116666698,-0.633333343,0.170101011,2.250779365306789,0.76833201101895
2017-02-21,210.3208365,267.8583373,284.3791709,0.005791667,88991.66667,0.0,1.216666685,-2.062500031,0.170453584,1.9523868225938648,0.6783332501659903
2017-02-22,203.562503,268.6958373,286.8500043,0.005783333,88474.16667,0.0,1.395833354,-1.237500018,0.170816156,1.9662479743886725,0.5715376400606206
2017-02-23,220.4125033,269.2833373,287.7833376,0.004833333,87745.83333,0.0,4.729166737,0.43333334,0.171154956,2.193761053754553,0.4456343533347129
2017-02-24,223.79167,210.2458365,280.6833375,0.002095833,88081.66667,0.0,3.36250005,-0.66250001,0.171507419,1.3101183336990738,0.3124571184255726
2017-02-25,224.2833367,211.7666698,279.5541708,0.002075,88369.16667,0.0,2.150000032,-0.300000004,0.171860483,1.108340470418787,0.335669998777487
2017-02-26,94.0000014,296.0125044,283.9750042,0.001883333,87917.91667,0.0,2.920833377,1.712500026,0.17221353,1.1285487867794055,0.2239151687152651
2017-02-27,192.3458362,266.150004,283.1041709,0.003566667,88017.08333,0.0,1.866666694,2.733333374,0.172566564,1.2019159079437474,0.4502367020149194
2017-02-28,174.8625026,307.2916712,287.4708376,0.004433333,87947.08333,0.0,4.237500063,4.775000071,0.17293422,1.7126803865363385,0.4181411728377402
2017-03-01,238.2041702,250.0916704,282.2416709,0.004670833,88635.41667,0.0,0.629166676,-1.041666682,0.17327329,1.1926467278033202,0.6296219426006416
2017-03-02,242.4541703,241.4125036,284.5875042,0.003379167,88730.83333,0.0,-3.320833383,-1.408333354,0.173625587,1.3108294789273744,0.3891461385181827
2017-03-03,210.9458365,275.5333374,286.9958376,0.0028875,88557.5,0.0,-4.375000065,1.662500025,0.173978594,1.6152894895634509,0.2829025183616984
2017-03-04,239.5625036,297.2583378,287.2208376,0.0039875,88463.33333,0.0,1.270833352,2.750000041,0.174331677,1.6609140258143196,0.384541879994159
2017-03-05,206.3416697,295.5333377,289.1708376,0.005229167,88237.91667,0.0,1.56666669,4.662500069,0.174684835,1.519294751498271,0.4430931569680576
2017-03-06,246.733337,281.8958375,288.2083376,0.005508333,88107.5,0.0,3.837500057,1.966666696,0.175052556,1.501166307366804,0.4960398658466454
2017-03-07,252.1208371,240.3000036,284.0458376,0.0035625,88575.83333,0.0,0.137500002,-0.775000012,0.175406309,1.131182831728379,0.4246980390110524
2017-03-08,249.8791704,253.3833371,287.929171,0.0027625,88572.08333,0.0,-1.779166693,0.250000004,0.175759392,1.4150729942427511,0.2546682616455039
2017-03-09,252.8416704,266.6833373,291.0750043,0.003154167,88700.83333,0.0,1.412500021,0.450000007,0.176097381,1.5623373824930022,0.2378252838164856
2017-03-10,253.2125038,272.4458374,291.8000043,0.003075,88696.25,0.0,0.654166676,-1.33750002,0.176448284,1.6694268258206515,0.2214314945947825
2017-03-11,238.4166702,282.0583375,291.4000043,0.003620833,88289.16667,0.0,2.270833367,-1.412500021,0.176810991,1.8949714594047768,0.2661959252529452
2017-03-12,259.5333372,265.762504,290.3958377,0.0033875,88326.25,0.0,2.420833369,-0.483333341,0.177168116,1.9373825530697095,0.2655910259137797
2017-03-13,258.8541705,268.700004,290.2833377,0.003158333,88406.25,0.0,1.641666691,-1.329166686,0.177519484,1.965748822162586,0.2496369197479977
2017-03-14,262.6041706,273.9166707,291.7208377,0.003533333,88541.25,0.0,1.533333356,-0.779166678,0.177875732,2.0236708274137105,0.2552659410066345
2017-03-15,261.2875039,265.7083373,291.6375043,0.002775,88674.16667,0.0,2.875000043,-0.075000001,0.178232351,2.327090976230916,0.2018423370103375
2017-03-16,261.8083372,280.7583375,291.7083377,0.0031125,88661.66667,0.0,2.704166707,-1.529166689,0.178426302,2.6027247631388724,0.2253467171647495
2017-03-17,264.1458373,282.6500042,291.791671,0.0036375,88565.0,0.0,1.204166685,-0.775000012,0.178642424,2.266246796745684,0.2616874417911925
2017-03-18,266.6833373,282.5250042,293.0083377,0.003408333,88669.16667,0.0,1.437500021,0.812500012,0.178830574,2.428627114904295,0.227401826052123
2017-03-19,266.975004,287.7833376,293.1833377,0.003366667,88674.58333,0.0,1.762500026,-1.291666686,0.179032073,2.7450259180195262,0.2221896035297903
2017-03-20,263.9875039,304.5750045,295.3666711,0.004175,88522.91667,0.0,0.858333346,-0.21666667,0.179234207,2.512243902172476,0.2402456681922148
2017-03-21,266.1791706,293.054171,293.9625044,0.003825,88381.66667,0.0,1.870833361,2.045833364,0.179436345,3.1299985862017565,0.2396768771531217
2017-03-22,236.3833369,290.379171,292.6333377,0.003441667,88203.33333,0.0,1.483333355,3.56666672,0.17963848,3.1561917403505952,0.233853634345908
2017-03-23,270.787504,279.7541708,289.0458376,0.0047875,87942.08333,0.0,4.629166736,2.704166707,0.179840617,3.1088460526648776,0.4075843725802502
2017-03-24,281.2000042,247.9625037,284.2333376,0.003154167,88575.0,0.0,3.987500059,-2.516666704,0.180028129,2.3626771275040324,0.3713088311849761
2017-03-25,277.8083375,247.2916704,286.0125043,0.0028375,88380.41667,0.0,1.775000026,-0.587500009,0.18024425,2.102082722172484,0.2960265810101488
2017-03-26,281.1083375,273.3166707,288.9708376,0.0038125,88020.83333,0.0,3.57916672,-1.250000019,0.180432401,2.737606031883361,0.3264463423613724
2017-03-27,279.0375042,276.8208375,288.4375043,0.0038125,87980.41667,0.0,2.462500037,1.058333349,0.180633899,2.4441778740404003,0.3377643786377195
2017-03-28,271.8833374,283.3000042,287.3333376,0.004975,87702.91667,2.300000034,5.004166741,-0.108333335,0.180836037,5.738016835789345,0.47215672850255
2017-03-29,287.4833376,261.2375039,286.2416709,0.003883333,88055.0,0.0,3.850000057,-3.191666714,0.181038172,4.520780150333759,0.3975734411955282
2017-03-30,287.8875043,260.6541706,288.1750043,0.003241667,88125.83333,0.0,2.933333377,0.283333338,0.181240309,4.54022233666702,0.2926149941272549
2017-03-31,289.079171,261.1916706,289.491671,0.002804167,87203.33333,0.0,5.108333409,4.879166739,0.181442444,4.683190840636432,0.2300195425946067
2017-04-01,273.9541707,253.2833371,283.7291709,0.002891667,87695.41667,0.0,3.079166713,-0.966666681,0.181629955,2.812366204520089,0.3486531641378684
2017-04-02,290.4083377,278.8416708,283.0125042,0.005270833,88127.91667,1.200000018,1.741666693,-2.92916671,0.181831457,4.29518673338984,0.6703509918247739
2017-04-03,294.8791711,267.1916706,287.5083376,0.003854167,87919.58333,0.0,3.395833384,-0.158333336,0.182033592,5.01882700402437,0.3625118736612138
2017-04-04,300.0083378,266.9083373,289.854171,0.003158333,87884.58333,0.0,5.14583341,-0.595833342,0.182235729,5.066728239613921,0.2550821969227429
2017-04-05,300.9916712,251.0625037,286.7791709,0.002179167,88403.33333,0.0,0.550000008,-0.68750001,0.182437864,4.500687625588771,0.2161881931315376
2017-04-06,276.1833374,273.5291707,290.3875043,0.002566667,88282.5,0.0,-0.604166676,0.779166678,0.182639998,3.994913421723615,0.2012425152510654
2017-04-07,301.8458378,272.6375041,292.404171,0.002779167,88372.5,0.0,2.720833374,0.350000005,0.182827513,3.943536813486099,0.191945031828704
2017-04-08,288.379171,272.2333374,292.4458377,0.002141667,88205.0,0.0,3.179166714,1.970833363,0.183043635,3.810339731992652,0.1472489358373852
2017-04-09,291.1583377,275.1416708,291.0000043,0.002395833,87950.0,0.0,3.683333388,0.87916668,0.183234472,3.6685445178697296,0.1799736859831015
2017-04-10,302.3541712,251.2458371,288.9125043,0.002166667,88212.91667,0.0,1.495833356,-0.291666671,0.183446852,3.037827407731397,0.1866287390537728
2017-04-11,301.6250045,252.1583371,290.454171,0.0016375,88195.83333,0.0,0.175000003,1.187500018,0.183639485,3.0228683662261453,0.1277188829696605
2017-04-12,313.7791713,265.9541706,292.491671,0.0018375,88143.33333,0.0,0.712500011,0.920833347,0.183837722,3.3729728679807573,0.1258845357321529
2017-04-13,311.645838,266.675004,292.566671,0.002316667,88123.75,0.0,1.387500021,0.037500001,0.184037396,3.32824579451696,0.1579302361701664
2017-04-14,308.9791713,276.6125041,293.7500044,0.00245,87947.5,0.0,2.466666703,2.166666699,0.184234734,3.90355742395362,0.1547967105783977
2017-04-15,316.0791714,270.475004,292.4458377,0.002825,88055.83333,0.0,2.120833365,2.041666697,0.184434295,3.809742136805611,0.1939025851671786
2017-04-16,315.6500047,267.887504,291.9458377,0.002375,88205.0,0.0,2.050000031,0.187500003,0.184485697,3.7193035823271514,0.1685176076980253
2017-04-17,316.7500047,270.150004,292.6833377,0.002333333,88272.08333,0.0,2.975000044,-0.912500014,0.184530657,4.238809352646027,0.1581711173860063
2017-04-18,317.2958381,275.1666708,292.9708377,0.0025625,88292.91667,0.0,2.762500041,-1.433333355,0.184575614,4.492652923043715,0.1706431225373919
2017-04-19,313.120838,293.6208377,294.8666711,0.003583333,88358.33333,0.0,3.212500048,-1.691666692,0.184628084,5.018342460605613,0.2122518260423433
2017-04-20,323.1625048,277.5541708,293.341671,0.003245833,88250.83333,0.0,3.050000045,-1.183333351,0.184670392,5.000257957821416,0.2110925764980239
2017-04-21,328.4166716,255.9291705,292.2125044,0.002083333,88096.25,0.0,3.191666714,-1.912500028,0.184709995,5.135473464199318,0.1451781079009745
2017-04-22,324.3958382,266.9166706,293.6458377,0.001825,88035.41667,0.0,2.2666667,-0.875000013,0.184755456,5.011077044272376,0.1161741378161282
2017-04-23,323.4208382,278.2458375,294.9083377,0.002529167,87996.66667,0.0,0.737500011,0.283333338,0.184800413,4.595154522267283,0.1488140891364666
2017-04-24,328.0333382,276.1541708,295.5041711,0.002370833,87770.0,0.0,4.233333396,1.725000026,0.184845374,6.133290169386565,0.1341287350744598
2017-04-25,320.2291714,297.4833378,295.0375044,0.003195833,87453.75,0.0,5.691666751,2.758333374,0.184890334,6.869643213979677,0.1853976371903168
2017-04-26,323.8958382,284.9125042,291.854171,0.004233333,87722.5,0.0,4.300000064,-1.870833361,0.184931898,5.834925410717533,0.3004664548245161
2017-04-27,322.0958381,303.1958379,294.2708377,0.0041,87557.08333,0.0,4.704166737,0.508333341,0.184979428,6.366492925807736,0.2496872859565521
2017-04-28,319.1833381,311.458338,294.5500044,0.006070833,87320.83333,0.0,4.975000074,3.233333382,0.185010589,6.481410272747258,0.3623928245119917
2017-04-29,334.8583383,258.7500039,289.7083377,0.002566667,87625.0,0.0,5.925000088,-2.2291667,0.185054914,5.8884709810856055,0.2086287493996708
2017-04-30,335.2916717,247.095837,287.0291709,0.002125,88323.33333,0.0,2.908333377,-2.620833372,0.185099874,4.784995450492784,0.2071922598434976
2017-05-01,339.0166717,258.9083372,290.5583377,0.001825,88185.41667,0.0,1.662500025,-1.995833363,0.185159458,5.169787778548802,0.1413829145449218
2017-05-02,339.8625051,265.2583373,292.5250044,0.00215,88010.41667,0.0,2.987500045,-1.004166682,0.185190101,5.744226220374549,0.1467635590363253
2017-05-03,335.5583383,289.904171,294.5208377,0.002804167,88084.58333,0.0,3.058333379,-2.179166699,0.185233546,6.522778161374526,0.1691612368847412
2017-05-04,336.4291717,301.8833378,296.4958378,0.003379167,88233.75,0.0,1.216666685,-1.141666684,0.185282831,6.173220434739197,0.1808739156385684
2017-05-05,335.000005,313.5125047,298.7666711,0.003545833,88018.75,0.0,0.466666674,-0.050000001,0.18532604,5.899295607029829,0.1650644526369463
2017-05-06,323.3375048,329.1541716,298.8500045,0.004175,87721.25,0.0,1.341666687,4.24166673,0.185370639,7.408091605104119,0.1927324884403095
2017-05-07,337.287505,297.7750044,293.9708377,0.005058333,87602.91667,0.0,0.25416667,6.437500096,0.185415287,8.107751675903067,0.3140028601763555
2017-05-08,305.8125046,302.5166712,290.454171,0.006129167,87635.83333,0.0,-0.966666681,4.058333394,0.185459961,6.37217117395732,0.4750167349244003
2017-05-09,259.2083372,311.8291713,286.0875043,0.005670833,87815.0,0.600000009,0.854166679,3.466666718,0.185504605,5.211390040391841,0.5849241350596699
2017-05-10,292.354171,299.9875045,283.9541709,0.0057875,88192.5,0.500000007,3.200000048,-0.45833334,0.185534636,5.178630530938141,0.6912105930647758
2017-05-11,335.612505,292.7583377,288.3458376,0.004820833,88461.66667,0.0,2.066666697,-2.420833369,0.185584494,7.292222147715481,0.4319962564435385
2017-05-12,340.4750051,305.9708379,293.9458377,0.005216667,88234.16667,0.0,0.270833337,-0.400000006,0.185632011,8.949846224038785,0.3266722464591085
2017-05-13,345.3416718,305.8166712,296.8750044,0.004645833,87818.33333,0.0,2.220833366,2.087500031,0.185675508,8.050908042573116,0.2418583530905337
2017-05-14,331.5166716,290.7958377,295.3833377,0.003504167,87847.5,0.0,1.704166692,4.416666732,0.185713725,7.416901151928652,0.1998999510155075
2017-05-15,317.0500047,305.9708379,294.2958377,0.003458333,87790.0,0.0,1.141666684,5.512500082,0.185757896,7.225775939704609,0.2108434598164518
2017-05-16,345.7083385,287.7208376,291.2083377,0.004754167,87739.16667,0.0,3.491666719,3.745833389,0.185794826,6.347081520872735,0.3515886483422071
2017-05-17,346.9750052,275.1750041,288.9208376,0.003770833,87864.58333,0.0,3.550000053,0.925000014,0.185846657,5.494597415817138,0.3233488513118499
2017-05-18,345.9750052,294.5916711,292.9958377,0.0039375,87641.25,0.0,4.262500064,1.466666689,0.18588443,6.437082106985866,0.2598653139016911
2017-05-19,353.2500053,275.5083374,292.3250044,0.002708333,87796.25,0.0,4.045833394,-0.441666673,0.185921625,6.158629778360599,0.1867611245805591
2017-05-20,354.941672,267.1541706,292.066671,0.00245,87986.25,0.0,1.091666683,-1.275000019,0.1859735,5.512379190887413,0.1720909736648102
2017-05-21,352.7666719,283.2166709,295.4500044,0.002504167,88018.33333,0.0,1.370833354,-1.058333349,0.186026031,5.688887872771768,0.1425462964222153
2017-05-22,351.0875052,294.3166711,297.1500044,0.002591667,88137.91667,0.0,3.683333388,-1.895833362,0.18606395,6.091310803819927,0.133169836233863
2017-05-23,350.8916719,300.4166711,297.7166711,0.002854167,88135.0,0.0,3.404166717,-2.308333368,0.186101188,6.043343023886312,0.1417110718998275
2017-05-24,352.4791719,301.5875045,298.4000044,0.002883333,87938.75,0.0,3.587500053,-1.204166685,0.186138419,5.806531425903583,0.1370831077737143
2017-05-25,351.2541719,306.7500046,300.2541711,0.002916667,87611.66667,0.0,4.620833402,2.495833371,0.186190275,5.043034063695388,0.1236927534373103
2017-05-26,348.6250052,309.5208379,297.7958378,0.0034125,87955.0,0.0,2.970833378,5.183333411,0.18622816,6.639597258668555,0.1682807401935344
2017-05-27,354.729172,293.341671,296.6875044,0.0031125,88172.5,0.0,3.116666713,2.975000044,0.186280015,6.600502456089784,0.1645529728928762
2017-05-28,358.504172,279.2708375,295.5333377,0.002125,88195.41667,0.0,2.020833363,-0.291666671,0.186317876,6.185541866587699,0.1205874281125461
2017-05-29,354.791672,288.366671,297.4333378,0.0022625,88023.33333,0.0,-0.029166667,0.716666677,0.186355109,5.8960765735245015,0.1141295838630024
2017-05-30,335.437505,317.4791714,298.5791711,0.0037875,88003.75,0.0,0.508333341,0.895833347,0.186406958,6.415684933536795,0.1782762328264803
2017-05-31,341.7916718,335.100005,297.0083378,0.0063,87998.33333,0.0,-1.866666694,1.966666696,0.186444828,7.972419005790744,0.3259950451133822
2017-06-01,302.6541712,328.0125049,297.1791711,0.004283333,87865.83333,0.0,0.391666673,3.716666722,0.186482048,7.252145315195106,0.2190271156637107
2017-06-02,335.050005,307.2250046,295.9250044,0.003175,87923.75,0.0,0.258333337,1.391666687,0.186519265,7.225875274397188,0.1753560580729318
2017-06-03,334.625005,341.1500051,299.1458378,0.005329167,87972.08333,0.0,0.537500008,-2.2666667,0.186571137,7.710988942628973,0.2423919004517032
2017-06-04,332.9333383,349.5166719,300.7708378,0.005375,87963.33333,0.0,1.683333358,-1.458333355,0.186608536,7.0002765556711175,0.2219815749203618
2017-06-05,336.3958383,345.2958385,301.7500045,0.004920833,87912.08333,0.0,1.625000024,-1.166666684,0.186644174,5.907028333820206,0.191751462950407
2017-06-06,331.7166716,349.7541719,301.8500045,0.005175,88052.5,0.0,2.083333364,-0.795833345,0.186694388,5.70838449346838,0.2007993240729533
2017-06-07,290.9125043,359.6333387,301.6291712,0.006383333,88150.0,2.100000031,-0.775000012,3.32500005,0.186745242,12.749809352178138,0.2511855135374714
2017-06-08,319.9333381,360.566672,298.9166711,0.008345833,88274.16667,0.600000009,2.750000041,-0.375000006,0.186781469,14.004495939120364,0.3861577849371176
2017-06-09,336.4416717,339.1041717,299.5500045,0.0056,88028.33333,0.0,2.954166711,-1.183333351,0.186817061,11.101183323301836,0.2488057148663074
2017-06-10,324.4375048,325.2875048,300.8416711,0.00415,87847.08333,0.0,2.791666708,2.095833365,0.186867279,8.062399339960903,0.1704506072154124
2017-06-11,341.3291718,302.8750045,298.9916711,0.0024375,87874.16667,0.0,2.308333368,4.812500072,0.186903506,7.552997639028384,0.1117685701392489
2017-06-12,341.9541718,315.383338,298.6041711,0.003945833,87999.16667,0.0,2.533333371,4.095833394,0.186953721,7.933781112158728,0.1854410500571122
2017-06-13,348.5750052,301.9625045,297.5958378,0.003754167,87972.5,0.0,2.729166707,0.412500006,0.187004574,7.7260256985076445,0.1874155854800388
2017-06-14,351.4291719,283.0458376,297.6958378,0.002066667,87967.91667,0.0,1.837500027,-0.995833348,0.187040802,6.961910310007213,0.1025455943683479
2017-06-15,329.7125049,290.2833377,299.5708378,0.001479167,88102.91667,0.0,2.870833376,-0.033333334,0.187076393,5.492299728265562,0.0656929600161613
2017-06-16,349.4375052,287.2208376,299.8375045,0.0015625,88145.41667,0.0,3.500000052,-0.24166667,0.187167306,5.546111045778106,0.0683353944784514
2017-06-17,350.4291719,295.3083377,300.1333378,0.002258333,88064.16667,0.0,4.016666727,-1.050000016,0.187246002,5.887874333649737,0.0969596446429251
2017-06-18,345.1583385,312.1916713,301.4166712,0.002591667,87890.83333,0.0,3.529166719,-1.908333362,0.187324065,4.63761229801255,0.102957766376799
2017-06-19,340.2833384,336.675005,304.0458379,0.003133333,87887.91667,0.0,2.454166703,-2.450000037,0.187402125,6.076564329394164,0.1068374560641088
2017-06-20,322.5958381,389.7875058,307.3000046,0.005625,88049.58333,0.0,-0.783333345,-1.56666669,0.187494808,7.079620624409117,0.1597001691899588
2017-06-21,324.9125048,386.1041724,305.8250046,0.007766666,87918.33333,0.70000001,1.77083336,-1.087500016,0.187573503,8.8224306247223,0.2392986809722144
2017-06-22,323.6125048,387.8250058,304.7500045,0.008133333,87845.83333,0.100000001,3.875000058,-1.195833351,0.187651563,6.328514299559857,0.2662127483449152
2017-06-23,280.9958375,388.3583391,305.7208379,0.00925,87941.66667,0.0,4.158333395,-2.195833366,0.187744246,4.314408585426423,0.2867689339616547
2017-06-24,316.5875047,367.3916721,305.4083379,0.005766667,88007.08333,0.0,1.833333361,-1.995833363,0.187822945,6.447421807188533,0.1821203569841039
2017-06-25,298.0291711,383.7333391,304.6291712,0.008820833,88278.33333,0.0,-0.358333339,-0.67500001,0.187901005,6.897733973135962,0.2921511489456099
2017-06-26,327.0708382,384.5166724,302.5625045,0.009708333,88396.25,0.200000003,1.387500021,-2.387500036,0.187993688,8.490602990278616,0.3627751033753104
2017-06-27,335.687505,363.2875054,302.1375045,0.008425,88215.83333,0.0,3.141666713,-2.550000038,0.188072383,7.5491580395332765,0.3220558102604843
2017-06-28,339.8500051,348.0250052,302.6666712,0.0067375,88027.08333,0.0,3.866666724,-0.570833342,0.188150443,6.055113635099844,0.2491971703176292
2017-06-29,342.2416718,347.3791718,303.0166712,0.007566666,88067.08333,0.0,3.429166718,1.425000021,0.188228503,5.985223356420214,0.2743603176467218
2017-06-30,344.8375051,321.7833381,301.8625045,0.003579167,88080.0,0.0,2.416666703,0.975000015,0.188321189,4.225005140901422,0.1388199693468372
2017-07-01,314.070838,315.045838,301.8750045,0.002058333,88062.91667,0.0,2.175000032,1.562500023,0.188399885,1.979496498425254,0.0797597680024393
2017-07-02,285.4625043,357.2375053,302.6666712,0.005375,88347.08333,1.600000024,3.129166713,-0.495833341,0.188477944,9.263794471604871,0.1995256347103303
2017-07-03,272.8291707,369.5166722,299.5250045,0.0103125,88540.83333,0.200000003,2.791666708,-2.45833337,0.188570627,8.903197349429032,0.4615340398984424
2017-07-04,288.1500043,382.7166724,301.0250045,0.011741666,88390.0,1.500000022,3.270833382,-2.491666704,0.1886347,15.606421058725417,0.4800276712652567
2017-07-05,304.5291712,370.6500055,302.4083378,0.0092875,88355.83333,0.0,2.983333378,-1.729166692,0.188726746,12.337537743904656,0.3500181978306912
2017-07-06,303.2750045,379.2666723,303.5000045,0.0090125,88466.66667,0.0,1.454166688,-2.545833371,0.188805442,10.014704714854563,0.3192121621820857
2017-07-07,306.1583379,375.7166723,304.4416712,0.007454166,88352.08333,0.0,-1.675000025,-0.233333337,0.188898128,7.66254076596493,0.249762736340401
2017-07-08,303.4125045,379.7166723,304.2291712,0.0084625,88346.66667,0.0,-3.125000047,1.57916669,0.188976824,6.363842967979448,0.287011214821948
2017-07-09,250.1791704,380.3625057,300.8666711,0.011754166,88392.91667,5.800000086,1.012500015,-1.008333348,0.189054884,40.500259244750325,0.4850566982040012
2017-07-10,226.0958367,389.6208391,300.0958378,0.012066666,88274.16667,1.600000024,0.975000015,-2.087500031,0.189147566,35.37993328045404,0.5204631195101588
2017-07-11,239.6916702,378.7791723,297.3000044,0.013316666,88300.83333,3.400000051,3.216666715,-2.383333369,0.189226262,47.89965027685378,0.679324019908425
2017-07-12,198.250003,390.2000058,299.8041711,0.01315,88232.08333,1.200000018,3.791666723,-2.200000033,0.189304322,36.12450639037863,0.5768171206464893
2017-07-13,257.6250038,379.8500057,298.6583378,0.013395833,88363.33333,0.100000001,2.729166707,-2.279166701,0.189397008,23.437540352199548,0.630115751450379
2017-07-14,277.9916708,383.208339,297.3708378,0.0140375,88507.08333,23.70000035,-0.595833342,-2.816666709,0.189475704,133.61194521692667,0.7146971873205221
2017-07-15,255.9833371,387.3708391,300.1625045,0.013091666,88426.66667,0.0,-0.733333344,-0.412500006,0.189553763,48.0010076055205,0.5634189172563957
2017-07-16,195.3625029,386.2625058,296.9000044,0.014416666,88387.5,2.00000003,0.566666675,-0.287500004,0.18938008,33.86831422100897,0.7542380047005123
2017-07-17,177.270836,382.9125057,296.2291711,0.0151625,88225.0,15.20000023,0.387500006,1.14583335,0.189195451,68.9057601743275,0.8248179358907757
2017-07-18,180.5041694,386.2333391,296.9541711,0.014291666,88337.91667,2.100000031,1.270833352,0.670833343,0.189010821,56.85167061323577,0.7448247111669596
2017-07-19,177.745836,385.5041724,296.5833378,0.013754166,88473.33333,18.10000027,2.279166701,-0.600000009,0.188826192,84.31330413767625,0.7342829885361106
2017-07-20,235.6125035,377.370839,296.5375044,0.013995833,88490.83333,0.0,2.158333365,-1.320833353,0.188641563,62.57642290883581,0.7494214818649055
2017-07-21,226.00417,386.9500058,296.9833378,0.014933333,88388.75,1.800000027,2.587500039,-0.854166679,0.188456934,54.01427326229543,0.777335991128178
2017-07-22,187.0000028,385.4416724,297.1375044,0.015145833,88292.08333,1.400000021,3.154166714,-1.170833351,0.188257682,37.87591580232869,0.7802036099515431
2017-07-23,179.2166693,387.6583391,295.6291711,0.015525,88259.58333,7.500000112,2.2166667,-0.383333339,0.188087044,56.59097329837329,0.8764689612642845
2017-07-24,194.7791696,386.4916724,295.9500044,0.0156625,88277.08333,6.500000097,0.679166677,1.358333354,0.18790305,70.39163890290891,0.8671924104628527
2017-07-25,254.6625038,379.845839,297.3666711,0.0147375,88406.66667,0.500000007,1.55416669,-0.24166667,0.18772243,73.17536385373164,0.749674318404222
2017-07-26,275.0750041,392.6916725,299.8500045,0.014070833,88498.75,0.0,2.166666699,-1.837500027,0.187541481,66.9158631000054,0.6173912643969203
2017-07-27,263.7416706,377.6666723,298.5250044,0.014841666,88352.91667,0.0,2.00000003,-2.508333371,0.187345852,33.85010158603907,0.7036458392567433
2017-07-28,187.9458361,385.2166724,297.0166711,0.013891666,88350.0,8.300000124,1.595833357,-1.679166692,0.187149615,61.653448923190965,0.7213353926153859
2017-07-29,180.570836,385.5250057,295.9875044,0.01455,88417.91667,26.30000039,3.075000046,-0.89166668,0.186967964,86.9349139790754,0.8050322349428299
2017-07-30,168.0958358,388.9625058,295.5166711,0.015933333,88520.41667,17.90000027,1.916666695,-0.808333345,0.186786987,69.16542379144929,0.9084301369398264
2017-07-31,260.0458372,370.1208388,296.6625044,0.015333333,88441.66667,2.400000036,0.425000006,-0.966666681,0.186606016,74.52708023067572,0.8143617479564237
2017-08-01,207.5791698,387.7000058,296.4875044,0.015375,88449.16667,14.70000022,1.137500017,-1.154166684,0.186425032,88.01849454844984,0.8253933235163226
2017-08-02,213.3916698,378.5666723,297.0000044,0.0154625,88491.66667,10.30000015,-0.145833336,0.166666669,0.186229406,76.11872208715334,0.8050034751825728
2017-08-03,231.2208368,388.0583391,297.0875044,0.0159625,88548.75,0.900000013,-0.295833338,0.354166672,0.186047791,63.68529933032045,0.8271671005095252
2017-08-04,218.4916699,381.0875057,298.5333378,0.015304166,88482.08333,0.100000001,-0.404166673,1.59166669,0.18586679,47.2059770896732,0.7262706227518649
2017-08-05,279.0708375,383.2250057,299.1666711,0.014341666,88341.25,0.300000004,2.787500042,-0.145833336,0.185685818,51.50565840593953,0.6542396618221783
2017-08-06,302.4333378,364.1833388,298.9666711,0.0128625,88260.0,0.0,3.045833379,0.108333335,0.185504819,34.97665986228571,0.5932698075603812
2017-08-07,302.8958378,348.1791719,297.9875044,0.010575,88288.75,0.0,1.80833336,-0.566666675,0.185309197,25.56745047908003,0.5174507843659333
2017-08-08,301.6625045,354.641672,298.8000045,0.0110625,88307.5,0.0,1.800000027,-1.595833357,0.185127586,22.15209760055995,0.5156371640205967
2017-08-09,285.4625043,369.2208388,299.5500045,0.011654166,88264.16667,0.0,1.404166688,-1.258333352,0.184946541,19.84693485678779,0.5191770307357764
2017-08-10,268.3791707,373.4291722,299.2750045,0.0135375,88342.91667,1.200000018,0.466666674,-2.820833375,0.184750971,21.943618867842208,0.6135873670277656
2017-08-11,275.5416708,372.6541722,296.7666711,0.014145833,88325.0,3.100000046,0.333333338,1.666666692,0.184569365,35.92358800476226,0.7455626316826511
2017-08-12,243.2416703,388.4541725,299.8458378,0.01365,88250.41667,0.800000012,1.979166696,2.491666704,0.184373726,32.40098098622664,0.5973933974476432
2017-08-13,273.1416707,378.3666723,296.0875044,0.014545833,88378.75,10.80000016,3.10833338,0.941666681,0.184192121,99.21131718265136,0.7995410601839138
2017-08-14,243.758337,375.5958389,297.6375044,0.014395833,88200.83333,1.200000018,3.654166721,-0.070833334,0.184011113,67.35645395778155,0.7187229557131858
2017-08-15,281.6916709,356.0250053,297.1583378,0.013525,88092.08333,0.600000009,3.137500047,1.000000015,0.183830096,51.149088818432894,0.6942543814166814
2017-08-16,298.3958378,328.9083382,297.0166711,0.00965,88251.25,0.0,1.77083336,2.341666702,0.183789843,37.30005863436673,0.5005235700969949
2017-08-17,294.6625044,335.625005,297.0416711,0.008754166,88402.91667,0.0,1.483333355,1.383333354,0.183755715,28.416502896128137,0.4541495243736398
2017-08-18,293.1708377,326.6750049,296.8750044,0.006879166,88429.58333,0.0,2.466666703,-1.425000021,0.183721567,24.341115577810463,0.3606165667375183
2017-08-19,204.600003,360.3000054,298.3416711,0.009425,88322.91667,0.0,1.237500018,-0.704166677,0.18367278,15.060880643796748,0.4516325194503701
2017-08-20,225.3583367,389.7833391,297.0500044,0.011641666,88337.5,0.0,-1.508333356,-0.400000006,0.183638024,17.486950682217625,0.6031955652275295
2017-08-21,276.6041708,362.8083387,296.9083378,0.010733333,88363.33333,0.0,2.708333374,-1.850000028,0.183618534,18.806907264163588,0.5610991160590357
2017-08-22,277.8291708,366.9625055,298.9458378,0.010895833,88476.25,0.0,1.379166687,-0.725000011,0.183570403,17.623825894232624,0.504418584835501
2017-08-23,209.1333364,379.3625057,297.8625044,0.013541666,88449.16667,1.800000027,1.55416669,1.37500002,0.183535606,17.316896445704305,0.6688378875613862
2017-08-24,276.4041708,354.1000053,294.8875044,0.012545833,88320.83333,3.100000046,1.558333357,-1.983333363,0.183501519,32.6298346328529,0.7418586278006248
2017-08-25,278.4750041,353.6416719,297.2208378,0.011354166,88018.75,0.0,0.345833338,-2.48333337,0.183467331,26.94930736510449,0.580135959325064
2017-08-26,253.8291704,368.8541722,298.3625044,0.0120375,88257.08333,0.100000001,-1.483333355,-0.920833347,0.183433177,22.0416062949832,0.5756689584814076
2017-08-27,263.8208373,368.0083388,298.7375045,0.011375,88434.58333,0.100000001,-2.020833363,0.720833344,0.183399047,20.520732661733675,0.5329570365856622
2017-08-28,280.5541708,343.3416718,298.2125044,0.008895833,88375.83333,0.0,-4.158333395,1.166666684,0.183364945,20.10483336022345,0.4298552670820815
2017-08-29,279.1125042,348.7125052,298.8166711,0.008829166,88366.25,0.0,-2.987500045,0.345833338,0.183316155,18.055643570804143,0.411401772078673
2017-08-30,277.9541708,347.6333385,298.6208378,0.008416666,88266.66667,0.0,-3.262500049,1.229166685,0.183296011,17.205969428365012,0.3963615319966506
2017-08-31,277.8750041,330.7666716,297.2000044,0.00585,88262.5,0.0,-2.137500032,2.079166698,0.183262501,15.420860965025032,0.3001094902180359
2017-09-01,282.7875042,327.2291715,297.3458378,0.005958333,88220.83333,0.0,-1.587500024,0.187500003,0.183213741,13.29739066632167,0.3028359283085884
2017-09-02,236.6208369,350.7000052,297.0333378,0.009508333,88358.33333,0.0,-2.116666698,4.558333401,0.183178942,13.259686139468236,0.4932748765573361
2017-09-03,240.3333369,375.2375056,297.3583378,0.009629166,88565.41667,0.0,-0.441666673,1.662500025,0.183144812,12.171634174905009,0.4909482325683166
2017-09-04,270.175004,357.1583387,299.2583378,0.009420833,88377.08333,0.0,0.770833345,-1.787500027,0.183110679,12.199126683148942,0.4275894208470173
2017-09-05,273.5666707,351.8375052,299.0000045,0.0085375,88305.41667,0.0,-0.225000003,-1.10833335,0.183076549,11.132947167188265,0.3932018713155751
2017-09-06,273.0458374,338.5041717,298.6083378,0.0066625,88440.41667,0.0,-3.037500045,1.791666693,0.183042394,12.035480659467549,0.3146068172875313
2017-09-07,270.8458374,344.3958385,297.9625044,0.007441666,88363.75,0.0,0.837500012,1.304166686,0.183008281,10.302001760234525,0.3649906256941206
2017-09-08,235.1750035,354.5833386,297.5458378,0.008629166,88241.66667,0.0,1.825000027,1.562500023,0.182974133,9.43317430976315,0.4334110276278339
2017-09-09,200.8041697,368.5541722,295.8416711,0.012266666,88417.08333,5.40000008,0.637500009,1.962500029,0.182940014,26.02826941873909,0.684777166150146
2017-09-10,260.7958372,357.5083387,296.8083378,0.011320833,88377.08333,2.800000042,-1.316666686,0.320833338,0.182891227,41.24439809264844,0.5955110960257948
2017-09-11,264.0833373,356.0750053,299.4208378,0.008804166,88382.08333,0.0,-2.45833337,1.454166688,0.182871075,32.41174798826096,0.3957700972525249
2017-09-12,263.9583373,346.9333385,299.1541711,0.0075125,88307.5,0.0,-0.379166672,-0.416666673,0.182822962,20.456278339021157,0.3428308481797923
2017-09-13,256.2083372,349.7416719,298.9958378,0.008333333,88062.91667,0.200000003,2.987500045,-0.966666681,0.182788201,17.518984268251238,0.3828401549813274
2017-09-14,248.4291704,362.0833387,298.9083378,0.010358333,88032.5,0.400000006,3.55416672,1.979166696,0.182754028,15.96754275751496,0.4782014107654712
2017-09-15,241.7791703,359.0583387,297.5708378,0.010620833,88050.0,0.0,2.962500044,4.529166734,0.182719895,12.969577354553184,0.5314827631670365
2017-09-16,259.1291705,343.4208385,296.3000044,0.010241666,88132.5,0.0,1.258333352,3.758333389,0.182578523,11.213865953973652,0.5541463840835046
2017-09-17,256.7458372,340.2041717,296.3458377,0.009020833,88212.91667,0.0,1.78333336,3.250000048,0.182447139,10.62439317057969,0.4871717808109859
2017-09-18,255.1416705,338.9916717,296.4750044,0.008508333,88258.75,0.0,1.925000029,2.450000037,0.182287166,9.88330403704803,0.4561263458373034
2017-09-19,254.3541705,348.1000052,297.8125044,0.009275,88188.75,0.0,3.179166714,2.650000039,0.182155168,10.04524491621899,0.4581331247150742
2017-09-20,254.1166705,343.4166718,297.2750044,0.009383333,88112.91667,0.0,2.770833375,2.650000039,0.182009782,9.218586715684811,0.4783776955872602
2017-09-21,251.2375037,344.4750051,297.9000044,0.009283333,87988.75,0.0,2.108333365,3.916666725,0.181863775,9.175767172337476,0.4550972965587291
2017-09-22,238.5833369,339.8708384,296.7916711,0.006979166,87762.08333,0.0,1.804166694,4.800000072,0.181717765,9.08781600793174,0.3649406826396959
2017-09-23,239.8250036,342.1541718,294.5250044,0.007508333,87589.16667,0.0,1.704166692,4.791666738,0.181586357,8.479137297066796,0.4502762424098552
2017-09-24,252.8625038,292.166671,291.2750043,0.0045875,87733.75,0.0,1.775000026,1.441666688,0.181426345,6.4649484806514605,0.3378094230283728
2017-09-25,254.1916705,274.4625041,290.7875043,0.003741667,87785.83333,0.0,1.662500025,1.408333354,0.18129435,5.931479823982381,0.2843679433750907
2017-09-26,249.5500037,278.9208375,291.3875043,0.003666667,87822.91667,0.0,1.104166683,2.341666702,0.18113433,6.149739918464455,0.2683545817266562
2017-09-27,244.6416703,296.5166711,292.304171,0.004425,87963.33333,0.0,0.766666678,1.925000029,0.181003259,6.124580427583303,0.306120868698272
2017-09-28,242.733337,305.8083379,292.704171,0.005041667,88157.5,0.0,-0.275000004,0.554166675,0.180862019,5.496418869736446,0.3408730498317544
2017-09-29,234.3875035,333.512505,295.6083377,0.008625,88154.16667,0.0,0.629166676,1.079166683,0.180716986,6.026602899321989,0.4869676035325064
2017-09-30,235.1375035,344.6291718,296.2750044,0.009383333,88149.16667,0.0,0.654166676,1.80833336,0.180577653,6.585443220789667,0.5085759101901303
2017-10-01,244.520837,310.4250046,295.2958377,0.004808333,87966.25,0.0,2.550000038,2.737500041,0.180426469,7.196572576385821,0.2761502245621544
2017-10-02,244.7000036,303.4166712,295.7375044,0.004766667,87640.83333,0.0,2.420833369,5.112500076,0.180283319,7.8479616400066385,0.2654480241729836
2017-10-03,240.6708369,300.8750045,294.6750044,0.004595833,87955.83333,0.0,0.791666678,3.895833391,0.180144958,6.699365713200884,0.2742116296791931
2017-10-04,232.2500035,331.1250049,295.3166711,0.007120833,88265.41667,0.0,-0.304166671,2.337500035,0.180005085,6.0585337967868345,0.4098262332591165
2017-10-05,228.6791701,359.254172,298.2375044,0.0087,88207.08333,0.0,1.104166683,1.466666689,0.179850695,6.295328479226883,0.4189594427229186
2017-10-06,231.0583368,347.3333385,297.8083378,0.0072,88149.58333,0.0,3.82083339,-0.195833336,0.179716805,6.894676949963037,0.3555711369890846
2017-10-07,243.2625036,257.5583372,291.8500043,0.0023875,88046.66667,0.0,1.216666685,-0.858333346,0.179559035,3.988093483531891,0.1701269752421316
2017-10-08,239.7625036,257.2125038,291.916671,0.002304167,87788.75,0.0,2.604166705,2.300000034,0.179419208,5.109051159328501,0.1630200522139299
2017-10-09,232.3208368,300.5166711,294.1083377,0.0050375,87856.25,0.0,3.404166717,3.070833379,0.179280143,5.95311441356244,0.310947279780716
2017-10-10,231.1291701,291.5875043,291.6958377,0.004529167,88383.75,0.0,-0.841666679,1.658333358,0.17913136,4.396465110314832,0.3271448645728855
2017-10-11,226.7208367,302.5750045,292.779171,0.005316667,88299.58333,0.0,-2.200000033,2.183333366,0.17898553,4.930707722611132,0.3583553542458884
2017-10-12,221.9500033,331.7000049,295.6041711,0.007354166,88193.33333,0.0,2.158333365,1.329166686,0.178854472,5.066494916727142,0.4155069849254128
2017-10-13,219.0458366,337.9583384,295.0541711,0.007629166,88322.08333,0.0,1.737500026,0.237500004,0.178709423,4.754105736872613,0.4465211410334138
2017-10-14,220.4250033,321.9750048,294.9375044,0.005816667,88397.91667,0.0,2.2291667,-1.250000019,0.178563742,4.78339837981183,0.3431905073046304
2017-10-15,215.8666699,301.4416712,293.4875044,0.0040875,88702.08333,0.0,0.050000001,-0.691666677,0.178410346,3.2546800439617907,0.2647689205595864
2017-10-16,217.5083366,310.445838,293.916671,0.004845833,88901.25,0.0,-3.725000056,1.079166683,0.17832416,4.862821418515204,0.3062992828025007
2017-10-17,212.3958365,325.1708382,294.5041711,0.00715,88678.75,0.0,-1.945833362,1.387500021,0.178255534,4.260461245677653,0.4346808930696148
2017-10-18,212.1791698,337.3166717,296.4416711,0.0068,88382.5,0.0,2.2041667,0.44583334,0.178169361,4.545582667340446,0.365797266482025
2017-10-19,169.8416692,325.2291715,294.2791711,0.005304167,88144.58333,0.0,2.400000036,0.833333346,0.178096824,3.589085117928684,0.3250197496179612
2017-10-20,212.7041698,310.0791713,294.5291711,0.005020833,87954.58333,0.0,2.120833365,3.55416672,0.178010292,4.849322201741042,0.3022786042494561
2017-10-21,212.4583365,299.4541711,292.5958377,0.006229167,88039.58333,0.0,3.33750005,0.791666678,0.177937744,4.041014760298756,0.4234683700103182
2017-10-22,212.4458365,275.7625041,289.8375043,0.004645833,88734.58333,0.0,-0.995833348,-1.216666685,0.177851211,2.974682843731503,0.3792543862016861
2017-10-23,214.4708365,270.2541707,291.2375043,0.003191667,88837.91667,0.0,-2.250000034,-0.47083334,0.177778662,3.4189769206144573,0.2385495704318559
2017-10-24,208.3958364,276.2708375,292.2208377,0.003016667,88812.5,0.0,-2.725000041,-0.750000011,0.17769213,3.707342929319169,0.2118158713298369
2017-10-25,206.9916698,286.1666709,291.7875043,0.004466667,88704.58333,0.0,-3.845833391,1.683333358,0.177619585,4.132267127995948,0.3219302345073315
2017-10-26,206.6958364,276.9375041,291.691671,0.003866667,88205.0,0.0,3.620833387,0.237500004,0.177533049,3.875780685706204,0.2788006539928314
2017-10-27,204.6041697,273.4916707,290.654171,0.003270833,88150.83333,0.0,3.004166711,-1.012500015,0.177460504,3.634055311687151,0.251748454121479
2017-10-28,200.6958363,271.1458374,289.216671,0.0031875,88114.16667,0.0,-0.645833343,-1.341666687,0.177373946,2.759698389338042,0.2689174775263785
2017-10-29,199.8916696,274.3791708,289.479171,0.003270833,88131.25,0.0,-1.225000018,1.500000022,0.177292484,3.009505207420436,0.2713722899766719
2017-10-30,193.5375029,281.4000042,290.7958377,0.004016667,88000.83333,0.0,1.833333361,3.479166719,0.17721149,3.701507124401601,0.3058532662097894
2017-10-31,182.0666694,297.7666711,289.0583376,0.006375,88004.58333,0.500000007,0.70000001,3.79583339,0.177143185,3.2743770054090056,0.5426837793370847
2017-11-01,181.5416694,296.4125044,289.7958377,0.005575,88091.25,0.0,1.945833362,2.762500041,0.177051918,3.421015342462739,0.453015893177544
2017-11-02,187.2375028,279.0291708,289.291671,0.004945833,88289.58333,0.0,1.716666692,3.287500049,0.176974247,3.305595137028834,0.4160750015254658
2017-11-03,173.4625026,288.3083376,289.366671,0.005604167,88550.41667,0.0,0.587500009,2.800000042,0.176897215,2.834982398432797,0.470571094028789
2017-11-04,112.1416683,341.0958384,290.0500043,0.005958333,88382.5,0.0,1.504166689,3.500000052,0.176820183,2.7725636622429093,0.4779103961606716
2017-11-05,178.658336,305.7791712,290.3125043,0.0078875,88315.83333,0.0,1.637500024,2.745833374,0.176743148,2.901102877396734,0.6216354561780102
2017-11-06,172.3083359,289.5625043,289.0208376,0.0053125,88447.08333,0.0,2.337500035,0.245833337,0.176651494,2.6849133128922795,0.4556126821158364
2017-11-07,151.4625023,313.270838,288.9125043,0.005720833,88556.25,0.0,2.020833363,-0.725000011,0.176588449,2.623083117489663,0.4946894620902525
2017-11-08,176.5375026,331.4500049,288.6333376,0.008191666,88480.83333,3.600000054,-0.316666671,0.250000004,0.176497427,12.179141707649547,0.7206487943664047
2017-11-09,175.1583359,294.8041711,288.0833376,0.007120833,88342.08333,0.0,-2.116666698,1.287500019,0.176419759,5.650126741105886,0.6482068057328438
2017-11-10,169.0750025,283.5958376,288.6958376,0.006016667,88237.5,0.0,-0.033333334,0.679166677,0.176342728,4.467521987413816,0.5257180087853461
2017-11-11,171.4625026,289.0625043,290.1083377,0.005370833,88267.08333,0.0,1.891666695,0.341666672,0.17625107,4.544475819134744,0.4286204143822291
2017-11-12,165.5000025,283.1958376,288.5125043,0.004854167,88464.58333,0.0,-0.279166671,0.804166679,0.176173402,3.311747825435738,0.4303171908313016
2017-11-13,167.2916692,277.3125041,289.591671,0.004708333,88607.08333,0.0,-0.104166668,0.550000008,0.176096371,2.519636741751613,0.3899143740517221
2017-11-14,172.0250026,276.2458374,289.9875043,0.0042125,88531.66667,0.0,1.954166696,-0.545833341,0.176019336,2.775485575088383,0.3398081053676092
2017-11-15,158.0458357,274.1458374,289.2333376,0.003333333,88362.91667,0.0,1.029166682,0.816666679,0.175942304,1.98868713884595,0.2817117635198994
2017-11-16,167.0708358,272.0333374,289.4333376,0.002983333,88340.83333,0.0,1.441666688,1.220833352,0.175750641,2.0250483276711324,0.2488410011735025
2017-11-17,166.4041691,269.4791707,289.7875043,0.003070833,88326.66667,0.0,2.633333373,1.883333361,0.175539371,1.937338028975509,0.2503319145036498
2017-11-18,164.4416691,278.4250041,287.9875043,0.00425,88460.41667,0.0,1.708333359,-1.420833355,0.175342088,1.5147371797000764,0.3898190225500128
2017-11-19,167.8916692,256.2625038,286.2833376,0.003483333,88467.91667,0.0,-4.079166727,0.087500001,0.175130815,1.433380015151021,0.3573093861209795
2017-11-20,167.2666692,241.1458369,283.8708376,0.003166667,88363.75,0.0,-1.741666693,0.770833345,0.174933532,0.9392196669013824,0.3810659647036972
2017-11-21,160.9375024,261.9625039,285.6791709,0.0030125,88465.0,0.0,1.712500026,-2.162500032,0.174736885,1.2216650409547338,0.321610360635335
2017-11-22,162.0250024,262.6041706,287.4083376,0.002654167,88760.41667,0.0,-2.820833375,-0.008333333,0.174525615,1.3211994754134044,0.2536848383270421
2017-11-23,163.3250024,256.3708372,286.8416709,0.002820833,88693.75,0.0,-2.975000044,0.058333334,0.174328333,1.2202514391331036,0.2796137038288003
2017-11-24,160.8916691,252.3000038,287.2750043,0.003416667,88295.83333,0.0,0.395833339,0.020833334,0.174131686,0.5421019460848604,0.3277035363158138
2017-11-25,159.041669,267.112504,288.5375043,0.0034,88434.16667,0.0,1.904166695,-0.783333345,0.173935035,1.0751647282377823,0.3008149067832434
2017-11-26,159.391669,262.1125039,288.2333376,0.003216667,88684.16667,0.0,-1.220833352,-0.416666673,0.173723765,0.8480470696171212,0.2910916877011139
2017-11-27,158.1958357,254.5208371,288.6708376,0.002754167,88274.16667,0.0,-0.312500005,2.308333368,0.173526483,1.0150822939532536,0.2411409078594555
2017-11-28,159.5958357,264.9166706,289.5333376,0.003770833,88114.16667,0.0,2.704166707,1.562500023,0.173329836,1.1787292090546608,0.3117068308514644
2017-11-29,140.5625021,274.6416708,287.0250043,0.003329167,88501.25,0.0,-1.441666688,2.237500033,0.173118566,0.9766372486093036,0.3253440760906006
2017-11-30,135.8041687,285.9208376,286.5333376,0.003691667,88599.58333,0.0,0.166666669,1.616666691,0.172921283,0.8440928610398233,0.3730402930742411
2017-12-01,140.6458354,291.729171,287.2958376,0.004058333,88460.0,0.0,-0.583333342,1.570833357,0.17271001,0.9232896811057392,0.3894396970151631
2017-12-02,128.1583352,311.1250046,287.5333376,0.004304167,88437.5,0.0,0.491666674,0.370833339,0.172512727,0.8499722573530316,0.4065573334821057
2017-12-03,153.1333356,289.991671,286.9375043,0.0048,88346.25,0.0,1.512500023,1.433333355,0.17231608,0.9783480352599012,0.4709583705671331
2017-12-04,152.6416689,269.2291707,285.7666709,0.0049,88031.66667,0.0,2.47083337,1.754166693,0.17210481,0.8212760569507231,0.517542387419502
2017-12-05,47.20833404,306.9208379,285.8416709,0.005425,88242.08333,0.0,0.054166667,1.766666693,0.171907527,0.1736649466619556,0.571514609476227
2017-12-06,109.6125016,321.4208381,284.7958376,0.005420833,88527.08333,0.0,-0.154166669,0.133333335,0.171710877,0.7835137815569546,0.614213302515622
2017-12-07,155.6125023,268.125004,281.3500042,0.003566667,88620.41667,0.0,-0.954166681,-3.291666716,0.174450911,0.6997904429656371,0.5109657257769812
2017-12-08,156.3583357,213.1333365,275.6416708,0.002395833,89112.91667,0.0,-3.062500046,-1.595833357,0.180346971,0.2022606318522264,0.5157631084527139
2017-12-09,156.229169,221.70417,278.8166708,0.001941667,89150.0,0.0,-2.716666707,0.633333343,0.177092209,0.4560110167458919,0.3336551598537162
2017-12-10,153.0166689,238.1708369,283.1708376,0.001966667,89085.0,0.0,-4.604166735,1.35000002,0.1742666,0.9170613480521472,0.2501415018703335
2017-12-11,134.3916687,271.1083374,282.6625042,0.002333333,89010.83333,0.0,-2.895833376,1.033333349,0.172380042,0.7764582213579501,0.3069372509139008
2017-12-12,153.0708356,253.6875038,281.5333375,0.002645833,88970.83333,0.0,-3.908333392,-0.208333336,0.171364503,0.7347759866134476,0.3757833817603292
2017-12-13,149.4125022,269.5416707,282.9166709,0.002529167,88486.66667,0.0,-2.808333375,0.750000011,0.170636977,0.8465751804077677,0.3250781424134085
2017-12-14,147.7375022,254.9458371,283.1666709,0.003383333,88050.83333,0.0,2.283333367,1.045833349,0.170217171,0.6617479669928173,0.4254525069224694
2017-12-15,155.6458357,232.2375035,281.3125042,0.002670833,88554.58333,0.0,-2.975000044,0.0,0.169939143,0.5833494930601901,0.3833298588954711
2017-12-16,152.5041689,217.1250032,277.7875041,0.002345833,88020.0,0.0,-1.558333357,2.775000041,0.169673488,0.3438495243552405,0.4279369820118786
2017-12-17,83.97083458,303.0375045,281.4958375,0.005075,87730.41667,4.200000063,-1.283333352,3.679166721,0.169694944,3.937658084002298,0.7125765002011145
2017-12-18,71.97916774,317.8333381,280.0250042,0.0059625,88252.91667,0.400000006,-0.308333338,1.287500019,0.169759632,2.819983187795311,0.932216045475614
2017-12-19,149.4041689,260.0875039,278.9583375,0.00485,88661.66667,0.0,1.858333361,-0.86666668,0.169187902,2.6702429112808237,0.8206621298245855
2017-12-20,152.5416689,231.7750035,279.4291708,0.0040125,88635.83333,0.0,0.983333348,0.533333341,0.168778296,2.001636674700269,0.6567595885323824
2017-12-21,153.6333356,238.4750036,282.4625042,0.0037,87925.83333,0.0,2.908333377,3.279166716,0.168458968,2.502479371422908,0.4873701027848675
2017-12-22,156.2833357,196.5916696,274.0500041,0.00185,88457.91667,0.0,2.345833368,-1.562500023,0.168170797,1.1251277129097728,0.4437158198700416
2017-12-23,151.4291689,220.3583366,275.8583374,0.002204167,88842.91667,0.0,-1.837500027,0.304166671,0.167907421,1.100288454618537,0.4657429465025853
2017-12-24,153.3958356,235.5750035,280.4750042,0.002420833,88750.41667,0.0,-1.200000018,0.554166675,0.167658669,1.4377380023812476,0.3689275861264887
2017-12-25,153.3833356,239.6291702,282.7583375,0.002220833,88575.41667,0.0,0.354166672,2.208333366,0.167407373,1.5005723831106303,0.288822043821013
2017-12-26,141.3041688,236.7958369,281.7291709,0.001804167,88538.75,0.0,1.466666689,0.937500014,0.167145905,1.1026474507109123,0.2515972600500067
2017-12-27,134.175002,276.7250041,282.9083375,0.0020375,88687.08333,0.0,0.316666671,0.412500006,0.166897153,1.4010905403650185,0.2626249578033084
2017-12-28,155.0708356,242.0416703,282.8583375,0.002579167,88746.66667,0.0,-1.479166689,-0.120833335,0.1666484,0.9437307662605464,0.3337976904043781
2017-12-29,156.691669,231.3583368,282.8000042,0.002379167,88769.16667,0.0,-2.412500036,0.25416667,0.166399647,0.8613546992711882,0.3092139542778001
2017-12-30,157.1125023,230.1083368,283.6666709,0.002454167,88671.66667,0.0,0.212500003,0.625000009,0.166150895,0.5643772031605572,0.3004605973787829
2017-12-31,148.5125022,249.5375037,284.3583376,0.002616667,88462.5,0.0,1.916666695,1.270833352,0.165902142,0.8391949389549366,0.3050735640707681
2018-01-01,146.8375022,293.2083377,287.6333376,0.003045833,88660.83333,0.0,1.441666688,0.045833334,0.16565339,1.1272922472305382,0.2865471624370581
2018-01-02,145.3750022,267.0666706,286.8625043,0.003075,88650.83333,0.0,1.629166691,-0.90416668,0.165404637,0.823994035348434,0.304243479322837
2018-01-03,131.3916686,260.4750039,286.2125043,0.002429167,88525.0,0.0,-3.491666719,1.083333349,0.165155881,0.8577112242191214,0.2505063904347021
2018-01-04,78.62500117,338.5041717,287.791671,0.003133333,88484.58333,0.0,-1.391666687,-0.437500007,0.164907129,0.7681667060899804,0.2911678953161045
2018-01-05,151.8375023,261.7208372,287.0625043,0.004125,88777.5,0.0,0.633333343,0.333333338,0.164658376,0.5113942173283883,0.4033814525719027
2018-01-06,147.7458355,263.1916706,287.7875043,0.003266667,88652.5,0.0,0.745833344,0.87916668,0.164395,0.563047027599162,0.3042168280610982
2018-01-07,148.7250022,301.5750045,288.1125043,0.00395,88405.83333,0.0,3.204166714,-0.629166676,0.164145612,0.986239422761065,0.3591441555980257
2018-01-08,149.8875022,280.6083375,284.6875042,0.004733333,88542.08333,0.0,0.312500005,0.404166673,0.16389686,0.6373805999315151,0.5403054229614428
2018-01-09,104.7791682,306.3166712,287.1416709,0.005345833,88264.58333,0.100000001,0.383333339,1.55416669,0.16366273,0.534298228386764,0.5170535281199821
2018-01-10,143.3000021,291.604171,285.9166709,0.0061625,87912.5,0.200000003,1.841666694,1.516666689,0.163414613,0.7035276375822538,0.6435786469670729
2018-01-11,156.5500023,248.2041704,281.6041709,0.00535,88552.91667,0.0,0.154166669,-0.245833337,0.163151238,0.5427783300478364,0.7526164703096448
2018-01-12,159.254169,242.808337,281.3666709,0.003891667,88850.41667,0.0,0.187500003,0.44583334,0.162901849,0.489954638008477,0.5583327896426221
2018-01-13,160.6083357,246.2541703,283.1333376,0.003433333,88927.5,0.0,-0.262500004,0.479166674,0.162653097,0.4979140835185686,0.4370240038559294
2018-01-14,161.6500024,245.3666703,282.3083375,0.002875,88930.0,0.0,0.087500001,0.545833341,0.162404344,0.5066014842721679,0.387070010394498
2018-01-15,146.6791689,264.0041706,283.3583376,0.0027125,88698.75,0.0,0.141666669,0.587500009,0.162155592,0.531554845340412,0.339178185843777
2018-01-16,107.3083349,271.2708374,282.6125042,0.002970833,88712.91667,0.0,-0.412500006,0.220833337,0.162343259,0.2767559779490518,0.3908155792383208
2018-01-17,162.2000024,258.2375038,279.0333375,0.0025875,88941.66667,0.0,0.200000003,-0.225000003,0.162535281,0.6099212275354862,0.4369080316031469
2018-01-18,166.0166691,240.8166703,279.7833375,0.002679167,88833.75,0.0,0.408333339,0.312500005,0.162741288,0.4511957264053889,0.4287816830357097
2018-01-19,166.8625025,240.3125036,282.0500042,0.002691667,88524.16667,0.0,0.225000003,1.012500015,0.16293331,0.4552807014470779,0.3671512975437705
2018-01-20,159.754169,257.6250038,284.8041709,0.002983333,88035.41667,0.0,0.795833345,2.454166703,0.16313932,0.6359286751884241,0.3359652382226676
2018-01-21,169.3666692,244.8416703,278.9583375,0.003483333,88297.08333,0.200000003,1.37500002,-0.66250001,0.163345962,0.4509874578581405,0.5869865033833426
2018-01-22,151.5083356,214.5708365,274.3125041,0.002083333,88793.33333,0.0,0.287500004,0.166666669,0.163537984,0.1363024214420717,0.4920615819886932
2018-01-23,175.6375026,212.8375032,276.5375041,0.001704167,88592.91667,0.0,0.479166674,0.525000008,0.16374399,0.3262323009480394,0.3420073350499811
2018-01-24,177.795836,209.7333365,279.2583375,0.0013375,88873.75,0.0,-0.500000007,0.858333346,0.163936013,0.3840348935662311,0.2221432474147126
2018-01-25,177.1750026,222.6708367,281.0333375,0.001708333,88599.58333,0.0,0.337500005,0.804166679,0.164142023,0.4429082042992013,0.2500711609108984
2018-01-26,177.795836,225.31667,283.9791709,0.001666667,88402.08333,0.0,0.212500003,1.341666687,0.164334042,0.5147781154272959,0.199190496730554
2018-01-27,179.0750027,223.62917,280.2541708,0.002025,88740.41667,0.0,-0.245833337,0.341666672,0.164540051,0.4107871945097392,0.3133265790388895
2018-01-28,180.383336,227.3958367,281.6375042,0.001579167,88892.08333,0.0,0.083333335,0.704166677,0.164746693,0.4533643945764618,0.2224925626902596
2018-01-29,181.708336,234.3375035,283.9791709,0.001558333,89063.33333,0.0,-0.670833343,0.795833345,0.164938716,0.529208996388431,0.187636140367205
2018-01-30,183.6583361,238.9833369,283.9750042,0.002508333,88885.41667,0.0,0.19166667,0.375000006,0.165144722,0.4692474654786427,0.3015051362413383
2018-01-31,186.9250028,234.5208368,284.0875042,0.0022125,88441.66667,0.0,-0.162500002,0.875000013,0.165336744,0.5076406746556644,0.2626236940344088
2018-02-01,184.5625028,235.8250035,284.1791709,0.0015125,88479.58333,0.0,-0.008333333,0.779166678,0.165542754,0.5027412688367404,0.1785079073975938
2018-02-02,179.033336,252.2291704,285.0000042,0.001804167,88797.91667,0.0,0.195833336,0.612500009,0.165734773,0.5440670724558556,0.2022720954922292
2018-02-03,181.595836,275.9625041,287.2291709,0.003225,88579.58333,0.0,0.070833334,-0.562500008,0.165940783,0.6698335649023592,0.3112474650851207
2018-02-04,186.6750028,249.0416704,284.4958376,0.002416667,88509.16667,0.0,-0.195833336,0.512500008,0.166132802,0.539186251864821,0.2793183380495544
2018-02-05,187.8666695,253.2875038,285.2333376,0.002804167,88377.5,0.0,0.062500001,0.466666674,0.166338811,0.5482695613885518,0.308068723684304
2018-02-06,188.1750028,252.5833371,286.3125043,0.002741667,88214.16667,0.0,0.300000004,0.641666676,0.166530834,0.5559922698392943,0.2798854698141146
2018-02-07,192.1166695,248.4166704,285.6250043,0.0031625,88758.75,0.0,0.845833346,-0.150000002,0.16673684,0.5585317218174899,0.33996518761961
2018-02-08,194.2375029,242.2416703,283.8250042,0.001975,88855.41667,0.0,0.033333334,0.500000007,0.166943486,0.5296566020302745,0.2397259689649948
2018-02-09,196.4500029,246.195837,285.5791709,0.001970833,88414.58333,0.0,0.454166673,1.191666684,0.167135505,0.6509625051282215,0.2116840094863749
2018-02-10,195.2833362,244.545837,287.1500043,0.002083333,88003.33333,0.0,1.066666683,1.937500029,0.167341514,0.7540355364031551,0.2007955699366859
2018-02-11,194.4333362,256.0625038,288.2458376,0.003341667,87844.58333,0.0,0.941666681,1.433333355,0.167533537,0.7105501506916757,0.2992973478220195
2018-02-12,194.5083362,261.1083372,286.3000043,0.004558333,87955.83333,0.0,1.112500017,2.512500037,0.167739543,0.720320960479403,0.4643617145847576
2018-02-13,178.608336,266.1583373,285.7500043,0.004304167,88414.58333,0.0,-0.225000003,1.833333361,0.167931566,0.6151954268098078,0.4570923038351928
2018-02-14,79.30833452,324.4375048,286.0166709,0.004666667,88766.25,4.70000007,0.008333333,1.404166688,0.168137572,6.716438301459402,0.4888478790879301
2018-02-15,66.937501,362.2375054,284.8166709,0.009095833,88513.75,23.40000035,0.541666675,0.670833343,0.168329594,27.00506490168529,1.0290243845169016
2018-02-16,85.0333346,363.5125054,284.9083376,0.009583333,88591.25,11.90000018,0.025,-0.575000009,0.168675451,33.608971870076275,1.0785018108823612
2018-02-17,177.258336,327.7000049,284.5166709,0.008583333,88630.83333,0.300000004,0.020833334,0.270833337,0.169028027,37.75446530855174,0.9920398690008068
2018-02-18,139.5833354,315.0500047,286.0833376,0.008295833,88279.58333,0.0,0.554166675,1.083333349,0.169380603,19.58843140232977,0.8604466188603244
2018-02-19,191.3500029,305.7958379,286.2791709,0.0076,87697.91667,6.200000092,1.287500019,2.895833376,0.169747799,54.693772359854336,0.7730115625125675
2018-02-20,153.991669,323.6541715,281.1416709,0.005175,87892.08333,0.500000007,1.300000019,0.029166667,0.170101011,33.402249075352856,0.7458973585249556
2018-02-21,209.4500031,257.3583372,278.6416708,0.0039125,88300.0,0.0,1.029166682,0.645833343,0.170453584,22.454138179128407,0.6741461623172619
2018-02-22,218.5833366,233.4375035,280.0416708,0.003241667,88436.66667,0.0,0.670833343,1.070833349,0.170816052,16.272373398862833,0.5072908333969824
2018-02-23,221.8208366,214.9791699,279.4041708,0.003129167,88464.58333,0.0,0.554166675,1.354166687,0.171154874,10.595945150076478,0.5120806520241383
2018-02-24,224.7125033,230.6000034,279.5375042,0.0026625,88483.33333,0.0,0.45833334,-0.725000011,0.17150738,9.655036345153848,0.4317671997947809
2018-02-25,225.5958367,202.7458364,277.8666708,0.00245,88551.25,0.0,-0.520833341,-0.237500004,0.171860424,5.722730649748372,0.4471255970953425
2018-02-26,228.0250034,214.1875032,280.2208375,0.0021875,88434.16667,0.0,0.979166681,0.712500011,0.172213478,5.267188866531215,0.338082692645251
2018-02-27,219.4250033,256.5750038,283.7208376,0.001725,87997.5,0.0,0.695833344,2.770833375,0.172566557,5.661168391450434,0.2088198739653221
2018-02-28,112.2875017,299.7041711,280.9791709,0.004058333,88128.33333,1.300000019,2.079166698,0.179166669,0.183951723,4.347882516204752,0.5931218671545568
2018-03-01,239.4208369,227.6375034,277.5958375,0.003091667,88687.5,0.0,0.175000003,1.058333349,0.191337206,4.707591482349516,0.5760399398479308
2018-03-02,243.6000036,240.2250036,283.6333376,0.003316667,88456.66667,0.0,-0.116666668,0.600000009,0.182760014,5.365310090476241,0.4059825972092703
2018-03-03,247.1125037,241.0958369,286.3458376,0.0031,88287.08333,0.0,0.920833347,1.662500025,0.177560116,3.936014254492803,0.3160316839058613
2018-03-04,242.920837,244.0416703,285.9666709,0.002391667,88301.25,0.0,0.837500012,1.650000025,0.175471126,3.215571952158447,0.2500482565467515
2018-03-05,245.733337,239.3583369,283.5833376,0.004045833,88400.0,0.0,0.383333339,0.020833334,0.174990074,3.101847870994627,0.4965927164099357
2018-03-06,228.7458367,250.3125037,284.0041709,0.003083333,88419.16667,0.0,-0.041666667,0.087500001,0.175132704,3.038130553024598,0.3679542516086753
2018-03-07,243.8541703,255.9916705,286.5791709,0.00235,88288.33333,0.0,-0.829166679,0.600000009,0.175431071,2.096281065207932,0.2359180852844941
2018-03-08,242.6916703,281.2625042,289.954171,0.002508333,88166.66667,0.0,2.183333366,-0.887500013,0.175759339,2.05790010320135,0.2019356577923389
2018-03-09,250.0750037,275.1166708,289.454171,0.002558333,88078.33333,0.0,2.091666698,-1.150000017,0.176097768,1.8706737777356728,0.2124722957541425
2018-03-10,154.3583356,302.2583378,289.7833377,0.003104167,87996.66667,0.0,3.12083338,-0.337500005,0.17645006,1.2977084492485305,0.2521713107694596
2018-03-11,155.7583357,364.1708388,288.8833376,0.007091666,88236.25,0.0,2.750000041,0.116666668,0.176803171,1.3208811597510068,0.6121651743398916
2018-03-12,247.320837,315.770838,287.6000043,0.0066875,88538.33333,0.0,-0.266666671,-0.095833335,0.177170778,2.5406519609482405,0.6296498505008505
2018-03-13,248.520837,294.9833377,288.679171,0.005279167,88318.75,0.0,-0.362500005,0.245833337,0.177519477,1.921309222157132,0.4622009723455795
2018-03-14,248.9041704,309.6250046,290.404171,0.005420833,88198.75,0.0,0.262500004,0.770833345,0.177875732,1.877998935307756,0.4241715049590784
2018-03-15,260.1291705,289.929171,288.479171,0.005520833,88022.08333,0.0,2.454166703,0.883333346,0.178232351,1.5837495066530134,0.4880226140670239
2018-03-16,243.6541703,259.9291705,284.8541709,0.003358333,88101.66667,0.0,0.937500014,1.400000021,0.178426302,1.257864901495154,0.3772179302296589
2018-03-17,263.8083373,272.7125041,287.7458376,0.0036625,88010.0,0.0,0.67500001,2.2291667,0.178642424,1.6564703437791446,0.3395297334865436
2018-03-18,270.2083374,264.8833373,284.9833376,0.0042625,88130.0,0.0,1.925000029,0.795833345,0.178830574,1.4864792454369304,0.474818431188902
2018-03-19,270.875004,237.5125035,281.8458375,0.003075,88350.83333,0.0,0.304166671,-0.533333341,0.179032073,1.347732103709816,0.4245040069696305
2018-03-20,269.000004,243.7166703,284.0916709,0.0021,88322.91667,0.0,0.504166674,0.129166669,0.179234207,1.501296610341864,0.2488655509474396
2018-03-21,256.8625038,286.7000043,288.6458376,0.002933333,88239.58333,0.0,0.108333335,-0.029166667,0.179436345,1.948509703855072,0.2571433293251302
2018-03-22,241.7208369,311.983338,291.329171,0.003975,88538.75,0.0,0.887500013,0.091666668,0.17963848,2.0481316885382754,0.29437905676348
2018-03-23,265.962504,319.4083381,293.416671,0.004454167,88470.83333,0.0,1.787500027,0.504166674,0.179840617,2.470417278428383,0.2890422203374248
2018-03-24,219.1666699,313.7625047,291.2208377,0.0053375,88286.25,0.0,2.100000031,2.379166702,0.180028129,1.985718217691693,0.3968744872078858
2018-03-25,256.6916705,300.2916711,290.429171,0.0058625,88030.83333,0.0,0.966666681,1.737500026,0.18024425,2.019390549990563,0.457127115955093
2018-03-26,266.1708373,298.3833378,289.3375043,0.003066667,87814.16667,0.0,1.775000026,2.187500033,0.180432401,2.298843522405211,0.2558414792130399
2018-03-27,277.7750041,295.5208377,284.3208376,0.003158333,87973.33333,0.0,0.920833347,0.162500002,0.180633899,2.060655878473605,0.3671117170892526
2018-03-28,288.604171,242.2666703,283.5083376,0.002395833,88320.41667,0.0,0.729166678,-0.862500013,0.180836037,1.605265004378602,0.2952953577961881
2018-03-29,286.5625043,257.6458372,285.9208376,0.00215,88381.66667,0.0,0.045833334,0.037500001,0.181038172,1.786099037743326,0.2256705416725457
2018-03-30,288.891671,268.0791707,288.954171,0.0029,88476.66667,0.0,0.475000007,0.266666671,0.181240309,1.8891415550478927,0.2498682424830046
2018-03-31,290.816671,270.5166707,290.7083377,0.0031375,88489.58333,0.0,0.20416667,0.391666673,0.181442444,1.8764023340538571,0.2415783358678446
2018-04-01,252.6083371,297.6208378,292.254171,0.0027375,88208.33333,0.0,0.475000007,1.433333355,0.181629955,2.0000355173656343,0.1905061402054313
2018-04-02,293.8375044,289.8833377,290.9000043,0.002445833,87863.33333,0.0,1.266666686,1.970833363,0.181831457,2.449620437601922,0.1847201695374319
2018-04-03,298.2000044,268.750004,291.654171,0.002616667,87899.16667,0.0,0.712500011,1.400000021,0.182033592,2.141092176703524,0.1884635448554965
2018-04-04,300.0250045,275.2541708,290.7708377,0.00305,88318.75,0.0,0.500000007,0.991666681,0.182235729,2.130177630835784,0.2334559652165393
2018-04-05,297.7791711,283.8541709,292.029171,0.003379167,88275.41667,0.0,0.370833339,0.262500004,0.182437864,2.0647463067534337,0.2387008303218962
2018-04-06,294.9083377,287.2708376,293.0750044,0.003504167,88055.0,0.0,1.150000017,1.195833351,0.182639998,2.282731481485865,0.2312096548618615
2018-04-07,291.129171,312.1041713,294.4291711,0.004354167,88026.66667,0.0,0.616666676,0.716666677,0.182827513,2.3693492849198488,0.2639857216132393
2018-04-08,297.9291711,316.7000047,295.6041711,0.0057625,87992.5,0.0,1.837500027,0.095833335,0.183043635,2.5867166783285405,0.3248371848920742
2018-04-09,293.054171,296.2708377,293.7875044,0.0039,88210.83333,0.0,-0.037500001,-0.416666673,0.183231785,2.0926310737747813,0.2465727673126075
2018-04-10,306.5333379,282.9125042,293.5250044,0.002295833,88529.58333,0.0,0.083333335,0.350000005,0.183445714,2.0647610654976547,0.1480773007582473
2018-04-11,304.6166712,289.5583376,294.8916711,0.002575,88335.41667,0.0,0.962500014,0.983333348,0.183639425,2.309954320472447,0.1522505761366229
2018-04-12,307.9125046,287.7708376,295.3208377,0.002966667,88026.66667,0.0,2.162500032,2.416666703,0.183841257,2.6392322589445416,0.1702355141989659
2018-04-13,321.1666715,238.8041702,289.4750043,0.0021,88145.41667,0.0,2.925000044,-1.150000017,0.184042406,2.2547522070623804,0.1743061504676362
2018-04-14,323.4000048,221.30417,285.2666709,0.0012375,88682.5,0.0,0.89166668,-0.858333346,0.184230298,1.755778569371822,0.1361197919481519
2018-04-15,322.8541715,244.483337,288.3500043,0.001383333,88491.66667,0.0,0.100000001,0.612500009,0.184441152,1.9383619645534675,0.1239693596978033
2018-04-16,301.8958378,259.7416705,292.079171,0.001458333,88268.33333,0.0,1.012500015,1.954166696,0.184492749,2.2026799212317165,0.1026825068765806
2018-04-17,320.4583381,272.2166707,294.2916711,0.001758333,88253.33333,0.0,2.408333369,2.370833369,0.184537389,2.6468128073826303,0.1077935260116045
2018-04-18,320.4750048,255.9083371,289.266671,0.002208333,88370.83333,0.0,1.179166684,0.995833348,0.184582095,2.166462513878788,0.1862499701134059
2018-04-19,274.4875041,281.5583375,291.9458377,0.001770833,88170.0,0.0,0.89166668,1.887500028,0.184626732,2.138755916098294,0.1255992118918852
2018-04-20,325.3208382,253.9583371,290.0833377,0.002425,88075.41667,0.0,0.854166679,-0.225000003,0.184671385,2.0861067950282477,0.1934168714907806
2018-04-21,323.4250048,261.0166706,288.2333376,0.002941667,88467.5,0.0,0.89166668,-0.720833344,0.184701442,2.1516373700549933,0.2655552392668467
2018-04-22,225.16667,305.6041712,292.866671,0.003120833,88252.91667,0.0,0.483333341,0.304166671,0.184760046,1.5225764066566985,0.2090898058328435
2018-04-23,321.0291715,295.5250044,293.7083377,0.002854167,88272.08333,0.0,0.0,0.529166675,0.184805334,2.414737387142577,0.1814685779634635
2018-04-24,323.0416715,291.3083377,294.9500044,0.002945833,88311.66667,0.0,0.275000004,0.620833343,0.184835379,2.557366798328614,0.173504385537466
2018-04-25,321.5083381,299.0541711,297.0750044,0.0027875,88348.75,0.0,0.500000007,0.550000008,0.184879421,2.73138755751944,0.1442296308997308
2018-04-26,314.8875047,305.5833379,295.6333377,0.0031,88204.16667,0.0,0.075000001,0.262500004,0.184924089,2.9266682439262204,0.1748569322022503
2018-04-27,321.1375048,316.1000047,296.7291711,0.004070833,88122.91667,0.0,-0.600000009,1.262500019,0.184983375,3.590601827162446,0.2145529774112263
2018-04-28,322.4041715,317.5458381,296.4750044,0.0042625,87946.66667,0.0,-0.641666676,0.833333346,0.185016605,3.8049172832326295,0.2277019144679135
2018-04-29,332.2083383,290.116671,295.1750044,0.003133333,88000.41667,0.0,1.266666686,1.904166695,0.185058804,4.042064133844826,0.1813656301955251
2018-04-30,330.9000049,275.7291708,294.4875044,0.003458333,87937.91667,0.0,1.14583335,2.2666667,0.185100446,4.082439947483557,0.2087064450910522
2018-05-01,299.5541711,291.241671,292.2833377,0.003033333,87787.5,0.0,1.650000025,2.833333376,0.185159458,4.2470532528673735,0.2097009396488782
2018-05-02,335.162505,304.2083379,290.929171,0.0036375,87872.5,0.0,3.150000047,3.150000047,0.185190427,5.027332729124709,0.2742392817470042
2018-05-03,338.0041717,265.675004,286.8541709,0.003266667,88427.91667,0.0,0.725000011,0.104166668,0.185234752,3.954867593848576,0.322571113554293
2018-05-04,342.2291718,270.4041707,290.9833377,0.0028875,88660.0,0.0,0.512500008,-0.100000001,0.185279713,4.213850830960863,0.2188904066906115
2018-05-05,339.7666717,288.191671,294.5833377,0.0024875,88549.16667,0.0,-0.600000009,0.166666669,0.185324673,4.546302608737542,0.1502676964867396
2018-05-06,334.5291717,318.2250047,298.0750044,0.0031,88413.33333,0.0,0.120833335,0.383333339,0.185369634,4.893008532384108,0.151103466136257
2018-05-07,328.7625049,333.875005,300.1250045,0.004520833,88470.0,0.0,0.24166667,0.704166677,0.185414591,5.036578264335362,0.1950889938499636
2018-05-08,339.1125051,314.5500047,298.0916711,0.0030875,88349.58333,0.0,0.550000008,0.937500014,0.185459551,5.226205490942097,0.1502348679601986
2018-05-09,342.6125051,304.7708379,298.6166711,0.002579167,88226.66667,0.0,0.154166669,0.579166675,0.185496031,4.935284191828436,0.1214346131984826
2018-05-10,335.425005,311.9666713,299.0708378,0.002920833,88053.33333,0.0,0.591666675,0.366666672,0.185537397,5.008808773440649,0.1335708715748396
2018-05-11,341.9458384,308.8708379,298.8625045,0.003691667,87922.5,0.0,1.562500023,2.345833368,0.185584022,5.658612120423845,0.170683420556277
2018-05-12,333.675005,305.5833379,297.3333378,0.004316667,87941.66667,0.0,1.504166689,3.558333386,0.185627924,6.162372104603291,0.2188685476958002
2018-05-13,337.925005,297.5458378,295.8666711,0.004525,88162.5,0.0,1.09583335,2.275000034,0.185673,6.012539044349447,0.2514919942449387
2018-05-14,340.4208384,303.1291712,296.1958377,0.0047875,88166.66667,0.0,1.466666689,2.354166702,0.185712732,6.334907612073367,0.2607911543698279
2018-05-15,344.3208385,306.1041712,296.9375044,0.003525,88204.58333,0.0,1.208333351,1.500000022,0.185757213,6.2907298116881805,0.1836174130936356
2018-05-16,347.2708385,303.2125045,296.5875044,0.002745833,88240.41667,0.0,0.562500008,0.712500011,0.185801812,6.150159610437469,0.1461666524834072
2018-05-17,347.0708385,306.1833379,297.4458378,0.002483333,87988.75,0.0,1.333333353,1.537500023,0.185850084,6.390435830154374,0.1251254204130225
2018-05-18,355.329172,281.0500042,295.3125044,0.0023,87857.91667,0.0,1.225000018,1.112500017,0.185885017,6.096858501189714,0.1317948346989566
2018-05-19,354.5500053,281.1125042,294.6666711,0.002670833,87886.66667,0.0,0.508333341,1.233333352,0.185928768,5.935664048154736,0.1593126899457683
2018-05-20,353.6333386,284.3458376,295.4500044,0.00215,87987.91667,0.0,0.291666671,1.262500019,0.185981458,5.7932665832402135,0.1223435291372134
2018-05-21,352.7958386,286.4458376,295.8958377,0.002170833,87871.66667,0.0,0.508333341,2.295833368,0.186018595,5.928305490510937,0.1200387476020725
2018-05-22,350.8208386,288.0583376,295.8166711,0.0033875,87864.58333,0.0,0.325000005,2.075000031,0.186057123,5.811256155939515,0.1882108660583579
2018-05-23,349.4166719,298.9250045,295.3208377,0.0042,88049.58333,0.0,0.683333344,1.416666688,0.18609868,5.829458756330464,0.241070298172829
2018-05-24,343.7833385,308.8416713,296.8125044,0.0037375,88362.08333,0.0,0.620833343,0.883333346,0.186138617,5.587599544041041,0.1965209992749549
2018-05-25,316.6166714,312.4750047,297.0208378,0.002945833,88425.83333,0.0,1.029166682,0.408333339,0.186187823,4.9344028584025,0.1530572192973346
2018-05-26,343.5125051,330.1833383,300.0208378,0.004116667,87971.25,0.0,1.295833353,2.062500031,0.186227097,5.393325608877009,0.1777406830002804
2018-05-27,351.4625052,295.8541711,296.6041711,0.003391667,87769.58333,0.0,2.654166706,1.275000019,0.186273229,5.713464389448576,0.1794002987232603
2018-05-28,356.304172,295.5291711,296.5750044,0.0034125,88026.25,0.0,1.954166696,-0.245833337,0.186317841,5.611926984512292,0.1813518796760386
2018-05-29,343.4125051,309.0375046,297.3541711,0.003295833,87965.0,0.0,0.283333338,0.320833338,0.186355097,5.254424334734438,0.1669427246605513
2018-05-30,348.6833385,325.0958382,299.5750045,0.003433333,87887.08333,0.0,0.808333345,0.941666681,0.186406947,5.399853418628003,0.1520703770311324
2018-05-31,352.1708386,311.3041713,298.6750045,0.003004167,87957.08333,0.0,1.233333352,1.441666688,0.186444844,5.380928232751453,0.14052048912961
2018-06-01,344.7208385,298.5458378,298.7250045,0.002354167,88125.0,0.0,1.216666685,1.529166689,0.186482063,4.834677407163949,0.1099968420177876
2018-06-02,344.7708385,305.2000045,299.5625045,0.002766667,88264.58333,0.0,1.066666683,1.691666692,0.186519282,4.72159383406039,0.1231601173500878
2018-06-03,348.0958385,301.5791712,300.3791711,0.002520833,88168.75,0.0,1.450000022,1.175000018,0.186571129,4.3229201619630535,0.1067927344582027
2018-06-04,345.4583385,306.7041712,300.1541711,0.002316667,88202.5,0.0,0.595833342,1.195833351,0.186608536,4.680292679571512,0.0994975045404986
2018-06-05,328.3166716,333.0666716,300.9625045,0.005683333,88179.16667,0.0,0.779166678,1.287500019,0.186644174,5.707011128139095,0.2326486496169935
2018-06-06,322.7833381,345.6500052,301.9208378,0.007425,88042.08333,0.0,1.262500019,0.966666681,0.186694388,6.074163684198145,0.2868785351797596
2018-06-07,331.5666716,338.4291717,300.8916712,0.005483333,88118.33333,0.0,1.179166684,0.733333344,0.186745242,6.325492373706193,0.2252445797376304
2018-06-08,338.0958384,346.2916718,301.2750045,0.006516667,88257.91667,0.100000001,-0.275000004,1.12083335,0.186781469,7.272389017310621,0.2621368504119993
2018-06-09,324.7833382,357.4000053,301.0458378,0.007491666,88302.5,0.0,-0.616666676,1.562500023,0.186817061,7.623337861478595,0.3055992731484023
2018-06-10,331.0500049,346.1791718,299.5583378,0.006666666,88114.58333,0.0,1.175000018,1.462500022,0.186867279,7.982808153415873,0.2963404397798909
2018-06-11,350.5666719,303.3375045,300.3791711,0.00345,87992.91667,0.0,0.950000014,0.833333346,0.186903506,6.197934623123736,0.1458645498579671
2018-06-12,341.3125051,320.6333381,300.4708378,0.00265,88042.08333,0.0,0.333333338,0.22916667,0.186953721,6.499460507175439,0.1114975237898169
2018-06-13,319.4625048,355.141672,301.8125045,0.003475,88042.5,0.0,0.645833343,0.095833335,0.187004574,6.015424696469798,0.1351170434146145
2018-06-14,265.237504,395.4083392,302.4375045,0.005745833,88001.25,9.200000137,0.270833337,0.975000015,0.187040802,67.0323676607801,0.2153082536390166
2018-06-15,251.9208371,393.2500059,299.1583378,0.009945833,87960.83333,0.800000012,0.679166677,0.837500012,0.187076393,42.5054043336074,0.4519811060112663
2018-06-16,210.5875031,389.4333391,293.454171,0.013404166,87847.91667,11.00000016,0.91666668,-0.175000003,0.187167306,78.02384497436609,0.8616873736531759
2018-06-17,328.1875049,338.0083384,294.0875044,0.00955,88077.91667,0.500000007,1.09583335,0.004166667,0.187246002,76.39280168228554,0.5917402296441128
2018-06-18,340.0708384,331.4625049,298.2000044,0.008541666,88167.5,0.0,0.508333341,1.141666684,0.187324065,52.48182236913834,0.4120782460282489
2018-06-19,343.7500051,325.2083382,299.6125045,0.005370833,88169.58333,0.0,0.379166672,0.404166673,0.187402125,32.596171835238884,0.2381195248916738
2018-06-20,345.9166718,318.1666714,299.7833378,0.005158333,88180.41667,0.0,-0.033333334,-0.641666676,0.187494808,22.57959199770676,0.2264148617580563
2018-06-21,342.8666718,332.4291716,301.3041712,0.0052,88239.58333,0.0,-0.004166667,-0.370833339,0.187573503,17.9984140199995,0.2087716827450941
2018-06-22,346.2625052,329.4416716,302.1958378,0.005070833,88110.83333,0.0,0.312500005,-0.579166675,0.187651563,13.185857210524103,0.1929500911679149
2018-06-23,341.0250051,329.9541716,301.4791712,0.00575,88007.08333,0.0,1.345833353,0.766666678,0.187744246,10.340429314725029,0.2278920974409172
2018-06-24,335.9708383,354.579172,301.8083378,0.009870833,88087.91667,0.0,2.316666701,0.883333346,0.187822945,9.975849456370264,0.3840952896338657
2018-06-25,339.2041717,344.8625051,300.7833378,0.007954166,88218.75,0.0,0.391666673,-0.545833341,0.187901005,9.811239585010426,0.3292093798749922
2018-06-26,341.6041718,338.3833384,301.6583378,0.004983333,88247.5,0.0,-0.170833336,-0.295833338,0.187993688,8.684416903478983,0.195976956354664
2018-06-27,337.900005,344.1625051,303.0041712,0.0052375,88248.33333,0.0,0.383333339,-0.737500011,0.188072383,6.5003296938157735,0.1904357331423778
2018-06-28,306.6333379,352.1625052,302.8958378,0.006258333,88161.66667,0.500000007,0.541666675,-0.233333337,0.188150443,8.11132372856796,0.2287629265830021
2018-06-29,260.3375039,371.6416722,300.0416711,0.011104166,88175.83333,4.100000061,0.308333338,1.158333351,0.188228503,27.997233114684903,0.4799536289154
2018-06-30,337.1833384,347.3583385,298.1416711,0.009533333,88285.83333,0.100000001,0.608333342,0.075000001,0.188321188,24.33613791721624,0.4621556707405881
2018-07-01,318.6083381,314.7750047,299.2375045,0.004379167,88383.33333,0.0,1.100000016,-0.345833338,0.188399885,13.726361026888473,0.1990213465895096
2018-07-02,314.6916714,321.1291715,300.1708378,0.004329167,88365.0,0.0,0.079166668,-0.979166681,0.188477944,10.957194873881267,0.1860901831327615
2018-07-03,310.9625046,339.1500051,301.0875045,0.0049125,88280.83333,0.0,0.620833343,0.250000004,0.188570627,9.898196154126662,0.1998504521287868
2018-07-04,210.0000031,400.900006,302.6791712,0.0068875,88427.91667,0.0,0.162500002,-0.475000007,0.1886347,7.100631137024756,0.2557192639603158
2018-07-05,271.8458374,386.2875058,303.2291712,0.006966666,88526.66667,0.0,-0.208333336,0.325000005,0.188726746,7.9604775905790355,0.2508161952292956
2018-07-06,291.2875043,396.0208392,304.2958379,0.009408333,88743.33333,0.0,-2.066666697,1.404166688,0.188805442,6.618499574894216,0.3192973672454212
2018-07-07,297.7875044,385.2625057,303.1125045,0.008504166,88616.25,0.70000001,-0.987500015,1.050000016,0.188898128,9.598764972671493,0.308557372100314
2018-07-08,301.3916712,394.6083392,302.4541712,0.010179166,88414.58333,1.600000024,0.004166667,0.22916667,0.188976824,20.43266971009769,0.3828542307622588
2018-07-09,288.7500043,389.7583391,301.1333378,0.010570833,88472.5,0.600000009,-0.775000012,1.100000016,0.189054884,15.40593074839863,0.429816229305777
2018-07-10,221.67917,407.6416727,297.8625044,0.013529166,88589.16667,2.400000036,0.21666667,0.120833335,0.189147566,24.494085094719384,0.6692781782053807
2018-07-11,231.8041701,389.8041725,297.0375044,0.014191666,88463.75,0.300000004,-0.041666667,0.395833339,0.189226262,17.959030460716686,0.7369296346874052
2018-07-12,219.1500033,392.4583392,298.5041711,0.014129166,88681.25,7.300000109,0.19166667,0.733333344,0.189304322,50.66105768718944,0.6731963317670893
2018-07-13,281.8333375,405.8291727,297.2666711,0.015083333,88881.25,12.30000018,-0.304166671,0.541666675,0.189397008,124.1487442855087,0.7760700100757033
2018-07-14,216.3375032,394.7041725,296.0708377,0.0144375,88852.5,6.000000089,0.170833336,0.266666671,0.189475704,75.30595907015628,0.7986535760992378
2018-07-15,196.7458363,388.7833391,296.1000044,0.015133333,88794.58333,6.900000103,-0.250000004,-0.083333335,0.189553763,75.0386833182977,0.8351097733113507
2018-07-16,271.162504,388.7125058,298.1291711,0.014508333,88698.33333,1.800000027,-0.408333339,-0.004166667,0.18938008,80.52796684009395,0.7071509371202992
2018-07-17,260.0500039,407.0500061,298.3625044,0.014491666,88727.5,0.0,-0.250000004,1.000000015,0.189195451,60.94201610339957,0.6967283807639496
2018-07-18,289.6625043,388.3458391,300.8708378,0.013316666,88790.0,0.0,0.120833335,1.154166684,0.189010821,42.22762748528819,0.5518691893202212
2018-07-19,277.0625041,397.3375059,301.7458378,0.014091666,88707.08333,0.0,-0.041666667,-0.087500001,0.188826192,28.762034912959017,0.5542147218519703
2018-07-20,266.662504,400.1041726,300.1375045,0.0154375,88602.5,2.500000037,-0.24166667,-0.320833338,0.188641563,36.10282720375877,0.6666832114449144
2018-07-21,284.0125042,401.9666727,299.4916711,0.015,88709.58333,3.900000058,-0.237500004,-0.045833334,0.188456934,53.69117210799597,0.6739379767277374
2018-07-22,292.504171,390.8416725,302.4250045,0.012891666,88752.5,0.0,-0.087500001,-0.225000003,0.188257682,34.23995901620755,0.4875561390437572
2018-07-23,297.1291711,384.8666724,303.9583379,0.00995,88629.16667,0.0,-0.066666668,-0.479166674,0.188087044,24.03951373515268,0.3438544421173214
2018-07-24,290.1750043,389.0375058,305.7625046,0.0094375,88672.08333,0.0,0.466666674,0.220833337,0.18790305,16.31338506691791,0.2943144160304271
2018-07-25,274.6208374,391.5291725,305.1375045,0.009341666,88818.33333,0.0,-0.087500001,0.554166675,0.187722468,12.527286301847994,0.3023767894812827
2018-07-26,262.3458372,399.537506,302.9625045,0.0112125,88753.75,0.0,0.90416668,0.054166667,0.187541491,10.858822463235173,0.4110139156171079
2018-07-27,284.0125042,400.562506,301.7250045,0.012325,88680.83333,0.0,0.220833337,0.450000007,0.187345869,11.197093381964798,0.4851810194481358
2018-07-28,261.9166706,406.7208394,302.1125045,0.012133333,88719.58333,3.300000049,-1.008333348,1.054166682,0.187149638,27.722559336060797,0.467141082286138
2018-07-29,248.6041704,395.7166726,299.6083378,0.014416666,88791.66667,7.000000104,0.766666678,0.883333346,0.186967973,61.85821416662247,0.643841960586158
2018-07-30,289.8833377,393.0291725,299.5416711,0.013883333,88701.25,5.40000008,0.054166667,0.850000013,0.18678698,84.02548465353514,0.6218544632518563
2018-07-31,285.0291709,411.9541728,299.0666711,0.013304166,88782.08333,5.500000082,0.166666669,0.66250001,0.186606009,97.18207428426804,0.613592901238765
2018-08-01,300.0458378,398.3500059,301.3208378,0.012179166,88684.58333,0.0,-0.375000006,1.304166686,0.186425035,63.5765526749054,0.4909591613953156
2018-08-02,270.8791707,397.0875059,302.0750045,0.011170833,88618.75,0.0,0.120833335,0.68750001,0.18622941,33.142596029512866,0.4305370209705991
2018-08-03,276.1125041,397.1166726,302.5625045,0.0117375,88566.66667,0.400000006,0.075000001,0.170833336,0.186047789,26.131390008437315,0.4394453502836513
2018-08-04,287.6458376,384.2916724,302.0333378,0.012125,88503.75,0.0,-0.19166667,-0.183333336,0.185866802,18.9639457210444,0.467842402577213
2018-08-05,293.516671,388.2500058,303.8041712,0.011633333,88400.0,3.200000048,0.116666668,0.637500009,0.1856858,35.10689881300919,0.404564928725965
2018-08-06,296.2791711,388.3666725,302.5041712,0.012516666,88446.25,0.200000003,0.341666672,0.116666668,0.185504787,25.399247620875837,0.4695710248575927
2018-08-07,291.4458377,402.025006,300.8375045,0.0129375,88473.75,3.000000045,0.025,0.900000013,0.185309159,41.367271030635,0.5352966992221064
2018-08-08,243.3416703,405.6208394,297.5083378,0.013804166,88650.41667,17.80000027,0.091666668,0.366666672,0.185127544,105.9608024759116,0.6981245383916849
2018-08-09,257.7458372,403.1583393,297.1250044,0.013404166,88802.08333,7.600000113,-0.058333334,0.908333347,0.184946603,117.56877351921206,0.6950005556920738
2018-08-10,259.7708372,392.0916725,297.4166711,0.013279166,88842.5,0.200000003,-0.533333341,1.000000015,0.184750989,64.77297542275969,0.6767703345395384
2018-08-11,286.6625043,370.3958389,296.5916711,0.013541666,88733.33333,1.700000025,0.295833338,0.508333341,0.184569329,53.40726378228116,0.7246951270063542
2018-08-12,271.287504,378.008339,296.8583378,0.012466666,88694.16667,0.400000006,0.225000003,0.758333345,0.18437371,38.44365585854491,0.6561414558649562
2018-08-13,288.9833376,392.3791725,298.6625045,0.010745833,88568.33333,0.0,0.079166668,-0.375000006,0.184192076,31.64102730425665,0.5065107120848524
2018-08-14,288.7500043,380.6125057,299.8458378,0.012383333,88414.16667,0.0,0.029166667,-0.304166671,0.184011113,21.26910963931144,0.5429632203607885
2018-08-15,226.3458367,391.0458392,295.6583377,0.0142375,88539.16667,3.300000049,0.070833334,-0.054166667,0.183830124,30.88132401481005,0.804887704774653
2018-08-16,261.8666706,381.3000057,297.3583378,0.013991666,88787.08333,0.500000007,0.258333337,0.520833341,0.183789855,26.0687798366914,0.7151581232081565
2018-08-17,287.0833376,386.0708391,299.1666711,0.014695833,88935.83333,1.800000027,0.258333337,-0.045833334,0.183755718,34.03688833933015,0.6749082103256081
2018-08-18,284.4041709,381.8000057,300.1708378,0.013433333,88875.0,0.0,0.179166669,-0.19166667,0.183721542,23.19315621008964,0.580767408421392
2018-08-19,286.1208376,388.9250058,300.4916711,0.012575,88592.91667,0.0,0.179166669,-0.137500002,0.183672825,18.728364230454908,0.5317423877865876
2018-08-20,280.2625042,383.6125057,302.1708378,0.012975,88557.5,0.400000006,0.595833342,0.741666678,0.183638036,14.36738140293259,0.4969384153224398
2018-08-21,245.658337,377.7041723,297.9125044,0.012258333,88748.33333,1.200000018,0.316666671,1.008333348,0.183618538,15.198778158390574,0.6056721165095624
2018-08-22,258.2541705,386.6916724,298.6250044,0.012754166,88840.0,0.70000001,-0.104166668,0.637500009,0.183570405,18.59061465799881,0.6043754571497243
2018-08-23,205.2083364,382.3500057,295.4750044,0.015054166,88865.0,3.900000058,0.387500006,0.504166674,0.183535626,28.387154240304344,0.8638534580748867
2018-08-24,255.2791705,381.858339,295.4083377,0.014504166,88672.91667,2.900000043,-0.158333336,0.262500004,0.183501483,44.966372988669455,0.8339020040166589
2018-08-25,228.8041701,389.5416725,295.8083377,0.013220833,88615.41667,8.400000125,-0.262500004,0.583333342,0.183467347,73.85094058232558,0.7412101064006315
2018-08-26,266.5666706,384.1458391,296.0375044,0.013783333,88708.75,1.500000022,-0.033333334,0.612500009,0.183433239,67.9358663866384,0.7627858209166052
2018-08-27,281.1166709,370.1250055,297.9250044,0.014166666,88579.58333,0.0,0.208333336,0.945833347,0.18339906,48.614062947283216,0.6981038935083502
2018-08-28,278.8000042,351.5708386,298.8375045,0.010808333,88521.25,0.0,0.145833336,0.800000012,0.183364949,33.403195606860095,0.5038772731206836
2018-08-29,262.4208372,357.8250053,299.3250045,0.009916666,88610.83333,0.0,-0.400000006,0.508333341,0.183316135,25.51073568629072,0.4494938137252777
2018-08-30,262.8833373,377.108339,300.0208378,0.010275,88708.75,0.0,-0.050000001,0.658333343,0.183295992,22.923380440573844,0.4473512279905997
2018-08-31,248.1625037,378.2125056,299.6250045,0.010575,88517.5,0.0,-0.100000001,0.108333335,0.183262455,18.565638453513618,0.4703499728156673
2018-09-01,264.8416706,386.2750058,298.9208378,0.013475,88316.66667,0.0,-0.729166678,0.975000015,0.183213684,16.082084260367225,0.6236266835265537
2018-09-02,213.8041699,377.645839,296.5625044,0.013654166,88412.91667,0.0,-0.054166667,0.900000013,0.183178931,10.779250995069429,0.7293713471766422
2018-09-03,255.2625038,371.3625055,294.0750044,0.011716666,88557.91667,6.600000098,-0.133333335,-0.137500002,0.183144842,45.755399893276426,0.7305150475889
2018-09-04,238.5708369,367.1541721,295.5625044,0.011708333,88479.16667,0.0,-0.691666677,0.529166675,0.183110707,28.126957841251908,0.6653584231150204
2018-09-05,241.4333369,366.1541721,296.1750044,0.011479166,88614.58333,0.0,-0.233333337,0.570833342,0.183076564,21.61966938714092,0.6292856351197447
2018-09-06,269.1791707,364.7625054,296.7916711,0.010583333,88851.66667,0.0,-0.300000004,0.691666677,0.183042429,18.751686314204115,0.5602732240737007
2018-09-07,270.3208374,358.5125053,297.5291711,0.009845833,88811.25,0.0,-0.116666668,0.21666667,0.183008234,15.818819025655348,0.4982134049355302
2018-09-08,268.7458373,363.1875054,298.3000044,0.009670833,88637.08333,0.0,-0.429166673,-0.220833337,0.182974126,12.747438801222328,0.4662266073851631
2018-09-09,266.4708373,366.3708388,298.7916711,0.009566666,88430.0,0.0,-0.158333336,-0.141666669,0.182939999,11.504755420216368,0.4467558426747414
2018-09-10,262.6958372,367.3791721,299.1250045,0.008920833,88409.16667,0.0,0.187500003,-0.358333339,0.182891248,9.559980684709284,0.4082788299529499
2018-09-11,266.2708373,357.479172,299.2583378,0.008129166,88362.91667,0.0,0.120833335,0.354166672,0.1828711,8.243207197565905,0.3689045538964641
2018-09-12,267.0041706,347.8958385,299.7416711,0.007945833,88401.66667,0.0,0.016666667,1.258333352,0.182822958,7.065333219588792,0.3505085851521654
2018-09-13,265.0791706,347.0958385,299.8958378,0.007004166,88448.75,0.0,-0.233333337,0.016666667,0.182788191,6.4165052397955815,0.3063160546445778
2018-09-14,264.1791706,344.7875051,299.8666711,0.006095833,88407.5,0.0,0.837500012,0.300000004,0.182754041,5.902235958467218,0.2669290712210635
2018-09-15,260.7291706,356.891672,300.3791711,0.006654166,88352.5,0.0,-0.758333345,0.983333348,0.182719908,6.094544603373603,0.2824850192832745
2018-09-16,254.0083371,371.5041722,300.6000045,0.009004166,88457.08333,0.400000006,-0.304166671,0.350000005,0.182578564,7.361330202322286,0.3777383282414585
2018-09-17,246.7375037,371.9541722,300.0041711,0.009554166,88406.66667,0.0,-0.041666667,-0.20416667,0.182447182,6.805711412758533,0.4149611810152539
2018-09-18,247.9000037,392.8375059,300.0750045,0.009916666,88327.91667,0.0,-0.312500005,0.050000001,0.182287186,7.294576397697501,0.4285180073675594
2018-09-19,125.9041685,389.3458391,296.8333378,0.013766666,88185.83333,2.600000039,0.154166669,0.812500012,0.182155183,8.108050326581385,0.721505237982201
2018-09-20,238.8041702,386.7000058,294.5916711,0.013866666,88173.75,3.600000054,0.637500009,-1.408333354,0.182009763,32.602064418466426,0.8336919715020135
2018-09-21,252.1833371,353.2458386,296.0333377,0.010966666,88595.41667,0.0,-0.391666673,-0.354166672,0.181871784,21.80885296052164,0.6062872441295107
2018-09-22,248.8250037,347.9375052,297.5083378,0.008829166,88746.25,0.0,-0.450000007,0.812500012,0.181721692,15.688408481336666,0.4470042393757586
2018-09-23,249.6750037,332.600005,295.4333377,0.0079,88553.33333,0.0,0.016666667,0.354166672,0.181580747,12.30410558336823,0.4528935888012654
2018-09-24,243.9375036,356.3500053,297.8375044,0.009404166,88309.58333,0.0,0.083333335,0.87916668,0.181426533,10.530880649395188,0.4644488216847466
2018-09-25,243.7000036,357.0625053,297.8625044,0.009883333,88440.41667,0.0,0.029166667,0.362500005,0.181294333,9.66429045530866,0.4881004763175083
2018-09-26,242.0958369,355.654172,297.4083378,0.009195833,88610.83333,0.0,0.041666667,-0.0125,0.181148947,9.066556317332708,0.4676776467840512
2018-09-27,242.3666703,349.0833385,297.3000044,0.007770833,88580.41667,0.0,-0.22916667,0.066666668,0.181002494,7.325255039183196,0.3976692004524378
2018-09-28,240.7041703,343.8041718,297.4208378,0.0069375,88475.41667,0.0,-0.21666667,0.658333343,0.180862792,6.218699507217911,0.3520188117679692
2018-09-29,238.5750036,341.3333384,297.4375044,0.007254166,88542.91667,0.0,-0.512500008,0.170833336,0.18071788,5.697629964164843,0.3679964951121528
2018-09-30,231.1625034,351.1541719,297.8125044,0.007729166,88496.66667,0.0,-0.262500004,1.050000016,0.1805774,5.611545714885654,0.3831105718454562
2018-10-01,157.679169,377.7250056,294.9541711,0.011945833,88558.33333,2.900000043,0.500000007,-0.67500001,0.180424576,11.257208309271707,0.7053725230195382
2018-10-02,203.600003,379.570839,295.5375044,0.0126875,88480.83333,0.0,0.412500006,2.087500031,0.18028313,9.9534619719919,0.7221231313683896
2018-10-03,230.2458368,365.3625054,296.3291711,0.011154166,88502.08333,0.0,0.387500006,0.987500015,0.180139373,10.226231032507632,0.6049722921821337
2018-10-04,235.0541702,339.3041717,295.0916711,0.009725,88532.08333,0.0,0.358333339,0.587500009,0.180003645,7.973494538825407,0.5692232202838521
2018-10-05,232.8458368,318.9541714,294.0458377,0.006420833,88364.16667,0.0,0.758333345,0.983333348,0.179852905,5.979129904182095,0.4001767268474148
2018-10-06,236.8791702,304.0750045,291.729171,0.006125,88140.41667,0.0,0.600000009,1.029166682,0.179716851,4.919514254926663,0.4402658289246476
2018-10-07,163.2916691,331.1666716,293.4625044,0.0062375,87750.41667,0.0,1.204166685,2.2666667,0.179558862,3.6624754441186296,0.4003247362189406
2018-10-08,193.6208362,302.8041712,286.5458376,0.006508333,87902.08333,0.0,0.829166679,-0.100000001,0.17943382,2.975730730184222,0.6519476905731193
2018-10-09,177.7500026,339.3666717,286.5666709,0.005366667,88056.25,0.0,0.116666668,-0.091666668,0.179280699,4.326699284445068,0.5377897500521339
2018-10-10,188.7250028,300.4791711,287.1833376,0.005083333,88212.91667,0.0,0.404166673,0.745833344,0.179131351,2.732208616933196,0.4900358965026687
2018-10-11,194.8625029,333.3541716,290.829171,0.0072125,88235.83333,0.0,0.629166676,1.704166692,0.17898553,3.423103895871491,0.549501974217072
2018-10-12,99.82083482,370.5666722,290.041671,0.010704166,88292.5,9.300000139,-0.529166675,1.533333356,0.178854472,23.21176742065462,0.858151549288813
2018-10-13,130.1500019,361.8250054,289.491671,0.0108,88152.5,3.500000052,0.383333339,1.045833349,0.178709423,30.100969546506672,0.8955424238101289
2018-10-14,189.5458362,337.250005,289.0500043,0.0096125,88164.58333,4.900000073,0.087500001,0.22916667,0.178563742,45.78330201925825,0.820211056273286
2018-10-15,124.1791685,357.9875053,287.9500043,0.008520833,88430.0,0.900000013,-0.750000011,1.075000016,0.178410346,32.41676610100997,0.7831911704787824
2018-10-16,206.7458364,322.3208381,284.7041709,0.007404166,88509.16667,15.30000023,-1.904166695,1.150000017,0.17832416,69.69169570602666,0.8439230081258233
2018-10-17,219.2291699,286.9000043,284.4916709,0.0062125,88825.0,0.0,-0.979166681,0.762500011,0.178255534,35.41119895493726,0.7208040660866952
2018-10-18,217.0500032,282.4291709,285.5791709,0.00685,88832.91667,0.0,-0.150000002,0.475000007,0.178169361,23.953527521377968,0.7392286934018747
2018-10-19,210.7625031,306.1708379,287.4375043,0.008283333,88753.33333,0.0,-0.691666677,0.491666674,0.178096824,21.32152404397564,0.7901470302628252
2018-10-20,181.783336,332.4666716,291.3458377,0.009491666,88771.25,0.0,-1.425000021,1.508333356,0.178010292,16.084650619520765,0.7040314156510787
2018-10-21,197.9791696,328.5291716,292.1000044,0.0086875,88783.75,1.500000022,-1.058333349,0.937500014,0.177937744,20.340391083909417,0.614458559417402
2018-10-22,196.8541696,343.1250051,289.5708376,0.010358333,88525.41667,20.90000031,-0.020833334,0.67500001,0.177851211,64.76125774957234,0.858170168786852
2018-10-23,117.7208351,357.0750053,290.1583377,0.010754166,88381.66667,22.70000034,-0.258333337,0.733333344,0.177778662,38.86919032257347,0.8566053972432606
2018-10-24,202.325003,325.2041715,286.3166709,0.008666666,88411.25,4.200000063,0.008333333,0.508333341,0.17769213,53.42895274160551,0.8864769485497175
2018-10-25,203.0083364,306.4833379,288.6333376,0.008754166,88615.41667,0.0,-0.24166667,0.554166675,0.177619585,34.68926666935658,0.7713052459990205
2018-10-26,203.3541697,299.7291711,288.7208376,0.007725,88676.25,0.0,-0.108333335,0.550000008,0.177533049,26.744150866388956,0.6772457989155866
2018-10-27,202.350003,297.8000044,289.491671,0.0071375,88793.33333,0.0,0.062500001,1.012500015,0.177460504,22.48974687124694,0.5961482266317997
2018-10-28,202.0791697,293.0750044,290.2208377,0.006958333,88871.66667,0.0,0.025,1.270833352,0.177373766,17.267780165624313,0.5551022788433732
2018-10-29,187.1833361,304.0583379,291.0375043,0.006975,88811.25,0.0,0.133333335,1.458333355,0.177292487,13.387949545287398,0.5278289108933298
2018-10-30,175.3291693,320.8291714,290.7375043,0.0067375,88437.5,0.0,0.558333342,1.57916669,0.17721147,11.31486459837814,0.5174995246584724
2018-10-31,201.0208363,280.0125042,289.154171,0.006679166,88272.91667,0.0,0.550000008,-0.43333334,0.177143185,7.52423819698139,0.5667924938281138
2018-11-01,189.2875028,253.2250038,283.6833376,0.003816667,88630.41667,0.0,-0.025,0.383333339,0.177051918,5.112323218103429,0.4665277521577409
2018-11-02,189.4125028,265.7083373,285.0208376,0.00405,88807.08333,0.0,0.187500003,0.770833345,0.176974247,4.895969092279008,0.4534772438963759
2018-11-03,188.6500028,268.1291707,286.5333376,0.004454167,88546.66667,0.0,-0.095833335,-0.412500006,0.176897215,4.278705212568492,0.4498215499118436
2018-11-04,184.8291694,273.9750041,286.8291709,0.00485,88549.16667,0.0,0.275000004,0.770833345,0.176820183,3.7448906687773738,0.4803647785553278
2018-11-05,183.4083361,282.0125042,288.829171,0.0051,88334.58333,0.0,-0.304166671,0.316666671,0.176743148,3.498493640571997,0.442278665236491
2018-11-06,180.9791694,282.3291709,289.7583377,0.005445833,88420.41667,0.0,0.183333336,1.10833335,0.176651494,3.0566996259233594,0.4452444574669967
2018-11-07,180.545836,283.8166709,289.4208376,0.00505,88503.33333,0.0,0.270833337,1.36250002,0.176588449,2.9561398501010734,0.4223371718741226
2018-11-08,180.3291694,272.4541707,288.6333376,0.00415,88394.58333,0.0,0.358333339,1.141666684,0.176497427,2.4716939329939382,0.3647337681135118
2018-11-09,175.6291693,276.3791708,286.5708376,0.0047875,88571.25,0.0,-0.604166676,0.733333344,0.176419759,2.1437483135964834,0.4824252506546059
2018-11-10,176.258336,278.2250041,286.6416709,0.0055375,88545.0,0.0,-0.041666667,0.47083334,0.176342728,1.9647692132487773,0.5552393209848165
2018-11-11,178.745836,251.9458371,284.8458376,0.003841667,88439.16667,0.0,0.170833336,0.345833338,0.17625107,1.3935965192062576,0.4334016434732344
2018-11-12,181.7625027,219.7833366,281.3208375,0.0025125,88917.08333,0.0,0.087500001,-0.954166681,0.176173402,1.0103751072985576,0.3618739780083205
2018-11-13,180.2541694,208.7375031,278.7333375,0.001920833,89650.0,0.0,0.137500002,1.483333355,0.176096371,0.8836239507095834,0.3338737226584393
2018-11-14,176.1250026,212.3083365,278.9708375,0.001658333,89559.58333,0.0,-0.604166676,1.333333353,0.176019336,0.8561850252469276,0.2831979333497203
2018-11-15,177.945836,226.6250034,280.3375042,0.0021875,88990.83333,0.0,-0.275000004,0.720833344,0.175942304,0.8380127142410145,0.3374700009171352
2018-11-16,162.8958358,239.0166702,281.1833375,0.0021625,88759.16667,0.0,0.0,1.004166682,0.175750641,0.8039228536330899,0.313864887046019
2018-11-17,169.0416692,247.5041704,283.0583376,0.002841667,88597.91667,0.0,-0.070833334,0.908333347,0.175539371,0.8248673304988121,0.3622070239667774
2018-11-18,149.7291689,258.7958372,282.9583375,0.0026875,88694.58333,0.0,-0.054166667,0.954166681,0.175342088,0.7645928529400826,0.3452632608480763
2018-11-19,168.0833358,244.2541703,282.4833375,0.002516667,88777.91667,0.0,0.258333337,0.795833345,0.175130815,0.7548373682366897,0.3342375418787833
2018-11-20,86.67083462,284.4625042,284.2583376,0.002720833,88694.16667,0.0,-0.379166672,1.045833349,0.174933532,0.4492079463224059,0.320189862950964
2018-11-21,163.4083358,270.612504,284.2750042,0.003804167,88765.41667,0.0,-0.412500006,1.233333352,0.174736885,0.95341029116898,0.4475362531856782
2018-11-22,77.67500116,306.1541712,283.7458376,0.0049,88817.91667,0.0,-0.666666677,0.775000012,0.174525615,0.4190435815369793,0.5976917008854254
2018-11-23,159.666669,259.0875039,282.6000042,0.004575,88822.08333,0.0,-0.20416667,0.141666669,0.174328333,0.6591953623885987,0.6030983059310562
2018-11-24,148.8250022,257.2916705,282.2166709,0.003416667,88327.5,0.0,0.370833339,0.554166675,0.174131686,0.5993227969491239,0.4597456823556572
2018-11-25,158.5875024,264.4125039,283.3750042,0.004270833,88370.83333,0.0,-0.408333339,0.570833342,0.173935035,0.7097697772510134,0.5314627938071322
2018-11-26,147.1750022,271.0416707,282.6416709,0.00395,88766.66667,0.0,-0.516666674,0.341666672,0.173723765,0.62940056468202,0.5189102619887619
2018-11-27,159.4458357,256.7250038,282.3000042,0.003354167,88850.41667,0.0,0.337500005,1.025000015,0.173526483,0.607642191372997,0.451434066560282
2018-11-28,157.441669,249.5875037,283.5625042,0.0030875,88480.41667,0.0,-0.087500001,1.225000018,0.173329836,0.5213304469046119,0.379843684460971
2018-11-29,148.0458355,263.1541706,285.2750043,0.002991667,88190.41667,0.0,0.504166674,1.370833354,0.173118566,0.5409496721101691,0.327063330433016
2018-11-30,122.2666685,302.4250045,285.2833376,0.005258333,87934.58333,2.70000004,0.704166677,0.437500007,0.172921283,3.347528820868728,0.572880569007997
2018-12-01,123.8666685,287.8458376,281.7375042,0.005295833,88219.58333,0.100000001,0.183333336,0.86666668,0.17271001,2.140682127191748,0.7354397859855513
2018-12-02,130.1708353,270.1958374,282.6333375,0.005008333,88118.75,0.0,1.166666684,-0.037500001,0.172512727,1.4130642508787652,0.6535110056822513
2018-12-03,156.1083357,256.7125038,280.0250042,0.004445833,88687.08333,0.0,0.270833337,-0.375000006,0.17231608,1.7167378160060895,0.698510006586581
2018-12-04,142.2458355,255.1750038,279.5916708,0.003820833,88869.16667,0.0,0.050000001,0.733333344,0.17210481,1.1219442403710849,0.6199648663620436
2018-12-05,121.9083351,303.2666712,282.6416709,0.0042125,88622.08333,0.0,-0.004166667,1.204166685,0.171907527,1.3618678463863143,0.5524934340526847
2018-12-06,87.4500013,330.0375049,287.2583376,0.006341667,88512.08333,0.0,-0.570833342,2.150000032,0.171710877,0.999405264976088,0.6104055353797289
2018-12-07,77.22083448,318.3041714,282.7083375,0.007025,88553.75,12.30000018,0.595833342,0.141666669,0.171499607,13.459756326218429,0.9164950541434228
2018-12-08,151.0708356,271.9833374,280.8833375,0.006391667,88997.91667,0.0,0.075000001,0.870833346,0.171302324,15.921737051645817,0.9496091779383528
2018-12-09,156.191669,245.4791703,281.0833375,0.005566667,89283.75,0.0,0.150000002,0.962500014,0.171105677,10.05811916702479,0.8183349868828842
2018-12-10,145.0708355,242.4750036,280.6583375,0.005025,89130.0,0.0,0.145833336,0.629166676,0.170894407,6.519800003371122,0.7593789484877957
2018-12-11,127.7208352,292.129171,281.9583375,0.005729167,88806.66667,0.0,0.312500005,0.358333339,0.170697125,10.079885333059428,0.7888971055870698
2018-12-12,129.7416686,316.6000047,283.0291709,0.005954167,88557.91667,0.0,-0.250000004,1.100000016,0.170500474,11.498061889019628,0.7600937786913105
2018-12-13,156.7750023,230.0791701,281.0666709,0.004091667,88900.41667,0.0,-0.066666668,-0.562500008,0.170289204,3.652584830135045,0.5996061942668982
2018-12-14,156.3958357,210.1333365,277.2833375,0.002279167,89353.75,0.0,0.337500005,1.104166683,0.170091921,3.380204484230201,0.4374413305420367
2018-12-15,128.3208352,272.4708374,279.5416708,0.002629167,89052.08333,0.0,0.141666669,0.708333344,0.169880651,4.493659818478986,0.4289775701914567
2018-12-16,116.8708351,325.9875049,281.4583375,0.003483333,89079.16667,0.0,-0.120833335,0.508333341,0.169633434,5.852011105062225,0.4978912730514579
2018-12-17,132.512502,329.7625049,282.6666709,0.006254167,89001.25,0.200000003,0.016666667,0.929166681,0.169384682,4.613469935118682,0.8223800218721822
2018-12-18,148.2916689,273.5500041,281.7291709,0.00545,88789.58333,1.000000015,0.0,-0.187500003,0.169135929,4.5839536043199365,0.7621743100738547
2018-12-19,153.404169,238.9583369,280.6958375,0.004266667,88853.33333,0.0,0.066666668,-0.441666673,0.168887177,2.101373997181108,0.6411144700843825
2018-12-20,155.8625023,238.6041702,281.9583375,0.003866667,89049.58333,0.0,0.187500003,0.883333346,0.168638424,1.8561560154753804,0.533890232256225
2018-12-21,146.4500022,242.1125036,281.0375042,0.0033375,88738.33333,0.0,-0.466666674,1.245833352,0.168389668,1.6114437937856003,0.4891783815634267
2018-12-22,153.3583356,256.1416705,284.8625042,0.0029,88576.66667,0.0,-0.416666673,0.950000014,0.168140915,1.9810726703704584,0.3273105809382394
2018-12-23,152.2166689,245.2666703,283.1000042,0.002929167,88903.33333,0.0,-0.033333334,0.800000012,0.167892163,1.4183858905620976,0.373590767763418
2018-12-24,150.6250022,253.0125038,282.8083375,0.003479167,88695.41667,0.0,-0.608333342,0.608333342,0.16764341,1.3633396820665873,0.4515467033341855
2018-12-25,145.5291688,263.6166706,284.2583376,0.003333333,88018.33333,0.0,0.120833335,1.704166692,0.167394658,1.4896105030200837,0.3892803453197097
2018-12-26,83.88333458,297.9625044,280.7000042,0.0051375,87749.58333,2.800000042,1.295833353,0.775000012,0.178035594,3.0182327546696195,0.7621579264166675
2018-12-27,147.7500022,247.4625037,278.6458375,0.004391667,88095.0,0.100000001,0.804166679,0.712500011,0.17854088,2.87142573549509,0.7547315511833733
2018-12-28,107.8125016,300.5791711,277.9666708,0.004170833,87966.66667,4.100000061,0.308333338,-0.495833341,0.27084622,9.59001369216148,0.750825829560094
2018-12-29,82.40833456,263.1375039,272.3875041,0.002933333,88629.16667,2.500000037,0.054166667,-0.466666674,0.319380452,3.967398640411397,0.796588402611908
2018-12-30,153.1166689,246.0041703,274.5000041,0.003475,88510.0,2.00000003,0.066666668,-0.395833339,0.312555161,8.532641426210898,0.8070468856814723
2018-12-31,145.7708355,225.3208367,276.2791708,0.003175,88146.66667,0.0,0.008333333,1.304166686,0.280961041,6.046643626166067,0.6458122939569292
2019-01-01,56.16250084,300.1500045,276.6875041,0.004245833,88155.83333,2.200000033,-0.429166673,-0.233333337,0.242595834,5.716986228778546,0.8388459264095062
2019-01-02,60.87083424,296.0791711,274.1958374,0.003925,88367.08333,0.900000013,1.09583335,-1.56666669,0.325732549,5.87509129890722,0.9304742236789983
2019-01-03,153.0083356,214.3708365,272.0583374,0.003266667,89010.83333,0.0,0.183333336,0.858333346,0.430008405,1.234045094460501,0.9129484333068856
2019-01-04,155.2708356,222.55417,276.9708375,0.003675,88908.75,0.0,-0.116666668,1.400000021,0.353662164,3.28488991579554,0.7176145656666206
2019-01-05,119.9333351,257.6916705,279.2250042,0.0042375,88697.5,0.0,0.162500002,0.87916668,0.280929713,3.620559609757734,0.7040430751580804
2019-01-06,98.20000146,332.937505,283.8750042,0.006666666,88454.16667,8.300000124,-0.429166673,0.637500009,0.213752733,23.8084156124124,0.8028396024703944
2019-01-07,152.2583356,250.0291704,279.3666708,0.005491667,89047.5,0.0,0.391666673,0.308333338,0.183013741,11.702739207103964,0.9069923541610284
2019-01-08,152.8541689,247.9916704,281.2833375,0.004704167,89055.41667,0.0,0.062500001,0.887500013,0.171397826,11.478903946523303,0.6803444827231778
2019-01-09,57.81666753,309.870838,282.5875042,0.005233333,89029.58333,0.0,-0.066666668,0.820833346,0.166357814,5.357374985687733,0.6920828503549211
2019-01-10,85.55833461,352.1333386,281.4958375,0.005991667,88821.66667,1.000000015,0.020833334,1.104166683,0.164381003,16.84038451789747,0.8517494147336346
2019-01-11,157.1375023,272.4333374,280.2708375,0.00605,88675.83333,0.0,-0.345833338,0.47083334,0.163668129,10.333146916689474,0.9343497615263048
2019-01-12,130.1041686,240.7791703,278.6500042,0.004545833,88730.41667,0.0,-0.050000001,1.079166683,0.163079869,3.6323693121327016,0.7866303120732072
2019-01-13,87.71666797,309.0791713,282.8166709,0.0054875,88552.91667,0.0,0.295833338,1.937500029,0.16272494,5.420785644366396,0.7106534149113485
2019-01-14,131.6833353,290.0958377,282.0208375,0.005575,88806.25,0.0,0.120833335,1.158333351,0.162432955,5.219242198795752,0.764391730381877
2019-01-15,140.9083354,270.150004,282.4958375,0.0047875,88791.66667,0.0,0.141666669,1.583333357,0.162169579,3.8085812213602472,0.6353834291360186
2019-01-16,156.4125023,278.9416708,283.1208376,0.006145833,88956.66667,0.0,-0.316666671,0.525000008,0.162343259,4.05029302844699,0.7832136694570379
2019-01-17,161.6500024,271.4416707,282.0208375,0.005375,89002.91667,0.0,0.479166674,0.670833343,0.162535281,3.099521573827505,0.7386016681131761
2019-01-18,160.4083357,262.5833372,284.0583376,0.0057,88817.5,0.0,0.666666677,-0.44583334,0.162741288,2.155815825235129,0.6807984591514575
2019-01-19,166.7166692,238.3166702,282.2416709,0.004904167,89139.58333,0.0,0.483333341,0.441666673,0.16293331,1.440036251048887,0.6648353063950059
2019-01-20,170.4916692,231.6125035,282.2083375,0.002683333,88991.25,0.0,0.020833334,0.745833344,0.16313932,1.4251381112043942,0.3639887240618584
2019-01-21,166.9916692,242.5791703,286.2833376,0.003258333,88262.08333,0.0,0.945833347,2.004166697,0.163345962,1.445857272603237,0.333451957784767
2019-01-22,169.6375025,245.5000037,280.7000042,0.003325,88168.75,0.0,0.920833347,-0.800000012,0.163537984,1.1032368181617167,0.4956263711516889
2019-01-23,172.1333359,214.2375032,276.8625041,0.002758333,89189.16667,0.0,0.337500005,0.104166668,0.16374399,0.8168507089509325,0.5445056173233173
2019-01-24,175.1916693,223.8958367,277.6958375,0.002420833,88932.91667,0.0,0.087500001,0.287500004,0.163936013,0.9345685124852064,0.4491045298180742
2019-01-25,178.0750027,217.3583366,279.1541708,0.002370833,88887.08333,0.0,0.525000008,0.766666678,0.164142023,0.628315780701481,0.396707007491031
2019-01-26,177.9916693,219.7375033,280.6500042,0.002541667,88789.16667,0.0,0.270833337,0.116666668,0.164334042,0.6484767853370113,0.3828488640125131
2019-01-27,175.3416693,229.8291701,281.0416709,0.002325,89035.0,0.0,0.24166667,0.483333341,0.164540051,0.6627149186639811,0.3418170736375008
2019-01-28,175.808336,244.3041703,282.2750042,0.002575,88467.5,0.0,-0.262500004,0.387500006,0.164746693,0.7725603436808164,0.3456620151268524
2019-01-29,148.5791689,278.3041708,283.3916709,0.003208333,88356.25,0.0,0.070833334,0.287500004,0.164938716,0.8602745661411735,0.3987298620876386
2019-01-30,85.60000128,313.1250047,284.7125042,0.003370833,88180.41667,0.0,-0.47083334,1.175000018,0.165144722,0.5845012990238118,0.3825654861505295
2019-01-31,171.0875025,312.1541713,285.2083376,0.003820833,88338.75,0.0,-0.25416667,1.458333355,0.165336744,1.1748110917151544,0.4202758262235008
2019-02-01,142.1958355,308.8875046,285.6083376,0.004745833,88382.08333,0.0,0.095833335,1.529166689,0.165542754,0.8911852506868505,0.5085690692481155
2019-02-02,72.55833441,301.5583378,284.0916709,0.005075,88486.25,0.0,0.412500006,1.308333353,0.165734773,0.3010351963227379,0.6025372816077952
2019-02-03,89.72083467,329.5875049,285.1291709,0.006316667,88230.41667,0.0,0.287500004,1.433333355,0.165940783,0.5264784915066992,0.6976251673489895
2019-02-04,127.2333352,312.208338,285.8958376,0.0075,88088.33333,0.100000001,0.804166679,2.145833365,0.166132802,0.5754872490388596,0.785910283085569
2019-02-05,125.2708352,320.2666714,286.0583376,0.006308333,88019.58333,0.0,1.675000025,1.425000021,0.166338811,0.661981390300566,0.6534550635067367
2019-02-06,137.3791687,306.2208379,281.7000042,0.0047625,88065.83333,0.400000006,0.962500014,0.462500007,0.167300767,0.9037034659733472,0.6619210357921494
2019-02-07,194.3125029,220.5333366,275.9583374,0.002420833,88915.83333,0.0,0.800000012,0.258333337,0.170948902,0.5337334541942782,0.5082771171080747
2019-02-08,198.250003,202.125003,276.9958375,0.002095833,88959.16667,0.0,0.083333335,0.404166673,0.17026418,0.4906676219757057,0.4087550866178761
2019-02-09,168.4916692,243.570837,281.1166709,0.002229167,88501.66667,0.0,0.004166667,1.341666687,0.169378547,0.5118334393318484,0.3240862083973381
2019-02-10,129.1333353,310.6750046,282.0041709,0.003304167,88351.25,1.300000019,0.116666668,1.629166691,0.168470665,1.9212327773105264,0.4512290300633511
2019-02-11,200.9791697,233.4375035,280.6500042,0.004025,88325.0,0.0,-0.050000001,0.391666673,0.168054879,1.749488851829309,0.6031124079797605
2019-02-12,205.6375031,200.350003,277.1583375,0.002191667,89032.08333,0.0,0.087500001,0.991666681,0.167997035,0.9283445877229664,0.4228753539044646
2019-02-13,188.7833361,236.9375035,281.2291709,0.0023,88699.16667,0.0,0.079166668,1.458333355,0.168059358,1.1387568505343713,0.3325455584053547
2019-02-14,57.96250086,317.2875047,286.2250043,0.003154167,88475.0,0.0,0.158333336,1.029166682,0.168189706,0.5968304208784158,0.3248195097806972
2019-02-15,178.570836,327.0041715,289.079171,0.008041666,88340.0,2.00000003,1.083333349,1.666666692,0.168341674,5.587998287169028,0.6862470404349088
2019-02-16,203.5416697,264.5666706,283.5583376,0.005079167,88258.75,0.0,1.650000025,-0.087500001,0.168675451,3.232593304678105,0.6234809530141543
2019-02-17,207.6000031,221.12917,279.3791708,0.0030875,88242.5,0.0,0.554166675,0.312500005,0.169028027,2.396973972743892,0.5048742958415889
2019-02-18,188.0875028,231.0583368,278.0416708,0.0025875,88304.16667,0.0,0.987500015,1.379166687,0.169395226,1.598395165126437,0.4651131651186734
2019-02-19,108.4541683,304.1708379,276.2833375,0.00395,88175.0,1.500000022,1.237500018,-1.179166684,0.211747616,2.5071518913856528,0.8034697949904075
2019-02-20,214.0750032,213.4458365,274.1625041,0.002245833,88413.33333,0.0,0.0,0.962500014,0.22561185,2.546192167390936,0.5339805209053774
2019-02-21,132.8583353,246.4666703,279.1541708,0.0022375,87696.66667,0.0,0.800000012,2.887500043,0.208301103,1.8612923388711735,0.3693825565247727
2019-02-22,87.92083464,310.795838,278.1041708,0.0045375,87682.91667,14.60000022,-0.208333336,3.15833338,0.277588912,31.763540936662228,0.8063287386774068
2019-02-23,215.8708366,225.5000034,274.1333374,0.003279167,88879.16667,1.800000027,-0.083333335,0.633333343,0.512099296,8.42902690382353,0.7854489594770531
2019-02-24,217.8416699,218.4750033,276.6666708,0.003320833,88999.16667,0.0,0.279166671,0.291666671,0.405408845,9.3923512152482,0.6633573328838068
2019-02-25,216.5041699,242.6833369,281.3083375,0.003741667,88598.75,0.0,0.562500008,0.829166679,0.295787897,19.815365228736542,0.5374424990806664
2019-02-26,221.3083366,253.2500038,282.6250042,0.00335,88725.0,0.0,0.245833337,0.716666677,0.224018357,21.209876143709973,0.4403807620544018
2019-02-27,160.2500024,311.0375046,286.5666709,0.003704167,88708.75,0.0,0.691666677,0.633333343,0.189356244,19.34047030996826,0.3739423937343262
2019-02-28,224.8333367,264.0916706,284.1958376,0.003766667,88652.08333,0.0,0.100000001,-0.083333335,0.177273336,14.451493143425758,0.4449170849600841
2019-03-01,233.6000035,258.8333372,285.6583376,0.004479167,88557.5,0.0,-0.120833335,-0.0125,0.17420274,11.602476259805044,0.4793519444342235
2019-03-02,220.5708366,281.3291709,287.2541709,0.0042,88491.25,0.0,0.87916668,0.754166678,0.173818336,9.854226582650345,0.4042785022115438
2019-03-03,227.7000034,280.2666708,289.729171,0.005908333,88470.83333,0.0,1.695833359,1.066666683,0.174004279,7.129574892963278,0.4842396908435403
2019-03-04,243.083337,258.8416705,285.8791709,0.004454167,88327.5,0.0,-0.20416667,-0.025,0.174331866,6.892070653229488,0.4685276483710403
2019-03-05,243.9000036,251.7208371,285.8958376,0.003275,88559.58333,0.0,0.183333336,0.500000007,0.174684824,4.972102049973595,0.3450167530386726
2019-03-06,241.9041703,289.5458376,289.5083376,0.003825,88577.08333,0.0,0.608333342,1.241666685,0.175052535,4.945326775973435,0.3183572527065765
2019-03-07,218.7791699,306.9583379,290.8250043,0.0033,88547.91667,0.0,1.13333335,1.641666691,0.175406278,4.299052331065415,0.2523747916364364
2019-03-08,164.3791691,314.5291714,288.7125043,0.003183333,88175.0,0.0,1.025000015,2.416666703,0.175759198,3.011182298092743,0.2776530357241609
2019-03-09,238.4416702,249.4666704,280.4916708,0.003508333,88255.0,0.0,1.058333349,0.741666678,0.176097571,2.091990891367074,0.5310617475781004
2019-03-10,183.4750027,310.470838,284.1166709,0.003820833,88127.08333,0.0,-1.14583335,1.945833362,0.176450002,2.2480276338625083,0.4510346464932872
2019-03-11,100.0666682,350.7708386,287.7208376,0.005541667,88149.16667,0.300000004,-1.500000022,2.70000004,0.176803219,1.9988162153854363,0.5153893601945941
2019-03-12,122.3625018,337.5541717,283.2291709,0.0069625,87791.66667,15.90000024,0.691666677,1.762500026,0.177170985,44.9918609751303,0.8692682582523564
2019-03-13,189.2458362,286.1708376,280.9916709,0.005516667,87913.75,2.70000004,2.900000043,1.370833354,0.17794101,45.19411185298605,0.8036002519999104
2019-03-14,266.5541706,241.6916703,280.8541709,0.0033125,88567.91667,0.0,0.162500002,-0.67500001,0.1779107,35.99140098442702,0.4907465216371226
2019-03-15,247.8666704,233.7041701,280.6750042,0.003354167,88693.33333,0.0,-0.908333347,0.591666675,0.178245702,24.539439285941334,0.5038183539094084
2019-03-16,251.7958371,286.0750043,285.5833376,0.004504167,88618.75,0.0,-0.841666679,1.333333353,0.178440289,27.75320726429792,0.4847683547941954
2019-03-17,257.2916705,272.8916707,283.6875042,0.005316667,88746.25,0.0,-0.762500011,0.387500006,0.178642424,16.685214927601173,0.6505457978215462
2019-03-18,264.3208373,273.2458374,285.8833376,0.004991667,88582.08333,0.0,-0.795833345,0.558333342,0.178830574,13.138794981473785,0.5264345807247022
2019-03-19,267.487504,275.0500041,287.6083376,0.004929167,88542.91667,0.0,-0.137500002,0.350000005,0.179032073,11.297353602959724,0.463868479340506
2019-03-20,261.7125039,288.8333376,289.1750043,0.004966667,88487.91667,0.0,-0.008333333,1.395833354,0.179234207,7.897836131714801,0.421929153362837
2019-03-21,258.4000039,275.1875041,288.5375043,0.003595833,88481.25,0.0,0.958333348,0.875000013,0.179436345,5.981442391441349,0.3183106080022568
2019-03-22,274.8458374,267.7958373,284.1583376,0.003783333,88493.33333,0.0,-0.462500007,-0.779166678,0.17963848,5.010428663879789,0.4472103445056486
2019-03-23,263.4458373,254.7708371,284.6583376,0.0036,88665.83333,0.0,0.175000003,0.25416667,0.179840617,4.594570038391291,0.4123145536566505
2019-03-24,277.0541708,258.1166705,286.7583376,0.003279167,88708.75,0.0,-0.708333344,0.183333336,0.180028129,3.957822694191519,0.3268872103179158
2019-03-25,270.7708374,270.4791707,288.116671,0.0034125,88837.91667,0.0,0.187500003,0.483333341,0.18024425,3.932838500635574,0.311705208808437
2019-03-26,260.4291705,284.4125042,290.7458377,0.003566667,88579.58333,0.0,-0.162500002,1.087500016,0.180432401,3.5345077645469267,0.2742459785518973
2019-03-27,232.0458368,319.3875048,291.7208377,0.003770833,88583.33333,0.0,0.312500005,1.091666683,0.180633899,3.583157386448894,0.272553630760028
2019-03-28,251.5041704,323.0250048,291.204171,0.0036375,88722.08333,0.0,0.508333341,0.850000013,0.180836037,3.872612214712293,0.2720924820057963
2019-03-29,290.679171,267.2541706,289.8500043,0.0029375,88624.58333,0.0,0.637500009,-0.325000005,0.181038172,3.3279955988686862,0.2393082946349544
2019-03-30,275.0625041,255.9750038,288.5625043,0.003025,88453.75,0.0,-0.212500003,-0.125000002,0.181240309,2.8136150844116408,0.2672624345786054
2019-03-31,290.2708377,257.0708372,288.029171,0.002879167,88372.08333,0.0,0.116666668,-0.066666668,0.181442444,3.0667075176681946,0.2631046743655545
2019-04-01,270.0208374,263.6666706,287.754171,0.002904167,88500.83333,0.0,-0.44583334,0.262500004,0.181629955,2.6067637081199515,0.2705832544780325
2019-04-02,291.466671,282.6000042,289.7833377,0.003095833,88315.0,0.0,0.366666672,2.425000036,0.181831457,3.607120578634985,0.2524040827047963
2019-04-03,297.9500044,266.2958373,290.6333377,0.003095833,88307.91667,0.0,2.425000036,1.841666694,0.182033592,3.636462694833782,0.2390211024062686
2019-04-04,269.5833374,282.2750042,288.1833376,0.003258333,88608.33333,0.0,0.304166671,1.695833359,0.182235729,2.9539663420386115,0.2955694855513394
2019-04-05,253.9125038,304.0208379,289.7708377,0.002770833,88339.16667,0.0,0.783333345,2.562500038,0.182437864,3.428198838974028,0.2261500267325137
2019-04-06,232.7666701,306.6166712,287.6458376,0.005279167,88280.41667,0.0,0.437500007,0.454166673,0.182639998,2.482142376313469,0.4941210983100336
2019-04-07,298.9250045,286.0708376,288.7750043,0.005195833,88679.16667,0.0,0.583333342,-0.383333339,0.182842136,3.050761328358612,0.4539355964831451
2019-04-08,301.8416712,293.729171,291.6500043,0.004375,88833.33333,0.0,0.416666673,0.379166672,0.18304427,3.2762957980748117,0.3185390328359809
2019-04-09,304.1875045,286.9708376,293.4083377,0.003529167,88600.83333,0.0,0.729166678,0.683333344,0.183232125,3.3658453564175903,0.2294724486356937
2019-04-10,312.0291713,267.875004,292.3000044,0.0029375,88040.0,0.0,1.683333358,0.225000003,0.183444643,3.557689396764832,0.2034463056836803
2019-04-11,313.4500047,232.9041701,285.5583376,0.0018875,88131.25,0.0,2.137500032,-1.262500019,0.18363834,3.2053771524328165,0.2023634586853332
2019-04-12,228.3291701,286.2666709,285.7000043,0.002425,87659.16667,0.0,0.533333341,0.991666681,0.183839156,2.5485388125739283,0.2561770822723471
2019-04-13,296.3125044,292.9625044,283.3541709,0.004370833,88008.33333,0.0,0.625000009,0.158333336,0.184047398,3.4264184231830805,0.5424391458619742
2019-04-14,312.208338,265.1208373,286.8458376,0.003379167,88427.08333,0.0,0.166666669,1.000000015,0.184230184,3.471446564402138,0.3338597486378567
2019-04-15,254.1250038,293.8708377,290.8875043,0.003504167,88133.75,0.0,0.137500002,1.645833358,0.184441134,3.441062684847993,0.2656760727527593
2019-04-16,310.545838,289.016671,291.4875043,0.0041,88172.91667,0.0,1.162500017,1.233333352,0.184492753,4.245376898075875,0.299361619323379
2019-04-17,255.7416705,314.8625047,287.741671,0.0063625,88260.0,1.500000022,1.662500025,-1.266666686,0.184537438,5.627661493022903,0.5916678536832807
2019-04-18,317.6125047,282.4125042,288.5125043,0.005166667,88730.41667,0.0,0.462500007,-0.337500005,0.184582079,7.102376083901469,0.4593963483607597
2019-04-19,322.4166715,277.6416708,291.9833377,0.0027625,88685.41667,0.0,-0.0125,1.495833356,0.184626731,6.196549836371696,0.1966142510220806
2019-04-20,318.9291714,313.4875047,294.8458377,0.0030875,88322.5,0.0,0.829166679,2.391666702,0.184671399,6.830381612959951,0.1830431254135754
2019-04-21,318.7000047,284.7208376,294.1791711,0.003645833,88301.66667,0.0,2.01250003,1.525000023,0.184701435,5.738960324072598,0.2251934625364655
2019-04-22,321.0708381,286.6958376,292.391671,0.004804167,88262.08333,0.0,-0.091666668,1.250000019,0.184760086,5.193746038992059,0.3316491242296653
2019-04-23,314.4291714,286.1541709,290.2375043,0.0034125,88172.08333,0.0,0.345833338,1.391666687,0.184805379,4.911254092024041,0.2698019458453152
2019-04-24,312.745838,299.7833378,288.8958376,0.0047875,88342.91667,0.0,0.737500011,-0.108333335,0.184835393,5.038240897538207,0.4134307206881764
2019-04-25,319.5291714,307.1333379,293.029171,0.004466667,88498.33333,0.0,-0.245833337,0.020833334,0.184879392,5.527124323120964,0.2970513779140258
2019-04-26,320.2375048,314.858338,295.5916711,0.0043375,88523.33333,0.0,0.033333334,0.787500012,0.184924081,5.40229681900669,0.2461724680278949
2019-04-27,325.4708382,305.5541712,295.9958377,0.003916667,88377.5,0.0,0.558333342,0.362500005,0.18498335,5.202678378714882,0.2164945542626692
2019-04-28,320.9666714,293.4125044,295.0041711,0.0036,88222.08333,0.0,0.966666681,1.308333353,0.185014013,5.220978226682487,0.211112384489417
2019-04-29,159.5083357,336.6458383,294.5458377,0.003645833,88081.66667,0.0,0.495833341,2.370833369,0.185057997,3.4246947400932863,0.2195875261569174
2019-04-30,316.1791714,295.6083377,291.7708377,0.004683333,88123.75,0.0,1.31250002,1.316666686,0.18510269,5.2918641004601055,0.3356894387118034
2019-05-01,337.225005,279.0291708,292.0125044,0.004491667,88227.5,0.0,0.108333335,1.041666682,0.185147346,5.169399829771156,0.3174480732624655
2019-05-02,311.145838,291.0333377,291.929171,0.003191667,88375.83333,0.0,0.070833334,1.245833352,0.185192026,5.040534948820972,0.2271415244953989
2019-05-03,333.4958383,316.8250047,292.4208377,0.002754167,88302.5,0.0,0.291666671,0.716666677,0.185236678,5.995982977363549,0.1898685724104095
2019-05-04,336.3208383,285.6041709,292.9375044,0.003145833,88209.58333,0.0,0.633333343,0.541666675,0.185281294,5.200154084209941,0.209728369951767
2019-05-05,335.4958383,289.4208376,294.4333377,0.0030375,88045.83333,0.0,0.995833348,0.800000012,0.185325928,5.401418374268799,0.184151031678661
2019-05-06,327.6500049,286.6125043,293.5750044,0.002745833,88086.66667,0.0,0.666666677,2.075000031,0.185370599,5.609401967845812,0.1756670633003821
2019-05-07,335.8541717,294.7916711,292.3833377,0.004166667,88231.66667,0.0,1.520833356,1.137500017,0.185415269,5.6927186390145295,0.2876918384702135
2019-05-08,330.4916716,293.3750044,289.504171,0.004775,88220.41667,0.0,0.641666676,-0.345833338,0.185459877,5.130959299410253,0.3959322400514892
2019-05-09,322.4541715,301.6500045,291.229171,0.005120833,88013.75,0.0,0.170833336,0.766666678,0.185504456,5.16341818387685,0.3793880019979762
2019-05-10,267.325004,348.4583385,293.341671,0.004241667,87903.33333,0.0,0.129166669,2.316666701,0.185536188,5.778514854913687,0.2747703638176365
2019-05-11,330.0125049,316.8000047,290.8708377,0.004658333,88189.58333,0.0,0.008333333,1.329166686,0.185585914,6.02860365561303,0.3537805976217424
2019-05-12,243.7041703,329.2958382,288.0708376,0.006925,88219.58333,2.70000004,-0.479166674,-0.029166667,0.185631818,12.989663110060375,0.6300184760800882
2019-05-13,332.237505,310.5916713,288.4750043,0.006641666,88403.75,0.0,0.004166667,0.754166678,0.185674761,12.541865362554375,0.589805508883186
2019-05-14,336.375005,326.5583382,293.254171,0.006120833,88507.91667,0.0,-0.158333336,1.195833351,0.185713973,11.528739401362536,0.4014156644018316
2019-05-15,338.237505,324.7083382,295.8500044,0.005391667,88399.16667,0.0,-0.44583334,1.31250002,0.185757984,10.423701538730782,0.3007711277476985
2019-05-16,337.4708384,311.970838,296.5666711,0.004820833,88223.75,0.0,1.412500021,1.687500025,0.18579481,9.105316304992195,0.2569006470175808
2019-05-17,341.8125051,293.8250044,293.6875044,0.00415,88110.83333,0.0,1.825000027,0.762500011,0.185846659,8.210629420328528,0.2637178262487166
2019-05-18,345.3791718,276.1416708,290.354171,0.002941667,88144.58333,0.0,0.762500011,0.350000005,0.185884531,7.620794618831054,0.2307756667699507
2019-05-19,318.2833381,283.8250042,291.5208377,0.003116667,88115.83333,0.0,1.112500017,1.583333357,0.185921746,7.131139241808012,0.2269364965180962
2019-05-20,281.5958375,307.4625046,289.8583377,0.004358333,87845.41667,0.200000003,2.220833366,0.550000008,0.185973639,6.957344825985014,0.3517490357204116
2019-05-21,341.3208384,270.7708374,287.0666709,0.0033,87945.0,0.0,2.158333365,1.041666682,0.186026125,7.178655702429867,0.3195916431909836
2019-05-22,348.1083385,275.8958374,292.5500044,0.003020833,87559.16667,0.0,2.854166709,3.345833383,0.186063979,9.177542741694992,0.2048291636473047
2019-05-23,348.3375052,288.891671,290.6083377,0.004445833,88025.83333,0.0,1.429166688,0.591666675,0.186101205,8.362411872886515,0.3427006836665365
2019-05-24,352.6416719,277.0208375,290.2000043,0.003220833,88290.41667,0.0,0.925000014,0.43333334,0.186138434,8.223688623413635,0.2556026148838131
2019-05-25,347.9541719,298.0750044,293.104171,0.0025,88155.0,0.0,-0.258333337,1.595833357,0.1861903,9.205125656408493,0.1648396141428082
2019-05-26,349.0416719,302.1666712,295.2708377,0.003491667,88125.41667,0.0,0.704166677,3.354166717,0.186228158,9.753118847748835,0.2012039916018126
2019-05-27,352.2458386,280.5541708,293.2458377,0.003491667,88165.83333,0.0,1.800000027,2.091666698,0.186280023,8.689462962734105,0.2282238103846569
2019-05-28,352.8583386,281.7125042,291.0875043,0.003820833,88061.25,0.0,0.933333347,0.733333344,0.186317875,7.931098916516827,0.2857876759320075
2019-05-29,353.8125053,286.6291709,291.3000043,0.003058333,88001.25,0.0,-0.100000001,0.062500001,0.186354975,7.959353474954715,0.2255348352931861
2019-05-30,353.4708386,292.479171,293.3708377,0.0031625,88219.16667,0.0,-0.370833339,1.279166686,0.186406773,8.062585521701473,0.2052251529602068
2019-05-31,350.6250052,308.2083379,295.5916711,0.003416667,88327.5,0.0,-0.845833346,2.145833365,0.186444646,8.561821226937989,0.1934821143164201
2019-06-01,334.8833383,323.8750048,297.3375044,0.0041375,88219.16667,0.0,0.641666676,2.48333337,0.186481896,8.341730565222036,0.2103931153280082
2019-06-02,335.2083383,329.6500049,297.7916711,0.0067375,88147.08333,0.0,0.333333338,1.762500026,0.186519109,8.093613633130419,0.3330558861803034
2019-06-03,335.337505,329.9666716,296.9916711,0.00455,88162.5,0.0,0.429166673,1.433333355,0.186570904,8.075581720570106,0.2361188381995889
2019-06-04,337.287505,324.4708382,296.5916711,0.004025,88225.83333,0.0,0.337500005,1.545833356,0.186608524,7.990045488369895,0.2141697356387239
2019-06-05,337.9833384,320.9375048,296.2500044,0.003966667,88376.66667,0.0,0.287500004,0.554166675,0.186644174,7.591827208075414,0.2158770986741508
2019-06-06,336.487505,329.5416716,297.8125044,0.0047125,88470.0,0.0,0.366666672,-0.037500001,0.186694388,7.564062929898983,0.2335134924881901
2019-06-07,330.0375049,335.2458383,299.5041711,0.006708333,88372.08333,0.0,0.816666679,0.887500013,0.186745242,7.576083647271102,0.3000299276167769
2019-06-08,344.2833385,311.8000046,298.7666711,0.003808333,88385.83333,0.0,1.062500016,1.750000026,0.186781469,7.381907880755234,0.1780236326933197
2019-06-09,335.9458383,322.5666715,298.5083378,0.003366667,88637.5,0.0,-0.354166672,0.962500014,0.186817061,7.210398456611675,0.1602885477460303
2019-06-10,326.5333382,360.341672,301.4541712,0.0065375,88883.75,0.0,-1.708333359,1.616666691,0.186867279,7.776439345000006,0.2620684793555951
2019-06-11,334.375005,360.8458387,298.5666711,0.007945833,89005.0,0.0,-0.266666671,0.354166672,0.186903506,8.56560980843665,0.3785463106563624
2019-06-12,331.4666716,342.6125051,300.7750045,0.004704167,88641.25,0.0,-0.133333335,0.425000006,0.186953721,7.191672871366241,0.195726067135897
2019-06-13,318.2041714,343.8458385,301.7875045,0.0038625,88442.91667,0.0,-0.083333335,0.462500007,0.187004574,6.124835534004653,0.1510879500944471
2019-06-14,343.0250051,324.9750048,301.9416712,0.004225,88347.5,0.0,2.537500038,1.954166696,0.187040802,5.686000244233829,0.1636075542325972
2019-06-15,347.0791718,308.5333379,299.4208378,0.003720833,88350.0,0.0,1.045833349,1.454166688,0.187076393,6.939621531685166,0.1672003771771169
2019-06-16,339.8375051,315.7041714,299.2416711,0.004029167,88304.58333,0.0,-0.112500002,1.616666691,0.187167306,7.042747868082608,0.1829061574278126
2019-06-17,341.4333384,327.5416715,299.4916711,0.003804167,88265.0,0.0,0.258333337,0.783333345,0.187246002,7.211069624235636,0.1700615882564495
2019-06-18,342.8375051,322.1750048,299.4833378,0.003825,88403.75,0.0,0.491666674,0.566666675,0.187324065,7.056652922047043,0.1713467145952906
2019-06-19,345.2500051,313.545838,298.6500045,0.002904167,88536.66667,0.0,0.462500007,0.954166681,0.187402125,6.78043322770383,0.1369431058175324
2019-06-20,347.7333385,304.3458379,299.1708378,0.002770833,88425.83333,0.0,1.212500018,0.475000007,0.187494808,6.18583656377498,0.126489714406355
2019-06-21,345.5166718,309.2708379,299.2625045,0.0029875,88215.41667,0.0,1.012500015,1.212500018,0.187573503,6.107296248472116,0.1353139076030586
2019-06-22,345.1500051,311.8791713,298.8875045,0.003704167,88240.83333,0.0,0.912500014,0.954166681,0.187651563,6.167204301502958,0.1716245246376468
2019-06-23,348.1125052,302.0333378,298.1875044,0.004291667,88412.5,0.0,1.36250002,1.058333349,0.187744246,6.058647746587465,0.2077757040671987
2019-06-24,347.5458385,305.8041712,297.6041711,0.0029875,88367.5,0.0,0.641666676,0.087500001,0.187822945,5.682384690560819,0.149736268617697
2019-06-25,344.3375051,313.683338,299.1916711,0.003375,88278.75,0.0,-0.400000006,1.179166684,0.187901005,5.398803876968894,0.1536227666769529
2019-06-26,333.387505,340.7375051,300.4708378,0.004895833,88459.58333,0.0,0.066666668,1.300000019,0.187993688,5.446115525981663,0.2069667226053403
2019-06-27,335.500005,357.229172,301.5875045,0.006075,88655.0,0.0,0.404166673,0.958333348,0.188072383,6.18521590001873,0.2410097950121311
2019-06-28,332.7666716,370.2041722,302.9000045,0.007458333,88667.5,0.0,0.354166672,0.65000001,0.188150443,6.7496844304884185,0.2741248475168503
2019-06-29,313.7500047,393.9125059,304.4708379,0.008104166,88594.16667,0.200000003,-0.033333334,-0.0125,0.188228503,8.763032797026145,0.2718308190733545
2019-06-30,317.5708381,400.612506,303.7333379,0.009954166,88597.08333,1.800000027,0.633333343,0.570833342,0.188321189,18.132664424543435,0.3483611381691999
2019-07-01,288.5375043,377.6375056,300.5333378,0.0089125,88552.08333,3.100000046,0.379166672,1.150000017,0.188399885,31.757065394039024,0.3757710906023901
2019-07-02,306.7875046,367.0000055,301.0166712,0.008658333,88504.58333,0.300000004,1.220833352,1.070833349,0.188477944,23.73055133433412,0.3546063341339671
2019-07-03,310.070838,352.6333386,302.0750045,0.007554166,88372.08333,0.0,0.979166681,-0.037500001,0.188570627,17.53546558995259,0.2903360337969845
2019-07-04,310.9666713,349.1375052,302.0166712,0.007229166,88392.91667,0.0,1.479166689,1.13333335,0.1886347,13.99830754487332,0.2788589898380165
2019-07-05,306.0708379,359.0083387,301.4666712,0.008016666,88653.75,0.0,0.354166672,0.583333342,0.188726746,13.468528624871638,0.3202971989539765
2019-07-06,271.7083374,387.9500058,296.2875044,0.011533333,88885.0,0.900000013,-0.283333338,0.645833343,0.188805442,16.19427804048788,0.629843160266908
2019-07-07,269.9291707,387.1208391,297.7125044,0.011595833,88699.58333,3.100000046,-0.016666667,-0.025,0.188898128,32.309645028674474,0.579573820287541
2019-07-08,289.891671,346.7625052,299.0166711,0.005254167,88608.75,0.0,0.362500005,0.666666677,0.188976824,19.60673045156893,0.2425746271440033
2019-07-09,302.8958378,348.5541719,300.0833378,0.004920833,88665.0,0.0,-0.366666672,0.545833341,0.189054884,16.027950827581165,0.2133446193163493
2019-07-10,290.779171,366.5958388,301.7458378,0.005633333,88709.16667,0.0,0.133333335,-0.129166669,0.189147566,13.825113654186216,0.2215599919524818
2019-07-11,258.3166705,403.3041727,303.4666712,0.006516667,88643.75,0.0,-0.704166677,0.758333345,0.189226262,9.496399486827734,0.2317205538728234
2019-07-12,285.8583376,398.3875059,303.1916712,0.008708333,88532.91667,0.0,-0.112500002,0.837500012,0.189304322,9.901838167912077,0.3142238740351586
2019-07-13,297.2500044,383.4250057,301.2666712,0.009520833,88451.66667,0.0,-0.22916667,0.44583334,0.189397008,9.599804540448387,0.3840099404846231
2019-07-14,292.1458377,391.5625058,300.4833378,0.009995833,88648.75,1.400000021,-0.25416667,-0.429166673,0.189475704,16.388846969907046,0.4231553003450413
2019-07-15,284.9083376,396.1125059,301.0916712,0.01165,88572.5,3.200000048,0.100000001,0.195833336,0.189553763,32.959950085063014,0.4753948990848312
2019-07-16,268.4166707,387.4250058,301.1041712,0.010379166,88413.33333,0.200000003,-0.125000002,0.791666678,0.18938008,20.87617275628805,0.4224648286614975
2019-07-17,291.3625043,389.6041725,301.5250045,0.011283333,88557.91667,0.0,0.754166678,0.704166677,0.189195451,16.933576846041454,0.4487879703491524
2019-07-18,289.2333376,401.1333393,299.7000045,0.012783333,88629.16667,6.7000001,0.275000004,0.166666669,0.189010821,61.15473164150518,0.5667548501779293
2019-07-19,292.9708377,387.8791724,300.9500045,0.01165,88442.08333,0.0,0.166666669,0.187500003,0.188826192,36.78389936413227,0.4786698002785646
2019-07-20,270.0333374,380.8416723,301.8625045,0.010258333,88418.33333,0.0,-0.291666671,0.083333335,0.188641563,22.60871146643669,0.3994034322944614
2019-07-21,295.0250044,382.1791724,302.3916712,0.010470833,88497.5,0.0,0.833333346,-0.362500005,0.188456934,18.336452543646303,0.3956311128584349
2019-07-22,256.3166705,386.5875058,302.3333378,0.0117875,88655.41667,1.300000019,-0.483333341,-0.750000011,0.188257682,19.03676416619668,0.4476940475513762
2019-07-23,259.0958372,403.9833394,297.8375044,0.013820833,88930.41667,7.500000112,1.041666682,0.187500003,0.188087044,67.86055354715494,0.6873758815307391
2019-07-24,282.1125042,394.4916725,299.1375045,0.014195833,88837.08333,0.0,0.24166667,0.912500014,0.18790305,42.77119820094576,0.6523567531223536
2019-07-25,278.9708375,403.675006,300.7208378,0.012229166,88693.33333,1.900000028,0.195833336,0.495833341,0.18772245,43.57798468903618,0.5107465307315248
2019-07-26,280.8750042,418.1833396,301.4208378,0.0129875,88728.75,0.500000007,0.408333339,0.116666668,0.187541477,34.59957464415252,0.5207389511172641
2019-07-27,262.6708372,402.9541727,303.0500045,0.012154166,88742.91667,0.200000003,0.425000006,0.041666667,0.187345834,21.10854302564576,0.4432234476632744
2019-07-28,286.5833376,390.6750058,302.6250045,0.0118,88746.25,0.600000009,0.566666675,0.125000002,0.187149592,19.922152386516903,0.4410747209113481
2019-07-29,281.6000042,390.3125058,301.9708378,0.011816666,88597.08333,2.70000004,0.245833337,0.479166674,0.186967936,32.10803503908656,0.4580959238419099
2019-07-30,225.34167,406.6708394,297.4875044,0.014395833,88666.66667,8.70000013,0.154166669,1.054166682,0.186787018,71.90553328602401,0.7290985076550325
2019-07-31,213.6125032,398.8583393,296.1708377,0.016075,88781.66667,2.900000043,-0.133333335,0.337500005,0.186606,55.10922652146292,0.8831146632608834
2019-08-01,294.2166711,388.6833391,297.7458378,0.014783333,88802.08333,0.100000001,-0.120833335,1.058333349,0.186425009,55.491448883815856,0.7382559751613751
2019-08-02,280.4250042,399.6291726,300.2500045,0.013854166,88682.91667,0.0,0.379166672,1.454166688,0.186229429,36.83333235043852,0.5948712183964314
2019-08-03,269.8333374,396.4416726,300.1916711,0.013995833,88630.0,5.40000008,0.479166674,1.241666685,0.18604779,63.98356827235782,0.6026738846557026
2019-08-04,289.5625043,394.5291725,299.3291711,0.0136375,88708.33333,2.600000039,0.91666668,0.808333345,0.185866778,62.73810337251079,0.6186749090692055
2019-08-05,273.6541707,393.8208392,302.0083378,0.012770833,88600.41667,0.200000003,0.025,0.987500015,0.185685794,38.40305869844413,0.4940210040335354
2019-08-06,266.5916706,403.212506,298.9166711,0.013770833,88681.25,0.100000001,0.45833334,0.179166669,0.185504796,28.605985828847373,0.640108354689088
2019-08-07,280.1583375,398.6875059,298.7041711,0.014079166,88669.16667,2.900000043,0.300000004,0.658333343,0.185309226,40.93533135932874,0.6627280864536275
2019-08-08,241.7750036,397.4708393,300.8625045,0.0128125,88542.08333,0.600000009,0.308333338,0.304166671,0.185127562,26.327866876221563,0.5297530606297032
2019-08-09,271.6791707,393.7416725,299.2958378,0.014241666,88567.08333,0.500000007,0.262500004,0.466666674,0.184946538,24.99962080089505,0.6463380227832364
2019-08-10,232.8250035,387.0916724,296.3083377,0.014629166,88561.66667,0.400000006,0.358333339,1.36250002,0.184750913,14.483192872339838,0.7949911682335385
2019-08-11,275.2541708,389.6708391,296.4416711,0.013245833,88709.16667,0.0,0.291666671,0.437500007,0.184569243,16.843532728343412,0.7151761713310298
2019-08-12,296.0375044,369.9125055,299.5166711,0.012516666,88752.91667,0.0,0.158333336,0.670833343,0.184373597,12.550275902361264,0.5618015579286895
2019-08-13,297.7708378,363.9208388,300.0166711,0.010733333,88735.83333,0.0,-0.083333335,0.070833334,0.184191952,11.511308589117878,0.4675642601799629
2019-08-14,295.9208377,362.8125054,301.5500045,0.007129166,88717.91667,0.0,0.112500002,0.750000011,0.18401097,8.521822552435074,0.2836546379321602
2019-08-15,295.9208377,362.9875054,302.6083378,0.0095625,88729.16667,0.200000003,0.125000002,0.845833346,0.183830013,8.494585335199162,0.3577164788773083
2019-08-16,296.5208378,354.2625053,301.5750045,0.0099875,88633.75,0.0,0.083333335,0.716666677,0.183789797,7.826235843787344,0.396423398188945
2019-08-17,291.7833377,366.2416721,302.7250045,0.0089625,88462.08333,0.0,0.679166677,-0.108333335,0.183755662,7.623748052751649,0.3320029305100528
2019-08-18,290.2333377,366.0666721,301.8416712,0.009204166,88447.5,0.0,-0.591666675,0.24166667,0.183721503,7.57777495659576,0.3589152451773523
2019-08-19,290.254171,361.266672,301.3041712,0.0098625,88558.75,0.0,-0.21666667,0.054166667,0.183672729,7.510469535851833,0.3973958189335676
2019-08-20,289.291671,371.9791722,302.4958378,0.006504167,88505.83333,0.0,0.270833337,0.429166673,0.183637994,7.251267133634754,0.2442909856867577
2019-08-21,266.4583373,376.2958389,304.2875045,0.008516666,88424.16667,0.0,0.245833337,1.104166683,0.18361853,5.925488504375722,0.2881345613113655
2019-08-22,276.3291708,375.1125056,302.0083378,0.010579166,88372.91667,1.500000022,0.020833334,0.66250001,0.18357038,13.030433841073547,0.4081887625647668
2019-08-23,276.4125041,385.1333391,300.1125045,0.0116625,88403.75,0.100000001,0.058333334,0.983333348,0.183535627,11.828870539817927,0.5032715233375907
2019-08-24,274.1791708,388.4125058,295.3541711,0.013479166,88698.75,10.90000016,-0.004166667,1.508333356,0.183501493,83.27043635567476,0.7777814763889398
2019-08-25,278.4666708,384.4916724,299.5375045,0.014091666,88750.41667,0.0,0.575000009,0.850000013,0.183467335,48.95935867807648,0.6316925198516874
2019-08-26,280.0125042,386.8541724,300.3125045,0.0139875,88516.25,0.0,0.120833335,0.379166672,0.18343318,33.81461509429248,0.5972539299354394
2019-08-27,262.7875039,381.8041724,301.7500045,0.011641666,88382.08333,7.000000104,0.258333337,0.579166675,0.183399051,62.32425399555429,0.4560693191287868
2019-08-28,261.0541706,389.7291725,300.6291711,0.012658333,88621.25,0.500000007,-0.087500001,1.82083336,0.183364921,52.56545039988895,0.531106285901874
2019-08-29,269.8041707,397.3166726,297.5291711,0.013825,88817.91667,4.00000006,0.100000001,0.341666672,0.183316183,60.57346865521198,0.6996175295798377
2019-08-30,274.0875041,397.3208393,299.3833378,0.012916666,88695.0,3.200000048,0.266666671,0.025,0.183295999,60.81774440885666,0.5839969489218324
2019-08-31,264.8916706,399.4708393,299.9708378,0.013054166,88624.58333,0.400000006,0.316666671,0.587500009,0.183262496,43.771391690086375,0.5694975075381199
2019-09-01,264.1416706,392.4708392,300.2000045,0.012579166,88682.91667,9.100000136,-0.587500009,0.791666678,0.183213746,89.77001294341184,0.541726800433607
2019-09-02,269.6416707,377.133339,299.0541711,0.011954166,88733.75,0.0,-0.020833334,0.320833338,0.183178991,50.69334934276253,0.5514419469977291
2019-09-03,266.6666706,382.2000057,299.9000045,0.011641666,88612.08333,1.100000016,1.475000022,0.441666673,0.183144866,48.668561735252446,0.5099437644355311
2019-09-04,274.4625041,372.6708389,299.4583378,0.010933333,88541.25,0.0,-0.262500004,1.704166692,0.183110702,30.78270521121328,0.491268064462774
2019-09-05,253.5083371,365.8791721,300.3083378,0.007529166,88763.33333,0.0,-0.154166669,1.275000019,0.183076536,19.814279078406656,0.3224656618700544
2019-09-06,239.6708369,400.900006,302.2208378,0.0107625,88812.5,1.200000018,0.837500012,0.187500003,0.183042401,23.49130122956702,0.4121831801593341
2019-09-07,219.1375033,386.3875058,298.9875045,0.012145833,88657.08333,20.80000031,0.212500003,0.325000005,0.183008228,83.37567640695418,0.5620342302013399
2019-09-08,252.1416704,387.8458391,296.2500044,0.0135125,88502.91667,0.600000009,0.308333338,0.987500015,0.182974127,65.40568875611015,0.7364385304439498
2019-09-09,258.8458372,373.2416722,298.6666711,0.012866666,88388.75,0.0,0.754166678,1.32500002,0.182940012,44.97713559735942,0.6050965202642421
2019-09-10,263.6458373,369.4916722,297.8375044,0.013295833,88420.41667,0.0,0.404166673,0.762500011,0.182891235,30.00562929362054,0.6574728929022923
2019-09-11,261.9541706,361.9875054,297.9291711,0.0121375,88574.58333,0.0,0.91666668,0.895833347,0.182871081,20.855093979566405,0.5979268787081409
2019-09-12,255.9625038,359.566672,297.5000044,0.010545833,88705.83333,0.0,0.383333339,-0.083333335,0.18282298,17.24665598637955,0.5339417010289776
2019-09-13,248.933337,362.9416721,297.9333378,0.008879166,88686.66667,0.0,0.183333336,0.733333344,0.182788123,13.634965178493132,0.4378558639984596
2019-09-14,209.9583365,374.8625056,295.4333377,0.012058333,88856.25,0.200000003,-1.037500015,0.829166679,0.182753978,10.032981215907135,0.6936484526004097
2019-09-15,203.812503,382.770839,293.7875044,0.0134125,88722.5,1.600000024,0.195833336,-0.116666668,0.182719814,17.69619064405456,0.8529077941243633
2019-09-16,225.2458367,362.1208387,295.4208377,0.011833333,88622.5,0.600000009,0.125000002,0.641666676,0.182578376,15.060923964464976,0.6794363564822505
2019-09-17,255.9708371,365.4583388,294.8041711,0.011379166,88658.33333,2.70000004,0.266666671,-0.091666668,0.182446987,29.915809143637183,0.6789254184804925
2019-09-18,246.3625037,351.0750052,296.3541711,0.008958333,88540.83333,0.0,0.429166673,0.733333344,0.182301644,18.766595239945275,0.4853480973210643
2019-09-19,253.8125038,357.791672,298.3416711,0.008891666,88350.41667,0.0,0.737500011,0.554166675,0.182155743,16.01338984072673,0.4262085789165485
2019-09-20,253.3333371,339.5416717,296.9458378,0.007666666,88230.83333,0.0,1.841666694,0.991666681,0.182009746,12.03963714811864,0.3992737369233637
2019-09-21,225.9583367,358.4333387,297.6291711,0.010279166,88406.25,0.0,0.550000008,0.979166681,0.181863745,9.925330363771138,0.5146494097538116
2019-09-22,242.758337,350.8958386,296.8208378,0.0117125,88565.83333,0.0,0.225000003,1.241666685,0.181717736,9.078241722929675,0.6169609131464413
2019-09-23,243.7916703,373.3166722,297.5708378,0.0123375,88692.91667,0.0,0.350000005,0.42083334,0.181586347,10.070262051255122,0.6218954027707592
2019-09-24,97.00833478,375.2125056,292.404171,0.0122875,88567.5,54.20000081,0.845833346,-0.195833336,0.181426366,35.35546856296197,0.8505170165413788
2019-09-25,148.9416689,360.966672,289.2500043,0.011866666,88425.0,7.40000011,0.179166669,0.833333346,0.18129434,51.58797447014561,1.0025204143844677
2019-09-26,240.8333369,340.1875051,292.0083377,0.011245833,88631.25,1.000000015,-0.145833336,0.575000009,0.181148969,59.08912677783154,0.798645141504814
2019-09-27,225.5625034,337.1166717,292.4458377,0.010641666,88354.16667,0.0,-0.47083334,0.595833342,0.181002972,40.91459088141645,0.7328982332495823
2019-09-28,240.6791703,335.0666717,292.4375044,0.010225,88088.33333,0.0,0.166666669,0.695833344,0.180861438,33.65358879771689,0.7024514437843747
2019-09-29,240.5458369,326.0166715,295.0666711,0.009679166,88120.0,0.0,0.47083334,1.183333351,0.18071705,24.231844823512866,0.5647725798979366
2019-09-30,242.0291703,309.2458379,293.1500044,0.007516666,88117.91667,0.0,-0.050000001,1.091666683,0.180576745,16.838870453934067,0.4939910490071977
2019-10-01,245.395837,308.7833379,293.0833377,0.006283333,88119.58333,0.0,0.425000006,0.841666679,0.180428331,13.722195764602152,0.4146705651453173
2019-10-02,242.5166703,311.383338,293.254171,0.009308333,88463.33333,0.0,0.062500001,0.616666676,0.180284292,10.574541663364442,0.6101503692274024
2019-10-03,237.9166702,324.0458382,294.104171,0.0091625,88523.33333,0.0,0.120833335,0.562500008,0.180143076,9.565177861755831,0.5700108348424088
2019-10-04,215.2833365,357.4125053,296.9708378,0.011379166,88575.0,0.900000013,0.200000003,0.775000012,0.180003142,11.579819386079262,0.5940270092266657
2019-10-05,234.9625035,342.5333384,294.3625044,0.009608333,88800.0,0.0,0.004166667,0.587500009,0.179852963,10.341279821434489,0.5900858963192003
2019-10-06,230.9333368,330.5583383,293.691671,0.008720833,88790.83333,0.0,-0.166666669,0.233333337,0.179718224,8.576373549598426,0.5583101169497336
2019-10-07,233.2875035,325.7666715,293.566671,0.007766666,88771.66667,0.0,-0.925000014,1.004166682,0.179559166,6.83022826692687,0.5010033554498972
2019-10-08,228.0541701,348.4583385,295.9208377,0.009629166,88407.08333,0.0,0.225000003,0.945833347,0.179433703,6.934195803941225,0.5348811962925177
2019-10-09,233.1916701,312.6625047,293.704171,0.006479167,88230.83333,0.0,0.508333341,2.420833369,0.179280603,6.162168579421207,0.4118612263998873
2019-10-10,234.4291702,292.5000044,293.154171,0.005629167,88159.16667,0.0,0.020833334,1.55416669,0.179131352,4.99659873870576,0.3700224337371062
2019-10-11,231.1166701,288.629171,290.1000043,0.0052375,88545.0,0.0,-0.375000006,0.695833344,0.17898553,4.378916095137188,0.4195196597874536
2019-10-12,224.91667,309.1250046,291.2833377,0.0049625,88466.66667,0.0,-0.270833337,0.20416667,0.178854472,4.7165714488116,0.3682811575860868
2019-10-13,222.7625033,296.0875044,290.5375043,0.005283333,88437.5,0.0,-0.150000002,1.029166682,0.178709423,4.165445405486018,0.4110164769846756
2019-10-14,208.5291698,322.8208381,291.6750043,0.0067,88447.5,0.0,0.225000003,0.945833347,0.178563742,4.342830058178878,0.4849333625164596
2019-10-15,218.6291699,328.6791716,292.0333377,0.007116666,88597.08333,0.0,-0.250000004,0.804166679,0.178410346,4.645906388367762,0.5044130882044028
2019-10-16,219.1250033,319.0375048,292.1750044,0.005870833,88676.25,0.0,-0.858333346,0.995833348,0.17832416,4.572026010492598,0.4127795631930969
2019-10-17,214.6333365,319.6375048,293.429171,0.006566667,88337.08333,0.0,0.158333336,1.245833352,0.178255534,4.292113202387978,0.4251517311161971
2019-10-18,217.8291699,309.8500046,294.0625044,0.007808333,88035.0,0.0,0.766666678,1.500000022,0.178169361,4.088390222144119,0.4843379364940359
2019-10-19,216.7291699,287.741671,288.6875043,0.005408333,88316.25,0.0,-0.225000003,0.587500009,0.178096824,3.2881523404522497,0.4732407658674926
2019-10-20,218.5500033,276.1750041,289.0583376,0.004391667,88240.83333,0.0,-0.0125,-0.512500008,0.178010292,2.956143881368707,0.3748524585950385
2019-10-21,218.0625032,264.5708373,287.2041709,0.003079167,88473.75,0.0,-0.225000003,0.620833343,0.177937744,2.8532562429904456,0.2973046731311213
2019-10-22,215.4166699,271.2583374,288.5833376,0.002933333,88821.25,0.0,0.200000003,0.658333343,0.177851211,2.916454745774635,0.2598890215123306
2019-10-23,213.9458365,275.9416708,288.691671,0.0035125,88530.0,0.0,-0.112500002,0.683333344,0.177778662,2.954454356589917,0.3080120362643
2019-10-24,211.1041698,277.5375041,288.516671,0.003225,88482.91667,0.0,0.183333336,-0.366666672,0.17769213,2.766495694008398,0.2858750926194318
2019-10-25,212.5000032,252.8541704,286.9291709,0.002108333,88917.5,0.0,-0.137500002,0.670833343,0.177619585,2.3635131858302945,0.2083134677113211
2019-10-26,211.9000032,250.4500037,285.5666709,0.002379167,88515.83333,0.0,0.266666671,0.741666678,0.177533049,2.299030131028557,0.2560476117025651
2019-10-27,206.7875031,264.1250039,289.916671,0.003091667,88127.5,0.0,0.362500005,2.112500031,0.177460504,3.1114118491626472,0.2493860186655721
2019-10-28,203.662503,275.0208374,290.8250043,0.004525,88223.33333,0.0,0.150000002,0.991666681,0.177373899,2.276852561585435,0.3447908499471426
2019-10-29,205.0791697,262.6458372,286.4041709,0.003016667,88204.58333,0.0,0.362500005,0.845833346,0.177292567,2.158204127089296,0.3060685372213064
2019-10-30,197.975003,248.683337,284.6875042,0.002508333,88460.83333,0.0,0.645833343,-0.208333336,0.177211426,1.6301361569187969,0.2860610636432866
2019-10-31,206.3083364,226.5500034,281.0666709,0.001325,89094.58333,0.0,-0.550000008,0.68750001,0.177143184,1.4830039463714977,0.1945938955058706
2019-11-01,192.3208362,252.5750038,284.2583376,0.0020125,88927.08333,0.0,-0.100000001,0.570833342,0.177051918,1.460650114657717,0.2374545915026939
2019-11-02,140.3375021,298.8083378,286.7541709,0.0028,88961.66667,0.0,-0.47083334,0.983333348,0.176974247,1.5513908975612258,0.2799934765010125
2019-11-03,126.6208352,327.3708382,286.9250043,0.003333333,88699.58333,0.0,-0.020833334,0.987500015,0.176897215,1.7033518244303525,0.3286321520899758
2019-11-04,168.9541692,302.9541712,288.0208376,0.004783333,88555.0,0.0,-0.058333334,0.762500011,0.176820183,1.6910450895869198,0.4382541012693136
2019-11-05,175.8000026,309.958338,290.966671,0.006308333,88702.08333,0.0,-0.087500001,0.887500013,0.176743148,1.7418680519042913,0.4789452665233704
2019-11-06,142.0250021,352.1833386,290.4958377,0.007754166,88571.25,0.400000006,-0.108333335,0.779166678,0.176651494,2.3012875072988512,0.6057562996194371
2019-11-07,166.5250025,300.2041711,288.3750043,0.006591667,88754.16667,0.0,0.47083334,0.829166679,0.176588449,1.647029853949506,0.5915128005020027
2019-11-08,153.5000023,327.1125049,288.5250043,0.0068375,89018.75,0.0,-0.354166672,0.691666677,0.176497427,1.8369329330036843,0.609440429155794
2019-11-09,161.3666691,320.8875048,288.8333376,0.007354166,88860.0,0.0,-0.43333334,0.354166672,0.176419759,1.734280156355989,0.6413833888558271
2019-11-10,151.6125023,332.762505,290.141671,0.0079,88660.41667,0.0,0.491666674,1.000000015,0.176342728,1.6239588123951818,0.631920140103026
2019-11-11,104.4000016,347.1750052,290.8333377,0.006870833,88612.08333,0.0,0.137500002,0.512500008,0.17625107,1.0529092950194927,0.5255639118805586
2019-11-12,170.3833359,330.8708383,287.9125043,0.007191666,88943.33333,0.0,-1.004166682,1.075000016,0.176173402,1.609822505748189,0.6664849067627956
2019-11-13,173.1541692,269.1541707,282.9791709,0.004645833,88672.5,0.0,0.133333335,0.495833341,0.176096371,0.9049133248928252,0.595859245889325
2019-11-14,172.1416692,270.575004,286.0208376,0.004245833,88714.16667,0.0,-0.212500003,0.758333345,0.176019336,0.8307673519221549,0.4443807040606753
2019-11-15,163.4583358,272.6791707,286.8875043,0.0038875,88953.75,0.0,-0.387500006,0.912500014,0.175942304,0.7379107822751496,0.3853137132696697
2019-11-16,161.3333357,287.7375043,286.4125043,0.004258333,88620.0,0.0,0.058333334,1.020833349,0.175750641,0.7727618666872177,0.4338431957029219
2019-11-17,167.1583358,283.7125042,286.5458376,0.0045125,88635.83333,0.0,0.137500002,1.36250002,0.175539371,0.720431528243941,0.4557958477821107
2019-11-18,164.8708358,282.3916709,285.9916709,0.003779167,88586.25,0.0,-0.087500001,1.258333352,0.175342088,0.6696227014205556,0.395730923215979
2019-11-19,116.0791684,315.2791714,287.3458376,0.0056625,88316.66667,3.200000048,-0.795833345,1.483333355,0.175130815,4.612452722449874,0.5407225758044503
2019-11-20,102.1750015,335.8166717,285.9291709,0.007945833,87577.91667,15.60000023,-0.837500012,6.437500096,0.174933532,57.95002979310844,0.8259782349827652
2019-11-21,80.2625012,321.9000048,282.1875042,0.006408333,87747.08333,16.80000025,0.962500014,5.904166755,0.174736885,39.5888521563818,0.8583439254257325
2019-11-22,152.7125023,295.9833377,282.1333375,0.006279167,88701.25,0.500000007,0.312500005,-0.208333336,0.174525615,23.396064262093336,0.8533386441795356
2019-11-23,134.6583353,268.2041707,281.9333375,0.005270833,88836.66667,0.0,0.016666667,0.800000012,0.174328333,11.527172791611063,0.727272861448414
2019-11-24,141.3375021,288.5500043,283.2791709,0.005704167,88742.91667,0.0,-0.483333341,0.995833348,0.174131686,14.687043997313015,0.7174503958698611
2019-11-25,150.3250022,281.7375042,285.0458376,0.005425,88183.33333,0.0,0.0,1.304166686,0.173935035,12.751466297460333,0.602164218918814
2019-11-26,154.2000023,258.5291705,284.1875042,0.0043375,87774.16667,0.0,-0.529166675,-0.791666678,0.173723765,7.765568015390979,0.5075538826598002
2019-11-27,77.20833448,285.6333376,279.9083375,0.004933333,87985.0,5.40000008,-0.454166673,0.516666674,0.173526483,6.30995813005141,0.7752293101078394
2019-11-28,106.0500016,339.2083384,282.7125042,0.007629166,87819.16667,39.50000059,-0.0125,1.208333351,0.173329836,34.96019575146687,0.9867797417101568
2019-11-29,66.50416766,314.1875047,284.3125042,0.006729166,87786.66667,11.90000018,0.283333338,2.804166708,0.173295313,23.29906734048254,0.7809475681874999
2019-11-30,146.7458355,279.0250042,279.8416708,0.004691667,88605.0,0.0,0.025,-0.258333337,0.173452798,20.04054666536258,0.7459000159878902
2019-12-01,158.0750024,236.1958369,279.0000042,0.0048125,88842.91667,0.0,0.108333335,0.575000009,0.172991026,10.219503890713494,0.8136022892033299
2019-12-02,151.8833356,250.3125037,281.7916709,0.005266667,88898.75,0.0,-0.291666671,0.633333343,0.172671672,9.473447704840533,0.7342907989943646
2019-12-03,110.1916683,296.5250044,281.6166709,0.0055,88817.5,0.0,-0.283333338,1.166666684,0.172398732,10.459116365295388,0.7753646570725224
2019-12-04,60.47916757,327.5958382,286.7458376,0.007158333,88640.0,0.400000006,-0.358333339,1.254166685,0.172141685,5.771993184543615,0.7136194819704004
2019-12-05,152.3791689,292.1875044,286.9083376,0.007116666,88626.25,0.100000001,0.566666675,1.066666683,0.171915157,10.402550672275588,0.7018176053337664
2019-12-06,105.2541682,275.8875041,282.8708375,0.005904167,88961.66667,0.0,-0.008333333,0.600000009,0.171710877,2.787179677686427,0.7653231485201724
2019-12-07,142.9958355,304.2541712,285.2166709,0.006404167,88998.75,0.0,-0.483333341,1.075000016,0.171499607,7.283517825714231,0.7093010744245256
2019-12-08,46.40416736,323.1000048,285.9041709,0.007158333,88703.75,0.600000009,-0.145833336,1.175000018,0.171302324,1.52110004271554,0.7549313848524649
2019-12-09,88.72083466,332.625005,284.1166709,0.007816666,88270.41667,8.400000125,0.183333336,1.141666684,0.171105677,18.709114768506016,0.924228130136055
2019-12-10,152.6458356,262.5916706,281.1166709,0.006195833,88787.91667,0.0,-0.108333335,0.512500008,0.170894407,12.68461217565856,0.9036912232741072
2019-12-11,149.0666689,243.133337,280.5083375,0.005129167,89067.08333,0.0,-0.154166669,1.550000023,0.170697125,9.34765323100239,0.782650779308616
2019-12-12,152.7833356,234.6791702,279.8458375,0.0045,89040.0,0.0,-0.629166676,0.845833346,0.170500474,7.080251113189859,0.7187319611775529
2019-12-13,150.4458356,258.3625038,282.0583375,0.004020833,88990.41667,0.0,-0.545833341,0.641666676,0.170289204,8.640965219231745,0.5510282517606119
2019-12-14,149.9875022,261.8000039,285.0916709,0.004620833,88338.33333,0.0,0.316666671,0.637500009,0.170091921,6.212342782387755,0.5122369351949883
2019-12-15,152.1125023,259.0500039,287.0375043,0.0052375,87971.25,0.0,0.883333346,1.80833336,0.169880651,6.382018172329168,0.5083541760850523
2019-12-16,155.3708356,222.2833366,279.5416708,0.003920833,88585.83333,0.0,-0.412500006,-1.258333352,0.169633434,2.645869775039088,0.6363776933090765
2019-12-17,159.3333357,191.6583362,276.1416708,0.001979167,89285.0,0.0,-0.358333339,0.754166678,0.169384682,1.6614369688677146,0.4118129774779038
2019-12-18,155.341669,201.887503,276.6166708,0.0020625,89167.91667,0.0,-0.141666669,1.729166692,0.169135929,1.8611749760864664,0.4142559623162791
2019-12-19,153.0583356,245.8875037,276.5166708,0.002783333,88659.58333,0.0,0.275000004,0.533333341,0.168887177,2.567396697603654,0.5598378481438422
2019-12-20,157.1833357,215.3208365,278.3875041,0.002970833,89110.0,0.0,-0.666666677,0.987500015,0.168638424,1.234782861471903,0.525907334988025
2019-12-21,156.9583357,211.6916698,278.8333375,0.002295833,89386.66667,0.0,-0.575000009,1.029166682,0.168389668,1.1106959875059892,0.3950998601669196
2019-12-22,155.329169,216.8250032,279.6500042,0.002504167,89015.83333,0.0,0.125000002,1.304166686,0.168140915,0.9874942863661044,0.4053427747277258
2019-12-23,141.6000021,251.3708371,279.2791708,0.003179167,88565.83333,0.0,-0.295833338,0.883333346,0.167892163,1.1025200704129616,0.5254275211362356
2019-12-24,70.24166771,326.7166715,282.3875042,0.004870833,88117.08333,3.200000048,-0.354166672,1.104166683,0.168560845,5.475648470110031,0.6462834027595283
2019-12-25,131.8333353,286.5583376,281.2583375,0.0056875,88132.08333,0.0,0.200000003,0.766666678,0.171265304,4.433655122143918,0.8154323068456233
2019-12-26,122.9708352,255.5666705,279.4000042,0.004545833,88232.08333,0.0,-0.404166673,1.970833363,0.168938177,1.8762320698542705,0.7421754267490218
2019-12-27,56.37500084,307.0833379,279.1208375,0.0047625,87922.5,6.800000101,0.262500004,1.279166686,0.200535789,8.476548678744626,0.7900934510786765
2019-12-28,79.29166785,285.1875042,276.5791708,0.00435,88194.16667,0.400000006,1.041666682,0.412500006,0.217849902,6.512101028254342,0.866481827251733
2019-12-29,153.9750023,239.5708369,274.2416708,0.002970833,88681.66667,0.400000006,0.729166678,0.091666668,0.212620427,9.386071340632837,0.7044248948887648
2019-12-30,134.5708353,244.1291703,274.6250041,0.003120833,88656.66667,0.0,-0.004166667,0.941666681,0.198957291,6.621571531399952,0.719426149963508
2019-12-31,128.7083353,280.2375042,278.4375041,0.003908333,88445.83333,0.0,-0.062500001,0.625000009,0.186308865,8.046962370333537,0.6842968559509881
2020-01-01,149.2708356,249.183337,278.0666708,0.004158333,88497.5,0.0,-0.045833334,0.745833344,0.177135629,5.158815629263411,0.7477916296099365
2020-01-02,145.4708355,252.7166704,279.9458375,0.004470833,87890.41667,0.900000013,-0.291666671,-1.079166683,0.171318054,5.545646042385456,0.6999687405342246
2020-01-03,152.7750023,221.6375033,276.7041708,0.003716667,88835.0,0.0,-0.070833334,0.625000009,0.168110364,2.989630565454222,0.7390758588537881
2020-01-04,152.6916689,232.6333368,278.3250041,0.003254167,89462.91667,0.0,-0.20416667,1.075000016,0.16641457,3.294389527414009,0.5808974886006368
2020-01-05,155.8083357,232.2500035,280.2666708,0.003541667,89342.5,0.0,-0.183333336,1.304166686,0.165317047,2.702327699422702,0.5512392408765101
2020-01-06,158.629169,223.76667,280.8291709,0.003166667,89211.66667,0.0,0.179166669,0.408333339,0.164676652,1.803658271553216,0.4733673145682786
2020-01-07,157.779169,214.8125032,279.6125042,0.002466667,89273.33333,0.0,-0.120833335,1.104166683,0.16427404,1.6221925426991637,0.4014757943159743
2020-01-08,153.9708356,229.3875034,278.5208375,0.002575,88640.0,0.0,0.166666669,1.454166688,0.163954716,1.576048037382333,0.4491958785186641
2020-01-09,149.6791689,228.9041701,282.0500042,0.002683333,88178.75,0.0,0.429166673,2.150000032,0.163676717,1.444209638423403,0.3645863459228783
2020-01-10,156.3833357,265.287504,280.7541709,0.004220833,88240.41667,1.100000016,0.495833341,-0.775000012,0.163798626,3.2352058552833536,0.6273194770598601
2020-01-11,158.3208357,216.1541699,276.2416708,0.003154167,89007.91667,0.0,0.270833337,1.070833349,0.163528893,1.2674837066678315,0.6495871768307171
2020-01-12,161.2375024,221.1083366,280.1875042,0.002591667,88600.0,0.0,0.129166669,1.300000019,0.16306906,1.451060056680944,0.4022277491195483
2020-01-13,161.8750024,227.7000034,283.1000042,0.002504167,88611.66667,0.0,0.395833339,1.850000028,0.162721762,1.511587368296952,0.3183377564661155
2020-01-14,160.5500024,236.5541702,281.8250042,0.002658333,88737.91667,0.0,-0.212500003,1.508333356,0.162432319,1.2781130805623468,0.3691169526843135
2020-01-15,120.1166685,292.1000044,284.0750042,0.002708333,88516.25,0.0,-0.579166675,1.079166683,0.162169579,1.4362612217560744,0.322020605400975
2020-01-16,71.28750106,341.0041717,284.5791709,0.004954167,88635.83333,4.300000064,-0.483333341,0.929166681,0.162343259,8.91818099224287,0.5702309085809989
2020-01-17,163.0208358,272.7666707,282.8375042,0.006441667,88743.33333,1.400000021,0.45833334,0.679166677,0.162535281,9.298803471671809,0.8348339164746293
2020-01-18,164.9416691,240.3625036,280.6583375,0.0050875,89039.16667,0.0,0.600000009,0.158333336,0.162741288,5.096796846021535,0.7680404436182807
2020-01-19,164.6625025,245.4291703,282.6500042,0.0046125,89022.08333,0.0,0.129166669,0.641666676,0.16293331,4.587600555039536,0.6073419444866566
2020-01-20,159.5000024,263.7416706,283.9708376,0.004808333,88950.41667,0.0,-0.475000007,0.804166679,0.16313932,4.574548272042761,0.5785531568911847
2020-01-21,53.71666747,350.4625052,283.8375042,0.006195833,88701.66667,4.70000007,-0.283333338,0.387500006,0.163345962,10.236950884652176,0.7501185973103435
2020-01-22,161.6583357,293.4208377,283.5666709,0.007241666,88673.75,0.300000004,-0.541666675,-1.041666682,0.163537984,13.261864431336544,0.8926109493779836
2020-01-23,168.0458358,252.4541704,280.4333375,0.005366667,88756.25,0.0,0.270833337,0.575000009,0.16374399,7.644238207324215,0.8202803608867824
2020-01-24,167.0166692,254.8750038,282.3041709,0.004791667,88523.33333,0.0,0.129166669,0.90416668,0.163936013,6.601767738558594,0.6423491662766472
2020-01-25,170.9541692,265.9916706,283.9708376,0.0057125,88521.25,0.0,-0.612500009,0.400000006,0.164142023,5.910558175743529,0.6840289692640157
2020-01-26,172.6791692,257.6291705,283.9416709,0.005679167,88783.33333,0.0,-0.345833338,0.637500009,0.164334042,4.252583491661998,0.6833907459979475
2020-01-27,172.8500026,266.0041706,283.7541709,0.005370833,88657.08333,0.0,0.495833341,-0.525000008,0.164540051,3.9839275512351846,0.6535694469991468
2020-01-28,180.1291694,232.3916701,281.1791709,0.003804167,88834.16667,0.0,-0.083333335,0.491666674,0.164746693,2.5616860361830858,0.5527611880874446
2020-01-29,157.1333357,232.7291701,279.4916708,0.003191667,88324.16667,0.0,-0.037500001,0.562500008,0.164938716,1.6389511129283558,0.5183039144069432
2020-01-30,179.470836,234.1333368,279.8791708,0.0037,88270.41667,0.0,0.345833338,-0.237500004,0.165144722,1.973684485732624,0.5844926376418735
2020-01-31,183.3458361,232.5250035,280.7125042,0.003725,88928.33333,0.0,0.86666668,0.104166668,0.165336744,1.4487086639901747,0.5595506881600599
2020-02-01,182.233336,234.1708368,281.3208375,0.002683333,89300.0,0.0,-0.883333346,1.216666685,0.165542754,1.2965216973653573,0.3881433110104899
2020-02-02,180.9791694,238.0833369,282.8958375,0.0029125,88820.0,0.0,-0.304166671,1.570833357,0.165734773,1.1702150451698403,0.3762903704347812
2020-02-03,179.8041693,250.4625037,285.8250043,0.004504167,87855.0,0.0,1.429166688,2.962500044,0.165940783,1.1318963618407865,0.4729470159105676
2020-02-04,124.7166685,311.283338,280.3875042,0.0024375,87793.33333,0.0,0.608333342,-1.883333361,0.166314,1.1236503152396944,0.3696949188575082
2020-02-05,188.8833361,193.2125029,272.4666707,0.001395833,88302.5,0.0,0.179166669,-1.041666682,0.166672597,0.5490218469168415,0.3754540976558514
2020-02-06,187.8791695,211.1083365,274.3291708,0.001675,88588.33333,0.0,-0.0125,-1.029166682,0.166813757,0.5296208155905304,0.3942251834028626
2020-02-07,189.2333362,237.2875035,279.2833375,0.002775,88596.66667,0.0,-0.154166669,-0.558333342,0.166909773,0.9162494043237508,0.4586560554643613
2020-02-08,192.2791695,239.9416702,281.8125042,0.003095833,88575.0,0.0,0.158333336,1.254166685,0.167026137,0.8624555365920845,0.429443202252329
2020-02-09,162.7333358,260.0291705,285.8833376,0.003470833,88195.0,0.0,-0.266666671,2.108333365,0.167165386,0.925513104333218,0.3644438256204415
2020-02-10,93.17500139,322.7250048,287.2833376,0.005033333,88003.33333,0.300000004,-0.500000007,3.212500048,0.167342786,1.1142276770211332,0.4809013272147242
2020-02-11,78.70833451,315.3041714,280.1208375,0.00615,88014.16667,8.000000119,0.812500012,0.425000006,0.167541166,9.8611977177851,0.9525686235084496
2020-02-12,194.0500029,272.7041707,278.5208375,0.005,88452.91667,8.200000122,-0.387500006,0.154166669,0.178423239,37.12713869041699,0.8703840912323184
2020-02-13,200.5791697,229.5541701,279.1500042,0.004191667,88683.33333,0.0,-0.058333334,0.704166677,0.17244626,21.01328556336857,0.6999800565073631
2020-02-14,198.425003,245.8291703,281.6416709,0.004483333,88613.75,0.0,0.358333339,0.529166675,0.169534387,19.94195966018105,0.6295096551000371
2020-02-15,204.3166697,247.5250037,282.8041709,0.0039625,88769.16667,0.0,-0.42083334,0.379166672,0.168709157,17.51847807139901,0.5148497816341123
2020-02-16,201.7333363,233.8375035,282.6291709,0.003454167,88832.08333,0.0,-0.666666677,0.729166678,0.16875954,13.366502088134874,0.4544934481591507
2020-02-17,188.3750028,261.6583372,284.6125042,0.003566667,88339.58333,0.0,-0.683333344,0.112500002,0.169032982,11.566002901164577,0.4082439006415905
2020-02-18,206.2666697,256.0208371,284.7541709,0.0041625,88327.91667,0.0,-0.408333339,0.645833343,0.169359827,9.688138475783225,0.4718877992365309
2020-02-19,154.3083356,291.1083377,286.3250043,0.004170833,88490.0,0.0,0.125000002,0.929166681,0.169693669,6.841822042294542,0.42676220131679
2020-02-20,198.2458363,272.0833374,285.7625043,0.004441667,88773.75,0.0,-0.262500004,1.170833351,0.170030686,6.170089851607828,0.4732182303572902
2020-02-21,156.279169,330.3708383,286.0541709,0.005104167,89010.41667,0.0,-0.412500006,1.262500019,0.170372157,5.461753952387612,0.5348194894466105
2020-02-22,73.02500109,358.2375053,284.5833376,0.0082375,88853.33333,3.500000052,0.208333336,1.495833356,0.17072453,8.297093893646633,0.9502082434163333
2020-02-23,180.5666694,291.7833377,283.5541709,0.006379167,88662.91667,1.700000025,0.154166669,-0.350000005,0.171062708,15.490682358885929,0.7868665067297983
2020-02-24,215.9000032,257.8125038,281.2750042,0.0052125,88897.5,0.0,0.195833336,-0.804166679,0.17140035,11.579288735076638,0.7529571897259513
2020-02-25,222.30417,235.7208368,282.0083375,0.0042875,88748.33333,0.0,0.43333334,-1.441666688,0.171738115,7.834410209583803,0.5879805860643307
2020-02-26,227.0541701,205.0458364,279.5583375,0.001775,89317.5,0.0,-0.070833334,-0.025,0.172075905,5.5525334527161725,0.2901365011297631
2020-02-27,226.8500034,215.8416699,279.6125042,0.002183333,89285.83333,0.0,0.562500008,0.766666678,0.172428359,4.782899158706759,0.3554099865119877
2020-02-28,147.6958355,264.7166706,283.9083376,0.002741667,89128.75,0.0,-0.437500007,0.641666676,0.172766622,3.042172729392685,0.3319401518446555
2020-02-29,99.06250148,323.9166715,286.8333376,0.0028625,88720.0,0.0,0.225000003,1.129166683,0.173104324,3.229085083331824,0.2839834316703646
2020-03-01,220.97917,272.4041707,287.3291709,0.004183333,88332.91667,0.0,0.783333345,1.520833356,0.173442061,3.8165169915335353,0.3999839439978281
2020-03-02,175.6625026,283.2041709,286.1458376,0.0041,87912.91667,0.0,-0.633333343,2.979166711,0.17379451,2.527687597251981,0.4217406407423692
2020-03-03,144.5166688,324.3750048,281.1583375,0.005729167,87762.08333,2.600000039,0.737500011,0.591666675,0.174132907,8.229048102928777,0.8236052188754578
2020-03-04,241.1958369,272.3000041,281.3000042,0.005804167,88549.16667,4.70000007,-0.404166673,0.933333347,0.174470582,25.756196662415157,0.8337051366347691
2020-03-05,243.970837,258.9291705,284.6375042,0.004945833,88986.25,0.0,-0.887500013,1.945833362,0.174808341,19.05082146009049,0.569295276163931
2020-03-06,228.8583367,270.437504,288.1625043,0.0040375,88900.41667,0.0,-0.129166669,1.354166687,0.175160567,14.47562726350308,0.3679547132837256
2020-03-07,228.8416701,297.1041711,289.229171,0.0049,88603.75,0.0,0.029166667,1.520833356,0.175498926,12.130840722060755,0.4153566122589872
2020-03-08,126.3500019,336.2541717,287.8125043,0.006775,88421.66667,20.90000031,0.404166673,1.170833351,0.175836742,46.46804097011988,0.6282711253005332
2020-03-09,231.2166701,276.4458375,284.8291709,0.006395833,88729.58333,0.0,0.170833336,1.237500018,0.176189063,35.670954215138124,0.7247284352482806
2020-03-10,202.6916697,343.0833384,288.5500043,0.0070125,88996.25,0.0,-0.283333338,1.387500021,0.176527428,37.221317751894325,0.623868250586075
2020-03-11,213.7666699,350.8750052,289.0833376,0.00965,88888.33333,3.700000055,0.062500001,0.729166678,0.176865185,44.25222597580524,0.8283851180082913
2020-03-12,158.5375024,353.5708386,289.254171,0.0092375,88415.83333,0.70000001,-0.316666671,0.850000013,0.177202898,25.83508173993542,0.7801125101265751
2020-03-13,231.7625035,319.6166714,286.6708376,0.006983333,88089.16667,4.400000066,0.250000004,2.237500033,0.177543323,52.1127281686085,0.6952704452311443
2020-03-14,259.0166705,266.275004,284.7666709,0.0051125,88570.83333,0.0,-0.008333333,1.78333336,0.177887994,28.94355108547867,0.5806944564702845
2020-03-15,253.3541704,271.7416707,286.1708376,0.004558333,88651.66667,0.0,1.066666683,1.404166688,0.178232841,21.08626153499087,0.4720458828468081
2020-03-16,267.1958373,252.2500038,286.6250043,0.003845833,88557.91667,0.0,0.112500002,1.833333361,0.178426302,14.386027896910322,0.3860973806227797
2020-03-17,209.5833365,295.2958377,289.0583376,0.0037125,88292.91667,0.0,0.758333345,2.112500031,0.178642424,10.660695228043476,0.3170689296556463
2020-03-18,157.2875023,301.6291712,286.0083376,0.00515,88116.25,1.900000028,-1.008333348,3.408333384,0.178830574,11.634354910329783,0.5358235296286609
2020-03-19,208.8500031,282.0625042,282.6208375,0.0051875,88290.0,6.7000001,1.212500018,1.516666689,0.179032073,36.78981864874144,0.678781862554764
2020-03-20,258.9541705,251.6291704,283.0250042,0.004391667,88871.25,0.0,0.654166676,1.495833356,0.179234207,28.209683028300347,0.5627715585699179
2020-03-21,272.2250041,275.0333374,286.6333376,0.003991667,88677.08333,0.0,0.800000012,1.370833354,0.179436345,26.50873589512596,0.4010573073467772
2020-03-22,255.8041705,265.8083373,286.3416709,0.003620833,88690.0,0.0,0.712500011,1.57916669,0.17963848,15.685533538751198,0.370914953472334
2020-03-23,264.0291706,296.4250044,288.7000043,0.004045833,88612.5,0.0,1.508333356,1.545833356,0.179840617,13.86631127391218,0.3549191393501472
2020-03-24,277.0833375,264.6000039,286.7708376,0.004041667,88698.75,0.0,0.770833345,1.354166687,0.180028129,8.947561405662231,0.4025213120184312
2020-03-25,277.4583375,273.7708374,289.079171,0.0040375,88536.25,0.0,1.329166686,1.408333354,0.18024425,7.881614305442522,0.3453112414759247
2020-03-26,253.4333371,298.8791711,292.8750044,0.0049375,88221.66667,0.0,2.716666707,2.529166704,0.180432401,7.40444436579061,0.3305131974691072
2020-03-27,210.9375031,319.6916714,285.5958376,0.004629167,88067.5,0.0,2.91666671,-0.437500007,0.180633899,4.775605124503832,0.4947117273583991
2020-03-28,286.7791709,239.0250036,279.7458375,0.002866667,88735.0,0.0,0.320833338,-0.22916667,0.180836037,5.093710866600522,0.4594778732174094
2020-03-29,261.1791706,252.7916704,284.9458376,0.00285,88492.08333,0.0,0.545833341,0.741666678,0.181038172,4.225434705317649,0.3195770278753102
2020-03-30,294.5458377,244.6791703,286.5125043,0.002916667,88590.83333,0.0,0.308333338,0.387500006,0.181240309,4.646312564136401,0.2951028954101971
2020-03-31,261.2291706,265.5916706,286.6291709,0.003420833,88703.75,0.0,0.137500002,0.725000011,0.181442444,3.835785862500398,0.3439012377015253
2020-04-01,215.1166699,314.358338,291.954171,0.004191667,88141.25,0.0,0.87916668,0.925000014,0.181629955,3.783634356676589,0.2970475552940403
2020-04-02,292.3500044,274.3541708,291.6958377,0.003829167,88139.16667,0.0,1.225000018,1.858333361,0.181831457,4.418262114843176,0.2758179944926088
2020-04-03,279.6250042,278.8166708,289.9500043,0.003804167,88180.0,0.0,0.966666681,1.462500022,0.182033592,3.840153601803787,0.306386139195156
2020-04-04,301.6083378,259.3750039,289.454171,0.003425,88053.75,0.0,0.900000013,0.975000015,0.182235729,3.5579735563380024,0.2843705262215332
2020-04-05,257.3833372,285.6875043,289.9458377,0.003395833,88106.25,0.0,0.441666673,1.641666691,0.182437864,3.27371547276363,0.2733433634273344
2020-04-06,228.5291701,311.6000046,291.1875043,0.003354167,88243.75,0.0,0.466666674,2.058333364,0.182639998,3.2944630166960858,0.2498101572754578
2020-04-07,293.766671,286.7125043,289.9125043,0.004191667,88598.33333,0.0,0.841666679,0.770833345,0.182827513,3.500129608928249,0.3400136460710086
2020-04-08,282.2000042,294.1958377,290.5125043,0.005225,88512.5,0.0,-0.037500001,2.900000043,0.183043635,3.7847272408943113,0.4074729812485365
2020-04-09,306.9083379,265.9416706,289.2000043,0.005208333,88548.75,0.0,0.908333347,1.050000016,0.183231785,3.319954161913661,0.44204980087161
2020-04-10,311.3375046,246.9041703,286.9208376,0.0028625,88357.08333,0.0,1.075000016,1.666666692,0.183447907,3.404889587390641,0.2812001277572039
2020-04-11,275.1083374,260.7333372,285.8250043,0.00345,88042.08333,0.0,0.87916668,1.645833358,0.183636054,3.003491646539797,0.3630286727627316
2020-04-12,300.2083378,283.8541709,283.1708376,0.005320833,88278.75,0.400000006,-0.050000001,-0.383333339,0.183837556,4.510879023894991,0.6706348862960332
2020-04-13,308.4541713,274.7125041,288.8333376,0.004758333,88370.83333,0.0,1.912500028,1.904166695,0.18403526,4.402842727416234,0.412706921590175
2020-04-14,310.508338,275.9291708,287.8833376,0.004158333,88592.5,0.0,0.633333343,0.045833334,0.184235274,4.321047499100805,0.3845823146621628
2020-04-15,319.3500048,251.3125037,287.2875043,0.0027,88525.83333,0.0,0.316666671,-0.425000006,0.184439659,3.955005039636986,0.2594277588848486
2020-04-16,317.7708381,255.0083371,288.6625043,0.002620833,88319.58333,0.0,0.679166677,0.562500008,0.184487425,4.050868488666284,0.2297088999568006
2020-04-17,307.0416712,272.9083374,290.554171,0.0027625,88366.66667,0.0,0.762500011,2.529166704,0.184532609,4.986189770059929,0.2145080243342763
2020-04-18,315.120838,266.1416706,290.9375043,0.0032375,88341.66667,0.0,1.966666696,2.370833369,0.184579509,5.192707971072697,0.2452554949422633
2020-04-19,318.9375048,266.2916706,288.466671,0.003233333,88358.33333,0.0,1.412500021,1.487500022,0.18462088,4.73317928687541,0.2871401268781467
2020-04-20,296.3583377,285.4333376,290.8958377,0.003345833,88366.66667,0.0,0.612500009,0.750000011,0.184670434,4.462021483468161,0.2542071464747449
2020-04-21,321.6375048,278.2750041,291.9625044,0.003379167,88422.91667,0.0,1.608333357,1.837500027,0.184708613,5.543072618413165,0.2401076759339286
2020-04-22,319.8500048,279.8375042,289.9875043,0.004175,88555.83333,0.0,0.920833347,-0.679166677,0.184754275,4.918067025362783,0.3368750397321107
2020-04-23,321.1458381,289.5958376,291.6958377,0.004375,88570.0,0.0,0.625000009,-0.529166675,0.184805688,5.142578407943857,0.3166751980459696
2020-04-24,320.3208381,300.3583378,293.5000044,0.004383333,88451.25,0.0,0.095833335,-0.316666671,0.184835406,5.231431763502419,0.2829080321473122
2020-04-25,325.0500048,302.5125045,295.2708377,0.004425,88541.25,0.0,-0.258333337,-0.275000004,0.184879442,5.355095297455943,0.2561896111011791
2020-04-26,327.2666715,294.1125044,295.2916711,0.0035125,88590.41667,0.0,0.562500008,0.945833347,0.184924082,5.681712063603395,0.2032119075797616
2020-04-27,315.0375047,305.2583379,295.7583377,0.004033333,88531.25,0.0,0.070833334,0.604166676,0.184983356,5.428223127912446,0.2266023220728791
2020-04-28,327.3833382,301.5625045,295.3083377,0.0038125,88649.16667,0.0,0.245833337,0.495833341,0.185014045,5.721786848980716,0.2204882452042914
2020-04-29,325.9833382,309.6958379,296.2875044,0.00395,88691.66667,0.0,0.225000003,0.712500011,0.185058034,6.057664860814096,0.2152429923205381
2020-04-30,323.2583382,319.9208381,298.0375044,0.004945833,88523.33333,0.0,-0.483333341,1.945833362,0.185102636,6.9519812828692285,0.2419205176441672
2020-05-01,336.575005,303.5208379,297.3125044,0.003141667,88440.0,0.0,0.270833337,2.108333365,0.185147242,7.087401357538491,0.1603972122004124
2020-05-02,334.1208383,303.7750045,297.3250044,0.005091667,88566.66667,0.0,0.68750001,2.450000037,0.185191265,7.342807790933618,0.2601294517225674
2020-05-03,333.3208383,314.133338,296.5333378,0.005154167,88594.58333,0.0,-0.208333336,1.487500022,0.185232645,7.187827735634697,0.2763789637621037
2020-05-04,338.7083384,303.0708378,295.2958377,0.0038625,88481.25,0.0,0.095833335,0.520833341,0.185283956,6.630996572459752,0.2231282335057012
2020-05-05,343.0000051,294.0500044,296.0083377,0.003816667,88516.66667,0.0,0.400000006,0.837500012,0.185326043,6.742428125715549,0.2111377482701748
2020-05-06,344.4833385,296.6041711,297.5208378,0.0035625,88570.41667,0.0,0.495833341,1.387500021,0.185370643,7.141944403830949,0.1798694081605212
2020-05-07,334.2166716,310.995838,298.2583378,0.003579167,88436.25,0.0,0.375000006,0.370833339,0.185415283,6.68846061535777,0.1725907873684107
2020-05-08,248.208337,330.0500049,297.7791711,0.004479167,88448.75,0.0,0.570833342,0.533333341,0.185459899,5.120037004790325,0.2223447428524679
2020-05-09,312.2791713,364.6791721,295.7375044,0.006883333,88567.08333,0.200000003,0.279166671,0.0,0.185504441,9.27041245473442,0.3873729657949254
2020-05-10,311.7000046,343.0208384,296.6666711,0.007725,88580.41667,0.100000001,0.316666671,1.166666684,0.185534409,8.522804146260642,0.4108184758357491
2020-05-11,326.2708382,327.3166715,296.2375044,0.006579167,88470.41667,0.0,-0.041666667,0.300000004,0.185578412,8.296443507552747,0.3587101181281019
2020-05-12,339.9208384,304.8041712,295.8375044,0.004845833,88367.08333,0.0,0.520833341,1.162500017,0.185637701,8.250865752621865,0.2704309121995536
2020-05-13,344.7958385,295.3375044,295.6125044,0.004295833,88272.91667,0.0,0.550000008,1.379166687,0.18568299,8.27192544956159,0.2428074276684208
2020-05-14,318.1125047,297.6458378,293.6833377,0.004429167,88345.83333,0.0,0.958333348,0.89166668,0.185713063,7.565759623560837,0.2822818153273984
2020-05-15,344.5666718,310.9750046,294.5500044,0.004095833,88269.16667,0.0,0.300000004,1.895833362,0.185757114,9.260944686303246,0.2471523244661637
2020-05-16,345.0291718,304.3791712,295.1208377,0.004470833,88253.75,0.0,0.562500008,0.504166674,0.185794596,8.454718064503922,0.2603956683248983
2020-05-17,347.9375052,305.5416712,296.6166711,0.004620833,88350.0,0.0,-0.075000001,0.200000003,0.185846414,7.886880761714387,0.2458454929209139
2020-05-18,347.5916718,302.9208378,297.0541711,0.004458333,88430.0,0.0,0.345833338,1.904166695,0.185884269,8.41349330856372,0.2311853112222127
2020-05-19,349.0083385,304.7750045,296.5833378,0.003,88312.08333,0.0,1.033333349,2.462500037,0.185921501,8.66844924642375,0.1598667698473861
2020-05-20,353.7833386,286.4208376,294.3458377,0.004029167,88338.33333,0.0,0.179166669,1.270833352,0.18597336,7.410036755334164,0.2464149875286082
2020-05-21,356.9583387,268.6208373,291.866671,0.002441667,88303.33333,0.0,-0.087500001,0.145833336,0.186025882,6.284662563102046,0.1743103419130545
2020-05-22,353.1625053,273.8916707,293.179171,0.002583333,88246.66667,0.0,0.562500008,0.900000013,0.186063803,6.537891266260519,0.1697134468508671
2020-05-23,352.3958386,286.3500043,295.3125044,0.003520833,88150.0,0.0,0.783333345,1.870833361,0.186101066,6.9941323577410985,0.20242185275928
2020-05-24,351.8458386,291.6375043,294.8583377,0.003670833,88179.16667,0.0,0.695833344,0.441666673,0.186138336,6.347264630190226,0.217105436854439
2020-05-25,353.5083386,292.0833377,294.6125044,0.003325,88160.0,0.0,-0.170833336,-0.508333341,0.186190201,6.281758175258558,0.1996172329735998
2020-05-26,352.2458386,298.6833378,295.4958377,0.003045833,88339.16667,0.0,-0.175000003,0.125000002,0.186228085,6.212992302441281,0.1735227345130188
2020-05-27,351.2083386,311.6041713,298.0041711,0.0032125,88418.75,0.0,-0.450000007,-0.275000004,0.186279944,6.4305939486761625,0.1572659923556463
2020-05-28,347.0375052,331.0083383,300.2875045,0.004241667,88484.16667,0.0,-0.250000004,-0.641666676,0.186317857,6.552447173330274,0.1813178791840964
2020-05-29,343.9333385,348.3083385,301.6000045,0.005566667,88620.0,0.400000006,-0.250000004,0.775000012,0.18635508,8.146014486604175,0.2205941588910143
2020-05-30,322.7166715,373.2083389,300.9791712,0.007708333,88540.83333,0.900000013,0.258333337,1.179166684,0.18640694,11.879208233517437,0.3165259352042888
2020-05-31,329.4291716,370.1666722,300.6041711,0.006683333,88370.0,0.0,0.554166675,1.470833355,0.186444853,10.384853533165057,0.2800309609480811
2020-06-01,329.1666716,364.6166721,298.8333378,0.007745833,88492.08333,0.0,0.245833337,1.291666686,0.186482052,9.749837279865073,0.3610766174784945
2020-06-02,327.7166716,368.6833388,299.6041711,0.0069625,88553.75,0.0,0.495833341,0.712500011,0.186519284,9.456525601686089,0.3101859074165292
2020-06-03,331.5125049,365.9250055,300.5583378,0.0071125,88509.58333,0.0,-0.383333339,0.770833345,0.186571138,8.853319249207722,0.2992927720009009
2020-06-04,324.3750048,363.5791721,302.6375045,0.007033333,88302.91667,0.0,0.366666672,0.391666673,0.186608533,7.775980598392018,0.2613970631845309
2020-06-05,316.1041714,363.9791721,302.0166712,0.006225,88104.58333,0.0,0.308333338,1.637500024,0.186644174,7.048962159072179,0.2393408590349312
2020-06-06,342.9291718,334.137505,301.3375045,0.004745833,88034.58333,0.0,1.14583335,1.495833356,0.186694388,6.6761680190156,0.1897231793820081
2020-06-07,341.9375051,307.8666713,297.9583378,0.004479167,88095.83333,0.0,1.741666693,1.408333354,0.186745242,7.027397948237279,0.2190781409376611
2020-06-08,338.7416717,325.6083382,297.6250044,0.0068875,88198.75,0.0,1.858333361,1.412500021,0.186781469,7.431190701084544,0.3441152979492142
2020-06-09,351.9833386,281.4708375,293.954171,0.002220833,88643.75,0.0,0.554166675,-1.033333349,0.186817061,6.425130121072498,0.139643729718128
2020-06-10,345.4083385,297.9208378,296.1000044,0.002308333,88675.41667,0.0,0.300000004,0.391666673,0.186867279,6.283755853480706,0.1272108639655278
2020-06-11,341.2750051,332.612505,300.4166711,0.003704167,88712.5,0.0,-0.262500004,1.445833355,0.186903506,6.41842516931472,0.1575415678857755
2020-06-12,339.5583384,340.4416717,301.3250045,0.005529167,88875.0,0.0,0.291666671,1.066666683,0.186953721,6.586414808055215,0.2233123486375816
2020-06-13,335.5958383,352.9250053,303.5541712,0.0069,88488.75,0.0,0.733333344,1.720833359,0.187004574,5.677413325021044,0.2436873026918014
2020-06-14,336.287505,342.4291718,302.0333378,0.006754166,88295.41667,0.0,1.466666689,1.970833363,0.187040802,6.558064054079815,0.2599956321274728
2020-06-15,314.883338,357.829172,300.5708378,0.0082625,88526.25,2.300000034,-0.129166669,1.079166683,0.187076393,16.823349281407083,0.3474933882937264
2020-06-16,327.3750049,364.5541721,299.1708378,0.009695833,88570.83333,0.200000003,0.400000006,1.254166685,0.187167306,14.570528382182548,0.4433447365201486
2020-06-17,344.2250051,325.8291715,300.0541711,0.005316667,88423.75,0.0,1.891666695,1.929166695,0.187246002,10.74374567824411,0.2302768294740548
2020-06-18,345.5958385,311.8500046,298.9125045,0.004158333,88406.66667,0.0,1.195833351,1.537500023,0.187324065,9.56595854112178,0.1927409482309425
2020-06-19,346.4208385,307.1333379,298.1500044,0.002904167,88343.33333,0.0,1.300000019,1.612500024,0.187402125,8.847711671191906,0.1408089064795105
2020-06-20,346.8458385,305.3625046,298.7458378,0.003216667,88477.5,0.0,0.462500007,0.941666681,0.187494808,8.369062640315065,0.1507095780296054
2020-06-21,342.7916718,323.6291715,300.3208378,0.0043125,88457.08333,0.0,-0.383333339,0.604166676,0.187573503,8.38647120663067,0.1839261441058564
2020-06-22,344.3750051,324.3875048,301.1333378,0.004179167,88503.33333,0.0,-0.654166676,0.258333337,0.187651563,7.77644144144082,0.1699865863433116
2020-06-23,344.1291718,324.8291715,300.9250045,0.00405,88505.0,0.0,-0.091666668,-0.079166668,0.187744246,8.17859495216709,0.1667682806819
2020-06-24,343.5750051,325.2375048,301.3875045,0.004170833,88335.41667,0.0,-0.195833336,-0.629166676,0.187822945,7.216892816058413,0.1668158978690041
2020-06-25,340.4625051,338.100005,303.0125045,0.004666667,88214.58333,0.0,0.437500007,0.275000004,0.187901005,6.380227533881995,0.1695333879646664
2020-06-26,330.9750049,336.8083384,302.4875045,0.00385,88352.91667,0.0,0.141666669,0.725000011,0.187993688,5.714209236151068,0.1444229306013729
2020-06-27,250.6666704,360.529172,301.6291712,0.00565,88405.83333,0.0,0.962500014,0.741666678,0.188072383,5.688435057038858,0.2229739572103033
2020-06-28,330.6791716,370.2041722,298.6375045,0.008808333,88311.66667,1.000000015,0.854166679,1.112500017,0.188150443,12.861886394732752,0.4146031538981227
2020-06-29,337.5708384,335.7541717,299.9333378,0.007766666,88158.33333,0.0,1.533333356,2.429166703,0.188228503,10.431952082311938,0.3377947707335407
2020-06-30,336.675005,330.4750049,299.7541711,0.0086375,88371.25,0.0,2.058333364,1.512500023,0.188321189,9.900362209263466,0.3806056115190812
2020-07-01,288.1000043,350.5166719,298.9208378,0.007320833,88432.08333,0.70000001,0.083333335,1.216666685,0.188399885,11.075073780094494,0.3392529266036503
2020-07-02,217.4916699,380.4666723,295.3958377,0.0126625,88612.5,3.900000058,-0.125000002,0.820833346,0.188477944,25.171791984152748,0.7280803422211604
2020-07-03,296.3208377,380.295839,295.9500044,0.012770833,88730.83333,0.200000003,-0.24166667,0.625000009,0.188570627,27.72109444747585,0.7107227131345558
2020-07-04,299.9833378,380.933339,301.5541712,0.011004166,88646.25,0.0,-0.145833336,0.337500005,0.1886347,21.561665710857987,0.4373722672425428
2020-07-05,306.0833379,371.4375055,302.9833378,0.009720833,88548.75,0.0,0.050000001,-0.125000002,0.188726746,16.772832238536644,0.3550818740512915
2020-07-06,176.8750026,372.8041722,303.3458379,0.007575,88410.83333,0.0,0.45833334,-0.520833341,0.188805442,5.583812374833497,0.2705283669112823
2020-07-07,303.3166712,365.6583388,303.2583379,0.00675,88426.66667,0.0,-0.100000001,-0.425000006,0.188898128,10.876419807135685,0.242331746947476
2020-07-08,304.1000045,376.995839,304.0041712,0.008979166,88364.58333,0.0,0.091666668,0.108333335,0.188976824,10.754294344529267,0.3085626369713112
2020-07-09,292.3208377,385.7041724,304.5000045,0.009645833,88372.91667,0.100000001,0.400000006,0.508333341,0.189054884,8.864184705105892,0.3221942423824789
2020-07-10,217.3625032,396.5958392,304.5541712,0.010529166,88590.0,0.0,1.075000016,-0.387500006,0.189147566,5.727417015496007,0.3514705399758741
2020-07-11,286.7916709,387.9708391,304.0750045,0.011641666,88647.91667,4.100000061,0.237500004,0.025,0.189226262,29.886159301980385,0.3997079436289565
2020-07-12,302.1583378,393.9625059,302.7208378,0.0112625,88550.83333,0.0,-0.845833346,1.158333351,0.189304322,22.12331865829884,0.4177228140877359
2020-07-13,301.2416712,396.0875059,305.1833379,0.009179166,88436.66667,0.200000003,0.637500009,-0.579166675,0.189397008,17.114699299080584,0.295067484042984
2020-07-14,281.1750042,385.8416724,301.8666712,0.010816666,88560.41667,1.800000027,-0.354166672,-0.079166668,0.189475704,23.70120493480812,0.4217158366968827
2020-07-15,260.8375039,391.0541725,300.2916711,0.012516666,88579.16667,3.100000046,-0.320833338,0.708333344,0.189553763,34.929971182360944,0.5354903445963409
2020-07-16,264.3750039,383.0791724,298.6791711,0.011770833,88584.16667,0.400000006,0.300000004,1.575000023,0.18938008,24.693119168520774,0.554369891255079
2020-07-17,283.6375042,386.2125058,300.9000045,0.0107,88729.58333,0.0,0.154166669,0.550000008,0.189195451,20.659157415999445,0.4423667189249995
2020-07-18,297.0333378,380.4250057,302.0708378,0.009879166,88633.33333,0.0,0.329166672,-0.175000003,0.189010821,16.197714144207623,0.3809099853058484
2020-07-19,235.6041702,393.1375059,302.6250045,0.010075,88478.33333,0.0,-0.0125,-0.116666668,0.188826192,10.449309402138436,0.3754586703862418
2020-07-20,279.9625042,376.5416723,302.4500045,0.009070833,88432.08333,0.0,0.425000006,-0.325000005,0.188641563,9.609851517595075,0.3413184344733563
2020-07-21,288.054171,376.3916723,302.4875045,0.007983333,88325.0,0.0,-0.104166668,-0.44583334,0.188456934,9.00906962523597,0.2993797518218333
2020-07-22,203.9541697,404.0958394,297.8333378,0.0132625,88447.5,2.500000037,-0.391666673,1.175000018,0.188257682,15.964263750529774,0.6561903396848283
2020-07-23,187.3041695,399.2791726,295.7041711,0.014633333,88507.5,9.800000146,-0.158333336,0.808333345,0.188087044,57.2212749762624,0.8246485701101004
2020-07-24,102.2875015,391.1083392,295.1833377,0.0149375,88515.83333,3.500000052,0.387500006,0.450000007,0.18790305,25.91394234402854,0.8692402102793612
2020-07-25,121.8500018,399.0541726,296.4083378,0.014075,88541.25,1.500000022,-0.029166667,0.45833334,0.187722479,31.74295165652183,0.7600495306604113
2020-07-26,274.2500041,385.1125057,299.1791711,0.012270833,88528.33333,0.0,-0.620833343,0.766666678,0.187541492,60.57804396637725,0.560539207989564
2020-07-27,246.233337,397.9541726,300.7375045,0.013291666,88515.83333,4.00000006,-0.512500008,0.941666681,0.187345877,64.07284166128017,0.5534660586298586
2020-07-28,283.7458376,398.0291726,300.1250045,0.013241666,88419.16667,0.0,0.062500001,0.608333342,0.187149632,48.1761258925702,0.5710936403748937
2020-07-29,287.504171,391.0250058,302.1166712,0.012383333,88377.08333,2.00000003,0.137500002,0.725000011,0.186967997,46.05088003113177,0.4748101911822621
2020-07-30,290.5583377,384.6875057,303.4166712,0.010316666,88457.08333,0.0,-0.187500003,-0.245833337,0.186787016,29.53629874112256,0.3671283466792458
2020-07-31,285.2875043,378.9250056,305.1416712,0.008533333,88437.08333,0.0,-0.275000004,0.483333341,0.186606008,19.223862674520184,0.2749611504128779
2020-08-01,301.5541712,401.2791726,303.6041712,0.009929166,88655.83333,1.100000016,-0.395833339,0.65000001,0.18642502,26.59147696890177,0.3503177224955848
2020-08-02,300.0958378,403.6208393,299.5750045,0.013141666,88783.33333,2.500000037,-1.162500017,-0.137500002,0.186229383,37.40259155924467,0.5880110866322819
2020-08-03,277.1083375,393.8458392,300.8791712,0.0126125,88720.0,0.300000004,-0.116666668,0.150000002,0.186047794,25.271596274283752,0.5220186674153235
2020-08-04,301.8208378,376.0458389,300.9583378,0.010966666,88715.41667,0.400000006,0.179166669,0.725000011,0.185866818,20.796453985635203,0.4517641028986857
2020-08-05,303.4958379,366.5166721,301.8291712,0.009416666,88569.58333,0.300000004,0.325000005,0.275000004,0.185685795,17.822545861232516,0.367977483504554
2020-08-06,303.6125045,359.5708387,301.6625045,0.0081875,88432.91667,0.0,0.129166669,0.854166679,0.185504803,13.497159686364268,0.3225833525777963
2020-08-07,298.9125045,363.2583387,301.9750045,0.009833333,88495.83333,0.0,-0.641666676,1.141666684,0.185309196,11.433731936298104,0.3806798262690223
2020-08-08,300.8000045,366.9000055,301.4708378,0.0089875,88625.83333,0.0,-0.562500008,1.670833358,0.185127578,10.78132531209561,0.3588850145579141
2020-08-09,300.7083378,368.9125055,301.6750045,0.009033333,88637.5,0.200000003,-0.283333338,1.254166685,0.184946553,11.07904214893376,0.3564710222721063
2020-08-10,292.466671,362.0875054,301.8041712,0.007425,88592.5,0.0,-0.541666675,0.825000012,0.184750935,9.686601232074342,0.2906485318430263
2020-08-11,293.9125044,374.0833389,303.4291712,0.00835,88526.66667,0.0,0.20416667,-0.604166676,0.184569311,9.519524703417163,0.2971616216370303
2020-08-12,276.2333374,385.5000057,302.4500045,0.009979166,88528.75,0.0,0.304166671,0.037500001,0.184373739,9.605871506407514,0.3759077645114019
2020-08-13,250.7333371,390.1333391,303.1291712,0.009941666,88504.58333,11.20000017,0.166666669,1.070833349,0.184192087,74.05608605026431,0.35991206755893
2020-08-14,251.1250037,391.7333392,302.9625045,0.009845833,88525.83333,0.800000012,-0.20416667,0.233333337,0.184011093,44.84768438193648,0.3599895110111824
2020-08-15,289.704171,391.1250058,304.2583379,0.010358333,88514.16667,1.900000028,-0.279166671,0.66250001,0.183830102,53.53450856793183,0.3513864115729804
2020-08-16,275.3750041,399.825006,301.4500045,0.010791666,88603.75,2.400000036,0.250000004,1.570833357,0.183789833,58.767855677265416,0.4313476963367944
2020-08-17,286.9250043,380.6625057,301.1375045,0.010233333,88747.5,1.900000028,-0.21666667,1.087500016,0.183755728,47.375988500200464,0.4172843638795343
2020-08-18,292.9375044,364.7125054,302.7541712,0.007333333,88816.25,0.0,-1.250000019,0.525000008,0.183721578,29.40331920488088,0.2722785632152815
2020-08-19,289.554171,371.7625055,302.2500045,0.00685,88563.75,0.0,-0.604166676,1.33750002,0.183672809,20.789412848188988,0.2611624887071652
2020-08-20,279.3916708,382.833339,303.1166712,0.0087375,88308.33333,0.0,-0.287500004,1.291666686,0.183638052,15.612146615373334,0.3158456236323517
2020-08-21,278.9791708,389.8291725,298.9125045,0.011641666,88347.91667,2.200000033,0.516666674,-2.370833369,0.183618503,25.7883474080504,0.5392388310257629
2020-08-22,280.8500042,385.9458391,300.2708378,0.011583333,88455.0,0.0,-0.120833335,-1.55416669,0.183570408,18.96219886755449,0.495476296177346
2020-08-23,280.6291708,411.5750061,301.4541712,0.012004166,88473.75,10.20000015,-0.166666669,-1.170833351,0.183535634,98.33694656145629,0.4789907708541158
2020-08-24,271.5708374,381.2916723,302.1000045,0.009395833,88385.0,0.0,0.091666668,0.979166681,0.183501493,47.50490610640849,0.3606444343127348
2020-08-25,281.6500042,377.195839,302.8416712,0.0089375,88337.5,0.0,-0.637500009,1.750000026,0.183467382,34.818140132370544,0.32837782388725
2020-08-26,278.7875042,383.7750057,301.7791712,0.00715,88206.25,0.0,-0.258333337,1.450000022,0.183433223,23.770767211777937,0.2790714960121878
2020-08-27,275.6875041,379.6250057,302.4333378,0.00795,88073.33333,0.0,0.054166667,0.950000014,0.183399089,17.30962493524902,0.2982193239431814
2020-08-28,261.1416706,383.2125057,302.8833378,0.00865,88177.91667,0.0,0.929166681,0.45833334,0.183364928,13.397793276875682,0.3164741095548866
2020-08-29,210.8666698,397.0041726,300.5916711,0.011920833,88457.08333,12.40000018,-0.0125,0.408333339,0.183316166,65.70137605362211,0.5003430606457732
2020-08-30,184.5000027,387.8958391,295.5458377,0.01465,88490.0,1.100000016,-0.579166675,1.162500017,0.183295971,45.95968211765775,0.8334809174110372
2020-08-31,101.9250015,387.7875058,294.8250044,0.014925,88377.91667,14.30000021,0.237500004,1.09583335,0.183262484,38.40239124964037,0.8865263371913054
2020-09-01,245.470837,362.7250054,295.5958377,0.0138625,88468.75,0.300000004,0.862500013,0.44583334,0.183213737,63.70302973010292,0.7860725873739866
2020-09-02,273.2583374,368.5000055,298.6625045,0.013,88645.41667,0.0,0.737500011,-0.041666667,0.183178962,54.26918506608369,0.6132954086567953
2020-09-03,276.2291708,357.741672,299.1041711,0.010108333,88616.66667,0.0,0.183333336,-0.316666671,0.183144874,36.60137981021951,0.4642901310206036
2020-09-04,274.8916708,368.4375055,301.5250045,0.008770833,88627.08333,0.0,0.295833338,1.445833355,0.183110675,30.33204886437227,0.3491272195258961
2020-09-05,275.9583374,347.2583385,301.7500045,0.006716666,88917.5,0.0,-1.904166695,1.716666692,0.183076521,20.45562488735016,0.264723492458776
2020-09-06,274.0375041,346.9916718,300.8375045,0.0073375,88942.5,0.0,-0.404166673,0.933333347,0.183042395,15.113844599033348,0.3052018866167421
2020-09-07,271.637504,361.4291721,301.9458378,0.008595833,88362.91667,0.300000004,0.716666677,0.383333339,0.183008232,14.68953517785248,0.3328393124436616
2020-09-08,267.325004,366.8208388,301.0416712,0.012475,87829.16667,0.0,1.550000023,0.741666678,0.182974115,12.04063662242367,0.5062752770081735
2020-09-09,266.612504,367.2708388,297.4500044,0.0122375,87967.5,3.900000058,1.970833363,2.808333375,0.18294002,32.16077816553219,0.6162954207357372
2020-09-10,272.0541707,326.4375049,294.9000044,0.007525,88585.83333,0.0,0.525000008,1.241666685,0.182891222,19.352746373506392,0.4459584096142762
2020-09-11,270.550004,318.1458381,293.0500044,0.006854166,88802.91667,0.0,0.291666671,0.487500007,0.18287108,15.28261979353707,0.4568024698034182
2020-09-12,266.7291706,330.1083383,293.5833377,0.0087125,88566.25,0.0,-0.387500006,0.137500002,0.182822932,13.544695465721595,0.5601334687698658
2020-09-13,263.6333373,336.6666717,295.0250044,0.007695833,88598.75,0.0,-0.129166669,0.350000005,0.182788198,11.957863944887851,0.4526468126715369
2020-09-14,261.8250039,348.3208385,296.7583378,0.007920833,88847.08333,0.0,-0.233333337,1.437500021,0.182754042,10.125579973580006,0.4201516404007233
2020-09-15,259.8083372,355.2833386,296.9875044,0.008420833,88951.66667,0.0,0.120833335,-0.208333336,0.182719913,10.214396550851053,0.4410159872161097
2020-09-16,263.7791706,336.512505,296.2250044,0.005766667,88738.33333,0.0,0.666666677,0.858333346,0.182578563,8.13948130283035,0.3156038182416142
2020-09-17,260.8791706,326.8916715,296.9875044,0.005020833,88753.33333,0.0,-0.283333338,0.66250001,0.182447144,6.945841059680605,0.2623648425482223
2020-09-18,259.1333372,334.4333383,296.3708377,0.0058875,88789.58333,0.0,-1.062500016,1.187500018,0.182301782,7.001476346623759,0.3195464226980982
2020-09-19,258.3041705,333.1958383,298.0583378,0.0067625,88698.75,0.0,-0.375000006,1.445833355,0.182155765,6.34888178271889,0.3310209643945981
2020-09-20,249.395837,342.7916718,297.8166711,0.006191667,88591.25,0.0,-0.250000004,0.841666679,0.182009754,5.902100925062474,0.307152361647653
2020-09-21,245.6041703,368.7791722,298.0875044,0.005883333,88631.66667,0.0,-0.237500004,0.800000012,0.181863732,6.354671247671371,0.2872635576523883
2020-09-22,244.4791703,348.0000052,298.0541711,0.006920833,88727.08333,0.100000001,-0.129166669,0.041666667,0.181717679,5.513293581844527,0.3389645226995061
2020-09-23,248.120837,345.2500051,297.8250044,0.007379166,88755.41667,0.200000003,-0.120833335,-0.525000008,0.181586279,5.753040421143725,0.3665551264594567
2020-09-24,248.470837,338.675005,297.8541711,0.005575,88595.0,0.0,-0.004166667,0.775000012,0.181426204,5.284210685004383,0.2759480519493125
2020-09-25,246.0000037,339.5000051,298.2750044,0.005658333,88522.91667,0.0,-0.220833337,0.550000008,0.181294122,4.893288269219433,0.2728440325952708
2020-09-26,245.7750037,332.2333383,298.5291711,0.005833333,88584.58333,0.0,0.083333335,0.325000005,0.181148755,4.296412404292616,0.2772151358280547
2020-09-27,244.9041703,325.2333382,297.8583378,0.005708333,88496.66667,0.0,0.145833336,-0.954166681,0.181002823,4.235977658571777,0.2821631828166918
2020-09-28,243.920837,318.3791714,296.5500044,0.004716667,88602.91667,0.0,-1.233333352,0.833333346,0.180862791,4.306871423879204,0.2526862846830899
2020-09-29,241.8875036,317.2583381,295.4208377,0.004929167,88941.25,0.0,-0.358333339,0.775000012,0.180716995,3.8676194970699327,0.2840367011566017
2020-09-30,243.8541703,309.1041713,294.5208377,0.004008333,88860.83333,0.0,0.183333336,0.741666678,0.180577638,3.642300402684892,0.243933388949251
2020-10-01,248.6166704,310.0166713,295.9125044,0.003379167,88756.25,0.0,0.208333336,1.525000023,0.180425548,3.979512855355235,0.1885435615834888
2020-10-02,246.2500037,309.945838,296.2416711,0.002745833,88694.58333,0.0,-0.179166669,1.36250002,0.180284258,3.728773705167361,0.1500497859886556
2020-10-03,246.133337,300.2791711,296.4083378,0.002920833,88507.08333,0.0,0.179166669,0.775000012,0.180145183,3.0621306284806686,0.1576640210610728
2020-10-04,245.4250037,294.7583377,295.8541711,0.002595833,88703.33333,0.0,-0.087500001,0.86666668,0.180006045,2.9371644024335155,0.1452682779420168
2020-10-05,241.7208369,300.5166711,295.5208377,0.0028125,88830.83333,0.0,-0.625000009,0.245833337,0.179852263,2.8264356327807145,0.1608742821985898
2020-10-06,241.9916703,298.8666711,295.9333377,0.002825,88776.66667,0.0,0.116666668,0.395833339,0.179713371,2.518702942932697,0.157458691199449
2020-10-07,240.8041703,294.3083377,295.4000044,0.002620833,88630.41667,0.0,-0.104166668,1.091666683,0.179558786,2.777914826994337,0.1506870026386643
2020-10-08,236.9250035,300.5958378,295.7666711,0.003041667,88550.0,0.0,-0.041666667,1.383333354,0.179430509,2.9412598137620574,0.1708370770409378
2020-10-09,237.9666702,293.1625044,294.7750044,0.0031375,88495.0,0.0,0.804166679,2.466666703,0.179280633,3.4135992552999275,0.1871874107382476
2020-10-10,233.9208368,291.2625043,294.116671,0.0032375,88570.0,0.0,0.312500005,2.766666708,0.179131358,3.394084178102656,0.2013588991868547
2020-10-11,228.9375034,299.1583378,294.3375044,0.0043625,88552.91667,0.0,0.625000009,2.120833365,0.17898553,3.1308461161130805,0.2675871127490253
2020-10-12,225.54167,306.2250046,293.5583377,0.004158333,88744.58333,0.0,0.42083334,1.162500017,0.178854472,2.8369138703585985,0.2682985650729887
2020-10-13,226.1458367,313.658338,295.4625044,0.004075,88851.66667,0.0,0.137500002,0.91666668,0.178709423,2.750433246131982,0.2339802740948595
2020-10-14,224.0208367,313.3125047,295.9458377,0.003920833,88843.75,0.0,0.825000012,0.100000001,0.178563742,2.6171742194639536,0.2185356860090344
2020-10-15,225.3250034,301.3750045,294.5833377,0.0043,88780.41667,0.0,-0.68750001,0.033333334,0.178410346,2.3963318344018085,0.2604376066653836
2020-10-16,220.5708366,298.8416711,294.2166711,0.003779167,88675.41667,0.0,-0.408333339,1.329166686,0.17832416,2.655045980892542,0.2338725452634195
2020-10-17,218.7875033,308.0541713,294.5500044,0.003745833,88593.33333,0.0,0.170833336,0.67500001,0.178255534,2.4424502625144315,0.2268625899129775
2020-10-18,220.0541699,290.8375043,294.2166711,0.003395833,88709.58333,0.0,0.22916667,-0.025,0.178169361,1.8230426039227865,0.2102310137167772
2020-10-19,217.3166699,285.4750043,292.3125044,0.002704167,88661.25,0.0,-0.183333336,0.608333342,0.178096824,2.0817749759822712,0.1884592756150867
2020-10-20,218.1750033,286.9708376,292.3458377,0.003129167,88427.91667,0.0,-0.475000007,0.316666671,0.178010292,2.077489559919301,0.2170486813762313
2020-10-21,212.1500032,287.979171,292.429171,0.0030375,88342.91667,0.0,-0.070833334,1.229166685,0.177937744,2.3410642552308216,0.2093872444527156
2020-10-22,209.9208365,303.8125045,293.879171,0.004475,88300.0,0.0,0.591666675,2.112500031,0.177851211,2.8694588084491555,0.2816021460706561
2020-10-23,207.8375031,307.9625046,293.7958377,0.006370833,88525.0,0.0,0.279166671,1.845833361,0.177778662,2.6258505529641045,0.4040131842634135
2020-10-24,190.7458362,313.6041713,293.991671,0.00585,88590.83333,0.0,0.66250001,1.450000022,0.17769213,2.266408446648104,0.3667668827187825
2020-10-25,147.8458355,327.0583382,293.6958377,0.004720833,88253.75,0.0,2.033333364,1.900000028,0.177619585,2.208025180660775,0.3003229462547507
2020-10-26,179.5500027,312.6166713,291.0833377,0.005970833,87950.0,0.200000003,2.658333373,1.233333352,0.177533049,2.290137557496057,0.4461556246782633
2020-10-27,180.370836,254.3291705,278.8250042,0.002141667,88056.66667,0.0,0.208333336,-2.100000031,0.17748975,1.0252264367850026,0.3632971325934539
2020-10-28,204.7916697,265.0375039,278.9375042,0.0031,88759.16667,0.0,0.591666675,-0.120833335,0.177443899,1.3274554257899966,0.5258912098265113
2020-10-29,203.187503,250.0291704,283.4250042,0.002816667,88827.08333,0.0,-1.079166683,1.979166696,0.17733396,1.2972915577473598,0.3511273054657098
2020-10-30,198.2208363,279.1208375,287.3208376,0.0037125,88756.25,0.0,-0.304166671,0.820833346,0.177226649,1.3369863572199208,0.3568617058619173
2020-10-31,167.8750025,288.941671,288.741671,0.003229167,88767.91667,0.0,-0.604166676,1.166666684,0.177143818,1.1311739459098664,0.283009604412752
2020-11-01,182.0541694,322.5916715,291.229171,0.0032,89192.91667,0.0,-1.354166687,1.600000024,0.177051918,1.8384283258187764,0.240255201189
2020-11-02,136.925002,322.6833381,292.1833377,0.004025,89288.75,0.0,-0.887500013,1.470833355,0.176974247,1.2795601218860362,0.2848037584535291
2020-11-03,123.7583352,307.4250046,290.7000043,0.004145833,88958.33333,0.0,-0.154166669,1.675000025,0.176897215,0.9971113778493202,0.321078524923101
2020-11-04,182.1750027,319.0791714,292.5875044,0.0055125,88915.41667,0.0,-0.500000007,0.883333346,0.176820183,1.596919743423166,0.3786744575434916
2020-11-05,181.7000027,291.5750043,292.529171,0.003979167,89019.58333,0.0,-1.09583335,1.450000022,0.176743148,1.561091241902445,0.2746690381962246
2020-11-06,150.0208356,317.8333381,293.566671,0.0036875,88449.58333,0.0,-0.295833338,2.387500036,0.176651494,1.7518652264383072,0.2370060608253592
2020-11-07,133.7083353,353.2583386,294.2166711,0.00565,87935.0,0.200000003,-0.19166667,5.570833416,0.176588449,2.683814709790992,0.3467289755510574
2020-11-08,177.9125027,283.9541709,288.6750043,0.006220833,87810.0,1.900000028,3.333333383,3.479166719,0.176497427,3.6886827433007783,0.541654412771217
2020-11-09,166.9000025,279.3291708,283.7666709,0.004641667,88130.0,0.0,1.212500018,-0.137500002,0.176419759,2.674131322063994,0.5610073716748856
2020-11-10,180.633336,243.745837,279.2500042,0.0041375,88647.08333,0.0,0.758333345,-0.816666679,0.176342728,1.631686971063684,0.685837663595026
2020-11-11,178.4916693,237.5416702,280.7541709,0.003045833,88467.08333,0.0,0.237500004,0.300000004,0.17625107,1.772594218922221,0.4538484423121148
2020-11-12,155.316669,261.2125039,282.6625042,0.00315,88498.33333,0.0,-0.425000006,0.845833346,0.176173402,1.5180623689621622,0.4119795457419494
2020-11-13,171.5291692,285.5000043,283.3250042,0.003916667,88630.83333,0.0,0.154166669,0.620833343,0.176096371,2.143931541193524,0.4904796958434944
2020-11-14,172.0250026,259.7916705,284.7416709,0.0048125,88605.83333,0.0,0.545833341,-0.179166669,0.176019336,1.335673626060627,0.5477501376759389
2020-11-15,172.7875026,249.9791704,284.6000042,0.002825,88958.33333,0.0,-0.066666668,1.012500015,0.175942304,1.211303727807782,0.3258893917676685
2020-11-16,171.3041692,262.6416706,286.3916709,0.002320833,89005.41667,0.0,-0.429166673,1.35000002,0.175750641,1.383063936811023,0.2378037098674029
2020-11-17,138.3666687,289.791671,289.6833376,0.0027625,89050.0,0.0,-0.125000002,1.508333356,0.175539371,1.2664892429045334,0.2285654026635493
2020-11-18,161.0750024,318.8500048,291.691671,0.00405,88957.5,0.0,0.529166675,2.125000032,0.175342088,1.8987772954952336,0.2945109213940359
2020-11-19,160.6041691,315.4000047,291.541671,0.004879167,88946.66667,0.0,-0.195833336,1.470833355,0.175130815,1.5991046672232492,0.358147817673582
2020-11-20,159.691669,301.8875045,290.0500043,0.005025,89036.66667,0.0,0.095833335,1.287500019,0.174933532,1.3070113430920034,0.4060321131353893
2020-11-21,157.3500023,303.8916712,289.5250043,0.005429167,88937.91667,0.0,0.166666669,0.987500015,0.174736885,1.209881845680736,0.453227551229713
2020-11-22,152.4833356,293.1625044,289.0250043,0.0052125,88680.0,0.0,-0.008333333,1.80833336,0.174525615,1.1050648440810782,0.4480930356602093
2020-11-23,153.7083356,283.5041709,289.3708376,0.0042625,88242.5,0.0,0.691666677,3.075000046,0.174328333,1.302476187508924,0.3565735983614662
2020-11-24,161.3500024,252.7166704,287.7125043,0.003975,88253.75,0.0,2.108333365,1.087500016,0.174131686,0.9202663134872392,0.3703252817029135
2020-11-25,161.2875024,240.6541703,281.5875042,0.002345833,88732.91667,0.0,0.283333338,0.645833343,0.173935035,0.5832405185604103,0.3310513580708933
2020-11-26,156.2500023,249.9000037,283.3750042,0.0023875,88518.75,0.0,-0.016666667,1.512500023,0.173723765,0.6943148321850378,0.2975979798398464
2020-11-27,161.0166691,236.0583369,282.6250042,0.002495833,88498.75,0.0,0.041666667,-0.441666673,0.173526483,0.4198504935831708,0.3272579328589453
2020-11-28,160.8916691,221.7708366,278.0208375,0.002233333,89022.91667,0.0,0.816666679,0.566666675,0.173329836,0.3431305272453303,0.4053138595845053
2020-11-29,157.3125023,223.16667,278.8208375,0.002079167,88927.91667,0.0,0.21666667,1.283333352,0.173118566,0.3516056993803957,0.3562888698264941
2020-11-30,157.0083357,228.2083367,281.6541709,0.002275,89114.58333,0.0,-0.133333335,1.745833359,0.172921283,0.4315644696429028,0.320965445234377
2020-12-01,162.9416691,224.0000033,278.8583375,0.002245833,88813.33333,0.0,0.150000002,0.562500008,0.17271001,0.3085167126336108,0.3833431777498305
2020-12-02,162.3708358,219.2583366,279.0375042,0.001733333,88697.08333,0.0,0.325000005,0.250000004,0.172512727,0.2611088661861563,0.2917890524570503
2020-12-03,159.7083357,216.5000032,279.3125042,0.002020833,88932.91667,0.0,-0.937500014,-0.545833341,0.17231608,0.2672618956985864,0.3345910746705972
2020-12-04,159.7875024,208.6583364,277.3500041,0.001570833,89090.0,0.0,-1.225000018,-0.779166678,0.17210481,0.2316807432563932,0.2991800488397288
2020-12-05,158.129169,216.6458366,276.8083375,0.001491667,89225.41667,0.0,-0.24166667,0.479166674,0.171907527,0.2183105407304569,0.295721054866788
2020-12-06,158.804169,228.3833367,278.9416708,0.002120833,89264.16667,0.0,-0.133333335,0.812500012,0.171710877,0.2911270069432725,0.3617243746478793
2020-12-07,158.5208357,227.1458367,280.5083375,0.001679167,88960.0,0.0,-1.425000021,1.900000028,0.171499607,0.4209149457262602,0.2559131583572057
2020-12-08,156.1125023,234.9875035,282.5375042,0.001983333,89110.83333,0.0,-1.345833353,1.604166691,0.171302324,0.4540402155101797,0.2634202661567612
2020-12-09,153.566669,250.5416704,283.3375042,0.002766667,89002.5,0.0,-0.500000007,1.766666693,0.171105677,0.464819378514667,0.3476254271743039
2020-12-10,102.3500015,315.0541714,285.1833376,0.007029166,88415.83333,17.20000026,1.32500002,2.170833366,0.170894407,34.30489588197082,0.7751436199156437
2020-12-11,152.1416689,285.9958376,281.8333375,0.005833333,88505.83333,0.0,0.258333337,0.43333334,0.170697125,20.908382728753107,0.8073954369127209
2020-12-12,153.2000023,240.6791703,280.0833375,0.0042625,88481.66667,0.0,0.691666677,1.412500021,0.170500474,13.389556269524244,0.6654525154777071
2020-12-13,157.4958357,226.19167,281.3250042,0.003345833,88781.25,0.0,0.500000007,-0.612500009,0.170289204,7.705709004690834,0.4810245014922677
2020-12-14,154.679169,223.4583367,277.7958375,0.002354167,88748.75,0.0,0.779166678,1.629166691,0.170091921,10.480314703276866,0.4327576309631596
2020-12-15,156.1333357,218.7375033,277.7958375,0.002908333,88585.83333,0.0,0.233333337,-0.983333348,0.169880651,5.543994682254836,0.5336464544333134
2020-12-16,155.0458356,210.6750031,275.7000041,0.002325,89003.75,0.0,0.25416667,0.295833338,0.169633434,3.500764304792005,0.4978050893145841
2020-12-17,153.1416689,232.8458368,278.3458375,0.002070833,88742.5,0.0,0.554166675,1.212500018,0.169384682,5.322857030452028,0.3661473360679602
2020-12-18,153.8625023,237.9041702,284.2000042,0.002729167,88422.08333,0.0,1.187500018,0.529166675,0.169135929,4.234159130226196,0.321441726932287
2020-12-19,155.629169,218.1458366,277.5416708,0.002441667,89200.41667,0.0,0.237500004,0.533333341,0.168887177,2.320814431088079,0.4593236288072986
2020-12-20,157.0750023,218.6958366,278.1625041,0.002129167,89231.25,0.0,-0.270833337,1.141666684,0.168638424,2.2147593985500102,0.3834593404520962
2020-12-21,157.0583357,222.4250033,279.3708375,0.001683333,88810.0,0.0,-0.258333337,1.258333352,0.168389668,2.13623932714188,0.2771936000550646
2020-12-22,130.3708353,239.2416702,280.8375042,0.001820833,88693.75,0.0,0.483333341,2.004166697,0.168140915,1.8227275520821529,0.2704503619040461
2020-12-23,156.6833357,221.9625033,281.5250042,0.002095833,88691.66667,0.0,0.958333348,0.766666678,0.167892163,1.4064392147095477,0.2969035136403371
2020-12-24,151.2041689,207.3583364,276.3416708,0.001266667,89465.41667,0.0,0.045833334,-0.266666671,0.16764341,0.8222860737445038,0.2603331133779937
2020-12-25,70.38750105,282.5958375,277.8625041,0.001508333,89180.0,0.100000001,-0.091666668,0.595833342,0.167394658,0.8930399202642448,0.2773073921943697
2020-12-26,151.9541689,251.5500037,279.1416708,0.002791667,88927.91667,0.0,-0.033333334,0.562500008,0.167145905,1.3901908698321552,0.4677479559807893
2020-12-27,129.0375019,264.0833373,280.8208375,0.003404167,88588.75,0.0,-0.400000006,1.862500028,0.166897153,0.908993257431796,0.5056074366357667
2020-12-28,151.7500023,295.1958377,286.5083376,0.0036,88244.58333,0.0,0.316666671,2.812500042,0.1666484,1.6498902599531275,0.3629172945430128
2020-12-29,104.6458349,257.2666705,281.3250042,0.004545833,88189.16667,0.300000004,1.258333352,-0.758333345,0.166399647,0.4406001957268853,0.6491878727654866
2020-12-30,156.0083357,230.1208368,275.9333374,0.0033125,88590.41667,0.0,0.029166667,-1.258333352,0.166150895,0.5509903879033254,0.6941919924281559
2020-12-31,136.650002,222.6750033,274.5833374,0.002020833,88591.25,0.0,0.029166667,1.075000016,0.165902142,0.3837373169519491,0.4669182621309243
2021-01-01,149.3375022,264.9250039,277.7875041,0.002025,88320.0,0.0,0.19166667,0.391666673,0.16565339,1.1553413521604063,0.3706683047616831
2021-01-02,151.2541689,224.5333367,275.6791708,0.002133333,89130.0,0.0,0.095833335,1.041666682,0.165404637,0.4303213380716895,0.4581021307189003
2021-01-03,152.2000023,226.3875034,277.1083375,0.002091667,89058.33333,0.0,0.620833343,0.441666673,0.165155881,0.4908409079121179,0.4051386337282028
2021-01-04,152.8375023,242.4708369,279.2125042,0.002208333,88985.0,0.0,-0.033333334,0.654166676,0.164907129,0.6326895270999587,0.368416608689669
2021-01-05,153.641669,250.3958371,280.8166709,0.002345833,88701.25,0.0,0.025,0.937500014,0.164658376,0.6607116176109121,0.3489600889260664
2021-01-06,159.9500024,217.2458366,279.7458375,0.002175,88886.25,0.0,-0.041666667,1.13333335,0.164395,0.4168345785487329,0.3492096585526397
2021-01-07,157.3000023,222.87917,279.4458375,0.001483333,88849.16667,0.0,-0.087500001,1.270833352,0.164145612,0.4639004542662346,0.2430909092650373
2021-01-08,157.8583357,234.5916702,280.4875042,0.001604167,88788.75,0.0,-0.212500003,0.945833347,0.16389686,0.5128189647567618,0.2443642422423799
2021-01-09,156.4750023,238.0375035,280.6541708,0.0018125,88461.25,0.0,1.12083335,0.491666674,0.163648107,0.512867258179607,0.2719285101001562
2021-01-10,160.0083357,210.3333365,277.0833375,0.001895833,88859.58333,0.0,0.416666673,0.525000008,0.163413978,0.2775244001944865,0.3670403280940702
2021-01-11,157.2750023,219.5166699,276.6958375,0.0023875,89124.58333,0.0,-0.47083334,0.666666677,0.163151238,0.2719075175556947,0.4765962596565021
2021-01-12,164.3000024,208.1750031,275.2291708,0.002075,89309.16667,0.0,0.291666671,-0.391666673,0.162901849,0.2141379509089826,0.4612093746609554
2021-01-13,164.8791691,205.4791697,275.5291708,0.001470833,89359.16667,0.0,0.037500001,0.637500009,0.162653097,0.2148597271245723,0.320094140123056
2021-01-14,163.4916691,242.0875036,280.9583375,0.00145,89007.08333,0.0,0.312500005,0.129166669,0.162404344,0.4777379035173637,0.2143369481594391
2021-01-15,166.1250025,239.3208369,282.7916709,0.00215,88931.66667,0.0,0.479166674,0.004166667,0.162155592,0.4248525289669029,0.2800997456870707
2021-01-16,163.8291691,243.658337,281.8625042,0.001645833,88680.83333,0.0,0.375000006,0.141666669,0.162343259,0.4526136119290374,0.227796026157582
2021-01-17,168.5791692,232.1375035,282.4250042,0.001545833,88744.16667,0.0,0.429166673,0.25416667,0.162535281,0.3884842627220111,0.2060403972915906
2021-01-18,164.4750025,239.7083369,282.9875042,0.00145,88305.41667,0.0,0.779166678,1.545833356,0.162741288,0.5595781267239972,0.1850977107661083
2021-01-19,157.0125023,252.4000038,286.6750043,0.002391667,88082.5,0.0,0.166666669,2.754166708,0.16293331,0.7090502086248119,0.2380344101230282
2021-01-20,141.5583354,300.2208378,284.5166709,0.004220833,88725.41667,0.100000001,-2.020833363,3.016666712,0.16313932,0.743395524317596,0.4883537745206402
2021-01-21,119.0208351,333.2541716,283.6916709,0.007441666,88695.83333,8.400000125,0.375000006,1.775000026,0.163345962,18.675632522415075,0.9097871137309724
2021-01-22,157.2625023,293.0375044,281.7250042,0.006141667,88539.16667,0.0,-0.558333342,2.279166701,0.163537984,12.629656503283597,0.8567250468328537
2021-01-23,161.6416691,270.8291707,282.8625042,0.004991667,88224.58333,0.0,0.312500005,2.03750003,0.16374399,9.955794077855469,0.6420431164063576
2021-01-24,122.7000018,264.9750039,281.9333375,0.004829167,87931.66667,0.400000006,2.695833374,1.616666691,0.164833738,5.800309706661918,0.6595434325645936
2021-01-25,94.20833474,305.2625045,277.2458375,0.004170833,88047.91667,0.500000007,0.912500014,3.525000053,0.189139098,4.59769071383136,0.7909161830700598
2021-01-26,79.63750119,283.6083376,275.4125041,0.004004167,88011.66667,6.400000095,4.850000072,2.895833376,0.303606732,12.899790994129663,0.8655333685045954
2021-01-27,176.7375026,222.0750033,273.0958374,0.0031125,89128.75,0.0,0.108333335,1.766666693,0.331616162,8.22118649238752,0.8066920840055448
2021-01-28,159.904169,264.9208373,278.3541708,0.003891667,88942.91667,0.0,-0.42083334,1.225000018,0.275608154,11.60078805334317,0.6892411954347543
2021-01-29,172.2791692,269.7833374,283.5000042,0.003679167,88485.0,0.0,0.783333345,3.695833388,0.22274791,18.41370495725668,0.454571835879604
2021-01-30,176.833336,276.0250041,281.0875042,0.0043625,88561.25,0.0,1.620833357,-0.016666667,0.179798246,9.986359560266346,0.6359427145308851
2021-01-31,181.2625027,240.7708369,279.9250042,0.003729167,89010.41667,0.0,-0.550000008,0.86666668,0.170988854,5.811599219842123,0.5921482226334833
2021-02-01,115.2125017,303.1166712,283.7666709,0.0034625,89007.08333,0.0,-0.404166673,0.325000005,0.167630029,5.1331568725396695,0.4226541809961796
2021-02-02,174.2708359,298.5708378,284.0666709,0.004158333,88848.75,0.0,0.179166669,0.508333341,0.166492626,6.892080753708477,0.4965608291903264
2021-02-03,136.2083354,322.3583381,286.3250043,0.004720833,88578.75,0.0,0.583333342,0.925000014,0.166153134,4.528555138954329,0.4835229978506741
2021-02-04,187.0125028,269.9916707,288.9500043,0.0047875,88427.5,0.0,2.195833366,-0.212500003,0.166174128,3.409339578974679,0.4123798298342634
2021-02-05,190.0291695,233.7666702,282.5125042,0.002754167,88490.41667,0.0,1.012500015,-1.283333352,0.166352163,2.0956720711600285,0.3638719763030324
2021-02-06,193.9166696,231.8750035,281.2875042,0.002466667,88432.08333,0.0,-0.175000003,-0.033333334,0.166545457,2.2947459405258583,0.3541455141223135
2021-02-07,196.0208363,224.1250033,281.6375042,0.002420833,88356.66667,0.0,-0.466666674,0.279166671,0.166737476,1.6062124613386963,0.3390224889275895
2021-02-08,195.7750029,232.0125035,284.0500042,0.002179167,88325.83333,0.0,0.112500002,0.966666681,0.166943486,1.513902668423287,0.2589803022882445
2021-02-09,193.3541695,242.3208369,284.0708376,0.002266667,88473.75,0.0,0.616666676,1.750000026,0.167135505,1.458614112430114,0.2694526046779699
2021-02-10,169.6458359,258.4458372,284.4375042,0.002525,88264.16667,0.0,0.250000004,1.650000025,0.167341514,1.250560962138363,0.2921713937606049
2021-02-11,195.5791696,254.8083371,282.8625042,0.003158333,88350.0,0.0,0.104166668,0.887500013,0.167533537,1.312304039754865,0.4068117092745723
2021-02-12,188.8458361,255.8958371,282.5708375,0.003025,88127.91667,0.0,0.400000006,1.470833355,0.167739543,1.0827825464961085,0.3964393434802901
2021-02-13,189.9458362,274.0500041,283.1333376,0.003975,87885.0,0.300000004,1.175000018,1.575000023,0.167931566,1.3498900120218702,0.5000404882241261
2021-02-14,146.4541688,278.5916708,284.2625042,0.003883333,87463.33333,0.0,6.108333424,0.858333346,0.169538837,1.1181284568413568,0.4505259821376883
2021-02-15,200.8333363,226.1375034,278.4166708,0.002170833,88287.5,0.0,1.358333354,0.312500005,0.169489262,0.8118298421806562,0.3799602987847399
2021-02-16,132.050002,274.2291708,282.5375042,0.002958333,88036.66667,0.0,2.629166706,0.608333342,0.169161189,0.7765790939390769,0.3881804773462145
2021-02-17,205.6083364,235.0875035,282.1750042,0.002858333,87973.75,0.0,4.041666727,-0.550000008,0.169169807,0.9464094689608722,0.3841670138487948
2021-02-18,210.4833365,226.8500034,278.3375041,0.001791667,88643.33333,0.200000003,1.229166685,-1.404166688,0.16943846,0.8489765474640946,0.3166193774730254
2021-02-19,211.1708365,224.8125033,278.7458375,0.001616667,89297.5,0.0,-0.25416667,-0.150000002,0.169761786,1.1168382893602686,0.2796539841092687
2021-02-20,210.5958365,254.5958371,284.0500042,0.0021625,88723.33333,0.0,1.887500028,1.433333355,0.170101011,1.192296045824203,0.2581561301922508
2021-02-21,220.92917,225.3833367,284.6416709,0.0018125,88780.0,0.0,1.962500029,-1.600000024,0.170453584,1.076208126248705,0.2080881271125694
2021-02-22,222.4958366,215.2125032,280.9625042,0.001329167,89221.25,0.0,-0.450000007,0.129166669,0.170816099,0.8501797328277352,0.1968917689952199
2021-02-23,220.3083366,234.4041702,283.2000042,0.001325,88701.66667,0.0,1.150000017,0.450000007,0.171154834,0.960342210239412,0.1674712982421342
2021-02-24,221.94167,240.1000036,283.8500042,0.00125,88554.16667,0.0,1.537500023,1.595833357,0.171507284,1.051890396138936,0.1509565195241806
2021-02-25,225.84167,234.6833368,285.4416709,0.001279167,88487.91667,0.0,2.162500032,1.183333351,0.171860388,1.0884050828593683,0.1387692438023994
2021-02-26,229.2125034,213.6041698,280.2833375,0.001354167,88486.66667,0.0,0.337500005,-0.616666676,0.172213492,0.7183545787541039,0.2085078900224616
2021-02-27,225.6708367,226.6500034,281.7333375,0.001095833,88151.66667,0.0,0.279166671,1.245833352,0.17256652,0.8080833693567333,0.1521061288145668
2021-02-28,229.9666701,224.7750033,281.6500042,0.001245833,88320.41667,0.0,2.195833366,0.033333334,0.17293423,0.8307465452508472,0.1742501239089436
2021-03-01,244.720837,204.3291697,278.3625041,0.001270833,89035.83333,0.0,0.162500002,-0.120833335,0.173273342,0.7320752672120386,0.2251762401968246
2021-03-02,236.7625035,226.5375034,282.5666709,0.001791667,88833.75,0.0,-0.975000015,1.866666694,0.173625732,0.8403002142273577,0.2367534337277488
2021-03-03,133.1333353,290.004171,285.4791709,0.001758333,88317.91667,0.0,0.500000007,3.270833382,0.173978831,0.833860088756657,0.1899106921001002
2021-03-04,242.920837,286.2375043,285.8125043,0.00395,88654.58333,0.0,1.170833351,0.958333348,0.174331848,1.1934492216447583,0.4188799905871789
2021-03-05,252.3875038,239.6958369,284.0916709,0.003583333,88953.75,0.0,0.291666671,0.091666668,0.174684906,0.9205916116145209,0.4276845061582433
2021-03-06,250.2208371,248.245837,288.3250043,0.002925,88608.75,0.0,-0.908333347,1.737500026,0.175052562,1.0863706944588458,0.2629014464278335
2021-03-07,249.4583371,259.3750039,287.6583376,0.003191667,88558.33333,0.0,-0.137500002,0.829166679,0.175406267,1.0271965688495628,0.2994305265752206
2021-03-08,169.9791692,326.0000049,291.0625043,0.002595833,88750.41667,0.0,0.900000013,2.345833368,0.175759302,1.194700158947459,0.1959917853722499
2021-03-09,127.1541686,357.2083387,290.2458377,0.002854167,88708.75,0.0,1.57916669,1.729166692,0.17609776,1.065238683736336,0.226911023346632
2021-03-10,250.8125037,252.0708371,285.0375042,0.002395833,88421.25,0.0,3.050000045,2.062500031,0.176450172,1.134267712168251,0.266798425738687
2021-03-11,245.233337,241.0625036,282.9916709,0.001745833,88411.66667,0.0,1.729166692,1.700000025,0.176803291,0.9253136921385372,0.2230669683934207
2021-03-12,207.7125031,303.0000045,284.0291709,0.002991667,88425.0,0.0,2.116666698,2.008333363,0.177170939,1.030915790042359,0.3564389395569862
2021-03-13,178.8291693,280.2583375,279.6833375,0.003620833,88593.75,0.800000012,3.425000051,0.829166679,0.202751801,0.8519965470998627,0.581962083645259
2021-03-14,258.0375038,264.5291706,279.6750042,0.0031,88845.41667,0.0,2.870833376,-1.295833353,0.210783854,1.125287410479117,0.4999562477324372
2021-03-15,212.3625032,261.4208372,281.5291709,0.002520833,88501.66667,0.0,1.054166682,0.995833348,0.189773081,1.231611301330704,0.3562436947195847
2021-03-16,237.1041702,271.1833374,283.7000042,0.002475,87957.08333,0.0,3.516666719,0.329166672,0.182061709,1.5467402188913848,0.2998944263963094
2021-03-17,270.4458374,227.5458367,278.7375042,0.002195833,88715.0,0.0,0.766666678,-0.21666667,0.180041146,1.3392965131953252,0.3775823017480078
2021-03-18,251.5208371,248.608337,284.5166709,0.001879167,88734.58333,0.0,0.162500002,0.533333341,0.179187249,1.6625623024477778,0.2174435968771537
2021-03-19,274.3958374,255.3041705,287.666671,0.001929167,88750.83333,0.0,0.187500003,0.616666676,0.179096287,1.959826398853904,0.1812821221988836
2021-03-20,241.1166703,270.4166707,288.916671,0.002191667,88749.58333,0.0,0.86666668,0.625000009,0.179246923,1.7537686951657054,0.189879490748095
2021-03-21,159.3500024,320.5041714,290.766671,0.003520833,88452.08333,0.0,2.650000039,0.937500014,0.179436345,1.6830883773589858,0.2699734239034008
2021-03-22,281.1291709,285.4875043,286.5333376,0.001870833,88074.58333,0.0,5.720833419,-0.975000015,0.17963848,2.606774956206268,0.1879261272390211
2021-03-23,241.3916703,242.1083369,283.1750042,0.001466667,87887.5,0.0,1.833333361,1.862500028,0.179840617,1.4961759174389389,0.1839867056101741
2021-03-24,210.3791698,311.583338,281.0125042,0.005095833,87696.66667,8.600000128,2.654166706,-1.008333348,0.181815314,34.69178958720289,0.7394029257839435
2021-03-25,252.5416704,252.1083371,281.0000042,0.004254167,88146.25,0.0,1.129166683,2.275000034,0.180792295,18.58992895265165,0.6209768545918531
2021-03-26,256.2875038,271.287504,284.9208376,0.003108333,87967.91667,0.0,2.820833375,2.66250004,0.180557014,18.483020308400047,0.3470586559854883
2021-03-27,276.1125041,304.0416712,283.5916709,0.004325,88540.83333,0.0,0.941666681,-2.045833364,0.180659331,12.804469958377732,0.5314049713914963
2021-03-28,289.566671,251.2708371,286.4125043,0.00305,89137.91667,0.0,-0.962500014,0.366666672,0.180847481,9.862641434383209,0.3125530516673229
2021-03-29,274.1541708,265.2458373,289.0000043,0.002975,88590.83333,0.0,-0.016666667,1.175000018,0.181038172,7.780878241402346,0.2559019955070218
2021-03-30,262.5458372,299.8458378,292.6958377,0.002041667,88215.0,0.0,3.920833392,2.437500036,0.181240309,7.238266055468902,0.1382018049481305
2021-03-31,292.6375044,266.787504,289.2458376,0.001725,88752.91667,0.0,0.575000009,1.341666687,0.181442444,5.608272100601332,0.1463112989879891
2021-04-01,210.7000031,300.2000045,291.916671,0.002304167,88813.75,0.0,-1.304166686,1.383333354,0.181629955,3.919962883796574,0.164923434521108
2021-04-02,292.2500044,305.4125046,292.9250044,0.003254167,88440.41667,0.0,0.079166668,1.329166686,0.181831457,5.127173153681349,0.2176889754991756
2021-04-03,296.0708377,288.0208376,292.016671,0.002925,88612.08333,0.0,0.825000012,0.637500009,0.182033592,4.279239128998508,0.2075705882402646
2021-04-04,298.7375045,292.7833377,293.5500044,0.003133333,88692.08333,0.0,0.095833335,-0.050000001,0.182235729,4.849214523782933,0.2021502361493364
2021-04-05,300.1166711,280.8000042,293.966671,0.0022375,88297.08333,0.0,1.166666684,0.637500009,0.182437864,3.328544600912139,0.1400327016687541
2021-04-06,295.7208377,277.2583375,295.3916711,0.00235,88067.91667,0.0,4.454166733,-0.979166681,0.182639998,3.3943178274334023,0.1343264838587669
2021-04-07,303.7041712,268.2458373,291.8833377,0.001825,88520.0,0.0,1.604166691,-0.579166675,0.182842136,2.8568875934021403,0.1304688092994494
2021-04-08,299.1541711,285.6125043,292.7625044,0.001508333,88461.25,0.0,1.962500029,-0.083333335,0.18304427,2.963249177673415,0.1019577129252737
2021-04-09,306.4833379,285.7000043,294.0250044,0.003208333,88227.91667,0.0,2.200000033,-1.462500022,0.183231785,2.9677907222162743,0.199908680810524
2021-04-10,312.0916713,263.2250039,291.7583377,0.001858333,88237.91667,0.0,1.304166686,0.195833336,0.183447907,2.5612692485553588,0.1334786021754459
2021-04-11,297.4375044,288.4958376,293.229171,0.002191667,88001.66667,0.0,1.370833354,0.945833347,0.183636054,2.6818159928845047,0.143134929670291
2021-04-12,304.6208379,312.2125047,294.8958377,0.00385,87911.25,0.0,1.500000022,1.704166692,0.183837556,3.002732624953919,0.2264854976537666
2021-04-13,308.7333379,293.6625044,293.529171,0.00385,88051.25,0.0,1.508333356,2.633333373,0.18403526,2.8698322371470737,0.24691257063727
2021-04-14,298.8041711,279.2958375,293.4500044,0.003383333,88172.91667,0.0,2.650000039,2.47083337,0.184235375,2.703947050578896,0.2183591082903754
2021-04-15,269.7958374,304.4958379,292.6458377,0.002254167,88180.0,0.0,3.391666717,1.745833359,0.184439697,2.7217597704258285,0.1530049957972352
2021-04-16,259.8250039,304.2083379,289.9125043,0.001979167,88137.91667,0.0,1.358333354,0.316666671,0.184484008,2.2490515064998204,0.1597089459471883
2021-04-17,303.0625045,291.5250043,288.5333376,0.001966667,88128.33333,0.0,0.86666668,-0.495833341,0.184537883,2.465290253107833,0.1734459222106855
2021-04-18,265.9458373,274.2041708,287.7958376,0.002341667,88206.66667,0.0,0.050000001,0.266666671,0.184577905,1.7983525015385533,0.2168591844948826
2021-04-19,309.6708379,304.2750045,289.566671,0.0043,88398.33333,0.0,0.583333342,-1.008333348,0.184620575,2.577723540893208,0.3558315838723449
2021-04-20,325.5250049,264.6833373,290.3750043,0.002495833,88402.08333,0.0,0.812500012,0.47083334,0.184665535,2.299618756062233,0.1961103726581688
2021-04-21,307.2416712,276.9541708,292.6375044,0.002433333,88217.5,0.0,2.2666667,3.370833384,0.184710496,2.730975498611133,0.1653228749970663
2021-04-22,304.1708379,279.9166708,292.4000044,0.0032375,88050.83333,0.0,3.295833382,3.708333389,0.184754789,2.785014861217854,0.2228446252609191
2021-04-23,323.4625048,266.9458373,289.1708376,0.003016667,88160.41667,0.0,1.712500026,0.379166672,0.184800523,2.335061611425849,0.2553925897672658
2021-04-24,325.5916715,272.8833374,289.754171,0.002966667,88493.75,0.0,0.929166681,0.775000012,0.184841008,2.4663483810330247,0.242817101772729
2021-04-25,318.7916714,274.4666708,293.6375044,0.002541667,88288.33333,0.0,1.608333357,1.975000029,0.184880761,2.7563399125763444,0.1623441312310933
2021-04-26,237.6583369,289.0333376,294.129171,0.0026625,88088.33333,0.0,1.995833363,3.250000048,0.184924123,2.446144627345845,0.1645680377940322
2021-04-27,253.8916704,317.2958381,290.0000043,0.004058333,87940.0,0.0,3.220833381,1.75833336,0.184983363,2.700129660408269,0.3249236331450839
2021-04-28,197.7958363,307.6916713,284.5541709,0.005216667,88170.83333,1.100000016,1.608333357,-1.925000029,0.185014013,2.4268370357820137,0.59829551975849
2021-04-29,305.0416712,298.1875044,285.4833376,0.0052625,88784.58333,0.0,-1.487500022,-1.316666686,0.18505802,3.806572018605332,0.5712272031678463
2021-04-30,327.8125049,293.579171,290.2000043,0.004179167,89033.33333,0.0,-1.641666691,0.404166673,0.185102666,4.748333090469048,0.334445901361637
2021-05-01,331.0875049,304.5125045,292.9083377,0.004316667,88672.5,0.0,0.754166678,0.104166668,0.185155363,5.401191605417897,0.2898256381831654
2021-05-02,335.9458383,292.666671,297.1875044,0.002808333,87996.25,0.0,3.858333391,2.750000041,0.18518829,4.7101012586247855,0.1437438991207106
2021-05-03,336.425005,280.4625042,293.291671,0.003175,87790.0,0.0,1.491666689,0.641666676,0.185233928,4.040631809273404,0.2060501572625663
2021-05-04,337.5833384,291.1958377,292.2625044,0.003354167,88394.16667,0.0,1.200000018,0.21666667,0.185281169,3.9613006352771554,0.2337898258636653
2021-05-05,336.437505,296.3125044,294.7083377,0.002995833,88563.33333,0.0,0.091666668,0.508333341,0.185325673,3.890479344557857,0.1796114568303257
2021-05-06,337.562505,300.7791711,296.5791711,0.0033125,88648.33333,0.0,-0.341666672,1.962500029,0.185362842,3.5616485199057517,0.1772366235147461
2021-05-07,340.1666717,305.8916712,297.5500044,0.00325,88546.25,0.0,0.775000012,1.879166695,0.185408277,3.399603359121498,0.1637576487064119
2021-05-08,346.8958385,270.287504,295.2166711,0.002379167,88301.25,0.0,2.191666699,1.379166687,0.185457115,3.0443587832100785,0.137829354625553
2021-05-09,342.3208384,284.8208376,294.5541711,0.0026625,88370.0,0.0,2.120833365,1.587500024,0.185502886,3.0204082468702373,0.1608036744683978
2021-05-10,344.3416718,287.0375043,295.0250044,0.0030375,88289.16667,0.0,1.483333355,2.491666704,0.185537366,3.3963277561434104,0.1780327668341526
2021-05-11,347.0041718,286.3541709,294.5250044,0.003033333,88341.25,0.0,1.033333349,2.2666667,0.185584438,3.691381704215975,0.1834715555361314
2021-05-12,348.9041719,284.0666709,294.8041711,0.0024,88581.66667,0.0,0.537500008,2.087500031,0.185633138,3.939780980998308,0.1430695337590723
2021-05-13,339.4458384,298.9708378,296.5833378,0.0021125,88741.25,0.0,-0.262500004,1.658333358,0.185674396,4.125851369075244,0.1131199161757341
2021-05-14,338.8791717,320.4958381,297.5791711,0.003191667,88503.75,0.100000001,0.250000004,1.37500002,0.185713786,4.959146724436364,0.1604581532071166
2021-05-15,342.6166718,319.2791714,297.5333378,0.0057375,88295.41667,0.0,1.745833359,2.808333375,0.185759325,5.608405183786599,0.2885668450373633
2021-05-16,349.2625052,284.1791709,296.5041711,0.0040625,88270.41667,0.0,1.204166685,2.866666709,0.185797444,5.429259772903601,0.2174300577339446
2021-05-17,347.0458385,282.9458375,293.3833377,0.003125,88235.83333,0.0,2.079166698,0.89166668,0.185847246,5.609240401635213,0.2026717542929743
2021-05-18,342.6958384,300.9291712,293.191671,0.004716667,88287.08333,0.0,1.900000028,-1.500000022,0.185884583,5.573008504857444,0.3097637126329911
2021-05-19,342.2291718,315.683338,295.3083377,0.004729167,88211.25,0.0,1.683333358,-0.279166671,0.185921766,5.529009152079901,0.272150764097011
2021-05-20,346.1958385,306.5250046,298.3416711,0.0043,88139.16667,0.0,2.920833377,1.600000024,0.185973625,5.139264084217,0.2056211766069031
2021-05-21,165.6666691,373.0708389,297.4416711,0.006166667,88216.25,0.200000003,2.600000039,3.583333387,0.186026094,3.68939322092128,0.3115960855841054
2021-05-22,345.5166718,306.0375046,295.2875044,0.005570833,88377.91667,0.0,1.358333354,4.566666735,0.186063906,5.186498616589642,0.3216038736370657
2021-05-23,358.6125053,265.7458373,292.2583377,0.001945833,88589.58333,0.0,2.2416667,0.366666672,0.186101128,4.288155079621212,0.1359626117348567
2021-05-24,360.3708387,262.0291706,292.9708377,0.001441667,88540.0,0.0,1.412500021,0.350000005,0.186138371,3.888836793868492,0.0962727831551164
2021-05-25,353.7875053,274.9875041,294.3500044,0.0016125,88594.16667,0.0,0.975000015,0.595833342,0.186190238,3.661440744434852,0.0988770242170615
2021-05-26,328.5666716,312.6125047,297.4541711,0.002741667,88649.16667,0.0,1.245833352,1.675000025,0.186228112,3.747942422143319,0.1391085724023011
2021-05-27,353.9916719,315.9875047,299.1666711,0.003220833,88601.66667,0.0,1.654166691,0.462500007,0.186279998,3.830393215710333,0.1473614286148577
2021-05-28,357.7750053,292.691671,296.5958378,0.002508333,88527.5,0.0,1.220833352,0.845833346,0.186317885,3.795339328004523,0.1338904676236567
2021-05-29,348.9541719,296.0458377,297.9833378,0.002654167,88325.41667,0.0,0.033333334,1.970833363,0.186355081,3.5916119446790025,0.1299589669601502
2021-05-30,348.8083385,300.4500045,297.4208378,0.002945833,88217.91667,0.0,1.033333349,2.262500034,0.186406961,3.791023422612564,0.149040802474087
2021-05-31,350.6458386,313.8250047,298.1541711,0.005025,88446.66667,0.0,0.483333341,2.200000033,0.18644482,3.987745148063158,0.2438616036786598
2021-06-01,336.9208384,319.5500048,298.2833378,0.003929167,88642.5,0.0,0.141666669,1.533333356,0.186482084,3.734176093507053,0.1896248286250653
2021-06-02,336.6958384,329.9000049,298.7333378,0.0048875,88483.33333,0.0,0.550000008,0.616666676,0.186519275,3.83134436513906,0.2291792479858912
2021-06-03,262.0041706,360.8708387,300.1458378,0.004933333,88397.5,0.0,0.250000004,-0.920833347,0.186571138,3.0522426633058752,0.2124528365730719
2021-06-04,170.0125025,341.2125051,300.2791711,0.003604167,88494.16667,0.0,1.229166685,-1.287500019,0.186608532,1.5339618049840529,0.1541602013461412
2021-06-05,339.3541717,319.8625048,300.7458378,0.003525,88462.5,0.0,1.391666687,-1.804166694,0.186644174,3.082368566146596,0.1466207591762839
2021-06-06,339.0708384,327.6708382,300.7708378,0.004429167,88367.91667,0.0,2.175000032,1.262500019,0.186694388,3.3785367951623906,0.1837610455355941
2021-06-07,341.1083384,314.4250047,299.4166711,0.004733333,88329.16667,0.0,1.125000017,2.650000039,0.186745242,3.666767334462183,0.2127010002751453
2021-06-08,338.587505,326.5000049,299.0250045,0.00345,88441.25,0.0,1.816666694,2.279166701,0.186781469,3.6943161763175545,0.1588995117409207
2021-06-09,338.1291717,317.0291714,298.1666711,0.003,88692.5,0.0,0.937500014,1.466666689,0.186817061,3.604806253957829,0.1458839315044698
2021-06-10,340.3375051,322.6708381,299.3375045,0.0027,88689.58333,0.0,0.845833346,0.200000003,0.186867279,3.4489999571210057,0.1224007050263963
2021-06-11,336.600005,326.8083382,300.8333378,0.004029167,88394.16667,0.0,0.412500006,-0.491666674,0.186903506,3.308722636825828,0.1666001182297301
2021-06-12,333.6083383,327.4125049,302.5083378,0.002779167,88297.91667,0.0,0.170833336,-0.508333341,0.186953721,1.5946879047398017,0.1040621948872968
2021-06-13,343.9625051,333.862505,303.8750045,0.002291667,88348.75,0.0,-0.295833338,0.029166667,0.187004574,3.3046318276387754,0.0793251822962001
2021-06-14,288.0958376,351.4083386,305.7416712,0.003691667,88464.58333,0.0,0.962500014,-0.150000002,0.187040802,2.6119106335982822,0.1149935773499434
2021-06-15,333.450005,367.2000055,305.9416712,0.005675,88452.91667,0.500000007,-0.987500015,1.387500021,0.187076393,4.894929198706276,0.1747546893586386
2021-06-16,337.2791717,362.4458387,305.3875046,0.006333333,88584.16667,0.0,-1.779166693,1.78333336,0.187167306,4.103896656096587,0.2015671452642664
2021-06-17,338.4541717,361.6125054,305.2250045,0.005216667,88384.58333,0.0,-1.887500028,1.629166691,0.187246002,3.9494181844706286,0.1671949883127168
2021-06-18,338.025005,356.879172,304.4208379,0.004404167,88216.66667,0.0,-1.641666691,1.079166683,0.187324065,3.802955788218664,0.1475180870623867
2021-06-19,335.212505,365.5041721,304.9208379,0.005941667,88060.83333,0.0,-0.308333338,0.945833347,0.187402125,3.914615705700523,0.1930575380505893
2021-06-20,334.087505,380.070839,307.4625046,0.007629166,88086.66667,0.0,1.78333336,-1.462500022,0.187494808,3.514049416845369,0.214724707275501
2021-06-21,333.8083383,370.9416722,304.6791712,0.010241666,88461.66667,0.0,2.129166698,-1.500000022,0.187573503,3.4231075681858063,0.338942420919408
2021-06-22,288.8958376,373.6333389,302.4750045,0.006858333,88482.5,0.0,1.762500026,-1.341666687,0.187651563,2.990565334485241,0.2578377587591932
2021-06-23,277.9750041,392.6583392,301.1375045,0.011425,88527.08333,7.500000112,0.24166667,0.341666672,0.187744246,50.00773180946428,0.4647198696390845
2021-06-24,318.9500048,386.3708391,298.8208378,0.0144875,88645.0,1.900000028,-0.029166667,-0.22916667,0.187822945,49.74600850849414,0.6770167748031862
2021-06-25,332.9083383,373.1916722,302.1333378,0.010541666,88424.58333,0.0,0.566666675,-0.379166672,0.187901005,30.383259099659373,0.4040197374236671
2021-06-26,338.6666717,350.3250052,302.1916712,0.0076375,88228.33333,0.0,0.137500002,-1.704166692,0.187993688,16.9054184572536,0.2910725434293135
2021-06-27,334.7041717,351.7916719,302.7541712,0.005566667,88043.75,0.0,0.829166679,-0.779166678,0.188072383,11.87401633547963,0.204886519894166
2021-06-28,329.2500049,385.6125057,301.4708378,0.008975,88118.75,0.0,-1.391666687,0.929166681,0.188150443,9.695601364633516,0.3563353221738828
2021-06-29,323.2125048,373.7541722,299.6416711,0.011033333,88423.33333,0.0,-2.279166701,1.383333354,0.188228503,6.935616054067253,0.489727676901584
2021-06-30,287.841671,394.8916726,300.1541711,0.011783333,88548.33333,0.0,-1.31250002,1.062500016,0.188321189,6.638687131628464,0.508061426929737
2021-07-01,215.2125032,408.1791727,298.8375045,0.013416666,88588.75,1.000000015,-0.416666673,0.0,0.188399885,10.092845680120096,0.6259529607551626
2021-07-02,224.5708367,409.6875061,297.5625044,0.015983333,88614.16667,3.700000055,-0.475000007,0.912500014,0.188477944,27.522050492451832,0.8053607613639678
2021-07-03,210.1125031,409.0833394,297.5541711,0.016129166,88653.33333,3.000000045,0.291666671,1.008333348,0.188570627,34.5575438547804,0.8134777340459999
2021-07-04,223.6708367,402.875006,297.4375044,0.016483333,88665.41667,0.100000001,0.795833345,-0.404166673,0.1886347,24.47216012208485,0.8373396580849205
2021-07-05,219.3000033,405.412506,299.3625045,0.016558333,88617.08333,3.700000055,0.629166676,-0.029166667,0.188726746,38.68387230662168,0.7489181480046246
2021-07-06,283.4666709,400.6916726,300.8750045,0.01595,88556.25,0.600000009,0.266666671,0.291666671,0.188805442,38.74168082634144,0.6590977916558075
2021-07-07,284.0375042,392.1166725,302.1875045,0.0148875,88465.83333,0.0,-0.808333345,1.433333355,0.188898128,23.639624670808576,0.5690427130365193
2021-07-08,300.4333378,395.7791726,303.0750045,0.013275,88499.58333,0.0,-1.129166683,1.654166691,0.188976824,17.724309110707093,0.4820702364576182
2021-07-09,302.0916712,391.3083392,303.7416712,0.01085,88573.75,0.0,-0.45833334,1.687500025,0.189054884,13.479159763289694,0.379429821366947
2021-07-10,283.5541709,407.8791727,305.6000046,0.013370833,88533.33333,1.400000021,0.737500011,-1.041666682,0.189147566,19.69588694086237,0.4201883561476968
2021-07-11,290.654171,404.2833394,299.9166711,0.015783333,88573.75,15.50000023,0.704166677,-0.758333345,0.189226262,129.72257547503617,0.6903801376453716
2021-07-12,287.579171,408.1416727,301.8958378,0.014125,88566.25,0.0,0.962500014,0.795833345,0.189304322,65.83272436363605,0.5497975506566213
2021-07-13,268.2208373,406.8250061,300.5041711,0.014766666,88660.83333,39.30000059,1.333333353,0.250000004,0.189397008,126.74928302890989,0.6244357207693692
2021-07-14,236.9625035,395.3583392,298.2208378,0.015320833,88807.08333,0.0,-0.033333334,-0.816666679,0.189475704,37.63155075024199,0.7435573409965809
2021-07-15,233.7333368,390.4000058,299.2791711,0.014695833,88800.83333,0.0,0.770833345,-0.262500004,0.189553763,25.334658683714085,0.6693750527593396
2021-07-16,190.6583362,394.6958392,297.6666711,0.015775,88700.41667,11.80000018,0.283333338,0.045833334,0.18938008,64.13274709219449,0.7906459555542056
2021-07-17,275.9541708,397.8500059,296.5500044,0.0153875,88752.5,0.600000009,-0.045833334,0.220833337,0.189195451,75.62106467177298,0.8257471754026616
2021-07-18,259.4833372,398.4875059,299.9833378,0.016179166,88891.25,3.400000051,1.504166689,-0.116666668,0.189010821,73.38262009059437,0.7074268708640156
2021-07-19,254.5041705,417.7666729,297.9250044,0.016141666,89021.66667,15.70000023,0.379166672,-0.050000001,0.188826192,115.13861477767854,0.7993976180562653
2021-07-20,276.3750041,414.5958395,299.9250045,0.0168875,88821.66667,2.900000043,-0.045833334,0.854166679,0.188641563,86.08803393775435,0.7403788455600879
2021-07-21,273.5000041,402.6458393,300.1541711,0.0165,88622.08333,1.500000022,0.158333336,2.425000036,0.188456934,68.1949602483324,0.7120222755139839
2021-07-22,259.3666705,403.962506,301.0083378,0.015279166,88736.25,0.0,0.737500011,1.116666683,0.188257682,38.27009157464312,0.6277116725265732
2021-07-23,162.9708358,402.2666727,296.9458378,0.015175,89022.5,15.40000023,1.612500024,-1.100000016,0.188087044,77.90732390091017,0.7973927926634454
2021-07-24,160.6083357,381.2000057,294.5875044,0.01575,88962.91667,12.20000018,0.295833338,-0.520833341,0.18790305,57.47398696644218,0.9556430949142484
2021-07-25,181.3375027,395.9083392,294.016671,0.0158,88866.66667,8.000000119,-0.341666672,-0.620833343,0.187722447,74.90209584515564,0.9921263060486794
2021-07-26,283.2916709,366.7500055,295.6416711,0.015275,88771.66667,0.0,0.054166667,-0.487500007,0.187541482,67.35374761837782,0.8666937371479806
2021-07-27,244.0416703,382.245839,298.1791711,0.015633333,88793.33333,0.600000009,0.65000001,0.116666668,0.187345875,46.49663506690327,0.7605095911375517
2021-07-28,266.9083373,384.1083391,296.9000044,0.0155,88920.0,1.600000024,0.512500008,-0.20416667,0.187149604,48.37037384764966,0.8158003304324349
2021-07-29,225.5208367,393.2916725,297.5958378,0.015616666,88755.83333,0.600000009,1.154166684,1.683333358,0.186967977,31.952071288316187,0.7865573798254132
2021-07-30,273.0083374,383.0416724,297.6208378,0.015020833,88795.41667,0.0,-0.900000013,1.058333349,0.186786994,27.80238287300744,0.7557424441352343
2021-07-31,272.2833374,384.4291724,297.6333378,0.015208333,88895.83333,2.200000033,0.312500005,0.291666671,0.18660601,36.7892553342522,0.7654632495304736
2021-08-01,287.729171,393.2750059,299.7875045,0.016841666,88943.33333,1.400000021,1.170833351,-0.058333334,0.186425032,37.0832039457803,0.745442830321282
2021-08-02,279.3666708,396.4041726,300.6125045,0.016691666,88958.33333,3.100000046,0.787500012,0.329166672,0.186229415,47.24516063130259,0.7036889363954678
2021-08-03,275.3958374,402.0458393,299.5125045,0.016516666,88847.91667,0.70000001,0.508333341,0.370833339,0.186047777,38.32506849547215,0.7423163307358549
2021-08-04,304.4833379,373.2916722,301.4833378,0.013695833,88541.25,0.0,0.550000008,0.658333343,0.185866783,27.79447067363843,0.5459737374315182
2021-08-05,298.7250045,387.0291724,301.8333378,0.013358333,88680.41667,0.0,-0.537500008,1.058333349,0.185685806,22.81019914077628,0.5225328604454845
2021-08-06,252.4416704,412.7125061,301.7458378,0.0149625,88696.25,0.900000013,0.295833338,0.129166669,0.185504806,23.79260447947697,0.5883921080626595
2021-08-07,286.8583376,393.5875059,298.9000045,0.016125,88627.08333,1.400000021,0.362500005,-0.887500013,0.185309206,26.742073676441517,0.749826205241725
2021-08-08,291.2250043,386.8250058,300.6583378,0.01515,88530.0,0.0,0.300000004,0.295833338,0.185127592,22.21588614891088,0.6339024378389061
2021-08-09,158.229169,410.3250061,295.9500044,0.015170833,88696.25,25.30000038,-0.225000003,-0.008333333,0.184946569,70.72272583596227,0.8439585066134843
2021-08-10,187.5583361,389.3041725,296.7375044,0.016279166,88740.41667,17.80000027,-0.758333345,0.337500005,0.18475096,73.28249721927577,0.8635667073201877
2021-08-11,224.4625033,391.6708392,295.4916711,0.0160625,88865.83333,2.900000043,0.683333344,-0.075000001,0.184569348,70.9110372412106,0.920780415496592
2021-08-12,238.3916702,378.5666723,296.2291711,0.015504166,88830.0,0.100000001,0.366666672,0.65000001,0.184373728,52.444803885382456,0.8491876844288367
2021-08-13,236.8291702,380.520839,297.1041711,0.014979166,88862.91667,0.0,0.554166675,0.666666677,0.184192078,39.51451561015308,0.7781782487289215
2021-08-14,208.7000031,403.5458393,295.0125044,0.0156375,89012.91667,6.800000101,1.208333351,-0.250000004,0.184011097,64.09869159264576,0.924764563782244
2021-08-15,210.3916698,395.7500059,295.2291711,0.016520833,88901.66667,1.900000028,-0.383333339,0.441666673,0.183830109,51.98765345062448,0.9628479916296432
2021-08-16,272.2083374,380.4125057,296.9208378,0.016391666,88536.25,0.300000004,-0.625000009,0.937500014,0.183789854,49.290049681670574,0.8579211769878886
2021-08-17,233.1583368,390.9541725,296.0083377,0.0154625,88476.66667,1.400000021,0.116666668,1.216666685,0.183755688,39.59721559328678,0.8549978638328707
2021-08-18,255.1750038,376.7375056,296.7750044,0.015575,88529.58333,0.0,0.320833338,2.079166698,0.183721571,28.0986250608452,0.8223721192842102
2021-08-19,288.4833376,364.2375054,297.4708378,0.0145125,88585.83333,0.0,0.600000009,1.98750003,0.183672803,24.535253991000392,0.7350777170287272
2021-08-20,289.8458377,352.8291719,296.9541711,0.0135625,88435.83333,0.0,-0.041666667,1.141666684,0.183638042,20.600439762588906,0.7076069498227201
2021-08-21,290.179171,350.7333386,297.3541711,0.0129625,88293.33333,0.0,-0.075000001,1.062500016,0.183618531,17.97238352606077,0.6590359030959018
2021-08-22,284.3333376,369.0375055,298.8416711,0.014266666,88255.0,0.0,-0.479166674,1.329166686,0.183570394,16.654231791201838,0.662936657936919
2021-08-23,260.6375039,375.6625056,298.3625044,0.0155625,88420.0,1.200000018,-0.804166679,1.162500017,0.183535585,18.35243695464738,0.7456187414820431
2021-08-24,264.5250039,381.5666724,296.9541711,0.014029166,88681.66667,3.500000052,-0.095833335,1.195833351,0.183501427,36.5953547269227,0.7339893637989778
2021-08-25,275.9583374,381.683339,299.4291711,0.013979166,88643.75,0.0,0.425000006,0.86666668,0.183467304,28.228056397571255,0.6299473846028951
2021-08-26,253.8166704,387.9083391,299.9791711,0.013554166,88538.33333,0.100000001,0.479166674,0.629166676,0.183433204,21.94073545771141,0.5904429055285574
2021-08-27,272.8291707,386.9708391,300.4375045,0.01335,88361.66667,0.0,-0.266666671,0.425000006,0.183399036,20.53540670798255,0.5648458975086396
2021-08-28,253.9000038,388.0208391,299.2291711,0.0123,88385.83333,1.500000022,-0.150000002,0.066666668,0.183364887,24.605701326656582,0.5592957157247823
2021-08-29,258.3541705,383.483339,298.7250045,0.013129166,88379.16667,3.700000055,0.666666677,0.104166668,0.18331806,38.953536366090006,0.6152205886785057
2021-08-30,262.4708372,394.1250059,299.4250045,0.014104166,88295.41667,1.300000019,0.441666673,1.050000016,0.183295995,38.22795791764243,0.6332399062158997
2021-08-31,200.050003,388.3916725,296.5625044,0.015375,88168.33333,1.400000021,0.800000012,-0.066666668,0.183262468,26.12947406248983,0.819021981468745
2021-09-01,184.4458361,396.8250059,294.6416711,0.016329166,88169.58333,16.60000025,0.133333335,-0.67500001,0.183213704,77.28862863508523,0.978666018676274
2021-09-02,254.5333371,369.6916722,296.0750044,0.0148375,88455.41667,0.0,-0.308333338,-0.516666674,0.183178939,60.06258288759123,0.8169045822593407
2021-09-03,268.1833373,367.5791721,296.8416711,0.013716666,88483.33333,0.0,0.333333338,-0.483333341,0.183144796,48.31207384434517,0.7209447499541326
2021-09-04,261.6666706,382.108339,299.2916711,0.0146375,88472.91667,0.0,-0.65000001,0.966666681,0.183110651,37.72346044462127,0.6637610151241461
2021-09-05,197.987503,388.6375058,298.4250044,0.01535,88566.66667,5.500000082,-0.200000003,1.304166686,0.183076527,46.47847166208368,0.7338978692000209
2021-09-06,261.8416706,383.7708391,295.9583377,0.014695833,88797.08333,2.800000042,0.408333339,0.600000009,0.183042409,60.962815921891526,0.8180462713061928
2021-09-07,265.5166706,378.6000056,297.9541711,0.014916666,88655.83333,0.0,-0.054166667,-0.358333339,0.183008272,42.71244932865793,0.7344031616500625
2021-09-08,267.700004,369.6000055,298.8083378,0.013591666,88617.08333,0.200000003,-0.704166677,1.616666691,0.182974153,32.31954779444284,0.6354287092277342
2021-09-09,269.3416707,355.7583386,299.3125045,0.010020833,88719.58333,0.0,-0.91666668,1.695833359,0.182939995,24.7115227859825,0.4551119429572571
2021-09-10,265.9791706,360.8083387,298.3625044,0.009333333,88785.0,0.0,-0.145833336,1.429166688,0.182891225,19.94126459284616,0.4490175344217298
2021-09-11,264.1458373,368.6916722,297.8000044,0.0104,88838.33333,0.0,0.212500003,1.220833352,0.182871088,17.05843825962222,0.517876018385665
2021-09-12,265.0916706,359.1125054,297.5208378,0.009233333,88710.41667,0.0,0.154166669,0.970833348,0.182822943,14.577327511602435,0.466924715305308
2021-09-13,265.3041706,347.2250052,297.6958378,0.008454166,88556.25,0.0,0.512500008,0.579166675,0.182788115,12.324886827526315,0.422291348182842
2021-09-14,262.0166706,346.8958385,298.5833378,0.010333333,88508.33333,0.0,-0.025,-0.312500005,0.182753927,10.828636701639162,0.4890527494653208
2021-09-15,262.6791706,339.7958384,297.5458378,0.008375,88492.5,0.0,0.100000001,-0.408333339,0.182719809,9.733813354270309,0.4218409258986866
2021-09-16,259.4375039,338.9208384,297.2375044,0.007829166,88375.0,0.0,0.44583334,0.666666677,0.182578525,9.03184062615611,0.4012413780076745
2021-09-17,252.2708371,360.7083387,298.6541711,0.009691666,88599.58333,0.0,0.429166673,0.041666667,0.182447112,9.022877876722536,0.4572114398396126
2021-09-18,231.9541701,368.8000055,297.2750044,0.011725,88788.33333,0.300000004,0.116666668,1.083333349,0.182301735,8.802303378807498,0.6023417568106443
2021-09-19,239.0583369,377.5125056,296.2583377,0.014341666,88623.75,0.800000012,0.437500007,0.250000004,0.182155785,11.81960223861704,0.7822976098687886
2021-09-20,251.9708371,354.754172,296.4625044,0.011629166,88555.0,0.0,0.275000004,0.195833336,0.182009755,10.1600368772673,0.6260015672439756
2021-09-21,251.7458371,344.7666718,295.8625044,0.008829166,88992.91667,0.0,0.65000001,-0.079166668,0.181863737,8.612691728254044,0.4954588717346698
2021-09-22,247.7666704,337.087505,296.6083378,0.007529166,89200.83333,0.0,-0.558333342,0.858333346,0.181717631,7.580184526181467,0.4046425359776244
2021-09-23,171.7083359,361.4125054,292.779171,0.008929166,88809.16667,2.300000034,0.050000001,1.31250002,0.181587426,10.846498121656616,0.6053192362345187
2021-09-24,219.4625033,366.0333388,292.0125044,0.011533333,88674.58333,0.0,0.416666673,0.841666679,0.181427263,11.646257479358866,0.8192475641762824
2021-09-25,211.3708365,355.6458386,294.4375044,0.0110625,88735.83333,1.900000028,0.408333339,0.929166681,0.181292232,16.153386433339747,0.6757551133886537
2021-09-26,176.2416693,358.141672,291.529171,0.012029166,88774.16667,3.200000048,0.595833342,-0.625000009,0.181141958,21.3168226714829,0.8819681164263187
2021-09-27,201.775003,334.7333383,289.2125043,0.010266666,88737.5,0.300000004,0.520833341,1.137500017,0.181002164,16.81644246912378,0.872522119697915
2021-09-28,233.9291702,350.3458386,292.5458377,0.010845833,88489.16667,0.200000003,0.416666673,1.445833355,0.180861427,18.66405811289925,0.7434130358152609
2021-09-29,221.6208366,322.5125048,293.1458377,0.009041666,88350.83333,0.400000006,-0.020833334,1.270833352,0.180717726,13.739366283133393,0.5959391025496193
2021-09-30,169.5458359,343.7458385,291.4833377,0.009491666,88484.16667,1.100000016,-0.025,0.679166677,0.180577517,12.742381992220302,0.6956642989926108
2021-10-01,241.2166703,316.3791714,289.791671,0.008804166,88700.41667,0.100000001,0.437500007,0.350000005,0.180423725,14.254706973065137,0.720552896009125
2021-10-02,243.2916703,302.0375045,291.4125043,0.0080375,88824.58333,0.0,0.179166669,0.279166671,0.180282379,11.062878641088098,0.5940123741161084
2021-10-03,241.8458369,307.6375046,292.6333377,0.008329166,88761.66667,0.0,0.137500002,1.137500017,0.180139729,8.589935744345034,0.5695308373252991
2021-10-04,234.4041702,331.1916716,294.2833377,0.00875,88730.83333,0.0,-0.68750001,1.425000021,0.180003124,8.297340878083077,0.539594330670195
2021-10-05,190.6041695,361.216672,294.7916711,0.011575,88624.58333,0.200000003,-0.608333342,0.487500007,0.17985568,7.497567630178843,0.6908797139486225
2021-10-06,232.2625035,345.4833385,293.6958377,0.0101875,88627.5,0.70000001,0.579166675,0.529166675,0.179718537,10.1449438676227,0.6508378937318156
2021-10-07,215.1958365,322.1000048,292.3583377,0.006545833,88690.41667,0.0,0.829166679,1.733333359,0.179559019,6.949908824899156,0.4550289371233242
2021-10-08,227.4875034,324.2041715,293.6333377,0.006704166,88724.58333,0.0,0.812500012,2.2041667,0.17943379,6.978193036800289,0.430443435515843
2021-10-09,227.9041701,320.6375048,294.1666711,0.0067625,88548.33333,0.0,1.529166689,1.345833353,0.179280678,6.216295513228477,0.4191935286154137
2021-10-10,236.2083369,287.7625043,291.241671,0.005245833,88420.83333,0.0,1.695833359,-0.737500011,0.179131356,4.964165334119665,0.3901367770485995
2021-10-11,228.6000034,271.700004,287.5583376,0.004329167,88182.91667,0.0,0.683333344,1.737500026,0.17898553,3.933335093842643,0.407075824557549
2021-10-12,228.2166701,282.9375042,290.804171,0.005754167,87733.75,0.0,2.295833368,3.633333387,0.178854472,4.668911249740514,0.4365953690697074
2021-10-13,230.3833368,253.2916704,283.0041709,0.003595833,88203.33333,0.0,0.837500012,-0.795833345,0.178709423,2.8228740079094115,0.4579724911110706
2021-10-14,229.1291701,255.6250038,284.7833376,0.003529167,88402.91667,0.0,-0.195833336,-1.058333349,0.178563742,2.758825799037484,0.3996489155337281
2021-10-15,229.6208368,250.2625037,285.6500043,0.003570833,88830.0,0.0,0.0125,0.325000005,0.178410346,2.4526652595094287,0.3835317119080935
2021-10-16,207.3875031,281.5208375,290.1958377,0.0041625,88925.0,0.0,-1.191666684,0.983333348,0.17832416,2.6815059858399053,0.3327955088882045
2021-10-17,209.4416698,298.9291711,292.2833377,0.0055875,88817.08333,0.0,-0.050000001,1.708333359,0.178255534,2.938455417472515,0.3908063831748616
2021-10-18,215.4458365,315.5625047,292.1000044,0.006116667,88499.58333,0.0,1.31250002,2.462500037,0.178169361,3.5915713897619685,0.4312413130071451
2021-10-19,214.4125032,294.3708377,291.191671,0.00745,88418.75,0.0,-0.375000006,1.608333357,0.178096824,2.5924490158016917,0.555811055685695
2021-10-20,214.3666699,289.216671,288.2000043,0.0052375,88792.5,0.0,0.533333341,1.225000018,0.178010292,2.580046273015929,0.4755751652116854
2021-10-21,212.5625032,292.2833377,289.741671,0.005008333,88955.83333,0.0,0.245833337,1.062500016,0.177937744,2.556371940535371,0.4123957665678173
2021-10-22,208.0000031,299.1583378,290.704171,0.005329167,88719.16667,0.0,0.441666673,1.050000016,0.177851211,2.571056398238333,0.411504170367159
2021-10-23,210.9291698,289.329171,289.8833377,0.005545833,88342.5,0.0,1.279166686,1.387500021,0.177778662,2.6006753931711333,0.4494000896606832
2021-10-24,204.612503,294.9250044,291.0125043,0.00605,88327.08333,0.0,0.900000013,1.083333349,0.17769213,2.4037235087772384,0.4560585900771852
2021-10-25,203.5708364,306.9166712,290.941671,0.006583333,88481.25,0.0,0.462500007,1.595833357,0.177619585,2.6194521360877285,0.4993732896061171
2021-10-26,204.112503,292.616671,291.0500043,0.006708333,88280.0,0.0,2.579166705,0.437500007,0.177533049,2.588761047051926,0.5042115265405274
2021-10-27,205.8250031,250.5208371,283.8208376,0.003520833,88814.58333,0.0,0.616666676,-0.42083334,0.177460504,1.6136829594448052,0.4272830502842252
2021-10-28,203.875003,266.925004,285.6583376,0.003291667,88856.25,0.0,-0.704166677,0.712500011,0.177373953,1.9416511200828035,0.353456331014544
2021-10-29,201.7791697,278.0291708,288.5750043,0.003595833,88730.41667,0.0,-0.266666671,0.837500012,0.177292529,2.0088575101111656,0.3184317401647401
2021-10-30,198.937503,283.6458376,289.3833376,0.004454167,88562.91667,0.0,0.220833337,2.029166697,0.177211471,2.40244913112487,0.3736591928078129
2021-10-31,196.2625029,282.1958375,288.8125043,0.004379167,88590.83333,0.0,0.679166677,1.800000027,0.177143186,2.284208336146506,0.3812797202672702
2021-11-01,190.0541695,278.6708375,288.816671,0.004666667,88802.08333,0.0,0.845833346,1.933333362,0.177051918,2.140622918814422,0.4071704776633357
2021-11-02,184.2000027,279.2833375,286.8666709,0.00395,88968.33333,0.0,0.137500002,0.633333343,0.176974247,1.6581809525601945,0.3921091317994924
2021-11-03,188.4750028,267.9833373,286.5625043,0.003666667,88845.0,0.0,0.329166672,0.666666677,0.176897215,1.568195459707261,0.3708270139741721
2021-11-04,186.5458361,267.7166707,287.3500043,0.003795833,88751.25,0.0,-0.175000003,0.550000008,0.176820183,1.430755842654869,0.3641553707991236
2021-11-05,184.6041694,272.9625041,287.8083376,0.004558333,88732.08333,0.0,-0.429166673,0.870833346,0.176743148,1.5786983025347638,0.4243105874006462
2021-11-06,182.6083361,288.3625043,288.554171,0.004383333,88839.16667,0.0,0.075000001,1.204166685,0.176651494,1.9119814047314805,0.389170490856526
2021-11-07,171.7333359,289.2958376,288.904171,0.004554167,88795.41667,0.0,0.087500001,1.983333363,0.176588449,1.9998234859832011,0.3950824060673574
2021-11-08,154.5208356,322.9833381,288.729171,0.0049625,88830.0,0.0,0.133333335,2.100000031,0.176497427,2.2615873733563427,0.4355783978445687
2021-11-09,177.7750026,282.9166709,286.9375043,0.003929167,89007.91667,0.0,0.300000004,1.600000024,0.176419759,1.899331907897524,0.3884027416397737
2021-11-10,176.433336,268.9791707,286.5708376,0.004375,88825.0,0.0,-0.016666667,-0.437500007,0.176342728,1.175214253021171,0.4421216109860184
2021-11-11,176.4791693,270.7541707,286.1666709,0.004458333,88792.08333,0.0,0.212500003,0.537500008,0.17625107,1.197696864410603,0.4625488537121092
2021-11-12,178.145836,256.3291705,286.1791709,0.003691667,88928.33333,0.0,0.308333338,0.583333342,0.176173402,0.9843165866959928,0.3832787577943387
2021-11-13,176.1541693,260.9083372,286.3500043,0.003308333,89013.75,0.0,-0.20416667,1.129166683,0.176096371,1.136397826295314,0.3399528209431838
2021-11-14,174.4708359,264.7583373,286.8375043,0.0032375,89063.75,0.0,0.104166668,1.066666683,0.176019336,1.0742533038780588,0.3223426467152788
2021-11-15,173.5458359,265.6083373,286.2833376,0.003179167,89072.91667,0.0,-0.087500001,1.066666683,0.175942304,1.0131636554438437,0.3283391318974092
2021-11-16,172.1125026,259.8041705,286.0916709,0.003420833,88760.83333,0.0,1.066666683,0.991666681,0.175750641,0.9424214072931614,0.356547626632309
2021-11-17,158.4958357,266.0333373,284.6916709,0.003616667,88563.33333,0.0,0.195833336,1.137500017,0.175539371,0.744922036936348,0.4128230861078376
2021-11-18,169.8666692,256.7291705,283.6750042,0.003379167,88960.41667,0.0,-0.970833348,1.137500017,0.175342088,0.8067401077138731,0.4148211963336755
2021-11-19,159.9833357,262.9250039,285.4250043,0.003283333,89029.58333,0.0,-0.279166671,0.887500013,0.175130815,0.6949455165168612,0.3587670129682566
2021-11-20,159.4000024,276.9166708,285.3916709,0.004066667,88777.08333,0.0,0.775000012,1.366666687,0.174933532,0.8912958000942034,0.4440842511508067
2021-11-21,153.329169,285.6041709,286.0791709,0.004241667,88887.91667,0.0,-0.395833339,1.416666688,0.174736885,0.9016802662055444,0.4431009055757126
2021-11-22,143.1958355,305.9333379,287.7708376,0.004108333,89171.25,0.0,-0.020833334,0.725000011,0.174525615,0.881687667144066,0.3852566448742314
2021-11-23,147.8583355,312.6791713,287.4041709,0.0049,88758.75,0.0,0.366666672,1.029166682,0.174328333,1.0373949616134384,0.4684601044622719
2021-11-24,134.112502,324.6500048,288.0500043,0.0071125,88505.41667,0.400000006,0.683333344,0.304166671,0.174131686,1.2320381666504798,0.6500543094549303
2021-11-25,59.46666755,330.2958383,284.5333376,0.007229166,89050.0,0.600000009,-0.925000014,0.579166675,0.173935035,0.5711013050435731,0.838543663781041
2021-11-26,152.4916689,276.2041708,281.2458375,0.00525,89138.75,0.0,-0.045833334,1.570833357,0.173723765,0.9791480214364195,0.7619591769192045
2021-11-27,156.5458357,280.2041708,282.0125042,0.005066667,88825.41667,0.0,0.504166674,-0.200000003,0.173526483,1.3329302080857637,0.6952397063260473
2021-11-28,157.916669,253.9166705,282.8500042,0.004683333,89146.25,0.0,-0.962500014,1.558333357,0.173329836,0.8308339241605678,0.6091940090095456
2021-11-29,157.304169,256.0250038,283.7416709,0.004391667,89045.83333,0.0,-0.462500007,1.220833352,0.173118566,0.8476521272776157,0.5372117844535478
2021-11-30,154.2458356,267.2458373,283.8250042,0.005108333,88790.0,0.0,-0.245833337,1.320833353,0.172921283,0.8524523051956703,0.6195941820546607
2021-12-01,140.2791688,287.1125043,284.8250042,0.004658333,88937.91667,0.0,-1.104166683,0.333333338,0.17271001,0.9609981048332472,0.5292344725326006
2021-12-02,153.4875023,287.9500043,286.5666709,0.005916667,88945.83333,0.0,0.137500002,1.154166684,0.172512727,0.9980382380654176,0.5988946332028641
2021-12-03,142.4833355,281.2666709,284.7500042,0.005129167,88764.58333,0.0,0.033333334,2.058333364,0.17231608,0.874395109103386,0.5845128250408982
2021-12-04,129.7541686,289.5083376,283.8708376,0.003679167,88744.16667,0.0,0.079166668,1.845833361,0.17210481,0.9290065294230034,0.4446445190665003
2021-12-05,154.8375023,291.166671,283.1875042,0.004058333,88623.33333,0.0,0.987500015,0.520833341,0.171907527,1.0662072117554615,0.5129275330179573
2021-12-06,156.0083357,254.4166705,282.6416709,0.003904167,88719.58333,0.0,0.0,1.466666689,0.171710877,0.7102290919621397,0.5126171500477504
2021-12-07,155.491669,253.0291704,285.5125043,0.003729167,88517.5,0.0,0.537500008,1.841666694,0.171499607,0.8134918760973608,0.402789804114498
2021-12-08,137.6000021,258.9291705,283.1250042,0.0037625,88565.41667,0.0,0.66250001,1.445833355,0.171302324,0.618311281012699,0.4772424924400487
2021-12-09,128.1333352,275.7166708,282.8375042,0.003766667,88409.58333,0.0,1.083333349,1.400000021,0.171105677,0.6929269055924648,0.4863205794737779
2021-12-10,102.8000015,308.4833379,284.4708376,0.006216667,88302.91667,2.200000033,1.295833353,1.54166669,0.170894407,2.025927811692495,0.7180495919917174
2021-12-11,153.1583356,254.1833371,279.9791708,0.005258333,88883.75,0.0,-0.570833342,-0.087500001,0.170697125,1.8223382343360868,0.8306399411150459
2021-12-12,154.2583356,237.6791702,280.3458375,0.004629167,88766.66667,0.0,-1.075000016,1.150000017,0.170500474,1.0397697264534052,0.7119406692869613
2021-12-13,140.0916688,268.962504,283.8625042,0.004975,88778.33333,0.0,-0.22916667,1.904166695,0.170289204,1.3422825939807868,0.6018210604683479
2021-12-14,61.38333425,326.2916715,287.5833376,0.005404167,88807.91667,0.0,0.795833345,2.400000036,0.170091921,1.1506029694828632,0.5109252687506648
2021-12-15,149.7583356,271.9458374,285.1958376,0.006491667,88601.66667,0.0,-0.579166675,-1.283333352,0.169880651,1.0524615743917394,0.7167782619279665
2021-12-16,148.0541689,252.1083371,279.2916708,0.005225,88670.83333,0.0,0.275000004,0.125000002,0.169633434,1.0386956381225625,0.8638152421292541
2021-12-17,142.4791688,261.4500039,279.7041708,0.004791667,88373.33333,0.0,0.200000003,-0.883333346,0.169384682,0.760750524112632,0.7671152776133604
2021-12-18,154.379169,225.87917,277.4166708,0.003829167,88725.83333,0.0,-0.033333334,-0.300000004,0.169135929,0.5946100834673209,0.7228895688282111
2021-12-19,151.7000023,244.0625036,279.7166708,0.003691667,88865.83333,0.0,0.404166673,-0.220833337,0.168887177,0.6658687534951115,0.5937887283585215
2021-12-20,153.9583356,236.8958369,278.5500042,0.003920833,89022.08333,0.0,0.045833334,0.620833343,0.168638424,0.5302848526332888,0.6855101774686472
2021-12-21,125.6583352,274.0791708,280.1291708,0.003416667,88985.41667,0.0,-0.025,1.066666683,0.168389668,0.6378586246977989,0.5347352622982571
2021-12-22,144.7958355,295.6708377,283.4875042,0.003191667,88795.41667,0.0,0.333333338,1.441666688,0.168140915,1.0734165918218217,0.3960573880769352
2021-12-23,128.8541686,312.483338,285.7458376,0.003204167,88676.25,0.0,0.208333336,1.608333357,0.167892163,1.154578746676134,0.3413762925299087
2021-12-24,51.32916743,335.5458383,287.9208376,0.007720833,88399.58333,0.400000006,2.858333376,2.187500033,0.16764341,0.5710997645747018,0.7107648022125023
2021-12-25,133.0416686,308.6750046,286.7083376,0.006533333,88430.0,0.0,-0.058333334,0.750000011,0.167394658,1.2037393755484604,0.6513749345443679
2021-12-26,131.7333353,308.8625046,286.9208376,0.003175,88433.33333,0.0,0.979166681,1.395833354,0.167145905,1.450053861807531,0.3121679927175073
2021-12-27,79.24583451,314.070838,279.5291708,0.003608333,88347.08333,0.100000001,0.716666677,0.870833346,0.166897153,0.731500805979785,0.5845879457886249
2021-12-28,141.1708354,267.512504,279.0541708,0.004141667,87988.75,0.100000001,0.366666672,1.78333336,0.166654122,0.6892771177872059,0.6908328748266229
2021-12-29,137.0208354,276.7291708,280.9208375,0.004266667,88041.66667,0.0,1.729166692,2.837500042,0.166411092,0.7480359756043073,0.6254671827595129
2021-12-30,75.75833446,290.6458377,277.6875041,0.004408333,88363.75,0.100000001,-0.20416667,1.570833357,0.166150895,0.2903840779088905,0.8130644169174382
2021-12-31,72.09583441,339.1541717,282.3375042,0.006991666,87893.75,6.100000091,-0.154166669,3.12083338,0.165902142,8.071904857332807,0.9284924847725656
2022-01-01,111.395835,300.6750045,280.2250042,0.005608333,87925.83333,4.900000073,4.137500062,1.433333355,0.16941341,20.454225154064552,0.8615481477245446
2022-01-02,158.216669,193.9125029,274.4541708,0.002833333,89297.5,0.0,0.483333341,0.112500002,0.167173385,4.310448535886114,0.6660961599240016
2022-01-03,154.8708356,206.7833364,276.1291708,0.00325,89184.16667,0.0,-0.154166669,0.941666681,0.166607374,5.20996885697896,0.6760825978488877
2022-01-04,154.916669,217.8041699,277.1375041,0.003508333,89094.16667,0.0,0.062500001,1.008333348,0.165962528,5.33351776290909,0.6783989069431926
2022-01-05,154.0250023,236.7750035,279.3250042,0.0028,88800.83333,0.0,0.100000001,0.158333336,0.165275721,5.191859265598269,0.4625056946922712
2022-01-06,154.329169,242.7041703,280.2000042,0.003729167,88591.66667,0.0,-0.054166667,0.387500006,0.164738323,4.870641258751659,0.5782120794468548
2022-01-07,155.466669,243.7625036,281.7166709,0.004325,88362.08333,0.0,0.695833344,1.829166694,0.164315366,4.383848753617898,0.6024483253180222
2022-01-08,102.5166682,276.9666708,284.6375042,0.004154167,88361.66667,0.0,0.416666673,1.829166694,0.163968703,3.2792871039502245,0.4748135204939935
2022-01-09,150.6250022,272.7750041,282.0375042,0.004445833,89027.5,0.0,-0.366666672,1.141666684,0.16367926,3.605835664266257,0.6103939159118779
2022-01-10,155.3875023,251.6583371,281.5625042,0.004720833,89520.83333,0.0,-1.204166685,0.86666668,0.163415249,2.1028718904916714,0.6732883399226758
2022-01-11,154.741669,238.6625036,278.7250042,0.0040125,89434.16667,0.0,-0.0125,0.837500012,0.163163318,1.639327249262152,0.6961695149726977
2022-01-12,161.9208357,233.8250035,279.3041708,0.003579167,89397.91667,0.0,-0.179166669,0.708333344,0.162901849,1.5493135917522394,0.596051375560098
2022-01-13,164.2208358,225.89167,279.2708375,0.003316667,89283.33333,0.0,0.608333342,1.245833352,0.162653097,1.1443844180703495,0.5529152100522502
2022-01-14,86.35000129,274.4666708,281.0583375,0.002995833,88850.0,0.0,-0.133333335,0.187500003,0.162404344,0.5665659626804307,0.4390221003245551
2022-01-15,155.716669,254.4958371,281.9916709,0.0029,88993.75,0.0,-1.154166684,-0.408333339,0.162155592,1.3700756339556883,0.3992555589966303
2022-01-16,164.3916691,239.1250036,280.5208375,0.0025625,88972.91667,0.0,0.129166669,0.600000009,0.162343259,1.1930142954814116,0.3902563639017348
2022-01-17,139.3083354,275.2708374,281.5541709,0.003691667,88680.0,0.0,0.491666674,1.575000023,0.162535281,1.0593805643910974,0.5218610067246107
2022-01-18,92.17916804,298.9208378,283.4125042,0.006420833,88590.0,2.300000034,0.325000005,1.545833356,0.162741288,2.0773126547628817,0.7989629194154451
2022-01-19,155.3708356,278.6666708,281.8666709,0.006141667,88613.33333,0.100000001,0.0125,-0.016666667,0.16293331,5.045499298999846,0.8491650439183513
2022-01-20,164.2125024,298.4208378,280.1916708,0.005533333,88881.25,0.0,0.42083334,-0.408333339,0.16313932,4.141348301143268,0.8612525401856836
2022-01-21,169.9875025,237.4250035,279.1500042,0.003983333,88787.91667,0.0,0.22916667,0.883333346,0.163345962,1.664776504358963,0.6659741380217084
2022-01-22,155.779169,241.4041703,280.8625042,0.0033875,88239.58333,0.0,0.362500005,2.341666702,0.163537984,1.282669142348118,0.4997098771879256
2022-01-23,109.1000016,287.529171,280.7750042,0.005445833,88600.0,0.200000003,0.525000008,0.070833334,0.16374399,1.331441341052369,0.8115144909529983
2022-01-24,170.7875025,245.2500037,278.9708375,0.004291667,88602.08333,0.0,0.70000001,-0.416666673,0.163936013,1.270375615785201,0.7250637998836748
2022-01-25,167.4708358,236.9666702,279.6625042,0.003420833,88382.91667,0.0,0.408333339,1.300000019,0.164142023,0.906092927078403,0.5493052689459917
2022-01-26,176.7666693,232.4750035,279.7166708,0.003079167,88603.75,0.0,0.391666673,0.950000014,0.164334042,0.9078920001722476,0.4938100891505385
2022-01-27,180.1000027,229.6083368,278.7541708,0.0026625,88785.41667,0.0,0.170833336,-0.24166667,0.164540051,1.0786907024600718,0.4576550723291686
2022-01-28,177.0750026,219.6666699,279.3333375,0.002541667,89316.66667,0.0,-1.091666683,0.679166677,0.164746693,0.5982811807927595,0.4220270344492339
2022-01-29,179.0125027,247.6625037,280.4833375,0.002945833,89178.33333,0.0,-0.187500003,0.545833341,0.164938716,0.8883687034509273,0.4508404363542985
2022-01-30,124.3250019,288.191671,283.0250042,0.0034625,88593.75,0.0,0.637500009,-0.283333338,0.165144722,0.6789794336749071,0.4423176983576405
2022-01-31,182.5791694,235.6583368,280.1500042,0.002916667,88716.66667,0.0,0.733333344,0.179166669,0.165336744,0.598428349380185,0.454445032682135
2022-02-01,79.59583452,280.0791708,280.7583375,0.003033333,88182.5,0.0,0.200000003,1.370833354,0.165542754,0.2625698030452003,0.45040227924155
2022-02-02,108.3916683,319.6375048,282.8000042,0.003270833,87766.66667,0.600000009,1.691666692,1.912500028,0.165734773,1.0249025781577177,0.4203005801880601
2022-02-03,188.9125028,201.8291697,272.6208374,0.001645833,88432.91667,0.0,0.125000002,-0.575000009,0.165940783,0.6598387469521549,0.4383266442854662
2022-02-04,192.7958362,195.2416696,274.3625041,0.001691667,89417.5,0.0,-0.833333346,0.079166668,0.166132802,0.4392104420046638,0.400899836792282
2022-02-05,194.5125029,193.0875029,275.2375041,0.001645833,89435.41667,0.0,0.195833336,0.820833346,0.166338811,0.4456952004700131,0.3661150785597646
2022-02-06,193.0291695,219.7708366,277.4333375,0.002220833,88892.08333,0.0,0.454166673,0.183333336,0.166530834,0.7197771276748431,0.4195490145640959
2022-02-07,192.6625029,223.1000033,280.8208375,0.002391667,89255.83333,0.0,-0.120833335,0.408333339,0.16673684,0.7169864366813675,0.3578997065169582
2022-02-08,196.6291696,219.7625033,279.0708375,0.002495833,89172.08333,0.0,0.475000007,0.770833345,0.166943486,0.6210958230556088,0.4214132578347897
2022-02-09,198.0166696,225.0208367,280.9375042,0.002070833,88803.75,0.0,0.450000007,0.20416667,0.167135505,0.7363658373712976,0.3058473542558222
2022-02-10,198.025003,233.1291701,280.7416709,0.0020375,88656.25,0.0,0.358333339,1.175000018,0.167341514,0.7701534293425581,0.3045123897126024
2022-02-11,198.9791696,242.3958369,281.8791709,0.00245,88582.08333,0.0,0.487500007,0.266666671,0.167533537,0.8709266803628894,0.3383352459310429
2022-02-12,203.3583364,235.1291702,284.1708376,0.002720833,88860.41667,0.0,0.316666671,0.016666667,0.167739543,0.7954577104252951,0.3226801945152541
2022-02-13,205.2791697,230.9000034,282.8833375,0.002875,89340.83333,0.0,-0.612500009,0.637500009,0.167931566,0.7884347477540059,0.3739406538208443
2022-02-14,208.9791698,225.5875034,282.5500042,0.002058333,89040.41667,0.0,0.375000006,1.370833354,0.168137572,0.8768655561562599,0.2729332138464233
2022-02-15,206.6333364,231.7166701,284.6458376,0.00145,88311.25,0.0,0.745833344,3.420833384,0.168329594,1.3653348272235055,0.1655453942302237
2022-02-16,148.0791689,270.8083374,282.6083375,0.003091667,87887.5,1.300000019,-0.170833336,1.937500029,0.169410416,1.7861939119762054,0.4030414228379756
2022-02-17,168.5666692,261.4333372,276.9333375,0.004091667,88719.16667,0.0,0.266666671,0.050000001,0.171921475,2.045218877960441,0.7994068149969622
2022-02-18,212.4583365,225.41667,278.0416708,0.002783333,89134.58333,0.0,0.695833344,-0.479166674,0.171122013,1.4926140925533111,0.5050198923612076
2022-02-19,214.8291699,226.3708367,281.0208375,0.002375,88952.5,0.0,-0.329166672,0.900000013,0.170663327,1.532860235513057,0.3493455819877781
2022-02-20,216.3250032,229.5500034,283.5375042,0.002445833,88552.5,0.0,0.900000013,1.775000026,0.170471673,1.5368699397393646,0.301655559197843
2022-02-21,159.3708357,268.0083373,284.6250042,0.0026625,88211.25,0.0,2.408333369,2.750000041,0.17056421,1.4820007345433897,0.3040549549883315
2022-02-22,194.8916696,254.2916705,282.1708375,0.004083333,88287.08333,0.0,0.779166678,2.670833373,0.17082951,1.0743177151933907,0.5509214012777783
2022-02-23,196.5375029,261.9875039,284.7125042,0.0031875,88092.91667,0.0,1.270833352,4.95416674,0.171169636,1.5239132648663702,0.3613995320887774
2022-02-24,212.8958365,285.2458376,277.8041708,0.003625,88535.83333,0.400000006,2.041666697,-1.112500017,0.173585133,1.1818379629706666,0.6643794513483594
2022-02-25,223.2875033,231.0208368,278.8166708,0.0024625,88732.5,0.0,0.404166673,0.179166669,0.173070406,1.446134655915701,0.421173177553849
2022-02-26,226.2708367,222.14167,279.9666708,0.003304167,88872.91667,0.0,0.283333338,-0.808333345,0.172542306,1.013933158782791,0.5223373912101792
2022-02-27,228.8791701,216.3791699,280.6250042,0.002683333,89263.33333,0.0,-0.20416667,0.437500007,0.172660098,1.0503856224932702,0.4070492565292266
2022-02-28,195.0166696,276.4333375,286.0458376,0.002120833,88927.08333,0.0,0.029166667,0.237500004,0.172946331,1.4399854594450248,0.2221372849836091
2022-03-01,238.5416702,295.3833377,285.6083376,0.002508333,88697.5,0.0,-0.112500002,0.641666676,0.17327333,1.8724685267136976,0.269755201617091
2022-03-02,240.6416703,257.5250038,287.2375043,0.002808333,88731.25,0.0,0.187500003,0.66250001,0.173625662,1.3342931651561083,0.2713504264996259
2022-03-03,207.7958364,299.9916711,289.0125043,0.002558333,88590.0,0.0,0.137500002,2.387500036,0.17397867,1.524314260669561,0.2198816239021614
2022-03-04,241.8750036,303.5000045,289.2000043,0.0039625,88381.66667,0.0,0.970833348,5.316666746,0.174331776,1.870226681522488,0.3356769212043734
2022-03-05,245.8625037,247.9666704,283.4333376,0.003829167,88391.66667,0.0,1.920833362,2.66250004,0.174684813,1.0346182801443036,0.4747388542054855
2022-03-06,250.3666704,243.9750036,282.8416709,0.003183333,88444.58333,0.0,1.420833355,0.412500006,0.175052581,1.0117615893477194,0.4110517736454008
2022-03-07,244.6000036,223.6750033,278.5958375,0.002208333,88759.58333,0.0,0.958333348,-1.020833349,0.175406266,0.7481215236535412,0.3837231155914599
2022-03-08,257.7708372,217.5166699,279.3916708,0.002154167,88527.91667,0.0,1.262500019,-0.883333346,0.175759271,0.8520401755699308,0.3530847277036267
2022-03-09,258.0208372,218.0083366,279.7333375,0.001908333,88256.66667,0.0,0.541666675,-0.21666667,0.176097635,0.9633840249311544,0.3044893776521212
2022-03-10,255.2833371,233.9708368,282.7750042,0.002125,88041.25,0.0,1.33750002,1.912500028,0.176450079,1.2390745669892047,0.2743813748796065
2022-03-11,261.1333372,259.8000039,282.4916709,0.003366667,88419.16667,0.300000004,2.45833337,-1.066666683,0.176803215,1.5739158387937022,0.4450662624045168
2022-03-12,266.1708373,220.1291699,281.4416709,0.001941667,89108.33333,0.0,-1.058333349,0.604166676,0.177170936,1.373521784146478,0.277941561956909
2022-03-13,265.725004,233.1625035,284.2541709,0.002,88637.91667,0.0,0.870833346,0.587500009,0.177519489,1.6164547041534414,0.2352781665459751
2022-03-14,266.4333373,239.0666702,286.2916709,0.002233333,88793.75,0.0,0.750000011,-0.512500008,0.177875732,1.712245179785418,0.2298055666763292
2022-03-15,268.8958373,248.8416704,286.6750043,0.002229167,89022.5,0.0,0.19166667,0.287500004,0.178232351,1.7589519889898633,0.2242290055401458
2022-03-16,261.1541706,260.4708372,288.8875043,0.002308333,88456.25,0.0,1.220833352,1.608333357,0.178426302,1.884193824053522,0.1997023872710573
2022-03-17,271.287504,254.8666705,288.354171,0.003041667,88336.66667,0.0,2.637500039,-2.158333365,0.178642424,1.933283238311541,0.2720322480805939
2022-03-18,270.9333374,250.1833371,284.6791709,0.0022125,88628.33333,0.0,0.112500002,-0.137500002,0.178830574,1.5359665961954727,0.2529417197775582
2022-03-19,266.3416706,236.2000035,285.9125043,0.001558333,88678.33333,0.0,0.683333344,1.14583335,0.179032073,1.3013750733488187,0.1642070102556666
2022-03-20,177.8291693,275.2916708,288.316671,0.002079167,88120.83333,0.0,1.945833362,2.966666711,0.179234207,1.2749740638791502,0.1859488844947611
2022-03-21,239.9583369,297.6958378,282.4083375,0.005125,88034.16667,2.70000004,3.562500053,-0.91666668,0.179436345,4.619777892759895,0.6784037778556744
2022-03-22,280.3875042,239.9541702,282.2875042,0.00305,88396.66667,0.0,0.791666678,-1.100000016,0.17963848,4.805138702218287,0.4087484633709913
2022-03-23,283.3916709,235.3208368,284.9083376,0.002470833,88765.0,0.0,-0.304166671,-1.404166688,0.179840617,4.199265821466819,0.2786112318189593
2022-03-24,286.2416709,237.4291702,284.7708376,0.001983333,88847.91667,0.0,0.137500002,0.858333346,0.180028129,3.983937722891553,0.2259152561690612
2022-03-25,279.8958375,260.2208372,289.179171,0.002316667,88733.75,0.0,0.295833338,0.775000012,0.18024425,3.9071163434595015,0.1972996016881623
2022-03-26,270.3458374,277.0875041,290.841671,0.002316667,88593.33333,0.0,-0.100000001,1.862500028,0.180432401,3.25528922629651,0.1770750526647493
2022-03-27,272.8291707,270.2541707,291.0708377,0.001908333,88409.58333,0.0,0.158333336,2.154166699,0.180633899,2.8481291560096027,0.1434544963384886
2022-03-28,180.2375027,300.0333378,290.9583377,0.002191667,88402.5,0.0,0.666666677,1.858333361,0.180836037,1.911254495916018,0.1659230853027689
2022-03-29,208.5416698,327.3041715,286.2666709,0.005133333,88047.5,4.800000072,2.300000034,3.395833384,0.181038172,21.253466382467494,0.5246359926135864
2022-03-30,269.9041707,288.9875043,282.3333375,0.005875,88303.33333,1.200000018,1.237500018,-0.637500009,0.181240309,17.834596295383484,0.7840577684564642
2022-03-31,284.0333376,278.4000041,285.4000043,0.005195833,88178.75,0.0,0.945833347,0.950000014,0.181442444,13.791409974605273,0.5632540459703634
2022-04-01,290.8458377,281.2541709,288.1000043,0.004116667,88058.33333,0.0,0.487500007,1.220833352,0.181629955,11.399891961399224,0.3731300787266846
2022-04-02,292.879171,283.9791709,290.8250043,0.003691667,88502.91667,0.0,0.44583334,1.187500018,0.181831457,9.104659125791503,0.2821849117588343
2022-04-03,183.8916694,296.7125044,290.8375043,0.0032625,88347.08333,0.0,0.816666679,1.929166695,0.182033592,4.38645630313639,0.2487429020592925
2022-04-04,286.1708376,306.0000046,289.866671,0.004445833,87996.66667,0.0,1.016666682,0.616666676,0.182235729,6.317443953496302,0.3592365458658937
2022-04-05,296.4875044,288.729171,290.9375043,0.004825,88264.58333,0.0,2.116666698,-0.841666679,0.182437864,4.616100953749201,0.365196977085071
2022-04-06,300.0791711,289.941671,293.1375044,0.004754167,88484.16667,0.0,1.158333351,-0.679166677,0.182639998,4.674424536682233,0.3139851523451626
2022-04-07,311.0250046,257.1458372,292.2750044,0.002470833,88896.25,0.0,1.354166687,-0.270833337,0.182827513,3.8604709738182,0.1730622371415158
2022-04-08,312.320838,253.8791704,291.279171,0.001616667,88785.83333,0.0,-1.191666684,0.370833339,0.183043635,3.512139891005247,0.120442122332308
2022-04-09,310.2500046,265.9791706,293.7125044,0.002125,88441.66667,0.0,1.645833358,1.854166694,0.183231785,3.5094442061500395,0.1353324240153062
2022-04-10,308.3375046,275.5416708,294.6458377,0.004033333,88066.25,0.0,2.491666704,2.854166709,0.183447907,3.501961111640816,0.241386761030365
2022-04-11,306.0000046,277.8416708,293.4125044,0.0053,88037.91667,0.0,3.879166724,4.05000006,0.183636054,3.407068792005357,0.3423365151532408
2022-04-12,304.3916712,282.9583375,292.0750044,0.004891667,87893.33333,0.0,4.316666731,4.054166727,0.183837556,3.321990723050198,0.3430534329314005
2022-04-13,317.0916714,244.933337,285.5416709,0.00195,88372.91667,0.0,2.525000038,-1.854166694,0.18403526,2.4693135710294345,0.2098697195449557
2022-04-14,318.0208381,235.7458368,286.1875043,0.000983333,88428.75,0.0,0.67500001,-0.312500005,0.184234929,2.339576082003293,0.1014628386148949
2022-04-15,303.4958379,254.9625038,289.954171,0.001716667,88282.91667,0.0,1.512500023,1.041666682,0.184440175,2.4699467259159125,0.1383840801867172
2022-04-16,288.579171,296.5083378,292.8375044,0.002004167,88506.66667,0.0,2.050000031,1.570833357,0.184481394,2.9988079535496794,0.1349078262853023
2022-04-17,324.7041715,260.7000039,292.279171,0.002225,88742.5,0.0,0.983333348,0.179166669,0.184537484,2.6919917396813418,0.1555332389939757
2022-04-18,324.3916715,263.1541706,292.9583377,0.001879167,88539.58333,0.0,0.595833342,0.545833341,0.184582071,2.717271206485184,0.1255861903168952
2022-04-19,278.6666708,299.9958378,296.4083378,0.002229167,88384.58333,0.0,1.850000028,-0.308333338,0.184626739,2.827583555251606,0.1201619498186902
2022-04-20,312.9750047,312.445838,296.0708377,0.00275,88252.5,0.0,3.404166717,1.641666691,0.1846714,3.9043778933531783,0.1510972298385322
2022-04-21,318.0500047,296.4750044,294.129171,0.003120833,88450.0,0.0,1.675000025,2.02500003,0.184701431,3.646589100890664,0.1936893975335054
2022-04-22,319.3125048,289.1208376,295.1208377,0.003833333,88263.33333,0.0,2.787500042,4.558333401,0.184760082,4.214969446780809,0.2232898655654547
2022-04-23,322.7708381,276.4750041,288.941671,0.0039,88322.5,0.0,1.516666689,-0.258333337,0.184805377,3.2237979218343145,0.3357153423431173
2022-04-24,329.8583382,257.6833372,288.3833376,0.002766667,88281.66667,0.0,1.070833349,-1.59166669,0.184835424,3.2321162994426484,0.246815566389806
2022-04-25,335.2708383,248.0750037,290.0333377,0.002033333,88547.5,0.0,-0.212500003,-0.212500003,0.184879403,2.9516138849572227,0.163570163029035
2022-04-26,321.5208381,288.6208376,295.4291711,0.003683333,88526.25,0.0,-0.512500008,2.070833364,0.184924075,3.8659329757424894,0.2111486900004153
2022-04-27,325.5875049,286.7833376,295.7166711,0.003054167,88336.66667,0.0,2.020833363,3.029166712,0.184983371,4.414237631930283,0.17165109104533
2022-04-28,327.0875049,286.4208376,293.4583377,0.003354167,88282.5,0.0,1.687500025,3.000000045,0.185014042,4.4870353178570745,0.2166331305495925
2022-04-29,340.2250051,262.2541706,291.604171,0.002695833,88218.75,0.0,1.31250002,-0.104166668,0.185058029,3.834991484792065,0.1954889749775464
2022-04-30,333.712505,266.325004,291.6583377,0.0027875,88270.0,0.0,0.491666674,0.408333339,0.185102707,3.681412033947292,0.2015615299869022
2022-05-01,336.662505,277.5000041,293.8333377,0.002533333,88010.0,0.0,1.354166687,1.279166686,0.185147335,4.399157349199503,0.1593472150153418
2022-05-02,337.7208384,280.2083375,295.1583377,0.003825,88213.75,0.0,2.504166704,1.741666693,0.185191943,4.841800150122806,0.2221657152259635
2022-05-03,304.7000045,308.6583379,294.8750044,0.004625,88235.0,0.0,1.479166689,2.425000036,0.185236614,4.817014372508417,0.2734299379378097
2022-05-04,336.6208383,302.3375045,293.2625044,0.004108333,88222.08333,0.0,1.741666693,0.454166673,0.185281582,5.106763014364873,0.268422227953489
2022-05-05,345.0041718,270.6958374,292.554171,0.002683333,88513.33333,0.0,1.329166686,0.266666671,0.185324399,4.641012217641474,0.1838793800028333
2022-05-06,344.2791718,279.1291708,294.3333377,0.002475,88567.08333,0.0,0.495833341,0.0125,0.185362802,4.520040837171951,0.1518750917486729
2022-05-07,344.8125051,283.3000042,296.6625044,0.002625,88351.66667,0.0,2.00000003,1.400000021,0.185410282,5.235706852261571,0.1392733219022941
2022-05-08,342.0250051,287.1125043,297.5458378,0.003091667,88064.16667,0.0,2.320833368,3.675000055,0.185456393,5.8288026224656,0.1549706203564194
2022-05-09,342.5833384,283.4250042,295.9333377,0.003441667,88075.0,0.0,3.112500046,3.258333382,0.185496016,6.13286853033691,0.1903140494882951
2022-05-10,335.7708383,298.8833378,295.5833377,0.003933333,88366.25,0.0,1.82083336,3.008333378,0.185534062,5.995068043167178,0.2229520417607616
2022-05-11,328.9541716,304.9791712,295.2541711,0.003654167,88414.58333,0.0,2.087500031,3.262500049,0.185578619,6.085183934287911,0.2114755483905785
2022-05-12,353.0625053,288.5125043,293.8250044,0.002325,88645.83333,0.0,0.550000008,-1.300000019,0.18563786,5.569785511984276,0.1473759408309672
2022-05-13,359.9250054,241.2500036,292.0458377,0.001308333,88588.75,0.0,0.304166671,-0.908333347,0.185679473,4.520591262913155,0.0926498567262859
2022-05-14,356.8208387,259.8625039,295.0375044,0.001608333,88569.16667,0.0,0.270833337,-0.212500003,0.185713465,4.409569727987606,0.0944931252028333
2022-05-15,341.8125051,283.6333376,297.6416711,0.0018375,88446.66667,0.0,0.450000007,1.308333353,0.18575886,4.75283624406915,0.0919711355189389
2022-05-16,350.4208386,293.079171,298.5208378,0.002233333,88337.5,0.0,1.512500023,1.950000029,0.185794818,5.189666223110563,0.105890676733149
2022-05-17,348.6666719,301.0958378,297.7500044,0.002754167,88390.0,0.0,1.487500022,1.56666669,0.185846665,5.531790188627635,0.1368660258321699
2022-05-18,351.7333386,294.3166711,297.5958378,0.004029167,88564.16667,0.0,1.279166686,1.358333354,0.185884515,5.4805666110804445,0.2024969522507596
2022-05-19,347.6583385,306.6083379,296.8250044,0.004154167,88372.08333,0.0,0.875000013,1.158333351,0.185921753,5.6654538502352665,0.2182885193774047
2022-05-20,347.7583385,297.8208378,296.8375044,0.003908333,87893.33333,0.0,3.054166712,2.708333374,0.185973604,6.137571152470929,0.2041030109488084
2022-05-21,346.7083385,307.7125046,296.1625044,0.004979167,88179.58333,0.0,1.900000028,2.308333368,0.186026102,6.0864894385505455,0.2718245268224541
2022-05-22,302.3875045,327.7541716,296.1791711,0.0048125,88550.0,0.0,0.658333343,1.462500022,0.186063923,5.30622432090482,0.2635609444632513
2022-05-23,348.8625052,303.7375045,296.1666711,0.0043375,88329.16667,0.0,1.254166685,1.695833359,0.186101174,5.828381765468605,0.2371357221251596
2022-05-24,350.6625052,301.4416712,295.7750044,0.004095833,88105.83333,0.0,2.48333337,0.304166671,0.186138444,5.93139414390359,0.2287741983915176
2022-05-25,353.8708386,294.4541711,295.5458377,0.00285,88275.83333,0.0,0.566666675,-0.462500007,0.186190307,5.375124468739859,0.1617523233106456
2022-05-26,350.3916719,310.1625046,298.1041711,0.003604167,88435.41667,0.0,0.47083334,0.42083334,0.186228161,5.293416797621218,0.1754137615940708
2022-05-27,348.5541719,323.8458382,300.5333378,0.005279167,88545.0,0.0,1.329166686,0.504166674,0.18628003,5.223756753682158,0.2225637766213747
2022-05-28,349.1125052,314.8041714,298.7333378,0.0030375,88268.33333,0.0,2.079166698,2.379166702,0.186317871,5.305217361565344,0.1420850085232315
2022-05-29,335.2333383,308.5750046,297.4500044,0.0027125,87482.5,22.90000034,2.71250004,2.900000043,0.1863551,212.6128494997872,0.13585165033016
2022-05-30,355.1083386,302.7416712,295.8208377,0.004416667,87811.66667,0.0,2.637500039,1.59166669,0.186406942,32.75297309212424,0.2451814296494006
2022-05-31,356.6875053,295.2708377,296.4916711,0.0047625,87970.83333,0.0,1.320833353,2.020833363,0.186444826,18.712190027040297,0.2542233911274773
2022-06-01,342.5875051,308.9500046,298.4625044,0.004458333,88151.66667,0.0,0.983333348,1.237500018,0.186482057,13.97065884745929,0.211681233144974
2022-06-02,341.8958384,316.9083381,298.6875045,0.003679167,88200.41667,0.0,1.079166683,1.037500015,0.186519274,11.118246556753116,0.1724406366804893
2022-06-03,340.7916717,318.5666714,299.5458378,0.004,88155.0,0.0,1.695833359,1.716666692,0.186571138,9.02926642802543,0.1780182385794503
2022-06-04,342.5458384,311.933338,299.6125045,0.004520833,88255.83333,0.0,2.320833368,1.370833354,0.186608535,8.091237433963963,0.2006302686567376
2022-06-05,341.7208384,315.1041714,298.6500045,0.004575,88197.5,0.0,1.970833363,1.37500002,0.186644174,7.979285523628777,0.2149031559428908
2022-06-06,338.2708384,325.4750048,299.8166711,0.0049,88195.0,0.0,1.495833356,1.245833352,0.186694388,7.841470264218091,0.2146858439534373
2022-06-07,338.800005,336.5083383,301.3708378,0.006691666,88214.58333,0.0,0.783333345,0.437500007,0.186745242,8.129457155707714,0.267534205365575
2022-06-08,329.8375049,349.5625052,302.0791712,0.007066666,88298.33333,0.0,0.362500005,-0.529166675,0.186781469,8.174749699750768,0.2713068301756863
2022-06-09,322.9208381,375.1500056,303.3416712,0.008870833,88363.33333,0.0,0.22916667,0.462500007,0.186817061,8.801967979731263,0.3167129682363323
2022-06-10,331.3375049,369.6333388,302.1333378,0.0094,88488.75,0.800000012,0.408333339,0.300000004,0.186867279,12.998432043391094,0.3605256943012477
2022-06-11,315.3541714,378.4666723,304.6208379,0.0086125,88465.41667,2.100000031,0.050000001,-1.400000021,0.186903506,20.6948577178689,0.2859920487541615
2022-06-12,325.8166715,374.2500056,303.5250045,0.007341666,88367.08333,0.0,1.245833352,-0.44583334,0.186953721,15.505583321112734,0.2593656472918854
2022-06-13,329.0375049,362.0708387,303.2875045,0.008054166,88219.58333,0.0,2.883333376,1.262500019,0.187004574,11.54827355855598,0.2879889604962432
2022-06-14,338.7541717,351.9166719,301.9083378,0.007795833,88252.08333,0.0,3.045833379,1.437500021,0.187040802,10.93512413701913,0.3021455243672202
2022-06-15,342.7833384,335.775005,301.2083378,0.006329167,88272.5,0.0,1.037500015,1.008333348,0.187076393,10.072354458429729,0.2556361219905276
2022-06-16,338.5083384,346.5750052,302.4333378,0.004275,88328.33333,0.0,0.095833335,0.725000011,0.187167306,8.68720971314672,0.1608275233274828
2022-06-17,255.7750038,385.4750057,304.1708379,0.0082375,88335.41667,0.100000001,1.162500017,2.045833364,0.187246002,6.672682636681274,0.2802826380277776
2022-06-18,225.29167,406.8541727,300.4541711,0.011241666,88471.66667,0.0,-0.300000004,2.841666709,0.187324065,7.905967884547341,0.4757642300588583
2022-06-19,288.704171,379.870839,298.5625044,0.0138875,88535.83333,2.800000042,-0.19166667,1.295833353,0.187402125,21.481162753947565,0.6582893919249868
2022-06-20,282.7708375,376.4875056,297.5375044,0.0132875,88599.58333,10.90000016,-0.008333333,0.737500011,0.187494808,85.27596092501271,0.6704264612642357
2022-06-21,184.6041694,386.8125058,298.3458378,0.01195,88665.0,13.6000002,1.12083335,0.887500013,0.187573503,84.31159323555337,0.5747008762178711
2022-06-22,313.170838,385.3333391,295.3375044,0.014145833,88815.0,2.200000033,0.375000006,0.954166681,0.187651563,94.97428273159906,0.8181574890401935
2022-06-23,303.9250045,397.2041726,299.5958378,0.012895833,88550.83333,4.00000006,-0.629166676,1.050000016,0.187744246,96.76480749075353,0.5747874655772498
2022-06-24,317.3833381,387.0208391,298.9125045,0.012945833,88553.75,0.100000001,-0.237500004,1.354166687,0.187822945,59.93007002833906,0.6010445560528611
2022-06-25,282.1041709,393.4750059,297.9375044,0.013254166,88618.75,2.800000042,0.45833334,1.091666683,0.187901005,55.0459420091443,0.6529345374899662
2022-06-26,253.9083371,400.2208393,298.1416711,0.013545833,88875.83333,0.70000001,0.0,0.291666671,0.187993688,37.4576040471554,0.6610615617960154
2022-06-27,267.0416706,402.8333393,296.8750044,0.014270833,89076.66667,4.200000063,-0.20416667,1.141666684,0.188072383,57.3664394645859,0.7535734469126999
2022-06-28,277.3125041,392.4541725,298.2666711,0.014720833,89013.33333,6.500000097,-0.42083334,1.333333353,0.188150443,82.95798419055028,0.7141266312202174
2022-06-29,273.5708374,385.3583391,299.9291711,0.014270833,88910.41667,0.70000001,-0.745833344,1.870833361,0.188228503,57.94125315888991,0.6261296798577363
2022-06-30,273.0166707,394.4958392,297.4250044,0.0152125,88877.5,5.300000079,0.70000001,1.404166688,0.188321189,74.78355060003383,0.7752168510481517
2022-07-01,207.4833364,397.0958393,297.0583378,0.014579166,88765.41667,8.900000133,-0.008333333,2.058333364,0.188399885,87.35050750022651,0.7586732942765776
2022-07-02,263.9708373,389.9458391,297.5291711,0.0140375,88555.41667,0.200000003,0.287500004,0.841666679,0.188477944,69.37623166888632,0.7082716533124481
2022-07-03,242.808337,400.3583393,299.3000045,0.014679166,88459.16667,1.100000016,0.320833338,1.104166683,0.188570627,54.024188065884815,0.6652162856178316
2022-07-04,232.4166701,394.1041725,297.7250044,0.0154875,88513.33333,8.900000133,-0.212500003,2.020833363,0.1886347,88.15799196800272,0.7718760286252055
2022-07-05,299.1291711,375.2708389,299.1041711,0.01455,88570.41667,0.0,0.300000004,1.645833358,0.188726746,70.50534776823717,0.6679534279893842
2022-07-06,307.8250046,350.2958386,299.4958378,0.010391666,88591.66667,0.0,0.762500011,1.658333358,0.188805442,46.66637920220199,0.4661529375203444
2022-07-07,306.9041712,359.6333387,300.4291711,0.0085875,88614.58333,0.0,0.175000003,-0.125000002,0.188898128,31.36266611052303,0.364561450824283
2022-07-08,305.5541712,367.3208388,301.3083378,0.009758333,88734.16667,0.0,-0.195833336,0.095833335,0.188976824,24.97016493361143,0.3938809958114894
2022-07-09,298.8833378,388.6250058,301.8000045,0.013483333,88973.33333,1.800000027,-0.729166678,1.962500029,0.189054884,30.89791001935737,0.5301975619248382
2022-07-10,268.6333373,402.4791727,301.0625045,0.014279166,89035.83333,3.600000054,-0.050000001,1.225000018,0.189147566,46.45702152684163,0.5867358635882463
2022-07-11,262.8625039,385.6666724,303.1750045,0.012633333,88627.08333,1.300000019,0.033333334,1.129166683,0.189226262,36.07424739508721,0.4567756400899802
2022-07-12,273.7000041,394.7583392,300.5166711,0.0151125,88588.75,10.30000015,-1.537500023,0.658333343,0.189304322,101.10767455314256,0.6380689132028902
2022-07-13,260.9000039,396.6625059,300.4666711,0.014308333,88645.0,0.0,-0.19166667,1.604166691,0.189397008,60.39830209397561,0.606288432477643
2022-07-14,270.2083374,400.8708393,302.3583378,0.013366666,88690.0,0.200000003,-1.016666682,1.308333353,0.189475704,44.98106841672309,0.5071300919750437
2022-07-15,293.7000044,400.6541726,302.3916712,0.014879166,88714.16667,0.600000009,-0.154166669,1.104166683,0.189553763,36.774304234908925,0.5635724682169525
2022-07-16,285.6291709,397.1958393,302.9541712,0.013504166,88583.75,1.000000015,0.112500002,0.562500008,0.18938008,32.15947381805405,0.4943096836230324
2022-07-17,296.4500044,396.2041726,302.6541712,0.013575,88449.58333,0.100000001,-0.345833338,0.379166672,0.189195451,26.023408940935923,0.5048696346615619
2022-07-18,284.4666709,400.1916726,303.4000045,0.0145375,88656.25,0.400000006,1.320833353,-0.695833344,0.189010821,20.949387606838528,0.5189953475373253
2022-07-19,290.0833377,397.3750059,301.9291712,0.015675,88674.58333,0.900000013,0.695833344,-0.529166675,0.188826192,23.27596373310456,0.6096862720541278
2022-07-20,253.2541704,401.3458393,302.0875045,0.014266666,88755.83333,0.0,1.662500025,-0.358333339,0.188641563,16.02777716022425,0.5503028165354124
2022-07-21,288.166671,403.362506,302.4625045,0.014729166,88704.16667,1.400000021,1.329166686,-0.104166668,0.188456934,24.665778600549423,0.5555316451669298
2022-07-22,264.2958373,402.9708393,304.2166712,0.014891666,88477.91667,4.600000069,0.595833342,-0.029166667,0.188257682,44.41772392726665,0.5061743282080579
2022-07-23,281.1041709,409.0541728,299.8666711,0.0161625,88581.66667,5.500000082,0.112500002,0.983333348,0.188087044,74.80217626804448,0.7091303778627587
2022-07-24,223.7958367,400.9666726,299.0208378,0.016141666,88632.08333,32.20000048,1.800000027,1.366666687,0.18790305,108.55457040538764,0.7452398255280368
2022-07-25,262.0583372,383.3416724,297.1833378,0.0164875,88676.25,1.300000019,0.600000009,0.66250001,0.187722462,58.95865176256858,0.8506452032017578
2022-07-26,213.9583365,387.0666724,297.7791711,0.0166,88663.33333,7.200000107,0.266666671,-0.045833334,0.187541473,62.954511608149886,0.8260190316458543
2022-07-27,219.4666699,388.0375058,296.2333377,0.016266666,88738.33333,1.000000015,0.295833338,0.300000004,0.187345862,55.00717050212143,0.8898052140865835
2022-07-28,243.133337,391.8083392,297.0000044,0.015983333,88621.66667,15.70000023,0.308333338,0.329166672,0.187149589,98.42981868111865,0.8333413443461782
2022-07-29,116.3333351,398.8500059,296.1166711,0.0160625,88620.0,12.30000018,-0.020833334,1.333333353,0.186967992,48.93728036689021,0.8837410292829203
2022-07-30,254.4916705,376.6125056,297.5833378,0.017220833,88673.75,1.300000019,-0.200000003,-0.062500001,0.186787015,70.64358387908993,0.8672063066126819
2022-07-31,257.2375038,393.3500059,297.7666711,0.016625,88872.91667,9.300000139,0.683333344,-0.24166667,0.186606026,106.25156043368293,0.8298441788008641
2022-08-01,282.7958375,391.4750058,297.9000044,0.015766666,88876.25,0.800000012,-0.104166668,-0.166666669,0.186425053,75.14339881838615,0.7807262254247523
2022-08-02,269.6416707,391.3875058,299.7500045,0.0165875,88720.83333,0.100000001,0.183333336,0.129166669,0.186229441,51.35304256664857,0.7339901301736177
2022-08-03,281.0083375,390.0000058,299.2666711,0.016170833,88608.33333,0.600000009,0.466666674,-1.187500018,0.186047819,44.96074683028654,0.7355107901543959
2022-08-04,298.6583378,400.8291726,297.4958378,0.014766666,88645.0,26.6000004,-0.258333337,0.329166672,0.185866823,130.10941149627934,0.7473204742227989
2022-08-05,286.0125043,386.2333391,299.1916711,0.015545833,88677.08333,0.0,-0.19166667,0.570833342,0.185685794,59.06128924010866,0.7108059072687847
2022-08-06,294.2666711,393.1000059,299.9750045,0.015420833,88587.08333,0.0,0.066666668,-0.283333338,0.185504789,46.55435407835385,0.6722941964917002
2022-08-07,297.0125044,392.5166725,298.0791711,0.014654166,88685.41667,5.700000085,-0.108333335,0.379166672,0.185309172,71.91845974775364,0.716307263396745
2022-08-08,273.7375041,398.5583393,296.3791711,0.014708333,88809.58333,11.30000017,0.408333339,1.083333349,0.185127555,123.65815340913797,0.7980747595531934
2022-08-09,245.4041703,393.1666725,295.5333377,0.015825,88828.75,4.200000063,1.025000015,0.375000006,0.184946545,82.22904787600508,0.90447038494945
2022-08-10,286.8375043,394.9666726,296.2833377,0.0153875,88941.66667,17.40000026,-0.179166669,1.487500022,0.184750955,128.1076437075962,0.8410714305922276
2022-08-11,261.2083372,403.9541727,296.3291711,0.0153875,88949.16667,12.20000018,0.608333342,1.075000016,0.184569346,120.08614323929646,0.8387930752031146
2022-08-12,267.4541707,391.0333392,296.5541711,0.015433333,88866.25,0.100000001,0.554166675,1.287500019,0.184373723,69.09599029992152,0.8290577836376475
2022-08-13,214.8166699,389.4541725,297.5000044,0.01595,88839.58333,1.200000018,0.854166679,0.137500002,0.184192084,43.752770451311406,0.8087754709717393
2022-08-14,163.5625024,388.1375058,295.7333377,0.014958333,88835.41667,4.100000061,0.329166672,0.441666673,0.184011128,38.369450922380544,0.8445754229432915
2022-08-15,237.9041702,388.5041725,297.6125044,0.015304166,88531.66667,0.100000001,0.075000001,0.841666679,0.183830166,47.88136574857342,0.768097209808196
2022-08-16,262.7041706,383.8750057,297.3541711,0.015491666,88431.66667,1.100000016,-0.083333335,0.616666676,0.183789869,46.60531746691714,0.7888570800047265
2022-08-17,241.6583369,400.162506,296.8875044,0.015033333,88558.33333,5.500000082,-0.437500007,0.166666669,0.183755705,64.30038072561739,0.7886189553497314
2022-08-18,130.4958353,397.4208393,297.4416711,0.015820833,88571.66667,3.100000046,-1.220833352,0.550000008,0.183721591,33.30859380965174,0.8026331022416797
2022-08-19,105.2500016,395.9958392,294.9791711,0.016804166,88406.25,14.60000022,-0.45833334,0.658333343,0.183672813,40.759252752614536,0.9890156187301412
2022-08-20,104.7291682,394.8708392,294.2125044,0.0164,88411.66667,25.60000038,-0.666666677,0.591666675,0.183638009,41.12644098846606,1.0121516222966758
2022-08-21,214.7416699,398.4166726,294.4541711,0.015825,88742.5,8.800000131,0.44583334,0.312500005,0.183618482,93.08759854770273,0.9657490626638504
2022-08-22,236.0958369,391.9916725,295.2208377,0.016179166,88762.91667,15.30000023,0.008333333,1.437500021,0.183570392,100.25080211073546,0.941946602852092
2022-08-23,256.2875038,390.0333391,295.0083377,0.0151625,88531.66667,5.40000008,-0.183333336,0.87916668,0.183535633,109.23866297981468,0.8920553798230638
2022-08-24,241.1166703,387.2541724,295.1166711,0.015225,88565.83333,6.500000097,-0.416666673,-0.104166668,0.183501491,98.84330139016036,0.8901169994609649
2022-08-25,245.6250037,384.0625057,296.0625044,0.016008333,88727.91667,4.600000069,-0.554166675,0.725000011,0.183467355,87.86075946595275,0.884757884680832
2022-08-26,271.4083374,380.4541723,298.1041711,0.0164375,88684.16667,0.0,0.095833335,0.475000007,0.18343314,70.42847324588158,0.80225860634823
2022-08-27,239.8250036,390.1791725,298.9166711,0.016208333,88454.58333,0.200000003,-0.041666667,0.42083334,0.183398998,49.9381335597564,0.7514847464363893
2022-08-28,232.8750035,372.6333389,296.9041711,0.015891666,88331.25,0.0,-0.095833335,0.554166675,0.183364907,35.42878254519357,0.830666337142665
2022-08-29,274.1083374,368.8708388,297.9125044,0.015295833,88404.16667,0.0,0.91666668,-0.066666668,0.183316135,34.76469217761354,0.7528211775038356
2022-08-30,270.9583374,381.6625057,299.0083378,0.014483333,88578.33333,0.0,-0.620833343,0.820833346,0.183295963,30.021754474462423,0.6687706670981836
2022-08-31,264.3958373,362.5250054,297.2875044,0.012254166,88750.0,0.0,-1.437500021,0.225000003,0.183262485,22.742964251481048,0.6287782981180091
2022-09-01,270.1666707,374.9083389,297.0583378,0.013225,88591.25,0.0,-0.941666681,0.929166681,0.183213731,21.404032283844817,0.6868546301550202
2022-09-02,267.6916707,369.5916722,296.7375044,0.014141666,88508.33333,0.0,-1.029166682,1.31250002,0.183178971,17.954648837022187,0.7482160398220916
2022-09-03,229.2416701,370.8958389,296.9666711,0.014866666,88736.25,0.400000006,-1.695833359,1.600000024,0.18314484,14.44169424668618,0.7776946589250642
2022-09-04,271.1333374,371.9875055,297.6125044,0.0134125,88800.0,0.0,-1.854166694,0.641666676,0.183110724,16.817445765293794,0.675197118706289
2022-09-05,278.1375041,349.6000052,297.2125044,0.010683333,88548.75,0.0,-1.629166691,1.383333354,0.183076566,15.2852940719637,0.5494242907011693
2022-09-06,273.6041707,353.0083386,297.1875044,0.008466666,88666.66667,0.0,-1.379166687,1.687500025,0.183042404,14.811681955237464,0.436666085161516
2022-09-07,260.9375039,350.8500052,296.3541711,0.009170833,88961.66667,0.0,-1.354166687,1.245833352,0.183008266,12.979928095986487,0.4992225795034789
2022-09-08,232.8000035,374.1000056,296.2125044,0.010075,88642.91667,0.0,-1.037500015,1.779166693,0.182974114,12.667460736888714,0.5512221942258223
2022-09-09,216.9833366,376.8000056,296.2708377,0.012266666,88134.16667,0.200000003,-1.333333353,2.820833375,0.182939996,12.070247378463542,0.6649082798263495
2022-09-10,260.7791706,371.5083389,295.9333377,0.013791666,88383.33333,0.100000001,-0.391666673,0.550000008,0.18289121,13.188328419295331,0.7653083618474797
2022-09-11,261.0625039,367.6541721,297.7166711,0.013183333,88720.83333,0.0,-1.070833349,1.508333356,0.1828711,12.843838112995185,0.658911106784722
2022-09-12,223.06667,390.3208391,296.4708378,0.013216666,88751.25,22.50000034,0.833333346,0.479166674,0.182822968,97.11796377367055,0.7126718097344229
2022-09-13,187.6916695,367.0750055,292.941671,0.013883333,88596.66667,3.000000045,0.066666668,0.579166675,0.182788163,48.45240859289747,0.9294018269705356
2022-09-14,258.2375038,352.0000052,294.1375044,0.0129375,88480.83333,0.0,0.387500006,1.279166686,0.182754071,53.5257380962874,0.8028093986046108
2022-09-15,261.5416706,342.1750051,294.8750044,0.011016666,88535.83333,0.0,0.558333342,1.525000023,0.182719919,40.7117035675528,0.6535257421783434
2022-09-16,261.8583372,326.3541715,295.4500044,0.009445833,88545.83333,0.0,0.770833345,1.937500029,0.182578569,29.20984153723592,0.54091360133204
2022-09-17,262.4958372,314.670838,295.5625044,0.0076125,88376.25,0.0,1.020833349,2.308333368,0.182447154,22.76022045499083,0.4320981878249294
2022-09-18,255.7208371,336.800005,296.7000044,0.0086,88269.58333,0.0,-0.220833337,1.700000025,0.182297322,18.82531542352429,0.4548230460934094
2022-09-19,247.7166704,355.6625053,297.3041711,0.012,88357.5,3.000000045,-0.67500001,0.466666674,0.182155767,29.78709101507865,0.6123951547157084
2022-09-20,216.1083366,380.4041723,296.7250044,0.0147875,88528.33333,3.100000046,0.183333336,0.929166681,0.182009763,35.729551771455,0.7831582173968434
2022-09-21,175.5041693,398.1958393,296.9375044,0.0155625,88612.91667,3.100000046,0.42083334,0.67500001,0.181863791,36.028185706889325,0.8144041655725839
2022-09-22,220.56667,376.2916723,295.1250044,0.014116666,88685.83333,2.900000043,0.183333336,0.104166668,0.181717757,44.245300296871086,0.8260133946658476
2022-09-23,218.7041699,378.1666723,296.8666711,0.013604166,88653.75,0.600000009,1.037500015,0.366666672,0.181586383,36.882012026632125,0.7153214156965803
2022-09-24,220.7875033,371.1375055,297.0666711,0.0130125,88773.75,0.0,0.770833345,-0.329166672,0.181426349,26.3538001759496,0.6768681278980018
2022-09-25,242.4416703,357.541672,297.0333378,0.0112125,88777.08333,0.0,0.325000005,0.712500011,0.181294294,21.439194949416265,0.5844406657595335
2022-09-26,235.6541702,347.5625052,296.9541711,0.010604166,88726.66667,0.100000001,-1.57916669,1.241666685,0.181148872,15.613332316696134,0.5550789392416572
2022-09-27,239.0333369,350.0083385,295.7333377,0.010779166,88810.83333,0.0,-1.012500015,1.029166682,0.181002792,12.958515950965886,0.6084434269766288
2022-09-28,224.1458367,341.7625051,296.2416711,0.009975,88903.33333,0.0,-1.508333356,0.958333348,0.180862788,9.935127415684187,0.5463803995195231
2022-09-29,137.062502,375.9625056,294.6125044,0.010791666,88938.75,0.0,-0.812500012,1.275000019,0.180717,6.176816704310758,0.6536034214585281
2022-09-30,185.8791694,361.1750054,294.1958377,0.010491666,88577.91667,1.200000018,0.245833337,1.104166683,0.180577677,10.37614408643933,0.6493981069371424
2022-10-01,229.5583368,346.0833385,291.8208377,0.0115125,88395.41667,4.100000061,-0.245833337,1.954166696,0.180423996,26.96175344568425,0.825119050962274
2022-10-02,235.4625035,337.3083384,292.879171,0.010404166,88549.58333,0.200000003,-0.44583334,1.916666695,0.180284236,20.2012270275196,0.6988546032200312
2022-10-03,237.5500035,329.5166716,294.1875044,0.009804166,88645.83333,0.0,0.320833338,0.816666679,0.180142763,15.677496705575276,0.6076235236616544
2022-10-04,162.6750024,336.9791717,291.8333377,0.0096875,88635.83333,7.800000116,-0.316666671,0.345833338,0.180003224,28.361459503962795,0.6956571361796959
2022-10-05,183.0916694,337.2958384,290.2125043,0.010775,88742.08333,0.200000003,0.608333342,1.066666683,0.179853106,27.526957680833124,0.8587820970606702
2022-10-06,194.1125029,340.7916717,289.5208376,0.010391666,88914.58333,4.900000073,0.083333335,1.320833353,0.179718343,43.10633083453303,0.8675025650057938
2022-10-07,221.69167,324.1250048,289.316671,0.009958333,89000.83333,0.0,-0.308333338,0.595833342,0.179559071,33.10428707238325,0.8431475337051627
2022-10-08,181.0625027,345.4958385,288.9500043,0.010070833,89055.0,3.400000051,0.770833345,0.237500004,0.179433693,35.28037863369136,0.8736248591965627
2022-10-09,204.0583364,328.2125049,288.416671,0.009120833,88982.08333,2.500000037,-0.366666672,0.591666675,0.179280685,37.07070103122563,0.8183561311161689
2022-10-10,203.850003,321.2875048,288.3000043,0.00975,88767.91667,0.400000006,-0.116666668,0.366666672,0.179131358,27.514365100184264,0.8793393896518343
2022-10-11,224.9625034,318.3125047,289.3333376,0.0091625,88664.16667,0.100000001,0.175000003,1.279166686,0.17898553,24.617554931086275,0.7720021173826315
2022-10-12,224.7500033,315.795838,291.116671,0.0089125,88828.33333,0.0,0.341666672,0.87916668,0.178854472,18.34151723651547,0.6711918538605782
2022-10-13,210.1000031,323.2250048,291.0125043,0.008154166,88783.75,0.0,0.133333335,0.812500012,0.178709423,13.86347742997804,0.6178519318173757
2022-10-14,199.9166696,330.5833383,290.9000043,0.0089375,88445.41667,0.0,-0.166666669,1.195833351,0.178563742,10.113029575458263,0.6794714759325086
2022-10-15,200.9291697,340.7708384,292.266671,0.010141666,88382.91667,1.200000018,0.112500002,2.183333366,0.178410346,12.338394408317722,0.7066119926657848
2022-10-16,193.8125029,333.975005,291.6000043,0.009779166,88411.25,0.100000001,0.304166671,0.170833336,0.17832416,10.79190023488484,0.7108734251469054
2022-10-17,213.4958365,296.9666711,287.3500043,0.0080375,88688.33333,0.0,-0.316666671,0.104166668,0.178255534,8.002033445180214,0.7705354488119595
2022-10-18,214.3708365,331.6916716,288.7583376,0.007916666,88831.66667,0.0,-0.966666681,0.404166673,0.178169361,7.399429976843831,0.6935793441521945
2022-10-19,208.2333364,297.3166711,289.4750043,0.0070625,89061.25,0.0,-1.341666687,1.245833352,0.178096824,4.742388901798325,0.5922989039454567
2022-10-20,213.9291699,303.5583379,289.7875043,0.0073875,88913.33333,0.0,-0.020833334,0.729166678,0.178010292,4.96212142327918,0.6062232196060645
2022-10-21,140.5708354,328.0208382,291.6958377,0.008308333,88576.25,0.0,0.925000014,1.470833355,0.177937744,2.9484681321168638,0.6014236935948536
2022-10-22,120.1958351,357.3875053,293.8208377,0.0105125,88242.08333,0.0,0.720833344,2.829166709,0.177851211,2.999850938611573,0.6634980335018341
2022-10-23,187.3125028,327.7500049,293.2250044,0.008795833,87907.08333,0.0,2.804166708,3.329166716,0.177778662,4.384568193454525,0.5739764882388
2022-10-24,214.8125032,286.0250043,286.5708376,0.005441667,88377.91667,1.600000024,2.48333337,-0.887500013,0.17769213,5.927875645542118,0.5471472135859686
2022-10-25,212.0291698,240.5958369,282.2125042,0.0037,88858.75,0.0,0.129166669,0.20416667,0.177619585,4.213415873297913,0.5010077928357989
2022-10-26,207.5333364,253.6583371,285.2916709,0.0043625,88505.0,0.0,0.583333342,1.175000018,0.177533049,3.49393143667363,0.4780998923401833
2022-10-27,205.8666697,260.5333372,288.141671,0.00445,88373.33333,0.0,1.400000021,0.500000007,0.177460504,3.4738886279783765,0.4036898788822955
2022-10-28,205.9375031,239.6958369,284.0250042,0.003179167,89015.41667,0.0,-0.475000007,1.000000015,0.177373944,2.657731981129552,0.3814143928227936
2022-10-29,202.512503,256.2625038,285.2083376,0.003729167,88923.33333,0.0,-0.550000008,0.929166681,0.177292607,2.759782270182062,0.4129074048598792
2022-10-30,196.0291696,256.0083371,285.1583376,0.003841667,88625.83333,0.0,0.200000003,0.870833346,0.177211542,2.403896695397823,0.4253552081734054
2022-10-31,201.6208363,256.9416705,286.1833376,0.004033333,88451.25,0.0,0.058333334,1.366666687,0.177143185,2.503059863922512,0.4163902441370082
2022-11-01,170.2125025,278.6083375,286.1166709,0.004033333,88564.16667,0.0,0.162500002,2.71250004,0.177051918,2.719859943634865,0.4187631582535536
2022-11-02,168.0291692,289.2333376,287.4833376,0.0052125,88644.16667,0.0,1.258333352,2.87916671,0.176974247,2.636817342507415,0.4951221038877324
2022-11-03,160.3333357,301.2791712,288.216671,0.006241667,88392.08333,0.0,2.116666698,2.400000036,0.176897215,2.38252796366458,0.5635885501637821
2022-11-04,187.4666695,267.1208373,279.4333375,0.004595833,88735.41667,1.400000021,1.058333349,-0.829166679,0.176830992,2.801468417422801,0.7528646979431851
2022-11-05,184.7166694,245.6000037,280.4083375,0.004075,88737.08333,0.0,0.195833336,0.070833334,0.176743784,2.7356750906032765,0.6237971444993085
2022-11-06,186.5916694,247.1791703,284.2833376,0.00405,88405.83333,0.0,-0.187500003,1.429166688,0.176663574,2.071440327898681,0.4742615622291951
2022-11-07,167.6333358,271.550004,286.8583376,0.004433333,88546.66667,0.0,-0.033333334,1.533333356,0.176588449,2.0276232259175933,0.438242854959828
2022-11-08,178.6791693,278.8875042,288.8250043,0.0046375,88596.25,0.0,0.366666672,2.829166709,0.176497427,2.448906426105274,0.4034701385940379
2022-11-09,162.6000024,292.3458377,288.5000043,0.005654167,88581.66667,0.0,1.420833355,3.470833385,0.176419759,2.1066491455969096,0.5023069375890878
2022-11-10,161.8375024,286.9208376,284.9333376,0.006566667,88539.16667,0.0,1.054166682,-0.500000007,0.176342728,1.3509631915408973,0.7373421475346061
2022-11-11,179.0375027,272.9625041,281.9583375,0.005425,88504.16667,0.0,0.320833338,-0.550000008,0.17625107,1.47661211186764,0.7444692625848516
2022-11-12,173.4708359,250.5750037,282.7208375,0.0043625,88555.0,0.0,0.054166667,0.175000003,0.176173402,1.1270940992287928,0.5686648814466294
2022-11-13,161.3125024,264.2791706,284.8541709,0.0049125,88332.5,0.0,1.150000017,2.187500033,0.176096371,1.164208694147455,0.5532323049535374
2022-11-14,177.170836,251.5291704,281.8750042,0.002854167,88470.41667,0.0,0.22916667,0.400000006,0.176019336,1.0981596630807289,0.3937644929089279
2022-11-15,163.4416691,251.8208371,279.8375042,0.0030875,88767.5,0.0,-0.100000001,0.24166667,0.175942304,0.9411590858523158,0.4919059518933574
2022-11-16,170.2750025,249.0875037,281.7041709,0.003795833,88870.41667,0.0,0.579166675,-0.550000008,0.175750641,0.851616163904834,0.5322357606651654
2022-11-17,173.2750026,233.4041701,282.0375042,0.003666667,89112.5,0.0,1.000000015,0.004166667,0.175539371,0.7021412185198622,0.5038983898334426
2022-11-18,164.2750024,243.208337,281.7083375,0.003795833,88557.91667,0.0,0.329166672,1.37500002,0.175342088,0.7551362021487213,0.5302128214837633
2022-11-19,166.2458358,243.5750036,281.6583375,0.003929167,88457.5,0.0,-0.316666671,0.862500013,0.175130815,0.6961497680694074,0.5500968970321735
2022-11-20,164.4958358,249.3291704,281.4958375,0.004529167,88924.16667,0.0,-0.083333335,0.183333336,0.174933532,0.6906299682665847,0.644589750423979
2022-11-21,168.7000025,233.2833368,279.7458375,0.004104167,89005.41667,0.0,-1.050000016,0.591666675,0.174736885,0.5780941600682922,0.6598327436061324
2022-11-22,163.6500024,238.6833369,282.0500042,0.004125,88870.83333,0.0,-0.104166668,0.47083334,0.174525615,0.5169056033806567,0.5648655587417657
2022-11-23,163.6583358,248.208337,282.3083375,0.004533333,88626.25,0.0,0.112500002,0.162500002,0.174328333,0.5891506012011212,0.6082517654029814
2022-11-24,164.2958358,223.3000033,280.8500042,0.003191667,88624.16667,0.0,-0.395833339,-1.220833352,0.174131686,0.5404832805187711,0.473281497091161
2022-11-25,160.9375024,226.3500034,280.3375042,0.003295833,89203.33333,0.0,-0.870833346,-0.033333334,0.173935035,0.4611659144000602,0.5096688821366377
2022-11-26,162.6458358,228.6666701,278.2541708,0.0030625,88961.25,0.0,0.029166667,0.587500009,0.173723765,0.4450717457644384,0.5463384759680701
2022-11-27,163.1666691,226.9833367,279.8458375,0.002283333,88676.25,0.0,-0.220833337,0.625000009,0.173526483,0.4291209497659075,0.3632000212233253
2022-11-28,114.883335,244.6166703,280.2708375,0.002625,88473.75,0.0,0.825000012,2.562500038,0.173329836,0.4928482763894403,0.4044758246865794
2022-11-29,156.2708357,256.0791705,285.9500043,0.003458333,88130.0,0.0,3.087500046,2.845833376,0.173118566,1.0186112132860097,0.3612651311610047
2022-11-30,146.2958355,252.8000038,282.1666709,0.003670833,88570.83333,0.0,0.095833335,1.658333358,0.172921283,0.4078976484535646,0.4970002030935602
2022-12-01,156.5208357,255.7916705,284.2166709,0.00395,88564.16667,0.0,0.812500012,2.48333337,0.17271001,0.5030315616009625,0.4654580217878937
2022-12-02,153.9833356,262.0375039,286.6291709,0.004220833,88725.0,0.0,1.429166688,1.587500024,0.172512727,0.4094120778058345,0.4244280349837165
2022-12-03,95.85000143,328.9583382,283.2125042,0.006458333,89075.41667,3.000000045,0.500000007,0.383333339,0.17231608,3.769736178786273,0.8190370342050544
2022-12-04,50.29583408,359.191672,284.4541709,0.0097125,89056.25,16.90000025,0.208333336,0.279166671,0.17210481,19.50567392808706,1.1326669759773311
2022-12-05,103.4666682,338.475005,287.3041709,0.010216666,88619.16667,1.100000016,0.045833334,0.695833344,0.171907527,20.11733397899589,0.9816245820744366
2022-12-06,114.620835,288.4625043,284.3750042,0.0076,88442.08333,0.0,0.42083334,1.225000018,0.171710877,10.66682269750993,0.884879383421195
2022-12-07,67.425001,302.3333378,283.6958376,0.006945833,88707.08333,0.0,0.658333343,1.237500018,0.171499607,4.723258549683893,0.8490377764475803
2022-12-08,152.7041689,264.4833373,280.7250042,0.005745833,89065.0,0.0,0.341666672,0.87916668,0.171302324,11.496700358270646,0.8636903066755581
2022-12-09,104.5833349,293.104171,281.2333375,0.005833333,88727.08333,0.0,0.279166671,0.275000004,0.171105677,7.329411926703351,0.8434362584195032
2022-12-10,156.129169,243.570837,279.6500042,0.004920833,88682.08333,0.0,0.20416667,0.695833344,0.170894407,6.265806596834183,0.7935355718108197
2022-12-11,153.2750023,233.3625035,280.9416709,0.004033333,88661.66667,0.0,0.504166674,1.316666686,0.170697125,5.155850597760445,0.5945707378011391
2022-12-12,59.63333422,283.2916709,280.9500042,0.003925,88031.66667,5.500000082,0.754166678,2.054166697,0.171266592,11.376421622589426,0.57415954945875
2022-12-13,152.4041689,270.6041707,276.1333374,0.004708333,88112.91667,4.100000061,0.208333336,0.441666673,0.224892145,19.25940791443308,0.9673987737606304
2022-12-14,154.7750023,219.1708366,274.5291708,0.003966667,88624.16667,0.0,-0.045833334,-0.87916668,0.232744509,6.778302524614908,0.9204667574818146
2022-12-15,147.0833355,220.6833366,274.5000041,0.003645833,88780.41667,0.0,-0.004166667,0.175000003,0.220331294,5.217782662558692,0.8493086882181328
2022-12-16,124.3083352,274.3583374,277.5000041,0.004154167,88675.0,0.0,0.345833338,-0.333333338,0.205762432,9.623005879524,0.7791735580976469
2022-12-17,153.7208356,210.4250031,275.6083374,0.0039,88702.91667,0.0,0.037500001,-0.145833336,0.192864143,3.278195567839309,0.8377199225739458
2022-12-18,50.23750075,301.3375045,279.0000042,0.005045833,88385.0,0.0,0.0125,0.295833338,0.184182367,2.2748784562494384,0.8486528041452683
2022-12-19,153.5000023,271.9541707,279.2333375,0.004558333,88799.16667,0.0,0.137500002,0.454166673,0.176853536,8.2374629225585,0.7577744779686465
2022-12-20,150.9958356,224.1625033,277.5666708,0.003804167,89263.33333,0.0,-0.045833334,0.541666675,0.172823147,2.964850835497852,0.7148718684524122
2022-12-21,156.4833357,228.1333367,278.1583375,0.003925,88830.41667,0.0,-0.154166669,0.775000012,0.17057994,2.959425153338374,0.7039173247148091
2022-12-22,154.2625023,222.3083366,279.1083375,0.003591667,88712.91667,0.0,-0.654166676,0.683333344,0.169184235,2.1808647976035185,0.6017365434190987
2022-12-23,153.329169,231.4333368,279.2958375,0.003233333,88817.5,0.0,-0.062500001,1.083333349,0.168350562,2.2656660044852326,0.5352741503984676
2022-12-24,151.5250023,239.6583369,279.5291708,0.00345,89082.08333,0.0,0.679166677,-0.42083334,0.167832873,2.0269925892113734,0.563586380660686
2022-12-25,147.7083355,242.6541703,280.4666708,0.0040625,89197.91667,0.0,0.275000004,-0.025,0.167477945,1.6621963011923238,0.6225934044637073
2022-12-26,153.354169,243.0666703,280.1041708,0.003841667,89055.41667,0.0,-0.041666667,1.283333352,0.167174515,1.3629699867345688,0.6027693653184863
2022-12-27,153.791669,245.508337,282.9750042,0.0040375,88926.66667,0.0,-0.112500002,2.158333365,0.166912411,1.2577279315390897,0.5194675324856186
2022-12-28,60.1250009,293.8833377,284.7458376,0.004120833,88298.33333,0.200000003,2.808333375,2.937500044,0.166649036,1.166577230056924,0.4672679350915769
2022-12-29,91.87916804,266.137504,280.4458375,0.005633333,88408.33333,0.0,-0.212500003,1.741666693,0.166399647,0.2763538806644251,0.8569223239928678
2022-12-30,141.3083354,293.629171,282.9500042,0.0065125,88564.16667,0.0,0.166666669,1.112500017,0.166150895,1.1867292134514358,0.8359033509277852
2022-12-31,146.8958355,268.8333373,281.0583375,0.0057125,88662.08333,0.0,0.20416667,1.058333349,0.166150895,0.815111754846347,0.8353635002389217
